Location Properties,,,,,,,,,,,,,,,,,,,
Location Name = AshCreek,,,,,,,,,,,,,,,,,,,
Location ID = 82862c1c-6906-4407-9675-91cd165864a7,,,,,,,,,,,,,,,,,,,
,,,,,,,,,,,,,,,,,,,
Report Properties,,,,,,,,,,,,,,,,,,,
Start Time = 2026-07-20 11:09:21,,,,,,,,,,,,,,,,,,,
Duration = 27.21:30:00,,,,,,,,,,,,,,,,,,,
Readings = 1340,,,,,,,,,,,,,,,,,,,
Time Offset = -04:00:00,,,,,,,,,,,,,,,,,,,
,,,,,,,,,,,,,,,,,,,
Instrument Properties,,,,,,,,,,,,,,,,,,,
Device Model = Aqua TROLL 600,,,,,,,,,,,,,,,,,,,
Device SN = 1335676,,,,,,,,,,,,,,,,,,,
Device Firmware = 2.50,,,,,,,,,,,,,,,,,,,
,,,,,,,,,,,,,,,,,,,
Log Properties,,,,,,,,,,,,,,,,,,,
Log Name = Log_0626ASHC_1335676,,,,,,,,,,,,,,,,,,,
Log Type = Linear,,,,,,,,,,,,,,,,,,,
Log File Number = 1,,,,,,,,,,,,,,,,,,,
Log ID = 0d6aae26-339d-4b4b-89fd-f98df703842c,,,,,,,,,,,,,,,,,,,
Log Wrapping Enabled = True,,,,,,,,,,,,,,,,,,,
Interval = 00:30:00,,,,,,,,,,,,,,,,,,,
,,,,,,,,,,,,,,,,,,,
,,,,,,,,,,,,,,,,,,,
Date Time,Actual Conductivity (µS/cm) (1333748),Specific Conductivity (µS/cm) (1333748),Salinity (PSU) (1333748),Resistivity (Ω⋅cm) (1333748),Density (g/cm³) (1333748),Total Dissolved Solids (ppt) (1333748),RDO Concentration (mg/L) (1330288),RDO Saturation (%Sat) (1330288),Oxygen Partial Pressure (Torr) (1330288),Chlorophyll-a Fluorescence (RFU) (1334952),pH (pH) (1310280),pH mV (mV) (1310280),ORP (mV) (1310280),Temperature (°C) (1335676),External Voltage (V) (1335676),Battery Capacity (%) (1335676),Barometric Pressure (mm Hg) (1335676),Pressure (psi) (1331252),Depth (ft) (1331252)
7/20/2026 11:09,28444.645,29766.893,18.674631,35.156002,1.0116894,19.34848,6.784599,86.510895,135.5996,0.014394975,7.6190763,-42.347908,105.84656,22.674341,0,76,768.98376,15.3439,35.608505
7/20/2026 11:39,30428.482,31638.408,19.975592,32.863945,1.0125839,20.564966,7.047913,91.08055,142.68423,0.018539295,7.6938143,-46.801567,123.09376,22.997787,0,76,768.98376,15.478305,35.883785
7/20/2026 12:09,37804.125,40766.516,26.38997,26.452139,1.0179046,26.498236,5.0397816,65.42036,102.78586,0.028932646,7.630336,-42.796135,149.2435,21.195433,0,75,768.98376,15.695004,36.189606
7/20/2026 12:39,38208.17,40756.758,26.398502,26.172411,1.0177715,26.491894,6.521104,85.47744,134.18715,0.023884352,7.7447443,-49.591064,178.12076,21.726091,0,75,768.98376,15.95825,36.791805
7/20/2026 13:09,38899.656,41053.37,26.626543,25.707169,1.0178031,26.68469,7.612735,100.87716,158.2279,0.14362685,7.8620768,-56.581497,177.31967,22.253332,0,75,768.98376,16.261856,37.478634
7/20/2026 13:39,38735.043,40759.87,26.41904,25.816416,1.0176067,26.493917,7.874962,104.50016,163.87141,0.39660722,7.8966045,-58.641434,170.92053,22.39911,0,75,768.98376,16.595608,38.242355
7/20/2026 14:09,38926.117,40955.31,26.559954,25.689693,1.0177114,26.62095,8.104809,107.651596,168.81139,0.6831125,7.920726,-60.06241,171.41167,22.405945,0,75,768.98376,16.97761,39.10228
7/20/2026 14:39,39819.26,41856.965,27.211763,25.113474,1.0181918,27.207027,8.212814,109.58852,171.83592,0.58403844,7.940255,-61.221123,164.97913,22.451176,0,75,768.98376,17.337574,39.901382
7/20/2026 15:09,40083.977,42087.652,27.380104,24.947624,1.0183038,27.356974,8.257738,110.407234,173.10349,0.5470971,7.9501815,-61.81717,177.69162,22.507475,0,75,768.98376,17.68053,40.673973
7/20/2026 15:39,40269.06,42235.38,27.488506,24.832962,1.0183706,27.452997,8.159135,109.265,171.29697,0.19376242,7.9439936,-61.46431,187.44293,22.5625,0,75,768.98376,17.956322,41.295494
7/20/2026 16:09,40349.863,42260.08,27.508299,24.783232,1.0183662,27.46905,8.157311,109.39186,171.47557,0.04931446,7.942691,-61.40232,192.07303,22.633436,0,75,768.98376,18.169712,41.77946
7/20/2026 16:39,40304.883,42214.76,27.475428,24.81089,1.018342,27.439594,7.999035,107.24493,168.1108,0.044182003,7.9286113,-60.572624,194.96265,22.63131,0,75,768.98376,18.305553,42.088673
7/20/2026 17:09,40478.664,42375.066,27.592205,24.704372,1.0184232,27.543795,7.7578545,104.12939,163.22006,0.044058684,7.901808,-58.99906,215.34744,22.656921,0,75,768.98376,18.342329,42.1684
7/20/2026 17:39,40502.477,42390.004,27.603338,24.689848,1.0184283,27.553503,7.5710363,101.64977,159.33018,0.042679276,7.9122915,-59.61895,193.92792,22.668709,0,75,768.98376,18.27441,42.014164
7/20/2026 18:09,40533.594,42295.25,27.538712,24.670895,1.0183381,27.491913,8.020068,107.92811,169.12831,0.040043432,7.924479,-60.367584,197.43744,22.819298,0,75,768.98376,18.076946,41.571354
7/20/2026 18:39,40617.297,42248.227,27.508793,24.620052,1.0182712,27.461348,7.9663873,107.49231,168.39981,0.047899745,7.912687,-59.70478,214.60358,22.978874,0,75,768.98376,17.844856,41.04792
7/20/2026 19:09,40673.074,42217.31,27.489098,24.58629,1.018227,27.441252,7.7162876,104.30214,163.37245,0.041083682,7.882496,-57.94525,209.01505,23.084908,0,75,768.98376,17.55439,40.39186
7/20/2026 19:39,40635.055,42035.98,27.362022,24.609293,1.0180833,27.323387,7.7587447,105.116264,164.59949,0.045263678,7.875226,-57.549477,210.51709,23.25514,0,75,768.98376,17.253036,39.714764
7/20/2026 20:09,40551.92,41793.113,27.190813,24.659744,1.017901,27.165525,7.4277897,100.87209,157.90149,0.0482872,7.8365736,-55.303574,212.96802,23.445108,0,75,768.98376,16.91585,38.95718
7/20/2026 20:39,40336,41478.074,26.965601,24.79175,1.0176991,26.960749,7.0673623,96.0452,150.31581,0.047087204,7.8011084,-53.229332,217.88898,23.55841,0,75,768.98376,16.592607,38.231857
7/20/2026 21:09,40064.625,41103.805,26.697886,24.959675,1.017464,26.717474,6.5149174,88.58559,138.6123,0.04684461,7.7387114,-49.562454,215.78137,23.676342,0,75,768.98376,16.273153,37.516205
7/20/2026 21:39,39677.637,40654.414,26.375122,25.203114,1.017202,26.425371,5.835928,79.2979,124.06517,0.042715047,7.6504474,-44.355392,170.62965,23.742077,0,75,768.98376,15.991472,36.88711
7/20/2026 22:09,38627.24,39498.613,25.545834,25.888468,1.0165478,25.674099,5.2927647,71.70576,112.166374,0.03892999,7.5903606,-40.81726,186.72768,23.844976,0,75,768.98376,15.721962,36.299294
7/20/2026 22:39,38115.223,39028.156,25.206997,26.236237,1.0163121,25.368301,4.7721114,64.44694,100.82422,0.040437803,7.523826,-36.873817,172.51793,23.775305,0,75,768.98376,15.521752,35.853127
7/20/2026 23:09,36345.242,37215.703,23.912762,27.513918,1.0153369,24.190208,4.524458,60.649944,94.88398,0.042141583,7.4791465,-34.23214,199.34479,23.775412,0,75,768.98376,15.410398,35.633434
7/20/2026 23:39,34305.824,35028.71,22.365438,29.149569,1.0141319,22.768663,4.2555027,56.685116,88.658394,0.040994458,7.43977,-31.91948,184.05739,23.919529,0,75,768.98376,15.360587,35.562016
7/21/2026 0:09,32369.863,33095.164,21.005203,30.892933,1.013127,21.511856,4.121196,54.404514,85.1016,0.03863055,7.390951,-29.025078,207.42241,23.852585,0,75,768.98376,15.462009,35.82819
7/21/2026 0:39,36256.22,37609.97,24.180466,27.581474,1.0157211,24.44648,3.0259182,40.14975,62.88482,0.05994533,7.361215,-27.198792,168.35037,23.115477,0,75,768.98376,15.61095,36.07595
7/21/2026 1:09,39792.49,41818.12,27.184042,25.130371,1.0181675,27.181778,6.512787,86.91,136.27287,0.0404353,7.796181,-52.742958,205.04776,22.463923,0,75,768.98376,15.84974,36.532192
7/21/2026 1:39,39317.367,41397.453,26.877733,25.434053,1.0179615,26.908344,6.2526817,83.14927,130.39651,0.039227437,7.755628,-50.3397,194.04712,22.369282,0,75,768.98376,16.094975,37.094753
7/21/2026 2:09,39438.375,41599.758,27.021307,25.356014,1.0180944,27.039843,6.8958483,91.63092,143.71875,0.040060032,7.837836,-55.160522,184.37686,22.27976,0,75,768.98376,16.392237,37.763565
7/21/2026 2:39,39581.902,41746.18,27.127201,25.26407,1.0181729,27.135017,7.0225596,93.38207,146.46393,0.04583031,7.85111,-55.942535,185.71678,22.285667,0,75,768.98376,16.707098,38.47321
7/21/2026 3:09,39727.9,41973.39,27.288973,25.171228,1.0183188,27.282705,7.1850085,95.48302,149.78033,0.048013926,7.8686585,-56.9582,178.13507,22.199059,0,75,768.98376,17.061129,39.269928
7/21/2026 3:39,39812.406,42139.79,27.406704,25.117798,1.0184324,27.390863,7.2851443,96.7219,151.74615,0.040941134,7.878121,-57.497025,184.78696,22.108374,0,75,768.98376,17.381313,39.990723
7/21/2026 4:09,39890.777,42285.977,27.51031,25.06845,1.0185307,27.485884,7.296486,96.80155,151.88928,0.039551154,7.8834767,-57.797432,188.0199,22.034403,0,75,768.98376,17.618456,40.524452
7/21/2026 4:39,39884.46,42352.184,27.555735,25.072422,1.0185881,27.52892,7.2601495,96.19728,150.96184,0.04153794,7.8828673,-57.74498,187.21881,21.949389,0,75,768.98376,17.83659,41.015644
7/21/2026 5:09,39873.71,42406.137,27.592525,25.07918,1.0186362,27.56399,7.1852055,95.09384,149.24844,0.043983836,7.8767085,-57.36828,194.4429,21.873383,0,75,768.98376,17.949326,41.269573
7/21/2026 5:39,39830.156,42392.05,27.58122,25.106606,1.0186378,27.554832,6.9180336,91.48986,143.60065,0.048995048,7.856943,-56.200027,190.1323,21.835949,0,75,768.98376,17.972206,41.32084
7/21/2026 6:09,39816.5,42363.348,27.560947,25.115215,1.0186179,27.536177,6.7308335,89.03029,139.73647,0.036603272,7.827749,-54.488182,225.81403,21.852402,0,75,768.98376,17.884619,41.123405
7/21/2026 6:39,39831.05,42355.97,27.556395,25.106041,1.0186074,27.53138,6.5533314,86.72159,136.10707,0.032749344,7.8034773,-53.067207,204.08932,21.878962,0,75,768.98376,17.72723,40.768177
7/21/2026 7:09,39746.703,42233.285,27.468784,25.159319,1.0185307,27.451635,6.1269174,81.093796,127.26657,0.031712133,7.742898,-49.51477,210.26913,21.91742,0,75,768.98376,17.502403,40.261406
7/21/2026 7:39,39702.984,42159.96,27.416687,25.187023,1.0184828,27.403975,5.687093,75.29232,118.15593,0.026702918,7.682678,-45.981407,209.63493,21.948824,0,75,768.98376,17.228542,39.64298
7/21/2026 8:09,39671.215,42040.47,27.333216,25.207193,1.0183926,27.326303,5.44316,72.15896,113.22037,0.023438074,7.6418514,-43.59722,196.66496,22.049397,0,75,768.98376,16.961094,39.041534
7/21/2026 8:39,39275.926,41603.254,27.018042,25.46089,1.0181482,27.042114,5.1630397,68.34678,107.23512,0.020627394,7.6026998,-41.298866,188.2917,22.071148,0,75,768.98376,16.662292,38.37321
7/21/2026 9:09,39000.805,41299.188,26.79915,25.640497,1.0179785,26.844473,4.953831,65.51186,102.78466,0.022624273,7.57168,-39.47735,184.38641,22.086283,0,75,768.98376,16.37165,37.720863
7/21/2026 9:39,38523.13,40767.496,26.417059,25.958431,1.017681,26.498873,4.6585283,61.50471,96.49273,0.02009632,7.5169463,-36.263466,185.51175,22.117653,0,75,768.98376,16.109095,37.137512
7/21/2026 10:09,37642.375,39803.56,25.725721,26.565805,1.0171477,25.872314,4.2190247,55.51839,87.09539,0.021985177,7.462939,-33.0925,171.39737,22.157269,0,75,768.98376,15.85623,36.58206
7/21/2026 10:39,36064.91,38142.875,24.538406,27.727783,1.0162526,24.792868,3.8766835,50.65384,79.46527,0.025060043,7.412193,-30.107498,149.55345,22.147724,0,75,768.98376,15.675506,36.203598
7/21/2026 11:09,34640.043,36651.246,23.478033,28.868324,1.0154568,23.823309,3.7019792,48.055725,75.39193,0.025888778,7.370868,-27.675629,160.55408,22.12701,0,75,768.98376,15.563886,35.978844
7/21/2026 11:39,33401.766,35337.414,22.549606,29.938538,1.0147544,22.96932,3.5251753,45.518684,71.4111,0.02944624,7.3369613,-25.68245,152.05685,22.13214,0,75,768.98376,15.547869,35.96571
7/21/2026 12:09,31766.426,33557.16,21.300457,31.479776,1.0137919,21.812153,3.5874376,46.04974,72.235535,0.028524376,7.3216095,-24.785995,144.25102,22.206089,0,75,768.98376,15.605115,36.12945
7/21/2026 12:39,35130.39,37138.08,23.82427,28.465382,1.0157071,24.139751,3.9038503,50.817707,79.71951,0.03418673,7.395694,-29.139519,162.51389,22.169628,0,75,768.98376,15.743974,36.378456
7/21/2026 13:09,37737.95,40007.758,25.868845,26.498526,1.01729,26.005043,5.259886,69.11282,108.44432,0.03046079,7.6012573,-41.208267,183.3183,22.029621,0,75,768.98376,15.982749,36.8645
7/21/2026 13:39,37687.7,40003.32,25.864054,26.533857,1.0173025,26.00216,5.480309,71.928345,112.873116,0.043522116,7.6281776,-42.78183,179.68478,21.969334,0,75,768.98376,16.245636,37.460392
7/21/2026 14:09,38031.676,40399.523,26.147451,26.29387,1.0175269,26.259691,5.633784,74.014,116.15312,0.048610043,7.675583,-45.56179,190.27534,21.931376,0,75,768.98376,16.498377,38.02484
7/21/2026 14:39,38370.668,40742.117,26.394297,26.061573,1.0177081,26.482376,6.0872,80.116486,125.72569,0.7121637,7.735008,-49.057007,207.8468,21.952549,0,75,768.98376,16.843971,38.80155
7/21/2026 15:09,38597.188,40951.805,26.546213,25.908623,1.0178131,26.618673,6.1265683,80.76032,126.728485,1.473914,7.7667084,-50.92621,193.45108,21.989674,0,75,768.98376,17.16233,39.51834
7/21/2026 15:39,38715.434,41080.383,26.638695,25.829493,1.0178841,26.70225,6.512731,85.891014,134.78033,1.8237094,7.8218927,-54.1687,204.29913,21.985926,0,75,768.98376,17.50753,40.298836
7/21/2026 16:09,38764.617,41151.254,26.689116,25.79672,1.0179282,26.748316,6.3671336,83.96152,131.75732,1.5269276,7.8028126,-53.043365,206.60703,21.963524,0,75,768.98376,17.782064,40.918972
7/21/2026 16:39,38982.395,41427.246,26.886534,25.652605,1.0180919,26.92771,6.243495,82.34622,129.2336,1.1361445,7.793805,-52.50454,211.38016,21.910183,0,75,768.98376,18.050629,41.520275
7/21/2026 17:09,39099.2,41588.11,27.0013,25.575972,1.0181903,27.03227,5.8170652,76.712776,120.40091,1.5641702,7.7652025,-50.816536,156.82045,21.866667,0,75,768.98376,18.213516,41.886417
7/21/2026 17:39,39033.06,41528.72,26.958088,25.619308,1.0181613,26.993668,5.863745,77.29077,121.310585,0.9137744,7.749899,-49.915314,204.64246,21.853676,0,75,768.98376,18.378376,42.259964
7/21/2026 18:09,38503.484,40979.7,26.562016,25.971676,1.0178661,26.636805,5.5484724,72.94367,114.49085,0.6543182,7.725595,-48.484802,143.3498,21.836367,0,75,768.98376,18.37759,42.27138
7/21/2026 18:39,38812.164,41293.406,26.78845,25.765118,1.0180328,26.840714,5.428955,71.48948,112.20519,0.4582905,7.691453,-46.482086,218.40874,21.854025,0,75,768.98376,18.247112,41.96817
7/21/2026 19:09,38439.152,40858.38,26.476479,26.015142,1.0177844,26.557947,5.036964,66.26242,103.99349,0.38702267,7.646366,-43.84041,191.45312,21.899996,0,75,768.98376,18.078346,41.59635
7/21/2026 19:39,35527.816,37688.023,24.211018,28.14696,1.0160447,24.497215,4.353642,56.624485,88.85336,0.04369947,7.479548,-34.05094,169.49478,21.999052,0,75,768.98376,17.80911,41.055656
7/21/2026 20:09,6500.663,6842.892,3.8001368,153.83046,1.000562,4.4478803,5.9071517,68.73747,107.79344,0.026081216,7.398904,-29.349327,150.55005,22.381552,0,75,768.98376,17.58021,41.152752
7/21/2026 20:39,7898.635,8314.637,4.681864,126.60416,1.0012274,5.404514,5.751253,67.26422,105.48329,0.024634648,7.101529,-11.849403,147.7844,22.380499,0,75,768.98376,17.227932,40.314888
7/21/2026 21:09,6689.24,7041.038,3.9179742,149.4938,1.0006503,4.576675,5.769765,67.187805,105.362816,0.023612391,7.044078,-8.468628,145.69583,22.384089,0,75,768.98376,16.925865,39.640762
7/21/2026 21:39,5995.7715,6305.049,3.4818273,166.78421,1.0003098,4.098282,5.6093197,65.213974,102.25945,0.021181714,7.0233955,-7.252693,148.77621,22.431812,0,75,768.98376,16.637924,38.991
7/21/2026 22:09,2760.0273,2905.7783,1.5289718,362.31525,0.9988477,1.8887559,5.732633,65.82669,103.2301,0.029245336,6.936641,-2.3841858,135.75378,22.373877,0,75,768.98376,16.342579,38.36465
7/21/2026 22:39,1895.0381,1996.3767,1.0294195,527.6939,0.99847674,1.2976449,5.569873,63.734993,99.95505,0.029994618,6.8906894,0.13828278,154.22646,22.342342,0,75,768.98376,16.036364,37.67121
7/21/2026 23:09,1923.419,2028.1484,1.0466392,519.90753,0.99850047,1.3182964,5.251069,60.04035,94.16788,0.02701927,6.865144,1.540184,161.49345,22.29644,0,75,768.98376,15.753834,37.01811
7/21/2026 23:39,2527.1348,2669.058,1.3976924,395.70505,0.99878496,1.7348877,5.004649,57.251118,89.80503,0.031421695,6.8753915,0.9775162,136.75514,22.216042,0,75,768.98376,15.621388,36.701694
7/22/2026 0:09,2701.5466,2859.7808,1.503301,370.15833,0.99889106,1.8588575,4.834667,55.220955,86.636406,0.031137727,6.884514,0.47683716,140.88931,22.103094,0,75,768.98376,15.4203825,36.234447
7/22/2026 0:39,2967.6257,3145.347,1.6623783,336.96973,0.9990257,2.0444756,4.7653913,54.415928,85.381874,0.031037543,6.885469,0.42438507,155.76663,22.041733,0,75,768.98376,15.411369,36.207886
7/22/2026 1:09,2981.6655,3163.0605,1.672259,335.38303,0.9990434,2.0559893,4.611951,52.622143,82.57323,0.028364275,6.892252,0.052452087,163.81564,21.99749,0,75,768.98376,15.525451,36.47093
7/22/2026 1:39,17206.502,18292.252,10.963273,58.117565,1.0060782,11.889963,4.1155906,49.461853,77.627304,0.04351868,7.011771,-6.556511,155.9383,21.89237,0,75,768.98376,15.633642,36.46796
7/22/2026 2:09,38703.32,41300.69,26.789482,25.837576,1.0180725,26.845451,5.4252687,71.25142,111.85772,0.15647341,7.6114445,-41.7614,149.3055,21.707369,0,75,768.98376,15.821058,36.47023
7/22/2026 2:39,38038.004,40569.11,26.263828,26.289497,1.0176677,26.36992,6.025442,78.92902,123.90565,0.057193182,7.7137833,-47.774315,164.61673,21.73351,0,75,768.98376,16.0938,37.102875
7/22/2026 3:09,38299.797,40857.945,26.47116,26.109798,1.0178276,26.557665,6.3346066,83.06183,130.39586,0.15422094,7.769444,-51.04065,162.23732,21.721947,0,75,768.98376,16.397049,37.7832
7/22/2026 3:39,38529.215,41142.582,26.674646,25.95433,1.0179943,26.74268,6.4706554,84.872955,133.24916,0.04964898,7.790215,-52.251816,160.70667,21.674356,0,75,768.98376,16.705996,38.478085
7/22/2026 4:09,38748.215,41385.113,26.84905,25.80764,1.0181291,26.900324,6.4577007,84.77346,133.09511,0.06781214,7.7912207,-52.309036,165.93758,21.664078,0,75,768.98376,16.980036,39.09402
7/22/2026 4:39,38768.28,41415.41,26.870577,25.794283,1.0181483,26.920017,6.365171,83.55333,131.18169,0.06730539,7.782155,-51.77498,163.4008,21.653584,0,75,768.98376,17.275707,39.76254
7/22/2026 5:09,38936.78,41614.26,27.013287,25.682657,1.018262,27.04927,6.316164,82.94553,130.23201,0.14883879,7.779784,-51.631927,165.95187,21.631392,0,75,768.98376,17.497097,40.26092
7/22/2026 5:39,39010.703,41716.516,27.086239,25.633991,1.0183247,27.115736,6.271787,82.357,129.3135,0.36958194,7.779216,-51.59378,185.8789,21.60409,0,75,768.98376,17.637314,40.574894
7/22/2026 6:09,39095.832,41813.906,27.156294,25.578175,1.0183798,27.179039,6.14139,80.66686,126.66124,0.04719761,7.765345,-50.77839,173.24272,21.596647,0,75,768.98376,17.735016,40.7949
7/22/2026 6:39,39134.418,41862.44,27.191067,25.552954,1.0184083,27.210587,5.9077387,77.6016,121.84985,0.040766492,7.7527766,-50.03929,194.19019,21.58815,0,75,768.98376,17.74721,40.821953
7/22/2026 7:09,39086.305,41800.57,27.146782,25.58441,1.0183716,27.17037,5.9159827,77.70697,122.012985,0.035125047,7.748598,-49.796104,206.71191,21.600328,0,75,768.98376,17.694748,40.703663
7/22/2026 7:39,38838.953,41513.383,26.940422,25.747347,1.0182081,26.983698,5.5260944,72.53352,113.88499,0.031584084,7.696774,-46.75865,185.4116,21.62705,0,75,768.98376,17.52502,40.325947
7/22/2026 8:09,38188.234,40779.523,26.41336,26.186075,1.0177969,26.506691,5.1608768,67.588455,106.11298,0.025803324,7.636219,-43.210983,180.87212,21.673096,0,75,768.98376,17.337852,39.91709
7/22/2026 8:39,36235.082,38617.293,24.867256,27.597565,1.0166012,25.101242,5.248119,68.23467,107.11101,0.030921549,7.6086946,-41.60881,183.79514,21.77028,0,75,768.98376,17.09661,39.41657
7/22/2026 9:09,33821.582,35900.906,22.943634,29.56692,1.0150952,23.335588,4.907981,63.329,99.37892,0.023610894,7.4987593,-35.176277,164.3974,21.967623,0,75,768.98376,16.836834,38.883427
7/22/2026 9:39,32869.59,34869.87,22.21746,30.423258,1.014539,22.665417,4.6567726,59.865993,93.940216,0.023530226,7.448478,-32.224655,155.6665,21.996641,0,75,768.98376,16.593287,38.351467
7/22/2026 10:09,27624.28,29175.264,18.260303,36.20004,1.0114961,18.96392,4.4983244,56.743057,89.007996,0.028715674,7.3349714,-25.572777,146.53506,22.216703,0,75,768.98376,16.336718,37.879723
7/22/2026 10:39,21401.344,22455.396,13.713055,46.726036,1.0079875,14.596007,4.7390556,58.57592,91.83374,0.02893405,7.239174,-19.960403,153.92606,22.542418,0,75,768.98376,16.095428,37.457935
7/22/2026 11:09,20052.443,20866.92,12.661879,49.869236,1.0070913,13.563498,4.9560895,61.354927,96.123665,0.025149211,7.2099905,-18.267632,152.30481,22.956442,0,75,768.98376,15.869328,36.97186
7/22/2026 11:39,18633.219,19207.398,11.572338,53.66759,1.0061493,12.484809,5.2296324,64.904945,101.601654,0.027785078,7.187933,-16.994476,159.35722,23.434887,0,75,768.98376,15.6978245,36.61366
7/22/2026 12:09,16471.793,16805.084,10.01058,60.709846,1.0048399,10.923305,5.413355,67.23126,105.145164,0.028973792,7.1658225,-15.716553,160.40627,23.961634,0,75,768.98376,15.607884,36.453777
7/22/2026 12:39,14715.35,14866.049,8.7660475,67.95625,1.003773,9.662932,5.902351,73.46179,114.78316,0.02713329,7.16553,-15.7260895,197.06073,24.46926,0,75,768.98376,15.548818,36.356583
7/22/2026 13:09,14841.205,14865.184,8.766887,67.379974,1.003655,9.66237,6.283706,78.843765,123.089745,0.032735363,7.1976705,-17.65728,175.50293,24.915546,0,75,768.98376,15.602902,36.48463
7/22/2026 13:39,39012.5,41469.613,26.916733,25.63281,1.0181181,26.95525,5.9354944,78.28029,122.85499,0.04292671,7.6959615,-46.753883,161.01184,21.897856,0,75,768.98376,15.717052,36.234425
7/22/2026 14:09,39211.06,41405.26,26.879467,25.50301,1.0180018,26.913422,6.643596,88.12014,138.22453,0.038960773,7.783528,-51.956177,158.64197,22.225483,0,75,768.98376,15.925133,36.708595
7/22/2026 14:39,39864.71,41436.113,26.922281,25.084843,1.0178183,26.933474,7.4198356,99.84212,156.4054,0.04556768,7.868822,-57.12509,171.32108,23.014477,0,75,768.98376,16.13695,37.196148
7/22/2026 15:09,40538.215,41850.71,27.230415,24.668081,1.0179553,27.202963,7.6465383,103.70659,162.36313,0.046668347,7.898066,-58.918,165.79929,23.358042,0,75,768.98376,16.426506,37.846214
7/22/2026 15:39,40640.684,42004.91,27.340612,24.605885,1.0180548,27.303192,7.601976,103.06106,161.36887,0.041875493,7.8976974,-58.88462,165.8136,23.299593,0,75,768.98376,16.716679,38.50028
7/22/2026 16:09,40695.42,42101.363,27.409288,24.572788,1.0181202,27.365887,7.3011785,98.93813,154.92621,0.039771184,7.870794,-57.287216,168.6937,23.251612,0,75,768.98376,17.026474,39.198895
7/22/2026 16:39,40598.348,42107.46,27.410517,24.631544,1.0181568,27.369848,7.3286977,99.08634,155.1925,0.047828585,7.8767905,-57.616234,166.1903,23.123585,0,75,768.98376,17.345432,39.92109
7/22/2026 17:09,40436.324,42130.312,27.421236,24.73024,1.0182284,27.384703,7.152182,96.31303,150.90765,0.045845836,7.8650074,-56.877136,179.31287,22.894855,0,75,768.98376,17.64108,40.587543
7/22/2026 17:39,40456.92,42263.043,27.513887,24.71765,1.0183349,27.470978,6.987033,93.917564,147.18721,0.04545804,7.8549995,-56.262016,177.57718,22.762552,0,75,768.98376,17.873564,41.110058
7/22/2026 18:09,40247.516,42307.336,27.537542,24.846254,1.0184385,27.49977,6.5421033,87.45994,137.13812,0.04686468,7.813962,-53.78723,168.31699,22.45094,0,75,768.98376,18.036299,41.4745
7/22/2026 18:39,39980.68,42345.84,27.554825,25.012081,1.0185533,27.524796,6.035896,80.158005,125.76584,0.05002642,7.7885995,-52.227974,170.87283,22.075737,0,75,768.98376,18.131498,41.686287
7/22/2026 19:09,40021.902,42405.65,27.59756,24.986319,1.0185907,27.563671,5.8998055,78.343575,122.9228,0.036813315,7.7202735,-48.208237,150.73123,22.056917,0,75,768.98376,18.090307,41.590637
7/22/2026 19:39,40346.656,42172.945,27.44786,24.785202,1.0182933,27.412415,6.5201616,87.56191,137.23354,0.118592076,7.8059697,-53.367615,188.32507,22.732737,0,75,768.98376,17.966198,41.322525
7/22/2026 20:09,40011.598,41317.04,26.844284,24.992754,1.0176673,26.856075,6.9112606,93.50552,146.3955,0.7053147,7.829538,-54.86965,202.68741,23.345774,0,75,768.98376,17.776882,40.917995
7/22/2026 20:39,39978.586,41109.867,26.699625,25.013391,1.0174983,26.721413,6.844802,92.87978,145.36157,0.6641182,7.81071,-53.79677,187.72903,23.559242,0,75,768.98376,17.555103,40.42144
7/22/2026 21:09,40175.63,41510.97,26.983685,24.890713,1.0177809,26.98213,5.988369,81.04144,126.88786,0.045139574,7.7087946,-47.736168,175.98453,23.315794,0,75,768.98376,17.301239,39.8357
7/22/2026 21:39,40068.875,41327.6,26.853313,24.957027,1.0176574,26.86294,5.7127275,77.375854,121.12974,0.0422043,7.663089,-45.051575,177.72977,23.405376,0,75,768.98376,17.003365,39.1651
7/22/2026 22:09,38378.137,39271.363,25.382042,26.056501,1.0164344,25.526386,5.561445,75.227425,117.68272,0.03593154,7.606894,-41.79001,167.34901,23.809162,0,75,768.98376,16.684296,38.487354
7/22/2026 22:39,36320.41,36989.957,23.757172,27.532728,1.0151422,24.043472,5.1416326,69.200096,108.20661,0.031087346,7.516638,-36.48281,151.20331,24.052315,0,75,768.98376,16.3927,37.87355
7/22/2026 23:09,31924.316,32336.873,20.48173,31.324085,1.0126003,21.018969,4.6823044,62.15467,97.14043,0.032167044,7.3952312,-29.325485,142.35797,24.332037,0,75,768.98376,16.087818,37.2716
7/22/2026 23:39,28472.848,28793.361,18.026258,35.12118,1.0107324,18.715685,4.295853,56.315426,88.000595,0.02836698,7.3007736,-23.736954,132.53513,24.417198,0,75,768.98376,15.821584,36.732494
7/23/2026 0:09,26455.432,26824.424,16.676208,37.79942,1.0097568,17.435875,4.2620687,55.307247,86.44696,0.03294207,7.2615886,-21.40522,126.67004,24.279802,0,75,768.98376,15.61738,36.29948
7/23/2026 0:39,24241.86,24695.16,15.229376,41.25096,1.0087361,16.051855,4.129519,52.91592,82.745415,0.032419477,7.2218347,-19.03534,148.12772,24.03896,0,75,768.98376,15.429996,35.908035
7/23/2026 1:09,22339.148,22914.33,14.029727,44.764465,1.0079296,14.894315,3.9339938,49.746033,77.83769,0.036840823,7.2039046,-17.952919,119.469795,23.685791,0,75,768.98376,15.33268,35.71292
7/23/2026 1:39,20340.791,20998.887,12.752336,49.162296,1.0070555,13.649276,4.0561104,50.612705,79.239136,0.031635415,7.1876025,-16.970634,136.03035,23.359186,0,75,768.98376,15.331965,35.74206
7/23/2026 2:09,28645.42,29594.338,18.564798,34.909595,1.0114353,19.236319,3.0932176,39.882767,62.444485,0.02997192,7.0941052,-11.44886,145.00443,23.321245,0,75,768.98376,15.471147,35.907707
7/23/2026 2:39,38818.656,41335.348,26.817488,25.760809,1.0180658,26.867975,4.9175673,64.71749,101.5831,0.047558393,7.6073756,-41.537285,153.82591,21.812317,0,75,768.98376,15.647484,36.077026
7/23/2026 3:09,39430.562,41997.945,27.295214,25.361038,1.0184308,27.298666,5.430847,71.65497,112.47475,0.048613533,7.6745496,-45.48073,158.91853,21.799416,0,75,768.98376,15.808239,36.42848
7/23/2026 3:39,39030.418,41492.875,26.933367,25.621042,1.018132,26.97037,5.8715262,77.43702,121.53251,0.09281621,7.7182946,-48.065186,163.31973,21.892855,0,75,768.98376,16.051825,36.990753
7/23/2026 4:09,38789.062,41287.08,26.783266,25.780464,1.0180346,26.836601,5.953282,78.360725,122.99413,0.19323666,7.725688,-48.48957,162.38513,21.832275,0,75,768.98376,16.293379,37.54127
7/23/2026 4:39,39231.992,41908.023,27.226034,25.4894,1.0184165,27.240215,5.933478,78.05294,122.545265,0.04643608,7.7403126,-49.319267,159.74347,21.656813,0,75,768.98376,16.580456,38.17754
7/23/2026 5:09,39332.355,42107.28,27.366705,25.42436,1.0185515,27.369734,5.974359,78.502235,123.27152,0.043615714,7.749719,-49.853325,172.537,21.54967,0,75,768.98376,16.867722,38.823524
7/23/2026 5:39,38970.434,41709.504,27.079918,25.660479,1.018331,27.111177,6.0262003,79.06839,124.15815,0.045270212,7.750416,-49.89624,175.50769,21.56177,0,75,768.98376,17.156452,39.486164
7/23/2026 6:09,38744.9,41427.535,26.878027,25.809849,1.0181655,26.927898,6.191525,81.21263,127.51556,0.04924927,7.7626257,-50.621033,175.30266,21.609688,0,75,768.98376,17.35102,39.933067
7/23/2026 6:39,38623.145,41288.8,26.778362,25.89121,1.0180874,26.83772,6.24467,81.877266,128.55705,0.04567384,7.766577,-50.854683,180.20932,21.619831,0,75,768.98376,17.53944,40.362293
7/23/2026 7:09,38704.285,41374.555,26.840178,25.836933,1.0181338,26.89346,6.1365466,80.4903,126.379135,0.044517837,7.756906,-50.287247,170.80132,21.620996,0,75,768.98376,17.641747,40.59312
7/23/2026 7:39,38783.297,41432.203,26.882648,25.784296,1.0181576,26.930933,5.9333043,77.88863,122.28807,0.039439164,7.7077518,-47.40715,160.3252,21.652697,0,75,768.98376,17.656767,40.626827
7/23/2026 8:09,38757.277,41386.516,26.850344,25.801605,1.0181274,26.901236,6.027089,79.13535,124.241295,0.037035223,7.7411575,-49.37172,182.07375,21.673883,0,75,768.98376,17.606129,40.51178
7/23/2026 8:39,38647.695,41259.12,26.758919,25.874763,1.018055,26.81843,6.143529,80.63919,126.59983,0.03200948,7.739823,-49.295425,196.39793,21.686216,0,75,768.98376,17.46813,40.20283
7/23/2026 9:09,38672.664,41270.645,26.76774,25.858059,1.018057,26.82592,6.1787786,81.13252,127.370705,0.030203223,7.736604,-49.10946,197.55664,21.704197,0,75,768.98376,17.30072,39.822914
7/23/2026 9:39,38541.523,41127.992,26.665092,25.946043,1.0179783,26.733194,5.7561088,75.54173,118.59305,0.022945777,7.668944,-45.137405,203.41698,21.707417,0,75,768.98376,17.081371,39.328564
7/23/2026 10:09,38526.395,40905.29,26.511778,25.95623,1.0177963,26.588438,5.7984495,76.37181,119.84873,0.016764,7.667568,-45.09449,187.74811,21.955175,0,75,768.98376,16.850414,38.812943
7/23/2026 10:39,36785.35,38923.812,25.095104,27.184734,1.0166799,25.300478,5.399237,70.74561,110.98942,0.018903904,7.571433,-39.46781,182.15958,22.12358,0,75,768.98376,16.623934,38.340065
7/23/2026 11:09,35484.24,37320.56,23.959656,28.181526,1.0157417,24.258362,5.3725753,70.31505,110.25968,0.014413646,7.524895,-36.768913,178.72635,22.423876,0,75,768.98376,16.365076,37.78667
7/23/2026 11:39,33773.83,35209.973,22.474585,29.608725,1.0145028,22.886482,5.460318,71.41773,111.906334,0.014661589,7.470897,-33.64086,185.836,22.8645,0,75,768.98376,16.139002,37.31932
7/23/2026 12:09,32081.445,33115.96,21.012177,31.170666,1.0132657,21.525373,5.472982,71.623795,112.13305,0.019815374,7.4280205,-31.166077,146.26804,23.36444,0,75,768.98376,15.946523,36.92661
7/23/2026 12:39,29203.578,29848.418,18.747263,34.24238,1.0114247,19.401472,5.897523,76.874596,120.24664,0.02097131,7.42277,-30.908585,146.96423,23.86891,0,75,768.98376,15.797064,36.6513
7/23/2026 13:09,28620.342,28941.766,18.12841,34.940186,1.0108088,18.812147,6.34553,83.23557,130.06674,0.02210591,7.456167,-32.94468,184.89662,24.41854,0,75,768.98376,15.669481,36.38112
7/23/2026 13:39,26128.836,26127.5,16.20801,38.271893,1.0092059,16.982876,7.1455145,93.677025,146.22307,0.022159647,7.5039907,-35.848618,172.7182,25.002678,0,75,768.98376,15.625477,36.3375
7/23/2026 14:09,26632.541,26547.312,16.495176,37.54805,1.009375,17.255753,7.86527,103.58432,161.63661,0.024970494,7.5451565,-38.313866,190.1752,25.168083,0,75,768.98376,15.68411,36.466496
7/23/2026 14:39,38688.9,40656.117,26.346113,25.847208,1.0175332,26.426476,5.6171985,74.598785,116.96864,0.04192034,7.663,-44.903755,159.83406,22.466661,0,75,768.98376,15.838177,36.52821
7/23/2026 15:09,38861.367,40620.71,26.327353,25.732496,1.0174466,26.403461,6.8044767,90.78851,142.29059,0.04883657,7.8156013,-53.93505,167.89737,22.732384,0,75,768.98376,16.033916,36.97512
7/23/2026 15:39,38888.773,39983.49,25.888313,25.714361,1.0168842,25.989267,8.909327,120.34651,188.34595,0.9428223,8.0127735,-65.73677,191.57712,23.566536,0,75,768.98376,16.265717,37.520695
7/23/2026 16:09,39299.074,40406.414,26.192577,25.445892,1.017114,26.26417,9.299438,125.83328,196.93338,1.3260525,8.068546,-69.031715,192.84549,23.56518,0,75,768.98376,16.52267,38.09505
7/23/2026 16:39,39369.652,40481.94,26.246881,25.400274,1.0171561,26.313263,9.485424,128.38153,200.92279,1.5391297,8.087284,-70.13798,200.36044,23.561455,0,75,768.98376,16.815737,38.758137
7/23/2026 17:09,39328.527,40500.2,26.258343,25.426836,1.017186,26.32513,9.630539,130.17848,203.76233,1.510913,8.105834,-71.21563,200.16019,23.485336,0,75,768.98376,17.130054,39.47003
7/23/2026 17:39,39239.5,40459.17,26.227371,25.484524,1.0171806,26.298462,9.665129,130.47546,204.2499,1.5905961,8.109806,-71.434975,184.99677,23.421688,0,75,768.98376,17.424791,40.13804
7/23/2026 18:09,39187.69,40469.246,26.232815,25.518217,1.0172069,26.305012,9.661143,130.24155,203.91197,1.7365868,8.108355,-71.33007,174.83536,23.342024,0,75,768.98376,17.66576,40.684315
7/23/2026 18:39,39301.055,40610.895,26.334124,25.44461,1.0172918,26.397081,9.583886,129.20494,202.29977,1.9050622,8.105087,-71.1298,159.0282,23.311342,0,75,768.98376,17.869308,41.142216
7/23/2026 19:09,38664.324,40232.363,26.053492,25.863636,1.0171775,26.151037,8.822717,118.0089,184.88147,1.7803141,8.035029,-66.91456,143.4404,22.959448,0,75,768.98376,18.002474,41.448147
7/23/2026 19:39,39432.734,41041.39,26.635761,25.359642,1.0176203,26.676903,8.800794,118.088066,185.00917,1.8146133,8.037743,-67.071915,160.02002,22.947857,0,75,768.98376,18.05945,41.559605
7/23/2026 20:09,39441.617,41093.824,26.672276,25.35393,1.0176625,26.710985,7.053213,94.569954,148.1765,0.9856717,7.8852286,-58.06923,172.52747,22.894987,0,75,768.98376,18.03065,41.49345
7/23/2026 20:39,39226.703,40706.04,26.397663,25.492838,1.0173992,26.458925,8.404513,112.91621,176.86128,1.3424566,7.99457,-64.55898,224.2643,23.09728,0,75,768.98376,17.902111,41.2127
7/23/2026 21:09,39221.656,40646.08,26.356077,25.496119,1.017349,26.41995,8.345524,112.232445,175.76979,1.2776003,7.989794,-64.291954,225.34195,23.165207,0,75,768.98376,17.715858,40.792084
7/23/2026 21:39,39189.406,40551.363,26.289642,25.5171,1.0172776,26.358385,7.860701,105.81552,165.6983,0.91489327,7.931826,-60.887337,239.113,23.241571,0,75,768.98376,17.495323,40.295162
7/23/2026 22:09,39157.594,40319.41,26.128311,25.53783,1.0170863,26.207617,7.5950284,102.59795,160.59012,0.35211182,7.8923707,-58.608055,226.56741,23.491343,0,75,768.98376,17.228867,39.6989
7/23/2026 22:39,37931.934,39043.344,25.212421,26.363012,1.0163904,25.378174,7.3194146,98.3869,153.9939,0.11697405,7.8538866,-56.33831,230.87802,23.509626,0,75,768.98376,16.957235,39.107788
7/23/2026 23:09,37589.824,38591.582,24.891748,26.602943,1.0161121,25.084528,6.8434854,92.03412,144.0173,0.09068247,7.788755,-52.514076,218.10356,23.640945,0,75,768.98376,16.667389,38.461346
7/23/2026 23:39,36112.91,36996.99,23.756695,27.690928,1.0152267,24.048042,6.2526293,83.7015,130.95323,0.0685736,7.6601896,-44.932365,252.69333,23.748905,0,75,768.98376,16.377008,37.83339
7/24/2026 0:09,34017.145,34878.03,22.255646,29.396942,1.014108,22.67072,5.641272,74.814186,117.05733,0.046069924,7.501785,-35.562515,215.76706,23.707708,0,75,768.98376,16.090858,37.22444
7/24/2026 0:39,32287.777,33186.16,21.064789,30.971472,1.0132458,21.571005,5.1157193,67.23128,105.21602,0.046352766,7.401001,-29.592514,186.77536,23.58267,0,75,768.98376,15.865084,36.7411
7/24/2026 1:09,31343.465,32276.82,20.427763,31.904577,1.0127927,20.979933,4.666458,60.996967,95.47561,0.042848248,7.3427176,-26.140213,167.93552,23.486012,0,75,768.98376,15.657924,36.286457
7/24/2026 1:39,28501.936,29467.91,18.477135,35.085335,1.0113794,19.154142,4.324986,55.69892,87.21352,0.043056957,7.302144,-23.727417,144.34161,23.28374,0,75,768.98376,15.514106,36.00735
7/24/2026 2:09,26927.242,28017.98,17.476885,37.13711,1.0107121,18.211689,4.082243,51.96562,81.41286,0.041494366,7.269586,-21.781921,142.18155,22.961784,0,75,768.98376,15.442419,35.867455
7/24/2026 2:39,24306.506,25375.594,15.676681,41.141247,1.009401,16.494135,4.235335,53.193756,83.36059,0.041434143,7.251832,-20.723343,157.10655,22.794209,0,75,768.98376,15.450765,35.93235
7/24/2026 3:09,31302.49,32471.25,20.557604,31.94634,1.0129907,21.106314,2.0243824,26.305164,41.200638,0.040962555,7.15866,-15.249252,127.03243,23.115515,0,75,768.98376,15.568731,36.076157
7/24/2026 3:39,38870.85,41192.56,26.721262,25.726217,1.0179296,26.775164,5.6931667,75.2045,117.999016,0.7188681,7.6474495,-43.92624,147.51259,22.049091,0,75,768.98376,15.724536,36.257053
7/24/2026 4:09,38823.395,41177.453,26.7092,25.757666,1.0179318,26.765345,6.174894,81.499825,127.88537,0.52161837,7.7616277,-50.63057,177.23862,22.006878,0,75,768.98376,15.946482,36.76008
7/24/2026 4:39,38514.125,40723.84,26.386766,25.9645,1.017647,26.470495,6.574002,86.84356,136.23683,0.6777489,7.818514,-54.00181,167.00092,22.159113,0,74,768.98376,16.193357,37.328445
7/24/2026 5:09,38913.93,41261.91,26.770449,25.697739,1.0179745,26.820242,7.12783,94.13456,147.70782,0.41781393,7.8747606,-57.282448,178.45456,22.020716,0,74,768.98376,16.44747,37.892143
7/24/2026 5:39,38944.63,41502.17,26.936626,25.677483,1.0181663,26.976412,6.6453586,87.455345,137.28183,0.33017072,7.836766,-55.003166,189.84143,21.773596,0,74,768.98376,16.733162,38.532944
7/24/2026 6:09,38975.855,41759.273,27.11427,25.65691,1.0183707,27.143528,5.85862,76.813065,120.626465,0.44859374,7.751214,-49.934387,193.4034,21.510267,0,74,768.98376,17.021233,39.178246
7/24/2026 6:39,38968.438,41905.656,27.214365,25.661793,1.018494,27.238678,5.4045806,70.66931,111.009605,0.2231405,7.704814,-47.183037,186.4368,21.3303,0,74,768.98376,17.289082,39.780106
7/24/2026 7:09,39084.258,42081.27,27.339272,25.585749,1.0186042,27.352825,5.23317,68.404076,107.46117,0.31283945,7.687326,-46.1483,173.58127,21.271225,0,74,768.98376,17.519112,40.29813
7/24/2026 7:39,39102.02,42120.047,27.366558,25.574127,1.0186309,27.37803,5.155731,67.374626,105.84764,0.1888885,7.6821804,-45.843124,173.87692,21.248533,0,74,768.98376,17.662193,40.61971
7/24/2026 8:09,39081.184,42120.87,27.366302,25.58776,1.0186377,27.378565,4.98279,65.08273,102.25126,0.049767125,7.655326,-44.264793,154.75574,21.221685,0,74,768.98376,17.750164,40.819305
7/24/2026 8:39,39053.027,42022.17,27.29754,25.606209,1.0185648,27.314411,5.0448637,65.96202,103.62003,0.046124723,7.6562614,-44.33155,213.2875,21.300697,0,74,768.98376,17.755062,40.83278
7/24/2026 9:09,39138.32,42060.594,27.327202,25.550407,1.018571,27.339386,5.391462,70.58553,110.87247,0.048888173,7.7031813,-47.092438,225.8617,21.362423,0,74,768.98376,17.682137,40.667656
7/24/2026 9:39,39196.77,41941.72,27.247858,25.512306,1.0184551,27.262117,5.6866755,74.70262,117.30059,0.039742704,7.711138,-47.593117,229.77654,21.573467,0,74,768.98376,17.539598,40.34943
7/24/2026 10:09,39249.137,41758.363,27.123798,25.478268,1.0182865,27.142937,5.728849,75.58609,118.63499,0.041688856,7.7015185,-47.073364,231.46454,21.853968,0,74,768.98376,17.353142,39.93491
7/24/2026 10:39,39209.01,41542.55,26.973904,25.504341,1.018118,27.002657,5.668846,75.00687,117.687004,0.02936824,7.6678658,-45.12787,233.62938,22.059044,0,74,768.98376,17.123333,39.420513
7/24/2026 11:09,39421.41,41564.535,26.99644,25.366926,1.01807,27.016949,5.70822,75.86727,118.99019,0.027143057,7.6525683,-44.264793,231.32149,22.300453,0,74,768.98376,16.875313,38.85941
7/24/2026 11:39,38767.8,40430.332,26.19317,25.794601,1.017314,26.279716,5.8849463,78.62003,123.19544,0.02642034,7.650532,-44.226646,217.64102,22.847075,0,74,768.98376,16.621834,38.31285
7/24/2026 12:09,37214.715,38461.875,24.792059,26.871092,1.0161309,25.00022,6.0192156,80.41691,125.91295,0.024686795,7.6152916,-42.214394,222.82425,23.302309,0,74,768.98376,16.35428,37.749474
7/24/2026 12:39,35405.4,36169.668,23.17196,28.24428,1.0147461,23.510284,6.2018824,82.95676,129.75456,0.02403545,7.5761395,-39.982796,221.44142,23.893711,0,74,768.98376,16.117374,37.26264
7/24/2026 13:09,34602.41,35060.547,22.39421,28.899721,1.0140426,22.789356,6.19599,83.12851,129.9239,0.023768023,7.5387125,-37.822723,187.7052,24.315863,0,74,768.98376,15.93584,36.87468
7/24/2026 13:39,32625.398,32713.719,20.751987,30.650967,1.0126551,21.263918,6.587166,88.39403,138.01433,0.028597623,7.552496,-38.70964,205.20035,24.85865,0,74,768.98376,15.778979,36.567165
7/24/2026 14:09,30955.324,30731.166,19.375801,32.30462,1.0114734,19.975258,7.1647377,96.27607,150.17068,0.031543653,7.5783844,-40.31658,247.76283,25.381897,0,74,768.98376,15.677267,36.375744
7/24/2026 14:39,28451.395,27980.95,17.481401,35.147663,1.0099111,18.187618,7.7645764,104.127205,162.25784,0.027514737,7.626024,-43.22052,270.5938,25.880262,0,74,768.98376,15.6754,36.428364
7/24/2026 15:09,35762.32,35818.28,22.93927,27.96239,1.0142809,23.281883,8.022892,109.12412,170.36215,0.040487688,7.7442155,-50.09651,238.722,24.918201,0,74,768.98376,15.772439,36.494396
7/24/2026 15:39,38652.93,40276.867,26.083805,25.87126,1.0172197,26.179964,7.103257,94.90726,148.70648,0.40604913,7.8299203,-54.807663,185.1875,22.889036,0,74,768.98376,15.905553,36.692245
7/24/2026 16:09,38488.285,39951.344,25.8544,25.981932,1.0169932,25.968374,8.755558,117.23359,183.6282,0.71415275,7.998989,-64.816475,217.3883,23.08267,0,74,768.98376,16.122375,37.19206
7/24/2026 16:39,38465.668,39439.426,25.500519,25.99721,1.0165523,25.635626,10.000935,135.12735,211.42592,0.90805405,8.103157,-71.110725,229.87668,23.707335,0,74,768.98376,16.35216,37.7302
7/24/2026 17:09,38942.93,40197.81,26.038006,25.678602,1.0170532,26.128576,10.267888,138.32335,216.55627,1.3890837,8.140402,-73.22788,226.83444,23.365572,0,74,768.98376,16.63534,38.35333
7/24/2026 17:39,39094.902,40475.758,26.234556,25.578783,1.0172439,26.309244,10.197293,137.15779,214.78796,1.6148235,8.1361885,-72.94178,245.86502,23.213842,0,74,768.98376,16.929394,39.012577
7/24/2026 18:09,39161.598,40543.56,26.28341,25.53522,1.0172801,26.353313,9.933648,133.65332,209.29944,1.9139643,8.120264,-72.00241,249.19334,23.215403,0,74,768.98376,17.228952,39.691452
7/24/2026 18:39,38990.13,40584.98,26.306776,25.647516,1.0173733,26.380238,9.695294,129.83116,203.40894,2.1641977,8.106668,-71.13457,255.6688,22.942585,0,74,768.98376,17.51371,40.333187
7/24/2026 19:09,39000.207,40703.992,26.389194,25.64089,1.0174724,26.457596,9.23167,123.38544,193.3542,2.1193519,8.0683775,-68.84575,245.82211,22.808487,0,74,768.98376,17.758993,40.88561
7/24/2026 19:39,39195.375,41136.63,26.693851,25.513214,1.017779,26.73881,8.840075,117.76946,184.63979,2.1419792,8.040567,-67.14344,263.837,22.529299,0,74,768.98376,17.971052,41.35434
7/24/2026 20:09,39176.703,41211.74,26.744993,25.525373,1.0178488,26.78763,8.29418,110.302505,172.96588,2.1364603,7.999771,-64.71634,257.5046,22.414661,0,74,768.98376,18.094578,41.631817
7/24/2026 20:39,39191.46,41279.047,26.791864,25.515762,1.0179013,26.83138,7.904225,105.027145,164.71051,2.1994393,7.965644,-62.69455,242.99924,22.35222,0,74,768.98376,18.15317,41.76141
7/24/2026 21:09,39215.64,41269.25,26.785934,25.50003,1.0178852,26.825012,6.9989877,93.06664,145.94305,1.318917,7.894108,-58.493614,172.16507,22.3947,0,74,768.98376,18.119438,41.686737
7/24/2026 21:39,39105.715,41011.65,26.604734,25.57171,1.0177015,26.657572,7.8586965,104.71196,164.15793,1.6689667,7.951752,-61.922073,235.17911,22.566856,0,74,768.98376,17.984148,41.387432
7/24/2026 22:09,38978.28,40824.223,26.471384,25.655313,1.0175827,26.535746,7.8443627,104.56349,163.90718,1.3055434,7.9444747,-61.507225,267.04135,22.632627,0,74,768.98376,17.801277,40.97704
7/24/2026 22:39,39009.88,40850.406,26.49046,25.634533,1.0175948,26.552765,7.508555,100.113396,156.92928,0.8390023,7.898218,-58.784485,285.0372,22.64108,0,74,768.98376,17.548574,40.403797
7/24/2026 23:09,38995.336,40752.555,26.422527,25.644093,1.0175157,26.48916,7.1397014,95.33105,149.40744,0.3960209,7.849399,-55.92823,270.29816,22.74245,0,74,768.98376,17.297504,39.837563
7/24/2026 23:39,38850.133,40423.586,26.191086,25.739937,1.0172806,26.275331,7.193004,96.29162,150.85693,0.28080243,7.843196,-55.60398,270.01205,22.96209,0,74,768.98376,17.00472,39.18319
7/25/2026 0:09,38023.895,39382.992,25.449015,26.299252,1.0166568,25.598944,7.02495,94.026695,147.25027,0.07087988,7.8169255,-54.097176,251.15314,23.193205,0,74,768.98376,16.707941,38.532814
7/25/2026 0:39,36874.67,38083.777,24.5228,27.118885,1.0159181,24.754456,6.562597,87.59588,137.145,0.04560818,7.731673,-49.090385,295.55145,23.337774,0,74,768.98376,16.428858,37.926853
7/25/2026 1:09,35548.332,36652.23,23.505692,28.130714,1.0151279,23.82395,6.1168437,81.292816,127.2577,0.04275268,7.642776,-43.854713,260.05093,23.423132,0,74,768.98376,16.141212,37.302074
7/25/2026 1:39,34216.492,35290.336,22.541338,29.225672,1.0144057,22.938719,5.636042,74.46668,116.57518,0.04349393,7.545434,-38.104057,248.48763,23.406866,0,74,768.98376,15.9082155,36.797733
7/25/2026 2:09,32673.82,33727.164,21.440466,30.605543,1.0135882,21.922657,5.155583,67.63714,105.89151,0.040221322,7.4721956,-33.774376,243.20905,23.364855,0,74,768.98376,15.707292,36.370686
7/25/2026 2:39,30310.166,31340.691,19.77297,32.99223,1.012356,20.37145,4.8324323,62.694195,98.16763,0.039708808,7.3594265,-27.108192,237.02446,23.278463,0,74,768.98376,15.570773,36.102844
7/25/2026 3:09,28798.338,29932.162,18.793676,34.724228,1.0116888,19.455906,4.713039,60.513573,94.795784,0.03801434,7.350615,-26.564598,200.62747,23.016762,0,74,768.98376,15.503382,35.972622
7/25/2026 3:39,26690.668,27880.088,17.379963,37.466278,1.0106903,18.122057,4.66139,59.093674,92.61076,0.04222479,7.318384,-24.642944,212.73438,22.76639,0,74,768.98376,15.5440235,36.100914
7/25/2026 4:09,34624.055,35959.54,23.007765,28.881655,1.0148531,23.373701,2.600331,34.233265,53.62358,0.044368617,7.3444924,-26.20697,159.04727,23.055574,0,74,768.98376,15.64508,36.18481
7/25/2026 4:39,38935.36,40754.336,26.42183,25.683596,1.0175369,26.49032,6.5571103,87.42747,137.03879,0.5755543,7.787078,-52.24228,232.74722,22.66321,0,74,768.98376,15.835733,36.523243
7/25/2026 5:09,38952.01,40765.348,26.42995,25.672615,1.0175408,26.497477,7.330494,97.75761,153.22887,0.61161345,7.899898,-58.88939,233.39572,22.671085,0,74,768.98376,16.065958,37.045345
7/25/2026 5:39,39193.203,41119.137,26.681713,25.514627,1.0177648,26.727438,7.7470217,103.2347,161.84715,0.13069226,7.942102,-61.34987,251.14838,22.547754,0,74,768.98376,16.33615,37.649178
7/25/2026 6:09,39198.934,41232.406,26.759975,25.510899,1.0178592,26.801064,7.751519,103.10087,161.67209,0.050002534,7.9484744,-61.69796,251.96854,22.417942,0,74,768.98376,16.61324,38.27317
7/25/2026 6:39,39064.867,41166.023,26.709723,25.598448,1.0178457,26.757915,7.621775,101.18116,158.6854,0.04754296,7.938583,-61.097145,216.14853,22.327696,0,74,768.98376,16.909996,38.94638
7/25/2026 7:09,39168.17,41436.105,26.899204,25.530933,1.0180414,26.933468,7.346309,97.29208,152.63422,0.14130713,7.9099865,-59.375763,208.26164,22.134384,0,74,768.98376,17.217058,39.63388
7/25/2026 7:39,39071.08,41355.668,26.840458,25.59438,1.0180041,26.881186,7.2812133,96.35056,151.16373,0.049824286,7.9024544,-58.927536,232.19887,22.107723,0,74,768.98376,17.4502,40.164642
7/25/2026 8:09,39156.832,41429.926,26.894567,25.538328,1.0180398,26.929453,7.3828073,97.76057,153.37097,0.13507275,7.9122,-59.50451,251.51077,22.127434,0,74,768.98376,17.660276,40.63855
7/25/2026 8:39,39220.58,41541.254,26.97342,25.496819,1.0181134,27.001816,7.0699973,93.57291,146.81358,0.45537856,7.876041,-57.36828,278.63803,22.075163,0,74,768.98376,17.792734,40.93699
7/25/2026 9:09,39297.617,41575.82,26.999926,25.446835,1.0181185,27.024282,6.797804,90.07525,141.31305,0.10505782,7.845607,-55.589676,291.0072,22.131083,0,74,768.98376,17.885298,41.14657
7/25/2026 9:39,39297.582,41603.25,27.018806,25.446857,1.0181415,27.042112,6.5689864,87.00159,136.49821,0.088193074,7.8064556,-53.281784,253.4658,22.09841,0,74,768.98376,17.870184,41.11113
7/25/2026 10:09,39298.695,41467.67,26.92548,25.446136,1.0180268,26.953987,6.668897,88.53689,138.87009,0.035662096,7.7979302,-52.809715,311.65424,22.261503,0,74,768.98376,17.773453,40.89602
7/25/2026 10:39,40385.52,42404.582,27.60951,24.76135,1.0184774,27.562979,7.473794,100.05804,156.87747,0.03962569,7.900533,-58.894157,313.4233,22.507109,0,74,768.98376,17.602139,40.490604
7/25/2026 11:09,39484.375,41256.277,26.785852,25.326473,1.0177878,26.816582,7.491086,100.2493,157.11327,0.038100712,7.8876495,-58.18367,304.49692,22.751379,0,74,768.98376,17.407919,40.07776
7/25/2026 11:39,39674.62,41257.023,26.792408,25.20503,1.0177265,26.817066,7.5165353,101.026665,158.26712,0.03276375,7.8676023,-57.048798,312.2646,22.9919,0,74,768.98376,17.16743,39.535114
7/25/2026 12:09,39485.09,40823.47,26.48667,25.326015,1.0174147,26.535255,7.255266,97.84959,153.21321,0.027280323,7.816889,-54.11148,309.25574,23.283531,0,74,768.98376,16.9113,38.96631
7/25/2026 12:39,39027.89,39979.605,25.889517,25.622702,1.0168326,25.986744,7.216891,97.80896,153.0234,0.024005372,7.800516,-53.229332,307.1672,23.753668,0,74,768.98376,16.639872,38.37217
7/25/2026 13:09,38245.484,38820.08,25.066664,26.146877,1.0160792,25.233051,7.1856365,97.73536,152.77869,0.026420355,7.7659116,-51.264763,308.64062,24.225056,0,74,768.98376,16.380787,37.811813
7/25/2026 13:39,37536.758,37791.867,24.338829,26.640553,1.015411,24.564714,7.1659436,97.78315,152.73473,0.02667252,7.7285814,-49.123764,306.54254,24.646578,0,74,768.98376,16.150585,37.312828
7/25/2026 14:09,35226.957,35207.902,22.50878,28.387352,1.0139259,22.885136,7.099974,96.52027,150.65382,0.027829494,7.670019,-45.70961,303.50034,25.028336,0,74,768.98376,15.945696,36.901394
7/25/2026 14:39,34171.84,33976.938,21.644033,29.263863,1.0131983,22.085009,6.877818,93.48474,145.83978,0.02878816,7.62944,-43.33973,195.50148,25.300335,0,74,768.98376,15.812583,36.624866
7/25/2026 15:09,33191.105,32830.715,20.842384,30.128553,1.0125177,21.339964,7.6328096,103.77124,161.80077,0.03257349,7.6751842,-46.100616,282.54333,25.574728,0,74,768.98376,15.753916,36.514194
7/25/2026 15:39,31652.889,31136.893,19.662642,31.592693,1.0115482,20.23898,8.030922,109.01144,169.87306,0.0299799,7.7046165,-47.898293,307.9826,25.86764,0,74,768.98376,15.783855,36.617878
7/25/2026 16:09,36498.305,36952.74,23.735935,27.398533,1.0150404,24.019281,7.963956,107.74796,168.38991,0.6428928,7.864454,-57.12509,253.51349,24.356142,0,74,768.98376,15.910187,36.78111
7/25/2026 16:39,38266.297,38844.832,25.08431,26.132656,1.016094,25.249142,9.097829,123.746124,193.44011,1.0437092,8.040525,-67.52491,244.18655,24.220234,0,74,768.98376,16.067642,37.10142
7/25/2026 17:09,38750.645,38971.95,25.184208,25.806023,1.0160308,25.331766,11.262621,154.57944,241.42378,2.4928172,8.260173,-80.66177,279.78723,24.702692,0,74,768.98376,16.281822,37.58849
7/25/2026 17:39,39376.63,39797.027,25.772095,25.395775,1.0165468,25.868067,12.246647,167.89853,262.35022,3.2157173,8.347038,-85.74009,294.3832,24.446936,0,74,768.98376,16.532024,38.138245
7/25/2026 18:09,39451.734,40080.695,25.970966,25.347427,1.0167735,26.052452,11.77121,160.80576,251.39085,2.7869246,8.311861,-83.58002,295.7231,24.178408,0,74,768.98376,16.820238,38.78389
7/25/2026 18:39,39454.08,40083.414,25.972914,25.345922,1.0167753,26.05422,11.570242,158.0608,247.09982,2.4247322,8.3068695,-83.28438,307.5153,24.177973,0,74,768.98376,17.12938,39.485462
7/25/2026 19:09,39670.49,40422.438,26.213963,25.207655,1.0170001,26.274586,11.032093,150.51524,235.36838,2.3218675,8.2718115,-81.16722,297.09164,24.026056,0,74,768.98376,17.434813,40.169006
7/25/2026 19:39,39601.945,40512.66,26.274704,25.251286,1.0171034,26.33323,10.543293,143.38313,224.29712,1.9681078,8.222593,-78.201294,318.6399,23.823051,0,74,768.98376,17.714855,40.80012
7/25/2026 20:09,39652.066,40742.79,26.435677,25.219366,1.0172881,26.482813,10.141441,137.49925,215.17847,2.1772573,8.188734,-76.14136,318.62085,23.598381,0,74,768.98376,17.93898,41.300632
7/25/2026 20:39,38439.082,39611.824,25.618805,26.01519,1.0167135,25.747686,9.660977,130.02826,203.53978,2.0015488,8.148445,-73.72379,335.97293,23.449955,0,74,768.98376,18.104982,41.70114
7/25/2026 21:09,39612.84,40943.99,26.573906,25.24434,1.0174766,26.613592,9.164145,123.687614,193.66566,2.463578,8.109343,-71.377754,323.35583,23.297832,0,74,768.98376,18.183386,41.847794
7/25/2026 21:39,39600.04,40940.074,26.57081,25.2525,1.0174774,26.611048,8.51244,114.866066,179.85681,1.4310205,8.022469,-66.24699,292.36618,23.2863,0,74,768.98376,18.19631,41.87739
7/25/2026 22:09,39574.484,40918.527,26.555128,25.268806,1.0174674,26.597042,8.62225,116.32496,182.14302,1.623444,8.056501,-68.25447,333.32172,23.280272,0,74,768.98376,18.115034,41.692608
7/25/2026 22:39,39351.35,40683.89,26.386114,25.412088,1.0173383,26.444529,8.552197,115.27741,180.50124,1.3654934,8.04905,-67.81578,338.41913,23.285154,0,74,768.98376,17.94828,41.320457
7/25/2026 23:09,39549.773,40836.043,26.497303,25.284595,1.017404,26.543428,7.8377223,105.83781,165.70184,0.6836541,7.9715853,-63.257217,333.4314,23.350866,0,74,768.98376,17.719612,40.79996
7/25/2026 23:39,39529.78,40738.184,26.428955,25.297382,1.0173255,26.47982,7.473773,101.05557,158.18817,0.109393485,7.931273,-60.896873,346.1868,23.446985,0,74,768.98376,17.453066,40.19849
7/26/2026 0:09,39413.844,40516.367,26.271984,25.371796,1.0171711,26.33564,7.516875,101.77753,159.28249,0.12899637,7.9356694,-61.182976,331.30948,23.575298,0,74,768.98376,17.17857,39.581352
7/26/2026 0:39,38976.82,39954.637,25.87083,25.656275,1.0168284,25.970514,7.592469,102.82465,160.88051,0.1109368,7.9529963,-62.236786,339.45386,23.718681,0,74,768.98376,16.86662,38.88683
7/26/2026 1:09,38077.945,39043.508,25.216585,26.26192,1.016339,25.37828,7.3059583,98.549614,154.19542,0.121016,7.9257784,-60.625076,315.8218,23.705212,0,74,768.98376,16.5579,38.2052
7/26/2026 1:39,37145.367,38103.23,24.543629,26.921257,1.0158378,24.767101,6.7424154,90.56246,141.70372,0.11579768,7.8428392,-55.718422,365.92786,23.68384,0,74,768.98376,16.26392,37.555977
7/26/2026 2:09,35337.344,36296.633,23.257034,28.298676,1.0148873,23.592812,6.057855,80.67107,126.24162,0.046658702,7.6957107,-47.011375,366.42377,23.616278,0,74,768.98376,15.995022,36.98023
7/26/2026 2:39,33921.152,34950.258,22.302305,29.480131,1.0142117,22.717667,5.5140414,72.82149,113.98945,0.039938133,7.571561,-39.653778,355.6377,23.458384,0,74,768.98376,15.765086,36.480347
7/26/2026 3:09,32983.258,34079.22,21.68681,30.318413,1.0137869,22.151493,5.2250633,68.58604,107.38615,0.041662555,7.509364,-35.96306,359.02325,23.316269,0,74,768.98376,15.565287,36.040623
7/26/2026 3:39,30537.213,31666.67,19.99735,32.74693,1.0125641,20.583336,4.988112,64.62718,101.2198,0.03868429,7.4041862,-29.735565,390.02243,23.132614,0,74,768.98376,15.419688,35.75253
7/26/2026 4:09,29664.25,30925.066,19.47829,33.71061,1.0122445,20.101294,3.6001866,46.28076,72.51843,0.038790442,7.378269,-28.181076,305.4792,22.865442,0,74,768.98376,15.390635,35.696682
7/26/2026 4:39,27370.5,28605.252,17.87645,36.535686,1.0110711,18.593414,4.7747326,60.675404,95.09385,0.041296788,7.366494,-27.475357,327.71887,22.74004,0,74,768.98376,15.494386,35.974056
7/26/2026 5:09,39242.99,40852.17,26.499115,25.48226,1.01752,26.553911,6.403473,85.83772,134.48474,0.34122005,7.806637,-53.44391,310.9342,22.937675,0,74,768.98376,15.657555,36.11985
7/26/2026 5:39,39189.87,40860.137,26.502941,25.516798,1.0175443,26.55909,6.532506,87.44755,137.02495,0.18301387,7.823378,-54.416656,375.498,22.859808,0,74,768.98376,15.881167,36.62523
7/26/2026 6:09,39388.59,41122.5,26.690392,25.388063,1.0177044,26.729624,7.1768327,96.06142,150.53949,0.18970987,7.8992453,-58.875084,363.76776,22.792435,0,74,768.98376,16.136263,37.198837
7/26/2026 6:39,39257.668,41023.34,26.61774,25.47273,1.0176622,26.66517,7.344931,98.18946,153.88625,0.07950326,7.922141,-60.214996,365.64175,22.746565,0,74,768.98376,16.424587,37.853466
7/26/2026 7:09,39388.812,41242.11,26.772966,25.38792,1.0178065,26.807371,7.505544,100.24845,157.13933,0.2682288,7.944585,-61.51676,356.5866,22.647278,0,74,768.98376,16.7263,38.531788
7/26/2026 7:39,39371.508,41245.24,26.774569,25.399078,1.0178148,26.809406,7.6714516,102.41792,160.54689,0.25060654,7.9654837,-62.742233,366.35223,22.621515,0,74,768.98376,17.059046,39.285686
7/26/2026 8:09,39376.766,41252.867,26.779997,25.395687,1.0178196,26.814365,7.577917,101.16773,158.58781,0.2961842,7.960797,-62.465668,359.16153,22.618946,0,74,768.98376,17.356667,39.959553
7/26/2026 8:39,39234.08,41091.703,26.664143,25.488047,1.0177282,26.709606,7.8785152,105.13695,164.80595,0.43815923,7.991106,-64.25381,370.40057,22.63315,0,74,768.98376,17.592789,40.498074
7/26/2026 9:09,39308.566,41120.605,26.68651,25.439747,1.0177287,26.728394,7.9695463,106.47948,166.89375,0.5531209,7.9941235,-64.44454,357.91223,22.692856,0,74,768.98376,17.777325,40.91726
7/26/2026 9:39,39398.17,41142.477,26.704494,25.381887,1.0177184,26.74261,8.055299,107.80501,168.94653,0.6545392,8.000759,-64.85462,377.91077,22.780277,0,74,768.98376,17.893515,41.18074
7/26/2026 10:09,39433.445,41107.14,26.68121,25.359184,1.0176766,26.719643,8.061447,108.04256,169.29366,0.60786086,7.999785,-64.816475,379.8038,22.868303,0,74,768.98376,17.916227,41.234394
7/26/2026 10:39,39385.992,41019.297,26.61904,25.389738,1.0176167,26.662542,8.281914,111.05062,173.99316,0.28444415,8.020235,-66.03241,384.93457,22.915287,0,74,768.98376,17.864046,41.11766
7/26/2026 11:09,39647.664,41115.586,26.693731,25.222166,1.0176134,26.72513,8.236686,110.91681,173.71967,0.13671796,8.000589,-64.92138,364.65945,23.130768,0,74,768.98376,17.72783,40.80929
7/26/2026 11:39,39896.242,41197.613,26.758047,25.065018,1.0176021,26.778448,8.246924,111.52176,174.60217,0.06993663,7.9988203,-64.86416,379.83243,23.346151,0,74,768.98376,17.532764,40.36735
7/26/2026 12:09,40011.26,41173.73,26.744879,24.992964,1.0175428,26.762924,8.004584,108.5737,169.9345,0.040731397,7.9477215,-61.883926,373.8767,23.52182,0,74,768.98376,17.27855,39.79364
7/26/2026 12:39,40233.152,41177.023,26.753508,24.855124,1.0174711,26.765066,7.934983,108.16462,169.21109,0.036770746,7.933838,-61.120987,368.6935,23.799881,0,74,768.98376,17.02301,39.217472
7/26/2026 13:09,40107.58,40815.58,26.498821,24.932943,1.0171959,26.530127,7.520407,102.89047,160.87602,0.031983096,7.876912,-57.811737,363.8822,24.091814,0,74,768.98376,16.740683,38.588226
7/26/2026 13:39,39880.1,40160.8,26.037464,25.075161,1.0166926,26.10452,7.4261417,102.29884,159.79185,0.02828715,7.8432083,-55.918694,374.8924,24.634066,0,74,768.98376,16.461084,37.97278
7/26/2026 14:09,39324.598,39229.734,25.376492,25.429377,1.0160524,25.499327,7.4524527,103.155106,160.97964,0.031576328,7.814034,-54.278374,356.91562,25.126606,0,74,768.98376,16.187517,37.374283
7/26/2026 14:39,37908.586,37530.473,24.165972,26.379248,1.0150254,24.394808,7.3557553,101.82358,158.77861,0.030871619,7.761736,-51.24092,375.41214,25.527481,0,74,768.98376,15.960416,36.896217
7/26/2026 15:09,37142.33,36578.938,23.491705,26.92346,1.014437,23.77631,7.2504582,100.466095,156.57584,0.029585958,7.722644,-48.96164,367.4585,25.806389,0,74,768.98376,15.780511,36.50692
7/26/2026 15:39,35499.34,34796.844,22.231264,28.169538,1.0134175,22.617949,7.5818415,104.763794,163.19212,0.032457136,7.730839,-49.49093,388.75403,26.056986,0,74,768.98376,15.665401,36.282013
7/26/2026 16:09,34334.395,33498.562,21.318903,29.125313,1.0126601,21.774065,7.9440823,109.67583,170.75745,0.029414348,7.735985,-49.83902,380.76227,26.306355,0,74,768.98376,15.643894,36.25933
7/26/2026 16:39,32843.445,31844.85,20.163229,30.447475,1.0116951,20.699154,8.373248,115.51601,179.72624,0.03007114,7.777624,-52.38056,379.02655,26.641787,0,74,768.98376,15.6870365,36.390057
7/26/2026 17:09,39176.625,39939.6,25.865849,25.525425,1.0167452,25.960741,7.75422,105.5342,165.03703,0.48781365,7.9124312,-59.895515,381.93527,23.999832,0,74,768.98376,15.85273,36.589725
7/26/2026 17:39,39412.29,39648.367,25.669682,25.372797,1.0164002,25.771439,9.179053,126.30006,197.26207,0.6345728,8.067437,-69.22722,366.46667,24.688257,0,74,768.98376,16.038141,37.0222
7/26/2026 18:09,40098.773,40129.34,26.020773,24.93842,1.0165856,26.084072,10.125461,140.26338,218.95868,1.082759,8.176984,-75.79327,346.9116,24.960121,0,74,768.98376,16.288578,37.584465
7/26/2026 18:39,40159.92,40297.86,26.1397,24.900446,1.0167156,26.19361,10.051149,138.9915,217.0303,1.1693944,8.1806345,-75.974464,353.6588,24.82079,0,74,768.98376,16.56702,38.210796
7/26/2026 19:09,40402.45,40497.1,26.28443,24.750975,1.0168079,26.323116,10.066073,139.45058,217.72385,1.2543262,8.1838455,-76.179504,339.37756,24.877632,0,74,768.98376,16.88612,38.931377
7/26/2026 19:39,40503.848,40802.81,26.500147,24.689013,1.0170462,26.521826,9.969811,137.66013,215.03358,1.0884581,8.17894,-75.82188,353.9354,24.61639,0,74,768.98376,17.21703,39.67372
7/26/2026 20:09,40371.363,40919.86,26.578348,24.770033,1.0171969,26.59791,9.728449,133.64304,208.88127,1.2892786,8.158249,-74.51534,354.7079,24.29821,0,74,768.98376,17.527864,40.372597
7/26/2026 20:39,40271.4,40855.86,26.531176,24.831518,1.0171748,26.55631,9.605096,131.80405,206.0247,1.490394,8.153215,-74.2054,361.14993,24.251026,0,74,768.98376,17.7947,40.978184
7/26/2026 21:09,40286.215,41087.035,26.692421,24.822386,1.0173738,26.706573,9.237161,126.269516,197.47064,1.4930831,8.119302,-72.13116,359.97217,23.979538,0,74,768.98376,18.007935,41.453907
7/26/2026 21:39,40153.523,41175.957,26.750517,24.904415,1.0174971,26.764372,8.795299,119.67871,187.25674,1.5007856,8.080196,-69.75174,380.71457,23.699955,0,74,768.98376,18.181423,41.84193
7/26/2026 22:09,40071.918,41235.18,26.789284,24.955132,1.017576,26.802866,8.4589,114.76775,179.6288,1.3996278,8.046596,-67.72518,383.7997,23.523016,0,74,768.98376,18.247215,41.987835
7/26/2026 22:39,39953.336,41149.977,26.726713,25.0292,1.0175416,26.747486,7.9375496,107.56868,168.37457,1.132312,8.012865,-65.722466,391.46725,23.477488,0,74,768.98376,18.22796,41.946087
7/26/2026 23:09,40111.156,41163.766,26.740849,24.93072,1.0175006,26.756449,7.723808,105.02117,164.33395,0.6968223,7.9829707,-63.996315,382.93185,23.661188,0,74,768.98376,18.090425,41.635883
7/26/2026 23:39,40141.25,41102.71,26.699297,24.91203,1.0174371,26.716763,7.632799,103.967865,162.65288,0.4300267,7.9698124,-63.242912,384.61987,23.775305,0,74,768.98376,17.887197,41.177807
7/27/2026 0:09,40121.09,41034.12,26.651089,24.924547,1.0173837,26.672178,7.227316,98.52113,154.11528,0.07205651,7.9189596,-60.248375,378.86444,23.83505,0,74,768.98376,17.629883,40.59629
7/27/2026 0:39,39863.707,40711.527,26.41991,25.085474,1.0171883,26.462494,6.759445,92.14213,144.11746,0.041920837,7.8597765,-56.762695,378.5879,23.909685,0,74,768.98376,17.350447,39.970436
7/27/2026 1:09,40024.777,40803.645,26.488295,24.984524,1.0172141,26.52237,6.7252297,91.85845,143.65036,0.037678238,7.8460245,-55.966377,361.17856,24.000616,0,74,768.98376,17.041254,39.268356
7/27/2026 1:39,39558.375,40181.906,26.044006,25.279097,1.016826,26.11824,6.679499,91.30106,142.73042,0.040897056,7.8492155,-56.19049,378.8835,24.187553,0,74,768.98376,16.726862,38.56955
7/27/2026 2:09,38809.48,39486.6,25.542356,25.7669,1.0164725,25.666292,6.3269267,86.10425,134.6271,0.03746477,7.8013935,-53.343773,379.0838,24.102192,0,74,768.98376,16.412312,37.8696
7/27/2026 2:39,37819.047,38482.926,24.822908,26.441704,1.0159321,25.0139,5.7912784,78.4828,122.71191,0.039301235,7.7106175,-47.96982,397.0987,24.096794,0,74,768.98376,16.113138,37.21103
7/27/2026 3:09,36422.566,37118.035,23.847694,27.455505,1.0152197,24.126724,5.2706785,70.932106,110.92156,0.03335025,7.5885057,-40.73143,386.41278,24.019022,0,74,768.98376,15.830301,36.59245
7/27/2026 3:39,34764.95,35503.72,22.700808,28.764605,1.0143868,23.077417,4.9081187,65.49369,102.4371,0.03637411,7.4975853,-35.3384,378.56403,23.910564,0,74,768.98376,15.599012,36.096127
7/27/2026 4:09,33937.504,34723.88,22.148739,29.465927,1.0139979,22.57052,4.420539,58.700447,91.82772,0.03417334,7.4341555,-31.576157,388.91617,23.814318,0,74,768.98376,15.425963,35.716503
7/27/2026 4:39,31700.408,32555.66,20.624489,31.545336,1.0129031,21.161179,3.8303232,50.248928,78.633064,0.0346796,7.387455,-28.796196,370.9108,23.624584,0,74,768.98376,15.347156,35.575195
7/27/2026 5:09,30171.36,31101.566,19.609196,33.144016,1.0121909,20.216019,4.5010843,58.50428,91.582214,0.038549878,7.3763833,-28.123856,331.06152,23.434101,0,74,768.98376,15.387039,35.690567
7/27/2026 5:39,32500.223,33467.285,21.260221,30.76902,1.013419,21.753735,3.701915,48.62234,76.10606,0.038510054,7.316803,-24.609566,315.4785,23.487131,0,74,768.98376,15.52095,35.952423
7/27/2026 6:09,39228.918,40716.734,26.405117,25.4914,1.0174077,26.465878,5.429037,72.92977,114.23232,0.10702744,7.7502418,-50.144196,321.99207,23.086876,0,74,768.98376,15.761065,36.358517
7/27/2026 6:39,39340.64,40767.152,26.443367,25.419006,1.0174142,26.49865,6.839121,92.024864,144.12157,0.42521203,7.9142227,-59.833527,364.7787,23.167974,0,74,768.98376,15.993047,36.883553
7/27/2026 7:09,39684.1,41189.785,26.746197,25.199009,1.0176655,26.773361,7.127129,95.928215,150.25578,0.16025004,7.9491816,-61.879158,360.47284,23.086134,0,74,768.98376,16.286598,37.54066
7/27/2026 7:39,39731.85,41235.96,26.779615,25.168724,1.0176896,26.803375,7.2760763,97.95913,153.43576,0.093782,7.955957,-62.2797,375.33585,23.09028,0,74,768.98376,16.58992,38.227444
7/27/2026 8:09,39657.125,41254.62,26.790209,25.21615,1.0177301,26.815504,6.886792,92.52977,144.96074,0.09712322,7.902438,-59.099197,378.6594,22.972624,0,74,768.98376,16.91171,38.954857
7/27/2026 8:39,39603.605,41304.402,26.82293,25.250227,1.0177903,26.847862,6.8356237,91.649055,143.61229,0.063347,7.892679,-58.498383,381.45844,22.844131,0,74,768.98376,17.23826,39.692856
7/27/2026 9:09,39798.99,41593.68,27.029171,25.126266,1.0179745,27.035892,6.7748885,90.775795,142.26865,0.05817297,7.879834,-57.721138,374.3202,22.740934,0,74,768.98376,17.53653,40.36111
7/27/2026 9:39,39798.887,41396.215,26.892603,25.126331,1.0178055,26.907541,7.1515665,96.15631,150.64038,0.24912925,7.9240856,-60.37712,394.29013,22.979774,0,74,768.98376,17.760607,40.875923
7/27/2026 10:09,39847.12,41411.754,26.904867,25.095917,1.0178032,26.91764,7.209483,97.014595,151.97408,0.35806197,7.927498,-60.58693,391.1859,23.021866,0,74,768.98376,17.928902,41.25757
7/27/2026 10:39,39805.363,41468.05,26.942507,25.122242,1.0178651,26.954233,6.972274,93.64054,146.71883,0.33176538,7.8963723,-58.727264,400.2744,22.900751,0,74,768.98376,18.008078,41.434628
7/27/2026 11:09,39925.164,41563.855,27.012592,25.04686,1.0179082,27.016506,6.9699106,93.70535,146.81165,0.08129029,7.8920484,-58.47931,403.45972,22.93582,0,74,768.98376,18.014788,41.44795
7/27/2026 11:39,40015.297,41542.344,27.000526,24.990442,1.0178605,27.002523,7.172005,96.65577,151.39813,0.041654628,7.9066978,-59.370995,398.42432,23.075455,0,74,768.98376,17.908337,41.20834
7/27/2026 12:09,40393.28,41479.414,26.968197,24.756592,1.0176812,26.961618,7.4763017,101.73093,159.19449,0.04093092,7.924347,-60.52494,381.54904,23.629065,0,74,768.98376,17.736244,40.825676
7/27/2026 12:39,40615.215,41449.605,26.953733,24.621315,1.0175805,26.942244,7.429656,101.653946,158.98433,0.04110202,7.91471,-60.019493,388.01495,23.946062,0,74,768.98376,17.500603,40.294926
7/27/2026 13:09,40828.934,41517.105,27.006584,24.492435,1.017567,26.986118,7.276653,99.91636,156.21436,0.032089897,7.873316,-57.606697,372.54156,24.132166,0,74,768.98376,17.235218,39.694195
7/27/2026 13:39,40969.73,41446.76,26.96125,24.408264,1.0174568,26.940395,7.102067,97.94721,153.06157,0.02796812,7.845649,-56.01883,384.63895,24.397406,0,74,768.98376,16.963566,39.082607
7/27/2026 14:09,40919.098,40968.83,26.626165,24.438467,1.0170479,26.629738,6.941308,96.44749,150.56648,0.028036132,7.819437,-54.564476,377.2575,24.936447,0,74,768.98376,16.662569,38.415115
7/27/2026 14:39,40273.188,39764.438,25.769852,24.830416,1.0161879,25.846884,7.025192,98.377396,153.36201,0.028167147,7.8018746,-53.653717,383.56604,25.669853,0,74,768.98376,16.369076,37.780632
7/27/2026 15:09,40488.895,39556.453,25.628569,24.69813,1.0159129,25.711695,7.129738,100.73115,156.85426,0.026815597,7.7798586,-52.44255,376.27045,26.23416,0,74,768.98376,16.097149,37.174892
7/27/2026 15:39,39266.453,38084.605,24.576899,25.467031,1.0150058,24.754993,7.124991,100.73754,156.7386,0.027122658,7.747638,-50.587654,387.29016,26.624722,0,74,768.98376,15.877767,36.707863
7/27/2026 16:09,37735.016,36406.48,23.38216,26.500586,1.0140239,23.664211,7.13021,100.62459,156.46945,0.029511195,7.7236876,-49.204826,375.54565,26.910564,0,74,768.98376,15.692124,36.320152
7/27/2026 16:39,35521.74,34132.133,21.772951,28.151775,1.0127522,22.185886,7.0688004,99.233734,154.23457,0.030591339,7.7179775,-48.89965,355.34207,27.131542,0,74,768.98376,15.587171,36.12653
7/27/2026 17:09,35324.64,33832.695,21.56342,28.308851,1.0125415,21.991253,7.9652586,112.0245,174.0487,0.032922722,7.7695394,-52.013397,377.56744,27.308783,0,74,768.98376,15.580071,36.11794
7/27/2026 17:39,35708.31,34174.71,21.804905,28.004686,1.0127096,22.213562,7.9827294,112.499825,174.77187,0.03137035,7.787511,-53.095818,390.01288,27.349493,0,74,768.98376,15.67831,36.33634
7/27/2026 18:09,40300.375,40487.734,26.27545,24.813665,1.016836,26.317028,7.9968204,110.54772,172.6368,0.7168878,7.9618635,-62.98065,379.1887,24.757719,0,74,768.98376,15.855402,36.592754
7/27/2026 18:39,40413.105,39673.35,25.708973,24.744448,1.0160507,25.78768,11.374754,160.071,249.38538,2.3431084,8.275277,-81.90632,345.5335,25.976238,0,74,768.98376,16.073751,37.11605
7/27/2026 19:09,40622.54,40050.34,25.977087,24.616877,1.0163203,26.032722,10.594296,148.73131,231.82368,2.237568,8.227296,-78.988075,334.14667,25.748009,0,74,768.98376,16.354235,37.74308
7/27/2026 19:39,40908.18,40524.37,26.314987,24.444988,1.0166491,26.340841,10.19049,142.71674,222.55913,2.0504682,8.201956,-77.41451,336.33057,25.495869,0,74,768.98376,16.661156,38.427166
7/27/2026 20:09,40844.324,40420.758,26.241066,24.483206,1.0165781,26.273493,10.139481,142.07161,221.53024,2.0895772,8.210224,-77.91996,343.6643,25.54864,0,74,768.98376,17.009233,39.21981
7/27/2026 20:39,40865.98,40614.727,26.377296,24.470232,1.0167469,26.399574,9.870408,137.87346,215.0781,2.1893804,8.195887,-77.0092,351.27466,25.323889,0,74,768.98376,17.349642,39.985695
7/27/2026 21:09,40926.184,40827.258,26.527344,24.434235,1.0169178,26.537718,9.470397,131.94894,205.91403,1.8465596,8.161658,-74.92542,352.00897,25.126863,0,74,768.98376,17.671091,40.708717
7/27/2026 21:39,41007.625,41063.4,26.694391,24.385708,1.0171015,26.691208,9.263681,128.74942,200.99664,1.7746588,8.141529,-73.68088,358.3652,24.928888,0,73,768.98376,17.935585,41.301174
7/27/2026 22:09,40999.57,41195.395,26.786457,24.3905,1.0172226,26.777008,8.97117,124.36504,194.217,1.5578676,8.122816,-72.52693,363.38153,24.751122,0,73,768.98376,18.131922,41.741383
7/27/2026 22:39,40892.176,41229.82,26.807829,24.454556,1.017291,26.799383,8.621693,119.16142,186.1531,1.6031015,8.085189,-70.25242,373.89102,24.57124,0,73,768.98376,18.24486,41.994896
7/27/2026 23:09,40761.254,41391.527,26.917238,24.533102,1.0174795,26.904493,8.173269,112.30915,175.56737,1.6669927,8.036888,-67.305565,383.547,24.20277,0,73,768.98376,18.266947,42.03711
7/27/2026 23:39,40797.797,41371.1,26.903969,24.511127,1.017449,26.891216,7.9595833,109.50194,171.15662,1.2012899,8.032508,-67.06238,379.03134,24.274471,0,73,768.98376,18.182457,41.846405
7/28/2026 0:09,40867.4,41179.434,26.772026,24.469383,1.0172547,26.766632,7.781478,107.58664,168.06107,0.8153816,8.006647,-65.60326,376.0654,24.603277,0,73,768.98376,17.972898,41.379444
7/28/2026 0:39,40734.73,40962.973,26.617613,24.549076,1.017108,26.625933,6.981919,96.623375,150.9058,0.17826682,7.919591,-60.46295,383.80923,24.708277,0,73,768.98376,17.717182,40.80604
7/28/2026 1:09,40829.324,40999.348,26.645329,24.4922,1.0171071,26.649576,6.6783767,92.55722,144.53511,0.06533727,7.87529,-57.849884,379.61786,24.78288,0,73,768.98376,17.434708,40.16461
7/28/2026 1:39,40797.48,40947.906,26.608625,24.511318,1.0170724,26.61614,6.5602193,90.93971,142.00264,0.048860256,7.857608,-56.80561,383.18936,24.807669,0,73,768.98376,17.135937,39.489014
7/28/2026 2:09,40329.766,40376.41,26.198502,24.795582,1.0167252,26.244667,6.4096684,88.84844,138.7026,0.04817281,7.8382254,-55.680275,377.34332,24.93952,0,73,768.98376,16.816519,38.77776
7/28/2026 2:39,40109.547,40175.527,26.053228,24.93172,1.0166234,26.114094,6.2433386,86.43305,134.93843,0.13899569,7.834289,-55.441856,384.49588,24.914013,0,73,768.98376,16.489954,38.039936
7/28/2026 3:09,39534.62,39631.797,25.661058,25.294285,1.0163406,25.76067,5.6021233,77.325836,120.72999,0.043039072,7.7392855,-49.796104,386.84668,24.871624,0,73,768.98376,16.18673,37.362053
7/28/2026 3:39,38329.527,38482.85,24.835278,26.089546,1.0157428,25.013855,4.868903,66.79613,104.305534,0.04167092,7.603841,-41.747093,392.10144,24.7914,0,73,768.98376,15.890036,36.71051
7/28/2026 4:09,36920.543,37162.02,23.889929,27.085192,1.0150696,24.155313,4.3591027,59.34382,92.69123,0.041538242,7.484664,-34.661293,383.78064,24.659794,0,73,768.98376,15.64494,36.177483
7/28/2026 4:39,35913.69,36217.312,23.216797,27.844534,1.0145917,23.541252,3.984985,53.949062,84.280426,0.043956287,7.4230833,-30.999184,386.10284,24.561087,0,73,768.98376,15.436089,35.71901
7/28/2026 5:09,33638.207,34027.785,21.667713,29.7281,1.0134726,22.11806,3.565107,47.70442,74.54699,0.038756616,7.341277,-26.135445,355.50418,24.400587,0,73,768.98376,15.319206,35.491596
7/28/2026 5:39,32166.771,32646.842,20.696949,31.087982,1.0127906,21.220448,3.6625876,48.590393,75.9552,0.03611478,7.330659,-25.491714,362.59952,24.230108,0,73,768.98376,15.324892,35.527836
7/28/2026 6:09,30979.44,31498.764,19.894894,32.279472,1.0122136,20.474195,3.4718676,45.77323,71.563614,0.047977246,7.273523,-22.101402,367.58725,24.136799,0,73,768.98376,15.43309,35.794056
7/28/2026 6:39,40000.47,40952.246,26.590849,24.999706,1.017353,26.61896,5.5921893,76.13544,119.10866,0.20194116,7.7559905,-50.60196,383.69003,23.783184,0,73,768.98376,15.619208,36.0385
7/28/2026 7:09,39394.12,40266.277,26.098152,25.384499,1.0169581,26.17308,5.4319673,73.852875,115.52069,0.11635495,7.730839,-49.128532,395.02444,23.865984,0,73,768.98376,15.8617115,36.602604
7/28/2026 7:39,39755.734,40596.03,26.336775,25.153605,1.0171239,26.38742,6.477586,88.268036,138.05644,0.6960264,7.863221,-56.967735,393.06464,23.91628,0,73,768.98376,16.144403,37.237675
7/28/2026 8:09,40096.695,40907.004,26.562082,24.93971,1.0172803,26.589552,6.9561815,94.99,148.55762,1.0251586,7.911429,-59.82876,386.80377,23.962902,0,73,768.98376,16.423344,37.864243
7/28/2026 8:39,40270.88,41056.055,26.670456,24.831839,1.017352,26.686436,7.119127,97.33703,152.2184,0.7726011,7.9370146,-61.34987,391.7486,23.998718,0,73,768.98376,16.76056,38.62699
7/28/2026 9:09,40225.965,41075.453,26.682714,24.859566,1.0173843,26.699045,7.1773176,97.99895,153.27592,0.82203895,7.9427805,-61.674118,388.04834,23.91722,0,73,768.98376,17.113989,39.42653
7/28/2026 9:39,40476.207,41354.78,26.883888,24.705872,1.0175444,26.88061,7.343756,100.33525,156.93834,0.75030875,7.960781,-62.732697,396.27377,23.887707,0,73,768.98376,17.436611,40.151775
7/28/2026 10:09,40551.785,41405.87,26.921545,24.659826,1.0175636,26.913816,7.516292,102.77333,160.74254,0.88578933,7.971548,-63.376427,391.31467,23.920046,0,73,768.98376,17.707851,40.766613
7/28/2026 10:39,40559.195,41369.168,26.896198,24.655321,1.0175288,26.88996,7.6411276,104.56585,163.53001,0.8814097,7.9920626,-64.6019,395.8017,23.974916,0,73,768.98376,17.911171,41.22836
7/28/2026 11:09,40713.7,41478.344,26.976452,24.561758,1.0175723,26.960922,7.5509033,103.48735,161.8259,0.9461475,7.994985,-64.787865,386.64642,24.034826,0,73,768.98376,18.038816,41.516174
7/28/2026 11:39,40707.566,41528.56,27.011261,24.565458,1.0176185,26.993565,7.507781,102.79091,160.75708,0.78825325,7.966792,-63.10463,413.61633,23.964958,0,73,768.98376,18.088964,41.627872
7/28/2026 12:09,40682.145,41471.85,26.971066,24.580809,1.0175772,26.956705,7.7861915,106.64935,166.77998,0.49989977,7.993249,-64.67819,395.85416,24.003036,0,73,768.98376,18.009972,41.450394
7/28/2026 12:39,40859.258,41388.09,26.917429,24.474258,1.0174428,26.90226,7.8431387,108.01508,168.81512,0.2267488,7.98987,-64.549446,385.26837,24.331028,0,73,768.98376,17.870565,41.139767
7/28/2026 13:09,41256.984,41429.71,26.956593,24.23832,1.0173419,26.929312,7.9460626,110.31985,172.27318,0.31771094,7.991839,-64.76402,375.44553,24.78172,0,73,768.98376,17.61653,40.56721
7/28/2026 13:39,41287.15,41371.062,26.9163,24.220612,1.0172788,26.891191,7.6373615,106.216034,165.82977,0.109874,7.946515,-62.098503,385.58783,24.893805,0,73,768.98376,17.373167,40.018997
7/28/2026 14:09,41244.62,41292.875,26.860567,24.245586,1.0172236,26.840368,7.307854,101.680405,158.735,0.04929244,7.8836966,-58.379173,384.81537,24.93882,0,73,768.98376,17.093748,39.387688
7/28/2026 14:39,40984.586,40853.914,26.547337,24.399418,1.0169208,26.555044,7.035088,98.09836,153.07634,0.06486871,7.851797,-56.529045,387.59534,25.167463,0,73,768.98376,16.772842,38.670403
7/28/2026 15:09,40867.285,40442.62,26.256865,24.46945,1.0165895,26.287704,6.7652445,94.803185,147.82492,0.091928,7.812499,-54.26407,383.07492,25.549763,0,73,768.98376,16.460579,37.97498
7/28/2026 15:39,40475.68,39778.242,25.783642,24.706194,1.0161242,25.855858,6.9708395,98.040634,152.76189,0.077407695,7.805771,-53.930283,384.43866,25.917965,0,73,768.98376,16.142231,37.26847
7/28/2026 16:09,39514.562,38740.9,25.03971,25.307125,1.0155276,25.181585,6.3386474,88.96933,138.59203,0.048149817,7.714383,-48.508644,388.28198,26.045557,0,73,768.98376,15.871692,36.676464
7/28/2026 16:39,38076.234,37336.246,24.034378,26.263102,1.0147755,24.26856,6.2689743,87.481,136.27571,0.048979152,7.6707034,-45.905113,397.3991,26.037674,0,73,768.98376,15.663486,36.2294
7/28/2026 17:09,37043.76,36370.21,23.345371,26.995098,1.0142789,23.640638,6.2702093,87.05597,135.63213,0.1038248,7.6479025,-44.53659,398.92975,25.969593,0,73,768.98376,15.530623,35.94434
7/28/2026 17:39,35187.27,34614.824,22.100494,28.419369,1.013376,22.499636,6.336627,87.204605,135.89182,0.049509455,7.623576,-43.0727,406.78802,25.865843,0,73,768.98376,15.490658,35.88482
7/28/2026 18:09,32392.506,31996.586,20.259727,30.871338,1.0120596,20.797781,6.4692416,87.77405,136.83821,0.050017077,7.6189747,-42.767525,407.53665,25.64784,0,73,768.98376,15.547058,36.06048
7/28/2026 18:39,39863.55,40202.918,26.06637,25.085573,1.0167365,26.131897,6.1226277,84.24439,131.60922,0.84211826,7.8305798,-55.155754,394.21384,24.558043,0,73,768.98376,15.734061,36.32067
7/28/2026 19:09,39672.227,39761.34,25.754433,25.20655,1.0164076,25.84487,6.261239,86.48614,135.0293,0.643546,7.8306108,-55.217743,390.83783,24.88266,0,73,768.98376,15.957588,36.84026
7/28/2026 19:39,39525.53,39535.6,25.593903,25.300102,1.0162567,25.698141,7.0931,98.06407,153.07559,0.6818182,7.914302,-60.20546,385.46863,24.986666,0,73,768.98376,16.229822,37.463123
7/28/2026 20:09,40464.742,40692.75,26.422422,24.712872,1.0169615,26.450289,7.2529655,100.2598,156.58565,1.2111602,7.9714518,-63.53855,378.24933,24.70664,0,73,768.98376,16.549171,38.16252
7/28/2026 20:39,40623.848,41058.316,26.681353,24.616083,1.0172318,26.687906,7.319436,100.868996,157.61334,1.248723,7.989852,-64.57329,382.35013,24.445978,0,73,768.98376,16.897083,38.940475
7/28/2026 21:09,40973.723,41567.547,27.045633,24.405886,1.0175622,27.018906,7.3575063,101.26138,158.28275,1.1472158,7.996118,-64.902306,379.47955,24.252054,0,73,768.98376,17.252832,39.734425
7/28/2026 21:39,41131.125,41858.957,27.253159,24.312489,1.0177653,27.208323,7.412097,101.8442,159.24069,1.2493482,8.01001,-65.68909,385.9264,24.089645,0,73,768.98376,17.582891,40.475113
7/28/2026 22:09,41185.707,41928.984,27.303514,24.280268,1.0178083,27.25384,7.363313,101.17171,158.1943,1.0430443,8.007337,-65.52696,385.10147,24.07188,0,73,768.98376,17.885906,41.15944
7/28/2026 22:39,41132.184,41934.145,27.305637,24.311863,1.0178308,27.257195,7.2107515,98.949715,154.74036,1.1153826,7.9983416,-64.9786,393.56055,23.998726,0,73,768.98376,18.084362,41.608776
7/28/2026 23:09,41101.05,41965.12,27.32637,24.330278,1.0178684,27.277328,7.0907054,97.18295,151.9984,1.1846887,7.9796824,-63.858032,391.11914,23.92198,0,73,768.98376,18.280857,42.052254
7/28/2026 23:39,41104.773,41958.727,27.322008,24.328075,1.0178615,27.273172,6.940239,95.13916,148.79846,1.4682297,7.969481,-63.257217,404.31323,23.93444,0,73,768.98376,18.34003,42.186714
7/29/2026 0:09,41060.8,41903.586,27.282343,24.354128,1.017828,27.237331,6.1545367,84.36787,131.94908,0.88011146,7.903423,-59.35192,388.24384,23.94699,0,73,768.98376,18.32299,42.149235
7/29/2026 0:39,40954.695,41818.742,27.220257,24.417225,1.0177894,27.182182,6.8427944,93.722,146.58629,1.269703,7.9568834,-62.508583,401.75262,23.918234,0,73,768.98376,18.188223,41.845673
7/29/2026 1:09,40990.215,41843.45,27.23846,24.396067,1.017799,27.198242,6.3116713,86.478,135.25284,0.77140313,7.893235,-58.746338,392.94067,23.932404,0,73,768.98376,17.962254,41.33332
7/29/2026 1:39,40992.406,41850.53,27.243467,24.394762,1.0178046,27.202845,6.075556,83.2366,130.18463,0.6022547,7.865768,-57.120323,398.35754,23.926468,0,73,768.98376,17.705917,40.75163
7/29/2026 2:09,40745.164,41558.887,27.03341,24.54279,1.0176324,27.013277,5.6321964,77.135056,120.63112,0.19217892,7.792431,-52.79064,398.25742,23.974873,0,73,768.98376,17.37665,40.012985
7/29/2026 2:39,40494.863,41259.273,26.81794,24.69449,1.0174541,26.81853,5.1544538,70.57328,110.35825,0.062385283,7.7183743,-48.418045,400.4461,24.030003,0,73,768.98376,17.051199,39.28072
7/29/2026 3:09,40181.3,40903.547,26.56197,24.887197,1.0172483,26.587305,4.999808,68.41008,106.9668,0.046972748,7.6884394,-46.653748,398.6389,24.075533,0,73,768.98376,16.733812,38.570168
7/29/2026 3:39,39582.848,40325.9,26.144608,25.263468,1.0169452,26.211836,4.6581182,63.53761,99.35535,0.042489856,7.6201353,-42.6054,402.00058,24.03528,0,73,768.98376,16.41648,37.861282
7/29/2026 4:09,37053.195,37885.9,24.3917,26.988226,1.0156771,24.625835,4.9369063,66.447975,103.94106,0.038291965,7.5668073,-39.424896,399.5258,23.849257,0,73,768.98376,16.178284,37.36687
7/29/2026 4:39,31896.809,32765.818,20.771141,31.351099,1.0130169,21.297783,5.1409655,67.48388,105.60598,0.039356183,7.508758,-35.96306,397.9427,23.611422,0,73,768.98376,15.995598,37.047356
7/29/2026 5:09,22134.893,22929.477,14.035559,45.17754,1.008065,14.90416,5.6707683,71.05911,111.28338,0.23758458,7.4055505,-29.821396,402.08163,23.185688,0,73,768.98376,15.726734,36.61068
7/29/2026 5:39,8768.636,9203.075,5.221323,114.04282,1.0015986,5.981999,6.485346,76.29986,119.62361,0.05039334,7.379138,-28.20015,386.98022,22.528484,0,73,768.98376,15.593488,36.537537
7/29/2026 6:09,4398.371,4652.708,2.5181534,227.3569,0.9996509,3.02426,7.038223,80.917694,126.94495,0.038667012,7.320328,-24.704933,379.6083,22.137993,0,73,768.98376,15.564931,36.539623
7/29/2026 6:39,3402.6008,3606.391,1.9214112,293.89282,0.99922186,2.3441541,6.956076,79.55023,124.819176,0.033938512,7.2710624,-21.800995,393.42706,22.041458,0,73,768.98376,15.643213,36.736538
7/29/2026 7:09,2528.735,2685.05,1.4064276,395.45462,0.9988524,1.7452825,6.8477273,77.94375,122.31618,0.03027365,7.191002,-17.089844,400.24106,21.951998,0,73,768.98376,15.824435,37.168247
7/29/2026 7:39,1833.5121,1949.0835,1.0037016,545.40137,0.9985599,1.2669042,7.036862,79.823166,125.27686,0.030272067,7.110301,-12.345314,402.0721,21.895536,0,73,768.98376,16.013647,37.61639
7/29/2026 8:09,1511.2528,1607.8665,0.82014585,661.70264,0.9984301,1.0451132,7.082059,80.186226,125.855034,0.028571863,7.030131,-7.634163,397.8378,21.854025,0,73,768.98376,16.266975,38.205368
7/29/2026 8:39,36418.168,37414.6,24.051136,27.458822,1.0154885,24.319492,5.745448,76.84644,120.25877,1.6121694,7.7479486,-50.09651,386.41754,23.605642,0,73,768.98376,16.526915,38.166485
7/29/2026 9:09,37719.816,38550.18,24.86672,26.511263,1.0160284,25.057617,5.827111,78.675835,123.06336,1.7705868,7.8737645,-57.582855,391.10486,23.872263,0,73,768.98376,16.905647,39.005833
7/29/2026 9:39,38651.504,39462.95,25.52182,25.872215,1.0165076,25.650917,6.0166473,81.61459,127.648476,1.7685944,7.9286523,-60.839653,395.20087,23.923447,0,73,768.98376,17.256536,39.784424
7/29/2026 10:09,38583.973,39406.715,25.481127,25.917498,1.0164815,25.614365,5.973722,80.98973,126.674904,1.5298843,7.9147635,-60.014725,389.81738,23.906897,0,73,768.98376,17.605673,40.577682
7/29/2026 10:39,39174.39,40089.695,25.969778,25.52688,1.0168787,26.058302,5.8791203,79.787,124.81651,0.97919416,7.903017,-59.29947,402.82074,23.804638,0,73,768.98376,17.89264,41.21164
7/29/2026 11:09,39530.934,40449.12,26.228674,25.296644,1.017072,26.29193,5.817339,79.07567,123.7022,1.1304594,7.890817,-58.579445,403.71243,23.811531,0,73,768.98376,18.111488,41.700447
7/29/2026 11:39,39761.94,40698.26,26.407887,25.149677,1.0172116,26.45387,5.821136,79.186386,123.87895,1.0274631,7.879016,-57.878494,409.69672,23.795479,0,73,768.98376,18.252726,42.01596
7/29/2026 12:09,39802.44,40750.703,26.445412,25.124086,1.0172439,26.487959,5.7065153,77.62504,121.43936,0.78158116,7.862448,-56.89621,413.24918,23.781683,0,73,768.98376,18.275036,42.065556
7/29/2026 12:39,39833.242,40782.438,26.468294,25.10466,1.0172611,26.508585,4.4089,59.98136,93.837006,0.6402749,7.7830925,-52.204132,412.18582,23.781435,0,73,768.98376,18.233486,41.969475
7/29/2026 13:09,39677.56,40597.742,26.33581,25.203163,1.0171522,26.388533,4.8624983,66.139175,103.46467,0.67515707,7.7663865,-51.221848,406.48285,23.813307,0,73,768.98376,18.084059,41.6362
7/29/2026 13:39,38696.83,39578.13,25.602703,25.841911,1.0165937,25.725784,4.8201714,65.31211,102.16702,0.63270694,7.759633,-50.826073,405.32413,23.834167,0,73,768.98376,17.845171,41.11584
7/29/2026 14:09,33313.1,34131.61,21.730719,30.018219,1.0137026,22.185547,5.056287,66.8981,104.664696,0.79395556,7.708998,-47.81723,405.3432,23.744452,0,73,768.98376,17.543484,40.545757
7/29/2026 14:39,25249.342,25822.86,15.990654,39.604992,1.0093621,16.784859,5.203551,66.72674,104.37936,0.45663276,7.6015863,-41.480064,412.70557,23.837187,0,73,768.98376,17.223257,39.984863
7/29/2026 15:09,15236.149,15463.869,9.147866,65.633385,1.0041226,10.051516,5.6579123,70.2649,109.836426,0.044261962,7.3502283,-26.650429,404.62317,24.22901,0,73,768.98376,16.90546,39.46086
7/29/2026 15:39,16429.168,16660.46,9.918448,60.867355,1.004689,10.829299,5.469675,68.281624,106.727615,0.04611496,7.3185196,-24.776459,401.14227,24.273155,0,73,768.98376,16.577978,38.686813
7/29/2026 16:09,12584.491,12740.993,7.4182982,79.46288,1.0027918,8.281646,5.537889,68.257866,106.67414,0.043721616,7.2066,-18.15319,399.86435,24.356895,0,73,768.98376,16.270845,38.05195
7/29/2026 16:39,8183.2734,8258.022,4.6511016,122.200485,1.0006711,5.3677144,5.746241,69.93396,109.25949,0.043870047,7.1208324,-13.079643,403.6743,24.526087,0,73,768.98376,15.97182,37.44222
7/29/2026 17:09,4966.319,5019.396,2.7315342,201.35638,0.9992492,3.2626073,5.853767,70.364746,109.94871,0.0413283,7.0344706,-7.958412,405.5101,24.446365,0,73,768.98376,15.742679,36.965508
7/29/2026 17:39,4852.6562,4907.91,2.666959,206.07271,0.99920964,3.1901417,5.696521,68.40425,106.89235,0.03849545,7.0067225,-6.313324,429.74774,24.41057,0,73,768.98376,15.566791,36.56141
7/29/2026 18:09,4332.2793,4393.386,2.3704906,230.82538,0.9990217,2.855701,5.750572,68.760086,107.47573,0.040148314,7.011764,-6.608963,405.0428,24.271791,0,73,768.98376,15.46553,36.333755
7/29/2026 18:39,4218.248,4283.9233,2.3077433,237.06525,0.99899334,2.7845502,5.5861125,66.677864,104.23526,0.038974468,7.0206504,-7.133484,408.16132,24.19735,0,73,768.98376,15.516496,36.45233
7/29/2026 19:09,4917.8623,4972.5674,2.7043922,203.34038,0.99923444,3.232169,5.728702,68.82232,107.54301,0.039854128,7.006315,-6.289482,433.4146,24.424011,0,73,768.98376,15.6388645,36.72654
7/29/2026 19:39,39960.242,40430.46,26.227118,25.024874,1.0169057,26.2798,6.0810266,83.50497,130.49428,1.5349294,7.833275,-55.2845,403.87454,24.391083,0,73,768.98376,15.885019,36.657288
7/29/2026 20:09,39134.46,39428.06,25.509928,25.552927,1.0163026,25.628237,6.9960723,96.04444,150.02911,1.7826241,7.9297385,-61.044693,394.0231,24.610134,0,73,768.98376,16.183504,37.356163
7/29/2026 20:39,38641.816,38940.207,25.159601,25.8787,1.0160422,25.311134,7.532332,103.179405,161.17786,1.6519217,8.003769,-65.431595,387.24725,24.598806,0,73,768.98376,16.495731,38.073578
7/29/2026 21:09,38874.25,39159.062,25.316956,25.723969,1.0161548,25.453392,7.7482977,106.27085,166.00075,3.006562,8.048969,-68.11619,382.85556,24.619202,0,73,768.98376,16.901491,38.99116
7/29/2026 21:39,38911.844,39246.434,25.378475,25.699116,1.0162199,25.510183,7.659339,104.967545,163.98488,3.1718888,8.042466,-67.715645,388.95908,24.553644,0,73,768.98376,17.290125,39.870846
7/29/2026 22:09,38208.08,38592.6,24.908392,26.172476,1.0158877,25.08519,7.3282056,100.02807,156.29002,3.1533153,8.008158,-65.665245,383.6185,24.478344,0,73,768.98376,17.671377,40.749405
7/29/2026 22:39,39318.1,39802.227,25.774237,25.433578,1.0165726,25.871449,6.801847,93.11622,145.52135,2.967459,7.9697914,-63.36689,395.5299,24.363178,0,73,768.98376,17.97712,41.415737
7/29/2026 23:09,39425.703,39871.832,25.825281,25.364164,1.0165963,25.91669,7.133317,97.7697,152.77945,3.3222413,7.9998665,-65.1598,390.25607,24.414183,0,73,768.98376,18.237886,42.007175
7/29/2026 23:39,39298.348,39718.62,25.715696,25.446363,1.0165046,25.817104,7.1903,98.54377,153.98004,3.2476773,8.010693,-65.8083,395.74448,24.446009,0,73,768.98376,18.4107,42.402092
7/30/2026 0:09,38323.97,38736.82,25.011019,26.09333,1.0159754,25.178932,6.6529884,90.80699,141.89195,2.6167665,7.9522877,-62.34646,397.9284,24.441996,0,73,768.98376,18.503988,42.636456
7/30/2026 0:39,39120.312,39545.93,25.591398,25.562168,1.0164139,25.704855,6.844771,93.72614,146.45479,2.2651873,7.961883,-62.913895,395.65863,24.436512,0,73,768.98376,18.457678,42.51309
7/30/2026 1:09,38535.566,38946.96,25.161701,25.950054,1.0160874,25.315525,6.637009,90.67479,141.68407,2.5125682,7.939637,-61.597824,390.4516,24.446968,0,73,768.98376,18.344727,42.26951
7/30/2026 1:39,38395.742,38842.504,25.08594,26.044554,1.0160444,25.247627,6.226166,84.951775,132.7536,1.8760953,7.8973155,-59.080124,393.13617,24.397806,0,73,768.98376,18.10207,41.72132
7/30/2026 2:09,38393.457,38827.617,25.075575,26.046104,1.0160317,25.237953,5.4703298,74.65653,116.66167,1.3709486,7.800689,-53.358078,395.6825,24.41457,0,73,768.98376,17.815231,41.070717
7/30/2026 2:39,35404.65,35928.066,23.006538,28.244879,1.0145253,23.353243,5.596383,75.242805,117.616005,1.2101995,7.7715936,-51.603317,400.65588,24.237253,0,73,768.98376,17.4823,40.37336
7/30/2026 3:09,35178.746,35688.6,22.837208,28.426254,1.0143937,23.197592,5.2636056,70.71854,110.54091,0.8723052,7.707779,-47.826767,395.44885,24.25203,0,73,768.98376,17.097992,39.505028
7/30/2026 3:39,32252.275,32836.145,20.827084,31.005564,1.0129331,21.343493,4.890162,64.73902,101.22786,0.6534073,7.594513,-41.093826,400.05032,24.069044,0,73,768.98376,16.748898,38.76558
7/30/2026 4:09,26731.354,27416.15,17.074028,37.409256,1.0102148,17.8205,4.7816076,61.537216,96.28628,0.34633282,7.455269,-32.811165,400.94202,23.692257,0,73,768.98376,16.400723,38.072784
7/30/2026 4:39,20303.086,20960.531,12.726934,49.253597,1.0070367,13.624346,4.777101,59.599136,93.308495,0.3524493,7.318842,-24.719238,406.02032,23.357807,0,73,768.98376,16.09043,37.48051
7/30/2026 5:09,16196.83,16824.834,10.018704,61.740475,1.0050813,10.936142,4.7596345,58.127766,91.053856,0.19467402,7.185966,-16.856194,416.59656,23.045757,0,73,768.98376,15.782685,36.846294
7/30/2026 5:39,14896.666,15515.214,9.175037,67.12911,1.0044802,10.084889,4.6546965,56.431057,88.41611,0.065878786,7.1418514,-14.247894,410.226,22.912714,0,73,768.98376,15.51242,36.24634
7/30/2026 6:09,14793.288,15420.979,9.114442,67.59822,1.0044458,10.023636,4.171777,50.517597,79.15678,0.047186513,7.086797,-11.000633,404.4849,22.868917,0,73,768.98376,15.324897,35.817
7/30/2026 6:39,11792.531,12341.517,7.1622453,84.79944,1.0030258,8.021986,4.1288695,49.25548,77.20483,0.041907497,7.086841,-10.995865,406.15384,22.671055,0,73,768.98376,15.228435,35.64553
7/30/2026 7:09,10717.353,11236.506,6.472733,93.306625,1.0025287,7.303729,4.3410983,51.49439,80.726326,0.043649383,7.0704603,-10.027885,418.8997,22.581026,0,73,768.98376,15.282697,35.787205
7/30/2026 7:39,19610.28,20381.594,12.341758,50.993664,1.0068347,13.248035,2.985358,36.93203,57.85462,0.10839862,7.0820136,-10.724068,428.31244,23.018658,0,73,768.98376,15.508526,36.155308
7/30/2026 8:09,37157.184,37936.9,24.429502,26.912697,1.0156845,24.658983,4.8754544,65.72181,102.79142,0.23699442,7.6671576,-45.371056,405.34796,23.923931,0,73,768.98376,15.732361,36.353004
7/30/2026 8:39,36562.8,37389.99,24.038061,27.350203,1.0154127,24.303493,5.6666965,76.10567,119.04966,1.020079,7.776705,-51.836967,408.30438,23.841717,0,73,768.98376,16.056702,37.100674
7/30/2026 9:09,36345.07,37196.637,23.899675,27.514048,1.0153197,24.177814,5.983161,80.234726,125.51764,1.2406285,7.812306,-53.93505,400.4747,23.801382,0,73,768.98376,16.362434,37.797745
7/30/2026 9:39,37893.74,38695.895,24.971817,26.389584,1.0160956,25.15233,6.4916615,87.766884,137.27304,1.2877927,7.896277,-58.922768,399.67838,23.914673,0,73,768.98376,16.72219,38.58524
7/30/2026 10:09,37581.75,38409.793,24.766304,26.60866,1.015953,24.966366,6.801814,91.78148,143.56326,1.4838835,7.919319,-60.276985,392.77856,23.871302,0,73,768.98376,17.106688,39.46389
7/30/2026 10:39,37417.08,38246.227,24.649279,26.725763,1.0158666,24.860048,7.0126333,94.55193,147.89845,1.9401025,7.953606,-62.303543,396.6934,23.864964,0,73,768.98376,17.485369,40.326942
7/30/2026 11:09,38390.855,39215.74,25.343946,26.047869,1.0163805,25.49023,6.5911627,89.277664,139.63998,1.4541227,7.919467,-60.29129,390.27515,23.89872,0,73,768.98376,17.818636,41.063736
7/30/2026 11:39,38853.87,39716.938,25.702982,25.737461,1.0166614,25.81601,6.5100617,88.30432,138.12656,1.3087515,7.9083047,-59.62372,401.8623,23.862278,0,73,768.98376,18.078764,41.64209
7/30/2026 12:09,38901.645,39775.39,25.744722,25.705854,1.0166962,25.854006,6.470547,87.77017,137.29408,1.3155066,7.8977036,-58.994293,405.36227,23.849895,0,73,768.98376,18.23841,42.003124
7/30/2026 12:39,38821.39,39711.41,25.698275,25.758995,1.0166678,25.812418,6.4531684,87.47492,136.8379,1.1297243,7.900685,-59.165955,408.68106,23.826586,0,73,768.98376,18.3115,42.17033
7/30/2026 13:09,38893.79,39774.074,25.743603,25.711046,1.0166979,25.853148,5.496625,74.54742,116.61227,0.78637326,7.8004923,-53.243637,405.19537,23.841251,0,73,768.98376,18.301489,42.146423
7/30/2026 13:39,38594.414,39342.215,25.436789,25.910486,1.0164205,25.572441,6.606836,89.70528,140.2821,1.1935254,7.895491,-58.894157,403.05914,24.004837,0,73,768.98376,18.142923,41.79805
7/30/2026 14:09,38293.953,38923.39,25.139338,26.113783,1.0161544,25.300205,6.734128,91.51685,143.07664,1.4877534,7.8860536,-58.36487,398.13342,24.153341,0,73,768.98376,17.953905,41.379684
7/30/2026 14:39,38338.227,38951.53,25.159925,26.083628,1.0161633,25.318495,6.4160943,87.23925,136.38358,1.0608951,7.8528776,-56.405067,400.18384,24.17564,0,73,768.98376,17.695038,40.791874
7/30/2026 15:09,37726.74,38313.69,24.703764,26.5064,1.0158137,24.9039,6.1027822,82.795166,129.43076,0.8270792,7.798446,-53.186417,396.15454,24.197922,0,73,768.98376,17.376389,40.08237
7/30/2026 15:39,35955.64,36536.06,23.43662,27.812048,1.0148683,23.748438,5.899491,79.41693,124.15637,0.8983203,7.74127,-49.796104,401.95767,24.168262,0,73,768.98376,17.05416,39.386654
7/30/2026 16:09,31340.4,31814.105,20.11557,31.907698,1.0123563,20.679169,5.8340764,77.12863,120.56752,0.9072639,7.6275787,-43.0727,404.96173,24.22043,0,73,768.98376,16.710434,38.699852
7/30/2026 16:39,27473.75,28011.072,17.484507,36.39838,1.0104412,18.207197,5.477171,71.04177,111.097725,0.7256448,7.4904027,-34.923553,411.05096,23.99568,0,73,768.98376,16.387444,38.034008
7/30/2026 17:09,22195.012,22729.037,13.906514,45.05517,1.0078148,14.773874,5.229685,66.18456,103.54364,0.9312708,7.308583,-24.147034,426.60538,23.769878,0,73,768.98376,16.078737,37.425488
7/30/2026 17:39,18462.742,18985.086,11.427424,54.163136,1.0060081,12.340306,5.3430514,66.40903,103.93347,0.8201585,7.215333,-18.620491,434.4255,23.559511,0,73,768.98376,15.82919,36.919567
7/30/2026 18:09,16636.55,17130.062,10.218626,60.108612,1.0051178,11.134541,5.360245,66.07951,103.43002,0.74664444,7.172217,-16.069412,434.67346,23.491636,0,73,768.98376,15.618915,36.46922
7/30/2026 18:39,15528.372,16010.869,9.495784,64.398254,1.0045927,10.407065,5.4164925,66.411385,103.96211,0.4822373,7.191094,-17.180443,445.93158,23.422222,0,73,768.98376,15.515489,36.25017
7/30/2026 19:09,12785.769,13227.883,7.721647,78.21196,1.0033029,8.598124,4.8439646,58.60231,91.76501,0.16920803,7.1546645,-15.0203705,441.1537,23.25011,0,73,768.98376,15.496768,36.25248
7/30/2026 19:39,11688.74,12113.555,7.021224,85.55242,1.002798,7.8738103,5.451876,65.586494,102.71674,0.20203952,7.1600723,-15.335083,449.87027,23.16391,0,73,768.98376,15.576514,36.454227
7/30/2026 20:09,38375.85,39401.44,25.471806,26.058054,1.0165503,25.610937,5.487603,74.04134,115.86256,1.2102112,7.702432,-47.41192,410.43106,23.637213,0,73,768.98376,15.817395,36.515877
7/30/2026 20:39,37756.39,38646.977,24.934423,26.485582,1.0161015,25.120535,6.334971,85.44688,133.67331,2.3034484,7.8432975,-55.766106,410.39767,23.793499,0,73,768.98376,16.09503,37.16178
7/30/2026 21:09,36969.49,37802.254,24.331982,27.049334,1.0156327,24.571466,7.687628,103.43074,161.792,5.0607953,7.988019,-64.33487,394.76697,23.846622,0,73,768.98376,16.407682,37.889156
7/30/2026 21:39,37973.008,38855.57,25.084085,26.334496,1.0162094,25.25612,7.663629,103.48851,161.8927,4.209792,7.990328,-64.463615,390.89026,23.81079,0,73,768.98376,16.767828,38.684624
7/30/2026 22:09,38229.773,39200.65,25.32917,26.157623,1.0164243,25.480421,7.2559705,97.93535,153.23483,6.116901,7.9424024,-61.60736,391.80103,23.70331,0,73,768.98376,17.15572,39.557514
7/30/2026 22:39,38335.668,39453.71,25.506763,26.085367,1.0166105,25.644913,6.669325,89.811165,140.5696,4.882329,7.8985834,-58.97999,393.68454,23.516329,0,73,768.98376,17.524952,40.38776
7/30/2026 23:09,38688.65,39958.246,25.865114,25.847374,1.0169308,25.97286,6.179587,83.12225,130.14117,3.854281,7.8353014,-55.208206,398.50537,23.336489,0,73,768.98376,17.83515,41.07849
7/30/2026 23:39,38737.83,40068.46,25.942646,25.81456,1.0170102,26.044498,5.9263825,79.6456,124.71414,4.2479043,7.814291,-53.954124,388.68253,23.26131,0,73,768.98376,18.114393,41.70921
7/31/2026 0:09,38754.3,40093.207,25.960215,25.803587,1.0170263,26.060585,5.901972,79.31182,124.193565,5.0993094,7.798567,-53.024292,407.2744,23.251581,0,73,768.98376,18.320063,42.17559
7/31/2026 0:39,38812.965,40163.168,26.010248,25.764587,1.0170673,26.10606,5.460829,73.38954,114.92225,5.631474,7.7856755,-52.261353,418.8806,23.2399,0,73,768.98376,18.437723,42.440166
7/31/2026 1:09,38998.277,40356.773,26.14947,25.642159,1.0171729,26.231903,5.2502265,70.61286,110.574615,3.7920315,7.7190266,-48.327446,418.01276,23.237581,0,73,768.98376,18.419344,42.394573
7/31/2026 1:39,38905.81,40255.566,26.07681,25.703102,1.0171163,26.166119,4.8344045,65.00117,101.7859,1.8298751,7.6925883,-46.76819,418.7471,23.244516,0,73,768.98376,18.300337,42.12693
7/31/2026 2:09,38448.914,39771.715,25.729383,26.008537,1.0168501,25.851614,5.170634,69.400154,108.67168,4.0610666,7.690773,-46.663284,416.3629,23.258646,0,73,768.98376,18.082718,41.644047
7/31/2026 2:39,37918.273,39254.105,25.357185,26.372509,1.0165805,25.51517,4.6789746,62.6215,98.063995,3.9304602,7.6449056,-43.95008,418.7042,23.218304,0,73,768.98376,17.790201,40.99123
7/31/2026 3:09,38261.004,39598.33,25.60433,26.136272,1.0167632,25.738913,4.2623367,57.14041,89.478645,2.455086,7.577326,-39.963722,411.7376,23.23182,0,73,768.98376,17.478811,40.277645
7/31/2026 3:39,36926.344,38209.25,24.61037,27.080936,1.0160105,24.836014,4.554173,60.715046,95.07464,1.6004477,7.58417,-40.369034,409.30096,23.242107,0,73,768.98376,17.131443,39.518505
7/31/2026 4:09,33378.805,34647.53,22.082354,29.959131,1.0141482,22.520895,4.4209685,57.920265,90.72307,1.8529963,7.478075,-34.08909,402.8875,23.082825,0,73,768.98376,16.793316,38.820663
7/31/2026 4:39,29600.04,30859.32,19.432695,33.78374,1.0122106,20.058558,4.399662,56.541145,88.595955,1.7034194,7.44121,-31.89087,394.25674,22.863497,0,73,768.98376,16.441011,38.090523
7/31/2026 5:09,22788.818,23996.545,14.742438,43.88117,1.0088075,15.5977545,4.553567,56.434177,88.50195,1.0860983,7.3193574,-24.666786,399.42566,22.364965,0,73,768.98376,16.117455,37.477554
7/31/2026 5:39,18256.248,19358.342,11.660893,54.77577,1.0065727,12.582923,4.618577,55.8652,87.659065,0.84016716,7.230526,-19.41681,406.72604,22.019308,0,73,768.98376,15.818626,36.87381
7/31/2026 6:09,17857.322,18958.365,11.398546,55.99944,1.0063897,12.322937,4.481502,54.06379,84.84064,1.4820447,7.1798778,-16.436577,408.85748,21.959328,0,73,768.98376,15.550696,36.266308
7/31/2026 6:39,15682.707,16710.637,9.937067,63.764503,1.0053322,10.861914,4.384668,52.270885,82.05074,1.5480915,7.145378,-14.400482,374.99252,21.779394,0,73,768.98376,15.347595,35.838356
7/31/2026 7:09,14615.771,15608.217,9.227586,68.41924,1.0048233,10.145341,4.3699417,51.774574,81.28566,0.9387969,7.1181774,-12.798309,376.49457,21.670952,0,73,768.98376,15.226591,35.577934
7/31/2026 7:39,12488.956,13346.406,7.789447,80.07075,1.003747,8.675164,4.729865,55.535378,87.19487,0.6508643,7.130713,-13.532639,416.14835,21.636349,0,73,768.98376,15.260803,35.69437
7/31/2026 8:09,11051.973,11803.157,6.8218756,90.48158,1.0030098,7.672052,5.089107,59.453598,93.34214,1.4164147,7.114849,-12.602806,432.02225,21.667921,0,73,768.98376,15.380928,35.99633
7/31/2026 8:39,38639.277,40298.035,26.097961,25.880402,1.0172424,26.193724,4.1083593,54.853382,85.95405,2.0205789,7.5934205,-40.860176,401.08505,22.844908,0,73,768.98376,15.659429,36.133358
7/31/2026 9:09,38664.645,40227.29,26.049995,25.863422,1.0171729,26.147738,4.7840166,63.99541,100.2588,1.2186692,7.6634116,-45.00389,409.17697,22.96621,0,73,768.98376,15.960154,36.817318
7/31/2026 9:39,38457.19,39829.297,25.769331,26.00294,1.0168976,25.889044,6.0922756,81.69865,127.94327,1.8688716,7.7988153,-53.02906,402.17224,23.196352,0,73,768.98376,16.290731,37.576756
7/31/2026 10:09,39191.566,40523.043,26.270124,25.515694,1.0172522,26.339977,6.1981034,83.481964,130.71718,0.7530999,7.817789,-54.163933,370.76297,23.279724,0,73,768.98376,16.6457,38.368282
7/31/2026 10:39,39323.832,40614.805,26.337505,25.429873,1.0172876,26.399624,6.385825,86.129486,134.84961,4.712528,7.838857,-55.418015,355.66632,23.335827,0,73,768.98376,17.040207,39.261993
7/31/2026 11:09,39362.89,40690.395,26.390957,25.404638,1.0173401,26.448757,6.418,86.52264,135.47543,0.8569514,7.8448935,-55.766106,332.04858,23.29191,0,73,768.98376,17.420187,40.1222
7/31/2026 11:39,39334.836,40702.516,26.398499,25.422758,1.0173601,26.456636,6.3560843,85.613846,134.06435,0.51421237,7.8468337,-55.87101,388.0102,23.240742,0,73,768.98376,17.76347,40.899742
7/31/2026 12:09,39480.8,40956.5,26.578571,25.328768,1.0175312,26.621725,6.2165155,83.631485,130.9888,1.2699615,7.8250933,-54.564476,401.61435,23.113567,0,73,768.98376,18.040955,41.52215
7/31/2026 12:39,39280.72,40761.71,26.437786,25.457783,1.0174295,26.495113,6.1893115,83.174545,130.27664,1.4964757,7.824092,-54.502487,408.17563,23.097754,0,73,768.98376,18.230343,41.95527
7/31/2026 13:09,39686.156,41151.9,26.720043,25.197704,1.0176321,26.748734,6.127353,82.53117,129.26064,0.8369175,7.8103967,-53.7014,402.20563,23.135191,0,73,768.98376,18.330122,42.17319
7/31/2026 13:39,39706.156,41074.555,26.6671,25.18501,1.0175586,26.69846,5.065286,68.35137,107.029945,0.42530495,7.7192993,-48.34652,407.9229,23.25576,0,73,768.98376,18.31021,42.131496
7/31/2026 14:09,39689.133,40865.418,26.521729,25.195814,1.0173826,26.562523,6.436726,87.15069,136.41107,0.88043123,7.8153534,-54.05903,402.01013,23.492966,0,72,768.98376,18.186117,41.856934
7/31/2026 14:39,39880.008,40731.758,26.43441,25.07522,1.0172005,26.475643,6.4384356,87.766594,137.27489,0.9184972,7.817711,-54.273605,401.07074,23.905176,0,72,768.98376,17.960423,41.351845
7/31/2026 15:09,40003.113,40814.484,26.495235,24.998055,1.0172311,26.529415,6.3064704,86.0794,134.62294,0.069781624,7.7888513,-52.576065,400.01694,23.95919,0,72,768.98376,17.684923,40.7269
7/31/2026 15:39,40001.29,40507.605,26.281836,24.999195,1.0169599,26.329945,6.1702123,84.6887,132.35515,0.1518746,7.755821,-50.68779,400.62253,24.345589,0,72,768.98376,17.36515,40.011784
7/31/2026 16:09,39977.152,40235.137,26.091585,25.014288,1.0167248,26.15284,6.184227,85.26222,133.17296,0.5348522,7.734643,-49.48616,399.09665,24.664299,0,72,768.98376,17.037106,39.276775
7/31/2026 16:39,39237.766,39113.164,25.293455,25.485651,1.0159781,25.423557,6.0996356,84.4487,131.77707,0.6537533,7.71333,-48.303604,398.58167,25.16679,0,72,768.98376,16.67946,38.49329
7/31/2026 17:09,36426.418,36054.14,23.115265,27.452602,1.0142326,23.435192,5.7115755,78.6117,122.58004,0.07100364,7.621317,-42.891502,398.2288,25.540604,0,72,768.98376,16.349688,37.808807
7/31/2026 17:39,32293.428,31877.219,20.176767,30.966053,1.011987,20.720192,5.4454064,73.894,115.19132,0.11760061,7.520405,-36.907196,411.43243,25.683592,0,72,768.98376,16.015644,37.129498
7/31/2026 18:09,28482,27921.285,17.44175,35.109894,1.009832,18.148834,5.416048,72.833244,113.45468,0.5823658,7.42296,-31.147003,412.71988,26.051416,0,72,768.98376,15.765986,36.636917
7/31/2026 18:39,25314.607,24806.49,15.319396,39.502884,1.0082381,16.124218,5.4495916,72.43844,112.83493,0.51562715,7.396754,-29.587746,421.2362,26.072424,0,72,768.98376,15.533523,36.162506
7/31/2026 19:09,23525.963,23138.045,14.194365,42.50623,1.007452,15.039729,5.338846,70.27641,109.50985,0.04909005,7.345024,-26.488304,406.1729,25.877768,0,72,768.98376,15.418076,35.925667
7/31/2026 19:39,21323.736,21137.172,12.857056,46.896095,1.0065683,13.7391615,5.3464727,69.33463,108.13076,0.045795273,7.3188586,-24.895668,428.0454,25.462114,0,72,768.98376,15.408065,35.933895
7/31/2026 20:09,20362.066,20268.367,12.280726,49.110928,1.0061977,13.174439,5.0418487,64.91602,101.28285,0.9221859,7.2472615,-20.623207,423.21985,25.24204,0,72,768.98376,15.503963,36.16711
7/31/2026 20:39,38375.113,38977.074,25.178532,26.058556,1.016173,25.335098,6.340698,86.24711,134.82866,2.3438282,7.7808285,-52.142143,407.89905,24.191414,0,72,768.98376,15.710443,36.28661
7/31/2026 21:09,38659.367,38999.9,25.201397,25.866953,1.0160898,25.349936,8.063274,110.370346,172.42885,1.924792,7.9783964,-63.915253,392.49722,24.542852,0,72,768.98376,15.990619,36.92507
7/31/2026 21:39,38978.508,39432.555,25.509214,25.655163,1.0163633,25.63116,7.926075,108.40669,169.4066,2.1395128,7.971681,-63.4861,380.17096,24.397144,0,72,768.98376,16.287758,37.590343
7/31/2026 22:09,39323.086,40140.184,26.00881,25.430353,1.0168716,26.09112,6.762758,92.009674,143.90399,2.6533337,7.8682413,-57.268143,386.50815,23.934237,0,72,768.98376,16.61968,38.32311
7/31/2026 22:39,39467.742,40390.08,26.185995,25.337147,1.0170418,26.253551,6.670185,90.63505,141.78694,3.2133436,7.872858,-57.516098,393.32214,23.80441,0,72,768.98376,16.978195,39.130512
7/31/2026 23:09,39560.535,40545.05,26.296017,25.277718,1.0171462,26.354282,6.791234,92.214836,144.27771,2.1494343,7.8651204,-57.04403,396.08304,23.72869,0,72,768.98376,17.35965,39.992058
7/31/2026 23:39,39577.848,40731.85,26.42596,25.266659,1.0173037,26.475704,6.409203,86.76659,135.80423,1.9015065,7.8491015,-56.056976,401.6668,23.516665,0,72,768.98376,17.696167,40.748085
8/1/2026 0:09,39587.227,40922.902,26.55854,25.260674,1.0174668,26.599886,5.966209,80.50873,126.059166,3.486826,7.80289,-53.286552,404.8187,23.29116,0,72,768.98376,17.98584,41.399693
8/1/2026 0:39,39528.887,41018.99,26.623262,25.297955,1.0175693,26.662344,5.6280575,75.7137,118.590645,4.565263,7.7750254,-51.608086,409.8064,23.098055,0,72,768.98376,18.206999,41.896786
8/1/2026 1:09,39629.227,41067.977,26.660227,25.233902,1.0175785,26.694185,5.8098974,78.27084,122.58163,1.5554675,7.7891293,-52.452087,411.5993,23.16579,0,72,768.98376,18.324974,42.163902
8/1/2026 1:39,39601.695,40989.49,26.605064,25.251444,1.0175197,26.643167,5.697519,76.816505,120.29122,1.3044422,7.748061,-50.03929,420.86902,23.227367,0,72,768.98376,18.361881,42.250076
8/1/2026 2:09,39620.805,41013.73,26.622417,25.239265,1.0175343,26.658926,5.54978,74.82476,117.17335,1.6521322,7.728685,-48.894882,410.33093,23.221863,0,72,768.98376,18.278166,42.05957
8/1/2026 2:39,39498.883,40835.18,26.49519,25.317171,1.0174202,26.542866,5.2927866,71.38974,111.781685,3.2461545,7.717114,-48.22254,416.83975,23.28669,0,72,768.98376,18.086699,41.63033
8/1/2026 3:09,39486.715,40830.977,26.491917,25.324974,1.0174206,26.540136,4.7718496,64.350204,100.761024,0.5852616,7.639428,-43.63537,417.0782,23.276304,0,72,768.98376,17.810396,41.003716
8/1/2026 3:39,39392.824,40712.586,26.407196,25.385334,1.0173495,26.46318,4.321251,58.27267,91.24049,0.26061335,7.577406,-39.978027,419.66263,23.302801,0,72,768.98376,17.495554,40.292973
8/1/2026 4:09,39235.34,40512.867,26.264387,25.487226,1.0172286,26.333364,4.2618623,57.471577,89.97896,0.4577661,7.5390987,-37.722588,411.72806,23.34901,0,72,768.98376,17.16571,39.54949
8/1/2026 4:39,38128.695,39359.742,25.436056,26.226967,1.0166,25.583834,4.2287283,56.766754,88.8734,0.39854804,7.533901,-37.41741,396.7792,23.362469,0,72,768.98376,16.79827,38.739605
8/1/2026 5:09,36119.15,37317.246,23.976242,27.686146,1.0155113,24.25621,4.0533495,53.914974,84.41504,0.049923908,7.456129,-32.8207,399.2826,23.31907,0,72,768.98376,16.430948,37.946144
8/1/2026 5:39,33257.754,34489.957,21.972307,30.068176,1.0140526,22.418472,3.817573,50.02525,78.35051,0.049247526,7.3536763,-26.755333,409.75397,23.129505,0,72,768.98376,16.082338,37.20727
8/1/2026 6:09,30872.281,32148.775,20.329588,32.391518,1.012871,20.896704,3.6303806,46.946465,73.554596,0.06314226,7.265188,-21.51966,392.10144,22.921162,0,72,768.98376,15.778964,36.559444
8/1/2026 6:39,28664.834,29939.143,18.794914,34.885952,1.0117545,19.460442,3.3190875,42.426476,66.48959,0.047081895,7.215282,-18.568039,352.91498,22.771553,0,72,768.98376,15.505389,35.97472
8/1/2026 7:09,26275.723,27505.096,17.122267,38.057945,1.010524,17.878313,3.7852414,47.82176,74.95897,0.03634723,7.207306,-18.091202,379.6369,22.659885,0,72,768.98376,15.293034,35.532745
8/1/2026 7:39,24478.531,25648.97,15.859554,40.852123,1.0095859,16.671831,4.0435357,50.667595,79.42625,0.042928755,7.2229023,-19.00673,378.16348,22.610836,0,72,768.98376,15.180821,35.30862
8/1/2026 8:09,20536.121,21531.277,13.098802,48.694687,1.0075157,13.995331,4.386551,54.064278,84.7552,0.034735262,7.20585,-18.000603,396.27377,22.580153,0,72,768.98376,15.189184,35.399757
8/1/2026 8:39,18224.854,19072.479,11.478726,54.870125,1.0062732,12.397111,4.755293,58.162945,91.1664,0.031275876,7.220082,-18.844604,422.76685,22.673178,0,72,768.98376,15.33431,35.77472
8/1/2026 9:09,37806.82,38887.277,25.101397,26.450254,1.0162969,25.27673,4.2090807,56.577824,88.54934,0.047649633,7.563535,-39.191246,391.0238,23.545326,0,72,768.98376,15.593315,36.015774
8/1/2026 9:39,37194.82,38130.082,24.56343,26.885464,1.0158437,24.784554,5.9546156,80.03543,125.224915,0.049581178,7.7441654,-49.89147,385.91687,23.715801,0,72,768.98376,15.9158945,36.764698
8/1/2026 10:09,38154.004,38853.293,25.087286,26.20957,1.0161422,25.25464,7.611457,103.23485,161.42441,0.7648262,7.9426904,-61.69796,385.19208,24.057688,0,72,768.98376,16.248125,37.50744
8/1/2026 10:39,38064.145,38532.5,24.863304,26.271442,1.0158865,25.046125,8.036486,109.44726,171.04327,1.3440124,7.980817,-64.02016,384.08582,24.363623,0,72,768.98376,16.583033,38.277122
8/1/2026 11:09,38342.59,38704.188,24.988882,26.080658,1.015939,25.157722,8.280493,113.1429,176.77078,1.6414884,7.9974174,-65.03582,378.98364,24.510857,0,72,768.98376,16.974018,39.163017
8/1/2026 11:39,38248.516,38416.652,24.787533,26.144806,1.0157127,24.970823,9.118299,125.01449,195.22401,2.3958135,8.0760355,-69.75651,376.09402,24.770857,0,72,768.98376,17.385056,40.10564
8/1/2026 12:09,38521.902,38514.81,24.861807,25.959257,1.0156995,25.034626,9.693981,133.51785,208.40897,2.6899953,8.118945,-72.36004,371.0348,25.009642,0,72,768.98376,17.716763,40.858807
8/1/2026 12:39,38660.91,38716.223,25.004696,25.86592,1.0158315,25.165545,9.379461,129.10115,201.54718,2.2368379,8.107321,-71.64955,371.05862,24.925201,0,72,768.98376,18.013655,41.527695
8/1/2026 13:09,38977.69,39025.355,25.226557,25.6557,1.0159951,25.366482,9.327011,128.56583,200.70735,1.9869612,8.096993,-71.0392,374.52045,24.936054,0,72,768.98376,18.240814,42.03778
8/1/2026 13:39,39105.457,39240.973,25.3793,25.571878,1.016144,25.506632,8.8191395,121.42387,189.59964,1.7002182,8.056235,-68.593025,384.60556,24.819195,0,72,768.98376,18.372055,42.328983
8/1/2026 14:09,39198.496,39414.457,25.502016,25.511183,1.016267,25.619398,7.601771,104.54276,163.27281,1.0100229,7.9227095,-60.64892,394.35687,24.713129,0,72,768.98376,18.374853,42.330643
8/1/2026 14:39,39079.58,39145.37,25.31228,25.588812,1.0160667,25.444492,9.210109,126.96326,198.21454,1.8351481,8.090422,-70.643425,381.7493,24.912003,0,72,768.98376,18.265793,42.091213
8/1/2026 15:09,38984.395,38579.617,24.91677,25.651289,1.0155827,25.076752,9.694195,134.81743,210.21857,1.6781491,8.115621,-72.29328,365.94693,25.54932,0,72,768.98376,18.056063,41.635483
8/1/2026 15:39,39498.13,38860.918,25.12315,25.317656,1.0156461,25.259598,9.318837,130.44139,203.27113,1.5868555,8.07296,-69.82803,363.7296,25.858496,0,72,768.98376,17.79383,41.0365
8/1/2026 16:09,39422.594,38770.22,25.058386,25.366165,1.0155907,25.200642,8.917846,124.831,194.51958,1.5973172,8.014012,-66.32328,367.10565,25.880981,0,72,768.98376,17.466955,40.296516
8/1/2026 16:39,39369.086,38551.547,24.904781,25.40064,1.015407,25.058506,8.876733,124.63712,194.12828,1.5832127,8.002676,-65.69862,369.68533,26.110285,0,72,768.98376,17.12515,39.527042
8/1/2026 17:09,39342.69,38122.99,24.605019,25.41768,1.0150117,24.779943,8.577732,121.400696,188.86891,1.8050416,7.96362,-63.490868,366.9006,26.675072,0,72,768.98376,16.766382,38.72716
8/1/2026 17:39,38309.31,36950.793,23.770098,26.103317,1.01431,24.018015,8.439125,119.3856,185.6369,1.7497317,7.921397,-61.02085,370.31952,26.924902,0,72,768.98376,16.406834,37.93604
8/1/2026 18:09,36247.125,34898.94,22.313608,27.588394,1.0131899,22.68431,7.401347,104.02451,161.71805,0.043013413,7.742686,-50.358772,388.3678,27.022572,0,72,768.98376,16.077961,37.228104
8/1/2026 18:39,33527.4,32327,20.502913,29.826353,1.0118589,21.01255,6.772425,94.09664,146.30827,0.026443,7.6562467,-45.18032,400.2649,26.944136,0,72,768.98376,15.775066,36.5856
8/1/2026 19:09,32422.848,31346.332,19.816694,30.842447,1.0113894,20.375116,5.6623235,78.17404,121.58797,0.99058884,7.5383782,-38.118362,408.03256,26.798042,0,72,768.98376,15.524192,36.030487
8/1/2026 19:39,29800.66,28942.379,18.147947,33.556305,1.010214,18.812546,5.9576583,81.13936,126.26445,1.0892373,7.464593,-33.683777,419.91058,26.55261,0,72,768.98376,15.364304,35.706394
8/1/2026 20:09,26692.691,26132.219,16.219347,37.46344,1.0088967,16.985943,5.536761,74.036995,115.313225,1.0290624,7.3898687,-29.182434,424.09723,26.122906,0,72,768.98376,15.307481,35.622177
8/1/2026 20:39,22677.988,22386.727,13.690317,44.095623,1.0071305,14.551373,5.392757,70.53889,109.961685,0.74375075,7.3995676,-29.716492,428.31723,25.681181,0,72,768.98376,15.376082,35.84099
8/1/2026 21:09,33753.54,33105.457,21.03989,29.626522,1.0125341,21.518547,3.1871502,43.71949,68.10689,1.2333342,7.346246,-26.574135,398.01898,26.024939,0,72,768.98376,15.556831,36.06474
8/1/2026 21:39,37925.812,37373.18,24.057186,26.367266,1.0148709,24.292568,8.012475,111.31902,173.50116,1.598957,7.9662642,-63.45749,392.70703,25.774181,0,72,768.98376,15.81499,36.56973
8/1/2026 22:09,37262.36,36798.92,23.646296,26.836733,1.0145963,23.9193,8.07768,111.74228,174.20033,2.0539606,8.025898,-66.981316,381.20093,25.659357,0,72,768.98376,16.10501,37.23878
8/1/2026 22:39,38120.43,37766.22,24.333803,26.232653,1.015162,24.548042,8.76467,121.36571,189.2651,1.7919718,8.1261215,-72.90363,366.71463,25.491047,0,72,768.98376,16.393011,37.872387
8/1/2026 23:09,38676.316,38409.72,24.792196,25.855616,1.0155438,24.966318,8.673702,120.153206,187.42073,1.8777354,8.099692,-71.30146,357.4735,25.363394,0,72,768.98376,16.760328,38.692635
8/1/2026 23:39,38813.457,38673.734,24.978596,25.76426,1.015735,25.137926,8.219651,113.64037,177.32127,2.2734692,8.066681,-69.298744,368.73166,25.189156,0,72,768.98376,17.151705,39.57427
8/2/2026 0:09,38794.566,38758.75,25.037233,25.776806,1.01582,25.19319,8.125098,112.09639,174.95918,2.3150785,8.041856,-67.79194,377.58652,25.048382,0,72,768.98376,17.50523,40.373623
8/2/2026 0:39,38764.363,38810.67,25.07261,25.79689,1.0158788,25.226936,7.846245,108.06262,168.69878,2.10118,8.026615,-66.86211,385.2636,24.937527,0,72,768.98376,17.804398,41.051186
8/2/2026 1:09,39027.387,39190.246,25.342241,25.623032,1.0161268,25.47366,7.565461,104.0742,162.5199,2.0939949,7.9995522,-65.22179,387.38553,24.782427,0,72,768.98376,18.052183,41.6036
8/2/2026 1:39,39025.4,39174.977,25.331593,25.624338,1.0161136,25.463736,7.3921194,101.71473,158.83014,2.048407,7.984618,-64.33964,394.56192,24.800093,0,72,768.98376,18.233904,42.017086
8/2/2026 2:09,39087.984,39287.438,25.41117,25.58331,1.0161924,25.536835,7.213639,99.18984,154.9066,1.9515814,7.9469147,-62.088966,399.9454,24.7342,0,72,768.98376,18.299828,42.163395
8/2/2026 2:39,38890.152,39043.42,25.237083,25.71345,1.0160441,25.378223,6.973826,95.89796,149.74869,1.5540556,7.9531326,-62.470436,400.8514,24.79447,0,72,768.98376,18.252716,42.06211
8/2/2026 3:09,39035.41,39164.723,25.324697,25.617765,1.0161006,25.45707,6.7767673,93.28791,145.66403,1.3663081,7.9178987,-60.386658,395.5585,24.827133,0,72,768.98376,18.092115,41.695843
8/2/2026 3:39,38901.707,39026.3,25.225468,25.705812,1.0160241,25.367094,6.213201,85.49011,133.48674,0.85552937,7.840008,-55.766106,399.29214,24.83285,0,72,768.98376,17.829653,41.103256
8/2/2026 4:09,38398.71,38522.723,24.864498,26.042542,1.0157531,25.03977,5.6911044,78.143524,122.0159,0.48442322,7.7480774,-50.31109,402.71582,24.831457,0,72,768.98376,17.521034,40.41298
8/2/2026 4:39,38592.086,38687.13,24.982944,25.912048,1.0158306,25.146633,5.5197434,75.89451,118.49531,0.28686646,7.7254653,-48.975945,405.1906,24.871376,0,72,768.98376,17.20472,39.69192
8/2/2026 5:09,37818.797,37919.2,24.433329,26.441877,1.0154203,24.64748,5.2815204,72.379135,113.00883,0.32622957,7.6711736,-45.752525,404.46106,24.861374,0,72,768.98376,16.851902,38.905834
8/2/2026 5:39,36438.723,36602.81,23.493748,27.443333,1.0147415,23.791826,4.9848623,67.83476,105.93263,0.24942349,7.6224704,-42.848587,411.7376,24.765293,0,72,768.98376,16.512766,38.160698
8/2/2026 6:09,34885.555,35155.773,22.465736,28.66516,1.0140166,22.851254,4.421201,59.63679,93.1596,0.12096139,7.4956436,-35.305023,417.09723,24.597576,0,72,768.98376,16.152163,37.36689
8/2/2026 6:39,32454.771,32822.062,20.822027,30.81211,1.0128331,21.334341,4.0794516,54.33663,84.90895,0.047289725,7.37731,-28.271675,412.05707,24.414118,0,72,768.98376,15.832991,36.682907
8/2/2026 7:09,30905.889,31328.62,19.778563,32.356293,1.0120828,20.363602,3.6928952,48.79085,76.25971,0.050068136,7.330487,-25.486946,398.09528,24.293537,0,72,768.98376,15.558149,36.08352
8/2/2026 7:39,28580.465,29047.34,18.198221,34.988934,1.0109329,18.88077,3.9139035,51.122147,79.92317,0.048066676,7.3181977,-24.747849,408.49988,24.15849,0,72,768.98376,15.340687,35.627388
8/2/2026 8:09,26396.9,26876.719,16.70975,37.883236,1.0098404,17.469868,3.930654,50.82049,79.46498,0.10370253,7.2601576,-21.305084,404.7281,24.065311,0,72,768.98376,15.196388,35.33529
8/2/2026 8:39,22878.314,23333.156,14.312594,43.709515,1.0080638,15.166552,4.2951703,54.69168,85.53136,0.09612645,7.2955613,-23.393631,414.64154,23.979406,0,72,768.98376,15.1808195,35.361633
8/2/2026 9:09,19260.637,19653.572,11.868557,51.919365,1.0062364,12.774822,4.208494,52.818256,82.60543,0.046408977,7.2565856,-21.08574,420.80704,23.953243,0,72,768.98376,15.306232,35.71135
8/2/2026 9:39,37874.953,38205.81,24.63286,26.402674,1.0156609,24.833776,5.497631,75.01283,117.18985,0.30306226,7.722987,-48.775673,392.79285,24.546604,0,72,768.98376,15.563788,35.97113
8/2/2026 10:09,37620.688,37858.67,24.386934,26.58112,1.0154403,24.608137,6.00266,81.9669,128.02438,0.36358854,7.7726564,-51.7416,404.4897,24.670883,0,72,768.98376,15.883512,36.70556
8/2/2026 10:39,37130.246,37190.69,23.914423,26.93222,1.0150146,24.17395,7.3315544,100.270294,156.54071,0.85979486,7.9432273,-61.90777,388.11508,24.914906,0,72,768.98376,16.214256,37.471622
8/2/2026 11:09,38020.465,38156.824,24.60237,26.301624,1.0155613,24.801937,7.1663804,98.22139,153.37149,1.704172,7.9331365,-61.28788,381.68732,24.812899,0,72,768.98376,16.565548,38.249844
8/2/2026 11:39,38200.87,38171.434,24.616543,26.177414,1.0155061,24.811432,7.6305676,105.00734,163.89713,1.5543292,7.9900084,-64.71157,375.53134,25.040373,0,72,768.98376,16.956928,39.140427
8/2/2026 12:09,38419.117,38219.582,24.654678,26.028708,1.0154668,24.842728,8.282813,114.47022,178.58723,2.140649,8.053594,-68.54057,365.95645,25.27334,0,72,768.98376,17.350542,40.03661
8/2/2026 12:39,38881.715,38604.26,24.93177,25.71903,1.0156449,25.092772,8.54368,118.47223,184.79411,2.1217802,8.091218,-70.80078,363.28616,25.376287,0,72,768.98376,17.711828,40.84992
8/2/2026 13:09,39185.934,39027.023,25.232382,25.519361,1.0159186,25.367565,8.271817,114.5747,178.77094,1.9814211,8.069156,-69.45133,365.39856,25.213184,0,72,768.98376,17.998516,41.49026
8/2/2026 13:39,39341.95,39149.562,25.32108,25.418161,1.0159724,25.447216,8.579477,118.98668,185.63918,2.2702322,8.082304,-70.24288,369.8856,25.257284,0,72,768.98376,18.23127,42.01694
8/2/2026 14:09,39422.82,39277.457,25.411896,25.366018,1.0160593,25.530348,8.487838,117.64705,183.57158,1.7868853,8.060643,-68.94112,372.77045,25.193766,0,72,768.98376,18.378353,42.346905
8/2/2026 14:39,39491.61,39352.082,25.465376,25.321835,1.0161018,25.578854,8.211085,113.82989,177.61818,1.5311654,8.027444,-66.96701,387.89096,25.185635,0,72,768.98376,18.416945,42.433105
8/2/2026 15:09,39532.734,39287.31,25.42116,25.295492,1.0160272,25.53675,8.615854,119.7037,186.73276,1.3991514,8.078417,-70.028305,377.33856,25.327065,0,72,768.98376,18.3395,42.260323
8/2/2026 15:39,39623.02,38859.324,25.124468,25.237854,1.015596,25.258562,8.857442,124.34728,193.7085,1.9314463,8.098064,-71.36345,366.1472,26.028946,0,72,768.98376,18.172808,41.89982
8/2/2026 16:09,39563.332,38626.863,24.960985,25.27593,1.0154015,25.107462,8.915508,125.56257,195.50668,2.0611966,8.087425,-70.786476,359.00894,26.269316,0,72,768.98376,17.912203,41.31499
8/2/2026 16:39,39679.02,38755.957,25.05331,25.202236,1.0154773,25.191372,8.469817,119.30223,185.7675,1.424928,8.0398445,-67.94453,364.2017,26.24698,0,72,768.98376,17.607891,40.621212
8/2/2026 17:09,39629.6,38577.582,24.927742,25.233664,1.0153286,25.075428,8.175925,115.43691,179.68245,1.2971725,7.987919,-64.888,363.75824,26.427757,0,72,768.98376,17.283749,39.8908
8/2/2026 17:39,39341.22,38126.895,24.607718,25.418633,1.015016,24.782482,7.820829,110.67558,172.18604,1.2199886,7.9503884,-62.699318,368.2691,26.667511,0,72,768.98376,16.926506,39.090313
8/2/2026 18:09,38724.7,37321.87,24.035427,25.823313,1.0144957,24.259216,7.507336,106.44,165.49228,1.2613487,7.8959575,-59.509277,371.16827,26.967918,0,72,768.98376,16.563936,38.28665
8/2/2026 18:39,37781.83,36374.77,23.360819,26.46775,1.013973,23.6436,7.167256,101.33284,157.53267,1.0594982,7.8396854,-56.157112,379.61307,27.025246,0,72,768.98376,16.221695,37.526833
8/2/2026 19:09,35167.57,33882.35,21.595552,28.435287,1.0126637,22.02353,6.273723,87.766624,136.45389,0.9155926,7.6728964,-46.18168,392.25403,26.98596,0,72,768.98376,15.892084,36.823837
8/2/2026 19:39,32389.256,31313.008,19.793478,30.874435,1.0113715,20.353456,5.9377913,81.968605,127.48946,0.6956213,7.5733433,-40.20691,408.59045,26.799511,0,72,768.98376,15.644347,36.305035
8/2/2026 20:09,31095.639,30155.902,18.987759,32.15885,1.0108188,19.601337,5.3878074,73.826546,114.8659,0.61511415,7.4688377,-33.946037,414.09793,26.63155,0,72,768.98376,15.433882,35.844513
8/2/2026 20:39,28300.723,27586.951,17.214603,35.334785,1.009574,17.931519,5.2520933,70.91149,110.39326,0.45491722,7.4397807,-32.18174,417.39764,26.354637,0,72,768.98376,15.340921,35.67506
8/2/2026 21:09,25287.459,24810.512,15.321726,39.545296,1.0082587,16.126833,5.0703845,67.320854,104.87732,0.5244411,7.401826,-29.883385,421.1122,26.006472,0,72,768.98376,15.338922,35.716564
8/2/2026 21:39,25023.514,24579.67,15.165305,39.962414,1.0081592,15.976786,4.7110176,62.42725,97.26562,0.22120592,7.354371,-27.050972,424.85538,25.945412,0,72,768.98376,15.4712925,36.022343
8/2/2026 22:09,38563.92,38107.754,24.58,25.930973,1.015307,24.77004,6.316342,87.791176,136.87057,1.1407325,7.8178744,-54.597855,396.60278,25.62673,0,72,768.98376,15.699557,36.29212
8/2/2026 22:39,38573.3,37837.766,24.392391,25.924667,1.01505,24.594547,6.944042,97.064255,151.21033,1.2384378,7.9621143,-63.261986,389.38824,26.01776,0,72,768.98376,15.994938,36.971943
8/2/2026 23:09,37285.668,36559.27,23.480732,26.819956,1.0143594,23.763525,7.4049053,103.01409,160.47197,1.7408592,8.011898,-66.23268,370.2289,26.040264,0,72,768.98376,16.294157,37.677246
8/2/2026 23:39,37790.43,37093.996,23.860855,26.461725,1.0146616,24.111097,8.030281,111.8441,174.24707,2.2540362,8.088562,-70.786476,364.93127,25.982979,0,72,768.98376,16.66801,38.51541
8/3/2026 0:09,38464.445,37682.63,24.28241,25.998035,1.0149472,24.493708,8.772997,122.69752,191.11649,2.8145645,8.165136,-75.37365,355.86182,26.08625,0,72,768.98376,17.026571,39.32078
8/3/2026 0:39,38760.18,38002.11,24.51031,25.799673,1.0151305,24.701372,8.932079,124.9936,194.70929,2.6848876,8.189725,-76.828,359.79095,26.044403,0,72,768.98376,17.379353,40.114388
8/3/2026 1:09,38913.133,38336.04,24.745779,25.698265,1.0153836,24.918425,8.37277,116.80737,182.0502,2.2692547,8.134916,-73.49968,358.7419,25.788145,0,72,768.98376,17.696983,40.826168
8/3/2026 1:39,38903.21,38379.098,24.77555,25.704819,1.0154277,24.946413,8.106176,112.96487,176.08696,1.9199022,8.105332,-71.72108,367.36313,25.714989,0,72,768.98376,17.961206,41.4259
8/3/2026 2:09,39042.098,38548.11,24.896015,25.613379,1.0155312,25.05627,7.93375,110.553444,172.34305,1.9503247,8.056386,-68.798065,370.6676,25.670935,0,72,768.98376,18.178938,41.915913
8/3/2026 2:39,39093.83,38600.188,24.933329,25.579485,1.0155597,25.090122,7.4393854,103.68423,161.63498,1.5100965,8.038921,-67.75856,381.72546,25.669554,0,72,768.98376,18.276457,42.136604
8/3/2026 3:09,39191.516,38706.875,25.009623,25.515726,1.0156211,25.15947,6.5770597,91.68327,142.93047,1.7811433,7.969092,-63.60054,391.0858,25.655539,0,72,768.98376,18.258806,42.092884
8/3/2026 3:39,39038.125,38548.68,24.896334,25.615984,1.0155332,25.056643,6.7643285,94.24826,146.9265,1.2800959,7.96986,-63.648224,387.1471,25.664757,0,72,768.98376,18.11461,41.769733
8/3/2026 4:09,38864.508,38418.824,24.802427,25.730417,1.0154797,24.972235,6.4937725,90.34094,140.85117,0.97638875,7.922214,-60.801506,383.35626,25.607363,0,72,768.98376,17.905447,41.297104
8/3/2026 4:39,38753.06,38321.707,24.732595,25.804415,1.0154326,24.909111,5.971461,83.0157,129.4349,0.69403136,7.8580685,-56.98204,387.38553,25.589327,0,72,768.98376,17.62344,40.658195
8/3/2026 5:09,38571.715,38117.004,24.586584,25.925734,1.0153124,24.776052,5.8963113,81.95309,127.76928,0.784017,7.834071,-55.561066,388.85895,25.624575,0,72,768.98376,17.356377,40.055943
8/3/2026 5:39,38126.797,37651.883,24.254578,26.228271,1.0150526,24.473724,5.5322065,76.79519,119.71939,0.6221273,7.780105,-52.35672,392.15866,25.66038,0,72,768.98376,16.99377,39.242786
8/3/2026 6:09,36454.664,36042.22,23.107576,27.431332,1.0142097,23.427443,5.364845,73.91104,115.23705,0.5427584,7.7204895,-48.799515,392.85486,25.599129,0,72,768.98376,16.684317,38.57019
8/3/2026 6:39,32838.316,32633.242,20.701313,30.45223,1.0124826,21.211609,5.03526,68.10903,106.2468,0.39367524,7.603777,-41.81862,406.66406,25.329016,0,72,768.98376,16.324554,37.81586
8/3/2026 7:09,24584.385,24697.453,15.236841,40.676228,1.0085453,16.053345,4.8929553,63.51809,99.1925,0.3297675,7.397092,-29.478073,422.25186,24.760307,0,72,768.98376,16.035519,37.29952
8/3/2026 7:39,13597.118,13782.41,8.075839,73.545,1.0033009,8.958567,5.506591,68.0517,106.363785,0.18687949,7.292403,-23.231506,428.48413,24.296124,0,72,768.98376,15.733953,36.798443
8/3/2026 8:09,5481.533,5558.945,3.0454664,182.43071,0.99952984,3.6133142,6.287794,75.472466,117.96776,0.061022796,7.2803593,-22.51625,419.0332,24.27091,0,72,768.98376,15.557475,36.526947
8/3/2026 8:39,6141.9053,6226.7524,3.4375606,162.81593,0.99982095,4.047389,6.0752797,73.10607,114.26566,0.04455657,7.2205205,-18.97335,434.4732,24.286587,0,72,768.98376,15.441564,36.249695
8/3/2026 9:09,4022.0303,4080.7827,2.1916893,248.63065,0.9988936,2.652509,6.213844,74.18872,115.96641,0.044526767,7.1637163,-15.60688,433.6578,24.246212,0,72,768.98376,15.414253,36.219395
8/3/2026 9:39,3460.3188,3514.7961,1.870646,288.99072,0.9986663,2.2846174,6.1013346,72.63434,113.548645,0.040836304,7.12213,-13.141632,442.12164,24.18851,0,72,768.98376,15.439701,36.286434
8/3/2026 10:09,2187.5728,2222.9553,1.1529663,457.12766,0.99813044,1.444921,6.228046,73.809944,115.39106,0.03979199,7.0930705,-11.42025,438.7838,24.166655,0,72,768.98376,15.5946245,36.662914
8/3/2026 10:39,2789.2444,2831.4075,1.4881347,358.52005,0.99837,1.8404149,6.0753336,72.20986,112.87851,0.04014306,7.0685554,-9.970665,438.59784,24.220356,0,72,768.98376,15.789192,37.104416
8/3/2026 11:09,2090.25,2119.777,1.0967083,478.41168,0.99806195,1.3778552,5.5444217,65.81406,102.87115,0.037706167,7.063213,-9.655952,423.84924,24.270718,0,72,768.98376,16.093962,37.820213
8/3/2026 11:39,38489.16,38485.1,24.84046,25.98134,1.0156846,25.015316,6.486854,89.32788,139.43364,0.40034813,7.898094,-59.247017,384.0715,25.005526,0,72,768.98376,16.422901,37.921246
8/3/2026 12:09,38226.457,38229.668,24.657473,26.159893,1.01555,24.849285,6.2655544,86.17566,134.5158,0.46688196,7.905115,-59.661865,393.0742,24.995602,0,72,768.98376,16.697332,38.549427
8/3/2026 12:39,39008.625,38958.12,25.180536,25.635357,1.0159222,25.322779,6.828676,94.31946,147.20763,0.8543683,7.9814763,-64.21089,378.96936,25.067877,0,72,768.98376,17.149837,39.562973
8/3/2026 13:09,39231.91,39190.203,25.346909,25.489454,1.0160509,25.473633,6.846396,94.633675,147.70143,0.84486663,7.9869814,-64.53514,378.36853,25.05572,0,72,768.98376,17.482819,40.314278
8/3/2026 13:39,39507.53,39555.85,25.607586,25.31163,1.0162818,25.711304,6.7176404,92.79887,144.87064,0.85637,7.9660487,-63.266754,359.7862,24.93604,0,72,768.98376,17.836027,41.10712
8/3/2026 14:09,39793.156,39986.098,25.913746,25.12995,1.0165669,25.990965,6.5330796,90.11068,140.72401,0.85573417,7.93682,-61.49292,378.46866,24.747374,0,72,768.98376,18.094957,41.683136
8/3/2026 14:39,39795.38,39989.125,25.915915,25.128546,1.0165689,25.992931,6.2301445,85.931885,134.19835,0.629644,7.901454,-59.394836,386.39847,24.746336,0,72,768.98376,18.270475,42.081387
8/3/2026 15:09,39764.52,40112.49,26.001009,25.148046,1.0166907,26.073118,5.7282057,78.77105,123.06137,0.25865784,7.842362,-55.851936,393.06464,24.545818,0,72,768.98376,18.341274,42.23673
8/3/2026 15:39,39870.184,40219.094,26.07779,25.0814,1.0167485,26.142412,5.8590207,80.60529,125.92694,0.51939356,7.8538647,-56.533813,388.0865,24.5458,0,72,768.98376,18.310492,42.16507
8/3/2026 16:09,39555.594,39758.34,25.749582,25.280874,1.0164474,25.84292,5.805892,79.98568,124.91539,0.27546498,7.8364644,-55.537224,388.75403,24.733015,0,72,768.98376,18.189047,41.901695
8/3/2026 16:39,38446.617,38355.684,24.749727,26.01009,1.015582,24.931194,6.0973096,84.09343,131.2334,0.43079782,7.870401,-57.62577,381.13895,25.124125,0,72,768.98376,17.918451,41.322014
8/3/2026 17:09,34692.06,34480.41,21.998987,28.82504,1.0134587,22.412266,5.9777966,81.44528,127.052605,0.6599927,7.821541,-54.75998,379.52725,25.321371,0,72,768.98376,17.63722,40.76705
8/3/2026 17:39,27197.914,26935.893,16.762993,36.767525,1.0094793,17.508331,5.405987,71.73493,111.86387,0.33986476,7.6396737,-43.97869,389.6791,25.509296,0,72,768.98376,17.338142,40.243164
8/3/2026 18:09,21568.275,21397.38,13.029656,46.36439,1.0067097,13.908298,5.4706836,70.959366,110.67409,0.050367787,7.4790087,-34.413338,389.26904,25.41815,0,72,768.98376,16.997118,39.569965
8/3/2026 18:39,22149.203,21996.36,13.428076,45.14835,1.007023,14.297633,5.1860366,67.35418,105.06221,0.13943219,7.4326673,-31.65245,397.0367,25.363798,0,72,768.98376,16.666777,38.8009
8/3/2026 19:09,16374.521,16323.799,9.704359,61.070488,1.0042905,10.610469,5.310168,67.28303,104.991905,0.16152313,7.3027425,-23.913383,399.71176,25.162687,0,72,768.98376,16.317213,38.10204
8/3/2026 19:39,9949.6,10007.409,5.7180557,100.50655,1.0014273,6.504816,5.178405,63.60624,99.341835,0.047598355,7.1633167,-15.60688,417.29752,24.697556,0,72,768.98376,15.989141,37.453735
8/3/2026 20:09,8183.128,8282.543,4.665743,122.20266,1.0007222,5.383653,5.101212,61.913055,96.75578,0.0430304,7.09165,-11.343956,421.87515,24.371574,0,72,768.98376,15.694599,36.800076
8/3/2026 20:39,8509.426,8622.705,4.871652,117.51674,1.0008919,5.6047587,4.928668,59.82369,93.50078,0.04686272,7.0682616,-9.95636,423.07202,24.312181,0,72,768.98376,15.450061,36.23057
8/3/2026 21:09,7677.7646,7804.9863,4.377574,130.24625,1.0005631,5.0732408,4.9556146,59.798813,93.49009,0.045850996,7.062717,-9.622574,428.88464,24.146595,0,72,768.98376,15.308976,35.91738
8/3/2026 21:39,6145.1494,6302.757,3.4819171,162.72998,1.0000043,4.096792,4.6641407,55.5231,86.87633,0.03959819,7.0497365,-8.840561,436.75247,23.69078,0,72,768.98376,15.255976,35.814423
8/3/2026 22:09,5893.4766,6076.381,3.3482502,169.67914,0.9999696,3.9496477,4.738662,56.087334,87.800285,0.039086618,7.050113,-8.854866,439.31308,23.42404,0,72,768.98376,15.294981,35.906147
8/3/2026 22:39,5499.792,5686.612,3.119392,181.82506,0.99983245,3.696298,4.677222,55.138508,86.336586,0.037428748,7.0568104,-9.2458725,439.418,23.279968,0,72,768.98376,15.475622,36.32698
8/3/2026 23:09,38482.01,39101.695,25.267475,25.986168,1.0162461,25.416103,3.1182528,42.420776,66.318245,0.0422044,7.414992,-30.479431,412.41946,24.170261,0,72,768.98376,15.68812,36.23242
8/3/2026 23:39,40059.727,40739.96,26.44496,24.962727,1.0171458,26.480976,4.5347304,62.05984,97.02865,0.12281635,7.6737256,-45.790672,397.2799,24.125813,0,72,768.98376,15.938792,36.769688
8/4/2026 0:09,39528.734,40585.582,26.32321,25.298052,1.0171925,26.380629,4.279621,58.02554,90.800514,0.46482074,7.6505527,-44.345856,397.2942,23.63665,0,72,768.98376,16.23112,37.431656
8/4/2026 0:39,39846.82,41161.516,26.731562,25.096106,1.0175872,26.754986,4.186147,56.58139,88.58855,1.0208746,7.6520615,-44.38877,395.3153,23.327751,0,72,768.98376,16.556816,38.15464
8/4/2026 1:09,39989.21,41370.984,26.881006,25.006744,1.0177214,26.89114,4.3596683,58.89773,92.2274,1.0260309,7.6718874,-45.547485,393.1934,23.251331,0,72,768.98376,16.911573,38.954575
8/4/2026 1:39,40043.36,41454.215,26.940332,24.972929,1.0177754,26.94524,4.545737,61.396236,96.14531,0.88749623,7.697911,-47.078133,396.4931,23.218111,0,72,768.98376,17.256586,39.733727
8/4/2026 2:09,40101.8,41493.33,26.96922,24.936537,1.01779,26.970663,4.6153216,62.375282,97.67407,0.7985841,7.706243,-47.574043,396.0449,23.244183,0,72,768.98376,17.526327,40.34439
8/4/2026 2:39,39995.887,41342.117,26.8612,25.002571,1.0176942,26.872375,4.792866,64.79287,101.45085,0.9642477,7.731469,-49.071312,399.87866,23.295118,0,72,768.98376,17.780182,40.923985
8/4/2026 3:09,39859.637,41186.883,26.749521,25.088036,1.017605,26.771475,5.065599,68.45747,107.18549,0.7807334,7.7662334,-51.12648,399.583,23.312828,0,72,768.98376,17.936655,41.28224
8/4/2026 3:39,39788.34,41100.176,26.687315,25.132992,1.0175534,26.715115,5.1165032,69.14028,108.251564,1.0428611,7.771194,-51.42212,406.54483,23.3289,0,72,768.98376,17.99381,41.4145
8/4/2026 4:09,39779.45,41088.79,26.67916,25.138609,1.0175465,26.707712,4.3491783,58.771324,92.01667,0.61137396,7.678867,-45.97187,403.3119,23.33162,0,72,768.98376,17.953829,41.323467
8/4/2026 4:39,39661.133,40993.01,26.60929,25.213602,1.017503,26.645458,4.5631514,61.602154,96.45429,0.5753622,7.6931696,-46.811104,397.28467,23.298931,0,72,768.98376,17.814297,41.00862
8/4/2026 5:09,39143.49,40543.707,26.282974,25.547033,1.0172864,26.353409,4.287705,57.665035,90.30641,0.67306274,7.6464267,-44.03591,399.4638,23.19183,0,72,768.98376,17.585533,40.499073
8/4/2026 5:39,39429,40876.55,26.521698,25.362043,1.0174793,26.56976,3.378772,45.46632,71.2082,0.3244787,7.5253935,-36.888123,395.07214,23.145927,0,72,768.98376,17.306492,39.858753
8/4/2026 6:09,38685.652,40178.58,26.017052,25.849377,1.0171238,26.116076,3.2123787,43.031406,67.40525,0.12569334,7.4867,-34.594536,387.29492,23.054596,0,72,768.98376,17.012344,39.206295
8/4/2026 6:39,34436.695,35969.49,23.009136,29.038792,1.0149318,23.380167,3.0600119,40.077923,62.809273,0.12083369,7.399303,-29.411316,372.265,22.768915,0,72,768.98376,16.700123,38.579124
8/4/2026 7:09,30052.03,31594.135,19.935757,33.275623,1.0127001,20.536188,3.1379914,40.137215,62.936264,0.050212976,7.316895,-24.528503,363.31955,22.444508,0,71,768.98376,16.37652,37.92548
8/4/2026 7:39,26196.271,27667.229,17.226927,38.17337,1.0107172,17.983698,3.4389088,43.119747,67.63829,0.04558319,7.2589245,-21.100044,379.50342,22.216438,0,71,768.98376,16.071323,37.301838
8/4/2026 8:09,23292.445,24651.293,15.179906,42.932377,1.0092005,16.02334,3.7947419,46.930424,73.62805,0.048812244,7.2229586,-18.978119,384.13824,22.113989,0,71,768.98376,15.762867,36.65254
8/4/2026 8:39,21619.426,22867.236,13.983778,46.254696,1.008292,14.863704,3.2716315,40.202805,63.070263,0.042404354,7.1903267,-17.061234,387.8385,22.143055,0,71,768.98376,15.526558,36.14444
8/4/2026 9:09,18248.078,19219.684,11.572726,54.800293,1.0064238,12.492795,4.579935,55.71602,87.377396,0.042499524,7.202033,-17.762184,389.76016,22.353264,0,71,768.98376,15.332612,35.765892
8/4/2026 9:39,16207.474,16951.752,10.09877,61.699932,1.0052279,11.01864,5.1340365,62.32941,97.69245,0.037355702,7.205077,-17.962456,401.6048,22.701275,0,71,768.98376,15.235987,35.585815
8/4/2026 10:09,12716.062,13195.811,7.7008524,78.6407,1.0033257,8.577277,5.5789456,67.29368,105.40261,0.036400214,7.20459,-17.957687,413.52097,23.096537,0,71,768.98376,15.271589,35.73399
8/4/2026 10:39,17866.791,18396.484,11.042165,55.96976,1.0057361,11.957715,6.747683,83.579155,130.82092,0.038778305,7.280065,-22.439957,424.53113,23.492506,0,71,768.98376,15.434998,36.024532
8/4/2026 11:09,39097.016,40301.426,26.114117,25.5774,1.0170912,26.195927,3.9090264,52.748726,82.57234,0.04209658,7.5879226,-40.61699,400.34595,23.435339,0,71,768.98376,15.713571,36.261524
8/4/2026 11:39,38611.254,39657.48,25.655197,25.899185,1.0166938,25.777363,4.8275604,65.183205,102.00433,0.03837817,7.6762576,-45.862198,401.38068,23.618767,0,71,768.98376,16.002232,36.929203
8/4/2026 12:09,37497.746,38060.51,24.523335,26.66827,1.0156698,24.739334,6.17227,83.69249,130.82687,0.38633716,7.805045,-53.58219,379.3556,24.225859,0,71,768.98376,16.30635,37.657166
8/4/2026 12:39,38744.43,39311.75,25.419592,25.810162,1.0163395,25.552637,6.0604167,82.62557,129.1547,0.644482,7.8114305,-53.96366,379.44617,24.244434,0,71,768.98376,16.645222,38.40218
8/4/2026 13:09,38822.363,39283.926,25.40227,25.75835,1.0162861,25.534552,6.034153,82.46224,128.86629,0.6622889,7.803274,-53.505898,378.04904,24.38485,0,71,768.98376,17.048214,39.31832
8/4/2026 13:39,39175.633,39659.406,25.671522,25.526072,1.0164957,25.778614,6.2310176,85.24869,133.22647,0.9770631,7.833207,-55.274963,380.88147,24.361351,0,71,768.98376,17.428953,40.174206
8/4/2026 14:09,39628.426,40234.637,26.082449,25.234411,1.0168482,26.152515,6.2335105,85.25891,133.27902,0.917866,7.849462,-56.209564,386.16483,24.211155,0,71,768.98376,17.761385,40.91465
8/4/2026 14:39,39877.117,40548.49,26.307022,25.077038,1.0170397,26.356518,6.274995,85.81928,134.17404,0.84697264,7.861955,-56.934357,387.6001,24.133127,0,71,768.98376,18.061504,41.587585
8/4/2026 15:09,40030.152,40746.082,26.448425,24.981169,1.0171614,26.484955,6.1490793,84.08706,131.47841,1.0793232,7.851653,-56.31447,388.7779,24.08008,0,71,768.98376,18.273945,42.06502
8/4/2026 15:39,39999.625,40554.004,26.314062,25.000235,1.0170017,26.360104,6.5165706,89.36309,139.6762,1.508651,7.8907723,-58.670044,393.82758,24.284286,0,71,768.98376,18.389261,42.33317
8/4/2026 16:09,39999.695,40528.28,26.296175,25.00019,1.016979,26.343384,6.468066,88.73992,138.6938,1.535111,7.8772993,-57.878494,397.5183,24.317152,0,71,768.98376,18.425106,42.415302
8/4/2026 16:39,39864.812,40216.785,26.076054,25.084778,1.0167484,26.140911,6.6714053,91.77439,143.37715,1.7020227,7.8817105,-58.18367,397.72812,24.541782,0,71,768.98376,18.333624,42.216972
8/4/2026 17:09,39797.234,39724.047,25.731337,25.127375,1.016328,25.820631,6.729171,93.28305,145.58214,1.6956081,7.8657537,-57.344437,386.01224,25.09646,0,71,768.98376,18.147652,41.813084
8/4/2026 17:39,39806.598,39508.57,25.58132,25.121464,1.0161276,25.68057,6.789867,94.53132,147.44551,2.0115702,7.8558846,-56.815147,383.11307,25.394936,0,71,768.98376,17.906311,41.272915
8/4/2026 18:09,39799.062,39366.113,25.481775,25.12622,1.0159994,25.587975,6.683082,93.28267,145.44661,1.8282727,7.8297343,-55.294037,383.88077,25.57581,0,71,768.98376,17.602037,40.587326
8/4/2026 18:39,39637.145,39169.844,25.34147,25.22886,1.0158795,25.4604,6.1604233,85.99123,134.06494,1.5545199,7.755044,-50.85945,390.17026,25.624615,0,71,768.98376,17.265236,39.827297
8/4/2026 19:09,38907.312,38256.754,24.690456,25.70211,1.0153117,24.86689,5.8403163,81.59522,127.14448,1.5370601,7.690382,-47.05429,391.0667,25.890322,0,71,768.98376,16.93795,39.105236
8/4/2026 19:39,36768.15,36010.816,23.091652,27.197453,1.0140496,23.40703,5.514646,76.6293,119.35601,1.4185042,7.620927,-42.948723,393.22202,26.101082,0,71,768.98376,16.585606,38.35236
8/4/2026 20:09,31998.41,31262.188,19.75325,31.251553,1.0115092,20.320423,5.2315745,71.50139,111.33918,1.1516637,7.5071883,-36.187172,405.26215,26.232983,0,71,768.98376,16.247097,37.674984
8/4/2026 20:39,27652.402,27058.064,16.851154,36.163223,1.0093616,17.587744,5.2099023,69.94824,108.93898,0.87354124,7.4103065,-30.403137,416.26755,26.150011,0,71,768.98376,15.937132,37.045547
8/4/2026 21:09,26847.768,26381.895,16.38808,37.247044,1.00908,17.148232,4.8144183,64.21618,100.05703,0.7354103,7.344154,-26.44062,417.53595,25.924547,0,71,768.98376,15.673841,36.453926
8/4/2026 21:39,25837.137,25467.902,15.7655115,38.70398,1.0086614,16.554138,4.263484,56.503494,88.06862,0.5916201,7.3125143,-24.542809,414.15515,25.759056,0,71,768.98376,15.462872,35.985897
8/4/2026 22:09,22626.844,22598.213,13.8281765,44.195293,1.0074052,14.688839,4.403335,57.016197,88.987366,0.25921565,7.2537293,-20.99514,424.24026,25.066334,0,71,768.98376,15.336745,35.74063
8/4/2026 22:39,19622.256,19783.275,11.957428,50.96254,1.0061377,12.85913,4.697777,59.65564,93.19318,0.2527919,7.257451,-21.181107,424.57883,24.573864,0,71,768.98376,15.303932,35.710323
8/4/2026 23:09,15819.94,16147.358,9.585975,63.211365,1.0045272,10.495783,4.740419,58.70592,91.815926,0.0881458,7.2272635,-19.350052,432.9521,23.938381,0,71,768.98376,15.366912,35.911224
8/4/2026 23:39,36495.41,36841.527,23.659357,27.400705,1.0149395,23.946993,4.3421154,58.87793,91.989426,1.324246,7.4880996,-34.84726,420.5114,24.50813,0,71,768.98376,15.547653,35.959644
8/5/2026 0:09,38582.062,38441.5,24.812254,25.91878,1.0156091,24.986977,6.25394,86.3853,134.79263,2.1198254,7.787187,-52.695274,406.40656,25.191439,0,71,768.98376,15.760153,36.41926
8/5/2026 0:39,38523.79,38481.117,24.838472,25.957987,1.0156679,25.012726,5.9487805,81.99225,127.97049,3.3873835,7.80525,-53.744316,404.55167,25.058054,0,71,768.98376,16.0522,37.080658
8/5/2026 1:09,38965.824,38981.707,25.195965,25.663515,1.0159597,25.33811,6.706295,92.49356,144.38235,3.856511,7.8996296,-59.332848,394.92908,24.97867,0,71,768.98376,16.368565,37.78838
8/5/2026 1:39,39466.766,39620.332,25.651487,25.337774,1.0163552,25.753216,6.794026,93.650764,146.23888,3.2231414,7.916715,-60.310364,392.4257,24.797071,0,71,768.98376,16.706942,38.54161
8/5/2026 2:09,39443.117,39674.387,25.68851,25.352966,1.0164125,25.788351,6.9575815,95.75478,149.55301,3.1743743,7.935717,-61.416626,389.26904,24.694807,0,71,768.98376,17.051172,39.319
8/5/2026 2:39,39539.184,39935.492,25.872353,25.291367,1.0166128,25.958069,6.681225,91.70417,143.28368,2.9331954,7.920291,-60.458183,395.17227,24.48043,0,71,768.98376,17.36764,40.030613
8/5/2026 3:09,39657.895,40084.137,25.978626,25.21566,1.0167035,26.05469,6.436671,88.343735,138.04262,2.9754498,7.8867826,-58.465004,398.21927,24.44326,0,71,768.98376,17.627995,40.61764
8/5/2026 3:39,39703.324,40114.73,26.00104,25.186808,1.0167146,26.074575,6.437818,88.40142,138.12772,3.1860826,7.889694,-58.641434,404.64227,24.463049,0,71,768.98376,17.834122,41.085697
8/5/2026 4:09,39704.31,40171.574,26.040583,25.186184,1.0167651,26.111523,6.067361,83.2283,130.06194,3.1485968,7.841162,-55.7518,409.3725,24.391008,0,71,768.98376,17.960443,41.36943
8/5/2026 4:39,39753.668,40247.113,26.094345,25.154911,1.0168151,26.160624,5.0602274,69.39451,108.45025,2.340834,7.768422,-51.436424,420.36835,24.358091,0,71,768.98376,17.984087,41.42204
8/5/2026 5:09,39713.957,40168.926,26.038988,25.180065,1.0167594,26.109802,5.731231,78.63874,122.88617,2.1853685,7.802724,-53.477287,412.32886,24.406992,0,71,768.98376,17.895004,41.22141
8/5/2026 5:39,39461.31,39899.375,25.845303,25.341278,1.0166084,25.934595,5.483708,75.183136,117.48228,1.848015,7.7677436,-51.407814,409.41064,24.425169,0,71,768.98376,17.702843,40.792267
8/5/2026 6:09,39165.38,39659.48,25.67131,25.532755,1.0164995,25.778664,5.0938697,69.67438,108.88969,1.4441645,7.701563,-47.473907,402.78735,24.347715,0,71,768.98376,17.467316,40.261387
8/5/2026 6:39,38886.77,39387.74,25.475847,25.715687,1.0163562,25.60203,4.5640397,62.342564,97.433716,0.95527667,7.620056,-42.643547,411.0414,24.33409,0,71,768.98376,17.186512,39.63019
8/5/2026 7:09,38378.945,38930.01,25.14607,26.055954,1.0161294,25.304506,4.6420326,63.204918,98.795044,0.84252584,7.6204796,-42.657852,405.07617,24.258884,0,71,768.98376,16.891111,38.968136
8/5/2026 7:39,36812.41,37445.883,24.08284,27.164753,1.0153699,24.339823,4.282215,57.804344,90.377205,0.60187745,7.540435,-37.899017,404.7424,24.11429,0,71,768.98376,16.575115,38.278763
8/5/2026 8:09,33737.086,34459.465,21.96391,29.640972,1.0138344,22.398651,4.057689,53.90941,84.31962,0.42910263,7.448346,-32.424927,411.21307,23.902454,0,71,768.98376,16.262636,37.62495
8/5/2026 8:39,30803.586,31624.225,19.975391,32.463753,1.0124102,20.555748,4.074431,53.268444,83.35575,0.16100825,7.3958993,-29.296875,418.45624,23.64138,0,71,768.98376,15.957103,36.981052
8/5/2026 9:09,27618.42,28552.61,17.847578,36.207718,1.0109048,18.559196,4.2776103,54.89253,85.950386,0.31251204,7.349881,-26.545525,422.16125,23.287006,0,71,768.98376,15.70398,36.457344
8/5/2026 9:39,24861.123,25792.385,15.962414,40.223446,1.0095338,16.765049,4.1733894,52.80607,82.708694,0.08206127,7.317899,-24.642944,427.53046,23.10963,0,71,768.98376,15.495474,36.029392
8/5/2026 10:09,22644.594,23424.725,14.367767,44.160652,1.0082964,15.226071,5.211574,65.51467,102.58791,0.12679553,7.3214087,-24.86229,425.37036,23.25635,0,71,768.98376,15.348312,35.736618
8/5/2026 10:39,19638.262,20207.605,12.230658,50.921005,1.0066205,13.134944,5.580905,69.64172,108.9994,0.045840267,7.329099,-25.339127,426.42896,23.524883,0,71,768.98376,15.310826,35.708622
8/5/2026 11:09,16417.281,16751.275,9.97576,60.911427,1.0048152,10.888329,6.161119,76.49527,119.63463,0.039226647,7.3413725,-26.102066,421.837,23.956102,0,71,768.98376,15.386794,35.946327
8/5/2026 11:39,37603.133,38290.418,24.684563,26.593529,1.0158381,24.888773,3.8818884,52.53135,82.14089,0.5085858,7.518958,-36.621094,416.48212,24.06025,0,71,768.98376,15.572315,35.98443
8/5/2026 12:09,38305.707,38819.633,25.067875,26.10577,1.0160568,25.232761,5.354361,72.93254,113.990204,1.0708095,7.685411,-46.510696,413.8452,24.306868,0,71,768.98376,15.815304,36.52887
8/5/2026 12:39,38863.33,39472.74,25.534143,25.731197,1.0164406,25.65728,6.7811875,92.42724,144.48988,1.7393425,7.889631,-58.584213,400.74173,24.19169,0,71,768.98376,16.112463,37.189816
8/5/2026 13:09,38389.58,38430.992,24.800695,26.048737,1.0156727,24.980146,9.72806,133.7865,208.85446,3.4008424,8.142914,-73.76671,366.62878,24.94358,0,71,768.98376,16.426823,37.9309
8/5/2026 13:39,38328.914,37970.426,24.479815,26.089964,1.0152707,24.680777,11.152993,154.57404,241.05064,5.428498,8.23115,-79.1502,344.16977,25.494308,0,71,768.98376,16.78841,38.76695
8/5/2026 14:09,38163.36,37836.508,24.383455,26.203144,1.0152106,24.593729,11.087509,153.47046,239.34929,4.7747555,8.228129,-78.959465,348.07983,25.452278,0,71,768.98376,17.140093,39.56729
8/5/2026 14:39,38128.152,37527.957,24.168541,26.227339,1.0149357,24.393173,11.357785,158.06793,246.33284,5.1336274,8.26166,-81.05755,355.3516,25.837343,0,71,768.98376,17.511618,40.423542
8/5/2026 15:09,37776.336,37034.03,23.81897,26.471598,1.0146105,24.07212,12.04745,167.94643,261.61658,7.243242,8.308235,-83.88996,350.91702,26.049416,0,71,768.98376,17.84066,41.184258
8/5/2026 15:39,38726.66,37827.316,24.387936,25.822004,1.0149788,24.587755,11.693566,164.0869,255.5036,8.150982,8.299079,-83.39882,349.744,26.244764,0,71,768.98376,18.114912,41.79284
8/5/2026 16:09,38191.773,37292.453,24.006031,26.18365,1.0146871,24.240095,10.531786,147.5114,229.68523,6.9459977,8.213259,-78.287125,369.30386,26.26258,0,71,768.98376,18.308208,42.244198
8/5/2026 16:39,35968.812,35392.574,22.650236,27.801863,1.0137923,23.005173,9.039115,124.754875,194.41199,4.320517,8.087159,-70.672035,382.06403,25.852425,0,71,768.98376,18.392275,42.47219
8/5/2026 17:09,36842.69,36231.035,23.245365,27.142426,1.0142292,23.550173,9.194382,127.39481,198.51353,2.8992646,8.081429,-70.33825,378.2636,25.883879,0,71,768.98376,18.40938,42.493168
8/5/2026 17:39,37380.285,36635.867,23.53554,26.75207,1.0143936,23.813314,9.600747,133.65747,208.19734,3.068489,8.134739,-73.5569,361.59818,26.06384,0,71,768.98376,18.256065,42.137936
8/5/2026 18:09,38127.688,37307.625,24.015425,26.22766,1.0147276,24.249956,10.011555,139.96399,217.98273,3.9827945,8.153822,-74.715614,351.947,26.150846,0,71,768.98376,18.062986,41.6854
8/5/2026 18:39,38202.87,37396.13,24.07833,26.176043,1.0147811,24.307484,9.821989,137.31192,213.8616,2.7247539,8.130308,-73.308945,350.95993,26.129465,0,71,768.98376,17.796392,41.07702
8/5/2026 19:09,38236.566,37491.55,24.14529,26.152975,1.014858,24.369509,10.046465,140.28877,218.53717,4.5997252,8.136116,-73.633194,346.53012,26.040398,0,71,768.98376,17.491945,40.38151
8/5/2026 19:39,38169.293,37423.54,24.096762,26.19907,1.0148206,24.3253,9.646966,134.67995,209.79869,3.7633388,8.1017685,-71.58756,351.81348,26.04332,0,71,768.98376,17.158972,39.62643
8/5/2026 20:09,37649.4,36851.312,23.689848,26.56085,1.0144885,23.953352,9.241987,128.93018,200.80534,3.6729329,8.052837,-68.69316,353.964,26.133867,0,71,768.98376,16.817026,38.86175
8/5/2026 20:39,36103.395,35272.594,22.56978,27.698227,1.0136191,22.927187,8.656753,120.209885,187.18605,3.4056277,7.9913454,-65.050125,359.56683,26.233177,0,71,768.98376,16.484972,38.13903
8/5/2026 21:09,33395.984,32662.365,20.730759,29.94372,1.0122582,21.230537,7.4153857,101.80818,158.55006,2.33657,7.8325906,-55.57537,379.20776,26.175955,0,71,768.98376,16.171629,37.474827
8/5/2026 21:39,30834.31,30224.764,19.03079,32.431404,1.0110202,19.646097,6.4197164,87.115074,135.70073,1.6243064,7.6710567,-45.928955,398.49582,26.055872,0,71,768.98376,15.878748,36.85206
8/5/2026 22:09,27401.473,26941.346,16.769588,36.49439,1.0093743,17.511875,5.595429,74.7548,116.484604,2.4846559,7.555682,-39.03389,406.43518,25.89418,0,71,768.98376,15.608247,36.292652
8/5/2026 22:39,24325.742,24026.295,14.790209,41.108715,1.0079616,15.617091,5.9133244,77.79143,121.27437,2.4908116,7.497869,-35.562515,412.80093,25.65253,0,71,768.98376,15.407179,35.88334
8/5/2026 23:09,22816.63,22663.467,13.8735285,43.82768,1.0073593,14.731254,5.5111465,71.74496,111.91332,1.5499707,7.425144,-31.204224,420.51617,25.353836,0,71,768.98376,15.278609,35.609386
8/5/2026 23:39,18363.346,18386.46,11.042956,54.456306,1.005355,11.9512,5.3790936,68.39491,106.7734,1.7310367,7.388046,-28.95832,428.95142,24.93418,0,71,768.98376,15.258849,35.634243
8/6/2026 0:09,17405.646,17536.023,10.487368,57.45262,1.005026,11.398416,5.0312977,63.400208,99.03608,1.4490751,7.3220663,-25.014877,434.9548,24.610743,0,71,768.98376,15.38981,35.94629
8/6/2026 0:39,34143.508,33889.332,21.583534,29.288145,1.0131263,22.028065,6.149721,83.69426,130.54292,2.4109118,7.6661115,-45.53318,411.7662,25.39268,0,71,768.98376,15.560004,36.051285
8/6/2026 1:09,36517.45,36276.04,23.270182,27.384169,1.014405,23.579426,6.267538,86.052124,134.23213,2.2968915,7.761611,-51.202774,405.05234,25.348421,0,71,768.98376,15.812265,36.5794
8/6/2026 1:39,35488.78,35298.79,22.57652,28.17792,1.0139036,22.944214,6.1671796,84.243515,131.42781,2.2370975,7.7801785,-52.29473,405.29077,25.281801,0,71,768.98376,16.089455,37.228043
8/6/2026 2:09,35191.562,34904.594,22.299793,28.415903,1.0136527,22.687986,7.4900527,102.417885,159.73558,2.8125327,7.972705,-63.767433,380.3474,25.430445,0,71,768.98376,16.391106,37.923637
8/6/2026 2:39,35480.043,35140.45,22.467466,28.184858,1.0137565,22.841291,7.822255,107.20284,167.17384,2.8876266,8.031126,-67.25788,375.4169,25.505966,0,71,768.98376,16.717333,38.66214
8/6/2026 3:09,35739.695,35367.414,22.628635,27.980093,1.0138643,22.98882,8.078753,110.906334,172.93385,3.0670285,8.049715,-68.37368,369.88083,25.5511,0,71,768.98376,17.055384,39.427917
8/6/2026 3:39,36193.69,35998.48,23.072258,27.629124,1.0142752,23.399014,8.034839,110.069275,171.71774,2.8823445,8.046892,-68.1448,374.6206,25.283913,0,71,768.98376,17.365679,40.117767
8/6/2026 4:09,36659.65,36699.875,23.565485,27.277948,1.0147444,23.85492,7.4015856,101.07601,157.79036,2.841752,7.9693995,-63.467026,379.04086,24.942612,0,71,768.98376,17.626862,40.69349
8/6/2026 4:39,37152.74,37349.543,24.02458,26.915916,1.0151525,24.277203,6.833833,93.21062,145.57149,2.7448237,7.9168034,-60.300827,388.7016,24.724121,0,71,768.98376,17.833948,41.14768
8/6/2026 5:09,37536.86,37811.297,24.352253,26.640482,1.0154287,24.577343,6.3642797,86.810326,135.60219,2.7650716,7.8603826,-56.934357,394.7622,24.619995,0,71,768.98376,17.941872,41.38172
8/6/2026 5:39,37721.2,38042.535,24.516352,26.510292,1.01557,24.727648,4.5378213,61.887478,96.68259,1.9285913,7.6975384,-47.268867,382.188,24.557762,0,71,768.98376,17.96126,41.420364
8/6/2026 6:09,37315.605,37540.812,24.16033,26.798439,1.0152656,24.40153,5.6040134,76.44455,119.395645,1.4041762,7.7780795,-52.06585,396.0735,24.685915,0,71,768.98376,17.861563,41.20525
8/6/2026 6:39,36624.207,36718.82,23.577766,27.304346,1.014776,23.867233,5.90481,80.5325,125.73815,1.423996,7.808488,-53.901672,401.88614,24.865093,0,71,768.98376,17.689798,40.83528
8/6/2026 7:09,36605.004,36674.184,23.546587,27.31867,1.0147421,23.83822,5.176165,70.62706,110.26492,0.69197303,7.696861,-47.283173,403.45972,24.901237,0,71,768.98376,17.447372,40.28513
8/6/2026 7:39,36317.746,36284.727,23.272049,27.534748,1.0144937,23.585073,4.7267766,64.559326,100.76384,0.4618333,7.629174,-43.287277,406.3255,25.047644,0,71,768.98376,17.182083,39.69136
8/6/2026 8:09,35834.902,35671.797,22.840036,27.905754,1.0141137,23.186668,5.0148206,68.55432,106.95993,0.433372,7.650294,-44.56997,402.59186,25.239391,0,71,768.98376,16.888103,39.037357
8/6/2026 8:39,34683.266,34449.77,21.977802,28.832348,1.0134331,22.392351,4.9975777,68.12176,106.26136,0.2392651,7.6220865,-42.910576,402.61093,25.354866,0,71,768.98376,16.573635,38.34784
8/6/2026 9:09,31833.871,31646.578,20.011923,31.413082,1.011971,20.570276,4.437063,59.763046,93.23091,0.12781009,7.526717,-37.236214,409.14838,25.309858,0,71,768.98376,16.272814,37.716774
8/6/2026 9:39,29105.373,28926.62,18.127028,34.357918,1.010554,18.802301,4.5822663,61.07668,95.277695,0.08280005,7.459215,-33.226013,415.80502,25.323536,0,71,768.98376,15.988139,37.118874
8/6/2026 10:09,26758.514,26559.814,16.505463,37.371284,1.0093197,17.26388,4.745855,62.753242,97.88016,0.08072513,7.4030194,-29.892921,420.55908,25.391687,0,71,768.98376,15.756535,36.633892
8/6/2026 10:39,23802.582,23545.283,14.466071,42.01225,1.0077418,15.304435,4.58502,60.121193,93.74182,0.048277054,7.3716927,-28.047562,415.34247,25.572136,0,71,768.98376,15.564635,36.25121
8/6/2026 11:09,22113.508,21643.697,13.196923,45.22123,1.0066327,14.068403,4.941758,64.97938,101.20311,0.046974897,7.4051285,-30.093193,390.34192,26.13647,0,71,768.98376,15.444281,36.014584
8/6/2026 11:39,20430.621,19809.176,11.983243,48.946136,1.005581,12.875964,5.569736,73.38726,114.179825,0.041555755,7.4410996,-32.291412,404.87115,26.642492,0,71,768.98376,15.412778,35.979725
8/6/2026 12:09,18948.883,18170.633,10.909269,52.77356,1.0046058,11.810912,5.223191,69.12871,107.418236,0.03685622,7.411321,-30.574799,409.30096,27.242413,0,71,768.98376,15.479854,36.167835
8/6/2026 12:39,36862.01,36699.516,23.569532,27.128199,1.0146638,23.854685,5.1012964,70.01694,109.24354,1.1455095,7.6457386,-44.298172,391.93933,25.23182,0,71,768.98376,15.664866,36.235256
8/6/2026 13:09,37579.902,37656.33,24.246141,26.609968,1.0152702,24.476614,5.7120504,78.24,122.15219,0.96413195,7.7469363,-50.25387,372.327,24.89374,0,71,768.98376,15.9023905,36.754734
8/6/2026 13:39,37285.586,36598.953,23.508226,26.820015,1.0143974,23.78932,8.2546835,114.73911,178.7576,2.0373406,8.033809,-67.52491,363.22418,25.982254,0,71,768.98376,16.183928,37.425934
8/6/2026 14:09,38511.508,37347.816,24.050077,25.966265,1.0146091,24.276081,9.7353735,137.25253,213.54976,2.7627947,8.18073,-76.441765,343.03012,26.631323,0,71,768.98376,16.499397,38.13519
8/6/2026 14:39,38711.8,37557.21,24.199404,25.831917,1.0147276,24.412188,9.398018,132.55879,206.25616,2.3380647,8.15454,-74.87297,340.94635,26.609535,0,71,768.98376,16.85646,38.94186
8/6/2026 15:09,39092.87,38314.137,24.733978,25.58011,1.0152926,24.904188,8.844935,123.97263,193.11124,2.2811053,8.107927,-71.959496,342.02878,26.064133,0,71,768.98376,17.222246,39.751617
8/6/2026 15:39,39349.086,39483.77,25.553751,25.413551,1.0162745,25.66445,7.584148,104.5281,163.21674,2.3960028,7.9862285,-64.43977,353.01987,24.821407,0,71,768.98376,17.581917,40.53012
8/6/2026 16:09,39414.984,39907.113,25.849506,25.371061,1.0166317,25.939625,7.0431104,96.44557,150.72688,2.163458,7.885307,-58.3601,369.6472,24.354355,0,71,768.98376,17.891571,41.2191
8/6/2026 16:39,39491.59,39874.59,25.82884,25.321848,1.0165752,25.918484,7.1074176,97.55816,152.42557,2.1254928,7.9278765,-60.91118,381.70163,24.497114,0,71,768.98376,18.150167,41.8081
8/6/2026 17:09,39474.137,40101.18,25.985767,25.333042,1.0167838,26.065767,6.821469,93.200264,145.7011,2.2359295,7.901988,-59.313774,385.62122,24.181334,0,71,768.98376,18.32018,42.185238
8/6/2026 17:39,39474.113,39981.89,25.902939,25.333057,1.0166775,25.98823,6.3351846,86.74879,135.57736,1.9454519,7.850596,-56.300163,399.53534,24.33507,0,71,768.98376,18.39885,42.36809
8/6/2026 18:09,39442.91,40039.957,25.942457,25.353098,1.0167403,26.025972,5.543504,75.77151,118.44633,1.5177343,7.7950797,-52.990913,397.84732,24.219305,0,71,768.98376,18.385992,42.33578
8/6/2026 18:39,39494.67,39383.234,25.487133,25.319872,1.0161293,25.599102,7.1605425,99.21392,154.82281,1.2494414,7.927801,-61.039925,387.12326,25.148142,0,71,768.98376,18.256983,42.06889
8/6/2026 19:09,39598.473,39249.812,25.396433,25.2535,1.015968,25.512379,7.060812,98.319435,153.33313,1.5534785,7.918932,-60.577393,379.19824,25.465084,0,71,768.98376,18.042542,41.588615
8/6/2026 19:39,39610.496,39055.38,25.26108,25.245834,1.0157835,25.385998,6.9290953,96.875916,150.99918,1.4513031,7.900515,-59.537888,380.79562,25.744165,0,71,768.98376,17.753952,40.94066
8/6/2026 20:09,39581.227,38760.277,25.0545,25.264503,1.0155196,25.194181,6.7899766,95.41567,148.61485,1.1759242,7.8531246,-56.786537,378.66418,26.108912,0,71,768.98376,17.45455,40.271137
8/6/2026 20:39,39274.55,38365.74,24.773352,25.46178,1.0152694,24.937729,6.5019126,91.42793,142.36592,1.1111194,7.8329506,-55.60875,384.56265,26.240215,0,71,768.98376,17.137585,39.56069
8/6/2026 21:09,38962.715,37717.016,24.315088,25.665564,1.014778,24.51606,6.3272915,89.486465,139.20274,0.9231701,7.804998,-54.03042,380.64783,26.72919,0,71,768.98376,16.80514,38.82402
8/6/2026 21:39,37418.418,35852.918,22.99242,26.724808,1.0136175,23.304398,6.0730305,86.065216,133.72316,0.8505508,7.754381,-51.10264,385.4019,27.286097,0,71,768.98376,16.462963,38.088707
8/6/2026 22:09,34551.566,32909.62,20.916643,28.942247,1.011965,21.391253,5.538847,78.01848,121.13504,0.40245387,7.643182,-44.498444,399.4066,27.612177,0,71,768.98376,16.147497,37.431118
8/6/2026 22:39,32125.102,30561.254,19.276503,31.128305,1.0107194,19.864815,5.1448054,71.88894,111.60168,0.22016908,7.567315,-39.963722,407.0598,27.679108,0,71,768.98376,15.8488035,36.795277
8/6/2026 23:09,29573.781,28136.648,17.59995,33.813736,1.0094694,18.28882,4.6536684,64.415,100.0001,0.046804443,7.4982305,-35.824776,409.07208,27.674181,0,71,768.98376,15.579154,36.22284
8/6/2026 23:39,25816.748,24641.781,15.214993,38.734547,1.007743,16.017159,5.0871677,69.272545,107.582825,0.07897682,7.4848843,-35.004616,401.09937,27.496433,0,71,768.98376,15.364796,35.793476
8/7/2026 0:09,23936.086,22989.348,14.100435,41.777924,1.0070124,14.943076,4.653667,62.60686,97.30196,0.05576304,7.405647,-30.226707,407.2553,27.156103,0,71,768.98376,15.24097,35.53545
8/7/2026 0:39,20970.865,20267.785,12.286593,47.685204,1.0057575,13.17406,4.7485585,62.864624,97.77276,0.045906432,7.3682203,-27.956963,422.7716,26.816208,0,71,768.98376,15.234223,35.563175
8/7/2026 1:09,19071.777,18520.512,11.13639,52.4335,1.0049727,12.038333,4.2554026,55.72102,86.70883,0.041841645,7.2903214,-23.283958,424.74094,26.558382,0,71,768.98376,15.3507595,35.857925
8/7/2026 1:39,37063.266,36778.85,23.628471,26.980892,1.0146576,23.906254,4.9646025,68.36877,106.63634,0.44786012,7.633516,-43.59722,388.77313,25.404875,0,71,768.98376,15.536433,35.943283
8/7/2026 2:09,39318.402,39216.74,25.367315,25.433384,1.0160428,25.490881,5.895934,81.61871,127.36862,0.7898851,7.7963443,-53.229332,368.3597,25.135723,0,71,768.98376,15.788301,36.467342
8/7/2026 2:39,39012.273,39205.88,25.352737,25.63296,1.0161465,25.483822,5.798823,79.719215,124.497284,0.8711108,7.8008265,-53.424835,380.84332,24.741455,0,71,768.98376,16.04942,37.05673
8/7/2026 3:09,38069.273,38228.742,24.653273,26.267904,1.0156087,24.848682,5.7436175,78.7011,122.89805,1.2179046,7.7984543,-53.29132,387.73837,24.7816,0,71,768.98376,16.349163,37.75683
8/7/2026 3:39,38418.457,38462.13,24.82294,26.029156,1.0156903,25.000383,6.5822506,90.53017,141.32773,2.0204163,7.9094777,-59.90982,360.9163,24.94055,0,71,768.98376,16.676348,38.49656
8/7/2026 4:09,37834.406,37555.027,24.181482,26.43097,1.0150775,24.410769,6.788207,93.75103,146.22998,2.7797337,7.9005804,-59.47113,313.96213,25.389482,0,71,768.98376,17.036058,39.33652
8/7/2026 4:39,38531.938,38166.92,24.620472,25.952497,1.0153744,24.808498,6.940345,96.27643,150.13654,1.9433041,7.9413414,-61.917305,329.8551,25.500713,0,71,768.98376,17.35417,40.04883
8/7/2026 5:09,38754.49,38331.242,24.739262,25.803463,1.015441,24.915308,7.232558,100.53209,156.7492,1.7797046,7.9794693,-64.201355,348.26105,25.5781,0,71,768.98376,17.612827,40.6328
8/7/2026 5:39,38788.16,38353.75,24.755596,25.781063,1.0154488,24.92994,7.5215735,104.585976,163.06526,1.7516556,8.015085,-66.32328,368.58383,25.59301,0,71,768.98376,17.810337,41.081573
8/7/2026 6:09,38853.926,38495.703,24.855698,25.737425,1.0155551,25.02221,7.3046002,101.441185,158.19478,1.5410175,7.9943113,-65.06443,376.65192,25.4872,0,71,768.98376,17.93497,41.360653
8/7/2026 6:39,38781.8,38422.53,24.803307,25.78529,1.0155151,24.974646,5.906094,81.99854,127.8739,0.7303704,7.8276777,-55.155754,388.4155,25.489557,0,71,768.98376,17.94196,41.378548
8/7/2026 7:09,38837.2,38478.555,24.843416,25.74851,1.0155457,25.011063,6.6050253,91.720894,143.03604,0.7070601,7.9363346,-61.616898,382.84125,25.487988,0,71,768.98376,17.89016,41.25951
8/7/2026 7:39,38794.96,38425.676,24.805765,25.776543,1.015513,24.976688,6.323384,87.81409,136.93944,0.6105966,7.8828,-58.436394,385.9264,25.503162,0,71,768.98376,17.714739,40.861973
8/7/2026 8:09,38782.75,38368.797,24.765955,25.78466,1.0154649,24.939718,5.79095,80.48749,125.49903,0.40532967,7.8014703,-53.6108,389.1403,25.56486,0,71,768.98376,17.487225,40.347584
8/7/2026 8:39,38255.727,37883.348,24.41786,26.139877,1.0152183,24.624176,4.93468,68.39176,106.64941,0.17677923,7.659465,-45.15648,398.6532,25.514643,0,71,768.98376,17.209097,39.724792
8/7/2026 9:09,38101.49,37672.23,24.268194,26.245693,1.0150816,24.48695,4.975596,68.99794,107.57739,0.049270127,7.6485157,-44.517517,394.18045,25.596571,0,71,768.98376,16.922464,39.078846
8/7/2026 9:39,37555.06,37027.09,23.810005,26.627571,1.0146935,24.067608,4.808297,66.67752,103.92886,0.043643393,7.5996695,-41.632652,398.7295,25.746542,0,71,768.98376,16.6148,38.394115
8/7/2026 10:09,35797.777,35200.863,22.514957,27.934694,1.0136802,22.880562,4.6161695,63.700985,99.261566,0.042999037,7.5440845,-38.342476,403.39294,25.887821,0,71,768.98376,16.294031,37.702515
8/7/2026 10:39,33905.605,33077.258,21.023018,29.493649,1.012437,21.500217,4.499139,62.016567,96.55444,0.04431619,7.486319,-34.952164,398.00946,26.311138,0,71,768.98376,16.055275,37.203293
8/7/2026 11:09,32115.627,31116.365,19.65554,31.13749,1.0113035,20.225637,4.5735307,62.958664,97.946556,0.039200433,7.448377,-32.730103,382.81265,26.681341,0,71,768.98376,15.755972,36.561947
8/7/2026 11:39,28159.754,27039.77,16.844883,35.511673,1.0090575,17.57585,4.8784943,66.66231,103.60207,0.041488398,7.4606447,-33.516884,372.44623,27.16858,0,71,768.98376,15.582051,36.24432
8/7/2026 12:09,26510.664,25198.066,15.592776,37.72067,1.0079557,16.378742,5.7350497,78.570366,121.96117,0.03931552,7.501229,-36.010742,336.52606,27.727293,0,71,768.98376,15.428989,35.933113
8/7/2026 12:39,24489.502,23050.87,14.145283,40.833824,1.0067133,14.983066,6.497365,89.11922,138.16917,0.040610075,7.5239058,-37.436485,293.27216,28.2676,0,71,768.98376,15.386255,35.87912
8/7/2026 13:09,22464.555,20950.387,12.743561,44.514572,1.0055119,13.617752,6.5427556,89.8338,139.11229,0.03236571,7.4943666,-35.72464,337.2556,28.783978,0,71,768.98376,15.44429,36.054203
8/7/2026 13:39,37489.38,36862.29,23.694523,26.674221,1.0145642,23.960487,5.758114,79.99524,124.651245,0.4817053,7.6301622,-43.468475,336.44025,25.890661,0,71,768.98376,15.639596,36.182087
8/7/2026 14:09,38582.473,37954.973,24.474117,25.918505,1.0151566,24.670732,6.3596997,88.70513,138.2302,0.51081246,7.805849,-53.925514,343.84076,25.865593,0,71,768.98376,15.862099,36.666687
8/7/2026 14:39,39117.99,37856.32,24.414932,25.563686,1.0148479,24.60661,8.16818,115.617805,179.84604,0.5126082,8.040987,-68.125725,341.1943,26.744913,0,71,768.98376,16.146915,37.32473
8/7/2026 15:09,40146.637,38974.742,25.214811,24.908688,1.0154995,25.333584,8.581376,121.660934,189.31334,1.0298576,8.103235,-71.80214,304.6829,26.574245,0,71,768.98376,16.489662,38.07963
8/7/2026 15:39,40209.09,39619.4,25.667143,24.869999,1.0160782,25.75261,7.552151,105.89403,165.04411,1.1017648,8.018877,-66.59031,291.0358,25.77926,0,71,768.98376,16.843435,38.861103
8/7/2026 16:09,40329.453,39732.383,25.748596,24.795774,1.0161371,25.82605,7.6054707,106.704636,166.30504,1.1353168,8.013001,-66.24222,301.81232,25.786768,0,71,768.98376,17.210201,39.69167
8/7/2026 16:39,40544.027,39638.332,25.686985,24.664545,1.0159681,25.764915,8.011151,113.1481,176.20294,1.5017198,8.053957,-68.77422,309.189,26.19628,0,71,768.98376,17.56369,40.5006
8/7/2026 17:09,40448.168,39945.992,25.900455,24.722998,1.0162895,25.964895,7.684116,107.6627,167.84084,1.6615547,8.020693,-66.67137,309.53232,25.658184,0,71,768.98376,17.879623,41.205368
8/7/2026 17:39,40170.637,40059.293,25.973572,24.893805,1.0164958,26.03854,7.1685004,99.594955,155.41821,1.6753131,7.964337,-63.209534,272.63943,25.145521,0,71,768.98376,18.1207,41.744034
8/7/2026 18:09,40093.992,40140.934,26.02875,24.941393,1.0165977,26.091606,6.9142027,95.7483,149.47427,2.0010412,7.9376006,-61.57875,325.76862,24.938774,0,71,768.98376,18.316105,42.182816
8/7/2026 18:39,39869.203,40167.75,26.042034,25.082016,1.0167029,26.109037,6.4064336,88.21852,137.80418,1.9307619,7.8794723,-58.06446,316.73734,24.610865,0,71,768.98376,18.43283,42.443737
8/7/2026 19:09,40019.574,40253.883,26.105679,24.987772,1.0167265,26.165024,5.4352374,74.9822,117.10962,1.254688,7.774997,-51.88465,336.507,24.69525,0,71,768.98376,18.445902,42.47261
8/7/2026 19:39,40283.87,39996.07,25.931948,24.823832,1.0163964,25.997446,6.5395164,91.19854,142.2522,1.067726,7.8911576,-58.908463,338.3476,25.376738,0,71,768.98376,18.374176,42.324047
8/7/2026 20:09,40297.188,39499.65,25.585125,24.815628,1.0159335,25.674772,6.5294375,91.94833,143.22923,1.159467,7.8879437,-58.851242,336.30194,26.057127,0,71,768.98376,18.034939,41.572727
8/7/2026 20:39,40245.94,39460.266,25.556568,24.847225,1.0159165,25.649174,6.049064,85.14855,132.64102,0.73716044,7.8365283,-55.78518,345.4143,26.04244,0,71,768.98376,17.763973,40.95756
8/7/2026 21:09,40300.938,39384.2,25.504375,24.813318,1.0158244,25.59973,5.863446,82.76049,128.87517,0.7349542,7.804781,-53.925514,342.539,26.218681,0,71,768.98376,17.483952,40.326313
8/7/2026 21:39,40137.566,39180.523,25.358738,24.914316,1.0156969,25.46734,5.384193,76.01161,118.35128,0.4499645,7.7469378,-50.48752,355.261,26.278873,0,71,768.98376,17.185009,39.65212
8/7/2026 22:09,39505.81,38393.23,24.796692,25.312733,1.0152032,24.9556,5.2340336,73.95816,115.09784,0.3519178,7.708866,-48.25592,361.52664,26.517199,0,71,768.98376,16.849659,38.90904
8/7/2026 22:39,37852.977,36595.332,23.515394,26.418001,1.0141574,23.786966,4.9750924,70.1304,109.07699,0.16111761,7.6635575,-45.59517,364.95032,26.799278,0,71,768.98376,16.498867,38.15104
8/7/2026 23:09,30463.443,29411.041,18.473825,32.82623,1.0103626,19.117176,5.003309,68.64574,106.751236,0.064638704,7.558491,-39.32953,369.76163,26.873432,0,71,768.98376,16.171637,37.544518
8/7/2026 23:39,25686.527,24895.635,15.382974,38.930916,1.0081145,16.182163,4.9078355,65.93679,102.583565,0.048105463,7.463666,-33.64086,378.0681,26.663263,0,71,768.98376,15.892912,36.98925
8/8/2026 0:09,22278.723,21694.178,13.231707,44.885876,1.0065802,14.101215,4.880508,64.49635,100.394844,0.049002595,7.414019,-30.651093,255.77847,26.410719,0,71,768.98376,15.601503,36.376858
8/8/2026 0:39,18378.406,17982.953,10.783964,54.411682,1.0048249,11.688919,4.0888476,53.052166,82.62442,0.04056853,7.3337364,-25.839806,279.00998,26.151329,0,71,768.98376,15.334973,35.82691
8/8/2026 1:09,13919.425,13761.671,8.065988,71.84205,1.0029451,8.9450865,4.6894407,59.3332,92.508095,0.046933882,7.276423,-22.382736,149.10999,25.600172,0,70,768.98376,15.132105,35.42617
8/8/2026 1:39,11110.234,11092.801,6.389462,90.0071,1.0018291,7.2103205,4.178831,51.886383,80.97862,0.042389728,7.2238407,-19.221306,168.7223,25.082287,0,70,768.98376,15.117118,35.43035
8/8/2026 2:09,9703.546,9751.396,5.5608673,103.055115,1.0012976,6.338408,3.5117776,43.132397,67.35953,0.04319572,7.174209,-16.255379,203.3359,24.743084,0,70,768.98376,15.214549,35.673042
8/8/2026 2:39,8015.3906,8100.916,4.5561485,124.75999,1.0006202,5.2655954,4.311756,52.371525,81.83318,0.044881795,7.1532383,-14.996529,196.16905,24.447254,0,70,768.98376,15.361228,36.035255
8/8/2026 3:09,38368.688,38883.88,25.113901,26.06292,1.0160917,25.27452,4.016174,54.718796,85.523056,0.75137657,7.538975,-37.83703,230.8685,24.306307,0,70,768.98376,15.660195,36.175106
8/8/2026 3:39,39562.92,40260.88,26.098953,25.276192,1.0168945,26.16957,3.8733816,52.872894,82.67016,0.65059036,7.582777,-40.402412,252.67426,24.092361,0,70,768.98376,15.92916,36.75701
8/8/2026 4:09,39328.062,40141.523,26.009872,25.427135,1.0168709,26.091991,3.9107227,53.211597,83.22271,0.91843015,7.589739,-40.79342,264.61902,23.939014,0,70,768.98376,16.241766,37.466743
8/8/2026 4:39,39834.41,41094.95,26.685062,25.103924,1.0175335,26.711718,3.5609725,48.17505,75.418175,0.85199714,7.5723524,-39.691925,229.00406,23.394037,0,70,768.98376,16.547014,38.133827
8/8/2026 5:09,39899.168,41196.28,26.757217,25.063179,1.0175999,26.777584,3.419686,46.24801,72.406746,0.9272879,7.557669,-38.819313,236.26152,23.35151,0,70,768.98376,16.930147,38.99935
8/8/2026 5:39,39853.867,41236.1,26.78344,25.091667,1.0176495,26.803467,3.1785538,42.912296,67.19668,0.87799186,7.5343947,-37.431717,230.57285,23.245028,0,70,768.98376,17.276882,39.783863
8/8/2026 6:09,39855.3,41355.414,26.866121,25.090765,1.017752,26.88102,3.1283374,42.146324,66.01361,0.7476766,7.521366,-36.644936,211.21803,23.100851,0,70,768.98376,17.578535,40.464542
8/8/2026 6:39,39853.223,41495.99,26.963354,25.092073,1.0178734,26.972391,2.8494442,38.291935,59.994263,0.6346437,7.505554,-35.69126,182.9702,22.927301,0,70,768.98376,17.788826,40.935814
8/8/2026 7:09,39948.195,41691.79,27.101858,25.03242,1.0180103,27.099663,2.676971,35.92803,56.301716,0.67202824,7.48953,-34.73282,223.33923,22.81042,0,70,768.98376,17.92116,41.231216
8/8/2026 7:39,39969.26,41697.2,27.106281,25.019226,1.0180081,27.10318,2.2395732,30.069082,47.11876,0.5837533,7.3966913,-29.263496,259.55023,22.830359,0,70,768.98376,17.972467,41.34719
8/8/2026 8:09,39994.98,41700.45,27.109352,25.003138,1.0180026,27.105291,1.652008,22.191935,34.773464,0.20885454,7.4287605,-31.15654,249.53189,22.85874,0,70,768.98376,17.907942,41.20119
8/8/2026 8:39,39893.26,41466.727,26.944368,25.06689,1.0178354,26.953373,2.5606334,34.459877,53.982433,0.10627644,7.473036,-33.783913,270.68915,23.013336,0,70,768.98376,17.748495,40.84625
8/8/2026 9:09,39908.184,41319.36,26.842772,25.057518,1.0177037,26.857584,2.536799,34.239777,53.61939,0.04889601,7.4529366,-32.62043,274.05563,23.21189,0,70,768.98376,17.519638,40.33302
8/8/2026 9:39,39940.26,41169.992,26.740206,25.037392,1.0175635,26.760496,2.446782,33.136803,51.871956,0.041372437,7.440973,-31.938553,264.5618,23.436146,0,70,768.98376,17.254395,39.736557
8/8/2026 10:09,39714.223,40688.312,26.399658,25.179895,1.0172192,26.447403,2.6274455,35.709316,55.8684,0.043645363,7.4248405,-31.018257,247.23355,23.746584,0,70,768.98376,16.94957,39.05931
8/8/2026 10:39,38231.086,38790.11,25.045584,26.156725,1.0160575,25.213572,2.894651,39.380978,61.557564,0.045319937,7.4147005,-30.469894,233.0381,24.24547,0,70,768.98376,16.650188,38.423687
8/8/2026 11:09,34997.918,35211.637,22.50647,28.573128,1.0140233,22.887564,2.9590597,39.98296,62.44819,0.03968342,7.376237,-28.233528,227.56401,24.682219,0,70,768.98376,16.32576,37.761234
8/8/2026 11:39,31542.236,31354.578,19.808552,31.703522,1.0118176,20.380476,3.2981324,44.374218,69.22374,0.038536698,7.349155,-26.683807,242.66068,25.313354,0,70,768.98376,16.021332,37.14823
8/8/2026 12:09,27940.217,27462.32,17.126053,35.790703,1.0096363,17.850508,3.8954225,52.163116,81.27899,0.040202163,7.312225,-24.53804,192.24469,25.911097,0,70,768.98376,15.755517,36.620567
8/8/2026 12:39,25743.527,25002.678,15.454874,38.844715,1.0082009,16.251741,3.621609,48.58135,75.59972,0.040011108,7.3145404,-24.728775,188.62549,26.551348,0,70,768.98376,15.536175,36.169518
8/8/2026 13:09,23006.752,22002.215,13.440675,43.4655,1.0064508,14.30144,5.1386933,69.15711,107.42819,0.036482945,7.3416696,-26.421547,185.95044,27.390375,0,70,768.98376,15.381607,35.87697
8/8/2026 13:39,21595.266,20448.955,12.40944,46.306446,1.00552,13.291821,4.766422,64.380936,99.88973,0.035416603,7.3720484,-28.290749,170.29587,27.934935,0,70,768.98376,15.304857,35.734142
8/8/2026 14:09,18880.64,17675.994,10.588505,52.964306,1.0039735,11.489396,6.6155705,89.425674,138.54936,0.031039927,7.4154243,-30.956268,176.36124,28.568144,0,70,768.98376,15.318217,35.818493
8/8/2026 14:39,37552.61,37458.36,24.108612,26.629309,1.0150979,24.347935,3.3048873,45.420757,70.88107,0.105570674,7.3788915,-28.4338,233.89163,25.131733,0,70,768.98376,15.467413,35.77176
8/8/2026 15:09,39945.16,40562.137,26.318304,25.034323,1.0170281,26.36539,3.062426,41.937477,65.55869,0.26564187,7.53686,-37.698746,246.48013,24.203632,0,70,768.98376,15.726926,36.29341
8/8/2026 15:39,39751.902,39865.574,25.82887,25.156029,1.0164729,25.912624,4.9104505,67.81889,105.890816,0.3284141,7.6358438,-43.65444,254.81049,24.850712,0,70,768.98376,16.010195,36.955936
8/8/2026 16:09,41457.56,41305.32,26.874289,24.121054,1.0171595,26.84846,5.6727076,79.283325,123.71059,0.5428163,7.746809,-50.296783,183.04172,25.192968,0,70,768.98376,16.328638,37.6533
8/8/2026 16:39,41593.5,41526.29,27.032305,24.042217,1.0173101,26.992086,5.804613,81.048065,126.49042,0.70627284,7.7726502,-51.813126,185.77878,25.08474,0,70,768.98376,16.716263,38.526173
8/8/2026 17:09,41521.273,41816.285,27.233608,24.08404,1.0175945,27.180586,5.47236,75.89669,118.55218,0.9542958,7.748006,-50.27294,206.04434,24.63063,0,70,768.98376,17.092588,39.36926
8/8/2026 17:39,41346.4,41883.31,27.275946,24.185904,1.0177137,27.224152,5.27047,72.730865,113.67044,0.89897597,7.7313175,-49.233437,211.49936,24.328838,0,70,768.98376,17.46198,40.201153
8/8/2026 18:09,40986.027,42008.85,27.353577,24.39856,1.0179447,27.305754,4.603319,62.883545,98.38711,0.94997233,7.6635575,-45.12787,174.99748,23.725245,0,70,768.98376,17.818027,40.999443
8/8/2026 18:39,40889.766,42128.47,27.434004,24.455997,1.0180802,27.383505,4.349612,59.16833,92.617455,1.200729,7.6543083,-44.54136,250.63339,23.460573,0,70,768.98376,18.058968,41.539967
8/8/2026 19:09,40718.414,42329.41,27.568348,24.558914,1.0183083,27.514116,3.6072476,48.714947,76.31421,1.0789961,7.589078,-40.626526,242.13138,23.007408,0,70,768.98376,18.286203,42.045856
8/8/2026 19:39,40657.727,42360.164,27.587744,24.595572,1.0183539,27.534107,3.4044924,45.89068,71.903496,1.2204845,7.56952,-39.458275,279.83966,22.895832,0,70,768.98376,18.409412,42.323208
8/8/2026 20:09,40561.58,42222.895,27.48944,24.653873,1.0182675,27.444881,3.0133638,40.627274,63.65181,1.2989689,7.4843388,-34.441948,270.12173,22.939983,0,70,768.98376,18.444641,42.40635
8/8/2026 20:39,40686.797,42340.61,27.575104,24.577997,1.0183281,27.521397,3.0245798,40.809635,63.935883,0.69564736,7.5224,-36.68785,265.53455,22.95499,0,70,768.98376,18.36714,42.228245
8/8/2026 21:09,40781.746,42196.91,27.478313,24.520775,1.0181744,27.427992,3.1749344,43.03485,67.3887,0.79452884,7.528418,-37.078857,271.7954,23.244127,0,70,768.98376,18.179056,41.808445
8/8/2026 21:39,40826.652,42129.152,27.432594,24.493803,1.0181013,27.38395,2.7215514,36.969498,57.87713,0.6301789,7.468126,-33.535957,280.70276,23.381315,0,70,768.98376,17.926678,41.239845
8/8/2026 22:09,40981.1,42052.32,27.383703,24.401491,1.017984,27.33401,2.7837598,37.994576,59.452217,0.3265768,7.449428,-32.463074,265.66806,23.666311,0,70,768.98376,17.607782,40.521812
8/8/2026 22:39,41103.69,41891.83,27.275335,24.328714,1.0178033,27.229689,2.963804,40.67535,63.60739,0.3382443,7.45797,-33.006668,257.39972,24.014996,0,70,768.98376,17.277668,39.78067
8/8/2026 23:09,41082.004,41528.71,27.021364,24.341558,1.0174906,26.993662,3.0842679,42.58014,66.53492,0.37632576,7.452673,-32.73964,245.0401,24.436829,0,70,768.98376,16.914621,38.97023
8/8/2026 23:39,40431.625,40504.56,26.290329,24.733114,1.0168041,26.327965,3.173976,43.99373,68.68364,0.3091355,7.447626,-32.491684,246.87592,24.905724,0,70,768.98376,16.55712,38.184868
8/9/2026 0:09,38217.18,37958.484,24.469213,26.166243,1.0153031,24.673016,3.2994626,45.61718,71.156784,0.10239153,7.413106,-30.488968,253.0748,25.356817,0,70,768.98376,16.214144,37.4614
8/9/2026 0:39,35103.832,34711.35,22.165342,28.486917,1.0135047,22.562378,3.3314521,45.647038,71.17073,0.051598817,7.3811197,-28.61023,242.50333,25.591988,0,70,768.98376,15.882133,36.77062
8/9/2026 1:09,33065.812,32702.412,20.752588,30.242716,1.0124481,21.256567,3.261998,44.33109,69.12035,0.048480906,7.349152,-26.70765,254.1143,25.581799,0,70,768.98376,15.57354,36.105907
8/9/2026 1:39,28611.342,28332.676,17.720009,34.951176,1.0101945,18.416239,3.6486611,48.684082,75.91739,0.04261043,7.3199873,-24.967194,242.02171,25.51495,0,70,768.98376,15.290948,35.5392
8/9/2026 2:09,26068.287,25919.932,16.069206,38.360786,1.0090189,16.847956,2.8660614,37.742138,58.879253,0.04558889,7.281857,-22.683144,173.51929,25.299667,0,70,768.98376,15.119926,35.189823
8/9/2026 2:39,22393.13,22362.424,13.670661,44.65655,1.0072856,14.535576,3.3630707,43.51179,67.90983,0.039003856,7.248905,-20.709038,161.7128,25.071892,0,70,768.98376,15.049336,35.08724
8/9/2026 3:09,19177.877,19235.287,11.598497,52.143414,1.0057957,12.502937,3.7319133,47.52399,74.20382,0.04070058,7.22185,-19.087791,190.16568,24.84374,0,70,768.98376,15.098731,35.251175
8/9/2026 3:39,29356.84,29407.05,18.45431,34.06361,1.0109162,19.114582,1.4277532,18.927517,29.549643,0.04297931,7.139428,-14.200211,183.3612,24.910606,0,70,768.98376,15.275955,35.480003
8/9/2026 4:09,40479.87,41499.477,26.984629,24.703636,1.0176697,26.974659,3.3229246,45.287247,70.85753,0.1245205,7.4973364,-35.300255,232.71863,23.71366,0,70,768.98376,15.51618,35.793327
8/9/2026 4:39,40450.836,41469.773,26.963148,24.721369,1.0176536,26.955353,3.064314,41.757557,65.33489,0.06571916,7.4780574,-34.160614,251.10547,23.713581,0,70,768.98376,15.803038,36.44342
8/9/2026 5:09,40501.61,41482.273,26.973288,24.690376,1.0176474,26.963478,3.8189633,52.088894,81.49252,0.05129518,7.569422,-39.567947,237.99243,23.762276,0,70,768.98376,16.112743,37.146305
8/9/2026 5:39,40842.707,41954.332,27.311474,24.484175,1.0179449,27.270315,3.8383567,52.317223,81.87138,0.5569213,7.5884795,-40.67421,205.14789,23.61277,0,70,768.98376,16.485918,37.980892
8/9/2026 6:09,40667.3,42046.63,27.370405,24.58978,1.0180823,27.33031,3.4595766,46.89573,73.42962,0.4735589,7.5510364,-38.41877,255.91199,23.282476,0,70,768.98376,16.797024,38.680325
8/9/2026 6:39,40597.54,42228.613,27.49456,24.632034,1.0182607,27.448599,3.1273036,42.193073,66.10074,0.24974246,7.5331073,-37.322044,265.71576,22.977757,0,70,768.98376,17.17753,39.53598
8/9/2026 7:09,40584.098,42425.516,27.630646,24.640194,1.0184329,27.576586,2.8674445,38.545338,60.411644,0.26689526,7.5074196,-35.777092,274.9664,22.727562,0,70,768.98376,17.502237,40.26508
8/9/2026 7:39,40554.41,42456.15,27.650887,24.65823,1.0184681,27.596497,2.7671492,37.15314,58.23677,0.31610242,7.502064,-35.452843,285.73816,22.654816,0,70,768.98376,17.750217,40.825462
8/9/2026 8:09,40573.984,42518.17,27.69451,24.646336,1.0185145,27.636812,2.663942,35.745197,56.034428,0.33453926,7.478764,-34.074783,284.59375,22.605965,0,70,768.98376,17.906578,41.1774
8/9/2026 8:39,40521.023,42531.832,27.70218,24.678547,1.0185426,27.64569,2.304866,30.883537,48.4198,0.28068396,7.4372134,-31.619072,281.09375,22.524725,0,70,768.98376,17.97509,41.332047
8/9/2026 9:09,40653.438,42633.543,27.777098,24.598166,1.0185874,27.711803,1.8083109,24.259527,38.03179,0.048461106,7.4627233,-33.125877,257.00394,22.568336,0,70,768.98376,17.950409,41.27337
8/9/2026 9:39,40752.746,42511.992,27.696133,24.538223,1.0184532,27.632793,2.6631787,35.880737,56.225433,0.04827448,7.5057464,-35.69126,273.6217,22.833385,0,70,768.98376,17.812527,40.96712
8/9/2026 10:09,40782.242,42399.695,27.619158,24.520475,1.018348,27.559803,2.8813205,38.919662,60.96993,0.048939396,7.4800105,-34.193993,277.6462,23.002737,0,70,768.98376,17.599363,40.488567
8/9/2026 10:39,40880.977,42393.1,27.61769,24.461256,1.0183108,27.555517,2.681927,36.309647,56.868572,0.041126512,7.4556713,-32.773018,281.92822,23.132505,0,70,768.98376,17.337183,39.895836
8/9/2026 11:09,41111.973,42350.02,27.59481,24.323814,1.0181991,27.527514,2.8779671,39.191757,61.346737,0.040967695,7.4651313,-33.369064,271.82404,23.46944,0,70,768.98376,17.052727,39.255783
8/9/2026 11:39,41115.156,42011.85,27.359335,24.321932,1.0179044,27.307705,3.142468,43.047955,67.33364,0.042384963,7.4720855,-33.826828,246.63272,23.88252,0,70,768.98376,16.735163,38.548054
8/9/2026 12:09,40586.066,40881.18,26.556858,24.638998,1.0170872,26.572767,3.4806037,48.079453,75.10229,0.039769907,7.4598083,-33.183098,219.75342,24.622051,0,70,768.98376,16.408407,37.83722
8/9/2026 12:39,38565.363,38363.52,24.757746,25.930004,1.0155438,24.936289,3.6369524,50.294662,78.46536,0.038346708,7.4426947,-32.23896,233.47679,25.275463,0,70,768.98376,16.099327,37.191998
8/9/2026 13:09,36738.75,36089.332,23.145445,27.219217,1.014137,23.458065,3.9223595,54.371014,84.71403,0.04015615,7.425553,-31.290054,236.60962,25.942135,0,70,768.98376,15.8113,36.587673
8/9/2026 13:39,33804.61,32745.27,20.793753,29.581764,1.0121515,21.284426,4.189131,58.049618,90.30708,0.039147023,7.417288,-30.875206,208.03754,26.693762,0,70,768.98376,15.567641,36.102646
8/9/2026 14:09,30577.623,29159.982,18.304617,32.703655,1.0100343,18.953989,4.8859935,67.748276,105.2044,0.035823375,7.4355736,-32.057762,217.98912,27.545334,0,70,768.98376,15.362909,35.70941
8/9/2026 14:39,29254.979,27600.668,17.233944,34.182217,1.0090548,17.940434,5.888754,81.989525,127.1525,0.038325563,7.492938,-35.562515,172.31766,28.13808,0,70,768.98376,15.272043,35.536053
8/9/2026 15:09,26800.557,25005.87,15.465854,37.312656,1.0075465,16.253815,7.2119665,100.48132,155.61008,0.037650444,7.5856338,-41.208267,181.0247,28.757624,0,70,768.98376,15.279416,35.605267
8/9/2026 15:39,32366.057,30584.59,19.294958,30.896566,1.0106195,19.879984,5.734298,80.63923,125.08319,0.041242458,7.5311947,-37.846565,229.45706,28.049593,0,70,768.98376,15.399176,35.77158
8/9/2026 16:09,40233.703,40468.562,26.260466,24.854784,1.0168427,26.304565,4.236661,58.499775,91.36667,0.6759268,7.547706,-38.404465,257.538,24.69615,0,70,768.98376,15.649109,36.123756
8/9/2026 16:39,40710.97,40852.207,26.539692,24.563404,1.0170171,26.553934,5.32738,73.835335,115.29163,1.1288645,7.6770697,-46.095848,256.7226,24.818989,0,70,768.98376,15.9469795,36.7935
8/9/2026 17:09,41536.48,41624.83,27.099972,24.075222,1.0174184,27.056137,6.278756,87.405266,136.46272,1.4057828,7.8116293,-54.092407,196.7937,24.888874,0,70,768.98376,16.284197,37.54354
8/9/2026 17:39,41706.96,42044.4,27.397972,23.976812,1.017733,27.32886,6.317599,87.62424,136.88377,1.367835,7.837348,-55.561066,155.80002,24.579802,0,70,768.98376,16.649626,38.35927
8/9/2026 18:09,41224.375,42310.04,27.57029,24.257494,1.0181278,27.501524,4.9118814,67.10114,104.998665,1.3809589,7.7144012,-48.122406,196.42654,23.656557,0,70,768.98376,17.031631,39.210102
8/9/2026 18:39,40960.453,42591.72,27.75818,24.413792,1.0184553,27.684616,3.8901865,52.581734,82.37348,1.2498448,7.6293764,-43.001175,188.3537,22.994762,0,70,768.98376,17.43499,40.11104
8/9/2026 19:09,40675.754,42746.438,27.856049,24.584671,1.0186757,27.785185,3.190396,42.74049,67.01611,1.1063341,7.5615067,-38.928986,200.26508,22.463816,0,70,768.98376,17.793676,40.91457
8/9/2026 19:39,40597.38,42911.7,27.967682,24.632132,1.0188385,27.892605,2.774168,36.99711,58.038013,1.3359722,7.5192566,-36.406517,212.23846,22.176327,0,70,768.98376,18.097466,41.596672
8/9/2026 20:09,40557.734,42923.535,27.974453,24.65621,1.0188605,27.9003,2.6863356,35.787235,56.14573,1.3911004,7.5044637,-35.529137,233.9727,22.114313,0,70,768.98376,18.348972,42.1646
8/9/2026 20:39,40496.086,42997.652,28.02343,24.693745,1.0189408,27.948475,2.4459722,32.5003,51.00216,1.2845036,7.4890494,-34.604073,255.788,21.95397,0,70,768.98376,18.509777,42.526234
8/9/2026 21:09,40527.543,43028.24,28.045713,24.674578,1.0189569,27.968355,2.108042,28.015423,43.96389,1.3471302,7.435244,-31.442642,257.3377,21.957195,0,70,768.98376,18.554743,42.626526
8/9/2026 21:39,40561.797,42999.42,28.02705,24.65374,1.0189224,27.949625,1.8893527,25.14019,39.447098,0.9843153,7.4413548,-31.809807,267.75183,22.031952,0,70,768.98376,18.476683,42.451614
8/9/2026 22:09,40593.46,42920.52,27.973642,24.63451,1.018847,27.898336,2.1296546,28.395027,44.54487,0.92979246,7.4360905,-31.514168,271.57132,22.161371,0,70,768.98376,18.268742,41.9841
8/9/2026 22:39,40554.97,42863.336,27.932732,24.65789,1.0188109,27.86117,1.8785309,25.049372,39.29513,0.7645452,7.4190283,-30.51281,272.6013,22.180412,0,70,768.98376,18.011507,41.40283
8/9/2026 23:09,40750.285,42925.516,27.98263,24.539705,1.0188034,27.901585,1.7593701,23.537563,36.91349,0.5888755,7.401313,-29.48761,262.47803,22.346884,0,70,768.98376,17.68478,40.664017
8/9/2026 23:39,40824.48,42830.04,27.919052,24.495106,1.0187001,27.839525,1.877269,25.196352,39.50177,0.7165166,7.398947,-29.3684,246.8616,22.548376,0,70,768.98376,17.326082,39.855663
8/10/2026 0:09,40826.637,42383.895,27.609594,24.493813,1.0183203,27.549532,2.2269108,30.117884,47.175495,0.65999,7.4075155,-29.9263,243.19473,23.076347,0,70,768.98376,16.958435,39.03813
8/10/2026 0:39,40569.34,41612.715,27.06593,24.649157,1.0177386,27.048265,2.7987585,38.143635,59.68325,0.7918583,7.430996,-31.375885,224.63147,23.687252,0,70,768.98376,16.597002,38.239998
8/10/2026 1:09,39744.582,40409.812,26.20717,25.160662,1.0169631,26.266378,2.9163764,39.866142,62.328106,0.6951343,7.4281774,-31.256676,260.9474,24.138107,0,70,768.98376,16.243988,37.46916
8/10/2026 1:39,37466.086,37848.246,24.376093,26.690805,1.0154892,24.60136,3.3506267,45.59064,71.234535,0.5474916,7.4260573,-31.166077,250.36636,24.471354,0,70,768.98376,15.885771,36.708324
8/10/2026 2:09,35698.863,36080.74,23.118107,28.012096,1.0145502,23.45248,3.2382653,43.72652,68.3251,0.16330297,7.3631773,-27.43721,252.39291,24.44587,0,70,768.98376,15.559395,36.00023
8/10/2026 2:39,31119.59,31431.227,19.852293,32.134098,1.012086,20.430298,4.022253,53.341843,83.34418,0.05023428,7.3809843,-28.495789,253.39429,24.480898,0,70,768.98376,15.279627,35.44815
8/10/2026 3:09,29400.484,29788.559,18.711313,34.013046,1.0112743,19.362564,3.5092256,46.102047,72.05392,0.045517445,7.3319,-25.572777,192.76443,24.317926,0,70,768.98376,15.073287,35.006073
8/10/2026 3:39,25104.11,25500.627,15.775438,39.834114,1.0091063,16.575407,3.20403,41.294277,64.55529,0.049903113,7.3047094,-23.95153,221.05995,24.185898,0,70,768.98376,14.994422,34.899128
8/10/2026 4:09,21034.57,21441.367,13.050419,47.540787,1.0071092,13.936889,4.021258,50.860325,79.535675,0.04924165,7.2734447,-22.087097,155.97644,24.006676,0,70,768.98376,15.029603,35.04819
8/10/2026 4:39,20699.477,21116.955,12.83489,48.310402,1.0069586,13.726021,3.5900052,45.3156,70.87012,0.067258395,7.253025,-20.87593,204.31343,23.964931,0,70,768.98376,15.206508,35.458096
8/10/2026 5:09,40519.46,42044.438,27.36432,24.679499,1.0181282,27.328884,3.0576286,41.312523,64.70762,0.79246855,7.4772315,-34.041405,214.40808,23.101015,0,70,768.98376,15.486757,35.711117
8/10/2026 5:39,40473.785,41906.734,27.267345,24.70735,1.0180246,27.239378,3.2660363,44.188904,69.19995,0.83700854,7.52542,-36.89766,240.58643,23.20975,0,70,768.98376,15.800419,36.425182
8/10/2026 6:09,39725.285,41071.79,26.665768,25.172884,1.0175499,26.696663,4.0503645,54.682495,85.62204,0.9953253,7.5831857,-40.31658,210.09747,23.28355,0,70,768.98376,16.147812,37.229187
8/10/2026 6:39,40555.086,41853.55,27.232895,24.65782,1.0179523,27.204807,4.4213357,59.984177,93.90838,0.80364233,7.648871,-44.207573,173.66711,23.375704,0,70,768.98376,16.533388,38.087826
8/10/2026 7:09,40832.984,42282.438,27.539318,24.490005,1.0182313,27.483585,4.245069,57.52067,90.07823,0.6835683,7.6334643,-43.272972,168.24547,23.205221,0,70,768.98376,16.938599,38.994884
8/10/2026 7:39,40718.86,42275.848,27.531178,24.558645,1.0182624,27.479301,3.8410532,51.920605,81.32709,0.81102765,7.5995183,-41.251183,181.46817,23.071768,0,70,768.98376,17.322294,39.863564
8/10/2026 8:09,40649.95,42073.824,27.38876,24.600277,1.0181112,27.347986,4.5256257,61.2938,95.98323,1.1951481,7.6473045,-44.093132,181.87347,23.22815,0,70,768.98376,17.668348,40.653378
8/10/2026 8:39,40553.99,41924.906,27.282408,24.658487,1.0180142,27.251188,5.020293,68.02398,106.51135,1.4283868,7.715979,-48.155785,187.63367,23.287992,0,70,768.98376,17.957064,41.311443
8/10/2026 9:09,40464.547,41766.523,27.169731,24.712992,1.0179068,27.14824,5.31855,72.12052,112.91002,1.6960582,7.7399063,-49.581528,187.58598,23.367918,0,70,768.98376,18.152582,41.759514
8/10/2026 9:39,40486.566,41745.41,27.15573,24.69955,1.0178812,27.134518,5.4875536,74.47643,116.587555,1.7139915,7.746538,-49.98207,247.55302,23.421188,0,70,768.98376,18.247425,41.97504
8/10/2026 10:09,40534.715,41737.324,27.151539,24.670212,1.0178583,27.129261,4.9876294,67.773994,106.08236,1.1153723,7.6783667,-45.967102,262.70215,23.491426,0,70,768.98376,18.229477,41.93594
8/10/2026 10:39,40552.383,41678.605,27.111246,24.659464,1.0178015,27.091093,5.4027934,73.52019,115.05756,1.0859649,7.7201653,-48.451424,271.79065,23.585255,0,70,768.98376,18.086767,41.6145
8/10/2026 11:09,40854.63,41817.91,27.216858,24.47703,1.0178221,27.181643,5.5963607,76.48139,119.64759,1.427106,7.73725,-49.495697,266.83154,23.793974,0,70,768.98376,17.86421,41.109352
8/10/2026 11:39,40978.457,41872.793,27.258581,24.403067,1.0178287,27.217316,4.9564476,67.8571,106.13911,0.9765056,7.644935,-44.050217,243.56667,23.881762,0,70,768.98376,17.56574,40.4323
8/10/2026 12:09,41140.64,41943.15,27.312151,24.306866,1.0178359,27.263046,4.5667295,62.668884,98.00344,0.8556103,7.5838795,-40.454865,244.81122,23.998262,0,70,768.98376,17.239206,39.692474
8/10/2026 12:39,41146.43,41725.965,27.160772,24.303446,1.0176431,27.121878,4.52613,62.357002,97.4672,0.8935812,7.5754385,-39.992332,223.85422,24.272823,0,70,768.98376,16.877598,38.88045
8/10/2026 13:09,40924.043,41118.35,26.730776,24.435513,1.0171803,26.726929,4.6710067,64.734085,101.09292,0.77379805,7.563419,-39.343834,235.42229,24.752586,0,70,768.98376,16.514963,38.074543
8/10/2026 13:39,39497.543,39430.668,25.520226,25.318031,1.0161715,25.629934,4.4664865,61.834072,96.5027,0.88858086,7.5490217,-38.53321,268.48618,25.088797,0,70,768.98376,16.161194,37.30937
8/10/2026 14:09,37496.715,37163.582,23.90342,26.669003,1.0148453,24.15633,4.7290354,65.29938,101.83618,0.6489958,7.5224533,-37.002563,262.79752,25.469315,0,70,768.98376,15.826954,36.59775
8/10/2026 14:39,34702.934,34054.227,21.706661,28.816008,1.013042,22.135246,5.243504,72.16453,112.4252,0.46761692,7.526398,-37.30297,260.86633,25.997347,0,70,768.98376,15.545755,36.02064
8/10/2026 15:09,32165.092,31214.81,19.72338,31.089605,1.0113802,20.289627,6.084807,83.66862,130.18921,0.36751992,7.5777993,-40.445328,238.06873,26.59389,0,70,768.98376,15.340261,35.61115
8/10/2026 15:39,30844.244,29698.107,18.673428,32.42096,1.010468,19.30377,6.2855277,86.5532,134.55746,0.491082,7.6373863,-44.06452,162.94304,27.02057,0,70,768.98376,15.218461,35.364735
8/10/2026 16:09,27789.102,26621.309,16.559551,35.98533,1.0088063,17.30385,7.437311,101.68896,157.99483,0.419686,7.6629314,-45.633316,167.19165,27.296694,0,70,768.98376,15.207421,35.396187
8/10/2026 16:39,26955.85,25707.227,15.937838,37.0977,1.0082685,16.709698,7.620707,104.27514,161.92674,0.08847321,7.6821365,-46.82064,200.96603,27.542974,0,70,768.98376,15.340075,35.71892
8/10/2026 17:09,39714.05,40068.707,25.969301,25.180004,1.0166695,26.044659,6.50241,89.386856,139.6485,1.7123107,7.808927,-53.868294,212.55795,24.536589,0,70,768.98376,15.608815,36.038387
8/10/2026 17:39,39132.633,39277.723,25.405466,25.554121,1.0161674,25.530521,6.7020297,92.26851,144.07787,2.1242795,7.8597813,-56.934357,240.53398,24.8066,0,70,768.98376,15.910691,36.74089
8/10/2026 18:09,39959.6,39855.363,25.826544,25.025274,1.0163877,25.905985,8.595483,119.30311,186.17589,2.663504,8.028913,-67.043304,230.8065,25.136934,0,70,768.98376,16.277811,37.56617
8/10/2026 18:39,40231.484,40475.316,26.26512,24.856155,1.0168495,26.308956,7.959217,109.881546,171.61995,2.6608388,7.986808,-64.44454,252.01622,24.684599,0,70,768.98376,16.680115,38.461014
8/10/2026 19:09,40251.34,40750.953,26.457632,24.843893,1.0170888,26.488121,7.3602333,101.14616,158.07198,3.064146,7.9269886,-60.830116,257.18512,24.358105,0,70,768.98376,17.08245,39.364304
8/10/2026 19:39,40453.887,41275.598,26.828184,24.719503,1.0174825,26.829138,6.6548615,91.006065,142.32834,3.426945,7.879449,-57.935715,270.85605,23.9577,0,70,768.98376,17.519949,40.342163
8/10/2026 20:09,40489.887,41486.402,26.975822,24.697525,1.017655,26.966162,6.1562114,83.93968,131.32736,3.4078658,7.824586,-54.650307,272.6108,23.742395,0,70,768.98376,17.883303,41.15779
8/10/2026 20:39,40410.09,41526.566,27.001448,24.746294,1.0177166,26.99227,5.826958,79.252045,124.026245,3.1466894,7.804072,-53.41053,282.4718,23.592361,0,70,768.98376,18.229742,41.94174
8/10/2026 21:09,40427.723,41590.906,27.046658,24.735502,1.0177667,27.03409,5.629354,76.50778,119.74349,3.5783365,7.773977,-51.62239,286.39142,23.535748,0,70,768.98376,18.512503,42.58047
8/10/2026 21:39,40365.562,41549.688,27.016205,24.773592,1.0177516,27.007296,5.419384,73.60497,115.20589,3.2913203,7.751699,-50.30155,291.82736,23.507906,0,70,768.98376,18.678295,42.95677
8/10/2026 22:09,40424.824,41704.176,27.125252,24.737276,1.0178659,27.107714,5.115962,69.38741,108.62623,2.8450391,7.7056746,-47.564507,277.67484,23.393885,0,70,768.98376,18.738745,43.08976
8/10/2026 22:39,40404,41675.27,27.10455,24.750025,1.0178477,27.088924,4.710548,63.89148,100.02075,2.2655962,7.7016935,-47.330856,274.99023,23.402924,0,70,768.98376,18.645247,42.878025
8/10/2026 23:09,40446.023,41659.004,27.09451,24.72431,1.0178196,27.078352,4.790998,65.06256,101.84115,2.406573,7.6828485,-46.229362,269.5209,23.475554,0,70,768.98376,18.465565,42.472225
8/10/2026 23:39,40496.758,41688.8,27.116705,24.693335,1.0178288,27.09772,4.350702,59.119457,92.53407,2.0966403,7.624818,-42.80567,280.85056,23.502941,0,70,768.98376,18.176857,41.818222
8/11/2026 0:09,40507.754,41641,27.083807,24.686632,1.0177836,27.06665,4.074414,55.425232,86.740875,1.8515295,7.572507,-39.725304,276.97864,23.57515,0,70,768.98376,17.824574,41.02129
8/11/2026 0:39,40498.117,41620.145,27.069036,24.692507,1.0177686,27.053095,4.090488,55.652344,87.09425,1.7142031,7.5832906,-40.364265,274.71368,23.588547,0,70,768.98376,17.4412,40.15274
8/11/2026 1:09,40240.863,41155.816,26.738989,24.85036,1.0174499,26.75128,4.2532086,58.009167,90.74281,1.6869577,7.581431,-40.28797,270.15988,23.83605,0,70,768.98376,17.035772,39.246567
8/11/2026 1:39,39913.016,40690.81,26.406868,25.054483,1.0171531,26.449026,4.488034,61.27096,95.81717,1.544323,7.5979805,-41.28933,228.20773,23.99923,0,70,768.98376,16.634693,38.34797
8/11/2026 2:09,39425.75,40111.39,25.991581,25.364134,1.01681,26.072403,4.293701,58.587334,91.602936,1.3141499,7.5621247,-39.18171,237.15797,24.105057,0,70,768.98376,16.250725,37.489162
8/11/2026 2:39,38316.617,38917.63,25.135931,26.098337,1.0161408,25.296457,3.8066475,51.76605,80.92499,0.9435203,7.5067654,-35.915375,258.05774,24.191456,0,70,768.98376,15.882423,36.67726
8/11/2026 3:09,36796.895,37390.938,24.044651,27.176207,1.0153259,24.304111,3.807936,51.43985,80.418434,0.69316167,7.4673476,-33.578873,256.117,24.1682,0,70,768.98376,15.514162,35.870293
8/11/2026 3:39,32245.633,32831.367,20.823698,31.011951,1.0129313,21.34039,3.7305658,49.38383,77.21847,0.4313934,7.399703,-29.563904,230.9877,24.06593,0,70,768.98376,15.18616,35.20628
8/11/2026 4:09,29745.842,30379.297,19.114906,33.618145,1.0116903,19.746544,3.5236082,46.059853,72.04139,0.29515767,7.3633704,-27.399063,208.80524,23.908297,0,70,768.98376,14.961087,34.736053
8/11/2026 4:39,26107.139,26768.887,16.632519,38.3037,1.0098795,17.399776,3.4928901,44.84905,70.17289,0.07779026,7.3325486,-25.558472,182.55058,23.705719,0,70,768.98376,14.86434,34.575115
8/11/2026 5:09,22183.44,22833.129,13.973967,45.07867,1.0079339,14.841534,3.9370456,49.609993,77.64882,0.04833017,7.2947335,-23.3078,172.76588,23.510273,0,70,768.98376,14.906342,34.737297
8/11/2026 5:39,19880.191,20497.725,12.421395,50.301327,1.0067903,13.323522,3.7425146,46.665085,73.05068,0.05001266,7.2745833,-22.110939,191.93951,23.422674,0,70,768.98376,15.120576,35.26661
8/11/2026 6:09,39649.336,40688.74,26.398129,25.221104,1.0172417,26.447681,1.6860201,22.880335,35.80236,0.82895917,7.3489895,-26.526451,245.25467,23.662556,0,70,768.98376,15.462197,35.685005
8/11/2026 6:39,39327.613,40362.508,26.162985,25.427427,1.0170659,26.23563,4.6556277,63.08884,98.720116,0.87357026,7.627909,-43.01071,253.71376,23.657593,0,70,768.98376,15.780513,36.413696
8/11/2026 7:09,39682.57,40735.457,26.431458,25.19998,1.0172713,26.478048,5.4397984,73.81501,115.50642,0.9003432,7.744362,-49.89147,252.27371,23.646759,0,70,768.98376,16.17874,37.308826
8/11/2026 7:39,40067.637,41201.832,26.76602,24.957798,1.0175484,26.78119,5.535051,75.1353,117.59064,0.8964009,7.765354,-51.116943,258.2151,23.558752,0,70,768.98376,16.544262,38.12702
8/11/2026 8:09,40228.297,41484.453,26.966864,24.858124,1.0177405,26.964893,5.1824384,70.250854,109.97395,1.1207404,7.698674,-47.154427,262.4208,23.41465,0,70,768.98376,17.020138,39.198647
8/11/2026 8:39,40349.363,41657.78,27.090773,24.783539,1.0178506,27.077559,4.944189,66.998924,104.89402,0.9595493,7.709171,-47.76478,271.57608,23.355564,0,70,768.98376,17.44718,40.162838
8/11/2026 9:09,40619.152,42008.105,27.342178,24.618929,1.0180647,27.30527,4.560757,61.79772,96.76552,0.9649661,7.680082,-46.03386,271.08972,23.268904,0,70,768.98376,17.782759,40.914536
8/11/2026 9:39,40739.65,42201.703,27.480341,24.546112,1.0181922,27.431107,4.274946,57.88619,90.653625,0.9484391,7.6510468,-44.30771,282.80084,23.186152,0,70,768.98376,18.083218,41.590466
8/11/2026 10:09,40775.2,42202.375,27.481905,24.524712,1.0181812,27.431543,4.3717976,59.243713,92.77267,0.88639694,7.635424,-43.39218,283.22522,23.229454,0,70,768.98376,18.27688,42.029602
8/11/2026 10:39,40741.457,42131.492,27.431625,24.545023,1.0181313,27.38547,4.262434,57.789043,90.48797,1.0703892,7.650182,-44.26956,290.72586,23.272629,0,70,768.98376,18.35525,42.209263
8/11/2026 11:09,40756.035,42114.816,27.420483,24.536243,1.018112,27.37463,1.8213979,24.70922,38.687946,0.6687032,7.6151905,-42.209625,272.38193,23.310799,0,70,768.98376,18.310797,42.10935
8/11/2026 11:39,40958.867,42218.73,27.498863,24.414738,1.0181357,27.442175,4.4585395,60.648182,94.9377,0.70975655,7.6586456,-44.794083,280.121,23.437628,0,70,768.98376,18.15341,41.751743
8/11/2026 12:09,41039.855,42138.793,27.445623,24.366558,1.01804,27.390217,4.5423684,61.98464,96.99622,0.4675721,7.652333,-44.45076,279.17688,23.634607,0,70,768.98376,17.910845,41.205982
8/11/2026 12:39,41112.965,42080.484,27.407108,24.323227,1.017965,27.352316,4.5103545,61.709633,96.53822,0.23168956,7.631763,-43.258667,282.0808,23.796227,0,70,768.98376,17.572931,40.443546
8/11/2026 13:09,41219.91,41933.004,27.30725,24.26012,1.0178002,27.256453,4.8451843,66.618164,104.1585,0.30593395,7.6519365,-44.498444,270.4126,24.109657,0,70,768.98376,17.197128,39.59831
8/11/2026 13:39,41162.266,41554.793,27.041647,24.294096,1.0174861,27.010616,5.058779,69.93115,109.25926,0.24828587,7.6563272,-44.817924,246.71857,24.505444,0,70,768.98376,16.82064,38.757183
8/11/2026 14:09,40692.36,40682.785,26.420918,24.574638,1.0168713,26.44381,5.2788815,73.35926,114.506386,0.64333785,7.648054,-44.403076,213.11108,25.012323,0,70,768.98376,16.460308,37.962547
8/11/2026 14:39,39762.617,39427.44,25.523785,25.14925,1.0160694,25.627836,5.142369,71.6327,111.718414,0.48610702,7.631492,-43.48278,258.92084,25.445082,0,70,768.98376,16.061722,37.087666
8/11/2026 15:09,38374.766,37826.348,24.380644,26.05879,1.0151181,24.587126,5.577636,77.613144,120.970985,0.5814587,7.6149416,-42.54341,247.45288,25.759073,0,70,768.98376,15.691705,36.280876
8/11/2026 15:39,36031.336,35418.777,22.669428,27.75362,1.0137908,23.022205,4.6406097,64.1137,99.90116,0.43212375,7.5185833,-36.826134,254.15245,25.905483,0,70,768.98376,15.373561,35.60337
8/11/2026 16:09,33451.96,32771.086,20.806055,29.893614,1.0123404,21.301207,5.3464756,73.32282,114.20896,0.57110125,7.59375,-41.327477,255.64496,26.08779,0,70,768.98376,15.147784,35.138622
8/11/2026 16:39,30609.215,29885.338,18.797401,32.6699,1.0107834,19.42547,6.4166327,87.27959,135.89867,0.38738787,7.667711,-45.762062,242.78943,26.268154,0,70,768.98376,15.004551,34.8657
8/11/2026 17:09,27068.824,26436.32,16.42735,36.942867,1.0090146,17.183609,7.5855803,101.78295,158.48611,0.30936944,7.741973,-50.18711,235.73224,26.25265,0,70,768.98376,14.996302,34.906796
8/11/2026 17:39,23968.135,23450.234,14.405431,41.72206,1.0075306,15.242652,8.064696,106.80529,166.3389,0.406545,7.774247,-52.09446,236.74313,26.156286,0,69,768.98376,15.155906,35.323288
8/11/2026 18:09,38797.074,39170.766,25.323202,25.775139,1.0161936,25.460997,3.1448097,43.044395,67.25246,1.745268,7.526571,-37.12654,259.56934,24.500519,0,69,768.98376,15.379028,35.532784
8/11/2026 18:39,40042.465,40439.44,26.235437,24.973488,1.0168846,26.285639,4.999759,68.77431,107.45569,1.3747073,7.6823635,-46.35811,268.5005,24.486046,0,69,768.98376,15.728176,36.30129
8/11/2026 19:09,40981.996,41297.32,26.85722,24.400959,1.0173198,26.84326,6.31942,87.41025,136.54428,1.7446663,7.8388925,-55.656433,262.85474,24.600237,0,69,768.98376,16.105589,37.141903
8/11/2026 19:39,41343.668,41734.793,27.172089,24.1875,1.0175833,27.127617,6.9373584,95.97833,149.95386,2.168845,7.924617,-60.720444,270.08835,24.509338,0,69,768.98376,16.534489,38.10351
8/11/2026 20:09,41115.035,41744.363,27.172775,24.322002,1.0176699,27.133837,6.6900883,92.076225,143.93616,2.366166,7.8896484,-58.58898,276.24908,24.210695,0,69,768.98376,16.97729,39.103745
8/11/2026 20:39,40829.266,41766.457,27.18031,24.492235,1.0177857,27.148197,5.925576,81.00804,126.722015,2.3261828,7.8300533,-54.98886,286.53445,23.82519,0,69,768.98376,17.442123,40.15319
8/11/2026 21:09,40767.758,42024.797,27.35827,24.529188,1.0180305,27.316118,4.9019294,66.62115,104.288345,2.2410533,7.719292,-48.37513,290.2204,23.433935,0,69,768.98376,17.853853,41.076954
8/11/2026 21:39,40659.867,42148.234,27.440737,24.594276,1.0181719,27.396353,4.125702,55.817856,87.41974,2.2012682,7.6470947,-44.06929,299.0276,23.151167,0,69,768.98376,18.214027,41.887856
8/11/2026 22:09,40669.863,42190.824,27.47062,24.588232,1.0182053,27.424036,4.062127,54.92958,86.034256,2.0133924,7.630218,-43.067932,296.93427,23.112587,0,69,768.98376,18.496452,42.526024
8/11/2026 22:39,40334.32,41948.7,27.292103,24.792782,1.0181057,27.266655,3.8248923,51.551258,80.76049,2.0332532,7.6137123,-42.07611,291.69385,22.9851,0,69,768.98376,18.672148,42.92839
8/11/2026 23:09,40658.746,42268.875,27.524437,24.594954,1.0182756,27.47477,3.707234,50.05093,78.40733,1.8174485,7.507092,-35.791397,277.23615,23.005627,0,69,768.98376,18.726397,43.04371
8/11/2026 23:39,40589.996,42197.883,27.472998,24.636612,1.018237,27.428625,3.6633158,49.44274,77.45465,1.6570244,7.5898924,-40.67421,278.23273,23.005054,0,69,768.98376,18.641861,42.85447
8/12/2026 0:09,40650.637,42194.97,27.47289,24.599861,1.0182151,27.42673,3.5837178,48.436157,75.86757,1.4471213,7.565943,-39.27231,274.99023,23.083773,0,69,768.98376,18.419128,42.35082
8/12/2026 0:39,40671.457,42201.8,27.478285,24.587267,1.0182142,27.431171,3.1358457,42.39756,66.40707,1.07042,7.5205564,-36.59725,279.5488,23.101439,0,69,768.98376,18.113953,41.65966
8/12/2026 1:09,40773.65,42233.75,27.503658,24.525644,1.0182086,27.451937,2.9555104,40.028076,62.686226,0.9996425,7.4920883,-34.92832,271.5904,23.189953,0,69,768.98376,17.75492,40.84626
8/12/2026 1:39,40788.734,42101.79,27.412432,24.516573,1.0180901,27.366163,3.2009878,43.466217,68.04968,1.0444101,7.5103903,-36.029816,266.55975,23.367138,0,69,768.98376,17.357393,39.950653
8/12/2026 2:09,40667.785,41737.25,27.155369,24.589487,1.0178142,27.129211,3.7114923,50.583447,79.15182,0.83324885,7.547227,-38.24234,179.37009,23.658442,0,69,768.98376,16.939436,39.013157
8/12/2026 2:39,40507.938,41475.477,26.968739,24.68652,1.0176393,26.95906,3.911568,53.366062,83.4882,0.9296645,7.56003,-39.014816,202.43945,23.77864,0,69,768.98376,16.52492,38.080788
8/12/2026 3:09,40211.8,41127.12,26.718235,24.868322,1.0174345,26.732628,3.452255,47.078278,73.64396,0.7729867,7.519186,-36.60679,251.7349,23.834772,0,69,768.98376,16.13573,37.206337
8/12/2026 3:39,39194.293,40084.934,25.96702,25.513918,1.0168675,26.055206,3.5279295,47.904713,74.93649,0.3465923,7.476205,-34.065247,247.09048,23.83671,0,69,768.98376,15.746359,36.343754
8/12/2026 4:09,36845.824,37736.81,24.28374,27.140118,1.0156196,24.528925,3.2217095,43.270004,67.69527,0.17483242,7.402389,-29.69265,253.0748,23.76385,0,69,768.98376,15.383596,35.563114
8/12/2026 4:39,33294.02,34240.203,21.803947,30.035423,1.0138104,22.256132,3.4922574,46.066772,72.09759,0.14168277,7.3976607,-29.392242,245.33096,23.553211,0,69,768.98376,15.064701,34.90055
8/12/2026 5:09,30391.076,31422.09,19.829582,32.904396,1.0123978,20.424358,3.335913,43.29593,67.79307,0.043754645,7.333732,-25.59185,230.03403,23.282106,0,69,768.98376,14.849732,34.45835
8/12/2026 5:39,25392.006,26454.482,16.409435,39.382473,1.0099256,17.195414,3.6975977,46.724964,73.210526,0.048917774,7.3068748,-23.975372,237.67296,22.897253,0,69,768.98376,14.766723,34.350536
8/12/2026 6:09,22345.883,23448.545,14.376712,44.750973,1.0084882,15.241554,3.2752678,40.6356,63.707863,0.08455556,7.289714,-22.935867,226.02383,22.537971,0,69,768.98376,14.860006,34.6124
8/12/2026 6:39,25585.236,26746.125,16.605736,39.08504,1.0101175,17.384981,3.148921,39.713203,62.242035,0.13508159,7.253044,-20.7901,237.44885,22.727541,0,69,768.98376,15.126656,35.166767
8/12/2026 7:09,40246.18,41522.28,26.993649,24.847078,1.0177673,26.989483,3.8129992,51.673622,80.89564,0.47268486,7.559681,-38.94329,252.85545,23.390945,0,69,768.98376,15.47947,35.706127
8/12/2026 7:39,40070.6,41251.008,26.80023,24.955952,1.0175903,26.813156,4.2669215,57.87416,90.58511,0.5664025,7.626596,-42.910576,234.74994,23.50182,0,69,768.98376,15.886228,36.634888
8/12/2026 8:09,40449.88,41687.637,27.114506,24.721952,1.0178434,27.096964,4.8248005,65.49427,102.52227,0.74268913,7.6863995,-46.434402,166.66714,23.445484,0,69,768.98376,16.284595,37.528378
8/12/2026 8:39,40602.715,41954.367,27.304361,24.628895,1.0180236,27.27034,5.2187414,70.753426,110.78024,0.5359543,7.746604,-49.967766,160.66376,23.313234,0,69,768.98376,16.736824,38.54611
8/12/2026 9:09,40772.023,42314.246,27.559511,24.526623,1.0182781,27.504261,4.4144936,59.70297,93.51398,0.5744649,7.6697164,-45.394897,176.82376,23.091787,0,69,768.98376,17.157526,39.489048
8/12/2026 9:39,40795.383,42373.223,27.601196,24.512577,1.0183212,27.542595,4.257484,57.551178,90.149956,0.43690887,7.651876,-44.33632,205.57228,23.050432,0,69,768.98376,17.601288,40.49289
8/12/2026 10:09,40837.61,42403.043,27.623236,24.487232,1.0183331,27.561977,4.2878385,57.985954,90.8284,0.6282472,7.6492467,-44.18373,212.2623,23.067125,0,69,768.98376,18.000885,41.397984
8/12/2026 10:39,40868.234,42381.477,27.60922,24.468882,1.018305,27.54796,4.2847667,58.00512,90.84856,0.78066355,7.661937,-44.941902,225.70435,23.130615,0,69,768.98376,18.296288,42.06882
8/12/2026 11:09,40903.527,42377.1,27.607288,24.44777,1.0182898,27.545116,4.4908495,60.84703,95.291595,0.6659937,7.671186,-45.495033,245.09732,23.17943,0,69,768.98376,18.510471,42.554592
8/12/2026 11:39,40928.418,42382.625,27.611889,24.432901,1.0182865,27.548706,4.3555684,59.040943,92.45928,0.80002046,7.6518106,-44.355392,272.32947,23.203594,0,69,768.98376,18.551119,42.64658
8/12/2026 12:09,40944.35,42326.52,27.573385,24.423393,1.0182332,27.512238,4.2997847,58.361397,91.38139,0.64106286,7.62558,-42.819977,277.03586,23.290321,0,69,768.98376,18.459839,42.441547
8/12/2026 12:39,41099.83,42303.395,27.561987,24.331001,1.0181626,27.497206,4.5840263,62.45801,97.758316,0.56235063,7.6612043,-44.956207,275.46707,23.510431,0,69,768.98376,18.26239,41.99779
8/12/2026 13:09,41266.695,42242.88,27.5247,24.232616,1.0180554,27.457872,4.7321033,64.78034,101.34314,0.31738052,7.6658907,-45.27569,276.84036,23.790112,0,69,768.98376,17.964066,41.326225
8/12/2026 13:39,41407.664,42144.484,27.460005,24.150118,1.0179226,27.393915,4.844309,66.63531,104.19003,0.24591465,7.6556253,-44.71302,278.8097,24.084652,0,69,768.98376,17.626802,40.567272
8/12/2026 14:09,41491.71,42069.22,27.409704,24.1012,1.0178281,27.344992,4.913554,67.801186,105.97509,0.08803195,7.6467524,-44.21711,277.91324,24.281277,0,69,768.98376,17.220808,39.650917
8/12/2026 14:39,41615.01,41847.008,27.257473,24.02979,1.0175893,27.200556,5.1529374,71.57469,111.78462,0.14831588,7.665054,-45.366287,274.12717,24.709742,0,69,768.98376,16.812449,38.73463
8/12/2026 15:09,41593.51,41546.465,27.04644,24.042212,1.0173281,27.005203,5.240768,73.149,114.16803,0.25091875,7.6636753,-45.337677,275.63873,25.059288,0,69,768.98376,16.413202,37.838905
8/12/2026 15:39,41265.535,40929.76,26.60677,24.233297,1.0168883,26.604345,5.0868716,71.277664,111.16806,0.22165288,7.632092,-43.51616,277.8465,25.42951,0,69,768.98376,16.00877,36.937233
8/12/2026 16:09,40501.08,39817.977,25.811956,24.6907,1.0161515,25.881685,5.621139,79.04381,123.16684,0.31067526,7.649442,-44.617653,268.7532,25.8982,0,69,768.98376,15.65769,36.167057
8/12/2026 16:39,39185.54,38344.266,24.756723,25.519619,1.0152843,24.923773,5.9420557,83.41682,129.9156,0.3102074,7.6433744,-44.293404,280.87918,26.148691,0,69,768.98376,15.30964,35.407032
8/12/2026 17:09,35750.64,34653.07,22.13617,27.971527,1.0131671,22.524496,5.9833913,83.49077,129.89514,0.211811,7.6937094,-47.37377,268.9964,26.658276,0,69,768.98376,15.076293,34.9483
8/12/2026 17:39,31511.521,30511.02,19.23486,31.734425,1.0109782,19.832163,6.9203734,95.097916,147.93556,0.04780257,7.726296,-49.328804,249.0646,26.71683,0,69,768.98376,14.946257,34.72538
8/12/2026 18:09,26705.152,25985.797,16.12171,37.445957,1.008729,16.890768,7.962242,107.01922,166.57259,0.12510699,7.846127,-56.433678,140.67474,26.449352,0,69,768.98376,14.953144,34.817726
8/12/2026 18:39,22726.19,22221.844,13.582667,44.002098,1.0069062,14.444199,8.700067,114.750916,178.70187,0.44057065,7.907031,-60.014725,168.43143,26.188269,0,69,768.98376,15.113392,35.24552
8/12/2026 19:09,40266.312,40933.734,26.585238,24.834656,1.0172457,26.606928,4.798757,65.749535,102.793564,1.4276372,7.6550655,-44.68918,237.32964,24.14634,0,69,768.98376,15.4379225,35.6308
8/12/2026 19:39,40005.32,40440.203,26.23504,24.996675,1.0168983,26.286133,5.555898,76.35853,119.31638,1.1849962,7.7347975,-49.45755,253.20831,24.436975,0,69,768.98376,15.81411,36.495594
8/12/2026 20:09,41210.938,41650.68,27.10989,24.265404,1.0175544,27.072943,6.5128775,89.976074,140.59224,1.5244691,7.870033,-57.473183,171.24954,24.44723,0,69,768.98376,16.184748,37.312157
8/12/2026 20:39,41446.125,41994.168,27.356045,24.127708,1.0177776,27.29621,7.0589423,97.43544,152.28436,1.6369423,7.933893,-61.23066,177.3483,24.316732,0,69,768.98376,16.627956,38.30826
8/12/2026 21:09,41601.918,42179.453,27.489697,24.037354,1.017888,27.416643,7.4597955,102.98665,160.9704,1.5076579,7.9885964,-64.463615,161.22643,24.283123,0,69,768.98376,17.096079,39.36459
8/12/2026 21:39,41395,42251.676,27.534472,24.157507,1.0180205,27.463589,6.7003026,91.96848,143.83847,1.7219417,7.91925,-60.286522,159.45737,23.938454,0,69,768.98376,17.588213,40.47441
8/12/2026 22:09,41271.277,42278.297,27.549524,24.229925,1.0180848,27.480894,6.237562,85.34565,133.52458,1.6172571,7.875204,-57.644844,172.15553,23.752941,0,69,768.98376,17.978628,41.357838
8/12/2026 22:39,41270.773,42223.05,27.510988,24.230223,1.0180368,27.444984,6.419896,87.92345,137.54138,1.668597,7.8964357,-58.91323,210.64105,23.81919,0,69,768.98376,18.321762,42.13712
8/12/2026 23:09,41255.67,42200.33,27.49472,24.239092,1.0180221,27.430214,6.4864087,88.839806,138.97267,1.6651577,7.8881817,-58.426857,229.45706,23.828009,0,69,768.98376,18.578781,42.72009
8/12/2026 23:39,41175.703,42166.08,27.46856,24.286167,1.0180187,27.407951,6.228086,85.2024,133.29637,1.8648876,7.871357,-57.42073,259.20215,23.770288,0,69,768.98376,18.707285,43.01148
8/13/2026 0:09,41127.49,42163.1,27.4651,24.314638,1.0180321,27.406017,5.909159,80.75769,126.35538,1.7805609,7.8174143,-54.221153,270.899,23.714027,0,69,768.98376,18.715166,43.02969
8/13/2026 0:39,41039.03,42122.055,27.433943,24.367046,1.0180256,27.379335,5.2563624,71.74726,112.26939,1.6103746,7.77726,-51.836967,273.13535,23.653847,0,69,768.98376,18.563639,42.68604
8/13/2026 1:09,41208.05,42217.855,27.50557,24.267103,1.018053,27.441607,5.246628,71.76254,112.27463,1.1461868,7.748269,-50.139427,276.56857,23.747704,0,69,768.98376,18.336443,42.170074
8/13/2026 1:39,41129.375,42159.387,27.462564,24.313522,1.0180283,27.4036,4.907472,67.075195,104.94615,0.89291006,7.703336,-47.478676,277.0025,23.720867,0,69,768.98376,18.013111,41.438602
8/13/2026 2:09,40985.26,41977.85,27.331966,24.399015,1.017918,27.285603,4.8179884,65.85046,103.02239,0.79280573,7.6816096,-46.200752,271.3043,23.762014,0,69,768.98376,17.63971,40.59681
8/13/2026 2:39,40617.76,41562.27,27.032211,24.619772,1.0176783,27.015476,4.675925,63.85303,99.88888,0.831398,7.6609197,-44.984818,277.90372,23.810205,0,69,768.98376,17.266794,39.760963
8/13/2026 3:09,40512.37,41443.27,26.946455,24.683819,1.0176097,26.938126,4.6974783,64.13124,100.321625,0.8254777,7.656611,-44.732094,269.8547,23.823982,0,69,768.98376,16.81504,38.739315
8/13/2026 3:39,39903.047,40811.953,26.490726,25.060743,1.0172632,26.527771,4.569594,62.23325,97.35082,0.56249076,7.636911,-43.56861,278.2804,23.834,0,69,768.98376,16.45591,37.938553
8/13/2026 4:09,38957.34,39873.44,25.8141,25.669104,1.0167634,25.917738,4.108286,55.697327,87.132484,0.5407472,7.5670047,-39.429665,280.11145,23.797108,0,69,768.98376,16.068949,37.07859
8/13/2026 4:39,30089.688,31080.18,19.592869,33.23398,1.0122062,20.202116,4.3038225,55.831665,87.41413,0.24635427,7.4335713,-31.490326,280.79333,23.33147,0,69,768.98376,15.659205,36.309013
8/13/2026 5:09,27694.398,28662.45,17.922293,36.108383,1.010976,18.630592,3.9833786,51.087612,80.000336,0.16343163,7.356267,-26.917458,259.5121,23.231718,0,69,768.98376,15.353253,35.6537
8/13/2026 5:39,21818.453,22688.547,13.872826,45.832764,1.0079927,14.747556,4.329047,54.003456,84.60109,0.18070842,7.303348,-23.7751,154.99417,22.992176,0,69,768.98376,15.070921,35.111652
8/13/2026 6:09,16663.238,17442.633,10.416434,60.012344,1.0054771,11.337711,4.2259703,51.36035,80.50551,0.43324673,7.263486,-21.400452,178.8551,22.66056,0,69,768.98376,14.970912,34.96888
8/13/2026 6:39,11488.681,12123.636,7.024326,87.0422,1.0030222,7.880363,4.419149,52.268814,81.9841,0.36296853,7.1920786,-17.170906,208.98166,22.25794,0,69,768.98376,14.910081,34.912357
8/13/2026 7:09,9167.213,9702.454,5.525319,109.08441,1.0019273,6.306595,4.2316484,49.481224,77.63023,0.78670067,7.1674056,-15.711784,187.68613,22.111753,0,69,768.98376,15.047251,35.266254
8/13/2026 7:39,8181.952,8663.299,4.89217,122.22022,1.0014545,5.6311445,4.3605914,50.78216,79.67392,1.2767819,7.1637745,-15.497208,166.44778,22.091017,0,69,768.98376,15.242532,35.73217
8/13/2026 8:09,31288.527,32622.385,20.658844,31.960596,1.0131354,21.20455,3.6578465,47.338615,74.17678,0.48019764,7.1883307,-16.98494,203.29776,22.859278,0,69,768.98376,15.654583,36.265476
8/13/2026 8:39,39068.48,40278.863,26.097689,25.59608,1.0170813,26.181261,4.8508234,65.44116,102.44252,0.9559736,7.6690087,-45.404434,211.75209,23.426697,0,69,768.98376,16.056015,37.03763
8/13/2026 9:09,40822.33,41942.176,27.302416,24.496399,1.017941,27.262415,5.172748,70.48822,110.30932,0.5652697,7.7300444,-49.037933,191.00014,23.602104,0,69,768.98376,16.487595,37.98389
8/13/2026 9:39,40969.79,42076.668,27.400326,24.40823,1.0180091,27.349834,5.2282767,71.31098,111.592834,0.53825486,7.741364,-49.710274,169.85242,23.62271,0,69,768.98376,16.951035,39.031384
8/13/2026 10:09,41014.52,42129,27.438059,24.381609,1.0180397,27.38385,5.288696,72.14083,112.89297,0.6758592,7.7417088,-49.729347,203.15948,23.614971,0,69,768.98376,17.436811,40.131268
8/13/2026 10:39,40869.91,42007.484,27.34925,24.467878,1.0179819,27.304865,5.2910304,72.09411,112.82639,0.79687077,7.750114,-50.22049,241.4209,23.582182,0,69,768.98376,17.862902,41.09911
8/13/2026 11:09,40812.29,41972.824,27.323444,24.502424,1.0179709,27.282335,5.370251,73.1242,114.444466,0.9052889,7.7509255,-50.263405,252.57889,23.552376,0,69,768.98376,18.203447,41.87129
8/13/2026 11:39,40860.42,42040.914,27.372234,24.47356,1.0180141,27.326595,5.3660054,73.05786,114.34513,0.95819646,7.750506,-50.234795,267.50867,23.529865,0,69,768.98376,18.498636,42.538452
8/13/2026 12:09,40945.715,42132.58,27.438532,24.42258,1.0180655,27.386175,5.344625,72.78848,113.92447,1.0636932,7.7422056,-49.743652,272.27228,23.525148,0,69,768.98376,18.660227,42.90255
8/13/2026 12:39,41016.477,42200.52,27.487906,24.380445,1.0181011,27.430338,4.5772195,62.36147,97.60368,0.86945474,7.6575193,-44.74163,271.2423,23.531021,0,69,768.98376,18.669104,42.92189
8/13/2026 13:09,41021.715,42129.89,27.438894,24.377333,1.0180382,27.38443,5.0535393,68.94311,107.887375,1.2926313,7.7291794,-48.99025,255.1872,23.62284,0,69,768.98376,18.548988,42.652905
8/13/2026 13:39,41025.78,41769.758,27.188078,24.374916,1.0177225,27.150343,5.4323215,74.584854,116.62341,0.83050865,7.7520294,-50.415993,275.86285,24.067467,0,69,768.98376,18.31096,42.125423
8/13/2026 14:09,41036.496,41850.2,27.24446,24.368553,1.0177895,27.202631,5.294557,72.607925,113.549736,1.0235382,7.713832,-48.14148,279.17688,23.982027,0,69,768.98376,17.983877,41.382027
8/13/2026 14:39,41065.32,41674.664,27.122807,24.351448,1.0176255,27.088533,5.332283,73.3981,114.73304,0.90727264,7.7033978,-47.564507,278.53314,24.23448,0,69,768.98376,17.604525,40.52849
8/13/2026 15:09,40870.027,41189.27,26.778957,24.467808,1.0172626,26.773026,5.534719,76.51391,119.52438,0.81583905,7.7128024,-48.179626,272.09106,24.59421,0,69,768.98376,17.18243,39.58588
8/13/2026 15:39,38925.9,38921.906,25.153513,25.689837,1.01592,25.29924,5.535426,76.361984,119.19492,0.8614531,7.683732,-46.520233,272.29132,25.00537,0,69,768.98376,16.762545,38.683826
8/13/2026 16:09,35693.35,35567.77,22.765596,28.016422,1.0140736,23.11905,5.4513435,74.41939,116.12292,0.70350635,7.632371,-43.497086,258.5632,25.184853,0,69,768.98376,16.356142,37.828648
8/13/2026 16:39,31768.951,31514.21,19.920895,31.477274,1.0118703,20.484238,5.2619953,70.97822,110.702385,0.57101053,7.5680246,-39.70623,274.61353,25.423212,0,69,768.98376,15.978332,37.049248
8/13/2026 17:09,27445.582,26942.234,16.770796,36.435738,1.0093509,17.512451,5.669863,75.86109,118.18862,0.7228219,7.5310016,-37.574768,241.31122,25.978138,0,69,768.98376,15.611413,36.301033
8/13/2026 17:39,24202.428,23665.977,14.550647,41.31817,1.0076303,15.382885,5.1858096,68.77152,107.09837,0.560353,7.449443,-32.73964,163.09563,26.186785,0,69,768.98376,15.29743,35.643013
8/13/2026 18:09,22268.777,21783.16,13.289945,44.905922,1.0066934,14.159055,5.6450963,74.30667,115.72288,0.35639805,7.448199,-32.663345,157.63107,26.167181,0,69,768.98376,15.058032,35.127068
8/13/2026 18:39,20372.021,20026.805,12.124153,49.08693,1.0058968,13.017424,5.299358,68.97583,107.477905,0.18384883,7.415533,-30.68924,163.82042,25.902502,0,69,768.98376,14.934962,34.872086
8/13/2026 19:09,16728.814,16575.492,9.867943,59.7771,1.0043252,10.77407,5.075724,64.74431,100.96757,0.052349143,7.3804913,-28.562546,160.73529,25.48429,0,69,768.98376,14.977863,35.02454
8/13/2026 19:39,14507.632,14445.518,8.499921,68.92924,1.0033718,9.389586,5.4167376,68.24259,106.476494,0.047765244,7.3163023,-24.724007,161.12628,25.225122,0,69,768.98376,15.163037,35.483154
8/13/2026 20:09,40734.34,41742.324,27.160818,24.54931,1.0177964,27.132511,4.6686826,63.717587,99.690186,1.3284423,7.6302986,-43.1633,243.50467,23.735716,0,69,768.98376,15.4985075,35.74881
8/13/2026 20:39,40486.926,41249.207,26.810726,24.699331,1.0174481,26.811985,5.943805,81.38083,127.25792,1.1717857,7.7803326,-52.084923,245.28806,24.032465,0,69,768.98376,15.888085,36.644062
8/13/2026 21:09,40999.11,41756.18,27.177876,24.390774,1.0177196,27.141518,6.5703187,90.177475,141.00887,1.3198924,7.8703594,-57.415962,184.34827,24.050747,0,69,768.98376,16.287474,37.538788
8/13/2026 21:39,41390.117,42198.35,27.49712,24.160357,1.0179757,27.428928,6.8640075,94.29267,147.45793,1.3219875,7.913891,-59.981346,166.83403,23.997215,0,69,768.98376,16.717827,38.504604
8/13/2026 22:09,41272.945,42302.48,27.566427,24.228947,1.0181051,27.496613,6.092575,83.33017,130.37761,1.3477095,7.8360915,-55.327415,214.17442,23.725788,0,69,768.98376,17.174463,39.534733
8/13/2026 22:39,41250.766,42319.26,27.577484,24.241974,1.0181271,27.50752,5.9699287,81.58931,127.66464,1.3118471,7.830514,-54.98886,226.95844,23.678091,0,69,768.98376,17.649097,40.609177
8/13/2026 23:09,41200.992,42350.117,27.597523,24.27126,1.0181701,27.527576,5.5508275,75.738525,118.53043,1.1686667,7.787406,-52.423477,238.46927,23.579374,0,69,768.98376,18.025082,41.4593
8/13/2026 23:39,41168.832,42385.19,27.620989,24.29022,1.018211,27.550375,5.3763666,73.26202,114.67115,1.2836499,7.773121,-51.56517,229.90527,23.4975,0,69,768.98376,18.34289,42.17801
8/14/2026 0:09,41139.113,42403.484,27.632837,24.307768,1.0182364,27.562265,5.2091713,70.91507,111.00908,1.1394528,7.752382,-50.330162,252.98419,23.438866,0,69,768.98376,18.583353,42.721622
8/14/2026 0:39,41155.855,42446.727,27.663446,24.297878,1.0182683,27.590372,4.9391465,67.21388,105.22102,1.2604265,7.7313957,-49.085617,269.01547,23.407768,0,69,768.98376,18.697596,42.97908
8/14/2026 1:09,41175.3,42469.5,27.679882,24.286404,1.0182816,27.605175,4.207215,57.255634,89.63223,1.3368545,7.6983786,-47.135353,254.95354,23.404522,0,69,768.98376,18.656164,42.885597
8/14/2026 1:39,41079.176,42363.098,27.602928,24.343235,1.018221,27.536013,4.599132,62.571083,97.951935,1.0233635,7.6885037,-46.55361,267.88538,23.413216,0,69,768.98376,18.490982,42.51301
8/14/2026 2:09,41017.047,42282.38,27.54489,24.380108,1.0181717,27.483545,4.436145,60.354774,94.479126,0.83958,7.6569614,-44.693947,274.23682,23.433207,0,69,768.98376,18.225475,41.913452
8/14/2026 2:39,40984.848,42235.09,27.511026,24.399261,1.0181413,27.452808,4.2175517,57.38679,89.8304,0.59859383,7.6224437,-42.657852,274.29407,23.450157,0,69,768.98376,17.881865,41.136482
8/14/2026 3:09,40943.965,42162.383,27.459213,24.423624,1.0180918,27.405548,4.1607184,56.633476,88.645485,0.5698888,7.602414,-41.480064,270.61285,23.487005,0,69,768.98376,17.491194,40.252895
8/14/2026 3:39,40558.934,41796.06,27.193068,24.655481,1.0179012,27.167439,4.1475086,56.330585,88.17704,0.412693,7.5880494,-40.626526,268.53387,23.45031,0,69,768.98376,17.08819,39.348198
8/14/2026 4:09,40263.34,41507.67,26.984022,24.836489,1.0177491,26.979988,4.1356063,56.081673,87.79045,0.34915534,7.5780025,-40.03048,261.429,23.430452,0,69,768.98376,16.685755,38.440945
8/14/2026 4:39,39380.7,40658.07,26.36912,25.39315,1.017306,26.427746,3.7775087,50.97635,79.80902,0.11170614,7.5272136,-37.021637,266.1163,23.355112,0,69,768.98376,16.27228,37.520267
8/14/2026 5:09,37091.855,38393.62,24.74166,26.960096,1.0161144,24.955854,3.4956179,46.623566,73.010735,0.049886182,7.4596186,-33.016205,250.54756,23.224829,0,69,768.98376,15.893705,36.704094
8/14/2026 5:39,35282.113,36602.91,23.464634,28.342974,1.0151826,23.791891,3.3332455,44.04154,68.98092,0.04920006,7.397515,-29.33979,239.03195,23.110762,0,69,768.98376,15.526032,35.902172
8/14/2026 6:09,30646.057,32001.738,20.224892,32.630627,1.012829,20.80113,3.1607554,40.745827,63.854603,0.04773024,7.342395,-26.05915,221.12195,22.782055,0,69,768.98376,15.188871,35.215305
8/14/2026 6:39,26845.723,28208.361,17.60061,37.24988,1.0109333,18.335434,2.9686027,37.478428,58.76465,0.04217696,7.2968497,-23.350716,168.34561,22.470879,0,69,768.98376,14.963718,34.766815
8/14/2026 7:09,20571.7,21731.979,13.228509,48.61047,1.0077076,14.125786,3.4819586,42.649105,66.90132,0.039312538,7.2512364,-20.647049,182.36462,22.204693,0,69,768.98376,14.87036,34.66268
8/14/2026 7:39,17495.625,18505.549,11.104244,57.157146,1.0061231,12.028607,3.7640443,45.487114,71.360344,0.033793945,7.235497,-19.717216,164.36401,22.14272,0,69,768.98376,14.927035,34.845512
8/14/2026 8:09,16652.037,17594.041,10.511578,60.05271,1.0056636,11.436127,3.5891154,43.268135,67.87322,0.037129167,7.2120843,-18.343925,174.92596,22.196798,0,69,768.98376,15.156036,35.387054
8/14/2026 8:39,40387.44,41908.86,27.266148,24.760172,1.0180545,27.240759,3.020094,40.78103,63.875336,0.042293675,7.5005145,-35.414696,232.30853,23.09932,0,69,768.98376,15.498805,35.739998
8/14/2026 9:09,40396.934,41797.85,27.189434,24.754354,1.0179559,27.168602,3.7322714,50.506138,79.08792,0.04746964,7.5684886,-39.44397,239.73767,23.245209,0,69,768.98376,15.910565,36.676723
8/14/2026 9:39,40792.79,42066.793,27.388212,24.514137,1.0180587,27.343416,4.997529,67.90864,106.30739,0.049577422,7.7086873,-47.745705,174.15347,23.414387,0,69,768.98376,16.310266,37.578777
8/14/2026 10:09,41112.125,42288.95,27.552301,24.323725,1.0181463,27.487818,5.257321,71.669075,112.16892,0.1476055,7.7428007,-49.7818,184.59622,23.543024,0,69,768.98376,16.738493,38.54476
8/14/2026 10:39,41263.21,42376.945,27.618044,24.234663,1.018173,27.545015,5.746907,78.48483,122.81874,0.177662,7.8010707,-53.23887,209.46805,23.623999,0,69,768.98376,17.202074,39.594368
8/14/2026 11:09,41262.934,42374.02,27.615995,24.234825,1.0181706,27.543112,5.882133,80.335075,125.713425,0.35188463,7.8152623,-54.078102,213.2589,23.627178,0,69,768.98376,17.663761,40.64011
8/14/2026 11:39,41258.66,42255.29,27.53312,24.237335,1.0180689,27.465939,5.9093995,80.86536,126.512375,0.49392304,7.8103204,-53.811073,190.54715,23.765135,0,69,768.98376,18.031866,41.478382
8/14/2026 12:09,41221.773,42053.02,27.391035,24.259024,1.0179049,27.334463,6.0854154,83.498795,130.58565,0.7591341,7.821636,-54.516792,234.67365,23.9651,0,69,768.98376,18.3643,42.238575
8/14/2026 12:39,41207.06,41979.477,27.339321,24.267687,1.0178455,27.28666,6.3154774,86.7387,135.63516,0.8048691,7.840189,-55.627823,179.77063,24.036654,0,69,768.98376,18.594444,42.76242
8/14/2026 13:09,41275.074,42165.727,27.471132,24.227697,1.0179855,27.407722,6.2564864,85.77864,134.16823,0.7937284,7.83798,-55.470467,239.53262,23.894104,0,69,768.98376,18.709194,43.01714
8/14/2026 13:39,41341.273,42221.11,27.511635,24.188902,1.0180117,27.443722,5.2983336,72.677895,113.67404,0.7803739,7.817296,-54.249763,228.9516,23.908966,0,69,768.98376,18.652473,42.887825
8/14/2026 14:09,41547.895,42040.445,27.391083,24.06861,1.0177838,27.32629,6.3634996,87.96084,137.45865,0.7104935,7.8460855,-56.04267,254.18106,24.38659,0,69,768.98376,18.47106,42.486202
8/14/2026 14:39,41863.598,42058.24,27.41162,23.887102,1.0176915,27.337854,6.277325,87.341896,136.39745,0.4673558,7.82248,-54.712296,268.40033,24.757702,0,69,768.98376,18.213388,41.90602
8/14/2026 15:09,42011.266,42082.43,27.43223,23.803139,1.0176619,27.353579,6.251675,87.227425,136.17926,0.3990665,7.807704,-53.863525,272.39624,24.911463,0,69,768.98376,17.878088,41.14734
8/14/2026 15:39,42158.89,42112.367,27.456804,23.71979,1.0176376,27.37304,6.1685495,86.29785,134.69058,0.14077444,7.7825255,-52.394867,281.17004,25.057838,0,69,768.98376,17.497887,40.286064
8/14/2026 16:09,42320.15,42014.11,27.391537,23.629406,1.0174928,27.309172,6.049318,85.071594,132.69417,0.26194578,7.756302,-50.89283,262.31113,25.381369,0,69,768.98376,17.066784,39.315407
8/14/2026 16:39,42301.617,41710.996,27.177937,23.63976,1.0172248,27.112148,5.8957524,83.325035,129.87831,0.26614887,7.732357,-49.529076,284.77493,25.741348,0,69,768.98376,16.660654,38.403904
8/14/2026 17:09,41902.26,41129.215,26.760311,23.86506,1.016838,26.73399,5.5107336,78.02279,121.555016,0.67781335,7.678927,-46.38672,283.3349,25.984062,0,69,768.98376,16.262474,37.515594
8/14/2026 17:39,40831.23,39933.64,25.89949,24.491056,1.0161335,25.956867,5.1222134,72.40799,112.76373,0.62018347,7.6258645,-43.2539,280.37848,26.176805,0,69,768.98376,15.887948,36.6905
8/14/2026 18:09,39340.24,38516.56,24.879826,25.419266,1.0153853,25.035763,4.8582993,68.216,106.247665,0.58556265,7.571912,-40.03048,270.2028,26.119635,0,69,768.98376,15.538387,35.92292
8/14/2026 18:39,35442.727,34758.438,22.203827,28.214533,1.0134047,22.592985,5.033952,69.51547,108.290985,0.4626058,7.567309,-39.744377,270.5747,26.03073,0,69,768.98376,15.239556,35.311703
8/14/2026 19:09,31888.47,31284.596,19.766819,31.359297,1.0115846,20.334988,5.080381,69.17318,107.762115,0.28622657,7.562631,-39.463043,194.73376,26.010605,0,69,768.98376,15.072958,34.994793
8/14/2026 19:39,25477.088,25183.545,15.571738,39.250954,1.0085586,16.369305,5.7768097,76.27548,118.92093,0.096854635,7.5770645,-40.268898,149.46286,25.610271,0,69,768.98376,14.98214,34.8897
8/14/2026 20:09,21387.572,21313.225,12.972507,46.756126,1.0067321,13.853597,5.9653854,77.027504,120.19308,0.049723998,7.534128,-37.6606,144.8566,25.182632,0,69,768.98376,15.118175,35.263374
8/14/2026 20:39,24905.553,24808.617,15.315224,40.151688,1.0084808,16.1256,2.8152387,36.852448,57.501846,0.09828694,7.401007,-29.754639,207.91832,25.204569,0,69,768.98376,15.342458,35.716694
8/14/2026 21:09,39815.977,40114.13,26.003414,25.115547,1.0166738,26.074184,4.979198,68.549934,107.08034,1.0308584,7.662252,-45.18509,235.88483,24.610859,0,69,768.98376,15.702497,36.2505
8/14/2026 21:39,40684.08,40427.56,26.242325,24.57964,1.016643,26.277914,6.601427,92.15352,143.75418,1.6998707,7.872773,-57.80697,242.51762,25.332207,0,69,768.98376,16.025923,36.985683
8/14/2026 22:09,41079.07,40906.45,26.58626,24.343296,1.0169344,26.589193,7.271743,101.514366,158.39055,1.8350799,7.9375024,-61.631203,192.52602,25.220934,0,69,768.98376,16.4769,37.99724
8/14/2026 22:39,41228.156,41137.79,26.75163,24.255268,1.0170901,26.739563,7.2344184,100.90346,157.4693,1.8385048,7.9412427,-61.831474,192.27806,25.115011,0,69,768.98376,16.839405,38.81395
8/14/2026 23:09,41460.613,41476.992,26.994612,24.119276,1.0173126,26.960045,7.100798,98.944435,154.45197,1.7572998,7.9377003,-61.593056,204.65198,24.979324,0,69,768.98376,17.317326,39.88902
8/14/2026 23:39,41397.1,41559.543,27.050863,24.15628,1.0174088,27.013702,6.699367,93.08338,145.35335,1.7202328,7.90145,-59.404373,196.01169,24.795359,0,69,768.98376,17.693312,40.737274
8/15/2026 0:09,41361.723,41702.27,27.149813,24.176943,1.0175482,27.106476,6.365916,88.15796,137.71942,1.8184798,7.867775,-57.36351,224.1737,24.572454,0,69,768.98376,18.052103,41.54581
8/15/2026 0:39,41404.777,41771.41,27.19925,24.151802,1.0175947,27.151417,6.516927,90.22445,140.95602,1.8451942,7.8928957,-58.846474,252.25464,24.540468,0,69,768.98376,18.342472,42.20248
8/15/2026 1:09,41352.35,41756.81,27.187704,24.18242,1.0175998,27.141926,6.398883,88.51095,138.29123,1.7657856,7.882837,-58.24089,256.6892,24.49288,0,69,768.98376,18.518082,42.600574
8/15/2026 1:39,41276.26,41720.77,27.16055,24.227,1.017594,27.118502,6.084347,84.07285,131.36937,2.0065794,7.8080087,-53.79677,274.7995,24.44218,0,69,768.98376,18.565195,42.707382
8/15/2026 2:09,41267.496,41734.305,27.16978,24.232145,1.017609,27.127298,5.780021,79.83331,124.751175,1.9832002,7.8253956,-54.821968,257.32343,24.414383,0,69,768.98376,18.477648,42.508545
8/15/2026 2:39,41177.855,41641.16,27.102385,24.284897,1.0175574,27.066755,5.4314246,74.99354,117.18766,1.3296192,7.777423,-51.98002,270.15988,24.41748,0,69,768.98376,18.271112,42.04204
8/15/2026 3:09,41198.82,41673.59,27.125576,24.27254,1.0175788,27.087833,4.956877,68.433784,106.939896,1.130844,7.7083335,-47.883987,273.49298,24.403528,0,69,768.98376,17.975508,41.372093
8/15/2026 3:39,41040.18,41521.28,27.015099,24.366365,1.0174985,26.988832,4.642819,64.04595,100.085014,0.8328049,7.656049,-44.784546,276.95004,24.39336,0,69,768.98376,17.646988,40.629715
8/15/2026 4:09,40760.816,41250.41,26.818838,24.533365,1.0173548,26.812767,4.507035,62.087154,97.02661,0.7921865,7.6207533,-42.69123,271.62854,24.3786,0,69,768.98376,17.262918,39.764435
8/15/2026 4:39,40115.9,40673.793,26.400414,24.927773,1.0170674,26.437965,4.5400386,62.28671,97.35572,0.84501225,7.61503,-42.33837,270.9419,24.281866,0,69,768.98376,16.873405,38.892757
8/15/2026 5:09,39187.54,39855.094,25.807562,25.518316,1.0166663,25.905811,4.229597,57.669983,90.16569,0.62300324,7.567885,-39.525032,269.50183,24.123058,0,69,768.98376,16.47998,38.01475
8/15/2026 5:39,37030.188,37856.676,24.370996,27.004993,1.0156593,24.606838,3.8589575,51.94025,81.24627,0.3612782,7.49213,-35.009384,271.3043,23.856962,0,69,768.98376,16.09334,37.173985
8/15/2026 6:09,35175.48,36159.16,23.15886,28.428894,1.0148245,23.503454,3.6072142,47.9747,75.08066,0.1825517,7.4344234,-31.56662,249.12183,23.575699,0,69,768.98376,15.764167,36.455513
8/15/2026 6:39,29895.45,31062.768,19.576338,33.449905,1.0122739,20.1908,3.3235817,42.87894,67.16897,0.090482086,7.3594036,-27.08435,228.98022,23.032495,0,69,768.98376,15.42849,35.78089
8/15/2026 7:09,28147.008,29380.676,18.410349,35.527756,1.011457,19.09744,2.4024267,30.65783,48.043667,0.049762197,7.342123,-26.044846,166.71005,22.801619,0,69,768.98376,15.188929,35.26292
8/15/2026 7:39,25007.07,26245.629,16.263075,39.98869,1.0099108,17.05966,3.602896,45.183815,70.83951,0.04341539,7.314346,-24.385452,215.65738,22.529264,0,69,768.98376,15.028837,34.95007
8/15/2026 8:09,19738.44,20808.348,12.617679,50.662567,1.0072219,13.525427,4.333932,52.99885,83.12234,0.04261559,7.3255167,-25.024414,199.97421,22.307999,0,69,768.98376,14.985539,34.94219
8/15/2026 8:39,17599.021,18536.46,11.125983,56.821342,1.0060879,12.048699,4.0480156,49.116886,77.028336,0.0370805,7.32051,-24.733543,137.49901,22.352211,0,69,768.98376,15.106606,35.258995
8/15/2026 9:09,38116.26,38902.58,25.120338,26.235521,1.0162,25.286676,2.5053227,33.916904,53.04563,0.049959213,7.441987,-32.052994,184.18613,23.941755,0,68,768.98376,15.384287,35.544727
8/15/2026 9:39,40422.547,41118.043,26.717686,24.738668,1.0173545,26.726728,5.2539544,72.000786,112.57333,0.33215064,7.727245,-48.95687,222.73364,24.114414,0,68,768.98376,15.776265,36.393578
8/15/2026 10:09,39648.02,40249.16,26.09305,25.221941,1.0168542,26.161955,5.7110868,78.12758,122.12961,0.26560816,7.7397604,-49.715042,239.89502,24.218037,0,68,768.98376,16.157555,37.275764
8/15/2026 10:39,40772.645,41367.01,26.900452,24.526249,1.0174541,26.888557,6.408425,88.11937,137.74142,0.39843613,7.8511167,-56.31447,207.12201,24.247742,0,68,768.98376,16.58966,38.233772
8/15/2026 11:09,40773.49,41364.695,26.898865,24.525742,1.0174516,26.887053,6.6507897,91.45747,142.95825,0.8126563,7.872361,-57.57332,190.10368,24.251696,0,68,768.98376,17.039288,39.25255
8/15/2026 11:39,40665.715,41240.9,26.809725,24.59074,1.0173794,26.806583,6.829235,93.89319,146.76067,0.9276307,7.888405,-58.526993,230.32967,24.269793,0,68,768.98376,17.483948,40.26472
8/15/2026 12:09,40517.465,41047.336,26.670956,24.680716,1.0172592,26.680769,7.0575213,97.04703,151.67525,1.1136898,7.908349,-59.719086,237.97813,24.32415,0,68,768.98376,17.890839,41.19183
8/15/2026 12:39,40476.41,40985.465,26.626778,24.705748,1.0172186,26.640553,7.204681,99.08989,154.86078,1.2999402,7.9258904,-60.76336,232.01767,24.349718,0,68,768.98376,18.238987,41.982777
8/15/2026 13:09,40495.52,40994.637,26.633663,24.69409,1.01722,26.646515,7.365737,101.33158,158.36047,1.4446561,7.943795,-61.826706,199.04915,24.362558,0,68,768.98376,18.513975,42.60637
8/15/2026 13:39,40517.797,41022.25,26.653477,24.680513,1.0172368,26.664463,7.511124,103.33178,161.48822,1.4111702,7.955489,-62.51812,235.97542,24.356174,0,68,768.98376,18.696701,43.019737
8/15/2026 14:09,40559.613,40991.227,26.63293,24.655067,1.0171946,26.644299,7.4874697,103.16104,161.19395,1.7427853,7.938102,-61.507225,248.79758,24.448723,0,68,768.98376,18.687754,43.00179
8/15/2026 14:39,40616.453,41022.668,26.65631,24.620564,1.0172029,26.664734,7.2170277,99.50522,155.47214,1.6261188,7.9543204,-62.475204,243.90045,24.481558,0,68,768.98376,18.590233,42.780308
8/15/2026 15:09,41054.406,41014.223,26.661102,24.357922,1.0170406,26.659245,7.4368095,103.55867,161.63268,1.1022623,7.9323106,-61.28788,257.51416,25.051296,0,68,768.98376,18.355972,42.25591
8/15/2026 15:39,41186.895,40984.59,26.64342,24.279568,1.0169663,26.639984,7.408023,103.51752,161.50435,1.2247362,7.925335,-60.915947,267.96167,25.258434,0,68,768.98376,18.027613,41.514027
8/15/2026 16:09,41326.434,40992.67,26.65221,24.197588,1.0169233,26.645237,7.284829,102.09624,159.23518,1.1653323,7.895966,-59.2041,269.4494,25.426285,0,68,768.98376,17.676207,40.71931
8/15/2026 16:39,41516.297,40970.332,26.640661,24.086927,1.0168339,26.630716,7.0811543,99.69928,155.41418,1.1151869,7.865093,-57.42073,275.17145,25.697685,0,68,768.98376,17.27135,39.80429
8/15/2026 17:09,41491.746,40739.504,26.478085,24.10118,1.0166312,26.480677,6.9181457,97.76404,152.31604,1.3969417,7.84317,-56.16665,274.49908,25.966736,0,68,768.98376,16.868065,38.897152
8/15/2026 17:39,41413.215,40502.266,26.30987,24.146881,1.0164413,26.326473,6.6566596,94.31853,146.88567,1.324927,7.8030653,-53.81584,279.85397,26.177559,0,68,768.98376,16.459402,37.976517
8/15/2026 18:09,41005.84,39952.086,25.915728,24.38677,1.016084,25.968857,6.161162,87.40634,136.06476,1.2583777,7.744411,-50.354004,254.22397,26.38091,0,68,768.98376,16.07195,37.109547
8/15/2026 18:39,39572.316,38489.77,24.865343,25.270191,1.0152682,25.01835,6.279933,88.703575,138.0582,1.4265686,7.740716,-50.148964,265.50116,26.472544,0,68,768.98376,15.720003,36.339596
8/15/2026 19:09,36802.168,35816.484,22.957682,27.172312,1.0138477,23.280716,6.0484376,84.47447,131.4846,1.2034827,7.6773396,-46.362877,260.24167,26.440859,0,68,768.98376,15.421294,35.710606
8/15/2026 19:39,33563.336,32671.438,20.739567,29.794416,1.0121897,21.236435,5.5686617,76.792496,119.530426,1.0661958,7.674812,-46.21029,176.9382,26.42927,0,68,768.98376,15.197041,35.256367
8/15/2026 20:09,28857.783,28199.736,17.634247,34.652695,1.0099267,18.329828,5.9404254,80.209404,124.90182,0.76590425,7.6099977,-42.31453,202.04846,26.221737,0,68,768.98376,15.06409,35.03036
8/15/2026 20:39,23748.027,23419.936,14.382789,42.10876,1.0076338,15.222959,6.0304418,79.26264,123.54822,0.64937496,7.5965753,-41.446686,146.93561,25.733463,0,68,768.98376,15.088481,35.16513
8/15/2026 21:09,21050.504,20902.723,12.701093,47.504803,1.006477,13.58677,6.1819563,79.96769,124.735825,0.17594616,7.5722346,-39.949417,152.03778,25.370157,0,68,768.98376,15.264073,35.606873
8/15/2026 21:39,40144.51,40213.945,26.080833,24.910006,1.0166454,26.139065,5.848681,80.97587,126.41978,1.6506759,7.604124,-41.78047,199.63089,24.909605,0,68,768.98376,15.558723,35.92521
8/15/2026 22:09,40587.2,40586.41,26.351133,24.63831,1.0168221,26.381166,6.3175273,87.74095,136.9577,1.6110258,7.81217,-54.14486,230.66345,25.001015,0,68,768.98376,15.8829775,36.655018
8/15/2026 22:39,40359.79,40434.227,26.239557,24.777136,1.0167665,26.282248,7.313953,101.34381,158.22006,1.8939263,7.963835,-63.12847,235.17433,24.903614,0,68,768.98376,16.221731,37.425198
8/15/2026 23:09,40931.35,41084.438,26.707256,24.43115,1.0171474,26.704884,7.574138,105.04904,164.03526,1.5829393,7.9790554,-64.01062,220.15872,24.804916,0,68,768.98376,16.558432,38.174355
8/15/2026 23:39,41101.113,41310.895,26.869678,24.330242,1.0172902,26.852081,7.6338363,105.844925,165.29997,1.6306078,7.9961934,-65.01198,171.16371,24.734129,0,68,768.98376,16.96814,39.098015
8/16/2026 0:09,41111.164,41405.066,26.935747,24.324293,1.0173707,26.913294,7.4991345,103.82534,162.178,1.8697717,7.987898,-64.496994,214.41284,24.628366,0,68,768.98376,17.389908,40.05132
8/16/2026 0:39,41196.188,41560.664,27.046625,24.274092,1.0174797,27.014431,7.1843686,99.37892,155.25777,1.6025609,7.9614305,-62.909126,230.11986,24.54085,0,68,768.98376,17.77299,40.915558
8/16/2026 1:09,41250.496,41639.176,27.102869,24.242132,1.0175307,27.065464,7.0082464,96.92396,151.43071,1.5675699,7.9428716,-61.802864,223.10559,24.511286,0,68,768.98376,18.075674,41.5993
8/16/2026 1:39,41212.203,41612.316,27.08312,24.264658,1.01752,27.048006,6.899563,95.3856,149.03131,1.6532024,7.9323835,-61.178207,255.56389,24.496584,0,68,768.98376,18.303919,42.11768
8/16/2026 2:09,41160.38,41577.117,27.057198,24.295208,1.0175066,27.025126,6.6909757,92.453804,144.45633,1.5191766,7.904217,-59.50451,264.33292,24.475224,0,68,768.98376,18.42561,42.39486
8/16/2026 2:39,41105.754,41542.184,27.031393,24.327494,1.0174946,27.002419,6.1388807,84.77526,132.46501,1.7011255,7.842102,-55.818558,274.82333,24.449963,0,68,768.98376,18.411665,42.36333
8/16/2026 3:09,41098.625,41580.965,27.058287,24.331715,1.0175313,27.027628,5.925498,81.7593,127.765945,1.4382809,7.8477564,-56.142807,257.18036,24.392668,0,68,768.98376,18.294775,42.096966
8/16/2026 3:39,41063.19,41567.652,27.048067,24.35271,1.0175316,27.018974,5.822319,80.29156,125.47872,1.2806613,7.8243427,-54.750443,268.36218,24.364613,0,68,768.98376,18.06833,41.58354
8/16/2026 4:09,40892.43,41450.18,26.961613,24.454405,1.0174863,26.942617,5.3965545,74.29356,116.11985,0.77747154,7.757173,-50.759315,266.6885,24.295502,0,68,768.98376,17.769773,40.908566
8/16/2026 4:39,40694.98,41288.887,26.843945,24.573055,1.0174117,26.837776,5.243397,72.07512,112.66245,0.7078607,7.7247024,-48.828125,272.91122,24.246899,0,68,768.98376,17.423492,40.126457
8/16/2026 5:09,40446.973,41107.72,26.711145,24.72373,1.017337,26.720016,5.0452557,69.19157,108.1725,0.667313,7.7059393,-47.70279,266.79816,24.158455,0,68,768.98376,17.051805,39.286972
8/16/2026 5:39,39852.152,40637.01,26.367846,25.092747,1.0171267,26.414059,4.8973722,66.83193,104.515526,0.79212016,7.6827054,-46.300888,268.76752,23.9888,0,68,768.98376,16.678076,38.44699
8/16/2026 6:09,39084.74,39952.523,25.872322,25.585434,1.0167888,25.96914,4.495101,61.03268,95.46787,0.26269653,7.6070085,-41.804314,270.24094,23.862806,0,68,768.98376,16.291473,37.582256
8/16/2026 6:39,37504.113,38517.887,24.838669,26.663742,1.0160773,25.036627,4.1908317,56.323967,88.14013,0.097965926,7.557635,-38.85269,262.74982,23.622015,0,68,768.98376,15.959101,36.853596
8/16/2026 7:09,35411.664,36487.26,23.389265,28.239283,1.0150309,23.71672,3.7317064,49.590813,77.6261,0.09316224,7.505362,-35.743713,251.80641,23.456615,0,68,768.98376,15.645369,36.177593
8/16/2026 7:39,32188.691,33381.074,21.193913,31.06681,1.0134661,21.697699,4.0147305,52.373398,82.02815,0.047268365,7.463435,-33.23078,207.34134,23.129824,0,68,768.98376,15.382177,35.634396
8/16/2026 8:09,29817.21,31022.111,19.547127,33.537678,1.0122694,20.164371,4.051381,52.19733,81.77523,0.042422965,7.4440947,-32.072067,171.53564,22.96649,0,68,768.98376,15.1891365,35.235207
8/16/2026 8:39,26007.188,27119.055,16.861343,38.45091,1.0102772,17.627386,4.601736,58.255554,91.28386,0.04108147,7.427799,-31.09932,150.72647,22.85343,0,68,768.98376,15.098602,35.096825
8/16/2026 9:09,22598.492,23517.05,14.426814,44.25074,1.008419,15.286083,5.082524,63.562393,99.582306,0.039438136,7.421876,-30.760765,148.27553,22.955011,0,68,768.98376,15.187584,35.364277
8/16/2026 9:39,31317.076,32307.836,20.447998,31.931461,1.0128329,21.000093,3.8733728,50.552876,79.140625,0.045821507,7.390175,-28.934479,188.80191,23.394438,0,68,768.98376,15.379126,35.649147
8/16/2026 10:09,40420.957,41011.598,26.643532,24.739641,1.0172609,26.657537,4.938942,67.8112,105.99758,0.374552,7.658597,-44.913292,190.11322,24.24598,0,68,768.98376,15.710754,36.24865
8/16/2026 10:39,39587.203,40084.645,25.977196,25.260689,1.0167291,26.05502,5.633638,77.19578,120.643875,0.049142487,7.735443,-49.48139,241.65454,24.350275,0,68,768.98376,16.043848,37.02295
8/16/2026 11:09,40333.465,40647.676,26.387754,24.793308,1.0169678,26.42099,6.5908136,90.912094,142.01587,0.55512935,7.8434925,-55.92823,196.417,24.595284,0,68,768.98376,16.396,37.813145
8/16/2026 11:39,40668.906,40923.434,26.588392,24.58881,1.0170958,26.600231,6.974288,96.444855,150.63655,1.0296857,7.887143,-58.53176,199.92653,24.674366,0,68,768.98376,16.823034,38.776222
8/16/2026 12:09,40803.473,41028.12,26.664793,24.507717,1.017142,26.668278,7.083091,98.05853,153.1458,1.2104497,7.899555,-59.275627,236.90524,24.713324,0,68,768.98376,17.259262,39.763863
8/16/2026 12:39,40835.715,41065.688,26.691814,24.488367,1.0171643,26.692698,7.1651316,99.19837,154.92786,1.5826068,7.9087424,-59.81922,248.0394,24.706802,0,68,768.98376,17.664598,40.682262
8/16/2026 13:09,40842.06,41105.523,26.71979,24.484564,1.0171976,26.718592,7.3704257,101.98172,159.28749,1.7272794,7.9310784,-61.135292,253.34183,24.664427,0,68,768.98376,18.008017,41.460278
8/16/2026 13:39,40836.145,41087.38,26.706974,24.48811,1.0171835,26.706797,7.553591,104.53643,163.27303,1.7765672,7.951367,-62.34169,258.8827,24.679865,0,68,768.98376,18.304457,42.132965
8/16/2026 14:09,40890.74,41118.168,26.729824,24.455416,1.0171919,26.72681,7.6492834,105.93076,165.44138,1.9431465,7.9496512,-62.246323,259.96985,24.710411,0,68,768.98376,18.52955,42.64216
8/16/2026 14:39,40899.844,41133.758,26.740936,24.44997,1.0172026,26.736942,7.776313,107.68149,168.17819,1.985713,7.9194508,-60.453415,261.78662,24.702269,0,68,768.98376,18.620827,42.849693
8/16/2026 15:09,40973.254,41197.97,26.787607,24.406164,1.0172341,26.778679,6.7626467,93.68958,146.32217,1.5367205,7.8725395,-57.673454,256.0598,24.714424,0,68,768.98376,18.60238,42.80631
8/16/2026 15:39,40996.93,41097.246,26.717798,24.39207,1.0171357,26.713211,7.870389,109.292206,170.6394,2.3376749,7.995043,-64.97383,264.6381,24.8722,0,68,768.98376,18.425743,42.40994
8/16/2026 16:09,41075.938,41088.2,26.713354,24.345154,1.0170996,26.707329,7.581851,105.48761,164.66428,2.115074,7.952141,-62.451363,267.48004,24.984379,0,68,768.98376,18.183802,41.862774
8/16/2026 16:39,41094.785,41065.574,26.697968,24.333988,1.0170724,26.692625,7.3016925,101.67394,158.69528,1.7526109,7.9048944,-59.657097,273.0495,25.037245,0,68,768.98376,17.86761,41.14717
8/16/2026 17:09,41175.387,41057.605,26.694277,24.286354,1.0170366,26.687445,7.113459,99.24435,154.86969,1.721042,7.8855686,-58.53176,267.40375,25.15019,0,68,768.98376,17.506348,40.328804
8/16/2026 17:39,41179.24,40869.62,26.562723,24.284082,1.0168649,26.565252,6.9570656,97.40329,151.92459,1.9510059,7.8586063,-56.977272,275.2048,25.396635,0,68,768.98376,17.120144,39.459892
8/16/2026 18:09,40967.61,40538.26,26.325998,24.409529,1.0166401,26.34987,6.71329,94.119545,146.75758,2.0754426,7.831404,-55.389404,272.62512,25.554508,0,68,768.98376,16.732964,38.589787
8/16/2026 18:39,40689.336,40250.664,26.118694,24.576464,1.0164794,26.162933,6.3464446,88.89656,138.60919,1.9302154,7.7743573,-51.999092,280.9364,25.570602,0,68,768.98376,16.355257,37.73908
8/16/2026 19:09,40104.31,39658.77,25.692492,24.934977,1.016154,25.7782,5.7680197,80.62366,125.70561,1.4482889,7.680039,-46.391487,262.96442,25.58818,0,68,768.98376,15.991388,36.925064
8/16/2026 19:39,38988.11,38597.72,24.929445,25.648846,1.015598,25.088516,5.615471,78.073296,121.74314,1.3797884,7.6872473,-46.811104,266.73618,25.529547,0,68,768.98376,15.695645,36.272537
8/16/2026 20:09,35378.95,35087.453,22.429083,28.265396,1.0137484,22.806845,5.3444,73.137985,114.0683,1.1119564,7.6088204,-42.13333,249.21242,25.434956,0,68,768.98376,15.421406,35.713665
8/16/2026 20:39,32430.275,32288.191,20.458857,30.835384,1.0123292,20.987326,4.649174,62.69173,97.81469,1.0025872,7.589965,-40.984154,206.39244,25.23039,0,68,768.98376,15.274659,35.428158
8/16/2026 21:09,29261.037,29267.436,18.35877,34.17514,1.0108225,19.023832,5.4642024,72.49861,113.16814,0.8209931,7.58691,-40.769577,168.27408,24.988554,0,68,768.98376,15.166683,35.233837
8/16/2026 21:39,25043.8,25210.951,15.583224,39.930042,1.0088345,16.387117,5.788149,75.14306,117.37014,0.57684565,7.562435,-39.27231,147.85114,24.652878,0,68,768.98376,15.23677,35.4624
8/16/2026 22:09,25764.732,25943.469,16.079893,38.812744,1.0092107,16.863255,5.475443,71.267845,111.32003,0.5532296,7.5087485,-36.087036,202.78278,24.639294,0,68,768.98376,15.391701,35.802803
8/16/2026 22:39,40376.92,40711.43,26.433279,24.766623,1.0170094,26.46243,5.920798,81.65507,127.56128,1.7503096,7.842286,-55.851936,202.82092,24.569815,0,68,768.98376,15.7114105,36.259254
8/16/2026 23:09,40388.965,40867.363,26.542246,24.759237,1.0171442,26.563786,6.231629,85.7215,133.95903,1.4543127,7.8951783,-58.951378,222.78134,24.387114,0,68,768.98376,15.96582,36.831364
8/16/2026 23:39,40669.984,41341.848,26.880178,24.588158,1.0174671,26.8722,6.665912,91.49113,143.03754,1.5058888,7.9463167,-61.93161,150.41176,24.149143,0,68,768.98376,16.297022,37.57043
8/17/2026 0:09,40867.555,41570.8,27.045057,24.46929,1.0176014,27.02102,6.70179,92.014404,143.8647,1.2573669,7.9358864,-61.306953,151.99486,24.114304,0,68,768.98376,16.661558,38.39132
8/17/2026 0:39,41110.367,41823.816,27.22808,24.324764,1.0177414,27.185482,6.7719173,93.06274,145.50574,1.2736187,7.9475126,-61.9936,202.68265,24.10689,0,68,768.98376,17.026024,39.21204
8/17/2026 1:09,41082.535,41829.777,27.23148,24.341244,1.017756,27.189354,6.6687217,91.578766,143.19643,1.3097517,7.922765,-60.520172,177.6344,24.06472,0,68,768.98376,17.405321,40.071873
8/17/2026 1:39,41033.57,41814.31,27.219349,24.370289,1.0177591,27.1793,6.627202,90.9348,142.20032,1.2186292,7.9271812,-60.772896,185.52605,24.022432,0,68,768.98376,17.726353,40.79887
8/17/2026 2:09,40983.32,41784.38,27.197102,24.400171,1.0177497,27.159847,6.5815926,90.255936,141.1454,1.2170827,7.9223557,-60.482025,217.30247,23.99627,0,68,768.98376,17.989872,41.396694
8/17/2026 2:39,40957.62,41770.426,27.18667,24.41548,1.0177461,27.150776,6.4474645,88.387924,138.22787,1.3880274,7.91185,-59.85737,233.36713,23.981209,0,68,768.98376,18.149815,41.75962
8/17/2026 3:09,40990.188,41814.117,27.21802,24.396082,1.0177734,27.179176,6.084512,83.40844,130.44359,1.5762945,7.874578,-57.649612,247.86774,23.968348,0,68,768.98376,18.211504,41.898247
8/17/2026 3:39,40969.18,41805.83,27.211657,24.408592,1.0177733,27.173788,5.7170315,78.345856,122.52971,0.8819575,7.8315096,-55.098534,248.45901,23.952213,0,68,768.98376,18.193398,41.85753
8/17/2026 4:09,40886.535,41776.8,27.189125,24.45793,1.0177755,27.15492,5.825592,79.727974,124.70645,1.1808391,7.8517966,-56.28586,242.98016,23.884293,0,68,768.98376,18.026392,41.478344
8/17/2026 4:39,40830.914,41761.844,27.177153,24.491247,1.0177811,27.145199,5.4588532,74.63625,116.75296,0.7465768,7.8026137,-53.367615,259.0305,23.832909,0,68,768.98376,17.800686,40.967175
8/17/2026 5:09,40703.426,41717.062,27.142355,24.567957,1.0177847,27.11609,5.1914654,70.835106,110.82755,0.6606751,7.758005,-50.71163,257.62384,23.72786,0,68,768.98376,17.522598,40.337154
8/17/2026 5:39,40344.324,41429.938,26.932413,24.786634,1.0176545,26.92946,5.003709,68.070946,106.52158,0.4858497,7.719886,-48.441887,265.06726,23.628084,0,68,768.98376,17.194374,39.597515
8/17/2026 6:09,40174.418,41251.14,26.803331,24.891462,1.0175557,26.813242,4.712726,64.07086,100.26106,0.41707838,7.6817865,-46.191216,266.9317,23.633423,0,68,768.98376,16.856438,38.83593
8/17/2026 6:39,39440.676,40564.582,26.306149,25.354536,1.0172042,26.366978,4.4742255,60.564545,94.788216,0.116147235,7.640927,-43.764114,261.92014,23.549393,0,68,768.98376,16.52464,38.09583
8/17/2026 7:09,37815.24,38981.344,25.166426,26.444366,1.0163769,25.337873,4.153503,55.741116,87.256836,0.10912124,7.580417,-40.17353,259.40244,23.433798,0,68,768.98376,16.20178,37.393894
8/17/2026 7:39,35080.82,36256.258,23.222591,28.505606,1.0149478,23.566568,3.9686344,52.543945,82.270744,0.065790206,7.517066,-36.416054,258.25803,23.302607,0,68,768.98376,15.923835,36.814003
8/17/2026 8:09,31295.45,32512.33,20.58505,31.953527,1.0130315,21.133015,3.8972418,50.58072,79.23257,0.04968023,7.4254446,-30.98011,194.77669,23.040405,0,68,768.98376,15.640337,36.2376
8/17/2026 8:39,28551.686,29746.625,18.663918,35.0242,1.0116228,19.335306,2.7679584,35.43565,55.522015,0.04189014,7.3860645,-28.643608,173.33331,22.896828,0,68,768.98376,15.459895,35.87461
,,,,,,,,,,,,,,,,,,,
Log Notes,,,,,,,,,,,,,,,,,,,
2026-06-08 11:39:17 Started,,,,,,,,,,,,,,,,,,,
2026-06-22 11:45:59 Paused,,,,,,,,,,,,,,,,,,,
2026-06-22 11:46:42 Resumed,,,,,,,,,,,,,,,,,,,
2026-06-22 11:49:17 Paused,,,,,,,,,,,,,,,,,,,
"2026-06-22 11:54:51 pH Calibrated (Sensor: pH/ORP, Serial Number: 1310280)",,,,,,,,,,,,,,,,,,,
2026-06-22 11:57:34 Resumed,,,,,,,,,,,,,,,,,,,
2026-07-20 10:44:22 Paused,,,,,,,,,,,,,,,,,,,
2026-07-20 10:45:46 Resumed,,,,,,,,,,,,,,,,,,,
2026-07-20 10:48:54 Paused,,,,,,,,,,,,,,,,,,,
"2026-07-20 10:56:16 pH Calibrated (Sensor: pH/ORP, Serial Number: 1310280)",,,,,,,,,,,,,,,,,,,
2026-07-20 11:01:57 Resumed,,,,,,,,,,,,,,,,,,,
