Location Properties,,,,,,,,,,,,,,,,,
Location Name = Gold star beach,,,,,,,,,,,,,,,,,
Location ID = 5bc79c43-29a4-4b20-9721-fc073a17e972,,,,,,,,,,,,,,,,,
Latitude = 40.897864489864006 °,,,,,,,,,,,,,,,,,
Longitude = -73.4351165123915 °,,,,,,,,,,,,,,,,,
,,,,,,,,,,,,,,,,,
Report Properties,,,,,,,,,,,,,,,,,
Start Time = 2026-07-14 10:33:03,,,,,,,,,,,,,,,,,
Duration = 36.00:00:01,,,,,,,,,,,,,,,,,
Readings = 1729,,,,,,,,,,,,,,,,,
Time Offset = -04:00:00,,,,,,,,,,,,,,,,,
,,,,,,,,,,,,,,,,,
Instrument Properties,,,,,,,,,,,,,,,,,
Device Model = Aqua TROLL 600,,,,,,,,,,,,,,,,,
Device SN = 1005052,,,,,,,,,,,,,,,,,
Device Firmware = 2.45,,,,,,,,,,,,,,,,,
,,,,,,,,,,,,,,,,,
Log Properties,,,,,,,,,,,,,,,,,
Log Name = Log_0426GOLD_1005052,,,,,,,,,,,,,,,,,
Log Type = Linear,,,,,,,,,,,,,,,,,
Log File Number = 1,,,,,,,,,,,,,,,,,
Log ID = df3be925-0d7d-45d2-a4e2-29f3423057ed,,,,,,,,,,,,,,,,,
Log Wrapping Enabled = True,,,,,,,,,,,,,,,,,
Interval = 00:30:00,,,,,,,,,,,,,,,,,
,,,,,,,,,,,,,,,,,
,,,,,,,,,,,,,,,,,
Date Time,Actual Conductivity (µS/cm) (1024259),Specific Conductivity (µS/cm) (1024259),Salinity (PSU) (1024259),Resistivity (Ω⋅cm) (1024259),Density (g/cm³) (1024259),Total Dissolved Solids (ppt) (1024259),pH (pH) (1057264),pH mV (mV) (1057264),ORP (mV) (1057264),RDO Concentration (mg/L) (1003691),RDO Saturation (%Sat) (1003691),Oxygen Partial Pressure (Torr) (1003691),Chlorophyll-a Fluorescence (RFU) (994333),Temperature (°C) (1005052),External Voltage (V) (1005052),Battery Capacity (%) (1005052),Barometric Pressure (mm Hg) (1005052)
7/14/2026 10:33,39775.484,41778.656,27.15621,25.141115,1.0181394,27.156126,7.7522163,-56.414604,189.69058,6.8028817,89.54002,142.37938,0.27110776,22.48967,0.036,72,779.5944
7/14/2026 11:03,39836.46,41798.31,27.171825,25.10263,1.0181366,27.168901,7.7672663,-57.320595,216.2838,6.847592,90.22212,143.45158,0.3427173,22.542614,0.018,72,779.5944
7/14/2026 11:33,39861.227,41791.215,27.167753,25.087036,1.0181229,27.16429,7.766096,-57.258606,209.61761,6.8064756,89.74179,142.67859,0.20557965,22.582111,0.018,72,779.5944
7/14/2026 12:03,39744.316,41696.695,27.098566,25.16083,1.0180798,27.102854,7.7461004,-56.061745,200.09518,6.5697145,86.53326,137.585,0.063717045,22.548515,0.018,72,779.5944
7/14/2026 12:33,39787.062,41732.6,27.124786,25.133799,1.0180966,27.12619,7.737416,-55.54676,191.54071,6.394804,84.25845,133.96579,0.22795635,22.559206,0.018,72,779.5944
7/14/2026 13:03,39800.906,41767.477,27.149338,25.125055,1.0181218,27.14886,7.7428594,-55.86624,211.2341,6.506458,85.704445,136.27026,0.56539726,22.534883,0.018,72,779.5944
7/14/2026 13:33,39764.84,41737.17,27.127201,25.147844,1.0181074,27.129162,7.690178,-52.728653,183.98285,6.1792827,81.3712,129.38232,0.028831547,22.525864,0.018,72,779.5944
7/14/2026 14:03,39732.457,41642.883,27.060993,25.16834,1.0180377,27.067875,7.7131066,-54.106712,213.53722,6.1546535,81.120705,128.96873,0.028546186,22.598091,0.018,72,779.5944
7/14/2026 14:33,39778.184,41686.953,27.092953,25.139408,1.0180607,27.09652,7.695714,-53.071976,215.0774,6.035761,79.57493,126.510216,0.036594894,22.602715,0.027,72,779.5944
7/14/2026 15:03,39952.8,41708.02,27.11323,25.029535,1.0180227,27.110212,7.727783,-55.01747,191.76007,5.958641,78.84006,125.30173,0.25593907,22.796677,0.018,72,779.5944
7/14/2026 15:33,40067.49,41603.703,27.044653,24.957891,1.0178963,27.042408,7.782194,-58.312416,194.9501,6.8146396,90.564674,143.87083,0.3861349,23.066755,0.027,72,779.5944
7/14/2026 16:03,40329.723,41411.605,26.919256,24.795609,1.0176433,26.917543,7.8824854,-64.41593,213.96161,8.175402,109.66227,174.04056,0.8594054,23.632196,0.027,72,779.5944
7/14/2026 16:33,40549.445,41379.785,26.90332,24.66125,1.0175415,26.89686,7.864672,-63.419342,214.28586,8.009317,108.02567,171.34784,0.714564,23.949408,0.027,72,779.5944
7/14/2026 17:03,40890.8,41386.25,26.916971,24.455378,1.0174303,26.901062,7.9833717,-70.61958,214.2763,9.498749,129.07777,204.58492,2.5319204,24.373226,0.036,72,779.5944
7/14/2026 17:33,40877.727,41462.152,26.969578,24.4632,1.0175021,26.9504,8.003801,-71.816444,223.47928,9.912672,134.48181,213.19298,1.544227,24.262018,0.036,72,779.5944
7/14/2026 18:03,40814.816,41240.234,26.813131,24.500906,1.0173272,26.806152,8.090708,-77.07119,225.95406,10.167474,138.29173,219.15436,4.2357655,24.459915,0.045,72,779.5944
7/14/2026 18:33,40650.027,41258.363,26.821472,24.60023,1.0174003,26.817936,8.045116,-74.28169,238.12772,9.767666,132.32362,209.78444,2.9617712,24.228037,0.036,72,779.5944
7/14/2026 19:03,40658.18,41389.586,26.913115,24.595297,1.017513,26.903233,7.9793754,-70.30964,242.11407,8.697414,117.571,186.4469,3.8104503,24.074806,0.036,72,779.5944
7/14/2026 19:33,40681.133,41360.207,26.89327,24.581419,1.0174794,26.884134,7.972265,-69.89956,231.95267,8.854694,119.82106,189.99287,4.7908335,24.140388,0.036,72,779.5944
7/14/2026 20:03,40625.754,41348.64,26.883715,24.614927,1.017488,26.876617,7.9460278,-68.31646,247.54524,8.339177,112.72888,178.765,2.8961399,24.084677,0.036,72,779.5944
7/14/2026 20:33,40340.47,41469.1,26.959507,24.789003,1.0176898,26.954916,7.9000144,-65.45067,248.3034,8.002622,107.26135,170.24702,3.56524,23.575066,0.027,72,779.5944
7/14/2026 21:03,40388.17,41464.344,26.957577,24.759724,1.0176698,26.951824,7.89578,-65.21225,218.23407,7.9108615,106.1539,168.46994,2.7062316,23.641144,0.027,72,779.5944
7/14/2026 21:33,40241.637,41586.598,27.038137,24.849884,1.0178245,27.031288,7.8533087,-62.60395,202.76547,7.5536933,100.81094,160.08273,1.8695801,23.306744,0.027,72,779.5944
7/14/2026 22:03,40048.895,41616.844,27.053179,24.969479,1.0179136,27.05095,7.8110332,-60.02426,222.40161,7.1143036,94.48567,150.10959,1.299834,23.027441,0.018,72,779.5944
7/14/2026 22:33,40076.758,41659.664,27.083714,24.952118,1.0179414,27.078783,7.805332,-59.68094,234.78508,7.0932484,94.19473,149.65163,1.2504814,23.010675,0.018,72,779.5944
7/14/2026 23:03,40045.152,41720.348,27.124727,24.971811,1.0180035,27.118225,7.7891526,-58.693886,248.80887,6.9423003,92.0268,146.23502,1.3740671,22.89775,0.018,72,779.5944
7/14/2026 23:33,40001.996,41739.39,27.136528,24.998753,1.0180337,27.130606,7.7791657,-58.083534,251.34087,6.8389373,90.538376,143.88829,1.128422,22.82069,0.018,72,779.5944
7/15/2026 0:03,39831.71,41691.234,27.097677,25.105625,1.0180472,27.099302,7.764386,-57.172775,260.005,6.6107507,87.25465,138.70546,1.0454978,22.6648,0.009,72,779.5944
7/15/2026 0:33,39826.266,41690.25,27.096819,25.109058,1.018048,27.098663,7.7463083,-56.095123,263.81015,6.4301467,84.86201,134.90326,1.0079416,22.659143,0.018,72,779.5944
7/15/2026 1:03,39918.438,41732.062,27.128746,25.05108,1.0180542,27.125841,7.74666,-56.1285,253.55817,6.3374043,83.75145,133.1234,1.5682478,22.72467,0.018,72,779.5944
7/15/2026 1:33,39944.035,41714.926,27.117723,25.035027,1.0180315,27.114702,7.745612,-56.07605,194.23007,6.536311,86.455795,137.40996,1.4080087,22.777372,0.018,72,779.5944
7/15/2026 2:03,39903.1,41523.734,26.984127,25.060709,1.017881,26.990427,7.740323,-55.794716,230.40771,6.232942,82.64307,131.31088,1.0176686,22.956593,0.018,72,779.5944
7/15/2026 2:33,39920.613,41633.297,27.060505,25.049715,1.0179693,27.061644,7.728989,-55.098534,235.17133,6.028601,79.81187,126.83581,0.9631412,22.846212,0.018,72,779.5944
7/15/2026 3:03,39955.04,41611.844,27.046743,25.028131,1.0179398,27.047699,7.707573,-53.834915,240.33546,6.1016455,80.87218,128.50597,0.7382839,22.915411,0.018,72,779.5944
7/15/2026 3:33,39947.973,41441.273,26.928444,25.03256,1.0177956,26.936827,7.719361,-54.574013,229.67816,6.044276,80.33947,127.617,0.7742562,23.113396,0.009,72,779.5944
7/15/2026 4:03,39865.918,41351.383,26.863657,25.084084,1.0177449,26.878399,7.7319746,-55.327415,237.422,6.1642237,81.91155,130.11293,1.0073632,23.119217,0.027,72,779.5944
7/15/2026 4:33,39875.324,41305.73,26.83233,25.078165,1.0177026,26.848726,7.736878,-55.63259,225.21497,6.168121,82.04716,130.3134,0.74938625,23.186924,0.018,72,779.5944
7/15/2026 5:03,39890.82,41300.97,26.8295,25.068424,1.0176933,26.84563,7.7566185,-56.815147,224.24222,6.4289336,85.553604,135.87671,0.94745576,23.212397,0.018,72,779.5944
7/15/2026 5:33,39893.793,41219.53,26.773167,25.066557,1.0176219,26.792694,7.778016,-58.112144,208.80699,6.790171,90.49768,143.70354,1.426448,23.316078,0.027,72,779.5944
7/15/2026 6:03,39788.43,41114.258,26.697071,25.132935,1.0175657,26.724266,7.764289,-57.291985,228.27148,6.3235307,84.23473,133.75945,1.1107756,23.311655,0.027,72,779.5944
7/15/2026 6:33,39881.535,41143.586,26.720163,25.07426,1.01756,26.743332,7.79661,-59.23748,243.56366,6.910356,92.19847,146.3847,1.6189384,23.394014,0.036,72,779.5944
7/15/2026 7:03,39944.547,41177.08,26.745247,25.034706,1.0175682,26.7651,7.7797093,-58.236122,214.46228,6.400218,85.46316,135.68192,1.1706413,23.432858,0.027,72,779.5944
7/15/2026 7:33,39899.312,41100.68,26.690943,25.06309,1.0175169,26.715443,7.8078556,-59.924126,205.29747,6.673634,89.14424,141.51706,1.9452507,23.46964,0.027,72,779.5944
7/15/2026 8:03,39786.508,41049.055,26.651838,25.13415,1.0175098,26.681887,7.7455854,-56.19049,201.31111,6.3375273,84.516045,134.18822,1.7236277,23.389687,0.027,72,779.5944
7/15/2026 8:33,39859.2,41095.156,26.68594,25.088312,1.0175254,26.711851,7.7818103,-58.3601,226.15433,6.8267655,91.11575,144.65784,2.3809245,23.425365,0.027,72,779.5944
7/15/2026 9:03,39920.36,41212.914,26.76938,25.049875,1.0176073,26.788393,7.78371,-58.460236,214.07127,6.6809626,89.10636,141.48407,1.8088803,23.357964,0.027,72,779.5944
7/15/2026 9:33,39943.434,41385.3,26.889534,25.035404,1.0177488,26.900446,7.7477036,-56.27632,190.13882,6.4772215,86.17028,136.86461,1.3084004,23.17591,0.027,72,779.5944
7/15/2026 10:03,39885.69,41341.297,26.857285,25.071648,1.0177299,26.871843,7.7467256,-56.214333,217.8669,6.5228033,86.730644,137.75914,0.9652122,23.15657,0.018,72,779.5944
7/15/2026 10:33,40151.695,41544.348,27.006111,24.905548,1.0178176,27.003826,7.774414,-57.883263,225.30078,6.844227,91.22563,144.87704,1.0451257,23.244919,0.027,72,779.5944
7/15/2026 11:03,40277.902,41644.773,27.079596,24.827509,1.0178628,27.069103,7.7798076,-58.21228,210.00862,6.896807,92.025185,146.13771,0.95488644,23.28156,0.027,72,779.5944
7/15/2026 11:33,40350.746,41666.047,27.096552,24.78269,1.0178572,27.082932,7.7727213,-57.8022,212.4548,6.8560977,91.59739,145.44203,0.66796213,23.347242,0.027,72,779.5944
7/15/2026 12:03,40286.12,41621.785,27.063894,24.822445,1.0178404,27.054161,7.769056,-57.578087,225.26741,6.727559,89.81957,142.62581,0.77937764,23.319866,0.027,72,779.5944
7/15/2026 12:33,40346.055,41690.785,27.113586,24.78557,1.0178802,27.09901,7.7600555,-57.03926,220.62778,6.7136073,89.645386,142.35129,0.5176227,23.311262,0.027,72,779.5944
7/15/2026 13:03,40420.594,41750.05,27.156973,24.739864,1.0179069,27.137533,7.754314,-56.700706,210.886,6.617165,88.41336,140.38974,0.31044406,23.332815,0.018,72,779.5944
7/15/2026 13:33,40369.21,41673.117,27.102018,24.771353,1.0178573,27.087526,7.7511854,-56.51951,178.7901,6.5561185,87.615105,139.11531,0.42210203,23.361841,0.018,72,779.5944
7/15/2026 14:03,40284.324,41587.363,27.039953,24.823551,1.0178112,27.031786,7.723714,-54.87919,184.28802,6.1756225,82.497246,130.98967,0.59208924,23.359549,0.027,72,779.5944
7/15/2026 14:33,40315.812,41608.7,27.055704,24.804163,1.0178192,27.045656,7.752507,-56.60057,164.27518,6.5733776,87.8398,139.46938,0.45175594,23.373167,0.027,72,779.5944
7/15/2026 15:03,40326.617,41616.914,27.061735,24.797518,1.0178227,27.050993,7.7315683,-55.351257,206.81857,6.237817,83.36393,132.36192,0.58368945,23.376743,0.027,72,779.5944
7/15/2026 15:33,40311.438,41599.19,27.048971,24.806856,1.0178125,27.039474,7.7360334,-55.618286,205.51682,6.194183,82.77827,131.43147,0.49897158,23.379257,0.027,72,779.5944
7/15/2026 16:03,40261.082,41547.63,27.011688,24.837881,1.0177845,27.005959,7.7276483,-55.117607,200.41943,6.311945,84.3333,133.90059,0.3988991,23.378763,0.027,72,779.5944
7/15/2026 16:33,40231.246,41419.863,26.922123,24.856302,1.0176835,26.92291,7.709553,-54.05903,201.87378,6.0758023,81.306915,129.06903,0.5643255,23.49755,0.027,72,779.5944
7/15/2026 17:03,41720.133,41447.97,26.980309,23.969242,1.0171946,26.94118,7.918121,-66.92886,196.08975,8.015968,110.814964,175.32237,2.8336635,25.34379,0.054,72,779.5944
7/15/2026 17:33,41068.07,41338.8,26.888363,24.349817,1.0173267,26.87022,7.8289075,-61.426163,196.6381,7.4343295,101.50845,160.805,1.2167348,24.657116,0.054,72,779.5944
7/15/2026 18:03,41141.39,41317.98,26.875626,24.306421,1.0172826,26.856688,7.881446,-64.6019,200.18578,8.021658,109.74648,173.81708,1.4014469,24.776234,0.045,72,779.5944
7/15/2026 18:33,41269.41,41413.887,26.945826,24.231022,1.0173233,26.919027,7.877561,-64.377785,208.54474,7.8280177,107.21637,169.79697,2.132427,24.81735,0.045,72,779.5944
7/15/2026 19:03,41404.547,41415.34,26.950108,24.151937,1.0172771,26.919971,7.903964,-65.99903,211.65848,8.069732,110.85369,175.5021,2.7361352,24.986357,0.045,72,779.5944
7/15/2026 19:33,41150.15,41376.664,26.91686,24.301249,1.0173318,26.89483,7.8680754,-63.786507,207.31448,7.64641,104.52323,165.56372,2.7298753,24.71338,0.045,72,779.5944
7/15/2026 20:03,41106.69,41254.04,26.83007,24.32694,1.0172375,26.815126,7.8631096,-63.50994,219.52151,7.441461,101.8471,161.29504,2.440614,24.813002,0.045,72,779.5944
7/15/2026 20:33,41039.16,41318.78,26.87365,24.36697,1.017319,26.857208,7.865931,-63.643456,221.94385,7.365289,100.537186,159.26968,2.5905364,24.645685,0.045,72,779.5944
7/15/2026 21:03,40810.992,41289.66,26.847513,24.503202,1.0173724,26.838278,7.8728027,-64.00108,220.6564,7.6620555,104.11372,165.01166,2.032372,24.39304,0.045,72,779.5944
7/15/2026 21:33,40575.742,41431.402,26.939968,24.645267,1.0175778,26.930412,7.798605,-59.461594,199.72801,7.033851,94.83779,150.43765,1.9351497,23.91872,0.036,72,779.5944
7/15/2026 22:03,40534.336,41429.38,26.937414,24.670443,1.01759,26.929096,7.798772,-59.461594,212.63599,6.931937,93.38065,148.13928,1.8961391,23.868898,0.027,72,779.5944
7/15/2026 22:33,40486.98,41534.582,27.009241,24.699299,1.0176979,26.997478,7.7857614,-58.646202,200.88196,6.891768,92.568756,146.90005,1.8815187,23.679453,0.036,72,779.5944
7/15/2026 23:03,40534.613,41648.164,27.089573,24.670273,1.0177809,27.071306,7.769262,-57.644844,197.61563,6.6532993,89.28228,141.7042,1.3292629,23.600153,0.027,72,779.5944
7/15/2026 23:33,40512.688,41669.125,27.103504,24.683626,1.0178064,27.08493,7.767599,-57.53517,196.85269,6.645168,89.09671,141.4227,1.1227863,23.546968,0.027,72,779.5944
7/16/2026 0:03,40398.754,41585.914,27.042349,24.753239,1.017772,27.030846,7.760708,-57.115555,217.49496,6.5923877,88.29303,140.1571,1.186019,23.505383,0.027,72,779.5944
7/16/2026 0:33,40409.145,41622.36,27.06796,24.746874,1.0178002,27.054535,7.7556987,-56.81038,224.2136,6.5135345,87.20134,138.43166,1.2146561,23.473919,0.027,72,779.5944
7/16/2026 1:03,40460.61,41657.77,27.094076,24.715397,1.0178139,27.07755,7.7484436,-56.381226,214.4766,6.4458947,86.34154,137.06166,1.0498517,23.495394,0.027,72,779.5944
7/16/2026 1:33,40386.5,41589.555,27.044516,24.76075,1.0177792,27.03321,7.700248,-53.50113,206.16055,6.2502227,83.68209,132.84222,0.7711893,23.485504,0.027,72,779.5944
7/16/2026 2:03,40350.406,41576.23,27.034193,24.782898,1.0177796,27.02455,7.6815696,-52.38056,217.43774,5.742045,76.83417,121.97752,0.7217182,23.45635,0.027,72,779.5944
7/16/2026 2:33,40382.773,41568.41,27.029715,24.763035,1.0177622,27.019466,7.7066507,-53.887367,218.96362,5.9313226,79.43546,126.09625,1.0225371,23.506672,0.027,72,779.5944
7/16/2026 3:03,40413.68,41600.645,27.05302,24.744097,1.0177798,27.040419,7.7013826,-53.572655,210.56653,5.6769876,76.03873,120.70435,0.6745788,23.506159,0.027,72,779.5944
7/16/2026 3:33,40436.227,41612.2,27.061707,24.730299,1.0177823,27.04793,7.697268,-53.329468,211.01474,5.901989,79.07631,125.52315,0.7871529,23.520403,0.027,72,779.5944
7/16/2026 4:03,40333.19,41498.6,26.979774,24.793476,1.0177178,26.97409,7.691252,-52.97184,208.49704,5.835081,78.155754,124.059906,0.7780051,23.529682,0.027,72,779.5944
7/16/2026 4:33,40294.84,41462.273,26.953426,24.817074,1.0176991,26.950478,7.6816835,-52.399635,200.42896,5.6902575,76.199234,120.95504,0.72845244,23.525837,0.027,72,779.5944
7/16/2026 5:03,40352.793,41497.73,26.979744,24.781431,1.0177107,26.973524,7.6839905,-52.542686,180.2826,5.6537724,75.76172,120.25437,0.7515457,23.555477,0.027,72,779.5944
7/16/2026 5:33,40297.176,41424.645,26.927362,24.815636,1.0176656,26.92602,7.710434,-54.125786,202.0359,5.9871454,80.23244,127.3463,1.0332178,23.57501,0.027,72,779.5944
7/16/2026 6:03,40184.09,41302.254,26.839098,24.885471,1.017597,26.846466,7.7041054,-53.749084,212.61691,5.7751813,77.362976,122.790215,1.2762759,23.58258,0.027,72,779.5944
7/16/2026 6:33,40093.684,41211.52,26.773493,24.941584,1.0175482,26.787487,7.7064285,-53.887367,214.02359,5.8824987,78.76703,125.01935,1.3074201,23.579878,0.027,72,779.5944
7/16/2026 7:03,40045.12,41166.65,26.74095,24.97183,1.0175254,26.758322,7.698225,-53.396225,187.25395,5.9395175,79.506935,126.1951,0.8070429,23.573633,0.036,72,779.5944
7/16/2026 7:33,39932.516,41019.605,26.635675,25.04225,1.0174351,26.662743,7.7147894,-54.392815,197.69193,6.1159945,81.87573,129.94615,1.413702,23.612476,0.027,72,779.5944
7/16/2026 8:03,39928.582,40965.48,26.598001,25.044716,1.017389,26.627562,7.7279243,-55.189133,210.53314,6.2719374,84.037575,133.36278,1.4305996,23.67479,0.027,72,779.5944
7/16/2026 8:33,39885.44,40941.35,26.580036,25.071804,1.0173825,26.611877,7.7335887,-55.52292,220.36552,6.064651,81.21575,128.8903,1.3718221,23.649694,0.027,72,779.5944
7/16/2026 9:03,39978.59,41021.977,26.63863,25.013388,1.0174215,26.664284,7.7076755,-53.977966,207.15237,6.062359,81.23908,128.92314,0.8288277,23.668335,0.027,72,779.5944
7/16/2026 9:33,40076.98,41126.18,26.713776,24.951979,1.0174794,26.732018,7.665633,-51.465034,207.86761,5.7215543,76.69977,121.72031,0.9202909,23.664309,0.018,72,779.5944
7/16/2026 10:03,40194.094,41230.85,26.7898,24.879276,1.0175313,26.800055,7.701485,-53.6108,207.09038,5.9966793,80.450325,127.66807,0.90147454,23.683498,0.027,72,779.5944
7/16/2026 10:33,40116.4,41376.227,26.888454,24.927462,1.0176837,26.894548,7.6869106,-52.690506,200.90103,5.877594,78.51168,124.65149,0.9323966,23.405855,0.027,72,779.5944
7/16/2026 11:03,40185.85,41415.57,26.917803,24.88438,1.017695,26.92012,7.7104306,-54.101944,146.52728,6.1710105,82.50287,130.97928,0.78896445,23.445436,0.027,72,779.5944
7/16/2026 11:33,40262.938,41580.49,27.034538,24.836737,1.017812,27.027317,7.720656,-54.693222,201.87854,6.265265,83.6646,132.84744,0.7670633,23.34101,0.018,72,779.5944
7/16/2026 12:03,40213.875,41580.785,27.033264,24.867039,1.0178286,27.027512,7.731315,-55.31788,198.65036,6.3162594,84.25236,133.79492,0.78661066,23.278866,0.027,72,779.5944
7/16/2026 12:33,40222.98,41556.406,27.016638,24.86141,1.0178046,27.011663,7.735101,-55.55153,198.15445,6.3231354,84.397385,134.01581,0.7878175,23.320044,0.027,72,779.5944
7/16/2026 13:03,40306.133,41647.707,27.082483,24.81012,1.0178561,27.071009,7.7290497,-55.189133,197.7873,6.264138,83.63188,132.80176,0.5809928,23.313484,0.027,72,779.5944
7/16/2026 13:33,40304.156,41638.035,27.07571,24.811337,1.0178484,27.064724,7.7159986,-54.41189,188.23148,6.08498,81.25019,129.01772,0.45891893,23.32277,0.027,72,779.5944
7/16/2026 14:03,40239.46,41559.344,27.019165,24.851227,1.0178016,27.013573,7.71196,-54.17347,180.51624,6.084452,81.2375,128.9944,0.1250997,23.337223,0.027,72,779.5944
7/16/2026 14:33,40263.684,41597.953,27.046686,24.836277,1.017827,27.03867,7.705459,-53.782463,181.32687,6.033853,80.551125,127.90813,0.24128245,23.320662,0.027,72,779.5944
7/16/2026 15:03,40297.508,41634.883,27.07333,24.81543,1.0178478,27.062674,7.702271,-53.59173,184.27371,5.969594,79.70202,126.56035,0.28240258,23.318243,0.027,72,779.5944
7/16/2026 15:33,40276.55,41603.824,27.051146,24.828342,1.017828,27.042486,7.67052,-51.698685,183.4917,5.6078553,74.87802,118.89791,0.06448745,23.329704,0.018,72,779.5944
7/16/2026 16:03,40205.137,41505.46,26.980751,24.872444,1.0177665,26.97855,7.701506,-53.55358,174.03603,6.054996,80.85857,128.38773,0.19673894,23.359737,0.027,72,779.5944
7/16/2026 16:33,40182,41370.902,26.886688,24.886765,1.0176573,26.891087,7.7025332,-53.639412,195.32204,6.189682,82.81072,131.45673,0.30969036,23.495413,0.027,72,779.5944
7/16/2026 17:03,40650.113,41510.793,26.997295,24.600178,1.0176224,26.982016,7.769357,-57.7116,155.7064,6.839468,92.24038,146.31859,0.5396694,23.914457,0.027,72,779.5944
7/16/2026 17:33,40697.863,41432.023,26.943752,24.571314,1.017537,26.930817,7.8103633,-60.195923,188.92288,6.765742,91.47089,145.05739,0.68380034,24.072271,0.036,72,779.5944
7/16/2026 18:03,40698.223,41350.27,26.886806,24.571098,1.0174648,26.877676,7.888565,-64.89754,198.21167,7.6334796,103.35325,163.87086,0.7143951,24.174406,0.036,72,779.5944
7/16/2026 18:33,40785.34,41390.74,26.917334,24.518614,1.0174706,26.90398,7.8889046,-64.930916,191.65993,7.8525596,106.44961,168.76218,2.9779613,24.234217,0.036,72,779.5944
7/16/2026 19:03,40801.727,41359.53,26.896,24.508766,1.0174373,26.883694,7.9426765,-68.16387,192.16061,8.360634,113.441246,179.82721,1.1803505,24.29389,0.036,72,779.5944
7/16/2026 19:33,40758.01,41428.41,26.942862,24.535053,1.0175132,26.928467,7.8751802,-64.09168,195.35541,7.9541006,107.688324,170.75096,1.9775834,24.15277,0.045,72,779.5944
7/16/2026 20:03,39711.047,40349.793,26.164593,25.18191,1.0169214,26.227367,7.899331,-65.54127,194.05841,7.8547378,105.90393,167.91606,2.7210298,24.171194,0.036,72,779.5944
7/16/2026 20:33,40683.12,41302.664,26.853228,24.58022,1.017428,26.846731,7.8954277,-65.317154,184.09729,7.7554226,105.05813,166.56201,3.764745,24.214659,0.036,72,779.5944
7/16/2026 21:03,40540.254,41144.797,26.739452,24.666842,1.0173377,26.744118,7.88828,-64.89277,195.03116,7.6554565,103.66548,164.34935,2.119504,24.230732,0.036,72,779.5944
7/16/2026 21:33,40671.78,41315.055,26.861563,24.587072,1.017443,26.854786,7.8749847,-64.086914,193.0809,7.4736414,101.1929,160.4426,2.545668,24.18482,0.036,72,779.5944
7/16/2026 22:03,40362.973,41166.59,26.74985,24.775183,1.0174177,26.758284,7.85333,-62.747,197.18646,7.5287085,101.504684,160.99622,1.8414485,23.977955,0.036,72,779.5944
7/16/2026 22:33,40297.637,41358.79,26.881638,24.815351,1.017608,26.883213,7.810974,-60.14824,190.5632,7.003618,93.964645,149.12114,1.7592793,23.656689,0.027,72,779.5944
7/16/2026 23:03,40340.305,41468.418,26.959023,24.789104,1.0176893,26.954472,7.77916,-58.231354,190.05298,6.722049,90.09829,143.0054,1.2746135,23.575699,0.027,72,779.5944
7/16/2026 23:33,40343.26,41451,26.94701,24.787287,1.0176731,26.94315,7.7970357,-59.304237,186.1763,7.007824,93.96387,149.13437,1.4575135,23.600836,0.027,72,779.5944
7/17/2026 0:03,40223.664,41550.93,27.012856,24.860987,1.0177995,27.008104,7.7591243,-56.98681,181.44131,6.551452,87.45467,138.86873,1.0355422,23.327583,0.027,72,779.5944
7/17/2026 0:33,40223.297,41559.84,27.019024,24.861214,1.0178074,27.013895,7.7533283,-56.638718,181.58435,6.4624104,86.25166,136.96112,1.0546603,23.31626,0.027,72,779.5944
7/17/2026 1:03,40222.625,41642.527,27.076353,24.86163,1.017879,27.067644,7.7402267,-55.83763,177.59799,6.323584,84.27526,133.84592,1.0557116,23.214798,0.027,72,779.5944
7/17/2026 1:33,40198.15,41640.68,27.074322,24.876768,1.0178854,27.066442,7.719056,-54.569244,187.68787,6.076345,80.9383,128.55235,0.8055364,23.186266,0.027,72,779.5944
7/17/2026 2:03,38242.844,39628.527,25.624596,26.148684,1.0167959,25.758543,7.7095165,-53.99704,197.23416,5.9119816,78.06923,123.99905,0.69393915,23.169277,0.018,72,779.5944
7/17/2026 2:33,40106.285,41579.21,27.028894,24.933748,1.0178626,27.026487,7.6994376,-53.391457,179.55304,5.817679,77.41622,122.966866,1.0271491,23.14531,0.018,72,779.5944
7/17/2026 3:03,40070.03,41491.37,26.966906,24.956306,1.0177987,26.969393,7.7074847,-53.8826,188.83705,6.0508633,80.5778,127.97537,0.7885486,23.206476,0.018,72,779.5944
7/17/2026 3:33,40135.54,41540.562,27.002996,24.915575,1.0178196,27.001366,7.721801,-54.740906,174.51286,6.199079,82.60198,131.1852,0.92652065,23.229168,0.027,72,779.5944
7/17/2026 4:03,39962.402,41345.45,26.862495,25.023521,1.0177082,26.874542,7.720222,-54.650307,190.1722,6.0576844,80.680244,128.12892,0.5988962,23.248638,0.018,72,779.5944
7/17/2026 4:33,40116.4,41552.043,27.010372,24.927462,1.0178359,27.008827,7.661334,-51.12648,197.02911,5.341838,71.13427,112.97993,0.4520425,23.191072,0.027,72,779.5944
7/17/2026 5:03,40115.36,41531.715,26.996252,24.928108,1.0178187,26.995615,7.6920357,-52.962303,181.1838,5.4417257,72.48869,115.12654,0.61344266,23.214502,0.027,72,779.5944
7/17/2026 5:33,40006.508,41424.6,26.91869,24.995934,1.017762,26.925991,7.701727,-53.539276,185.03189,5.7002325,75.88902,120.52834,0.5359009,23.207687,0.027,72,779.5944
7/17/2026 6:03,39673.77,41151.914,26.719673,25.20557,1.0176362,26.748743,7.6912813,-52.900314,190.83977,5.8944874,78.26245,124.31647,0.71299624,23.11941,0.027,72,779.5944
7/17/2026 6:33,39683.438,41171.28,26.733366,25.19943,1.0176498,26.761333,7.6896367,-52.80018,178.2179,5.6589246,75.12541,119.335724,0.30917734,23.107965,0.027,72,779.5944
7/17/2026 7:03,39645.49,41092.72,26.677841,25.22355,1.0175945,26.710266,7.7149925,-54.32129,191.38336,5.7238226,76.02764,120.759056,0.18557836,23.15609,0.018,72,779.5944
7/17/2026 7:33,39542.566,40952.168,26.577454,25.289204,1.0175071,26.61891,7.6966414,-53.2341,186.57684,5.7752385,76.723076,121.85501,0.32024905,23.19787,0.027,72,779.5944
7/17/2026 8:03,39501.47,40907.527,26.545322,25.315514,1.0174822,26.589893,7.7265253,-55.01747,198.42148,5.9909663,79.57781,126.38849,0.3828857,23.200438,0.027,72,779.5944
7/17/2026 8:33,39503.367,40916.4,26.551516,25.314299,1.0174891,26.59566,7.7148824,-54.32129,196.71918,6.0674376,80.58431,127.98891,1.5760463,23.191908,0.018,72,779.5944
7/17/2026 9:03,39758.812,41035.168,26.641397,25.151657,1.0175068,26.67286,7.7308655,-55.308342,185.82344,6.258999,83.43689,132.47893,2.830626,23.371523,0.027,72,779.5944
7/17/2026 9:33,39790.88,40987.207,26.60911,25.131388,1.0174545,26.641685,7.7568235,-56.877136,194.80228,6.4103913,85.59102,135.8758,1.4051199,23.471844,0.027,72,779.5944
7/17/2026 10:03,39759.72,40867.22,26.525028,25.151083,1.0173603,26.563692,7.745377,-56.214333,197.0005,6.562314,87.74628,139.27095,1.0352871,23.581152,0.027,72,779.5944
7/17/2026 10:33,39894.492,40841.973,26.511328,25.066116,1.0172924,26.547283,7.7366734,-55.732727,200.19531,6.765259,90.77907,144.03326,1.7230766,23.785408,0.027,72,779.5944
7/17/2026 11:03,40171.83,41384.85,26.896074,24.893066,1.0176728,26.900154,7.744307,-56.1285,186.84863,6.5274615,87.28816,138.57153,0.8960644,23.4654,0.018,72,779.5944
7/17/2026 11:33,40202.85,41373.52,26.889118,24.873857,1.0176526,26.892788,7.7688885,-57.606697,196.3234,6.692656,89.57787,142.19342,0.9948209,23.518581,0.027,72,779.5944
7/17/2026 12:03,40261.586,41277.38,26.824043,24.83757,1.0175493,26.830296,7.7854953,-58.636665,199.83768,6.880865,92.376335,146.58649,0.8986027,23.711576,0.027,71,779.5944
7/17/2026 12:33,40524.586,41568.094,27.033613,24.676378,1.0177145,27.01926,7.794199,-59.15165,160.58922,6.9905415,93.91905,149.04126,0.99229485,23.685677,0.036,71,779.5944
7/17/2026 13:03,40637.387,41583.586,27.0476,24.607882,1.0176903,27.029331,7.8115754,-60.214996,172.32895,7.1572857,96.37528,152.90617,0.6959767,23.80868,0.045,71,779.5944
7/17/2026 13:33,40549.523,41614.62,27.066685,24.661201,1.0177468,27.049503,7.775611,-58.03585,165.99655,6.855729,92.083725,146.13528,0.72519046,23.65998,0.036,71,779.5944
7/17/2026 14:03,40647.55,41526.758,27.008337,24.601728,1.0176371,26.992392,7.802842,-59.70955,166.58783,7.1211,96.00612,152.29825,0.81713563,23.891514,0.036,71,779.5944
7/17/2026 14:33,40610.863,41544.805,27.019865,24.623953,1.0176653,27.004122,7.7816978,-58.431625,170.63141,6.8850265,92.717896,147.09975,0.3687553,23.82302,0.036,71,779.5944
7/17/2026 15:03,40726.523,41613.22,27.07073,24.554024,1.0176862,27.048594,7.8058963,-59.890747,170.39777,7.0727167,95.37602,151.30061,0.676479,23.884398,0.027,71,779.5944
7/17/2026 15:33,40684.285,41623.93,27.076996,24.579515,1.0177097,27.055553,7.7854624,-58.65574,159.4925,6.817474,91.83037,145.69295,0.7638768,23.818085,0.036,71,779.5944
7/17/2026 16:03,40572.01,41476.305,26.971115,24.647533,1.0176184,26.959599,7.79458,-59.20887,171.8998,6.9999356,94.297676,149.59679,0.53678936,23.858501,0.036,71,779.5944
7/17/2026 16:33,40547.81,41518.367,26.999699,24.662245,1.0176634,26.986938,7.776189,-58.09307,169.76357,6.7623267,90.97993,144.3543,0.5494646,23.776094,0.036,71,779.5944
7/17/2026 17:03,40584.387,41570.207,27.03679,24.640018,1.0176964,27.020634,7.725351,-55.05085,179.35275,6.051915,81.41405,129.1805,0.037123583,23.758398,0.036,71,779.5944
7/17/2026 17:33,40582.043,41546.934,27.020536,24.641441,1.017677,27.005507,7.75311,-56.71501,179.80576,6.0587897,81.53578,129.36783,0.17890713,23.784077,0.027,71,779.5944
7/17/2026 18:03,40506.668,41453.73,26.953571,24.687294,1.0176207,26.944925,7.7012014,-53.61557,188.74646,5.847683,78.69195,124.85136,0.036344446,23.803864,0.036,71,779.5944
7/17/2026 18:33,40921.273,41390.41,26.920668,24.437168,1.0174235,26.903767,7.8318396,-61.55014,184.22604,7.172681,97.5279,154.56989,0.7200407,24.406574,0.045,71,779.5944
7/17/2026 19:03,41325.55,41379.08,26.922829,24.198105,1.0172725,26.896402,7.943655,-68.36891,170.20703,8.234877,112.998825,178.9163,1.5804247,24.932274,0.045,71,779.5944
7/17/2026 19:33,41381.98,41533.477,27.032251,24.165108,1.0173907,26.99676,7.925684,-67.26265,182.8432,8.329754,114.12839,180.7462,0.98572224,24.809029,0.054,71,779.5944
7/17/2026 20:03,41183.47,41272.426,26.844786,24.281588,1.0172267,26.827078,7.9409666,-68.19725,194.29684,8.569995,117.45345,185.98512,2.4313402,24.887154,0.054,71,779.5944
7/17/2026 20:33,41220.477,41295.242,26.861639,24.259787,1.0172343,26.841908,7.9457455,-68.48812,183.52985,8.602151,117.94231,186.75296,2.6571193,24.90521,0.054,71,779.5944
7/17/2026 21:03,41181.38,41321.2,26.878849,24.28282,1.0172714,26.85878,7.9386683,-68.04466,196.93375,8.123353,111.22966,176.15096,2.4872653,24.82284,0.045,71,779.5944
7/17/2026 21:33,41120.31,41294.203,26.858482,24.318884,1.0172687,26.841232,7.8873963,-64.959526,195.44125,7.5446973,103.216774,163.4743,2.774509,24.779522,0.036,71,779.5944
7/17/2026 22:03,41059.312,41291.285,26.854942,24.355011,1.0172875,26.839334,7.8734303,-64.10599,196.73825,7.5347877,102.947586,163.07016,1.81414,24.705866,0.045,71,779.5944
7/17/2026 22:33,41096.875,41359.67,26.903667,24.33275,1.0173353,26.883787,7.863627,-63.50994,199.3227,7.364316,100.57906,159.3297,1.702155,24.66733,0.045,71,779.5944
7/17/2026 23:03,41061.76,41392.83,26.925945,24.353558,1.017377,26.905338,7.9025965,-65.82737,203.95755,8.07712,110.16314,174.53966,1.9278113,24.581247,0.045,71,779.5944
7/17/2026 23:33,40785.9,41462.64,26.967464,24.518278,1.0175339,26.950716,7.8833327,-64.57806,178.96176,7.821829,105.898834,167.91574,1.5927094,24.14546,0.036,71,779.5944
7/18/2026 0:03,40717.723,41473.76,26.97337,24.55933,1.0175669,26.957945,7.849266,-62.51812,183.7349,7.4106116,100.15944,158.84346,1.6401281,24.045586,0.036,71,779.5944
7/18/2026 0:33,40741.133,41503.062,26.994421,24.545218,1.0175847,26.976992,7.808325,-60.067177,191.94603,6.8052144,91.977325,145.8692,1.7758595,24.038826,0.036,71,779.5944
7/18/2026 1:03,40711.574,41493.605,26.987022,24.56304,1.0175865,26.970842,7.8313665,-61.440468,183.87794,7.249115,97.92892,155.31502,1.3078638,24.013247,0.036,71,779.5944
7/18/2026 1:33,40580.805,41543.984,27.018452,24.642193,1.0176747,27.00359,7.8169165,-60.52971,167.1505,7.074353,95.20495,151.05534,1.4187367,23.786146,0.027,71,779.5944
7/18/2026 2:03,40406.57,41496.035,26.980133,24.748451,1.0176913,26.972424,7.7963953,-59.27086,187.8786,6.7395563,90.423,143.50839,1.3465068,23.62541,0.036,71,779.5944
7/18/2026 2:33,40423.94,41573.3,27.034327,24.737816,1.0177526,27.022646,7.7781982,-58.169365,188.18855,6.5476003,87.76227,139.30324,1.3598509,23.552534,0.027,71,779.5944
7/18/2026 3:03,40422.855,41592.71,27.047775,24.73848,1.0177698,27.035263,7.743632,-56.09989,196.0802,6.1952863,83.009476,131.76494,1.0797477,23.52741,0.018,71,779.5944
7/18/2026 3:33,40457.62,41607.734,27.059227,24.717222,1.0177715,27.045027,7.693658,-53.11966,188.76076,5.547358,74.366325,118.040085,0.61514634,23.552788,0.027,71,779.5944
7/18/2026 4:03,40362.895,41514.812,26.991909,24.77523,1.0177221,26.984629,7.731195,-55.360794,158.92505,6.008127,80.50419,127.78376,0.87547606,23.54727,0.027,71,779.5944
7/18/2026 4:33,40431.33,41503.31,26.985899,24.733295,1.0176893,26.977152,7.758254,-56.996346,170.40253,6.588613,88.435585,140.34875,1.5046613,23.647709,0.027,71,779.5944
7/18/2026 5:03,40455.105,41486.58,26.97495,24.71876,1.0176667,26.966276,7.741655,-56.01406,189.60953,6.478129,87.02455,138.09726,1.2090436,23.698282,0.027,71,779.5944
7/18/2026 5:33,40456.613,41513.055,26.993402,24.717838,1.0176893,26.983486,7.6942716,-53.17688,184.86977,5.8546743,78.615326,124.75952,0.84991944,23.667625,0.027,71,779.5944
7/18/2026 6:03,40514.38,41595.19,27.05216,24.682594,1.0177417,27.036875,7.715504,-54.4405,204.09106,5.879227,78.93269,125.26929,0.7521032,23.63958,0.027,71,779.5944
7/18/2026 6:33,40106.93,41192.582,26.760727,24.933348,1.0175272,26.775179,7.7339206,-55.537224,191.43582,6.3137865,84.595894,134.26155,0.9843699,23.62013,0.027,71,779.5944
7/18/2026 7:03,40086.83,41172.613,26.746292,24.94585,1.0175166,26.7622,7.7410264,-55.96161,191.77914,6.434273,86.20186,136.81056,0.86088914,23.619291,0.027,71,779.5944
7/18/2026 7:33,40255.094,41311.17,26.847334,24.841578,1.017581,26.85226,7.715038,-54.416656,176.72539,5.79096,77.68622,123.28636,0.7885657,23.661573,0.027,71,779.5944
7/18/2026 8:03,40190.023,41171.895,26.748726,24.881798,1.0174811,26.761732,7.739971,-55.923462,214.3526,5.9649487,80.10157,127.099525,0.901834,23.75141,0.027,71,779.5944
7/18/2026 8:33,40288.53,41224.83,26.788286,24.82096,1.017494,26.796139,7.761798,-57.239532,210.89078,6.377429,85.74977,136.04749,1.051548,23.810892,0.036,71,779.5944
7/18/2026 9:03,40387.66,41222.523,26.789446,24.760038,1.0174584,26.79464,7.7698336,-57.74498,214.22864,6.940553,93.53341,148.36308,0.7828705,23.939651,0.036,71,779.5944
7/18/2026 9:33,40358.797,41148.805,26.737368,24.777746,1.0174035,26.746723,7.830633,-61.392784,208.23479,7.167764,96.66024,153.3079,1.5210327,23.994827,0.036,71,779.5944
7/18/2026 10:03,40338.258,41100.31,26.703074,24.790361,1.0173678,26.7152,7.8153706,-60.486794,198.46439,6.8252716,92.07906,146.03299,1.2321428,24.029253,0.036,71,779.5944
7/18/2026 10:33,40418.66,41160.883,26.7474,24.741047,1.0173936,26.754574,7.7991023,-59.518814,200.23822,6.609504,89.23247,141.5117,1.3413407,24.055902,0.036,71,779.5944
7/18/2026 11:03,40402.9,41178.82,26.759453,24.7507,1.0174148,26.766233,7.8143086,-60.420036,210.22797,6.9190774,93.34874,148.05081,0.8626679,24.01347,0.036,71,779.5944
7/18/2026 11:33,40298.492,41162.805,26.745445,24.814825,1.0174363,26.755823,7.812858,-60.310364,213.04608,6.9023747,92.93178,147.41893,1.1707925,23.90066,0.027,71,779.5944
7/18/2026 12:03,40151.504,41280.438,26.823011,24.905668,1.0175889,26.832285,7.7792645,-58.236122,195.15515,6.776404,90.7437,144.03168,1.088278,23.568172,0.027,71,779.5944
7/18/2026 12:33,40199.88,41336.402,26.863268,24.875696,1.0176213,26.868662,7.7478375,-56.357384,200.04272,6.2041836,83.088936,131.8835,1.0190458,23.560497,0.027,71,779.5944
7/18/2026 13:03,40261.26,41386.375,26.899748,24.83777,1.0176444,26.901144,7.76423,-57.33967,211.4582,6.7229824,90.081535,142.97858,0.70160675,23.57667,0.027,71,779.5944
7/18/2026 13:33,40160.086,41458.594,26.946892,24.900345,1.0177407,26.948086,7.750472,-56.476593,172.92499,6.539662,87.314384,138.63821,1.1151876,23.360176,0.027,71,779.5944
7/18/2026 14:03,39775.297,41168.31,26.734114,25.141233,1.0176167,26.759401,7.737946,-55.704117,171.51355,6.4042444,85.20234,135.31512,0.83338445,23.228432,0.018,71,779.5944
7/18/2026 14:33,39938.105,41431.42,26.92131,25.038744,1.0177902,26.930426,7.727437,-55.05562,181.92767,6.265675,83.27807,132.285,0.84494096,23.112926,0.027,71,779.5944
7/18/2026 15:03,39953.29,41488.242,26.961128,25.029228,1.0178342,26.967358,7.7205563,-54.636,179.85344,6.1774044,82.05078,130.34648,0.5019089,23.06297,0.018,71,779.5944
7/18/2026 15:33,39871.11,41499.844,26.966589,25.080816,1.017871,26.974897,7.7125216,-54.135323,183.32481,5.954527,78.92749,125.40963,0.5790653,22.945192,0.027,71,779.5944
7/18/2026 16:03,39771.83,41425.914,26.912294,25.143425,1.0178398,26.926846,7.6991906,-53.334236,175.3807,5.8973675,78.09566,124.09531,0.33293256,22.909487,0.027,71,779.5944
7/18/2026 16:33,39821.906,41459.426,26.937067,25.111807,1.0178523,26.948626,7.6748033,-51.88465,193.51006,5.6751037,75.19328,119.47885,0.11997172,22.932096,0.018,71,779.5944
7/18/2026 17:03,39916.66,41473.086,26.949495,25.052197,1.0178332,26.957504,7.6765795,-52.00863,200.97256,5.749939,76.33018,121.264366,0.34533218,23.035154,0.027,71,779.5944
7/18/2026 17:33,39980.07,41482.438,26.95794,25.012463,1.0178205,26.963585,7.6907682,-52.866936,205.96504,5.9486966,79.06895,125.60084,0.11800371,23.103825,0.018,71,779.5944
7/18/2026 18:03,39870.387,41285.305,26.818033,25.081272,1.0176865,26.83545,7.6802335,-52.256584,202.20757,5.713138,76.014,120.727234,0.49807775,23.20567,0.027,71,779.5944
7/18/2026 18:33,39913.49,41169.863,26.739326,25.054188,1.0175723,26.760412,7.7149553,-54.364204,198.28796,6.2148976,82.940704,131.68419,0.38307285,23.40226,0.027,71,779.5944
7/18/2026 19:03,39718.36,40927.395,26.565535,25.177273,1.0174267,26.602806,7.7631917,-57.253838,181.42224,6.1819625,82.49325,130.96225,0.59683025,23.453354,0.009,71,779.5944
7/18/2026 19:33,40063.395,41126.164,26.713375,24.960442,1.017484,26.732008,7.8492327,-62.43229,178.69473,6.98163,93.563,148.48625,3.1082525,23.64703,0.027,71,779.5944
7/18/2026 20:03,39933.832,40982.918,26.610256,25.041424,1.0174024,26.638897,7.8162303,-60.46295,196.22327,7.165766,95.995316,152.34297,4.4189076,23.659782,0.027,71,779.5944
7/18/2026 20:33,39937.984,41007.457,26.6274,25.03882,1.0174226,26.654846,7.784713,-58.574677,199.008,6.3806286,85.4477,135.61003,2.4723172,23.634558,0.027,71,779.5944
7/18/2026 21:03,39999.82,41094.203,26.689363,25.000113,1.0174775,26.711231,7.7156878,-54.445267,205.03522,6.041815,80.89808,128.39598,1.7888889,23.605705,0.027,71,779.5944
7/18/2026 21:33,39780.66,40877.207,26.532541,25.137844,1.0173621,26.570185,7.7314434,-55.384636,209.3935,6.092608,81.49001,129.33774,2.072115,23.595528,0.027,71,779.5944
7/18/2026 22:03,39543.02,40641.457,26.362331,25.288914,1.0172366,26.416946,7.7448864,-56.185722,206.33698,6.1307325,81.90438,129.99782,1.7864827,23.584948,0.036,71,779.5944
7/18/2026 22:33,39616.4,40700.68,26.40547,25.242073,1.0172634,26.455442,7.7513666,-56.57673,204.50116,6.297617,84.18479,133.61253,2.6750882,23.605217,0.027,71,779.5944
7/18/2026 23:03,39547.742,40640.645,26.361904,25.285894,1.0172342,26.41642,7.7688894,-57.621002,206.48003,6.462013,86.34078,137.03752,2.0725892,23.592049,0.018,71,779.5944
7/18/2026 23:33,39777.246,40875.16,26.53103,25.140001,1.0173614,26.568855,7.759066,-57.034492,202.45552,6.418054,85.839424,136.2414,2.5370224,23.593708,0.027,71,779.5944
7/19/2026 0:03,39775.785,40871.703,26.528593,25.140924,1.0173588,26.566607,7.7562647,-56.8676,218.58691,6.317855,84.50165,134.11757,1.7250435,23.596148,0.027,71,779.5944
7/19/2026 0:33,39612.5,41034.895,26.63682,25.244556,1.0175554,26.672682,7.735125,-55.527687,211.98749,6.0168858,79.94274,126.97136,1.6977812,23.185183,0.027,71,779.5944
7/19/2026 1:03,39662.777,41131.594,26.705273,25.212557,1.0176222,26.735537,7.7037196,-53.64418,215.82603,5.996242,79.62221,126.47403,1.6715668,23.130354,0.018,71,779.5944
7/19/2026 1:33,39694.316,41239.496,26.780905,25.192524,1.0177048,26.805674,7.698881,-53.339005,214.58148,5.9651475,79.11447,125.68706,1.3527794,23.038301,0.018,71,779.5944
7/19/2026 2:03,39594.227,41312.848,26.828468,25.256207,1.0178006,26.853352,7.6491985,-50.3397,208.42552,5.4156084,71.56936,113.74151,0.68140537,22.821981,0.018,71,779.5944
7/19/2026 2:33,39605.805,41308.523,26.82585,25.248825,1.017793,26.85054,7.6547427,-50.673485,205.27362,5.6856627,75.163864,119.4501,0.9042718,22.841908,0.018,71,779.5944
7/19/2026 3:03,39662.938,41422.035,26.906134,25.212454,1.0178717,26.924324,7.660373,-50.997734,189.51416,5.407225,71.43291,113.533226,0.68224955,22.77656,0.018,71,779.5944
7/19/2026 3:33,39623.875,41430.312,26.910591,25.23731,1.0178914,26.929703,7.6408515,-49.824715,201.41125,5.210933,68.768555,109.30936,0.70943546,22.717182,0.018,71,779.5944
7/19/2026 4:03,39513.695,41362.465,26.860134,25.307682,1.017869,26.885603,7.626281,-48.947334,207.26682,5.192783,68.43873,108.7954,0.25851274,22.659857,0.018,71,779.5944
7/19/2026 4:33,39561.6,41446.28,26.919575,25.277035,1.017925,26.940083,7.592119,-46.90647,199.71371,4.954764,65.276825,103.775925,0.5948129,22.619226,0.018,71,779.5944
7/19/2026 5:03,39602.27,41431.184,26.91049,25.251078,1.017899,26.93027,7.6375694,-49.624443,211.19595,5.3960366,71.17521,113.14009,0.45950872,22.688826,0.018,71,779.5944
7/19/2026 5:33,39526.78,41262.76,26.791704,25.299303,1.0177796,26.820797,7.610773,-48.046112,200.1667,5.1358757,67.82827,107.80042,0.6692281,22.797312,0.018,71,779.5944
7/19/2026 6:03,39485.855,41264.543,26.79161,25.325525,1.0177944,26.821953,7.5828238,-46.372414,207.48615,4.511283,59.52189,94.60746,0.12849538,22.743217,0.018,71,779.5944
7/19/2026 6:33,39430.152,41177.094,26.729427,25.361301,1.0177376,26.76511,7.576567,-46.00525,205.54543,4.8531528,64.05015,101.79892,0.12202879,22.77879,0.018,71,779.5944
7/19/2026 7:03,39487.6,41208.758,26.75314,25.324404,1.0177462,26.785692,7.5766373,-46.014786,227.12708,4.5836353,60.53875,96.212524,0.0356269,22.813257,0.018,71,779.5944
7/19/2026 7:33,39409.766,41061.46,26.64891,25.374422,1.0176452,26.68995,7.607469,-47.864914,180.33028,4.996072,66.041336,104.94353,0.17042245,22.89398,0.027,71,779.5944
7/19/2026 8:03,39199.906,40777.293,26.446058,25.510265,1.0174696,26.505241,7.6300464,-49.2239,191.22601,5.18723,68.58634,108.97294,0.037572727,22.974716,0.018,71,779.5944
7/19/2026 8:33,39185.688,40701.066,26.392967,25.519522,1.0174085,26.455692,7.636711,-49.63398,215.11554,5.4408984,72.01568,114.40701,0.14715032,23.050684,0.018,71,779.5944
7/19/2026 9:03,39113.137,40494.594,26.248123,25.566858,1.017254,26.321486,7.65911,-50.997734,217.1421,5.801313,76.94497,122.20412,0.70952207,23.213896,0.018,71,779.5944
7/19/2026 9:33,39200.938,40468.816,26.232906,25.509594,1.017202,26.304731,7.683693,-52.490234,208.76407,5.9383526,78.95978,125.372826,0.42842534,23.359697,0.027,71,779.5944
7/19/2026 10:03,39090.13,40234.605,26.067709,25.581905,1.0170351,26.152493,7.7176566,-54.545403,214.87714,6.3289614,84.29863,133.81514,0.36152285,23.510727,0.027,71,779.5944
7/19/2026 10:33,39357.824,40547.87,26.292189,25.40791,1.0172178,26.356117,7.6887355,-52.809715,207.44324,5.705908,76.03455,120.706635,0.40275294,23.463394,0.027,71,779.5944
7/19/2026 11:03,39517.754,40670.98,26.382055,25.305082,1.0172709,26.436138,7.7352066,-55.594444,195.98961,6.146777,82.02724,130.20847,0.13769548,23.515444,0.027,71,779.5944
7/19/2026 11:33,39593.367,40580.75,26.321682,25.256756,1.0171663,26.377487,7.739652,-55.89962,203.03726,6.3809104,85.43924,135.57497,0.74439025,23.72611,0.027,71,779.5944
7/19/2026 12:03,39516.9,40610.445,26.340097,25.30563,1.0172184,26.39679,7.715656,-54.4405,211.39145,6.2896476,84.02442,133.36153,0.43939143,23.590172,0.036,71,779.5944
7/19/2026 12:33,39545.945,40719.52,26.416494,25.287043,1.0173038,26.46769,7.7884607,-58.77018,207.06177,6.736127,89.87103,142.66557,1.9009024,23.49105,0.027,71,779.5944
7/19/2026 13:03,39630.1,41070.926,26.662292,25.233345,1.0175807,26.696102,7.689232,-52.785873,218.7872,5.573994,74.04027,117.600975,0.55980635,23.163277,0.027,71,779.5944
7/19/2026 13:33,39924.008,41253.45,26.79758,25.047586,1.0176412,26.814741,7.74551,-56.171417,189.36633,6.5450096,87.2374,138.5272,0.45124543,23.312767,0.027,71,779.5944
7/19/2026 14:03,39924.797,41284.293,26.818975,25.04709,1.0176677,26.834791,7.789015,-58.760643,192.57068,6.7385073,89.76878,142.55586,0.72541076,23.275911,0.027,71,779.5944
7/19/2026 14:33,39983.53,41286.766,26.822456,25.010298,1.0176502,26.836397,7.795328,-59.15165,159.64984,7.0273113,93.73661,148.83873,0.7786042,23.347359,0.027,71,779.5944
7/19/2026 15:03,40138.492,41422.46,26.921177,24.91374,1.0177165,26.924599,7.786123,-58.608055,169.83986,6.837924,91.310425,144.97893,0.64091367,23.377125,0.027,71,779.5944
7/19/2026 15:33,40192.02,41394.594,26.90343,24.880562,1.0176744,26.906487,7.80982,-60.043335,151.69144,7.0562954,94.38682,149.83727,0.7634014,23.478981,0.027,71,779.5944
7/19/2026 16:03,40096.773,41342.61,26.86455,24.939663,1.0176612,26.872696,7.791324,-58.927536,151.48163,6.9809923,93.26506,148.07095,0.5855846,23.422281,0.027,71,779.5944
7/19/2026 16:33,40186.86,41359.617,26.879002,24.883757,1.0176458,26.88375,7.812092,-60.186386,161.59058,7.1005816,95.02699,150.84402,0.60478896,23.515436,0.027,71,779.5944
7/19/2026 17:03,40382.02,41431.258,26.934408,24.763496,1.017643,26.930317,7.838525,-61.798096,177.55984,7.3823195,99.10582,157.27538,1.0805645,23.674095,0.027,71,779.5944
7/19/2026 17:33,40128.242,41397.668,26.903677,24.920105,1.0176983,26.908484,7.7659373,-57.406425,170.27377,6.753057,90.19591,143.20508,0.5994251,23.394547,0.027,71,779.5944
7/19/2026 18:03,40265.758,41234.18,26.794144,24.834997,1.0175099,26.802216,7.8933907,-65.09781,168.81943,7.998053,107.467384,170.51602,1.4385238,23.77037,0.027,71,779.5944
7/19/2026 18:33,40090.75,41426.78,26.922743,24.943409,1.0177361,26.927408,7.74096,-55.89962,144.85837,6.4357266,85.840645,136.30956,0.4343226,23.311499,0.027,71,779.5944
7/19/2026 19:03,40268.594,41259.215,26.811628,24.833248,1.0175309,26.81849,7.869398,-63.65776,177.145,7.2461376,97.32701,154.43393,0.4170472,23.742949,0.027,71,779.5944
7/19/2026 19:33,40303.7,41285.695,26.831013,24.811619,1.0175422,26.835703,7.8001113,-59.518814,191.0162,6.5403695,87.87538,139.43369,0.2130531,23.754692,0.036,71,779.5944
7/19/2026 20:03,40294.27,41131.93,26.72386,24.817425,1.0174106,26.735756,7.87286,-63.905716,183.93039,7.879015,106.12949,168.34479,1.7075615,23.933758,0.036,71,779.5944
7/19/2026 20:33,40271.13,41079.094,26.68649,24.831686,1.017372,26.701412,7.8708158,-63.791275,186.30505,7.8867793,106.27944,168.57176,0.8085566,23.970234,0.036,71,779.5944
7/19/2026 21:03,40194.617,40993.81,26.625097,24.878954,1.0173231,26.645975,7.9021907,-65.67001,184.04007,7.9248605,106.77198,169.35027,1.2199432,23.979296,0.036,71,779.5944
7/19/2026 21:33,40220.234,41044.633,26.661123,24.863108,1.0173591,26.67901,7.900471,-65.56034,185.17494,7.7385826,104.22718,165.32303,1.0327656,23.94841,0.027,71,779.5944
7/19/2026 22:03,40112.773,40928.39,26.57738,24.929714,1.0172937,26.603455,7.8888016,-64.86416,188.5891,7.868369,105.939644,168.03685,1.2802697,23.956654,0.027,71,779.5944
7/19/2026 22:33,39893.867,40815.18,26.492706,25.06651,1.0172693,26.529867,7.869128,-63.65776,180.36842,7.3313775,98.42189,156.15065,1.3198279,23.81818,0.036,71,779.5944
7/19/2026 23:03,39857.02,40823.4,26.497389,25.089684,1.0172889,26.53521,7.8493915,-62.465668,162.7779,7.0626044,94.720184,150.29292,1.0961418,23.760618,0.027,71,779.5944
7/19/2026 23:33,39924.85,40864.355,26.527708,25.047056,1.0173017,26.56183,7.8361845,-61.683655,202.775,6.887063,92.440094,146.66588,0.71522,23.796293,0.036,71,779.5944
7/20/2026 0:03,39661.28,40706.74,26.410946,25.213507,1.0172535,26.459381,7.8255024,-61.016083,216.36487,7.2137947,96.520485,153.1776,1.0780965,23.655357,0.027,71,779.5944
7/20/2026 0:33,39651.89,40739.234,26.433207,25.219479,1.0172851,26.480503,7.861122,-63.13324,199.3084,7.133829,95.37392,151.37189,1.2768636,23.602602,0.027,71,779.5944
7/20/2026 1:03,39611.31,40735.633,26.429548,25.245316,1.0172957,26.47816,7.873745,-63.877106,191.13065,7.186322,95.99278,152.36671,0.96268845,23.554947,0.027,71,779.5944
7/20/2026 1:33,39982.43,41206.125,26.766508,25.010986,1.0175807,26.783981,7.792446,-58.99906,183.72058,6.8333955,91.27856,144.91139,1.6126844,23.445187,0.036,71,779.5944
7/20/2026 2:03,39873.13,41191.812,26.75334,25.079546,1.0176047,26.77468,7.78558,-58.56514,212.64554,6.541378,87.184006,138.43979,1.2963182,23.323914,0.027,71,779.5944
7/20/2026 2:33,39932.62,41251.812,26.79671,25.042183,1.0176369,26.813679,7.769037,-57.578087,208.59718,6.3196735,84.25279,133.78488,1.4383601,23.325708,0.027,71,779.5944
7/20/2026 3:03,39969.02,41290.047,26.824293,25.019379,1.017658,26.838531,7.701452,-53.544044,209.18369,5.567707,74.238464,117.88332,0.5736205,23.324928,0.027,71,779.5944
7/20/2026 3:33,39963.832,41344.9,26.86216,25.022625,1.0177072,26.874186,7.7413907,-55.913925,211.94458,6.4584603,86.02182,136.61134,1.4014655,23.251122,0.027,71,779.5944
7/20/2026 4:03,39816.67,41286.426,26.817167,25.115108,1.0177052,26.836178,7.721529,-54.707527,215.97385,5.7997274,77.070595,122.419785,0.9652333,23.13618,0.027,71,779.5944
7/20/2026 4:33,39868.66,41383.133,26.885723,25.082357,1.0177715,26.899036,7.6866703,-52.61898,205.43576,5.640808,74.91888,119.01245,0.67924964,23.083961,0.027,71,779.5944
7/20/2026 5:03,39877.33,41434.176,26.921333,25.076906,1.0178125,26.932215,7.711693,-54.101944,188.94672,5.8494244,77.63502,123.33784,0.62838227,23.032776,0.027,71,779.5944
7/20/2026 5:33,39871.992,41428.215,26.917042,25.080261,1.0178092,26.928339,7.6673884,-51.460266,193.07614,5.1669707,68.57619,108.94609,0.7007993,23.03328,0.027,71,779.5944
7/20/2026 6:03,39789.945,41334.69,26.849749,25.131977,1.0177555,26.86755,7.655044,-50.725937,202.384,5.3779078,71.36075,113.36795,0.27831313,23.043367,0.018,71,779.5944
7/20/2026 6:33,39797.51,41356.938,26.86538,25.1272,1.0177722,26.88201,7.654215,-50.673485,184.22127,5.3488846,70.95994,112.73453,0.18622038,23.025837,0.027,71,779.5944
7/20/2026 7:03,39808.81,41357.71,26.866274,25.120068,1.0177691,26.882513,7.643141,-50.01545,221.75789,4.6274905,61.404594,97.55171,0.2364124,23.039196,0.018,71,779.5944
7/20/2026 7:33,39608.098,41202.906,26.752907,25.247362,1.0177016,26.78189,7.6811604,-52.27089,175.46176,5.1308646,67.96002,107.978035,0.036179166,22.973495,0.018,71,779.5944
7/20/2026 8:03,39338.47,40919.2,26.548395,25.42041,1.0175462,26.597479,7.6801887,-52.21367,215.88803,5.575729,73.77037,117.209015,0.037165742,22.977457,0.018,71,779.5944
7/20/2026 8:33,39245.46,40836.523,26.488379,25.480654,1.0175055,26.543741,7.6684017,-51.50795,196.92899,5.489488,72.5817,115.32377,0.1460013,22.960121,0.018,71,779.5944
7/20/2026 9:03,39245.96,40829.266,26.483383,25.48033,1.0174992,26.539022,7.712366,-54.130554,207.61014,5.854232,77.41538,123.00194,0.035199042,22.969704,0.018,71,779.5944
7/20/2026 9:33,39188.496,40728.234,26.411816,25.517693,1.0174311,26.473352,7.732923,-55.365562,205.08766,5.733677,75.858696,120.51826,0.19592522,23.020672,0.009,71,779.5944
7/20/2026 10:03,39076.953,40466.605,26.227692,25.590532,1.017242,26.303295,7.745782,-56.16665,201.2396,6.361263,84.34419,133.95827,0.033180073,23.202059,0.027,71,779.5944
7/20/2026 10:33,38944.52,40290.88,26.102348,25.677553,1.0171338,26.189072,7.7641673,-57.27291,186.75804,6.438691,85.38239,135.59601,0.038335975,23.250473,0.027,71,779.5944
7/20/2026 11:03,39491.934,40483.03,26.251102,25.321627,1.0171152,26.31397,7.852892,-62.66594,225.70132,7.04417,94.26883,149.58783,0.035851646,23.718227,0.027,71,779.5944
7/20/2026 11:33,39755.434,40526.22,26.288305,25.153795,1.0170623,26.342043,7.8926134,-65.10258,219.27834,7.6790686,103.30579,163.84534,0.1752778,24.004217,0.027,71,779.5944
7/20/2026 12:03,39676.78,40443.844,26.22899,25.203657,1.0170169,26.2885,7.832823,-61.5263,215.55423,6.7895155,91.31216,144.82246,0.035154704,24.007011,0.036,71,779.5944
7/20/2026 12:33,39615.484,40599.94,26.335608,25.242655,1.0171754,26.389961,7.829233,-61.2545,206.00319,6.544179,87.639,139.06448,1.1329013,23.730486,0.036,71,779.5944
7/20/2026 13:03,39638.918,40767.66,26.45254,25.227732,1.0173143,26.49898,7.825864,-61.016083,215.15846,6.682785,89.27144,141.69919,0.1683925,23.550407,0.027,71,779.5944
7/20/2026 13:33,39674.777,40914.29,26.555174,25.204931,1.01743,26.594288,7.75086,-56.50997,211.27701,5.9056754,78.74675,125.02296,0.25402188,23.413858,0.027,71,779.5944
7/20/2026 14:03,39778.04,40881.82,26.535671,25.1395,1.017367,26.573183,7.851761,-62.57057,214.53857,7.4676604,99.867325,158.50801,0.84426,23.586422,0.027,71,779.5944
7/20/2026 14:33,40296.24,41197.742,26.769674,24.816212,1.0174679,26.778532,7.8840714,-64.55898,170.25948,7.9094872,106.41946,168.8284,0.93855065,23.854328,0.027,71,779.5944
7/20/2026 15:03,40398.035,41262.55,26.817566,24.75368,1.01749,26.820658,7.8948975,-65.21702,203.16602,7.86398,105.9269,168.03255,0.28722087,23.903059,0.036,71,779.5944
7/20/2026 15:33,40400.867,41255.492,26.812733,24.751944,1.0174829,26.81607,7.8941345,-65.1741,195.90378,7.9102826,106.57076,169.05023,0.33905143,23.915424,0.036,71,779.5944
7/20/2026 16:03,40478.184,41331.97,26.868078,24.704666,1.0175236,26.86578,7.9231453,-66.90979,180.83096,8.258879,111.30859,176.56476,0.7998852,23.918493,0.027,71,779.5944
7/20/2026 16:33,40494.63,41370.246,26.895164,24.694633,1.0175518,26.89066,7.9152718,-66.43295,184.96991,8.0620575,108.621994,172.3112,0.92261,23.891863,0.036,71,779.5944
7/20/2026 17:03,40534.46,41431.047,26.938572,24.670366,1.0175915,26.930182,7.8770075,-64.139366,189.90994,7.6396074,102.91082,163.25851,0.95156986,23.866995,0.036,71,779.5944
7/20/2026 17:33,40476.734,41344.594,26.876825,24.705551,1.0175353,26.873985,7.8974566,-65.369606,174.01695,7.896473,106.397026,168.77893,0.6614353,23.901003,0.027,71,779.5944
7/20/2026 18:03,40446.625,41304.023,26.847761,24.723942,1.0175099,26.847614,7.9099298,-66.11824,172.15729,8.044724,108.399574,171.9519,0.6075217,23.913181,0.027,71,779.5944
7/20/2026 18:33,40505.887,41341.23,26.875282,24.687769,1.0175225,26.8718,7.8898115,-64.92138,175.04692,7.759602,104.62716,165.95932,0.774158,23.942091,0.027,71,779.5944
7/20/2026 19:03,40524.42,41409.14,26.923056,24.676477,1.0175759,26.915941,7.8403544,-61.950684,176.38684,7.180922,96.747955,153.47777,0.30707377,23.881395,0.036,71,779.5944
7/20/2026 19:33,40513.63,41375.992,26.899689,24.683052,1.0175503,26.894396,7.844485,-62.203407,179.35275,6.8272176,92.01445,145.96167,0.55372876,23.908789,0.027,71,779.5944
7/20/2026 20:03,40326.074,41072.184,26.683174,24.797852,1.0173471,26.696918,7.868142,-63.648224,198.0257,7.060915,95.279976,151.10425,0.105772614,24.048908,0.018,71,779.5944
7/20/2026 20:33,40452.195,40963.656,26.610949,24.720537,1.0172075,26.626377,7.9683514,-69.71359,197.26753,8.445983,114.51705,181.51544,1.0420119,24.346298,0.036,71,779.5944
7/20/2026 21:03,40395.37,40922.438,26.580767,24.755312,1.0171908,26.599585,7.9667597,-69.61346,146.53683,8.806514,119.34192,189.17012,1.3457518,24.325676,0.036,71,779.5944
7/20/2026 21:33,40385.14,40870.473,26.54431,24.761583,1.0171481,26.565807,8.067736,-75.67406,166.75949,9.37157,127.08944,201.43164,1.1759677,24.37828,0.036,71,779.5944
7/20/2026 22:03,40355.805,40744.168,26.455564,24.779583,1.017046,26.48371,8.029576,-73.41862,180.01556,8.681661,117.92598,186.86627,0.55830944,24.500957,0.045,71,779.5944
7/20/2026 22:33,40399.03,40762.312,26.469301,24.753069,1.017047,26.495502,8.029443,-73.41862,190.49644,8.504351,115.59169,183.1565,0.6962965,24.533394,0.036,71,779.5944
7/20/2026 23:03,40463.082,40861.176,26.53982,24.713886,1.0171126,26.559765,7.9852967,-70.762634,204.72527,8.1569605,110.830574,175.62637,0.49843988,24.489918,0.045,71,779.5944
7/20/2026 23:33,40331.992,40793.055,26.48902,24.794212,1.017098,26.515486,7.98379,-70.65296,211.59172,7.7949896,105.73102,167.57034,0.47621325,24.408249,0.036,71,779.5944
7/21/2026 0:03,40131.3,40651.633,26.385399,24.918205,1.0170424,26.423561,7.980677,-70.44792,209.28383,8.198481,110.986275,175.92415,0.11381833,24.329853,0.036,71,779.5944
7/21/2026 0:33,40095.63,40661.324,26.391214,24.940374,1.0170634,26.429861,7.9938087,-71.2204,203.66193,8.240581,111.446175,176.67169,0.42610294,24.271605,0.045,71,779.5944
7/21/2026 1:03,40105.297,40693.996,26.414192,24.934362,1.0170891,26.451097,7.9599166,-69.1843,203.57132,7.6988153,104.08015,165.00322,1.0561676,24.24259,0.036,71,779.5944
7/21/2026 1:33,40065.113,40693.883,26.413057,24.95937,1.017103,26.451025,7.956293,-68.95542,200.8152,7.34259,99.174164,157.24007,1.1099923,24.191038,0.036,71,779.5944
7/21/2026 2:03,39917.758,40583.812,26.332644,25.051508,1.0170567,26.379478,7.985728,-70.705414,204.40102,7.9939814,107.827644,170.97551,1.029908,24.140741,0.036,71,779.5944
7/21/2026 2:33,40232.637,41128.234,26.71959,24.855442,1.0174283,26.733353,7.9047055,-65.79399,207.06653,7.199098,96.8431,153.63455,1.0853249,23.859907,0.027,71,779.5944
7/21/2026 3:03,40231.31,41222.824,26.78528,24.856264,1.0175116,26.794836,7.848185,-62.389374,224.8764,6.812677,91.487335,145.16838,1.0098206,23.740704,0.027,71,779.5944
7/21/2026 3:33,40231.258,41227.47,26.788507,24.856295,1.0175158,26.797855,7.878602,-64.20612,214.3526,7.0839252,95.12199,150.93723,1.2601566,23.734882,0.027,71,779.5944
7/21/2026 4:03,40005.562,41257.67,26.802933,24.996525,1.0176178,26.817488,7.827062,-61.059,222.6162,6.45517,86.192375,136.84474,1.035781,23.41107,0.027,71,779.5944
7/21/2026 4:33,40277.465,41481.45,26.966236,24.82778,1.0177215,26.962942,7.817561,-60.505867,215.51132,6.470629,86.586174,137.45357,1.1986667,23.480387,0.027,71,779.5944
7/21/2026 5:03,40017.176,41347.227,26.865376,24.98927,1.0176916,26.875696,7.794635,-59.103966,201.0727,6.3454986,84.615845,134.36368,0.9428784,23.31582,0.027,71,779.5944
7/21/2026 5:33,39957.957,41325.55,26.848568,25.026304,1.0176923,26.861609,7.7661104,-57.39212,203.14217,5.9560122,79.3462,126.00629,0.87423253,23.267372,0.027,71,779.5944
7/21/2026 6:03,39876.906,41262.707,26.802576,25.077171,1.0176649,26.820759,7.7228007,-54.802895,198.96507,5.943925,79.1281,125.66545,0.68964636,23.24163,0.027,71,779.5944
7/21/2026 6:33,39910.75,41301.062,26.830173,25.055906,1.0176867,26.845692,7.752302,-56.562424,155.08176,6.231516,82.96375,131.75784,0.8723438,23.237543,0.027,71,779.5944
7/21/2026 7:03,39979.527,41360.98,26.873777,25.012802,1.0177159,26.884638,7.695921,-53.20072,203.05634,5.417475,72.16172,114.600075,0.26322103,23.251314,0.018,71,779.5944
7/21/2026 7:33,39981.723,41362.633,26.87499,25.011429,1.0177166,26.885712,7.6949596,-53.1435,204.57745,5.4724874,72.89598,115.76598,0.2940239,23.25207,0.027,71,779.5944
7/21/2026 8:03,39895.113,41160.68,26.732418,25.065727,1.0175704,26.754442,7.7426286,-56.01406,212.73135,5.9857354,79.86238,126.79936,0.13691339,23.390213,0.027,71,779.5944
7/21/2026 8:33,39877.164,41102.62,26.69164,25.07701,1.0175259,26.716705,7.730335,-55.28927,205.83153,5.874219,78.42382,124.504875,0.28175136,23.439028,0.027,70,779.5944
7/21/2026 9:03,39869.426,41060.637,26.662304,25.081877,1.0174919,26.689413,7.771326,-57.74498,223.68431,6.1197643,81.74882,129.7742,0.038724873,23.4811,0.027,70,779.5944
7/21/2026 9:33,39761.805,40944.484,26.57865,25.149763,1.0174271,26.613914,7.7545366,-56.74362,215.02972,5.887913,78.62321,124.81096,0.26979172,23.4877,0.018,70,779.5944
7/21/2026 10:03,39661.953,40797.258,26.473715,25.21308,1.0173324,26.518219,7.769448,-57.644844,216.67957,6.134647,81.94847,130.07722,0.035605066,23.543037,0.027,70,779.5944
7/21/2026 10:33,39648.7,40789.223,26.46776,25.221508,1.0173298,26.512995,7.7734623,-57.883263,205.2021,6.232943,83.248344,132.14212,0.5118517,23.53605,0.027,70,779.5944
7/21/2026 11:03,39769.305,40896.73,26.545755,25.145021,1.0173829,26.582874,7.7935915,-59.08966,217.60464,6.177113,82.56975,131.0603,0.062928274,23.55667,0.027,70,779.5944
7/21/2026 11:33,39798.69,40914.895,26.559198,25.126453,1.0173888,26.59468,7.7652035,-57.39689,229.96426,6.024439,80.556656,127.86164,0.36064398,23.57167,0.027,70,779.5944
7/21/2026 12:03,39714.63,40835.863,26.501986,25.179638,1.0173483,26.543312,7.763637,-57.30152,225.0433,6.0698333,81.12367,128.76369,0.46027073,23.562458,0.027,70,779.5944
7/21/2026 12:33,39770.96,40880.633,26.53465,25.143974,1.0173682,26.57241,7.7836194,-58.498383,213.51337,6.280742,83.98251,133.2976,0.30103007,23.578836,0.027,70,779.5944
7/21/2026 13:03,39824.465,40911.434,26.557539,25.110193,1.017377,26.592432,7.8212724,-60.753822,220.38937,6.5007544,86.98213,138.0514,0.12786561,23.608963,0.027,70,779.5944
7/21/2026 13:33,39879.363,40899,26.550476,25.075626,1.0173476,26.58435,7.8662996,-63.462257,219.24973,6.868637,92.03985,146.05684,0.5750351,23.694735,0.027,70,779.5944
7/21/2026 14:03,39790.285,40791.473,26.47336,25.131763,1.0172838,26.514458,7.858329,-62.99019,214.75792,6.9741282,93.44548,148.28215,0.35284463,23.714972,0.027,70,779.5944
7/21/2026 14:33,39723.227,41005.625,26.61988,25.174189,1.0174931,26.653656,7.7850523,-58.541298,210.3281,6.267885,83.53177,132.6316,0.32443133,23.36263,0.027,70,779.5944
7/21/2026 15:03,39728.727,41268.688,26.802174,25.170704,1.0177188,26.824648,7.744198,-56.04267,223.62709,5.8521585,77.63639,123.33722,0.33114362,23.046309,0.027,70,779.5944
7/21/2026 15:33,39727.94,41261.594,26.797237,25.171202,1.0177128,26.820036,7.735537,-55.527687,225.75854,5.8018246,76.97696,122.28801,0.5690368,23.053976,0.009,70,779.5944
7/21/2026 16:03,39687.51,41240.957,26.781704,25.196842,1.0177085,26.806622,7.7654486,-57.30629,217.5188,6.1256313,81.22817,129.0473,0.55051196,23.027878,0.018,70,779.5944
7/21/2026 16:33,39737.418,41376.156,26.876793,25.165197,1.0178083,26.8945,7.742018,-55.890083,210.36624,6.0998354,80.78455,128.3644,0.5421651,22.926395,0.018,70,779.5944
7/21/2026 17:03,39661.934,41472.004,26.940636,25.213093,1.0179148,26.956802,7.7152295,-54.25453,198.83156,5.902653,77.90741,123.83625,0.51108557,22.714891,0.009,70,779.5944
7/21/2026 17:33,39636.78,41427.285,26.90892,25.229092,1.0178846,26.927736,7.6980305,-53.2341,210.59512,5.6960626,75.19684,119.52332,0.51682305,22.73715,0.018,70,779.5944
7/21/2026 18:03,39573.86,41365.74,26.864359,25.269205,1.0178524,26.88773,7.707092,-53.772926,216.69864,5.7648544,76.07849,120.92571,0.3416172,22.732042,0.018,70,779.5944
7/21/2026 18:33,39661.91,41420.44,26.904999,25.213108,1.0178708,26.923286,7.704713,-53.639412,205.17825,5.6213703,74.26215,118.02983,0.5295194,22.77719,0.018,70,779.5944
7/21/2026 19:03,39663.617,41380.08,26.877153,25.212023,1.0178356,26.89705,7.667506,-51.431656,214.02359,5.2382913,69.25331,110.05959,0.03834225,22.828253,0.018,70,779.5944
7/21/2026 19:33,39651.66,41324.895,26.838629,25.219625,1.0177922,26.861181,7.6526327,-50.554276,216.36963,4.927606,65.19172,103.59582,0.1545146,22.880117,0.018,70,779.5944
7/21/2026 20:03,39537.66,41298.55,26.81677,25.292341,1.0178066,26.844057,7.667443,-51.41735,209.29337,5.0262113,66.354454,105.46326,0.090050764,22.767641,0.018,70,779.5944
7/21/2026 20:33,39450.812,41316.977,26.826675,25.34802,1.0178505,26.856035,7.6462884,-50.13466,206.213,4.5520625,59.95631,95.314964,0.27584696,22.635235,0.018,70,779.5944
7/21/2026 21:03,39402.734,40937.566,26.563076,25.37895,1.0175408,26.609419,7.7252746,-54.912567,201.75458,5.5854106,73.983315,117.53557,0.6261036,23.037066,0.018,70,779.5944
7/21/2026 21:33,38940.89,40503.617,26.249113,25.679947,1.0173194,26.32735,7.6801014,-52.2089,187.69742,5.926886,78.28446,124.38066,0.889363,22.979979,0.018,70,779.5944
7/21/2026 22:03,39118.617,40470.25,26.23146,25.563276,1.017231,26.305664,7.743148,-56.01883,215.45886,6.07154,80.57508,127.9613,0.81253254,23.251404,0.018,70,779.5944
7/21/2026 22:33,39274.082,40572.18,26.306547,25.462084,1.0172671,26.371918,7.7480283,-56.324005,200.7389,5.9957666,79.70776,126.56804,0.83729035,23.324883,0.027,70,779.5944
7/21/2026 23:03,39226.055,40506.61,26.259789,25.49326,1.0172265,26.329296,7.742213,-55.980682,186.31458,5.717937,76.02074,120.70929,0.41141522,23.344845,0.027,70,779.5944
7/21/2026 23:33,39073.4,40350.926,26.147655,25.59286,1.0171424,26.228104,7.7583575,-56.943893,200.20485,6.0819,80.8038,128.3046,0.707012,23.342384,0.027,70,779.5944
7/22/2026 0:03,38662.688,39929.69,25.844646,25.86473,1.0169148,25.9543,7.760367,-57.063103,217.36621,6.0211196,79.85164,126.793526,0.57134354,23.338696,0.027,70,779.5944
7/22/2026 0:33,39038.66,40219.562,26.055822,25.615633,1.0170397,26.142715,7.745833,-56.2191,209.17416,5.763085,76.691,121.74891,0.79766923,23.462753,0.027,70,779.5944
7/22/2026 1:03,39231.29,40537.33,26.281187,25.489859,1.0172514,26.349262,7.7164273,-54.43573,222.49222,5.3794,71.488525,113.51895,0.5326035,23.313187,0.027,70,779.5944
7/22/2026 1:33,39145.867,40434.63,26.207647,25.54548,1.0171908,26.282509,7.690328,-52.88124,197.95418,5.1294985,68.16043,108.23084,0.42778125,23.331274,0.027,70,779.5944
7/22/2026 2:03,39289.54,40709.723,26.402119,25.452068,1.0173815,26.461319,7.686803,-52.642822,227.08417,5.0175843,66.561485,105.720314,1.0554464,23.173525,0.018,70,779.5944
7/22/2026 2:33,39273.12,40652.492,26.36206,25.462708,1.0173373,26.42412,7.6797013,-52.227974,223.16933,5.1493025,68.35371,108.55768,1.2750427,23.223518,0.018,70,779.5944
7/22/2026 3:03,39458.246,40979.082,26.59349,25.343245,1.0175582,26.636404,7.6845913,-52.490234,228.67203,5.07183,67.216064,106.78102,0.8878399,23.05694,0.027,70,779.5944
7/22/2026 3:33,39384.12,41048.586,26.639202,25.390944,1.0176424,26.681581,7.668964,-51.527023,217.30423,4.7142167,62.293224,98.99036,0.7568256,22.877033,0.018,70,779.5944
7/22/2026 4:03,39228.336,41060.82,26.642645,25.491777,1.0177037,26.689533,7.687204,-52.576065,168.87189,5.691461,74.921425,119.10006,0.71324533,22.66343,0.018,70,779.5944
7/22/2026 4:33,39235.64,41088.402,26.661919,25.487032,1.0177249,26.707462,7.67014,-51.555634,176.34392,5.0595903,66.58219,105.8477,0.65562147,22.63916,0.018,70,779.5944
7/22/2026 5:03,39293.805,41137.254,26.697517,25.449305,1.0177478,26.739216,7.664892,-51.24569,211.10059,5.226241,68.807495,109.38268,0.5060206,22.653812,0.018,70,779.5944
7/22/2026 5:33,39308.06,41181.24,26.728321,25.440077,1.0177807,26.767805,7.656266,-50.725937,198.36426,4.9534717,65.18674,103.63281,0.4953254,22.61852,0.018,70,779.5944
7/22/2026 6:03,39085.72,41240.293,26.761562,25.584793,1.017902,26.80619,7.641091,-49.762726,180.17291,4.8882737,63.933784,101.69954,0.31104368,22.264692,0.018,70,779.5944
7/22/2026 6:33,39130.15,41352.9,26.840616,25.555742,1.0179832,26.879385,7.6285625,-49.004555,156.66008,4.73367,61.852306,98.40102,0.21016237,22.185823,0.018,70,779.5944
7/22/2026 7:03,39088.387,41287.676,26.794271,25.583046,1.0179412,26.83699,7.6087646,-47.831535,199.21303,4.4800534,58.54935,93.14255,0.037911143,22.21113,0.009,70,779.5944
7/22/2026 7:33,39185.59,41321.59,26.820967,25.519585,1.0179391,26.859034,7.6362786,-49.48139,160.2602,5.0940795,66.68316,106.06801,0.26401177,22.293608,0.018,70,779.5944
7/22/2026 8:03,39089.055,41257.98,26.773863,25.58261,1.017916,26.817686,7.5656877,-45.27569,202.87991,3.7928715,49.595295,78.893456,0.03170422,22.24765,0.009,70,779.5944
7/22/2026 8:33,39135.12,41234.496,26.759268,25.552496,1.0178814,26.802423,7.5811753,-46.21029,186.79619,4.0213256,52.660236,83.757256,0.035667274,22.334396,0.018,70,779.5944
7/22/2026 9:03,39142.824,41212.02,26.74405,25.547466,1.0178599,26.787813,7.5757084,-45.89081,218.64891,4.576739,59.967907,95.37454,0.03190054,22.371279,0.018,70,779.5944
7/22/2026 9:33,39092.6,41139.977,26.69272,25.580288,1.0178148,26.740986,7.5489607,-44.30294,195.91331,3.9766843,52.111725,82.87675,0.45056003,22.394447,0.018,70,779.5944
7/22/2026 10:03,39036,40888.273,26.517408,25.617378,1.0176187,26.577377,7.5828857,-46.35811,178.38956,3.9845562,52.38097,83.2731,0.03564603,22.628227,0.018,70,779.5944
7/22/2026 10:33,39117.156,40682.332,26.377913,25.56423,1.0174152,26.443518,7.712797,-54.159164,214.92004,5.468301,72.28851,114.85301,0.22337964,22.9857,0.027,70,779.5944
7/22/2026 11:03,39222.42,40730.938,26.414738,25.49562,1.0174222,26.475111,7.6803417,-52.23751,204.93507,5.6667466,75.02829,119.1909,0.031612318,23.060936,0.027,70,779.5944
7/22/2026 11:33,39369.77,40703.773,26.400415,25.4002,1.0173495,26.457453,7.756068,-56.796074,206.0318,5.975526,79.42419,126.126526,0.76092076,23.284113,0.027,70,779.5944
7/22/2026 12:03,39459.28,40514.97,26.27231,25.34258,1.0171545,26.33473,7.6999536,-53.510666,218.06241,5.705399,76.251,121.014114,0.03903797,23.635773,0.027,70,779.5944
7/22/2026 12:33,39479.58,40646.863,26.36425,25.329552,1.0172629,26.420462,7.714267,-54.340363,195.37926,5.7081943,76.14092,120.86862,0.23653121,23.496454,0.027,70,779.5944
7/22/2026 13:03,39458.43,40831.36,26.491325,25.343126,1.0174304,26.540384,7.737112,-55.656433,197.587,5.1278486,68.139114,108.21391,0.48218498,23.239563,0.027,70,779.5944
7/22/2026 13:33,39479.49,40860.258,26.511953,25.329609,1.0174485,26.559168,7.725152,-54.941177,187.85,5.3461013,71.03669,112.817345,0.039225236,23.23076,0.027,70,779.5944
7/22/2026 14:03,39343.29,40768.1,26.444101,25.417295,1.0174141,26.499268,7.698563,-53.343773,197.89696,5.179314,68.719666,109.14878,0.030856265,23.1702,0.027,70,779.5944
7/22/2026 14:33,39402.2,40934.508,26.560944,25.379293,1.0175383,26.607431,7.6892796,-52.7668,150.77115,4.6719956,61.887005,98.31793,0.31384856,23.040146,0.027,70,779.5944
7/22/2026 15:03,39392.043,41127.918,26.694244,25.385838,1.017708,26.733149,7.635283,-49.505234,197.29614,4.445207,58.666313,93.24028,0.039441753,22.79022,0.036,70,779.5944
7/22/2026 15:33,39480.812,41047.027,26.641165,25.32876,1.0176094,26.680567,7.6909122,-52.8574,167.00269,4.688527,62.09283,98.65121,0.21296594,23.00227,0.018,70,779.5944
7/22/2026 16:03,39644.773,41063.023,26.657267,25.224007,1.017569,26.690966,7.7852182,-58.517456,179.62933,6.703501,89.08615,141.4921,0.45344698,23.19171,0.027,70,779.5944
7/22/2026 16:33,40025.465,41278.754,26.818146,24.984095,1.0176295,26.83119,7.8170013,-60.458183,168.79082,6.5629487,87.63825,139.14049,0.530303,23.410387,0.027,70,779.5944
7/22/2026 17:03,40043.38,41343.5,26.863577,24.972918,1.0176796,26.873274,7.8064113,-59.814453,196.88606,6.6241384,88.38955,140.34697,0.40278813,23.35357,0.027,70,779.5944
7/22/2026 17:33,40044.715,41361.668,26.876219,24.972084,1.017695,26.885086,7.804404,-59.690475,192.45624,6.5768046,87.732254,139.3082,0.49992794,23.332989,0.027,70,779.5944
7/22/2026 18:03,39856.19,41376.984,26.881079,25.090204,1.0177703,26.89504,7.826941,-60.982704,172.04285,6.8388257,90.8147,144.26582,0.643055,23.075678,0.027,70,779.5944
7/22/2026 18:33,39717.97,41465.07,26.937658,25.17752,1.0178907,26.952295,7.775732,-57.873726,184.52167,5.948813,78.626366,124.96266,0.6300981,22.794016,0.018,70,779.5944
7/22/2026 19:03,39950.324,41419.047,26.91312,25.031086,1.0177757,26.92238,7.816155,-60.35328,168.14232,6.677334,88.79341,141.03868,0.40281212,23.143448,0.027,70,779.5944
7/22/2026 19:33,39888.367,41416.15,26.909191,25.069965,1.0177934,26.920498,7.802657,-59.53312,182.44266,6.5385265,86.83015,137.93767,1.0839432,23.068663,0.018,70,779.5944
7/22/2026 20:03,39885.992,41284.625,26.818039,25.071459,1.0176808,26.835007,7.820827,-60.64892,189.44263,6.410275,85.320694,135.5036,0.8171829,23.226294,0.018,70,779.5944
7/22/2026 20:33,39956.977,41372.344,26.880962,25.026918,1.0177331,26.892023,7.8138537,-60.2293,170.5122,6.439639,85.716194,136.13574,0.7464355,23.208878,0.018,70,779.5944
7/22/2026 21:03,39933.637,41349.12,26.864168,25.041546,1.0177208,26.876928,7.7688613,-57.54471,177.12593,6.179437,82.24302,130.61987,0.5085409,23.207724,0.027,70,779.5944
7/22/2026 21:33,39896.086,41175.94,26.743029,25.065115,1.0175834,26.764362,7.773437,-57.849884,201.03455,6.299187,84.023476,133.41005,0.29284155,23.372639,0.027,70,779.5944
7/22/2026 22:03,39985.77,41160.906,26.735239,25.008898,1.0175402,26.75459,7.806777,-59.866905,210.54745,6.3477397,84.86606,134.71712,0.99213487,23.505243,0.027,70,779.5944
7/22/2026 22:33,40025.785,41139.188,26.721334,24.983894,1.0175079,26.740473,7.7694774,-57.65438,201.98822,5.637429,75.46717,119.78113,0.40371528,23.583023,0.027,70,779.5944
7/22/2026 23:03,40088.496,41123.844,26.712477,24.944813,1.0174735,26.7305,7.7542343,-56.762695,220.91388,6.027746,80.82891,128.26921,0.20321965,23.681866,0.027,70,779.5944
7/22/2026 23:33,40022.46,41019.52,26.638174,24.98597,1.0174044,26.66269,7.7984476,-59.41391,215.08217,5.913609,79.3281,125.87754,0.39846176,23.727388,0.027,70,779.5944
7/23/2026 0:03,39768.594,40664.53,26.384672,25.14547,1.0171798,26.431946,7.802914,-59.70478,209.83218,6.307041,84.66002,134.31015,0.25609854,23.846474,0.036,70,779.5944
7/23/2026 0:33,39660.695,40451.684,26.234,25.21388,1.0170293,26.293594,7.9667716,-69.532394,192.7185,7.6330547,102.60439,162.741,0.780617,23.976234,0.036,70,779.5944
7/23/2026 1:03,39342,40210.15,26.057825,25.418129,1.0169268,26.136597,7.961607,-69.19861,188.36021,7.9691753,106.81382,169.44948,0.7435342,23.869617,0.027,70,779.5944
7/23/2026 1:33,39600.098,40458.824,26.237312,25.252462,1.0170566,26.298235,7.966237,-69.47994,155.02454,7.523547,100.979,160.18768,0.67789143,23.888758,0.027,70,779.5944
7/23/2026 2:03,39458.094,40401.07,26.193348,25.343344,1.0170549,26.260696,7.9610863,-69.14616,201.23482,7.52463,100.77126,159.88931,0.80595696,23.777992,0.027,70,779.5944
7/23/2026 2:33,39307.81,40326.336,26.137377,25.440237,1.0170407,26.212118,7.9592433,-69.01264,198.87448,7.518682,100.481186,159.457,0.8171305,23.677635,0.036,70,779.5944
7/23/2026 3:03,39334.61,40296.95,26.117771,25.422905,1.0170058,26.193016,7.9815397,-70.36209,186.61023,8.05387,107.75838,170.98395,0.9039191,23.749676,0.027,70,779.5944
7/23/2026 3:33,39685.957,40605.617,26.341503,25.19783,1.0171564,26.393652,7.9578347,-68.96019,154.97208,7.1646514,96.09339,152.45744,0.8710398,23.81421,0.027,70,779.5944
7/23/2026 4:03,39504.836,40484.402,26.25241,25.313356,1.0171119,26.314863,7.912116,-66.20884,213.48,7.285159,97.520294,154.74326,0.68246037,23.733187,0.027,70,779.5944
7/23/2026 4:33,39699.62,41149.508,26.718801,25.189157,1.0176256,26.74718,7.7451315,-56.118965,203.23276,5.59388,74.318115,118.04391,1.6315821,23.155258,0.027,70,779.5944
7/23/2026 5:03,39713.69,41182.105,26.741785,25.180233,1.017649,26.768368,7.7655067,-57.33013,224.76672,5.0087757,66.52743,105.67344,1.2002203,23.133162,0.027,70,779.5944
7/23/2026 5:33,39732.18,41162.438,26.728737,25.168516,1.017626,26.755585,7.7599173,-57.005882,184.57889,5.6761417,75.44955,119.83581,1.070325,23.1808,0.027,70,779.5944
7/23/2026 6:03,39656.684,41111.344,26.69107,25.21643,1.017607,26.722374,7.7924795,-58.94184,149.78409,6.28139,83.4271,132.51399,0.7885045,23.147467,0.027,70,779.5944
7/23/2026 6:33,39702.754,41186.926,26.744795,25.18717,1.0176569,26.771502,7.8102617,-59.99565,142.94147,6.371642,84.60083,134.38608,0.58217686,23.113348,0.027,70,779.5944
7/23/2026 7:03,39685.824,41201.32,26.754227,25.197914,1.0176748,26.780859,7.795842,-59.127808,184.62659,6.063913,80.46336,127.82226,0.4036298,23.074203,0.027,70,779.5944
7/23/2026 7:33,39756.39,41285.875,26.814926,25.153189,1.0177245,26.83582,7.769741,-57.56855,162.37735,5.946213,78.909775,125.35719,0.059461996,23.06041,0.027,70,779.5944
7/23/2026 8:03,39674.94,41209.418,26.759493,25.204826,1.0176854,26.786123,7.7898445,-58.76541,143.03207,6.159641,81.70156,129.79445,0.10757005,23.05047,0.027,70,779.5944
7/23/2026 8:33,39711.344,41239.676,26.781557,25.18172,1.0176995,26.80579,7.7675843,-57.439804,169.0197,5.582092,74.06244,117.6568,0.09737342,23.059698,0.027,70,779.5944
7/23/2026 9:03,39761.805,41283.73,26.813606,25.149763,1.0177209,26.834425,7.7198954,-54.597855,190.40108,5.076899,67.38438,107.04609,0.02859261,23.069897,0.018,70,779.5944
7/23/2026 9:33,39776.523,41295.137,26.821962,25.140457,1.0177261,26.841839,7.724118,-54.85058,182.4665,4.756606,63.141426,100.30497,0.035157442,23.074627,0.018,70,779.5944
7/23/2026 10:03,39640.168,41170.348,26.731386,25.226936,1.0176631,26.760725,7.702272,-53.544044,208.39215,5.1393027,68.16101,108.28271,0.026711455,23.05408,0.027,70,779.5944
7/23/2026 10:33,39617.47,40967.406,26.590254,25.24139,1.0174953,26.628815,7.850625,-62.437057,149.18327,6.796017,90.41385,143.58049,0.3424183,23.274792,0.027,70,779.5944
7/23/2026 11:03,39712.42,41136.555,26.71022,25.181038,1.0176102,26.738762,7.770526,-57.640076,149.436,5.7065716,75.85479,120.4781,0.030426798,23.187454,0.027,70,779.5944
7/23/2026 11:33,39689.2,41051.51,26.650639,25.195772,1.0175443,26.683483,7.836125,-61.569214,205.60265,6.2295957,82.889175,131.63382,0.033192024,23.262545,0.027,70,779.5944
7/23/2026 12:03,39626.35,40867.492,26.521334,25.235733,1.0174056,26.56387,7.90326,-65.608025,204.5393,6.984466,93.10683,147.82286,0.035772096,23.409954,0.027,70,779.5944
7/23/2026 12:33,39683.215,40820.88,26.490696,25.199572,1.0173458,26.533571,7.884334,-64.50653,198.1926,7.0686803,94.43113,149.89157,0.16382973,23.540855,0.027,70,779.5944
7/23/2026 13:03,39857.05,40746.44,26.443968,25.089664,1.0172213,26.485188,7.9775248,-70.147514,210.9003,7.788832,104.60551,165.94983,0.37423477,23.857203,0.036,70,779.5944
7/23/2026 13:33,39925.402,40844.84,26.51418,25.046711,1.0172844,26.549147,7.985961,-70.643425,189.6286,7.94484,106.676636,169.24619,0.32293853,23.821438,0.036,70,779.5944
7/23/2026 14:03,39907.68,40690,26.40616,25.057835,1.0171543,26.448502,7.957697,-68.99357,225.38185,8.346795,112.34315,178.18219,0.034713045,23.993385,0.036,70,779.5944
7/23/2026 14:33,40030.754,40810.29,26.493074,24.980793,1.017218,26.52669,7.9659615,-69.48948,202.67487,7.943187,106.976494,169.66844,0.12340035,23.999924,0.036,70,779.5944
7/23/2026 15:03,40204.754,40869.01,26.538572,24.87268,1.0172098,26.56486,7.940522,-68.00175,163.96523,8.156687,110.16819,174.6842,0.057691954,24.14904,0.045,70,779.5944
7/23/2026 15:33,39959.03,41072.324,26.67301,25.02563,1.0174721,26.697012,7.799258,-59.432983,192.83295,5.3405995,71.47091,113.43873,0.42377615,23.580856,0.036,70,779.5944
7/23/2026 16:03,39951.55,40979.9,26.60867,25.030317,1.017394,26.636934,7.892503,-65.02628,230.7558,6.6922584,89.692955,142.3347,0.24722603,23.68618,0.036,70,779.5944
7/23/2026 16:33,39944.35,40858.55,26.524225,25.034828,1.01729,26.558058,7.9608893,-69.14616,178.7138,7.946391,106.71694,169.30803,0.63584477,23.828548,0.027,70,779.5944
7/23/2026 17:03,40402.875,41188.67,26.766304,24.750713,1.0174235,26.772636,7.9957676,-71.27285,204.63943,8.116071,109.47872,173.63672,1.3453938,24.001152,0.027,70,779.5944
7/23/2026 17:33,40524.277,41260.727,26.81976,24.676565,1.0174454,26.819471,7.9834766,-70.552826,161.52382,8.250981,111.45851,176.75647,0.5836281,24.065514,0.036,70,779.5944
7/23/2026 18:03,40385.664,41211.008,26.781374,24.761261,1.017449,26.787155,7.975638,-70.056915,174.95155,8.079508,108.89998,172.734,0.77545536,23.951452,0.036,70,779.5944
7/23/2026 18:33,40447.594,41245.754,26.807247,24.72335,1.0174583,26.80974,7.9891295,-70.87231,181.2601,8.076058,108.9372,172.7822,1.0644722,23.986841,0.036,70,779.5944
7/23/2026 19:03,40489.85,41299.44,26.845768,24.697546,1.0174912,26.844639,7.9910154,-70.98198,189.7478,8.079884,108.9877,172.86633,0.81923187,23.973667,0.036,70,779.5944
7/23/2026 19:33,40321.723,41359.13,26.882563,24.800528,1.0176004,26.883434,7.9309607,-67.32464,192.02232,7.5147643,100.876236,160.08142,0.76679164,23.68676,0.027,70,779.5944
7/23/2026 20:03,40200.457,41299.36,26.837564,24.87534,1.017589,26.844584,7.909315,-66.013336,191.81729,7.2459354,97.10581,154.1195,0.7163468,23.6069,0.027,70,779.5944
7/23/2026 20:33,40188.582,41354.395,26.875425,24.882689,1.0176407,26.880356,7.8665113,-63.438416,167.41275,6.8070364,91.11036,144.62468,0.46623445,23.524042,0.027,70,779.5944
7/23/2026 21:03,40212.047,41380.785,26.894434,24.86817,1.017656,26.89751,7.84265,-62.012672,177.78873,6.2495036,83.65291,132.7877,0.34928852,23.521282,0.027,70,779.5944
7/23/2026 21:33,40196.605,41265.047,26.813627,24.877722,1.0175602,26.82228,7.8759766,-64.02969,193.33362,6.4630647,86.65944,137.5308,0.52839786,23.644386,0.027,70,779.5944
7/23/2026 22:03,40165.492,41147.26,26.730932,24.896994,1.0174677,26.74572,7.882613,-64.44931,210.23273,6.5032134,87.319885,138.55319,0.1523357,23.75079,0.027,70,779.5944
7/23/2026 22:33,40374.273,41043.17,26.664278,24.768248,1.0173049,26.678062,7.9792504,-70.319176,206.92825,7.735496,104.55045,165.77731,0.4531374,24.14673,0.036,70,779.5944
7/23/2026 23:03,40389.332,40999.527,26.634293,24.759012,1.0172613,26.649693,8.031288,-73.451996,192.4324,7.983234,108.02014,171.25623,0.96686715,24.220787,0.036,70,779.5944
7/23/2026 23:33,40310.33,40940.094,26.590834,24.807539,1.017236,26.611061,8.014668,-72.45064,200.36221,7.9849687,107.967316,171.18047,0.71799135,24.194626,0.036,70,779.5944
7/24/2026 0:03,40237.31,40895.3,26.557722,24.852556,1.0172216,26.581947,7.974189,-70.01877,205.00183,6.825616,92.213974,146.2135,0.0816606,24.157608,0.036,70,779.5944
7/24/2026 0:33,40193.27,40853.664,26.52759,24.879787,1.0172,26.554882,7.9772315,-70.19997,204.978,6.978103,94.25132,149.44496,0.28114963,24.153671,0.027,70,779.5944
7/24/2026 1:03,40129.977,40795.074,26.48516,24.919027,1.0171701,26.516798,8.034144,-73.60458,210.34717,7.3354664,99.041504,157.0423,0.1726356,24.146421,0.036,70,779.5944
7/24/2026 1:33,39942.066,40664.145,26.389118,25.03626,1.0171194,26.431694,8.040357,-73.95744,208.51611,7.943191,107.04492,169.75574,0.88323665,24.070309,0.036,70,779.5944
7/24/2026 2:03,39667.05,40475.37,26.250618,25.20984,1.017048,26.308992,8.033823,-73.53783,217.4282,8.205955,110.27347,174.9117,0.6128822,23.954414,0.036,70,779.5944
7/24/2026 2:33,39717.105,40546.68,26.301466,25.178068,1.0170937,26.355343,8.002516,-71.65909,199.5325,7.5157456,100.98254,160.18196,0.5868151,23.92881,0.036,70,779.5944
7/24/2026 3:03,39691.176,40533.098,26.291334,25.194517,1.0170907,26.346514,8.03878,-73.82393,204.13876,7.652691,102.78689,163.04881,0.52792376,23.9125,0.027,70,779.5944
7/24/2026 3:33,39848.87,40654.2,26.379698,25.094814,1.0171428,26.42523,7.9873915,-70.762634,182.5285,7.440886,100.0815,158.74318,1.3235068,23.96287,0.036,70,779.5944
7/24/2026 4:03,39748.8,40590.293,26.332603,25.157991,1.0171212,26.38369,7.9595976,-69.088936,209.71774,6.9846883,93.84034,148.85655,0.76281065,23.914589,0.036,70,779.5944
7/24/2026 4:33,39819.14,40675.53,26.393696,25.11355,1.017172,26.439095,7.955916,-68.86482,196.43307,7.1628594,96.23938,152.66663,1.6636719,23.897686,0.045,70,779.5944
7/24/2026 5:03,40163.133,41097.99,26.69663,24.898457,1.0174254,26.713694,7.834944,-61.61213,193.39084,5.9289346,79.674774,126.40957,1.5468557,23.809057,0.027,70,779.5944
7/24/2026 5:33,40011.28,41121.023,26.708311,24.99295,1.017497,26.728664,7.843857,-62.098503,224.0181,5.983456,80.099014,127.13187,1.5979279,23.587055,0.036,70,779.5944
7/24/2026 6:03,39886.887,41088.47,26.682114,25.070896,1.0175104,26.707504,7.849221,-62.394142,229.44928,6.3422127,84.71183,134.48074,3.6225698,23.468914,0.027,70,779.5944
7/24/2026 6:33,39932.098,41143.02,26.72127,25.042511,1.0175427,26.742962,7.8617134,-63.13801,223.78445,6.265491,83.69132,132.86296,0.9257357,23.459055,0.027,70,779.5944
7/24/2026 7:03,39919.965,41194.246,26.756422,25.050123,1.0175912,26.77626,7.8526483,-62.58011,226.15433,6.1312675,81.801346,129.88007,0.64517176,23.380444,0.027,70,779.5944
7/24/2026 7:33,39790.457,41255.434,26.794905,25.131655,1.0176871,26.816032,7.8471007,-62.19864,195.98483,6.2461076,82.99862,131.83485,0.70042497,23.140844,0.027,70,779.5944
7/24/2026 8:03,39699.355,41187.33,26.744963,25.189325,1.0176584,26.771763,7.783495,-58.398247,206.82812,5.651578,75.03371,119.18996,0.21284865,23.10854,0.027,70,779.5944
7/24/2026 8:33,39702.316,41231.04,26.775301,25.187447,1.017695,26.800175,7.7882175,-58.670044,198.96507,5.635959,74.773315,118.78629,0.29040962,23.058796,0.009,70,779.5944
7/24/2026 9:03,39744.516,41275.344,26.807266,25.160704,1.0177194,26.828974,7.799734,-59.35669,215.42072,5.6729918,75.27764,119.58757,0.12415325,23.058212,0.018,70,779.5944
7/24/2026 9:33,39774.08,41281.633,26.81254,25.142004,1.0177151,26.833061,7.7798853,-58.1789,214.08557,5.1200953,67.979065,107.98749,0.074432746,23.088022,0.027,70,779.5944
7/24/2026 10:03,39686.508,41181.215,26.740335,25.197481,1.0176573,26.76779,7.756261,-56.772232,228.05214,5.5311446,73.42131,116.63041,0.1315292,23.099695,0.018,70,779.5944
7/24/2026 10:33,39790.01,41182.965,26.74471,25.131935,1.0176246,26.768927,7.841116,-61.860085,220.78036,6.2053046,82.561806,131.1214,0.41721618,23.229137,0.027,70,779.5944
7/24/2026 11:03,39789.125,41191.156,26.750355,25.132496,1.017632,26.774252,7.7477293,-56.28586,224.1373,4.9787464,66.2314,105.18809,0.03788244,23.217949,0.027,70,779.5944
7/24/2026 11:33,39890.16,41091.65,26.684416,25.068838,1.0175121,26.709572,7.874214,-63.886642,210.6142,6.8595524,91.62342,145.4529,0.48203075,23.469149,0.027,70,779.5944
7/24/2026 12:03,39857.066,40892.188,26.545116,25.089653,1.0173491,26.579924,7.947046,-68.28308,220.08896,7.507697,100.56472,159.5904,0.7379636,23.674692,0.027,70,779.5944
7/24/2026 12:33,39956.2,40896.066,26.550602,25.027405,1.0173188,26.582443,7.9971466,-71.30623,212.37373,7.6738825,103.01508,163.44409,0.7408059,23.796764,0.036,70,779.5944
7/24/2026 13:03,39939.67,40731.246,26.435677,25.037762,1.0171795,26.47531,7.944108,-68.17818,139.1983,7.3867145,99.41893,157.68677,0.76479065,23.982512,0.036,70,779.5944
7/24/2026 13:33,40304.78,40559.973,26.325924,24.810951,1.0168993,26.363981,8.073574,-76.09844,155.50137,8.910526,121.302734,192.15741,0.5944669,24.670591,0.036,70,779.5944
7/24/2026 14:03,39932.13,40245.504,26.097702,25.042492,1.0167501,26.159578,8.045428,-74.391365,210.42824,8.567691,116.32515,184.29881,0.3935415,24.592323,0.045,70,779.5944
7/24/2026 14:33,40266.656,40598.94,26.352137,24.834444,1.0169477,26.389313,8.044243,-74.31507,201.38263,7.974905,108.3949,171.74112,0.7651727,24.571486,0.045,70,779.5944
7/24/2026 15:03,40334.914,40666.74,26.401081,24.792418,1.0169842,26.43338,8.041612,-74.157715,205.38806,8.278702,112.55806,178.33684,0.5131329,24.572796,0.045,70,779.5944
7/24/2026 15:33,40228.68,40797.043,26.489119,24.857887,1.0171375,26.518078,7.9878397,-70.86277,205.96504,7.3914247,100.01644,158.55283,0.7918198,24.270605,0.036,70,779.5944
7/24/2026 16:03,40168.066,40803.293,26.491884,24.895397,1.0171641,26.52214,7.969301,-69.732666,229.1727,7.2856297,98.43873,156.07576,0.8523506,24.184921,0.036,70,779.5944
7/24/2026 16:33,40219.312,40838.305,26.517593,24.863678,1.0171773,26.544897,7.9637213,-69.40365,220.01743,7.1876826,97.16625,154.05229,0.77295774,24.206434,0.036,70,779.5944
7/24/2026 17:03,40349.285,40892.82,26.558943,24.783587,1.0171806,26.580334,8.049418,-74.55826,213.1176,8.483569,114.90803,182.149,1.6151195,24.3041,0.036,70,779.5944
7/24/2026 17:33,40245.277,40972.504,26.611647,24.847635,1.017287,26.632128,7.9687133,-69.67068,182.9672,7.5751147,102.21568,162.09724,1.4885066,24.070726,0.036,70,779.5944
7/24/2026 18:03,40255.234,40938.023,26.58793,24.84149,1.0172532,26.609716,7.9925556,-71.110725,202.92282,7.6063886,102.7247,162.88817,1.7609963,24.126772,0.036,70,779.5944
7/24/2026 18:33,40591.402,41144.47,26.740572,24.63576,1.0173197,26.743906,8.04332,-74.19109,143.91422,8.547492,115.87825,183.68958,1.9588097,24.296225,0.036,70,779.5944
7/24/2026 19:03,40685.062,41223.734,26.798265,24.579046,1.0173575,26.795427,8.034957,-73.69518,169.44885,8.513619,115.496666,183.07823,1.5609436,24.315859,0.036,70,779.5944
7/24/2026 19:33,40683.75,41219.76,26.795464,24.579838,1.0173545,26.792845,7.9615297,-69.298744,179.66748,6.7752695,91.91801,145.7019,0.93777496,24.319176,0.036,70,779.5944
7/24/2026 20:03,40447.89,41079.555,26.691572,24.723167,1.0173118,26.70171,7.987424,-70.819855,192.72327,7.3805842,99.85346,158.31601,1.1072301,24.19494,0.036,70,779.5944
7/24/2026 20:33,40556.473,41265.03,26.823627,24.656977,1.017438,26.822271,7.9613433,-69.236755,184.5503,7.29254,98.57466,156.31473,0.9828754,24.100996,0.036,70,779.5944
7/24/2026 21:03,40546.316,41319.027,26.860943,24.663153,1.0174892,26.857368,7.92013,-66.75243,187.75464,6.7324324,90.89539,144.1579,1.2606452,24.020885,0.036,70,779.5944
7/24/2026 21:33,40379.742,41193.492,26.769022,24.764893,1.0174356,26.77577,7.920018,-66.73336,172.19067,6.7532187,91.03978,144.40102,1.0143613,23.965744,0.036,70,779.5944
7/24/2026 22:03,40434.05,41232.465,26.79763,24.73163,1.0174513,26.801104,7.9070277,-65.960884,173.33984,6.7302604,90.77792,143.98045,1.0194299,23.986189,0.036,70,779.5944
7/24/2026 22:33,40477.8,41257.59,26.81631,24.704899,1.0174586,26.817432,7.919213,-66.69521,169.02924,7.0611897,95.29207,151.13373,1.1663997,24.010448,0.036,70,779.5944
7/24/2026 23:03,40546.816,41238.05,26.804571,24.66285,1.0174177,26.804733,7.928274,-67.26265,197.88266,6.8999944,93.29347,147.93446,0.9111071,24.122406,0.036,70,779.5944
7/24/2026 23:33,40501.53,41146.355,26.739506,24.690424,1.0173523,26.745132,7.925509,-67.11006,196.62857,6.6571937,90.06688,142.8035,0.90810364,24.179502,0.036,70,779.5944
7/25/2026 0:03,40243.47,40801.05,26.492294,24.848753,1.017136,26.520683,8.026725,-73.1945,199.21303,7.632161,103.30092,163.75551,0.8886303,24.28451,0.036,70,779.5944
7/25/2026 0:33,39711.273,40411.9,26.207731,25.181767,1.0169765,26.267735,8.028152,-73.23265,195.37926,7.8297224,105.44691,167.21498,1.5627561,24.0923,0.036,70,779.5944
7/25/2026 1:03,39968.723,40614.055,26.355013,25.019564,1.0170659,26.399136,8.07078,-75.8028,188.48895,7.8322206,105.709946,167.60945,1.2991685,24.168097,0.036,70,779.5944
7/25/2026 1:33,39941.37,40629.047,26.364714,25.036697,1.0170887,26.40888,8.070135,-75.75035,181.15997,8.026878,108.24012,171.6378,1.2718334,24.113834,0.036,70,779.5944
7/25/2026 2:03,39913.965,40578.496,26.328848,25.053888,1.0170534,26.376022,8.025715,-73.09914,195.61292,7.4185934,100.0675,158.67021,1.0038126,24.142595,0.036,70,779.5944
7/25/2026 2:33,40188.305,40739.656,26.44813,24.88286,1.0171007,26.480776,8.037845,-73.862076,194.73076,7.2393646,97.9716,155.30539,1.1591486,24.291437,0.036,70,779.5944
7/25/2026 3:03,39996.03,40691.895,26.409845,25.002481,1.0171252,26.449732,8.052803,-74.710846,205.22595,7.8348675,105.6613,167.55128,1.4207886,24.10467,0.036,70,779.5944
7/25/2026 3:33,39975.855,40657.434,26.385355,25.015099,1.0171018,26.427332,8.015121,-72.460175,197.41534,7.1365705,96.26047,152.6392,1.5326366,24.122309,0.036,70,779.5944
7/25/2026 4:03,39903.71,40619.402,26.357004,25.060326,1.0170932,26.402613,7.976257,-70.12367,204.74911,6.845895,92.25214,146.29494,1.1746874,24.077513,0.036,70,779.5944
7/25/2026 4:33,39811.99,40569.516,26.319891,25.118063,1.017081,26.370184,7.995284,-71.24901,184.9985,6.8563347,92.28381,146.35953,1.4839834,24.022392,0.036,70,779.5944
7/25/2026 5:03,39778.035,40598.5,26.339098,25.139502,1.0171182,26.389025,7.98883,-70.8437,202.57474,6.781477,91.15738,144.59364,1.5338677,23.941927,0.036,69,779.5944
7/25/2026 5:33,39792.293,40624.773,26.357725,25.130495,1.0171366,26.406103,7.9685583,-69.62776,197.61086,6.410735,86.16059,136.67133,1.833136,23.927122,0.036,69,779.5944
7/25/2026 6:03,40253.383,41020.67,26.645369,24.842632,1.0173267,26.663437,7.8637004,-63.376427,211.3104,5.3746896,72.474464,114.94279,1.6743221,24.020683,0.036,69,779.5944
7/25/2026 6:33,40060.56,41078.062,26.679897,24.962208,1.0174428,26.70074,7.9232388,-66.866875,207.30496,6.401479,85.85659,136.24268,1.2305897,23.703142,0.036,69,779.5944
7/25/2026 7:03,40028.793,41047.953,26.658092,24.982018,1.0174272,26.68117,7.872265,-63.819885,210.76202,6.412745,85.99216,136.45854,0.9464703,23.700075,0.027,69,779.5944
7/25/2026 7:33,40101.535,41123.824,26.712843,24.9367,1.017469,26.730486,7.883122,-64.46838,213.69934,5.708101,76.565216,121.49955,1.1832343,23.698494,0.036,69,779.5944
7/25/2026 8:03,39886.797,41105.203,26.693716,25.070953,1.017525,26.718382,7.869978,-63.62915,205.85538,5.6262946,75.12677,119.26865,0.80500734,23.448107,0.027,69,779.5944
7/25/2026 8:33,39856.246,41212.664,26.767282,25.09017,1.0176284,26.78823,7.8464627,-62.189102,196.4426,5.718397,76.157776,120.94093,0.71901554,23.276827,0.027,69,779.5944
7/25/2026 9:03,39890.367,41253.332,26.796486,25.068708,1.0176524,26.814665,7.824752,-60.892105,186.78665,5.6369123,75.07633,119.22493,0.7001156,23.270214,0.027,69,779.5944
7/25/2026 9:33,39890.5,41285.18,26.81856,25.068624,1.0176798,26.835367,7.754879,-56.71501,180.96924,4.782907,63.66624,101.111824,0.50050753,23.231329,0.027,69,779.5944
7/25/2026 10:03,39852.645,41203.348,26.760717,25.092438,1.0176215,26.782177,7.7607837,-57.077408,198.33565,4.5891356,61.12337,97.0647,0.43496713,23.283697,0.027,69,779.5944
7/25/2026 10:33,39987.09,41135.44,26.717611,25.008072,1.0175177,26.738037,7.862708,-63.214302,162.76837,6.1746387,82.591866,131.09955,1.0224952,23.538412,0.027,69,779.5944
7/25/2026 11:03,39871.37,41162.176,26.732748,25.080652,1.0175796,26.755415,7.7664547,-57.430267,190.26279,4.2534137,56.71748,90.05661,0.42291802,23.35817,0.027,69,779.5944
7/25/2026 11:33,39980.47,41205.984,26.76635,25.012213,1.0175812,26.78389,7.8173695,-60.486794,176.80646,5.618352,75.04525,119.140305,0.29337022,23.442871,0.027,69,779.5944
7/25/2026 12:03,39837.625,40993.29,26.614689,25.101898,1.017444,26.645638,7.819009,-60.601234,219.63596,5.4248095,72.50073,115.08456,0.33105758,23.524006,0.027,69,779.5944
7/25/2026 12:33,39969.082,40953.527,26.590858,25.019339,1.0173649,26.619793,7.8667707,-63.500404,214.16187,6.2024217,83.200386,132.0188,0.20253189,23.74146,0.036,69,779.5944
7/25/2026 13:03,40172.47,40890.434,26.552608,24.89267,1.0172397,26.578783,7.924208,-67.009926,211.81583,6.389116,86.19818,136.6937,0.2340541,24.08072,0.036,69,779.5944
7/25/2026 13:33,40206.61,40838.145,26.517143,24.871532,1.0171816,26.544794,7.88787,-64.85939,159.89304,5.5473304,74.96996,118.86462,0.7040599,24.190351,0.036,69,779.5944
7/25/2026 14:03,40427.434,40641.594,26.385834,24.735678,1.016929,26.417036,8.027624,-73.35663,212.65506,8.130676,110.82714,175.54555,0.54424417,24.724108,0.045,69,779.5944
7/25/2026 14:33,40442.664,40488.668,26.2795,24.726364,1.016786,26.317635,8.063923,-75.58823,207.67688,8.284839,113.28472,179.3662,0.46405047,24.940514,0.045,69,779.5944
7/25/2026 15:03,40562.312,40796.27,26.49703,24.653427,1.0170197,26.517576,8.006651,-72.09301,213.95206,7.034242,95.90229,151.91205,0.7101827,24.699747,0.054,69,779.5944
7/25/2026 15:33,40739.58,40733.504,26.457464,24.546156,1.0169002,26.476778,8.069119,-75.917244,191.91742,8.025077,109.971985,174.09917,1.040074,25.007809,0.054,69,779.5944
7/25/2026 16:03,40708.805,40663,26.407473,24.56471,1.0168475,26.43095,8.100514,-77.815056,208.68301,8.404136,115.23589,182.41508,0.8913135,25.058977,0.054,69,779.5944
7/25/2026 16:33,40635.54,40627.543,26.380997,24.609001,1.0168419,26.407904,8.118759,-78.89748,206.09856,8.626716,118.17038,187.07738,1.3867352,25.010303,0.054,69,779.5944
7/25/2026 17:03,40640.676,40702.785,26.433668,24.60589,1.0169079,26.45681,8.085067,-76.851845,204.05292,7.9009566,108.092285,171.15143,0.9817514,24.920107,0.045,69,779.5944
7/25/2026 17:33,40739.516,40797.33,26.502047,24.546192,1.0169576,26.518263,8.082023,-76.67065,205.73616,7.9827647,109.26492,173.00633,1.3901131,24.925806,0.054,69,779.5944
7/25/2026 18:03,40264.336,40811.863,26.500368,24.835875,1.0171384,26.527712,7.9821587,-70.528984,226.07803,6.4990907,87.98907,139.47946,1.5839534,24.297594,0.036,69,779.5944
7/25/2026 18:33,40276.28,40969.78,26.610582,24.828508,1.0172739,26.630358,7.8936467,-65.18841,232.4295,5.7499347,77.64546,123.12346,1.2521805,24.113762,0.036,69,779.5944
7/25/2026 19:03,40407.43,41129.215,26.72506,24.747925,1.0173695,26.73399,7.9505033,-68.58349,178.6232,6.713421,90.664,143.77551,1.7516956,24.081194,0.036,69,779.5944
7/25/2026 19:33,40547.844,41218.27,26.79083,24.662224,1.0173999,26.791876,7.9976473,-71.42067,189.63336,7.711463,104.30421,165.3864,1.3482106,24.148415,0.036,69,779.5944
7/25/2026 20:03,40444.242,41079.9,26.691713,24.725399,1.0173134,26.701935,7.995968,-71.33007,188.05026,6.9979773,94.66877,150.09715,1.2770189,24.18986,0.036,69,779.5944
7/25/2026 20:33,40516.125,41218.97,26.790462,24.681532,1.0174114,26.79233,7.9641876,-69.40842,172.13821,6.7792473,91.62909,145.29918,1.0053473,24.107254,0.036,69,779.5944
7/25/2026 21:03,40565.535,41320.977,26.862825,24.651468,1.0174844,26.858635,7.960215,-69.15569,172.72473,6.621775,89.436714,141.83894,1.2651509,24.04281,0.036,69,779.5944
7/25/2026 21:33,40546.79,41331.125,26.869379,24.662865,1.0174997,26.865232,7.9295096,-67.31033,177.35481,6.4003963,86.39481,137.02364,1.0906723,24.006447,0.036,69,779.5944
7/25/2026 22:03,40434.207,41244.402,26.805935,24.731535,1.0174618,26.808863,7.915532,-66.46633,182.56665,6.0080056,81.018974,128.5054,1.2321417,23.971533,0.036,69,779.5944
7/25/2026 22:33,40466.695,41266.258,26.822044,24.71168,1.0174699,26.823069,7.9020877,-65.665245,175.2901,5.526682,74.55357,118.24759,1.3284487,23.985565,0.027,69,779.5944
7/25/2026 23:03,40479.055,41328.324,26.865568,24.704134,1.0175202,26.86341,7.878556,-64.24427,194.47327,5.8626056,79.019585,125.34465,1.0230606,23.924118,0.027,69,779.5944
7/25/2026 23:33,40467.008,41309.27,26.851974,24.711489,1.0175077,26.851025,7.9080243,-66.00857,169.90186,6.319076,85.17811,135.11157,1.2292637,23.932505,0.036,69,779.5944
7/26/2026 0:03,40351.266,41152.36,26.739634,24.78237,1.0174092,26.749035,7.799433,-59.523582,208.64963,3.6776485,49.58298,78.643005,0.66983074,23.980808,0.036,69,779.5944
7/26/2026 0:33,40432.047,41197.746,26.773418,24.732857,1.0174215,26.778534,7.8117924,-60.272217,215.60193,3.1701024,42.783024,67.85212,0.9933917,24.026915,0.036,69,779.5944
7/26/2026 1:03,40192.445,40924.484,26.576828,24.880297,1.0172629,26.600916,7.8887305,-64.88323,213.16052,4.727482,63.769943,101.129944,0.92521757,24.063478,0.036,69,779.5944
7/26/2026 1:33,40043.246,40773.34,26.467726,24.973,1.0171808,26.50267,7.9671516,-69.57531,188.23624,5.165963,69.63998,110.43914,1.0105423,24.062508,0.027,69,779.5944
7/26/2026 2:03,39932.484,40684.926,26.403303,25.042269,1.0171411,26.445202,7.9245524,-67.01946,229.72583,4.2194443,56.82871,90.12723,0.68284,24.031708,0.036,69,779.5944
7/26/2026 2:33,39944.316,40728.496,26.433897,25.034851,1.0171756,26.473522,7.9503694,-68.55488,224.23744,2.6596172,35.80177,56.783657,0.968073,23.991945,0.027,69,779.5944
7/26/2026 3:03,39940.355,40723.9,26.430592,25.037334,1.0171729,26.470535,7.9144964,-66.40911,223.66046,4.981006,67.050224,106.34537,0.647201,23.99265,0.036,69,779.5944
7/26/2026 3:33,39839.45,40681.918,26.398693,25.100748,1.0171705,26.443247,7.9416533,-68.01605,210.94322,5.826579,78.31241,124.22471,1.1212595,23.915777,0.036,69,779.5944
7/26/2026 4:03,39748.387,40583.71,26.328022,25.158255,1.0171155,26.379414,8.032282,-73.43769,193.07614,6.8101645,91.50579,145.1513,1.3626262,23.922369,0.036,69,779.5944
7/26/2026 4:33,39730.504,40561.555,26.312159,25.169577,1.017102,26.365011,8.042706,-74.06235,185.37045,6.927202,93.07787,147.64375,1.4438614,23.927296,0.027,69,779.5944
7/26/2026 5:03,39676.86,40552.062,26.304104,25.203608,1.0171123,26.35884,7.989675,-70.877075,212.15915,6.120278,82.149,130.32112,0.8997628,23.870039,0.036,69,779.5944
7/26/2026 5:33,39663.574,40567.082,26.314156,25.21205,1.01713,26.368603,7.9690833,-69.6373,213.73273,6.1322384,82.26209,130.50882,1.1784946,23.83393,0.036,69,779.5944
7/26/2026 6:03,39651.324,40555.49,26.305775,25.21984,1.017124,26.361067,7.873383,-63.915253,228.66727,2.4238384,32.51276,51.581604,1.1297226,23.832748,0.027,69,779.5944
7/26/2026 6:33,39688.402,40603.344,26.339998,25.196278,1.0171534,26.392174,7.936596,-67.6918,221.30013,5.4692445,73.361435,116.39072,1.4465598,23.820229,0.027,69,779.5944
7/26/2026 7:03,40042.305,41078.35,26.679577,24.973587,1.0174493,26.70093,7.8732967,-63.877106,214.3383,4.9233656,66.00447,104.744415,0.8524451,23.679516,0.036,69,779.5944
7/26/2026 7:33,40013.957,41114.805,26.704077,24.99128,1.0174906,26.724623,7.8217883,-60.782433,224.33759,4.899497,65.59961,104.11664,1.0034887,23.59817,0.027,69,779.5944
7/26/2026 8:03,39916.465,41003.375,26.623953,25.052319,1.0174263,26.652195,7.8412943,-61.950684,238.45197,4.7800117,63.98616,101.5534,0.81540257,23.612158,0.027,69,779.5944
7/26/2026 8:33,39851.523,41224.42,26.775284,25.093143,1.0176402,26.795874,7.822402,-60.749054,221.96292,4.924932,65.56961,104.130226,0.65646845,23.256386,0.027,69,779.5944
7/26/2026 9:03,39903.37,41255.297,26.798239,25.06054,1.0176498,26.815943,7.832933,-61.383247,182.8909,5.084818,67.740715,107.573,0.9185458,23.284307,0.027,69,779.5944
7/26/2026 9:33,39804.33,41309.52,26.832775,25.122896,1.0177292,26.851189,7.78067,-58.226585,167.52243,4.460746,59.236534,94.09893,0.5220247,23.092308,0.018,69,779.5944
7/26/2026 10:03,39728.61,41194.555,26.750866,25.170778,1.017655,26.77646,7.7859597,-58.550835,195.49847,4.7830286,63.536404,100.92181,0.4079655,23.136864,0.018,69,779.5944
7/26/2026 10:33,39808.94,41291.39,26.820366,25.119986,1.017712,26.839403,7.776421,-57.97863,183.31528,4.5114665,59.93551,95.20477,0.5175611,23.120306,0.027,69,779.5944
7/26/2026 11:03,39882.043,41321.75,26.84363,25.07394,1.0177141,26.859138,7.760173,-57.020187,184.07346,4.242565,56.426327,89.62216,0.37099144,23.17584,0.027,69,779.5944
7/26/2026 11:33,39921.797,41320.293,26.843832,25.048973,1.0176998,26.85819,7.792211,-58.94184,178.34186,4.6875362,62.402164,99.104836,0.3724722,23.227999,0.027,69,779.5944
7/26/2026 12:03,39825.523,41205.69,26.761522,25.109526,1.0176326,26.7837,7.7685757,-57.53517,186.32889,3.4645708,46.11481,73.23558,0.25651255,23.246355,0.027,69,779.5944
7/26/2026 12:33,39872.254,41198.383,26.757866,25.080097,1.0176108,26.778948,7.7600446,-57.03926,217.99088,2.212303,29.481657,46.814766,0.36444294,23.314722,0.027,69,779.5944
7/26/2026 13:03,39932.246,41119.58,26.705017,25.042418,1.0175223,26.727726,7.829511,-61.221123,220.64685,2.8489184,38.07048,60.435192,0.12217715,23.488214,0.018,69,779.5944
7/26/2026 13:33,40123.62,41046.473,26.659735,24.922976,1.0173937,26.680208,7.926297,-67.07668,214.2763,4.741481,63.71941,101.09279,0.5839952,23.822872,0.036,69,779.5944
7/26/2026 14:03,40076.418,40818.03,26.499683,24.95233,1.0172088,26.53172,7.9468827,-68.359375,215.37305,5.754315,77.56683,123.01304,0.90084666,24.048756,0.036,69,779.5944
7/26/2026 14:33,40501.965,40886.633,26.558552,24.69016,1.0171217,26.576311,8.026049,-73.20881,210.6142,6.6766887,90.75518,143.80956,0.6126694,24.507427,0.036,69,779.5944
7/26/2026 15:03,40407.367,40764.383,26.47095,24.747963,1.0170459,26.49685,7.922316,-67.00039,215.65915,2.7933567,37.97325,60.168213,0.5107939,24.541462,0.045,69,779.5944
7/26/2026 15:33,40568.52,40890.527,26.56294,24.649654,1.0171018,26.578842,7.9687595,-69.794655,212.90302,3.1592293,43.004105,68.13379,1.3973954,24.587702,0.045,69,779.5944
7/26/2026 16:03,40613.734,40726.68,26.449713,24.622213,1.016939,26.472343,7.9844866,-70.80078,220.1128,3.955534,54.059025,85.606514,0.49843922,24.854805,0.045,69,779.5944
7/26/2026 16:33,40713.395,40863.492,26.54764,24.561941,1.0170264,26.561272,7.9784727,-70.42885,211.68709,2.6497614,36.204052,57.336845,0.5346319,24.80769,0.045,69,779.5944
7/26/2026 17:03,40721.72,40913.797,26.582958,24.556921,1.0170685,26.593967,7.954036,-68.95065,217.83829,4.1198716,56.249428,89.0918,0.5673956,24.754206,0.045,69,779.5944
7/26/2026 17:33,40752.074,40982.508,26.631681,24.538628,1.0171194,26.63863,7.964164,-69.5467,205.51682,4.4944606,61.329163,97.14614,0.71509194,24.705614,0.045,69,779.5944
7/26/2026 18:03,40655.324,40850.797,26.537365,24.597025,1.0170356,26.553019,8.020682,-72.94655,221.33827,6.844749,93.42088,147.96783,0.91046387,24.749477,0.045,69,779.5944
7/26/2026 18:33,40498.715,40969.156,26.615992,24.692142,1.0171963,26.629953,7.9168816,-66.64276,218.28174,4.4472795,60.35669,95.659355,1.3741808,24.398806,0.045,69,779.5944
7/26/2026 19:03,40477.047,41023.555,26.65333,24.70536,1.0172521,26.66531,7.866439,-63.60054,216.09784,4.492627,60.882725,96.50988,1.5403941,24.302523,0.036,69,779.5944
7/26/2026 19:33,40479.656,41141.145,26.735294,24.703768,1.0173552,26.741743,7.887349,-64.82124,207.49092,5.1537924,69.69932,110.51437,1.3137056,24.158192,0.036,69,779.5944
7/26/2026 20:03,40425.72,41136.66,26.730728,24.736729,1.0173699,26.738829,7.8189716,-60.715675,222.16321,4.9296956,66.59332,105.60145,0.8726326,24.095161,0.036,69,779.5944
7/26/2026 20:33,40456.21,41273.285,26.82664,24.718084,1.0174797,26.827637,7.8842325,-64.59236,195.8561,5.528911,74.55675,118.25723,0.7976536,23.963526,0.036,69,779.5944
7/26/2026 21:03,40395.23,41343.96,26.874107,24.755398,1.0175624,26.873575,7.874942,-64.00108,167.26016,5.314909,71.48319,113.41512,0.8119455,23.798573,0.036,69,779.5944
7/26/2026 21:33,40266.543,41358.754,26.88071,24.834513,1.0176185,26.88319,7.8334546,-61.483383,175.49515,4.771271,63.9694,101.52587,0.9526511,23.617373,0.036,69,779.5944
7/26/2026 22:03,40040.242,41312.74,26.842155,24.974874,1.017654,26.853281,7.813406,-60.23884,202.95143,4.2802806,57.141155,90.72479,0.6853993,23.387354,0.027,69,779.5944
7/26/2026 22:33,39902.355,41344.543,26.86004,25.061176,1.0177271,26.873953,7.7299657,-55.217743,206.80905,3.5782888,47.594067,75.594124,0.6364968,23.173708,0.027,69,779.5944
7/26/2026 23:03,40078.324,41346.227,26.866508,24.951143,1.0176704,26.875048,7.747088,-56.28109,213.09853,4.182632,55.852436,88.67757,0.65664077,23.39448,0.027,69,779.5944
7/26/2026 23:33,40101.934,41353.48,26.872242,24.936453,1.0176687,26.879763,7.685045,-52.580833,208.22525,3.315928,44.296978,70.32829,0.6958101,23.415466,0.027,69,779.5944
7/27/2026 0:03,40033.56,41304.01,26.8359,24.979044,1.0176487,26.847609,7.698141,-53.358078,223.04535,4.24819,56.713036,90.04469,0.777776,23.389603,0.027,69,779.5944
7/27/2026 0:33,40013.074,41311.42,26.840427,24.99183,1.0176618,26.852425,7.6690893,-51.617622,168.81467,2.532982,33.795025,53.66042,0.8762186,23.354542,0.027,69,779.5944
7/27/2026 1:03,40147.676,41139.074,26.72474,24.908043,1.0174668,26.740398,7.7802215,-58.32672,194.43512,4.240911,56.928917,90.33288,0.7480614,23.738287,0.027,69,779.5944
7/27/2026 1:33,40169.617,40886.477,26.549778,24.894438,1.0172371,26.57621,7.8497753,-62.556267,182.73354,5.1443095,69.40455,110.06194,0.31705463,24.082047,0.036,69,779.5944
7/27/2026 2:03,40013.426,40691.645,26.410135,24.991611,1.017119,26.44957,7.9120016,-66.2899,205.9269,5.4238515,73.175415,116.03244,0.30537292,24.127365,0.036,69,779.5944
7/27/2026 2:33,40237.7,40897.273,26.559113,24.852316,1.0172232,26.583227,7.8730984,-63.967705,218.60599,5.013755,67.73396,107.39864,0.68201274,24.155624,0.036,69,779.5944
7/27/2026 3:03,40168.46,40809.75,26.49638,24.895153,1.0171697,26.526337,7.851751,-62.69455,218.29605,4.833069,65.29431,103.52631,0.6233996,24.177273,0.036,69,779.5944
7/27/2026 3:33,39953.25,40640.34,26.372879,25.029253,1.0170945,26.416222,7.920494,-66.79535,218.54877,5.7966056,78.17067,123.95604,0.4042265,24.114836,0.036,69,779.5944
7/27/2026 4:03,39861.887,40541.914,26.302048,25.08662,1.0170392,26.352245,7.9710627,-69.823265,175.9386,6.3154225,85.14296,135.0104,0.73928374,24.12181,0.036,69,779.5944
7/27/2026 4:33,39803.98,40523.51,26.287727,25.123116,1.017043,26.340282,7.948075,-68.43567,145.50687,6.040404,81.35507,129.01584,0.87279075,24.07037,0.036,69,779.5944
7/27/2026 5:03,39812.27,40539.41,26.298992,25.117886,1.0170543,26.350616,7.9456406,-68.28785,185.18924,5.9177065,79.69457,126.38467,0.74423856,24.060907,0.036,69,779.5944
7/27/2026 5:33,39758.27,40521.797,26.285307,25.152,1.0170574,26.339169,7.9319544,-67.45815,186.47194,5.43135,73.07812,115.90165,1.1213552,24.01349,0.036,69,779.5944
7/27/2026 6:03,39680.605,40440.688,26.226902,25.20123,1.0170127,26.286446,7.9020553,-65.67001,199.3227,5.58385,75.10808,119.120636,0.5842486,24.01597,0.036,69,779.5944
7/27/2026 6:33,39695.125,40487.066,26.25949,25.19201,1.0170485,26.316593,7.873665,-63.962936,211.58218,4.7518663,63.88401,101.32659,0.6813323,23.975899,0.027,69,779.5944
7/27/2026 7:03,40105.895,40960.754,26.599682,24.93399,1.0173246,26.624489,7.7713737,-57.83081,218.52017,4.0171075,54.046406,85.73353,0.5199919,23.90732,0.036,69,779.5944
7/27/2026 7:33,40050.203,41014.14,26.63522,24.968662,1.0173904,26.659191,7.755629,-56.86283,198.16876,4.1873465,56.211876,89.19022,0.84740937,23.769497,0.036,69,779.5944
7/27/2026 8:03,39843.84,41028.527,26.639297,25.097982,1.0174726,26.668543,7.7067866,-53.892136,208.89758,3.233091,43.187885,68.558846,0.24411613,23.488232,0.027,69,779.5944
7/27/2026 8:33,39902.832,41085.01,26.680187,25.060879,1.0175021,26.705257,7.6743536,-51.956177,210.30426,2.1787534,29.113523,46.216003,0.43131194,23.493505,0.027,69,779.5944
7/27/2026 9:03,39946.473,41135.76,26.716654,25.033499,1.0175315,26.738245,7.7486324,-56.390762,161.20435,3.847174,51.41205,81.61461,0.396409,23.48632,0.027,69,779.5944
7/27/2026 9:33,39936.336,41231.535,26.782763,25.039854,1.0176181,26.800497,7.75568,-56.786537,189.8098,4.571382,60.971977,96.812416,0.35292673,23.355349,0.027,69,779.5944
7/27/2026 10:03,39760.055,41174.68,26.738068,25.150871,1.0176275,26.763542,7.725004,-54.926872,182.85275,4.451229,59.192173,94.01111,0.28267503,23.201218,0.027,69,779.5944
7/27/2026 10:33,39776.305,41145.824,26.71857,25.140596,1.0175971,26.744787,7.7345786,-55.508614,187.068,4.5246983,60.222305,95.63808,0.40823317,23.257353,0.018,69,779.5944
7/27/2026 11:03,39899.8,41261.297,26.802292,25.062782,1.017656,26.819843,7.743161,-56.023598,171.72813,4.5087214,60.054707,95.36948,0.16747864,23.272415,0.027,69,779.5944
7/27/2026 11:33,40037.527,41216.816,26.775536,24.976568,1.0175716,26.790932,7.7849913,-58.56514,168.89572,4.8939567,65.44115,103.88245,0.36508512,23.501999,0.027,69,779.5944
7/27/2026 12:03,39740.465,41198.832,26.754189,25.163269,1.0176548,26.779242,7.65171,-50.54474,200.70076,2.6763582,35.558926,56.481186,0.054479282,23.146688,0.018,69,779.5944
7/27/2026 12:33,39853.664,41201.79,26.759668,25.091795,1.0176198,26.781164,7.6569824,-50.883293,208.92621,2.8536103,38.009586,60.359383,0.26528698,23.286905,0.027,69,779.5944
7/27/2026 13:03,39874.46,41209.473,26.76562,25.078709,1.0176196,26.786158,7.7369094,-55.656433,211.21025,4.574355,60.949986,96.786026,0.26575893,23.303888,0.027,69,779.5944
7/27/2026 13:33,39901.53,41212.684,26.768654,25.061695,1.0176133,26.788246,7.703101,-53.64418,214.34308,3.3878298,45.16547,71.71714,0.03848454,23.334332,0.027,69,779.5944
7/27/2026 14:03,39909.875,40900.43,26.552336,25.056456,1.0173385,26.585281,7.8006663,-59.547424,231.30417,5.229903,70.12767,111.27745,0.46744218,23.732006,0.027,69,779.5944
7/27/2026 14:33,40171.29,40945.402,26.590803,24.8934,1.0172886,26.614511,7.899048,-65.488815,218.9064,5.995193,80.80139,128.15147,0.7945588,24.010157,0.036,69,779.5944
7/27/2026 15:03,40243.03,40932.45,26.583723,24.849022,1.0172524,26.606092,7.803037,-59.76677,217.1135,4.571368,61.725716,97.87855,0.19232358,24.11818,0.036,69,779.5944
7/27/2026 15:33,40410.445,40634.797,26.380676,24.746077,1.0169289,26.412619,7.8400936,-62.10804,190.25327,5.1404786,70.05044,110.959656,0.41391784,24.710932,0.054,69,779.5944
7/27/2026 16:03,40502.41,40752.53,26.465054,24.689888,1.0170016,26.489145,7.804975,-59.99565,213.05084,3.6721883,50.037704,79.26426,0.11390993,24.678661,0.045,69,779.5944
7/27/2026 16:33,40670.105,40753.062,26.469477,24.588085,1.0169426,26.489492,7.916784,-66.747665,196.18034,5.1977224,71.09119,112.57015,0.32800964,24.893423,0.036,69,779.5944
7/27/2026 17:03,40650.86,40736.832,26.457687,24.599726,1.0169349,26.478941,7.919262,-66.895485,219.17343,6.2346854,85.2626,135.01102,0.3217609,24.889507,0.045,69,779.5944
7/27/2026 17:33,40576.75,40781.28,26.486927,24.644655,1.0170012,26.507833,7.901146,-65.77492,217.1278,5.403003,73.70644,116.74506,0.42707428,24.737417,0.045,69,779.5944
7/27/2026 18:03,40321.69,40816.273,26.504921,24.800547,1.0171221,26.530577,7.802525,-59.785843,221.04263,4.6994925,63.70224,100.96781,0.21319507,24.36559,0.036,69,779.5944
7/27/2026 18:33,40420.9,40875.246,26.548553,24.739677,1.01714,26.568909,7.858465,-63.147545,227.62299,5.422989,73.59484,116.63645,1.2601837,24.418037,0.045,69,779.5944
7/27/2026 19:03,40351.34,40875.8,26.54715,24.782324,1.0171647,26.569271,7.8629236,-63.3955,220.55626,5.6360264,76.36559,121.04734,0.9423743,24.328243,0.045,69,779.5944
7/27/2026 19:33,40268.875,40892.277,26.556452,24.833075,1.0172081,26.579979,7.795587,-59.337616,134.7208,5.430851,73.427124,116.41603,0.94384015,24.201834,0.027,69,779.5944
7/27/2026 20:03,40202.4,40948.117,26.593533,24.874138,1.0172803,26.616276,7.791323,-59.051514,231.7381,5.07648,68.463936,108.57719,0.78701943,24.046528,0.036,69,779.5944
7/27/2026 20:33,40255.29,41043.5,26.661299,24.841455,1.0173461,26.678274,7.8103075,-60.17685,220.02698,4.5016546,60.679855,96.241295,0.9365192,23.994541,0.036,69,779.5944
7/27/2026 21:03,40187.785,41122.01,26.714008,24.883183,1.0174382,26.729307,7.7982492,-59.41868,178.83777,4.9214444,66.14416,104.94201,0.73609126,23.810556,0.036,69,779.5944
7/27/2026 21:33,40091.688,41175.918,26.74873,24.942827,1.0175178,26.764347,7.8124504,-60.2293,180.2969,5.213677,69.85274,110.86255,0.9002186,23.62138,0.027,69,779.5944
7/27/2026 22:03,39890.133,41120.56,26.704462,25.068855,1.0175371,26.728363,7.77827,-58.15029,208.61148,4.4885507,59.922813,95.1338,0.79273105,23.43338,0.027,69,779.5944
7/27/2026 22:33,39912.195,41179.336,26.74586,25.054998,1.0175809,26.766567,7.7511787,-56.524277,214.34308,3.5397975,47.230927,74.9898,0.9794161,23.388937,0.027,69,779.5944
7/27/2026 23:03,39772.07,41248.734,26.789703,25.143272,1.0176873,26.811678,7.6985373,-53.334236,178.36093,3.176572,42.19785,67.02872,0.6628701,23.125706,0.018,69,779.5944
7/27/2026 23:33,39785.766,41238.707,26.783178,25.134617,1.0176741,26.805159,7.6388154,-49.77703,208.52567,2.738725,36.399227,57.81505,0.4872124,23.15537,0.018,69,779.5944
7/28/2026 0:03,39750.562,41140.324,26.713987,25.156878,1.0176008,26.74121,7.6327677,-49.42894,230.46017,2.9716802,39.532814,62.78421,0.633639,23.231361,0.027,69,779.5944
7/28/2026 0:33,39779.32,41180.023,26.742355,25.138689,1.0176256,26.767015,7.6289654,-49.200058,218.02902,2.6938896,35.83541,56.913353,0.7422989,23.219154,0.018,69,779.5944
7/28/2026 1:03,39814.453,41213.28,26.766445,25.116507,1.0176427,26.788631,7.5684566,-45.5904,220.07465,1.2104197,16.104944,25.577503,0.26363373,23.222973,0.027,69,779.5944
7/28/2026 1:33,39801.82,41044.05,26.64882,25.12448,1.0175003,26.678635,7.620114,-48.704147,211.20071,1.6969603,22.640242,35.944893,0.24732034,23.415407,0.027,69,779.5944
7/28/2026 2:03,39841.695,40795.297,26.477455,25.099333,1.0172695,26.516943,7.7035985,-53.753853,227.19383,3.513538,47.12932,74.778244,0.8553155,23.776163,0.027,69,779.5944
7/28/2026 2:33,39822.125,40633.527,26.364614,25.111668,1.017134,26.411793,7.763567,-57.373047,217.89075,4.1126657,55.3032,87.719864,0.5478994,23.954512,0.036,69,779.5944
7/28/2026 3:03,39907.277,40758.367,26.45363,25.058086,1.0172147,26.492939,7.7321467,-55.48477,223.29807,2.96962,39.919525,63.324192,0.22132616,23.906734,0.018,69,779.5944
7/28/2026 3:33,40003.734,40741.258,26.444368,24.997665,1.0171663,26.481817,7.7168694,-54.597855,223.43158,3.2848434,44.267654,70.203514,0.3947815,24.052217,0.036,69,779.5944
7/28/2026 4:03,39599.3,40364.492,26.171833,25.252972,1.0169736,26.236921,7.722825,-54.945946,232.76329,2.841179,38.198826,60.58386,0.25454417,24.007483,0.036,69,779.5944
7/28/2026 4:33,39733.6,40407.66,26.205383,25.167616,1.0169649,26.26498,7.7708197,-57.840347,202.27432,2.8826525,38.845013,61.595642,0.6205236,24.126625,0.036,69,779.5944
7/28/2026 5:03,39674.707,40427.44,26.217556,25.204975,1.017003,26.277838,7.83276,-61.5263,195.99438,4.5790844,61.599697,97.69489,0.52210486,24.02516,0.036,69,779.5944
7/28/2026 5:33,39704.59,40441.598,26.228178,25.186005,1.0170052,26.287039,7.7937164,-59.194565,182.08981,4.2316427,56.949898,90.317154,0.5333764,24.045864,0.036,69,779.5944
7/28/2026 6:03,39524.082,40277.508,26.109455,25.301031,1.0169228,26.18038,7.800416,-59.59034,196.61426,4.433236,59.59606,94.517944,0.33365873,24.020632,0.036,69,779.5944
7/28/2026 6:33,39687.832,40459.676,26.240278,25.19664,1.0170269,26.29879,7.7590322,-57.110786,179.65793,3.882042,52.207672,82.80302,0.59505,24.001213,0.036,69,779.5944
7/28/2026 7:03,39811.49,40603.293,26.34333,25.118378,1.017111,26.39214,7.712391,-54.31652,147.64786,3.3107665,44.533806,70.63479,0.25897664,23.979008,0.036,69,779.5944
7/28/2026 7:33,39754.938,40540.035,26.297886,25.154108,1.0170747,26.351023,7.706391,-53.958893,187.95967,3.189471,42.896416,68.03689,0.37422782,23.98607,0.036,69,779.5944
7/28/2026 8:03,39709.26,40730.28,26.428623,25.183043,1.0172577,26.474684,7.6812053,-52.399635,199.99026,3.405927,45.60174,72.36571,0.2449803,23.687548,0.027,69,779.5944
7/28/2026 8:33,39718.055,40894.37,26.542637,25.177467,1.0173981,26.58134,7.6678047,-51.56517,193.62927,3.346118,44.677444,70.92275,0.16536885,23.493994,0.036,69,779.5944
7/28/2026 9:03,39716.004,40931.113,26.56804,25.178766,1.0174309,26.605225,7.626419,-49.085617,216.8703,3.2538385,43.414585,68.92377,0.050069004,23.445723,0.027,69,779.5944
7/28/2026 9:33,39761.133,40956.035,26.586636,25.150188,1.0174373,26.621424,7.6010323,-47.574043,216.24088,1.9348141,25.830393,41.00572,0.38270685,23.472498,0.018,69,779.5944
7/28/2026 10:03,39611.91,40956.816,26.582754,25.244932,1.0174879,26.621931,7.693595,-53.067207,194.52573,3.9707868,52.830452,83.89585,0.079745784,23.280777,0.027,69,779.5944
7/28/2026 10:33,39669.13,41032.016,26.636538,25.208519,1.017534,26.67081,7.664648,-51.33629,183.568,3.6502414,48.56373,77.12281,0.09248183,23.260984,0.018,69,779.5944
7/28/2026 11:03,39654.2,41101.395,26.684109,25.21801,1.017599,26.715908,7.662553,-51.193237,194.36836,3.624321,48.14274,76.46782,0.093380354,23.156527,0.018,69,779.5944
7/28/2026 11:33,39666.37,41144.14,26.714064,25.210272,1.017632,26.74369,7.6535463,-50.649643,184.40247,3.1621883,41.983833,66.68946,0.06343379,23.119535,0.027,69,779.5944
7/28/2026 12:03,39487.406,41074.004,26.660015,25.32453,1.0176305,26.698103,7.642596,-49.972534,203.88603,3.238836,42.879597,68.128624,0.038453057,22.977602,0.018,69,779.5944
7/28/2026 12:33,39594,41107.25,26.686316,25.256351,1.017624,26.719711,7.620178,-48.651695,183.6586,2.7231772,36.11924,57.37835,0.03580361,23.072657,0.018,69,779.5944
7/28/2026 13:03,39661.49,41046.605,26.646404,25.213375,1.0175493,26.680294,7.661292,-51.13125,191.99371,3.517191,46.773193,74.282814,0.037688304,23.233246,0.018,69,779.5944
7/28/2026 13:33,39762.152,41108.777,26.692495,25.149544,1.0175697,26.720707,7.657068,-50.88806,207.71027,3.1338828,41.725143,66.25991,0.12374696,23.28494,0.027,69,779.5944
7/28/2026 14:03,39670.598,41017.055,26.626223,25.207586,1.0175207,26.661085,7.5942745,-47.14012,219.37848,1.5258666,20.306612,32.24729,0.033352293,23.281322,0.027,69,779.5944
7/28/2026 14:33,39679.184,40929.562,26.565886,25.202131,1.0174419,26.604216,7.590523,-46.93508,209.02634,0.9610038,12.811874,20.341352,0.03940369,23.400549,0.027,69,779.5944
7/28/2026 15:03,40145.81,40814.37,26.498995,24.9092,1.0171818,26.52934,7.734837,-55.68981,224.92886,2.3729858,32.03972,50.803223,0.036729928,24.14238,0.036,69,779.5944
7/28/2026 15:33,40198.73,40782.277,26.478064,24.876408,1.0171348,26.50848,7.77623,-58.18844,220.06512,4.046836,54.737064,86.77599,0.03736965,24.250843,0.036,69,779.5944
7/28/2026 16:03,40251.094,40603.492,26.354918,24.844046,1.0169573,26.392271,7.8404303,-62.093735,221.89618,5.0203853,68.20728,108.072914,0.44509232,24.545599,0.045,69,779.5944
7/28/2026 16:33,40420.035,40707.855,26.431858,24.740206,1.016991,26.460106,7.819456,-60.85396,210.53314,5.002817,68.09838,107.883705,0.65888894,24.62982,0.045,69,779.5944
7/28/2026 17:03,40421.664,40757.145,26.466257,24.739208,1.0170344,26.492144,7.8107533,-60.3199,217.30423,4.5054626,61.2755,97.085495,0.40502405,24.56905,0.045,69,779.5944
7/28/2026 17:33,40338.598,40642.45,26.384245,24.790154,1.0169611,26.417593,7.830188,-61.49292,193.65787,4.154394,56.513348,89.533775,0.76513565,24.608576,0.045,69,779.5944
7/28/2026 18:03,40336.234,40607.383,26.35974,24.791605,1.0169307,26.3948,7.8274193,-61.335564,212.40234,5.100405,69.42296,109.97799,0.7376121,24.650402,0.036,69,779.5944
7/28/2026 18:33,40265.03,40773.035,26.473354,24.835445,1.0171036,26.502474,7.7788596,-58.36487,211.43436,4.349905,58.9344,93.41381,0.78571093,24.347681,0.045,69,779.5944
7/28/2026 19:03,40267.098,40814.31,26.50214,24.834171,1.0171396,26.5293,7.7994075,-59.58557,191.11633,4.4176793,59.81056,94.81107,0.66355056,24.298046,0.036,69,779.5944
7/28/2026 19:33,40172.1,40789.82,26.482615,24.892897,1.0171509,26.513384,7.7741427,-58.054924,180.68314,4.016311,54.284096,86.06466,0.4860853,24.207125,0.036,69,779.5944
7/28/2026 20:03,39768.58,40762.633,26.452744,25.145481,1.0172659,26.495712,7.7351933,-55.63259,190.06253,2.525065,33.833885,53.687866,0.8320407,23.72322,0.036,69,779.5944
7/28/2026 20:33,39591.473,40992.26,26.606682,25.257965,1.0175256,26.64497,7.724495,-54.898262,197.82066,3.4805396,46.25678,73.46547,0.8123546,23.210888,0.018,69,779.5944
7/28/2026 21:03,39540.473,41057.227,26.650066,25.290543,1.0175984,26.687197,7.6900826,-52.819252,201.4494,2.1770825,28.866474,45.857277,0.71306914,23.065842,0.018,69,779.5944
7/28/2026 21:33,39561.727,41127.285,26.699175,25.276955,1.0176518,26.732737,7.667705,-51.47457,178.57552,2.5728502,34.08803,54.157608,0.5545903,23.007004,0.018,69,779.5944
7/28/2026 22:03,39391.36,41084.914,26.66453,25.386278,1.0176712,26.705194,7.6601048,-50.992966,206.65646,2.9446745,38.89189,61.806858,0.61896133,22.84184,0.018,69,779.5944
7/28/2026 22:33,39472.426,41185.09,26.7363,25.33414,1.0177307,26.770308,7.657519,-50.83561,191.21646,2.6827314,35.43495,56.314884,0.7129311,22.8228,0.018,69,779.5944
7/28/2026 23:03,39397.324,41185.184,26.733955,25.382435,1.0177552,26.77037,7.632658,-49.33834,189.80502,2.4181275,31.885006,50.681175,0.68010885,22.72721,0.018,69,779.5944
7/28/2026 23:33,39372.496,41190.605,26.736889,25.398441,1.0177679,26.773893,7.617793,-48.446655,187.56866,1.8664056,24.59376,39.094215,0.5480043,22.689062,0.018,69,779.5944
7/29/2026 0:03,39278.445,41109.27,26.677702,25.459255,1.0177288,26.721025,7.615048,-48.279762,207.56244,2.0679703,27.230366,43.286846,0.44719428,22.668297,0.018,69,779.5944
7/29/2026 0:33,39295.668,41151.605,26.707476,25.448097,1.0177594,26.748545,7.610645,-48.012733,203.54271,1.772985,23.337725,37.100708,0.65628064,22.638744,0.027,69,779.5944
7/29/2026 1:03,39362.293,41208.652,26.749018,25.405024,1.0177866,26.785624,7.586501,-46.577454,216.88461,1.3466073,17.734503,28.192373,0.63722014,22.654182,0.018,69,779.5944
7/29/2026 1:33,39336.11,41172.027,26.722889,25.421934,1.0177639,26.761818,7.5059223,-41.78047,197.89218,0.17520052,2.3074663,3.6680903,0.42467043,22.665369,0.018,68,779.5944
7/29/2026 2:03,39118.66,40891.91,26.52259,25.563248,1.0175948,26.579742,7.496884,-41.251183,215.2729,0.21635038,2.84939,4.529084,0.23210473,22.729616,0.018,68,779.5944
7/29/2026 2:33,39314.34,41108.875,26.678596,25.436012,1.017717,26.720768,7.533825,-43.4494,187.61157,0.6557211,8.641505,13.735951,0.3950557,22.71449,0.018,68,779.5944
7/29/2026 3:03,39408.656,40874.645,26.519762,25.375135,1.0174845,26.56852,7.5907817,-46.90647,210.03247,0.80610025,10.690967,16.98205,0.3298244,23.122229,0.018,68,779.5944
7/29/2026 3:33,39392.63,40808.242,26.473358,25.38546,1.0174323,26.525358,7.575432,-46.00048,203.44734,0.58616483,7.780475,12.357594,0.30014724,23.1838,0.027,68,779.5944
7/29/2026 4:03,39293.094,40569.953,26.305567,25.449764,1.0172589,26.37047,7.5676446,-45.56179,219.33078,0.70567083,9.385697,14.902859,0.09854212,23.352196,0.027,68,779.5944
7/29/2026 4:33,39205.773,40346.047,26.148123,25.506447,1.0170932,26.224932,7.5669727,-45.547485,174.16,1.0149605,13.527322,21.472834,0.39786565,23.520298,0.027,68,779.5944
7/29/2026 5:03,39146.21,40254.63,26.083168,25.545256,1.0170333,26.165508,7.4881644,-40.84587,208.45413,0.64182985,8.556818,13.581921,0.082332455,23.558367,0.027,68,779.5944
7/29/2026 5:33,38888.324,40041.81,25.928617,25.714659,1.0169355,26.027176,7.607288,-47.950745,196.39493,1.346199,17.910347,28.431702,0.3664388,23.49178,0.036,68,779.5944
7/29/2026 6:03,38677.242,39832.23,25.777771,25.854998,1.0168246,25.890951,7.57322,-45.91465,226.74084,1.5471654,20.562605,32.642574,0.070444755,23.481867,0.027,68,779.5944
7/29/2026 6:33,38620.164,39806.637,25.75846,25.89321,1.0168219,25.874313,7.56151,-45.20893,216.86554,0.8941402,11.873346,18.84999,0.058066525,23.439482,0.027,68,779.5944
7/29/2026 7:03,38948.28,40159.18,26.011467,25.675074,1.0170177,26.103468,7.561317,-45.194626,198.81248,0.9858929,13.106584,20.808514,0.07322996,23.421339,0.018,68,779.5944
7/29/2026 7:33,39180.04,40436.785,26.210146,25.523201,1.0171812,26.28391,7.5977855,-47.364235,218.48679,1.730024,23.005703,36.52778,0.2042753,23.37281,0.027,68,779.5944
7/29/2026 8:03,38954.746,40142.445,26.000084,25.670813,1.0170009,26.092588,7.595979,-47.268867,210.55222,1.1663617,15.512887,24.627602,0.0974925,23.450933,0.027,68,779.5944
7/29/2026 8:33,39152.793,40427.297,26.202784,25.540962,1.0171821,26.277744,7.6271653,-49.114227,216.56036,2.0933077,27.8239,44.17975,0.30404392,23.349434,0.027,68,779.5944
7/29/2026 9:03,38973.168,40512.98,26.256563,25.658678,1.0173168,26.333437,7.5949984,-47.14012,205.48343,1.1075585,14.637512,23.255331,0.03873725,23.01006,0.018,68,779.5944
7/29/2026 9:33,38961.062,40555.89,26.285797,25.66665,1.017358,26.36133,7.5778236,-46.105385,215.5733,0.77792823,10.270233,16.318708,0.03682378,22.941143,0.018,68,779.5944
7/29/2026 10:03,38835.77,40432.895,26.19706,25.749458,1.0172933,26.281382,7.600887,-47.478676,185.4229,0.9788595,12.914174,20.520073,0.03308877,22.931902,0.009,68,779.5944
7/29/2026 10:33,38945.625,40579.203,26.301395,25.676825,1.0173831,26.376482,7.630116,-49.214363,190.01483,2.490861,32.85874,52.2146,0.038403373,22.892328,0.018,68,779.5944
7/29/2026 11:03,38996.047,40647.086,26.349808,25.643625,1.017425,26.420607,7.620327,-48.627853,191.33568,2.0828524,27.474764,43.6605,0.07333323,22.873358,0.018,68,779.5944
7/29/2026 11:33,39048.316,40722.36,26.403385,25.609299,1.0174724,26.469534,7.6312804,-49.276352,171.41342,2.6446424,34.8802,55.430943,0.039263874,22.847712,0.018,68,779.5944
7/29/2026 12:03,38976.766,40679.855,26.371803,25.656311,1.0174594,26.441906,7.6173058,-48.43712,174.43657,2.4009643,31.638136,50.282032,0.038927913,22.808077,0.018,68,779.5944
7/29/2026 12:33,39013.633,40747.89,26.419895,25.632065,1.0175058,26.48613,7.598757,-47.326088,196.8956,2.1034348,27.707169,44.03727,0.03581553,22.771692,0.018,68,779.5944
7/29/2026 13:03,39062.33,40818.79,26.470352,25.600113,1.0175506,26.532213,7.547353,-44.260025,195.97531,0.34779364,4.5805755,7.280578,0.030965766,22.747082,0.018,68,779.5944
7/29/2026 13:33,39121.812,40709.47,26.396797,25.561188,1.0174371,26.461155,7.5687404,-45.56656,185.4229,0.7201523,9.516449,15.120567,0.033066016,22.958132,0.018,68,779.5944
7/29/2026 14:03,39009.348,40603.336,26.320036,25.634882,1.0173827,26.39217,7.604692,-47.707558,209.81789,1.7313918,22.863804,36.32883,0.0377962,22.944632,0.009,68,779.5944
7/29/2026 14:33,39037.03,40569.145,26.297298,25.616703,1.017344,26.369946,7.647346,-50.263405,182.49988,2.1634748,28.605707,45.446312,0.056044668,23.02275,0.018,68,779.5944
7/29/2026 15:03,39172.926,40717.69,26.404062,25.527836,1.0174272,26.4665,7.6145024,-48.303604,217.51404,0.58574164,7.7482667,12.309978,0.03762467,23.013693,0.018,68,779.5944
7/29/2026 15:33,39141.332,40688.457,26.382896,25.54844,1.0174124,26.447496,7.4790354,-40.225983,204.03862,0.053040937,0.701492,1.1144964,0.027783426,23.00923,0.018,68,779.5944
7/29/2026 16:03,39200.14,40546.59,26.28666,25.510113,1.01727,26.355284,7.5983233,-47.37854,226.42136,1.1330034,15.043468,23.890131,0.033466294,23.261393,0.027,68,779.5944
7/29/2026 16:33,39506.297,40464.496,26.238657,25.31242,1.017094,26.301924,7.659292,-51.10264,213.23682,2.3243968,31.12713,49.389572,0.036675546,23.760208,0.027,68,779.5944
7/29/2026 17:03,39503.52,40409.516,26.200459,25.3142,1.0170465,26.266186,7.648176,-50.44937,218.70613,1.5696679,21.040009,33.38043,0.052675538,23.82616,0.036,68,779.5944
7/29/2026 17:33,39647.617,40350.746,26.163576,25.222197,1.0169445,26.227985,7.6962013,-53.367615,209.70345,2.6783273,36.058346,57.18087,0.033371765,24.087675,0.036,68,779.5944
7/29/2026 18:03,39578.332,40202.754,26.058998,25.26635,1.0168375,26.13179,7.711995,-54.330826,215.70206,3.577648,48.220806,76.4544,0.036772043,24.186817,0.036,68,779.5944
7/29/2026 18:33,39497.742,40357.65,26.164337,25.317904,1.0170028,26.232471,7.6712947,-51.841736,222.73064,2.9432366,39.483723,62.63534,0.0392374,23.884441,0.027,68,779.5944
7/29/2026 19:03,39413.086,40442.9,26.221071,25.372284,1.017107,26.287884,7.671611,-51.822662,207.47662,1.4789814,19.771162,31.376125,0.2653186,23.666842,0.036,68,779.5944
7/29/2026 19:33,39519.41,40429.297,26.214613,25.304022,1.0170585,26.279045,7.6966014,-53.343773,171.65662,2.7167366,36.415516,57.774464,0.09165757,23.821693,0.036,68,779.5944
7/29/2026 20:03,39390.4,40332.215,26.143753,25.386898,1.0170175,26.21594,7.633637,-49.57199,225.26263,2.18694,29.27925,46.456135,0.0367261,23.777412,0.027,68,779.5944
7/29/2026 20:33,39113.098,40231.84,26.066454,25.566883,1.0170249,26.150696,7.6298184,-49.304962,219.53107,2.8086214,37.431263,59.41471,0.18729596,23.544113,0.036,68,779.5944
7/29/2026 21:03,39540.207,40355.324,26.16388,25.290712,1.0169861,26.23096,7.707958,-54.044724,216.42209,2.998235,40.26252,63.864258,0.6217466,23.942488,0.036,68,779.5944
7/29/2026 21:33,39655.44,40495.72,26.264425,25.21722,1.0170699,26.322218,7.7586756,-57.07264,197.82544,5.1565046,69.2502,109.850006,0.8541202,23.913622,0.036,68,779.5944
7/29/2026 22:03,39568.516,40415.918,26.20668,25.27262,1.0170296,26.270348,7.729609,-55.332184,221.72928,3.3610082,45.113266,71.56358,0.70934135,23.902246,0.018,68,779.5944
7/29/2026 22:33,39639.598,40537.203,26.292763,25.227299,1.017112,26.349182,7.755082,-56.843758,177.207,3.4752862,46.61967,73.96122,1.0380806,23.840693,0.036,68,779.5944
7/29/2026 23:03,39644.098,40598.176,26.335184,25.224436,1.0171641,26.388813,7.7491674,-56.476593,169.95908,2.8303556,37.929962,60.182674,1.0225172,23.769608,0.027,68,779.5944
7/29/2026 23:33,39616.562,40656.49,26.374846,25.241968,1.0172246,26.426718,7.744965,-56.204796,169.83986,2.6352744,35.256012,55.950607,0.97519255,23.660818,0.027,68,779.5944
7/30/2026 0:03,39512.94,40591.918,26.327143,25.308165,1.0172035,26.384747,7.73715,-55.72796,174.3269,2.3359857,31.214483,49.541298,1.0632945,23.60832,0.027,68,779.5944
7/30/2026 0:33,39492.32,40603.688,26.334713,25.321379,1.0172209,26.392397,7.6683106,-51.608086,177.62184,1.3783681,18.40572,29.214287,1.0115161,23.566961,0.027,68,779.5944
7/30/2026 1:03,39517.965,40646.68,26.365232,25.304947,1.0172496,26.420343,7.624305,-48.975945,195.26482,0.91205585,12.176574,19.327835,1.0331156,23.54613,0.027,68,779.5944
7/30/2026 1:33,39518.453,40632.125,26.35516,25.304634,1.0172367,26.410883,7.633193,-49.510002,193.49098,1.2770642,17.05439,27.069494,0.8688602,23.564993,0.036,68,779.5944
7/30/2026 2:03,39477.785,40533.06,26.285364,25.330702,1.017164,26.346487,7.6543803,-50.787926,210.69049,1.2578901,16.812918,26.68288,0.7840276,23.636917,0.027,68,779.5944
7/30/2026 2:33,39474.65,40530.51,26.283512,25.332714,1.0171627,26.344833,7.547362,-44.39354,205.99841,0.12488711,1.6691957,2.649095,0.7253808,23.636072,0.036,68,779.5944
7/30/2026 3:03,39498.203,40545.938,26.29487,25.317608,1.0171682,26.35486,7.62642,-49.118996,222.93091,0.4812815,6.4343114,10.211372,1.0207978,23.647085,0.027,68,779.5944
7/30/2026 3:33,39392.4,40411.67,26.198864,25.385609,1.0170866,26.267588,7.574543,-46.024323,212.245,0.12292366,1.6434103,2.6079752,0.61313766,23.679462,0.027,68,779.5944
7/30/2026 4:03,39129.47,40109.53,25.98227,25.556187,1.0169117,26.071196,7.5850472,-46.658516,227.52286,0.91912925,12.281831,19.488989,0.7067217,23.720695,0.027,68,779.5944
7/30/2026 4:33,39137.758,40112.63,25.984646,25.550774,1.0169116,26.073208,7.669519,-51.70822,222.08214,1.4033338,18.754509,29.759579,0.84941113,23.727571,0.027,68,779.5944
7/30/2026 5:03,39028.797,40009.11,25.909964,25.622107,1.0168582,26.00592,7.6374755,-49.791336,219.49768,1.5283034,20.412098,32.390423,0.9292969,23.717157,0.036,68,779.5944
7/30/2026 5:33,38971.223,39958.633,25.87344,25.65996,1.0168338,25.973112,7.659368,-51.09787,215.38734,1.577221,21.056978,33.414368,0.9197366,23.706244,0.027,68,779.5944
7/30/2026 6:03,38751.953,39721.72,25.703499,25.805151,1.0167013,25.819118,7.6535788,-50.754547,222.1489,1.6092595,21.469604,34.068226,0.7537156,23.721783,0.027,68,779.5944
7/30/2026 6:33,38545.71,39477.496,25.529013,25.943224,1.0165578,25.660372,7.6173205,-48.594475,219.20682,0.21855733,2.9151027,4.625376,0.5003309,23.764246,0.036,68,779.5944
7/30/2026 7:03,38474.707,39387.918,25.465181,25.9911,1.0165036,25.602148,7.681473,-52.433014,212.78381,1.0933446,14.583245,23.13826,0.64474064,23.786123,0.036,68,779.5944
7/30/2026 7:33,38783.086,39740.035,25.717031,25.784435,1.0167066,25.831022,7.670921,-51.794052,190.55367,1.0891366,14.536125,23.065393,0.5828744,23.739252,0.027,68,779.5944
7/30/2026 8:03,38891.934,39853.297,25.798368,25.712273,1.0167686,25.904644,7.6416483,-50.04406,212.7266,0.89858794,11.998112,19.038239,0.53591555,23.737036,0.027,68,779.5944
7/30/2026 8:33,38902.945,39815.16,25.772284,25.704994,1.0167309,25.879854,7.627112,-49.185753,209.75113,1.3367008,17.865171,28.344757,0.5659704,23.800459,0.027,68,779.5944
7/30/2026 9:03,39133.535,40105.75,25.979763,25.553532,1.0169071,26.068737,7.6166143,-48.54679,178.70425,1.2951815,17.309626,27.466686,0.65762806,23.730822,0.027,68,779.5944
7/30/2026 9:33,39141.836,40237.312,26.071062,25.548111,1.0170197,26.154253,7.6647763,-51.398277,182.68109,2.116444,28.222374,44.79507,0.5519739,23.574585,0.027,68,779.5944
7/30/2026 10:03,38983.29,40074.18,25.953703,25.652018,1.0169313,26.048218,7.644341,-50.177574,206.76613,1.0703298,14.263063,22.638588,0.59768295,23.574774,0.036,68,779.5944
7/30/2026 10:33,39014.04,40165.51,26.01774,25.6318,1.0170007,26.107584,7.7081113,-53.973198,181.87523,3.9300535,52.320503,83.054924,0.74334896,23.499046,0.027,68,779.5944
7/30/2026 11:03,38967.184,40161.246,26.01344,25.662619,1.017013,26.10481,7.7082806,-53.973198,176.45358,2.4034579,31.964731,50.746513,0.9413038,23.443367,0.027,68,779.5944
7/30/2026 11:33,39103.74,40303.836,26.115982,25.573002,1.017091,26.197493,7.6886425,-52.80018,183.75873,1.3876028,18.464546,29.314028,0.8613246,23.441032,0.027,68,779.5944
7/30/2026 12:03,38972.98,40223.06,26.056332,25.658802,1.017065,26.144987,7.6806984,-52.313805,184.30234,1.5189034,20.180367,32.04179,0.862047,23.372847,0.027,68,779.5944
7/30/2026 12:33,39018.19,40292.316,26.105516,25.62907,1.0171101,26.190004,7.670797,-51.71776,179.41475,1.7517241,23.268503,36.946846,0.7074718,23.344397,0.027,68,779.5944
7/30/2026 13:03,39082.973,40405.074,26.18536,25.58659,1.0171863,26.263298,7.6747203,-51.94187,171.75674,1.6640638,22.091738,35.08177,0.6789246,23.286846,0.027,68,779.5944
7/30/2026 13:33,39067.586,40358.47,26.152695,25.596668,1.017151,26.233006,7.6709323,-51.722527,177.1307,1.0892924,14.46837,22.97432,0.56796926,23.325373,0.018,68,779.5944
7/30/2026 14:03,39016.25,40311.227,26.118528,25.630346,1.0171272,26.202297,7.6552944,-50.787926,188.88474,1.5670811,20.8077,33.04095,0.524995,23.31809,0.027,68,779.5944
7/30/2026 14:33,39018.113,40293.977,26.106665,25.629122,1.0171117,26.191086,7.6322184,-49.414635,192.95692,0.7931243,10.53491,16.727898,0.43658215,23.342207,0.009,68,779.5944
7/30/2026 15:03,39071.605,40334.59,26.13631,25.594034,1.0171288,26.217484,7.6484623,-50.387383,195.56999,0.36941534,4.909301,7.795006,0.48047468,23.36059,0.027,68,779.5944
7/30/2026 15:33,39039.723,40263.406,26.086168,25.614937,1.0170777,26.171215,7.5906606,-46.94462,199.53728,0.033208616,0.441572,0.7010719,0.32245392,23.408798,0.027,68,779.5944
7/30/2026 16:03,38993.215,40156.902,26.01119,25.645487,1.0170003,26.101988,7.630628,-49.34311,222.12982,0.17331047,2.3065176,3.661529,0.3500691,23.4828,0.027,68,779.5944
7/30/2026 16:33,38955.164,39968.816,25.880037,25.670538,1.0168483,25.979733,7.7732573,-57.897568,203.18509,1.6229787,21.655674,34.366455,0.64799154,23.672192,0.027,68,779.5944
7/30/2026 17:03,38820.02,39733.938,25.713818,25.759905,1.0166883,25.82706,7.7382364,-55.828094,192.33228,0.5275009,7.0471683,11.18108,0.52561706,23.795765,0.036,68,779.5944
7/30/2026 17:33,39018.516,39982.547,25.891296,25.628859,1.0168384,25.988655,7.6998057,-53.520203,190.7587,0.13844924,1.8496059,2.9348953,0.33277613,23.737627,0.036,68,779.5944
7/30/2026 18:03,38744.15,39460.363,25.522482,25.810349,1.0164723,25.649235,7.771468,-57.86419,210.19936,0.8601605,11.530171,18.285639,0.33475354,24.049728,0.036,68,779.5944
7/30/2026 18:33,38969.203,39674.51,25.67668,25.66129,1.016583,25.788433,7.798978,-59.514046,211.29608,2.9208975,39.201767,62.167706,0.4262588,24.069248,0.036,68,779.5944
7/30/2026 19:03,38965.58,39491.97,25.550085,25.663677,1.0164212,25.66978,7.88149,-64.50176,211.52972,3.817776,51.41129,81.49603,0.84675366,24.302143,0.036,68,779.5944
7/30/2026 19:33,39005.875,39744.844,25.726364,25.637163,1.0166324,25.83415,7.8112354,-60.23884,189.59999,2.8990343,38.89022,61.678333,0.8252707,24.026552,0.036,68,779.5944
7/30/2026 20:03,38907.074,39704.582,25.695856,25.702267,1.0166317,25.807978,7.695025,-53.272247,218.40096,2.4282396,32.524113,51.589085,1.0330741,23.948374,0.036,68,779.5944
7/30/2026 20:33,38926.926,39757.617,25.733107,25.68916,1.0166717,25.842453,7.7059956,-53.920746,214.13803,1.4788315,19.797106,31.404116,1.5240748,23.906076,0.036,68,779.5944
7/30/2026 21:03,39019.367,39812.9,25.773863,25.6283,1.0166881,25.878384,7.7630825,-57.344437,210.57605,1.5033494,20.147932,31.957779,1.8363487,23.956467,0.036,68,779.5944
7/30/2026 21:33,39030.816,40008.457,25.909567,25.62078,1.0168569,26.005497,7.663236,-51.33152,203.97662,0.8165676,10.9067745,17.307032,1.2591949,23.720634,0.027,68,779.5944
7/30/2026 22:03,39038.043,40057.145,25.94346,25.616037,1.0168973,26.037144,7.710629,-54.154396,202.0073,2.1989577,29.349552,46.576584,1.3389056,23.668001,0.027,68,779.5944
7/30/2026 22:33,39063.574,40117.23,25.985748,25.599297,1.0169412,26.0762,7.758806,-57.024956,154.29974,2.9695084,39.61366,62.870033,1.4761378,23.624899,0.036,68,779.5944
7/30/2026 23:03,39135.3,40205.08,26.04857,25.552378,1.0169938,26.133303,7.6875095,-52.76203,194.4685,0.36577642,4.8797226,7.7447524,1.2746087,23.60691,0.027,68,779.5944
7/30/2026 23:33,39105.547,40233.84,26.067617,25.57182,1.0170293,26.151995,7.734357,-55.54676,178.05576,1.0483837,13.969145,22.173727,1.3803468,23.531761,0.027,68,779.5944
7/31/2026 0:03,39054.67,40209.656,26.049438,25.605131,1.0170255,26.136276,7.7335105,-55.48954,204.31995,1.5138022,20.1558,31.995995,1.390048,23.496122,0.027,68,779.5944
7/31/2026 0:33,39097.875,40329.816,26.133778,25.576838,1.0171157,26.21438,7.715599,-54.40235,202.28386,1.0430075,13.870569,22.02223,1.5151104,23.4007,0.027,68,779.5944
7/31/2026 1:03,39103.14,40331.61,26.135166,25.573393,1.0171155,26.215546,7.65768,-50.945282,209.0168,0.42762396,5.6873245,9.029666,1.2980953,23.40528,0.027,68,779.5944
7/31/2026 1:33,39094.89,40325.215,26.130508,25.57879,1.0171127,26.21139,7.651378,-50.56858,183.13885,0.5700236,7.580654,12.035726,1.1964828,23.402613,0.027,68,779.5944
7/31/2026 2:03,39036.2,40258.453,26.08264,25.617249,1.0170743,26.167995,7.623562,-48.909187,204.27228,0.4501524,5.9856887,9.503287,1.1389467,23.410463,0.027,68,779.5944
7/31/2026 2:33,39076.39,40303.605,26.115025,25.5909,1.0171002,26.197344,7.635315,-49.610138,197.23416,0.40520906,5.3886323,8.555429,1.1254075,23.4058,0.027,68,779.5944
7/31/2026 3:03,39129.87,40333.61,26.137331,25.555923,1.0171082,26.216846,7.566866,-45.52841,184.3071,0.06488531,0.86346734,1.3708358,1.201605,23.437458,0.027,68,779.5944
7/31/2026 3:33,39084.527,40265.004,26.08857,25.585573,1.0170636,26.172253,7.6002536,-47.52636,208.71162,0.13815501,1.8388938,2.9192786,1.1103535,23.465042,0.027,68,779.5944
7/31/2026 4:03,38940.734,40113.477,25.979658,25.68005,1.0169803,26.073761,7.6342587,-49.557686,225.45815,0.44850403,5.966449,9.47178,1.4973432,23.469337,0.027,68,779.5944
7/31/2026 4:33,38619.047,39826.25,25.771965,25.893959,1.0168394,25.887064,7.650709,-50.530434,208.41599,0.63392025,8.414564,13.359475,1.4073528,23.413,0.027,68,779.5944
7/31/2026 5:03,38783.914,39983.86,25.885569,25.783886,1.0169207,25.98951,7.607379,-47.945976,218.48203,0.6513311,8.653745,13.738846,1.3214374,23.428757,0.027,68,779.5944
7/31/2026 5:33,38530.5,39755.83,25.720802,25.953465,1.0168083,25.841288,7.693678,-53.09105,189.51416,1.8618069,24.694368,39.208088,1.3771988,23.386314,0.027,68,779.5944
7/31/2026 6:03,38201.652,39441.03,25.494183,26.176878,1.016646,25.636671,7.637136,-49.710274,217.21362,0.50675535,6.708902,10.652527,1.3799298,23.354788,0.027,68,779.5944
7/31/2026 6:33,37894.56,39203.223,25.321465,26.389013,1.0165441,25.482096,7.651328,-50.53997,212.70276,1.0162959,13.416816,21.307215,1.2187825,23.252274,0.018,68,779.5944
7/31/2026 7:03,37907.676,39198.902,25.318867,26.37988,1.0165358,25.479286,7.69489,-53.1435,221.39072,0.16635367,2.1970181,3.4889424,0.9947023,23.275373,0.018,68,779.5944
7/31/2026 7:33,37691.215,39006.895,25.180445,26.531382,1.0164428,25.35448,7.6755943,-51.984787,202.52704,0.4355912,5.7440057,9.122325,0.83058727,23.234064,0.027,68,779.5944
7/31/2026 8:03,37875.043,39124.25,25.266531,26.40261,1.0164815,25.430763,7.689059,-52.804947,219.40231,0.47988716,6.3418818,10.070221,0.8685341,23.32831,0.027,68,779.5944
7/31/2026 8:33,38475.473,39635.875,25.63644,25.990583,1.0167221,25.763319,7.634824,-49.591064,221.19522,0.12329687,1.6369185,2.5986297,0.8907681,23.467192,0.027,68,779.5944
7/31/2026 9:03,38540.215,39624.348,25.630318,25.946924,1.0166895,25.755825,7.662961,-51.288605,173.13004,0.7017239,9.332482,14.81287,0.91480464,23.567526,0.027,68,779.5944
7/31/2026 9:33,38604.477,39717.48,25.696444,25.903732,1.0167489,25.816362,7.654998,-50.807,203.6047,0.83781177,11.139787,17.682554,0.68439716,23.532825,0.027,68,779.5944
7/31/2026 10:03,38875.367,39980.87,25.886124,25.72323,1.0168865,25.987566,7.591318,-47.006607,219.80762,0.27346018,3.6412299,5.7796507,0.7603004,23.552313,0.027,68,779.5944
7/31/2026 10:33,39015.68,40124.207,25.989222,25.63072,1.0169641,26.080736,7.6666737,-51.50795,204.22458,2.2495944,29.972626,47.574837,1.0966463,23.55354,0.027,68,779.5944
7/31/2026 11:03,39146.008,40246.824,26.077755,25.54539,1.0170267,26.160437,7.6419654,-50.034523,219.44046,0.69670427,9.289693,14.744941,1.1624924,23.567974,0.027,68,779.5944
7/31/2026 11:33,39177.375,40247.938,26.079418,25.524937,1.017017,26.16116,7.7029924,-53.687096,181.9086,2.1544838,28.74765,45.626205,0.9083147,23.607372,0.027,68,779.5944
7/31/2026 12:03,39393.586,40287.87,26.113104,25.384844,1.0169773,26.187117,7.7454414,-56.266785,207.448,2.445367,32.768234,51.986446,1.0954578,23.837835,0.027,68,779.5944
7/31/2026 12:33,39403.54,40386.863,26.18199,25.378431,1.017061,26.251463,7.7154007,-54.450035,196.51889,2.161446,28.91771,45.88668,1.4010555,23.725252,0.018,68,779.5944
7/31/2026 13:03,39469.34,40433.88,26.216404,25.336123,1.0170798,26.28202,7.686283,-52.714348,191.617,0.8074233,10.809468,17.151714,1.1116104,23.75106,0.027,68,779.5944
7/31/2026 13:33,39491.824,40404.64,26.196754,25.321697,1.0170462,26.263018,7.7017994,-53.653717,191.57886,0.8601587,11.527579,18.289042,0.8990458,23.817183,0.027,68,779.5944
7/31/2026 14:03,39464.375,40437.684,26.2189,25.33931,1.0170848,26.284496,7.68145,-52.423477,189.0993,0.797967,10.680909,16.94806,0.8234779,23.739822,0.036,68,779.5944
7/31/2026 14:33,39537.023,40394.484,26.190956,25.29275,1.0170218,26.256414,7.6727176,-51.927567,189.87656,0.49201941,6.6019807,10.473032,0.88783824,23.88863,0.027,68,779.5944
7/31/2026 15:03,39574.477,40429.875,26.216528,25.268812,1.01704,26.279419,7.681797,-52.47116,188.43173,0.49097988,6.589417,10.453033,0.90250725,23.892271,0.036,68,779.5944
7/31/2026 15:33,39548.855,40458.06,26.23537,25.285181,1.0170736,26.297737,7.7011423,-53.61557,189.42355,1.1094536,14.873495,23.597233,0.6716191,23.823418,0.027,68,779.5944
7/31/2026 16:03,39517.867,40388.562,26.186325,25.30501,1.0170231,26.252565,7.587283,-46.815872,211.84445,0.03298045,0.44238883,0.7018037,0.65894485,23.87131,0.027,68,779.5944
7/31/2026 16:33,39663.418,40314.47,26.138807,25.212149,1.0169069,26.204405,7.7391014,-55.947304,197.86359,0.59242934,7.984095,12.659568,0.8229133,24.154486,0.036,68,779.5944
7/31/2026 17:03,39663.574,40404.492,26.201317,25.21205,1.0169866,26.26292,7.7193775,-54.745674,205.84583,0.86810464,11.680031,18.52362,0.98869073,24.039923,0.036,68,779.5944
7/31/2026 17:33,39853.27,40278.008,26.118353,25.092045,1.0168073,26.180706,7.72839,-55.360794,138.47827,0.34919137,4.7296605,7.4953756,0.81789756,24.447895,0.036,68,779.5944
7/31/2026 18:03,39999.203,39935.12,25.883059,25.000498,1.0164459,25.957829,7.7573133,-57.21569,202.4603,0.5072143,6.937084,10.980685,0.9219571,25.084017,0.054,68,779.5944
7/31/2026 18:33,40100.87,39926.977,25.879671,24.937115,1.0164009,25.952534,7.8310747,-61.674118,204.76819,2.76112,37.856827,59.90715,1.4138056,25.228025,0.045,68,779.5944
7/31/2026 19:03,40214.652,39996.71,25.930868,24.866558,1.0164226,25.997862,7.829211,-61.573982,204.6156,2.0170114,27.689972,43.81368,1.6650807,25.285286,0.054,68,779.5944
7/31/2026 19:33,39994.09,40128.113,26.01746,25.003695,1.0166224,26.083275,7.862828,-63.495636,190.60611,2.3524516,32.054546,50.763577,1.696565,24.825136,0.063,68,779.5944
7/31/2026 20:03,39855.402,40118.297,26.00728,25.090702,1.0166634,26.076895,7.807275,-60.129166,211.55835,2.0824647,28.2912,44.817623,2.1706176,24.65691,0.045,68,779.5944
7/31/2026 20:33,39880.664,40166.824,26.041668,25.074808,1.0166979,26.108437,7.8046713,-59.96704,204.64897,1.635576,22.212793,35.19042,2.2886398,24.627003,0.045,68,779.5944
7/31/2026 21:03,39873.082,40072,25.97548,25.079576,1.0166155,26.0468,7.800475,-59.73816,209.81789,0.9982125,13.578351,21.506903,2.3917317,24.740105,0.045,68,779.5944
7/31/2026 21:33,39965.066,40167.918,26.044487,25.021852,1.0166687,26.109148,7.7922206,-59.24225,205.44052,1.6885545,22.97607,36.39236,2.0896747,24.735598,0.045,68,779.5944
7/31/2026 22:03,39628.566,39990.965,25.913122,25.234322,1.0166305,25.994127,7.7242503,-55.127144,220.8948,0.74973196,10.156683,16.093622,1.9287074,24.52555,0.045,68,779.5944
7/31/2026 22:33,39827.516,40241.68,26.09244,25.108269,1.016784,26.157093,7.775782,-58.202744,211.11966,1.4817413,20.0713,31.80742,2.0291998,24.461155,0.045,68,779.5944
7/31/2026 23:03,39868.75,40259.195,26.105658,25.082302,1.016785,26.168478,7.7932673,-59.256554,176.19133,1.98401,26.89154,42.613186,2.1714103,24.492237,0.045,68,779.5944
7/31/2026 23:33,39903.793,40290.47,26.128292,25.060274,1.0168006,26.188807,7.7256103,-55.203438,211.8063,0.18655118,2.5291004,4.007654,1.787989,24.497528,0.045,68,779.5944
8/1/2026 0:03,39829.32,40360.273,26.174953,25.107132,1.0168892,26.234179,7.7792177,-58.379173,218.67276,1.3449622,18.179453,28.817188,1.9120643,24.311237,0.045,68,779.5944
8/1/2026 0:33,39803.133,40447.7,26.235031,25.123652,1.0169761,26.291006,7.740739,-56.04744,211.85875,1.4527849,19.59363,31.067005,1.870545,24.165663,0.036,68,779.5944
8/1/2026 1:03,39807,40567.598,26.318422,25.12121,1.017081,26.368938,7.723668,-54.998398,192.3895,1.1397781,15.339809,24.328676,2.0084164,24.018383,0.036,68,779.5944
8/1/2026 1:33,39738.78,40556.707,26.309021,25.164335,1.017095,26.36186,7.695755,-53.315163,203.89081,0.78147906,10.503318,16.660278,1.7379892,23.94411,0.036,68,779.5944
8/1/2026 2:03,39617.934,40506.848,26.271112,25.241095,1.0170928,26.32945,7.5985813,-47.488213,216.69864,0.44884992,6.021505,9.552831,1.6252775,23.851057,0.036,68,779.5944
8/1/2026 2:33,39657.6,40559.32,26.30861,25.215847,1.0171252,26.363558,7.5506897,-44.62242,201.8118,0.12803677,1.7175834,2.7249362,1.7362261,23.836014,0.036,68,779.5944
8/1/2026 3:03,39698.242,40605.766,26.341955,25.190033,1.0171522,26.393747,7.5404963,-44.01207,206.1987,0.03141351,0.4214397,0.6686189,1.5013725,23.829863,0.036,68,779.5944
8/1/2026 3:33,39655.395,40503.066,26.269518,25.21725,1.0170765,26.326994,7.5254016,-43.120384,194.45895,0.005481204,0.07360081,0.116753206,1.2120124,23.904263,0.036,68,779.5944
8/1/2026 4:03,39659.38,40328.613,26.148523,25.214716,1.0169207,26.213598,7.6099434,-48.213005,219.18774,0.56737494,7.6437445,12.120412,1.4088565,24.131176,0.036,68,779.5944
8/1/2026 4:33,39699,40316.14,26.140898,25.189552,1.0168958,26.205492,7.5121026,-42.36698,207.19528,0.000392949,0.005299871,0.008402802,1.2660537,24.198559,0.045,68,779.5944
8/1/2026 5:03,39669.637,40234.85,26.083672,25.208197,1.0168339,26.152653,7.5950084,-47.340393,207.88193,0.28977,3.9114842,6.2008185,1.5851597,24.264505,0.036,68,779.5944
8/1/2026 5:33,39570.38,40111.965,25.99574,25.27143,1.0167595,26.072777,7.6699443,-51.8322,203.44734,0.2992788,4.0398335,6.403958,1.2171003,24.293098,0.036,68,779.5944
8/1/2026 6:03,39592.76,40108.582,25.993963,25.257141,1.0167485,26.07058,7.7282095,-55.327415,206.53247,0.8653572,11.687826,18.526464,1.4375114,24.32667,0.036,68,779.5944
8/1/2026 6:33,39680.44,40177.547,26.044127,25.201332,1.0167788,26.115406,7.6775746,-52.2995,198.87924,0.7725101,10.441449,16.550055,1.3541412,24.352215,0.045,68,779.5944
8/1/2026 7:03,39075.137,39680.44,25.683548,25.59172,1.0165505,25.792286,7.693152,-53.20549,206.54678,0.27521238,3.7023776,5.8699903,1.2478654,24.201336,0.036,68,779.5944
8/1/2026 7:33,39116.44,39690.95,25.691896,25.564697,1.0165452,25.799116,7.723295,-55.01747,192.2512,0.8537289,11.493823,18.221722,1.0299058,24.242168,0.036,68,779.5944
8/1/2026 8:03,39111.44,39627.605,25.647839,25.567966,1.0164903,25.757944,7.692007,-53.157806,202.32678,1.1934905,16.085379,25.497452,1.1208378,24.318043,0.036,68,779.5944
8/1/2026 8:33,39290.3,39710.684,25.709984,25.451574,1.0165005,25.811945,7.7003016,-53.67756,188.05026,1.339602,18.101395,28.68647,1.5288051,24.445751,0.036,68,779.5944
8/1/2026 9:03,39387.43,39821.453,25.789333,25.388811,1.016565,25.883945,7.6803727,-52.480698,186.64838,0.40968212,5.5367675,8.774742,1.2949753,24.429358,0.045,68,779.5944
8/1/2026 9:33,39636.12,40065.06,25.964823,25.229511,1.0166942,26.042288,7.6540775,-50.907135,187.46854,0.5598425,7.5750847,12.004871,0.9766773,24.439476,0.036,68,779.5944
8/1/2026 10:03,39487.176,39847.45,25.809872,25.324678,1.0165524,25.900843,7.6882024,-52.96707,200.11426,0.9436517,12.776444,20.244692,1.218904,24.526634,0.036,68,779.5944
8/1/2026 10:33,39636.73,40178.152,26.043427,25.229124,1.016795,26.1158,7.7116666,-54.330826,197.69669,0.99754614,13.469425,21.351728,1.2951994,24.294476,0.036,68,779.5944
8/1/2026 11:03,39811.402,40373.996,26.184027,25.118431,1.0169077,26.243097,7.70298,-53.806305,204.18167,0.5826536,7.8703494,12.476615,1.4338164,24.270443,0.036,68,779.5944
8/1/2026 11:33,39818.746,40335.473,26.157444,25.1138,1.0168709,26.218058,7.7302713,-55.451393,200.67691,1.7982295,24.311375,38.535965,1.2653253,24.329283,0.036,68,779.5944
8/1/2026 12:03,40002.223,40442.617,26.236639,24.998611,1.0169015,26.287703,7.7945886,-59.32331,215.03448,1.778358,24.095913,38.18748,1.8235667,24.429874,0.045,68,779.5944
8/1/2026 12:33,40034.18,40547.434,26.310387,24.978657,1.0169839,26.355831,7.754689,-56.915283,225.91591,1.5920067,21.545193,34.150795,2.0773842,24.33727,0.036,68,779.5944
8/1/2026 13:03,40057.453,40547.96,26.31135,24.964144,1.016976,26.356174,7.7592926,-57.196617,213.27019,1.2243087,16.577566,26.275328,2.186562,24.36665,0.036,68,779.5944
8/1/2026 13:33,40042.555,40581.125,26.334047,24.97343,1.0170107,26.377731,7.7284355,-55.336952,206.8472,1.1402196,15.42441,24.450302,1.9931968,24.30516,0.036,68,779.5944
8/1/2026 14:03,39987.332,40553.504,26.313398,25.00792,1.0170057,26.35978,7.7099123,-54.221153,194.98349,0.9653267,13.048743,20.685812,1.770941,24.269053,0.036,68,779.5944
8/1/2026 14:33,40053.914,40621.72,26.362574,24.966349,1.0170428,26.404118,7.6856256,-52.7668,198.80771,0.7444954,10.066362,15.957952,1.8006516,24.268177,0.036,68,779.5944
8/1/2026 15:03,40037.887,40590.82,26.340668,24.976343,1.0170211,26.384035,7.6471877,-50.468445,198.26413,0.099835865,1.3501542,2.1402936,1.542542,24.286798,0.036,68,779.5944
8/1/2026 15:33,40086.57,40637.117,26.374142,24.94601,1.0170451,26.414125,7.676959,-52.251816,195.52707,0.3385365,4.5794697,7.2594247,1.3768023,24.290686,0.036,68,779.5944
8/1/2026 16:03,39893.85,40524.42,26.29074,25.066519,1.0170125,26.340874,7.6941557,-53.26271,193.51006,0.35135305,4.741827,7.5182176,1.4403547,24.185326,0.036,68,779.5944
8/1/2026 16:33,39965.035,40483.14,26.263887,25.021872,1.0169508,26.314043,7.6453934,-50.36831,212.27359,0.13989307,1.8924766,2.999761,1.5534351,24.329948,0.036,68,779.5944
8/1/2026 17:03,40182.527,40476.504,26.264742,24.886438,1.0168681,26.309729,7.6976304,-53.548813,200.96301,0.09904983,1.3467435,2.133595,1.4288721,24.619745,0.036,68,779.5944
8/1/2026 17:33,40225.16,40281.46,26.129807,24.860064,1.0166774,26.182951,7.7627425,-57.51133,191.79344,0.574648,7.849016,12.427841,1.5786431,24.926825,0.045,68,779.5944
8/1/2026 18:03,40212.332,40123.99,26.019659,24.867992,1.0165392,26.080593,7.78334,-58.784485,208.26816,1.7416881,23.852179,37.75331,2.005962,25.115274,0.045,68,779.5944
8/1/2026 18:33,40457.586,40261.91,26.121496,24.717243,1.016575,26.170242,7.814712,-60.6966,197.88742,2.2456772,30.846195,48.810616,2.8033767,25.25445,0.054,68,779.5944
8/1/2026 19:03,40444.355,40177.125,26.061964,24.725328,1.0165029,26.115131,7.7678165,-57.897568,192.9903,1.1426728,15.715634,24.863775,2.7664666,25.348234,0.054,68,779.5944
8/1/2026 19:33,40559.94,40194.938,26.076931,24.654867,1.0164763,26.12671,7.851243,-62.937737,201.68304,1.4882164,20.514643,32.44841,2.9029677,25.47544,0.054,68,779.5944
8/1/2026 20:03,40563.49,40203.2,26.08279,24.652712,1.0164826,26.13208,7.81113,-60.52494,195.80365,1.8069873,24.906977,39.396313,2.4621985,25.469196,0.054,68,779.5944
8/1/2026 20:33,40474.01,40116.543,26.020266,24.707212,1.0164363,26.075752,7.823592,-61.273575,177.7315,2.4382672,33.594826,53.13848,3.1999073,25.466532,0.054,68,779.5944
8/1/2026 21:03,40524.05,40217.613,26.092007,24.676704,1.0165102,26.141449,7.792644,-59.399605,197.01958,0.9425747,12.97714,20.529202,2.9317653,25.398926,0.054,68,779.5944
8/1/2026 21:33,40480.81,40218.152,26.091433,24.703064,1.0165267,26.1418,7.757442,-57.27291,185.62317,1.383178,19.02449,30.099089,2.2075987,25.341927,0.054,68,779.5944
8/1/2026 22:03,40248.445,40088.145,25.995459,24.84568,1.0164934,26.057295,7.786048,-58.965683,201.31111,1.8340557,25.15456,39.80765,2.858396,25.209358,0.054,67,779.5944
8/1/2026 22:33,40135.17,40170.285,26.050177,24.915802,1.0166094,26.110685,7.7967405,-59.55696,207.90576,1.9543829,26.695143,42.265934,3.4095063,24.954235,0.045,67,779.5944
8/1/2026 23:03,40190.855,40489.812,26.274216,24.88128,1.016877,26.318378,7.7221494,-55.01747,217.31854,0.96616143,13.135812,20.810812,2.910329,24.613432,0.045,67,779.5944
8/1/2026 23:33,40154.29,40528.754,26.300436,24.90394,1.0169247,26.34369,7.6441507,-50.325394,205.51205,0.12736173,1.7289231,2.739586,2.3436804,24.516256,0.045,67,779.5944
8/2/2026 0:03,40011.48,40461.6,26.250088,24.992826,1.0169153,26.300043,7.751886,-56.762695,214.09035,1.8016713,24.408398,38.68357,2.6509912,24.417557,0.045,67,779.5944
8/2/2026 0:33,39976.934,40717.062,26.426826,25.014425,1.0171541,26.466091,7.7081146,-54.073334,216.76541,1.856892,25.019794,39.678856,3.078795,24.048307,0.036,67,779.5944
8/2/2026 1:03,40059.863,40790.74,26.480265,24.96264,1.0171906,26.513979,7.7028136,-53.75862,218.93501,1.5203747,20.496742,32.504967,3.0012264,24.061905,0.036,67,779.5944
8/2/2026 1:33,40047.543,40802.965,26.488428,24.970322,1.0172056,26.521927,7.685294,-52.70481,226.17816,1.1638701,15.682712,24.87197,2.5057278,24.03069,0.036,67,779.5944
8/2/2026 2:03,39979.633,40783.58,26.473124,25.012735,1.017212,26.509325,7.628083,-49.271584,230.86072,1.1860822,15.963006,25.31932,2.5172255,23.967936,0.036,67,779.5944
8/2/2026 2:33,40033.54,40859.33,26.527224,24.979055,1.01726,26.558563,7.6156387,-48.52295,232.03372,0.83851314,11.283541,17.89793,2.7378342,23.941856,0.036,67,779.5944
8/2/2026 3:03,40088.605,40928.402,26.576727,24.944744,1.017302,26.603462,7.569918,-45.785904,217.6857,0.15906467,2.1404743,3.395313,2.694955,23.925726,0.036,67,779.5944
8/2/2026 3:33,40082.562,40935.547,26.58153,24.948505,1.0173104,26.608107,7.5548916,-44.88468,211.21025,0.2087624,2.808494,4.455086,2.4186058,23.909044,0.036,67,779.5944
8/2/2026 4:03,39654.42,40508.348,26.273157,25.217869,1.0170815,26.330427,7.589609,-46.958923,219.97928,0.43493137,5.839507,9.263359,2.3452702,23.896326,0.036,67,779.5944
8/2/2026 4:33,39978.176,40840.26,26.512453,25.013647,1.0172622,26.546171,7.5086,-42.114258,212.60739,0.05146722,0.69194484,1.0976527,2.6658213,23.894835,0.027,67,779.5944
8/2/2026 5:03,39949.36,40687.22,26.405352,25.03169,1.0171373,26.446693,7.5746975,-46.09108,213.65166,0.04321517,0.582233,0.9233589,2.4206994,24.05053,0.036,67,779.5944
8/2/2026 5:33,39956.625,40597.082,26.342896,25.02714,1.017055,26.388103,7.6402583,-50.034523,168.33305,0.81455964,10.994342,17.431997,2.4347074,24.174032,0.027,67,779.5944
8/2/2026 6:03,39786.773,40376.105,26.184847,25.133982,1.0169182,26.244469,7.6479697,-50.50659,211.9112,0.9295348,12.5483885,19.893803,2.5810604,24.235807,0.036,67,779.5944
8/2/2026 6:33,39833.492,40395.863,26.1998,25.104502,1.0169195,26.25731,7.6563907,-51.016808,209.46027,0.7916974,10.695163,16.954681,2.8842094,24.271126,0.036,67,779.5944
8/2/2026 7:03,39800.51,40372.844,26.182943,25.125305,1.0169106,26.24235,7.625847,-49.185753,195.5557,0.1830828,2.4724762,3.9196274,2.4803607,24.257792,0.036,67,779.5944
8/2/2026 7:33,39899.707,40436.99,26.230106,25.062841,1.0169328,26.284042,7.6156054,-48.58017,219.9459,0.25013217,3.3816197,5.3604474,1.9591815,24.304352,0.036,67,779.5944
8/2/2026 8:03,39829.992,40314.2,26.142931,25.106709,1.016848,26.20423,7.6178117,-48.72322,227.12231,0.519303,7.025337,11.13502,2.1174588,24.37116,0.036,67,779.5944
8/2/2026 8:33,39865.19,40325.26,26.151522,25.08454,1.0168453,26.211422,7.579756,-46.448708,223.52219,0.3046452,4.123831,6.535817,2.1268969,24.40267,0.045,67,779.5944
8/2/2026 9:03,39873.32,40352.418,26.170614,25.079426,1.0168667,26.22907,7.607204,-48.089027,227.8328,0.508114,6.8759255,10.898064,1.8129544,24.378387,0.045,67,779.5944
8/2/2026 9:33,39979.008,40335.43,26.161457,25.013126,1.0168141,26.21803,7.6228476,-49.05224,200.53387,0.97139996,13.181043,20.88538,2.1634426,24.53736,0.045,67,779.5944
8/2/2026 10:03,39821.605,40283.23,26.121185,25.111996,1.0168233,26.184101,7.628957,-49.39556,222.5542,1.1477416,15.533004,24.618214,1.9961922,24.400026,0.036,67,779.5944
8/2/2026 10:33,39919.473,40367.316,26.182152,25.05043,1.0168637,26.238754,7.640525,-50.091743,215.03925,1.0804212,14.631899,23.189255,2.2098532,24.419151,0.036,67,779.5944
8/2/2026 11:03,40058.453,40613.4,26.356903,24.96352,1.0170339,26.39871,7.6629615,-51.412582,235.80075,1.3293585,17.978897,28.50065,2.0569236,24.284601,0.036,67,779.5944
8/2/2026 11:33,40142.44,40691.867,26.41368,24.91129,1.0170742,26.449715,7.6727314,-51.999092,238.8668,1.3370904,18.09203,28.67955,2.0399745,24.293085,0.036,67,779.5944
8/2/2026 12:03,40094.125,40638.8,26.375502,24.94131,1.017044,26.41522,7.6409445,-50.09651,224.3805,1.3917854,18.829695,29.84862,1.9234943,24.298283,0.036,67,779.5944
8/2/2026 12:33,40162.316,40717.812,26.432251,24.898962,1.0170903,26.46658,7.6689305,-51.77021,228.07599,0.93939537,12.710583,20.149126,2.1900268,24.285728,0.036,67,779.5944
8/2/2026 13:03,40242.18,40875.348,26.543972,24.849548,1.0172023,26.568975,7.6834707,-52.62375,251.10721,1.9946254,26.960064,42.745193,2.1880856,24.188993,0.036,67,779.5944
8/2/2026 13:33,40281.996,40936.59,26.587646,24.824986,1.0172427,26.608784,7.680999,-52.47116,254.31155,2.1270568,28.74407,45.575867,2.2201545,24.162804,0.036,67,779.5944
8/2/2026 14:03,40285.07,40961.637,26.605152,24.823092,1.0172637,26.625063,7.6903224,-53.024292,264.37283,1.9168764,25.893894,41.058727,2.2256844,24.135233,0.036,67,779.5944
8/2/2026 14:33,40302.293,41058.81,26.673225,24.812485,1.0173435,26.688227,7.65603,-50.95482,259.4185,1.636866,22.08134,35.019577,2.3824148,24.035332,0.036,67,779.5944
8/2/2026 15:03,40304.77,41061.133,26.67491,24.810959,1.0173447,26.689735,7.638416,-49.90101,235.46695,1.0212449,13.776794,21.849094,2.1840563,24.035582,0.036,67,779.5944
8/2/2026 15:33,40278.61,40984.68,26.621016,24.827074,1.0172863,26.640041,7.6611896,-51.2743,202.80838,1.363048,18.402231,29.181486,2.098773,24.09803,0.036,67,779.5944
8/2/2026 16:03,40256.87,40842.652,26.521608,24.84048,1.0171682,26.547724,7.685364,-52.747726,217.28516,1.7214704,23.28953,36.92157,2.2895997,24.249086,0.036,67,779.5944
8/2/2026 16:33,40398.13,40972.94,26.616014,24.753622,1.0172347,26.632412,7.6231976,-49.028397,213.91391,0.29385358,3.9787917,6.3075085,2.3412418,24.265491,0.036,67,779.5944
8/2/2026 17:03,40390.59,40920.805,26.579508,24.758242,1.0171909,26.598522,7.6449394,-50.3397,216.90845,0.44046795,5.968565,9.460902,1.7815487,24.321619,0.036,67,779.5944
8/2/2026 17:33,40515.613,40787.395,26.48969,24.681843,1.0170283,26.511806,7.575371,-46.224594,197.25323,0.049160898,0.6696477,1.0608363,1.451689,24.651136,0.045,67,779.5944
8/2/2026 18:03,40542.81,40578.46,26.344543,24.665287,1.0168309,26.376,7.687174,-52.981377,193.65787,0.65252966,8.927904,14.135391,1.6149781,24.953999,0.036,67,779.5944
8/2/2026 18:33,40714.83,40630.32,26.384771,24.561077,1.0168159,26.409708,7.7467513,-56.586266,208.75931,2.6769686,36.73297,58.141773,2.4115882,25.108896,0.054,67,779.5944
8/2/2026 19:03,40658.723,40502.914,26.294445,24.594969,1.0167208,26.326895,7.7459035,-56.552887,214.9105,2.3494349,32.273563,51.074398,2.4624274,25.20141,0.054,67,779.5944
8/2/2026 19:33,40683.906,40524.496,26.310099,24.579744,1.016731,26.340923,7.7266774,-55.39894,194.1347,1.865087,25.624493,40.551586,2.0907238,25.205952,0.054,67,779.5944
8/2/2026 20:03,40604.355,40445.887,26.253355,24.6279,1.0166887,26.289827,7.728744,-55.52292,214.21432,1.4643325,20.111755,31.827555,1.7970363,25.205132,0.054,67,779.5944
8/2/2026 20:33,40691.68,40578.312,26.347895,24.575048,1.0167772,26.375904,7.717334,-54.826736,209.78928,1.2310079,16.89909,26.746372,2.3638148,25.146273,0.054,67,779.5944
8/2/2026 21:03,40671.605,40474.023,26.27454,24.587177,1.0166899,26.308117,7.716999,-54.826736,202.73685,1.8624985,25.605711,40.518055,2.464751,25.255587,0.054,67,779.5944
8/2/2026 21:33,40679.22,40476.863,26.276697,24.582577,1.0166897,26.309961,7.7218223,-55.117607,206.213,2.051036,28.201069,44.624374,2.5589836,25.261742,0.054,67,779.5944
8/2/2026 22:03,40516.797,40344.016,26.180193,24.681122,1.016628,26.22361,7.683199,-52.79064,221.92477,1.1166004,15.334534,24.266556,2.3748453,25.224228,0.036,67,779.5944
8/2/2026 22:33,40336.527,40390.836,26.208735,24.791426,1.0167358,26.254044,7.7013903,-53.830147,220.75653,2.2787266,31.140274,49.306087,2.8607032,24.929602,0.054,67,779.5944
8/2/2026 23:03,40318.13,40353.723,26.182402,24.802738,1.016709,26.22992,7.72563,-55.28927,218.74905,2.4112957,32.960815,52.18629,2.6171129,24.953821,0.045,67,779.5944
8/2/2026 23:33,40200.484,40578.152,26.335995,24.875322,1.0169526,26.3758,7.655699,-51.016808,207.10945,1.9857336,26.959984,42.72005,2.0750172,24.512716,0.045,67,779.5944
8/3/2026 0:03,40044.863,40516.816,26.289356,24.971992,1.0169528,26.335932,7.6562886,-51.031113,232.22923,1.7485956,23.683386,37.53641,2.2617114,24.39014,0.045,67,779.5944
8/3/2026 0:33,40138.63,40746.375,26.451506,24.913656,1.017124,26.485144,7.680992,-52.480698,211.8063,1.1744683,15.874488,25.167645,2.9693744,24.219093,0.036,67,779.5944
8/3/2026 1:03,40094.55,40797.402,26.485828,24.941046,1.0171845,26.518312,7.6609507,-51.259995,226.655,1.3821621,18.645834,29.56778,2.6867402,24.098017,0.027,67,779.5944
8/3/2026 1:33,40132.832,40789.797,26.481562,24.917255,1.0171645,26.513369,7.6035004,-47.831535,214.45274,1.0618979,14.339781,22.73704,2.3615015,24.156746,0.036,67,779.5944
8/3/2026 2:03,39958.508,40640.117,26.372862,25.025959,1.0170926,26.416077,7.639608,-49.98684,222.14413,1.3502136,18.21067,28.876493,2.4887738,24.121893,0.036,67,779.5944
8/3/2026 2:33,40063.406,40848.91,26.520798,24.960434,1.0172406,26.551792,7.602984,-47.774315,225.18634,1.2374914,16.666857,26.434532,2.727916,23.993217,0.036,67,779.5944
8/3/2026 3:03,39951.188,40801.863,26.485048,25.030544,1.0172379,26.521212,7.566375,-45.571327,212.24976,0.75004077,10.084648,15.997195,2.8390543,23.908434,0.036,67,779.5944
8/3/2026 3:33,39926.098,40922.3,26.567968,25.046274,1.0173521,26.599495,7.557191,-44.994354,206.48003,0.6534192,8.761462,13.9027,2.3290038,23.725458,0.027,67,779.5944
8/3/2026 4:03,39752.83,40697.81,26.407324,25.155443,1.0172143,26.453575,7.601631,-47.659874,227.02695,0.87377316,11.717438,18.591331,2.602255,23.784325,0.018,67,779.5944
8/3/2026 4:33,39942.688,40819.703,26.497204,25.035872,1.0172564,26.532808,7.515026,-42.495728,219.05899,0.16088286,2.1620283,3.4298093,2.4468174,23.875122,0.027,67,779.5944
8/3/2026 5:03,39910.168,40713.156,26.422316,25.05627,1.0171738,26.463552,7.5323434,-43.54477,215.0011,0.2198977,2.9586236,4.6927514,2.0082324,23.96738,0.036,67,779.5944
8/3/2026 5:33,40002.254,40762.977,26.459421,24.99859,1.0171859,26.495935,7.4855013,-40.750504,202.8227,0.0840799,1.1326028,1.7962743,1.9610908,24.022926,0.036,67,779.5944
8/3/2026 6:03,39781.67,40474.9,26.25336,25.137203,1.0170077,26.308685,7.463485,-39.44397,218.17685,0.07824404,1.0542301,1.6717384,2.0339253,24.103283,0.036,67,779.5944
8/3/2026 6:33,39650.254,40254.88,26.097076,25.22052,1.0168586,26.16567,7.507367,-42.085648,216.25043,0.088220395,1.1898819,1.8864747,2.567604,24.213617,0.036,67,779.5944
8/3/2026 7:03,39648.97,40144.12,26.020094,25.221336,1.0167603,26.09368,7.4901567,-41.074753,210.72864,0.10496639,1.4186077,2.248534,1.9733902,24.35422,0.036,67,779.5944
8/3/2026 7:33,39577.656,40051.555,25.953968,25.26678,1.0167029,26.03351,7.4912105,-41.14151,193.89153,0.09286953,1.2552217,1.9894676,1.785678,24.380512,0.036,67,779.5944
8/3/2026 8:03,38727.582,39246.543,25.373991,25.82139,1.016287,25.510254,7.508339,-42.157173,229.83551,0.8731284,11.747113,18.621077,1.912492,24.307693,0.036,67,779.5944
8/3/2026 8:33,39283.9,39709.363,25.708914,25.455723,1.0165017,25.811087,7.5625486,-45.423508,225.358,0.7054078,9.530675,15.104072,2.3804903,24.439034,0.036,67,779.5944
8/3/2026 9:03,39421.605,39829.633,25.795864,25.3668,1.0165601,25.889261,7.5669427,-45.690536,228.16658,0.42849365,5.7946873,9.182922,1.915144,24.46365,0.045,67,779.5944
8/3/2026 9:33,39264.652,39686.277,25.692406,25.468199,1.0164878,25.796082,7.547176,-44.503212,203.52841,0.45236394,6.1117554,9.685737,1.7176298,24.44377,0.036,67,779.5944
8/3/2026 10:03,39424.543,39805.4,25.779106,25.36491,1.0165372,25.873508,7.6171436,-48.704147,216.1026,0.8322679,11.260958,17.84425,1.6840363,24.49906,0.036,67,779.5944
8/3/2026 10:33,39530.625,39996.76,25.914703,25.296843,1.0166707,25.997896,7.5449224,-44.36016,229.29192,0.7572359,10.234151,16.220379,2.0779629,24.389828,0.045,67,779.5944
8/3/2026 11:03,39476.21,39917.29,25.858128,25.331713,1.016619,25.946238,7.578831,-46.396255,231.58073,0.91643524,12.388598,19.63389,1.6122582,24.421476,0.036,67,779.5944
8/3/2026 11:33,39579.996,40124.887,26.004967,25.265287,1.0167676,26.081177,7.5624533,-45.394897,235.53372,0.53213555,7.182935,11.386498,1.4795183,24.289015,0.036,67,779.5944
8/3/2026 12:03,39242.06,40014.168,25.919285,25.482862,1.0167882,26.00921,7.537709,-43.86902,231.9765,0.5706426,7.6586223,12.147063,1.4311141,23.98974,0.036,67,779.5944
8/3/2026 12:33,39313.914,40154.387,26.018404,25.436287,1.0168873,26.100351,7.581057,-46.448708,242.86746,0.85561424,11.472489,18.198854,1.6636611,23.904133,0.027,67,779.5944
8/3/2026 13:03,39284.066,40131.586,26.001793,25.455614,1.0168774,26.085531,7.6040473,-47.822,256.29044,1.486146,19.921614,31.602283,1.8716449,23.89432,0.036,67,779.5944
8/3/2026 13:33,39514.406,40519.37,26.276922,25.307226,1.0171394,26.337591,7.6206045,-48.78044,271.3585,1.8028175,24.122723,38.279575,2.0231404,23.701462,0.036,67,779.5944
8/3/2026 14:03,39365.54,40372.938,26.17127,25.40293,1.017062,26.242409,7.614163,-48.394203,287.55664,2.0990994,28.0662,44.537964,1.9495186,23.693596,0.027,67,779.5944
8/3/2026 14:33,39587.523,40602.043,26.336277,25.260485,1.0171869,26.391327,7.6169605,-48.561096,271.63507,2.0383031,27.278303,43.287807,2.3867984,23.691788,0.027,67,779.5944
8/3/2026 15:03,39501.266,40561.188,26.305525,25.315645,1.0171804,26.364773,7.607707,-47.99843,301.79977,1.2743695,17.033651,27.033434,2.2002234,23.631865,0.027,67,779.5944
8/3/2026 15:33,39543.582,40638.625,26.360384,25.288553,1.0172338,26.415106,7.590741,-46.977997,252.6474,1.2443782,16.62551,26.387646,1.8621038,23.589222,0.027,67,779.5944
8/3/2026 16:03,39417.008,40512.754,26.269573,25.369759,1.017167,26.33329,7.587243,-46.76819,265.5697,1.2597505,16.820496,26.697369,1.8541942,23.58393,0.027,67,779.5944
8/3/2026 16:33,39521.09,40528.387,26.283358,25.302946,1.017145,26.343452,7.5440135,-44.202805,229.89749,0.6133169,8.2064295,13.022582,2.209037,23.698738,0.027,67,779.5944
8/3/2026 17:03,39510.26,40452.023,26.230124,25.309881,1.0170816,26.293816,7.5740404,-46.010017,211.36284,0.21945179,2.9397178,4.6642947,1.9476783,23.7811,0.027,67,779.5944
8/3/2026 17:33,39558.305,40537.56,26.290756,25.279142,1.0171403,26.349413,7.5503845,-44.589043,196.11835,0.40079412,5.36647,8.515378,1.7182286,23.735249,0.036,67,779.5944
8/3/2026 18:03,39418.273,40422.156,26.20685,25.368944,1.017087,26.2744,7.5551014,-44.86561,231.59981,0.7157605,9.573135,15.191352,1.4017783,23.699738,0.036,67,779.5944
8/3/2026 18:33,39467.332,40295.06,26.120098,25.33741,1.0169581,26.191788,7.5562873,-44.970512,201.49231,0.44824186,6.015917,9.5427265,2.0478492,23.924522,0.027,67,779.5944
8/3/2026 19:03,39457.773,39977.297,25.899334,25.343548,1.0166793,25.985243,7.684916,-52.73342,191.47873,0.9033669,12.19309,19.327608,2.0959795,24.319613,0.036,67,779.5944
8/3/2026 19:33,39668.36,40163.34,26.033947,25.20901,1.0167706,26.10617,7.682105,-52.571297,216.80356,0.66172576,8.943944,14.1763935,2.3129642,24.354752,0.036,67,779.5944
8/3/2026 20:03,38920.09,39223.914,25.36305,25.693672,1.0161966,25.495544,7.723162,-55.07469,233.12091,2.3755922,32.11997,50.888813,2.8847523,24.594456,0.036,67,779.5944
8/3/2026 20:33,39009.125,39362,25.461033,25.635027,1.0162889,25.5853,7.657796,-51.145554,215.68298,1.1891639,16.069555,25.462545,2.6274378,24.530634,0.036,67,779.5944
8/3/2026 21:03,38775.406,39047.46,25.237173,25.789543,1.0160902,25.380852,7.7133327,-54.49295,221.46225,2.2560945,30.504065,48.325066,2.9319837,24.635221,0.045,67,779.5944
8/3/2026 21:33,39217.594,39683.07,25.688995,25.49876,1.0165018,25.793995,7.577093,-46.286583,210.38055,0.61214423,8.261968,13.094706,2.804997,24.385874,0.045,67,779.5944
8/3/2026 22:03,39065.414,39541.5,25.586956,25.598091,1.0164297,25.701977,7.599983,-47.655106,233.41656,0.9691456,13.0689945,20.714157,3.5211804,24.369627,0.036,67,779.5944
8/3/2026 22:33,38856.62,39242.164,25.374165,25.73564,1.0162362,25.507408,7.6559353,-51.026344,229.0535,1.4846668,20.037075,31.751772,3.6101618,24.485615,0.036,67,779.5944
8/3/2026 23:03,39162.645,39681.918,25.686813,25.534536,1.0165206,25.793247,7.565652,-45.5904,238.40904,0.46519396,6.270745,9.940017,3.073459,24.314875,0.036,67,779.5944
8/3/2026 23:33,39335.723,39929.586,25.863085,25.422184,1.0166801,25.954231,7.5556965,-44.98005,242.89131,0.8146434,10.97437,17.398855,3.440759,24.22132,0.045,67,779.5944
8/4/2026 0:03,39254.152,39965.63,25.88595,25.475012,1.0167409,25.97766,7.510979,-42.28115,248.21759,0.58697975,7.8872075,12.5078745,3.9630456,24.067947,0.036,67,779.5944
8/4/2026 0:33,39427.47,40084.062,25.972666,25.363028,1.0167851,26.054642,7.543467,-44.236183,257.64465,0.4992117,6.719988,10.65543,4.34426,24.142387,0.036,67,779.5944
8/4/2026 1:03,39402.125,40115.137,25.993555,25.379341,1.0168216,26.074839,7.5689106,-45.747757,259.79996,0.7208564,9.692333,15.370481,3.3139474,24.06942,0.036,67,779.5944
8/4/2026 1:33,39447.145,40194.336,26.049694,25.350378,1.0168761,26.12632,7.629195,-49.347878,263.56696,1.2233602,16.44175,26.075947,3.120343,24.026731,0.036,67,779.5944
8/4/2026 2:03,39341.51,40193.97,26.046595,25.418444,1.0169127,26.12608,7.6683292,-51.665306,285.60638,1.873356,25.116488,39.843403,3.2154114,23.889603,0.036,67,779.5944
8/4/2026 2:33,39364.06,40281.61,26.107954,25.403885,1.0169822,26.183046,7.6618686,-51.264763,295.90607,1.7640628,23.625303,37.48329,3.444705,23.807413,0.027,67,779.5944
8/4/2026 3:03,39385.43,40388.863,26.182867,25.3901,1.0170691,26.252762,7.648058,-50.42076,310.9646,1.5042404,20.115923,31.921438,2.9234145,23.699251,0.036,67,779.5944
8/4/2026 3:33,39412.3,40419.715,26.204987,25.37279,1.017087,26.272816,7.5848756,-46.64421,286.14044,0.7499142,10.028992,15.9148655,2.067831,23.695087,0.027,67,779.5944
8/4/2026 4:03,39276.34,40271.926,26.098808,25.46062,1.0170039,26.176752,7.5754323,-46.081543,274.7345,1.20902,16.162006,25.646786,2.1949883,23.705677,0.036,67,779.5944
8/4/2026 4:33,39422.82,40461.504,26.23424,25.366018,1.01712,26.299978,7.565347,-45.47119,268.67865,0.86630094,11.579449,18.376516,2.5349069,23.655973,0.027,67,779.5944
8/4/2026 5:03,39399.668,40442.324,26.220299,25.380924,1.0171112,26.287512,7.536952,-43.77365,218.56308,0.13862762,1.8526342,2.940149,2.0687888,23.650196,0.027,67,779.5944
8/4/2026 5:33,39438.816,40450.367,26.226974,25.35573,1.0171047,26.29274,7.516425,-42.552948,218.68706,0.21889967,2.9275997,4.6458015,1.7358875,23.69072,0.036,67,779.5944
8/4/2026 6:03,39107.72,40067.586,25.952631,25.5704,1.0168824,26.04393,7.58187,-46.47255,252.59018,0.86034876,11.499492,18.246767,1.891063,23.745747,0.027,67,779.5944
8/4/2026 6:33,39086.938,40058.984,25.946096,25.583994,1.0168821,26.038342,7.5483246,-44.465065,247.98393,1.3675246,18.27254,28.99469,2.4201322,23.729563,0.027,67,779.5944
8/4/2026 7:03,38677.04,39740.008,25.714056,25.855133,1.0167435,25.831005,7.514329,-42.414665,201.7641,0.8941186,11.903715,18.892979,2.0654068,23.599579,0.027,67,779.5944
8/4/2026 7:33,38293.33,39435.734,25.493153,26.11421,1.0166094,25.633228,7.5098166,-42.128563,193.038,0.7471382,9.913831,15.737898,1.6892343,23.483309,0.027,67,779.5944
8/4/2026 8:03,38197.19,39339.53,25.424078,26.179935,1.0165585,25.570696,7.5455174,-44.260025,211.9255,1.1844952,15.7099085,24.939148,1.7168531,23.479687,0.027,67,779.5944
8/4/2026 8:33,37942.5,39054.332,25.220291,26.355669,1.0163964,25.385315,7.5035267,-41.75663,234.85184,1.6215625,21.492855,34.1177,2.0205204,23.509485,0.027,67,779.5944
8/4/2026 9:03,37808.3,38830.83,25.06255,26.449219,1.0162463,25.240038,7.574295,-46.00048,229.44928,0.7482272,9.927967,15.756574,1.8897504,23.621317,0.036,67,779.5944
8/4/2026 9:33,37987.973,38895.105,25.111763,26.324121,1.0162393,25.28182,7.5765185,-46.157837,212.41666,1.0484239,13.95394,22.140062,1.2946808,23.778925,0.027,67,779.5944
8/4/2026 10:03,38192.812,38874.785,25.103134,26.182938,1.0161474,25.26861,7.5800357,-46.41533,237.19312,2.143807,28.684044,45.487297,1.9854892,24.081528,0.036,67,779.5944
8/4/2026 10:33,38351.04,39097.473,25.261156,26.074913,1.0162894,25.413357,7.5505157,-44.636726,226.83144,1.1533955,15.424364,24.463556,2.2260826,24.000439,0.036,67,779.5944
8/4/2026 11:03,38536.11,39307.98,25.411573,25.949688,1.016411,25.550186,7.554095,-44.846535,229.58755,1.0972834,14.679265,23.282984,1.9677471,23.971912,0.036,67,779.5944
8/4/2026 11:33,38649.918,39441.61,25.507015,25.873276,1.0164891,25.637047,7.5597334,-45.18032,216.80832,1.0057273,13.4564,21.34424,2.052457,23.949085,0.036,67,779.5944
8/4/2026 12:03,38906.973,39789.81,25.75485,25.702333,1.0167072,25.863377,7.558021,-45.06111,240.48805,1.1192939,14.968005,23.746555,2.0650628,23.838348,0.027,67,779.5944
8/4/2026 12:33,39117.117,39876.883,25.8208,25.564257,1.0167105,25.919973,7.589329,-46.958923,224.7858,1.5673354,21.028112,33.35117,2.5492456,24.002472,0.036,67,779.5944
8/4/2026 13:03,39482.25,40084.918,25.97469,25.327837,1.0167665,26.055197,7.6732845,-52.018166,229.21562,1.9434806,26.194164,41.529083,2.367125,24.212841,0.036,67,779.5944
8/4/2026 13:33,39564.21,40199.94,26.05668,25.275368,1.0168399,26.129963,7.619392,-48.78521,206.09378,1.56555,21.095259,33.44756,1.9587126,24.17203,0.036,67,779.5944
8/4/2026 14:03,39672.926,40193.1,26.054739,25.206106,1.0167955,26.125517,7.6608615,-51.293373,223.18362,1.7467623,23.598824,37.40696,2.1486084,24.322414,0.036,67,779.5944
8/4/2026 14:33,40098.47,40465.406,26.254927,24.938608,1.016888,26.302515,7.743666,-56.290627,238.20401,3.3533385,45.516552,72.12262,2.9313364,24.52524,0.045,67,779.5944
8/4/2026 15:03,40144.6,40453.414,26.247725,24.90995,1.0168608,26.29472,7.7336445,-55.704117,213.92822,2.5060878,34.05955,53.96119,2.4901867,24.600328,0.045,67,779.5944
8/4/2026 15:33,40096.94,40477.82,26.263536,24.939558,1.0168997,26.310583,7.720089,-54.87442,220.51334,2.68059,36.375412,57.640045,2.1080332,24.50735,0.036,67,779.5944
8/4/2026 16:03,40039.12,40406.23,26.212242,24.975573,1.0168562,26.26405,7.690278,-53.09105,231.99081,2.4610806,33.396828,52.91857,2.1647725,24.52432,0.036,67,779.5944
8/4/2026 16:33,40143.484,40470.656,26.259708,24.910643,1.0168767,26.305927,7.6941,-53.329468,221.37642,2.0620782,28.015533,44.387455,2.2865787,24.576746,0.045,67,779.5944
8/4/2026 17:03,40137.99,40515.23,26.290611,24.914053,1.0169184,26.3349,7.632305,-49.614906,214.0379,0.293755,3.9872167,6.318037,1.7764723,24.512505,0.045,67,779.5944
8/4/2026 17:33,40155.023,40492.39,26.275126,24.903484,1.0168921,26.320053,7.64704,-50.50659,197.81589,0.79862887,10.848724,17.188988,1.0446692,24.56379,0.045,67,779.5944
8/4/2026 18:03,40092.715,40464.887,26.254421,24.942186,1.0168896,26.302177,7.647407,-50.520897,229.53987,1.569546,21.301672,33.75369,1.2014217,24.51846,0.045,67,779.5944
8/4/2026 18:33,40110.17,40480.86,26.26598,24.931332,1.0168976,26.31256,7.6495495,-50.649643,233.76465,0.4501393,6.109858,9.681373,1.7248421,24.52057,0.045,67,779.5944
8/4/2026 19:03,40036.586,40327.074,26.15707,24.977154,1.016786,26.212599,7.663418,-51.498413,218.91116,2.0982413,28.513021,45.171852,1.5978622,24.622862,0.045,67,779.5944
8/4/2026 19:33,40216.71,40290.81,26.136127,24.865286,1.0166887,26.189026,7.6860514,-52.905083,190.89699,2.2819562,31.15749,49.335728,1.2032962,24.903715,0.045,67,779.5944
8/4/2026 20:03,40204.25,40036.645,25.958515,24.872992,1.0164629,26.023819,7.7460856,-56.567192,230.70335,2.744162,37.635403,59.55776,2.1122897,25.219175,0.054,67,779.5944
8/4/2026 20:33,40298.14,40077.742,25.989302,24.81504,1.0164658,26.050533,7.696345,-53.59173,198.5836,2.3800108,32.685688,51.71811,2.4707584,25.28792,0.054,67,779.5944
8/4/2026 21:03,40221.42,39983.504,25.921795,24.862373,1.0164081,25.989279,7.6769104,-52.428246,211.70139,1.6401438,22.525324,35.639908,1.8821177,25.311543,0.054,67,779.5944
8/4/2026 21:33,40123.566,39781.305,25.778475,24.923008,1.0162593,25.85785,7.734172,-55.89485,206.4371,3.0975444,42.608192,67.39742,1.9849296,25.45045,0.054,67,779.5944
8/4/2026 22:03,39989.918,39620.742,25.66352,25.006304,1.0161619,25.753483,7.714624,-54.7266,232.03372,2.7714689,38.12256,60.297745,2.3730557,25.487839,0.054,67,779.5944
8/4/2026 22:33,39964.055,39627.09,25.667398,25.022486,1.0161775,25.757608,7.703014,-54.02088,227.8471,2.1162474,29.088966,46.01325,2.2939882,25.445204,0.054,67,779.5944
8/4/2026 23:03,39946.137,39666.105,25.694237,25.03371,1.0162199,25.782969,7.7026067,-53.982735,230.97516,1.8223048,25.019764,39.582268,1.9436423,25.369616,0.063,67,779.5944
8/4/2026 23:33,40248.805,40038.97,25.961132,24.845459,1.0164486,26.02533,7.688051,-53.09105,205.07812,1.4356664,19.708836,31.185822,1.5240072,25.274385,0.054,67,779.5944
8/5/2026 0:03,40141.43,39965.21,25.907255,24.911919,1.0164208,25.977388,7.6752415,-52.313805,243.87836,2.5383704,34.809944,55.085262,2.671202,25.230854,0.054,67,779.5944
8/5/2026 0:33,39725.598,39630.67,25.664656,25.172686,1.0162694,25.759937,7.689446,-53.14827,223.53172,1.8438088,25.204191,39.89252,2.804104,25.125408,0.054,67,779.5944
8/5/2026 1:03,40041.062,40044.117,25.960014,24.974361,1.0165294,26.028677,7.6849046,-52.85263,235.94379,2.2829485,31.189606,49.378075,2.9192777,24.99601,0.045,67,779.5944
8/5/2026 1:33,40001.54,40224.03,26.084448,24.999039,1.0167061,26.14562,7.619509,-48.880577,234.68494,1.9446927,26.45575,41.905857,1.7626535,24.710403,0.045,67,779.5944
8/5/2026 2:03,39896.64,40207.11,26.070103,25.064768,1.0167284,26.134623,7.6762238,-52.261353,250.30612,1.6258321,22.072046,34.96945,2.5564144,24.595718,0.045,67,779.5944
8/5/2026 2:33,39979.363,40295.004,26.133326,25.012905,1.0167778,26.191753,7.6447387,-50.373077,245.17535,2.3522885,31.942598,50.608227,2.584646,24.589882,0.045,67,779.5944
8/5/2026 3:03,40002.688,40350.145,26.172289,24.99832,1.0168189,26.227594,7.699513,-53.64895,228.18565,2.8290484,38.39796,60.84031,2.405297,24.54916,0.045,67,779.5944
8/5/2026 3:33,39862.332,40352.85,26.170637,25.08634,1.016871,26.229355,7.6772227,-52.280426,232.14816,2.479786,33.548374,53.17424,1.7003671,24.363571,0.036,67,779.5944
8/5/2026 4:03,39859.855,40391.324,26.197329,25.087898,1.016906,26.25436,7.6582665,-51.136017,255.13649,2.2013047,29.75812,47.171143,2.0056756,24.311098,0.027,67,779.5944
8/5/2026 4:33,39890.258,40448.324,26.237741,25.068777,1.0169462,26.291412,7.626907,-49.25251,241.43219,1.8133831,24.505363,38.847073,2.9708304,24.277643,0.036,67,779.5944
8/5/2026 5:03,39871.168,40445.832,26.235516,25.08078,1.0169505,26.289791,7.6347713,-49.71981,229.74968,1.1590691,15.657132,24.821398,2.589818,24.256111,0.036,67,779.5944
8/5/2026 5:33,39888.426,40478.527,26.2587,25.06993,1.0169736,26.311043,7.634666,-49.710274,224.03241,1.3566359,18.32216,29.047302,1.892266,24.236748,0.036,67,779.5944
8/5/2026 6:03,39793.613,40383.832,26.190403,25.129662,1.0169227,26.24949,7.605919,-47.98889,231.90976,1.8424864,24.87325,39.433296,1.9626491,24.234804,0.036,67,779.5944
8/5/2026 6:33,39837.434,40401.45,26.203783,25.102018,1.016923,26.260942,7.585599,-46.777725,239.63452,1.3220006,17.85885,28.31114,2.3655174,24.269098,0.045,67,779.5944
8/5/2026 7:03,39797.67,40369.727,26.180704,25.127098,1.0169088,26.240324,7.6520476,-50.754547,241.80412,0.5510669,7.4419346,11.797727,2.1581256,24.258095,0.036,67,779.5944
8/5/2026 7:33,39784.3,40309.105,26.138224,25.135544,1.0168595,26.20092,7.668358,-51.7416,230.5317,1.2017362,16.242128,25.745903,1.2058684,24.318352,0.036,67,779.5944
8/5/2026 8:03,39310.117,39901.805,25.843147,25.438744,1.0166644,25.936172,7.66035,-51.24569,254.6835,1.8037555,24.297256,38.52091,2.7244744,24.223637,0.036,67,779.5944
8/5/2026 8:33,39388.965,39986.73,25.904118,25.387821,1.0167122,25.991375,7.6273127,-49.266815,247.48802,1.7348621,23.374798,37.05887,2.1224952,24.217321,0.036,67,779.5944
8/5/2026 9:03,39102.605,39677.37,25.682129,25.573744,1.0165379,25.790293,7.6518555,-50.740242,232.3389,1.0172266,13.694116,21.709976,1.8556688,24.24157,0.036,67,779.5944
8/5/2026 9:33,39240.25,39762.46,25.744665,25.484037,1.0165648,25.8456,7.638834,-49.972534,211.90643,1.8013953,24.289516,38.50249,1.4850996,24.312397,0.036,67,779.5944
8/5/2026 10:03,39126.035,39489.88,25.552639,25.55843,1.0163614,25.66842,7.7119412,-54.388046,248.48462,3.2106645,43.399643,68.76928,2.2297485,24.517614,0.045,67,779.5944
8/5/2026 10:33,39297.79,39431.957,25.516525,25.446724,1.0162464,25.630774,7.7639546,-57.56378,245.35657,3.4244366,46.525738,73.6815,3.132104,24.821857,0.045,67,779.5944
8/5/2026 11:03,39399.727,39515.69,25.577137,25.380886,1.0162848,25.6852,7.7424154,-56.27632,240.93152,3.0122075,40.956577,64.85882,2.4314198,24.846354,0.045,67,779.5944
8/5/2026 11:33,39493.684,39701.895,25.70885,25.320505,1.016419,25.806232,7.6538982,-50.945282,208.19186,0.95657164,12.988821,20.573698,1.6030021,24.725428,0.045,67,779.5944
8/5/2026 12:03,39570.24,39562.582,25.61371,25.271519,1.0162647,25.71568,7.7242646,-55.217743,233.7265,1.5284394,20.845495,33.000843,1.9613296,25.01013,0.054,67,779.5944
8/5/2026 12:33,39474.13,39807.05,25.781477,25.333048,1.0165209,25.874584,7.671867,-51.994324,225.51059,2.3590198,31.954214,50.629196,2.124546,24.562128,0.045,67,779.5944
8/5/2026 13:03,39510.492,39672.363,25.688704,25.309732,1.0163862,25.787037,7.747533,-56.57196,229.64001,2.1462283,29.170101,46.198895,2.140065,24.786375,0.045,67,779.5944
8/5/2026 13:33,39721.65,40049.96,25.956453,25.175188,1.0166501,26.032476,7.590217,-47.101974,216.00247,0.9669084,13.112379,20.775312,1.1359438,24.570805,0.045,67,779.5944
8/5/2026 14:03,39914.758,40158.508,26.036715,25.05339,1.0166783,26.103031,7.6928306,-53.272247,247.66922,2.9873981,40.609837,64.32925,1.807781,24.682213,0.045,67,779.5944
8/5/2026 14:33,39974.67,40173.082,26.048313,25.01584,1.0166699,26.112503,7.73559,-55.847168,236.08685,2.9442785,40.06753,63.463272,2.4858608,24.741419,0.045,67,779.5944
8/5/2026 15:03,40605.848,40578.69,26.346178,24.626995,1.0168084,26.37615,7.9064856,-66.161156,238.20401,4.685319,64.1951,101.62354,2.9198136,25.035036,0.045,67,779.5944
8/5/2026 15:33,40573.504,40548,26.323992,24.646627,1.0167924,26.356201,7.8848076,-64.85939,204.84448,4.369427,59.85727,94.75695,1.7735275,25.032928,0.054,67,779.5944
8/5/2026 16:03,40476.137,40583.9,26.346758,24.705915,1.0168597,26.379534,7.8408437,-62.184334,249.83406,3.4026623,46.48086,73.60508,2.567353,24.860977,0.045,67,779.5944
8/5/2026 16:33,40476.08,40579.023,26.343353,24.705952,1.0168554,26.376366,7.817853,-60.806274,235.41928,2.8237307,38.575943,61.086483,2.8869848,24.867176,0.045,67,779.5944
8/5/2026 17:03,40515.332,40644.457,26.38996,24.682014,1.0169002,26.418898,7.8347387,-61.8124,234.40361,2.5025415,34.177258,54.12437,2.427082,24.83367,0.045,67,779.5944
8/5/2026 17:33,40497.887,40616.082,26.369736,24.692646,1.0168809,26.400454,7.8188734,-60.863495,227.2892,2.7864137,38.05889,60.269924,1.7774724,24.847641,0.045,67,779.5944
8/5/2026 18:03,40507.555,40633.504,26.382124,24.686752,1.016893,26.41178,7.791167,-59.199333,230.94177,3.1512206,43.037395,68.155106,1.976322,24.837715,0.045,67,779.5944
8/5/2026 18:33,40501.215,40592.51,26.353367,24.690617,1.0168585,26.385132,7.7455606,-56.471825,194.97394,2.3393066,31.968243,50.62152,2.2924592,24.882244,0.045,66,779.5944
8/5/2026 19:03,40562.113,40645.734,26.391966,24.653547,1.0168846,26.419727,7.793847,-59.370995,220.91388,2.6286328,35.936226,56.903736,2.1610556,24.892288,0.045,66,779.5944
8/5/2026 19:33,40440.95,40373.742,26.199226,24.727411,1.0166825,26.242933,7.802175,-59.90982,201.88332,2.5039752,34.309975,54.308815,1.959627,25.087152,0.054,66,779.5944
8/5/2026 20:03,40400.508,40281.402,26.133823,24.752165,1.0166135,26.18291,7.7063503,-54.1687,248.76117,2.704842,37.091908,58.704826,1.752029,25.154812,0.054,66,779.5944
8/5/2026 20:33,40388.227,40198.63,26.07574,24.759691,1.0165428,26.129108,7.780288,-58.62713,240.36884,3.5661013,48.964172,77.48136,2.2259023,25.246937,0.054,66,779.5944
8/5/2026 21:03,40262.94,39983.87,25.922968,24.836735,1.0163931,25.989517,7.809814,-60.424805,231.9765,2.209144,30.368235,48.044147,1.6678455,25.365423,0.063,66,779.5944
8/5/2026 21:33,40158.207,39859.934,25.834133,24.90151,1.0163184,25.908957,7.812105,-60.567856,225.83961,3.2711709,44.96523,71.13377,1.6873666,25.39178,0.054,66,779.5944
8/5/2026 22:03,40146.953,39770.05,25.77112,24.908491,1.0162402,25.850533,7.8311048,-61.73134,247.7932,4.303826,59.245224,93.705574,3.1299713,25.496178,0.054,66,779.5944
8/5/2026 22:33,40129.133,39755.047,25.76026,24.919552,1.0162331,25.84078,7.834606,-61.941147,237.20264,3.687624,50.75665,80.28013,4.1654487,25.49266,0.063,66,779.5944
8/5/2026 23:03,40021.297,39664.3,25.694597,24.986696,1.0161903,25.781796,7.8151684,-60.768127,235.35728,3.2820952,45.141453,71.40168,3.462465,25.471224,0.045,66,779.5944
8/5/2026 23:33,39997.184,39626.254,25.66752,25.00176,1.0161643,25.757065,7.7857594,-59.00383,222.49698,3.314273,45.59179,72.111374,2.688645,25.490086,0.054,66,779.5944
8/6/2026 0:03,40117.76,39733.047,25.744656,24.926615,1.0162172,25.82648,7.678005,-52.52838,249.32861,2.291208,31.541225,49.88634,2.808607,25.506937,0.054,66,779.5944
8/6/2026 0:33,40204.63,39889.87,25.856043,24.872757,1.0163287,25.928417,7.729528,-55.60875,245.50438,2.9417248,40.456585,63.998604,3.3836377,25.413124,0.063,66,779.5944
8/6/2026 1:03,40120.223,39724.305,25.738602,24.925085,1.0162084,25.820799,7.7685256,-57.97386,235.59094,2.2334828,30.753393,48.638897,3.117314,25.52181,0.063,66,779.5944
8/6/2026 1:33,40069.484,39734.004,25.744293,24.956648,1.0162362,25.827103,7.770211,-58.059692,228.55759,3.2081237,44.114304,69.78091,2.7970378,25.44205,0.063,66,779.5944
8/6/2026 2:03,40113.105,40080.31,25.986917,24.929508,1.0165359,26.0522,7.741956,-56.28586,249.97711,2.6106935,35.701668,56.51642,3.0033116,25.04284,0.054,66,779.5944
8/6/2026 2:33,40230.613,40306.285,26.147253,24.856693,1.0166978,26.199085,7.6845474,-52.814484,241.91379,1.4957545,20.423399,32.33916,2.8130436,24.901707,0.045,66,779.5944
8/6/2026 3:03,40250.105,40418.734,26.226128,24.844656,1.016792,26.272177,7.687128,-52.947998,207.14282,1.631449,22.23982,35.2232,2.4641867,24.781565,0.045,66,779.5944
8/6/2026 3:33,40221.92,40421.65,26.227482,24.862064,1.0168047,26.27407,7.6979814,-53.59173,227.71835,1.4858645,20.241194,32.060184,1.9554586,24.741304,0.045,66,779.5944
8/6/2026 4:03,40139.387,40413.87,26.220049,24.913185,1.0168272,26.269016,7.70384,-53.925514,260.2911,2.7043889,36.776966,58.261726,2.6117573,24.644407,0.045,66,779.5944
8/6/2026 4:33,40066.19,40509.664,26.284922,24.958698,1.0169389,26.331282,7.716994,-54.67415,262.45117,3.0441017,41.255318,65.38226,2.9606793,24.426842,0.045,66,779.5944
8/6/2026 5:03,40069.562,40541.863,26.307419,24.956598,1.0169663,26.352213,7.713365,-54.450035,277.44293,2.4211502,32.795963,51.979168,2.8088007,24.390068,0.036,66,779.5944
8/6/2026 5:33,40121.953,40673.113,26.4001,24.924011,1.0170648,26.437525,7.6637406,-51.460266,248.59906,2.4265447,32.829304,52.04137,2.3370023,24.290524,0.045,66,779.5944
8/6/2026 6:03,39962.754,40551.207,26.311161,25.0233,1.0170121,26.358284,7.6427,-50.19188,275.2304,1.2918135,17.45298,27.669157,2.5675426,24.240242,0.036,66,779.5944
8/6/2026 6:33,40065.797,40633.26,26.370918,24.958944,1.017049,26.411621,7.601447,-47.72663,273.05603,1.1514705,15.570013,24.682724,2.862337,24.268824,0.027,66,779.5944
8/6/2026 7:03,40102.723,40626.42,26.367115,24.935963,1.01703,26.407175,7.581073,-46.515465,251.34087,0.774269,10.479615,16.611366,2.3898213,24.325102,0.036,66,779.5944
8/6/2026 7:33,40087.703,40554.95,26.31699,24.945305,1.0169717,26.360718,7.6303983,-49.48139,243.62088,1.7771332,24.076468,38.15895,2.0179026,24.39679,0.036,66,779.5944
8/6/2026 8:03,39928.367,40369.78,26.184084,25.044851,1.0168628,26.240358,7.6055593,-47.99843,264.73047,0.35743302,4.841393,7.6727285,2.1517267,24.427523,0.045,66,779.5944
8/6/2026 8:33,39939.74,40272.44,26.116644,25.03772,1.0167716,26.177088,7.69007,-53.08628,269.04584,1.7499872,23.752155,37.63325,2.4097,24.567469,0.045,66,779.5944
8/6/2026 9:03,39870.445,40129.547,26.015472,25.081234,1.0166682,26.084206,7.6870055,-52.919388,284.9722,2.2927668,31.15242,49.34978,2.3534422,24.661957,0.045,66,779.5944
8/6/2026 9:33,39980.918,40165.77,26.043367,25.011932,1.016661,26.107752,7.714863,-54.60739,281.55328,3.1254952,42.545467,67.38589,2.6302166,24.759048,0.045,66,779.5944
8/6/2026 10:03,39774.113,39805.734,25.787722,25.141981,1.0164107,25.873728,7.7249007,-55.246353,310.05383,3.2640991,44.521305,70.48921,2.840279,24.95841,0.054,66,779.5944
8/6/2026 10:33,40062.29,40024.477,25.946814,24.96113,1.0165038,26.01591,7.784271,-58.8274,313.73502,3.06666,41.932365,66.3789,3.7015033,25.049461,0.054,66,779.5944
8/6/2026 11:03,40132.664,40018.977,25.944576,24.917358,1.016473,26.012335,7.778228,-58.484077,259.03702,2.8642833,39.231926,62.09251,3.5883787,25.148735,0.054,66,779.5944
8/6/2026 11:33,40126.348,40223.83,26.08729,24.921282,1.0166609,26.145489,7.642748,-50.30155,233.8934,1.3138185,17.924152,28.383274,2.0169137,24.873121,0.045,66,779.5944
8/6/2026 12:03,40176.12,40190.586,26.065285,24.890408,1.0166129,26.123882,7.724036,-55.19867,291.41904,2.655457,36.29127,57.456406,2.7251036,24.981155,0.054,66,779.5944
8/6/2026 12:33,40227.53,40294.137,26.138706,24.858597,1.0166879,26.191189,7.6567793,-51.150322,259.66644,1.5255898,20.834013,32.98862,2.5352564,24.913458,0.054,66,779.5944
8/6/2026 13:03,40321.598,40217.918,26.08771,24.800604,1.0165846,26.141647,7.753101,-56.972504,241.46558,2.4471183,33.537357,53.08107,2.4315255,25.134966,0.054,66,779.5944
8/6/2026 13:33,40295.4,40277.004,26.128342,24.816729,1.0166478,26.180052,7.752501,-56.915283,216.21704,3.4626074,47.37446,74.99734,1.9893698,25.023912,0.054,66,779.5944
8/6/2026 14:03,40075.09,40148.88,26.033844,24.953157,1.0166118,26.096771,7.786577,-58.937073,292.82568,2.9267497,39.938152,63.239296,2.381222,24.903778,0.045,66,779.5944
8/6/2026 14:33,40331.164,40303.285,26.147509,24.794722,1.0166587,26.197136,7.7536535,-56.98681,291.70038,2.9764621,40.736244,64.487045,2.804339,25.03622,0.054,66,779.5944
8/6/2026 15:03,40565.82,40548.43,26.324108,24.651295,1.0167955,26.35648,7.7412257,-56.238174,285.26782,1.6939199,23.200989,36.72901,2.441486,25.022459,0.054,66,779.5944
8/6/2026 15:33,40448.94,40453.156,26.254854,24.722527,1.0167515,26.294552,7.7671328,-57.787895,281.8823,3.2715182,44.769497,70.87738,2.0507183,24.994545,0.054,66,779.5944
8/6/2026 16:03,40581.176,40651.18,26.396215,24.641968,1.0168827,26.423267,7.8341575,-61.793327,308.00818,3.0515745,41.73204,66.07905,2.4156673,24.90984,0.054,66,779.5944
8/6/2026 16:33,40622.195,40813.863,26.510777,24.617085,1.0170141,26.52901,7.752962,-56.89144,316.26224,2.5070908,34.21569,54.19322,2.8733268,24.754128,0.045,66,779.5944
8/6/2026 17:03,40525.254,40762.34,26.472452,24.675972,1.0170023,26.495522,7.782811,-58.670044,312.3188,2.1434853,29.217184,46.281242,2.58976,24.69548,0.045,66,779.5944
8/6/2026 17:33,40578.074,40847.305,26.533026,24.64385,1.0170599,26.550749,7.775866,-58.24566,316.32422,2.0502732,27.936642,44.256107,2.2435055,24.654913,0.045,66,779.5944
8/6/2026 18:03,40344.688,40704.66,26.42775,24.786411,1.0170147,26.458029,7.753495,-56.881905,343.22263,2.1340706,29.001358,45.952717,2.35849,24.536987,0.045,66,779.5944
8/6/2026 18:33,40502.06,40920.883,26.58243,24.690104,1.0171522,26.598574,7.7563534,-57.03926,337.32892,2.1299558,28.934319,45.85258,2.2614315,24.46414,0.045,66,779.5944
8/6/2026 19:03,40528.992,40864.258,26.54363,24.673695,1.0170922,26.56177,7.676616,-52.280426,303.64514,2.1058514,28.653536,45.398815,2.460111,24.57045,0.045,66,779.5944
8/6/2026 19:33,40571.156,40904.83,26.572975,24.648052,1.0171137,26.588139,7.6238637,-49.118996,257.49207,0.79898816,10.873807,17.228441,1.8190157,24.572916,0.036,66,779.5944
8/6/2026 20:03,40396.586,40773.535,26.477057,24.754568,1.0170578,26.502798,7.641685,-50.177574,283.1888,0.84276557,11.451957,18.146349,1.8655838,24.515972,0.045,66,779.5944
8/6/2026 20:33,40564.668,40781.754,26.486967,24.651995,1.0170058,26.50814,7.568351,-45.814514,313.15802,0.3063981,4.1786423,6.618828,2.0579646,24.721302,0.045,66,779.5944
8/6/2026 21:03,40699.457,40546.188,26.325615,24.570353,1.0167452,26.355022,7.637231,-50.024986,255.27,0.22403932,3.0779326,4.871002,1.6811218,25.197914,0.054,66,779.5944
8/6/2026 21:33,40917.07,40432.63,26.250937,24.439678,1.016562,26.281208,7.7771435,-58.512688,222.84985,0.8443725,11.681394,18.471275,1.3431226,25.6273,0.063,66,779.5944
8/6/2026 22:03,40824.55,40295,26.152584,24.495064,1.0164701,26.191751,7.662892,-51.651,256.5479,1.1285967,15.621024,24.697926,1.4150896,25.688059,0.063,66,779.5944
8/6/2026 22:33,40923.85,40275.97,26.14131,24.435627,1.0164156,26.17938,7.708079,-54.397583,264.94504,1.2542698,17.40526,27.510653,1.6643497,25.842207,0.063,66,779.5944
8/6/2026 23:03,40970.855,40227.5,26.108286,24.407595,1.0163532,26.147877,7.7814217,-58.836937,241.70398,0.8790282,12.22198,19.313234,1.5478328,25.967474,0.063,66,779.5944
8/6/2026 23:33,40768.9,40006.76,25.949522,24.528502,1.016225,26.004396,7.780928,-58.813095,210.51883,1.293927,17.983795,28.4164,1.7069019,25.997395,0.063,66,779.5944
8/7/2026 0:03,40654.78,39889.18,25.864882,24.597353,1.0161594,25.927969,7.817641,-61.02562,243.52551,0.66866374,9.290243,14.679406,2.5565624,26.00488,0.063,66,779.5944
8/7/2026 0:33,40702.62,39941.703,25.902628,24.568443,1.0161898,25.962107,7.689637,-53.315163,260.49615,0.476961,6.6273403,10.471937,2.2212021,25.997417,0.063,66,779.5944
8/7/2026 1:03,40723.598,39960.777,25.916405,24.555788,1.0161996,25.974504,7.726923,-55.561066,248.57999,0.89649594,12.458165,19.685213,1.9390233,25.999437,0.072,66,779.5944
8/7/2026 1:33,40793.152,40216.086,26.096666,24.513918,1.0164092,26.140457,7.7019353,-54.011345,231.58073,0.98132396,13.593019,21.488865,1.3470485,25.751265,0.063,66,779.5944
8/7/2026 2:03,40749.363,40231.42,26.106499,24.54026,1.0164397,26.150425,7.7228546,-55.25589,267.13373,2.0629046,28.538536,45.122643,1.9576658,25.67403,0.063,66,779.5944
8/7/2026 2:33,40747.883,40128.66,26.034502,24.541153,1.0163455,26.08363,7.7237906,-55.336952,275.61664,1.7599281,24.393095,38.558178,2.5854354,25.807903,0.063,66,779.5944
8/7/2026 3:03,40677.77,40448.25,26.256659,24.583452,1.0166641,26.291363,7.62624,-49.381256,266.2182,1.4407403,19.81949,31.359564,2.077398,25.297085,0.054,66,779.5944
8/7/2026 3:33,40537.1,40463.91,26.264408,24.668758,1.0167294,26.301542,7.723289,-55.174828,234.02692,1.5719503,21.550028,34.110775,1.6249114,25.094702,0.054,66,779.5944
8/7/2026 4:03,40498.03,40440.84,26.247393,24.692558,1.0167226,26.286547,7.60692,-48.184395,281.3959,0.64664054,8.860822,14.026026,1.7341008,25.074043,0.045,66,779.5944
8/7/2026 4:33,40553.098,40614.008,26.369604,24.659029,1.0168592,26.399105,7.660332,-51.3649,290.35568,1.6183187,22.132532,35.04418,1.8345647,24.92148,0.054,66,779.5944
8/7/2026 5:03,40473.355,40641.055,26.386566,24.707613,1.0169121,26.416687,7.6362414,-49.89624,282.0921,1.2804899,17.472252,27.672258,1.6229633,24.783964,0.045,66,779.5944
8/7/2026 5:33,40401.094,40764.145,26.470627,24.751804,1.017048,26.496695,7.7002754,-53.691864,282.0444,1.8083154,24.579052,38.945797,1.7230853,24.53371,0.045,66,779.5944
8/7/2026 6:03,40298.293,40793.562,26.488499,24.814947,1.01711,26.515816,7.67117,-51.91803,321.13074,1.5152798,20.537394,32.551758,1.6976628,24.364351,0.045,66,779.5944
8/7/2026 6:33,40257.12,40816.977,26.503742,24.840326,1.0171453,26.531034,7.626816,-49.24774,321.7125,1.2094316,16.369911,25.950169,1.6054326,24.281874,0.036,66,779.5944
8/7/2026 7:03,40276.75,40817.227,26.504427,24.82822,1.0171387,26.531199,7.5026083,-41.81385,217.36145,0.10938078,1.4811429,2.347855,1.409062,24.306732,0.036,66,779.5944
8/7/2026 7:33,40340.05,40848.176,26.527615,24.789259,1.0171442,26.551313,7.5064106,-42.0475,223.44113,0.09545102,1.2936356,2.0504699,1.2029349,24.348728,0.036,66,779.5944
8/7/2026 8:03,40259.17,40707.773,26.427763,24.83906,1.0170476,26.460054,7.5887766,-46.992302,251.76526,0.41134655,5.5789766,8.841736,1.2296104,24.423033,0.036,66,779.5944
8/7/2026 8:33,40351.727,40764.586,26.46969,24.782087,1.0170658,26.496983,7.525942,-43.234825,254.37355,0.36169308,4.910723,7.782006,1.1675146,24.469742,0.045,66,779.5944
8/7/2026 9:03,40392.242,40746.855,26.458355,24.757229,1.0170356,26.485456,7.492742,-41.25595,231.25171,0.28622422,3.8908777,6.165023,1.0939434,24.544352,0.045,66,779.5944
8/7/2026 9:33,40490.594,40628.715,26.37837,24.697094,1.0168948,26.408665,7.592654,-47.28794,220.90436,1.0334282,14.109764,22.345232,1.2643931,24.822014,0.045,66,779.5944
8/7/2026 10:03,40401.94,40458.793,26.257692,24.751286,1.0167736,26.298216,7.6236863,-49.16668,271.6589,1.798322,24.580696,38.92018,1.6982,24.92643,0.045,66,779.5944
8/7/2026 10:33,40513.387,40421.098,26.233963,24.683199,1.0166992,26.273714,7.6773133,-52.41871,255.43213,2.0867128,28.614243,45.29036,1.6999378,25.119541,0.054,66,779.5944
8/7/2026 11:03,40667.297,40382.49,26.21044,24.589783,1.016608,26.24862,7.753546,-57.04403,218.92072,2.4534762,33.784367,53.448246,1.8510273,25.369255,0.054,66,779.5944
8/7/2026 11:33,40880.645,40292.652,26.152113,24.461454,1.0164471,26.190224,7.7674274,-57.95479,217.48543,2.719662,37.69211,59.585033,1.5685441,25.764032,0.063,66,779.5944
8/7/2026 12:03,40740.062,40230.3,26.105516,24.545864,1.0164421,26.149696,7.7668004,-57.897568,259.45187,2.6011033,35.977345,56.885414,1.628179,25.66341,0.063,66,779.5944
8/7/2026 12:33,40761.59,40291.86,26.149065,24.5329,1.0164906,26.189709,7.6912594,-53.343773,258.82245,2.4177992,33.419735,52.846886,1.586367,25.610376,0.063,66,779.5944
8/7/2026 13:03,40894.062,40360.97,26.200254,24.453428,1.0165049,26.23463,7.6697774,-52.06585,237.38385,2.2099702,30.598545,48.37811,1.4359784,25.691526,0.063,66,779.5944
8/7/2026 13:33,40889.008,40327.78,26.176897,24.456451,1.0164762,26.213058,7.7413106,-56.376457,223.43636,2.145409,29.719618,46.98508,1.0687602,25.728619,0.063,66,779.5944
8/7/2026 14:03,40832.28,40179.418,26.071785,24.490427,1.0163609,26.116623,7.72152,-55.208206,250.63515,3.0977457,42.97623,67.92685,1.1300423,25.85072,0.072,66,779.5944
8/7/2026 14:33,41148.008,40198.414,26.09135,24.302513,1.0162594,26.12897,7.7963653,-59.79061,227.88525,3.324724,46.435364,73.33815,1.3040906,26.236788,0.072,66,779.5944
8/7/2026 15:03,41225.562,40188.3,26.085716,24.256794,1.0162206,26.122396,7.8912816,-65.5365,225.62027,4.0516496,56.696648,89.52382,1.5309466,26.35131,0.072,66,779.5944
8/7/2026 15:33,41328.8,40490.96,26.300278,24.196201,1.0164626,26.319124,7.8825192,-64.94999,228.98196,3.5700266,49.789913,78.66024,1.3625152,26.083347,0.072,66,779.5944
8/7/2026 16:03,41294.094,40532.67,26.328865,24.216537,1.0165141,26.346237,7.907029,-66.40434,186.9154,5.6568313,78.772255,124.47237,2.1331134,25.983528,0.063,66,779.5944
8/7/2026 16:33,41406.85,40701.145,26.449419,24.150593,1.0166274,26.455744,7.914278,-66.82396,192.5516,5.7717104,80.32274,126.9413,1.755462,25.907785,0.063,66,779.5944
8/7/2026 17:03,41150.41,40684.234,26.432192,24.301094,1.0167063,26.444754,7.8536606,-63.109398,251.85107,2.594063,35.907295,56.78164,1.9821224,25.599916,0.054,66,779.5944
8/7/2026 17:33,41140.07,40749.668,26.477823,24.307201,1.0167699,26.487284,7.817683,-60.925484,248.95668,3.0042117,41.525238,65.67797,1.7428013,25.501595,0.054,66,779.5944
8/7/2026 18:03,41077.977,40666.92,26.418505,24.343945,1.0167171,26.433498,7.8563676,-63.257217,296.0205,2.989396,41.326103,65.359535,2.1171308,25.529205,0.054,66,779.5944
8/7/2026 18:33,41256.086,40743.582,26.476053,24.238848,1.016722,26.48333,7.8762045,-64.47792,280.9048,3.401813,47.147423,74.54762,2.484081,25.658571,0.063,66,779.5944
8/7/2026 19:03,41333.316,40761.227,26.49006,24.193558,1.0167097,26.494799,7.874425,-64.38732,291.39996,3.3821065,46.939312,74.207565,2.9007864,25.734821,0.063,66,779.5944
8/7/2026 19:33,41279.95,40798.38,26.51499,24.224836,1.0167633,26.518946,7.8634276,-63.700676,288.85364,2.507609,34.737633,54.930088,2.7081263,25.61799,0.063,66,779.5944
8/7/2026 20:03,41232.723,40756.37,26.484522,24.252583,1.0167421,26.491642,7.8104906,-60.515404,312.44754,2.223641,30.795338,48.696754,2.7180963,25.611923,0.054,66,779.5944
8/7/2026 20:33,41277.246,40653.145,26.413063,24.226423,1.0166311,26.424543,7.7573166,-57.353973,308.24185,2.0025918,27.814068,43.966057,2.2099686,25.803762,0.063,66,779.5944
8/7/2026 21:03,41184.695,40372.04,26.213936,24.280865,1.0164065,26.241825,7.808925,-60.510635,297.74188,2.529436,35.24222,55.680428,2.566018,26.053883,0.063,66,779.5944
8/7/2026 21:33,41273.266,40469.31,26.283976,24.22876,1.0164634,26.30505,7.746985,-56.777,266.67117,0.56818,7.917629,12.509681,1.8263264,26.040098,0.072,66,779.5944
8/7/2026 22:03,41308.523,40539.566,26.333994,24.208078,1.016515,26.350718,7.61546,-48.8472,308.25616,0.48768416,6.7923956,10.732834,1.757132,25.993095,0.063,66,779.5944
8/7/2026 22:33,41271.695,40389.098,26.227625,24.229681,1.0163897,26.252913,7.6867495,-53.167343,309.68665,1.6355011,22.824066,36.054085,1.6875504,26.144106,0.072,66,779.5944
8/7/2026 23:03,41335.977,40470.2,26.285845,24.192001,1.0164406,26.30563,7.6964765,-53.749084,249.43352,0.92824715,12.952989,20.462189,1.6209912,26.120047,0.072,66,779.5944
8/7/2026 23:33,41440.55,40524.895,26.326305,24.130953,1.016452,26.34118,7.751045,-57.048798,232.84436,1.8259307,25.51263,40.29796,1.6819092,26.182978,0.072,66,779.5944
8/8/2026 0:03,40982.004,40085.496,26.008905,24.400953,1.0162174,26.055574,7.7432494,-56.57673,296.04434,2.1553798,30.055744,47.475075,1.6864027,26.170933,0.072,66,779.5944
8/8/2026 0:33,40969.35,40032.945,25.971794,24.40849,1.0161732,26.021416,7.749727,-56.977272,293.9892,1.8320385,25.564898,40.377155,1.7174879,26.224651,0.072,66,779.5944
8/8/2026 1:03,40967.47,40042.926,25.978756,24.40961,1.0161834,26.0279,7.7594295,-57.559013,259.96686,0.9780876,13.645448,21.552279,1.7205734,26.208836,0.072,66,779.5944
8/8/2026 1:33,41027.008,40047.406,25.983034,24.374187,1.0161649,26.030813,7.793768,-59.64279,249.6767,1.2363628,17.27019,27.273449,1.5096778,26.280685,0.072,66,779.5944
8/8/2026 2:03,40753.62,39825.695,25.822302,24.537697,1.0160626,25.886702,7.767385,-58.04062,274.77264,2.1785712,30.372452,47.97066,1.9383019,26.21988,0.072,66,779.5944
8/8/2026 2:33,40995.195,40012.453,25.957897,24.393103,1.0161444,26.008095,7.739804,-56.390762,290.1602,2.1004858,29.339247,46.332657,2.0884972,26.285912,0.072,66,779.5944
8/8/2026 3:03,41087.145,40233.67,26.114916,24.338512,1.0163151,26.151888,7.7017283,-54.063797,259.33264,0.45907792,6.398877,10.108671,1.949327,26.110626,0.072,66,779.5944
8/8/2026 3:33,40995.203,40125.86,26.037476,24.393097,1.0162499,26.08181,7.7063265,-54.34513,243.55888,0.94718176,13.201867,20.854763,1.8394405,26.134317,0.072,66,779.5944
8/8/2026 4:03,40992.652,40307.184,26.164595,24.394615,1.0164187,26.199669,7.621837,-49.214363,291.05664,1.4653726,20.354164,32.168636,2.4504027,25.890375,0.063,66,779.5944
8/8/2026 4:33,41040.793,40399.434,26.23025,24.366001,1.0164857,26.259632,7.6715913,-52.199364,278.68747,1.9557623,27.148312,42.911396,2.1462226,25.831179,0.054,66,779.5944
8/8/2026 5:03,41012.117,40453.65,26.267658,24.383038,1.0165462,26.294872,7.7070136,-54.311752,267.35306,1.9025158,26.36579,41.68333,2.256655,25.722782,0.063,66,779.5944
8/8/2026 5:33,40976.492,40463.812,26.274035,24.404236,1.0165687,26.301477,7.7444477,-56.552887,264.66846,2.1304467,29.49553,46.636723,1.8308972,25.663355,0.063,66,779.5944
8/8/2026 6:03,40758.934,40511.7,26.302837,24.534498,1.0166922,26.332605,7.748388,-56.72455,300.9367,2.3479314,32.32025,51.136814,2.3498604,25.31952,0.054,66,779.5944
8/8/2026 6:33,40765.203,40549.562,26.329464,24.530725,1.0167243,26.357216,7.652324,-50.945282,299.71124,1.280212,17.612846,27.869064,2.2520306,25.278423,0.054,66,779.5944
8/8/2026 7:03,40694.914,40584.137,26.352043,24.573095,1.0167811,26.379688,7.699081,-53.73001,292.22488,1.8982416,26.057873,41.242344,2.002002,25.142906,0.054,66,779.5944
8/8/2026 7:33,40707.37,40620.703,26.377878,24.565575,1.0168097,26.403458,7.606818,-48.184395,210.78586,0.48066613,6.595694,10.439757,1.4011631,25.11171,0.045,66,779.5944
8/8/2026 8:03,40681.875,40591.477,26.35687,24.58097,1.0167925,26.38446,7.511115,-42.438507,275.1541,0.16116583,2.2114375,3.5002623,1.1799666,25.1166,0.054,66,779.5944
8/8/2026 8:33,40698.55,40620.61,26.377613,24.5709,1.016813,26.403397,7.5706353,-46.010017,266.76654,0.31367543,4.303412,6.811644,1.3072073,25.100462,0.054,66,779.5944
8/8/2026 9:03,40762.01,40648.69,26.398703,24.532646,1.0168154,26.42165,7.663817,-51.612854,237.52213,1.0391201,14.268923,22.58359,1.4612237,25.14596,0.054,66,779.5944
8/8/2026 9:33,40777.582,40625.49,26.382835,24.52328,1.0167887,26.406569,7.620961,-49.04747,242.59567,0.6300542,8.658438,13.702515,1.0835016,25.196007,0.054,66,779.5944
8/8/2026 10:03,40453.508,40284.684,26.137316,24.719736,1.0165973,26.185043,7.6168485,-48.804283,267.12894,0.5465914,7.503996,11.875012,1.1590132,25.219416,0.054,66,779.5944
8/8/2026 10:33,40683.32,40274.168,26.135015,24.580097,1.0165032,26.17821,7.7046566,-54.135323,260.849,2.412449,33.29821,52.662693,1.5557511,25.531895,0.054,66,779.5944
8/8/2026 11:03,40813.574,40409.9,26.232807,24.501652,1.0165794,26.266436,7.6217327,-49.147606,249.38583,0.88100904,12.165156,19.2401,1.3755503,25.523012,0.063,66,779.5944
8/8/2026 11:33,40878.227,40324.434,26.174332,24.4629,1.0164772,26.210882,7.701794,-53.99704,196.09451,1.7415255,24.120384,38.133713,1.0184287,25.719025,0.063,66,779.5944
8/8/2026 12:03,41058.305,40104.363,26.023605,24.355608,1.016206,26.067837,7.7422247,-56.529045,260.31018,3.6470518,50.92512,80.42771,1.2846504,26.245365,0.072,66,779.5944
8/8/2026 12:33,41130.375,40098.9,26.021135,24.312931,1.0161735,26.064285,7.8281097,-61.72657,257.73526,4.106821,57.44332,90.70365,1.4361761,26.34677,0.072,66,779.5944
8/8/2026 13:03,41185.914,40115.24,26.03365,24.280146,1.0161675,26.074905,7.819476,-61.216354,246.88245,3.7942703,53.120975,83.87006,1.0185332,26.39738,0.081,66,779.5944
8/8/2026 13:33,41536.73,40207.066,26.104578,24.075077,1.016119,26.134594,7.8277445,-61.78379,227.15569,3.0902858,43.528057,68.67755,0.72188455,26.73144,0.081,66,779.5944
8/8/2026 14:03,41066.914,40274.01,26.14282,24.350502,1.0163602,26.178108,7.6684794,-52.046776,258.68893,0.51906866,7.2263393,11.41767,0.6229118,26.03077,0.09,66,779.5944
8/8/2026 14:33,41047.79,40254.66,26.128862,24.361849,1.0163494,26.16553,7.748912,-56.89144,268.97906,3.3768377,47.00837,74.27345,1.1812603,26.031563,0.072,66,779.5944
8/8/2026 15:03,41379.215,40256.227,26.136314,24.166723,1.0162255,26.166548,7.860924,-63.729286,231.89545,3.9604642,55.539406,87.67722,1.2046399,26.460526,0.072,66,779.5944
8/8/2026 15:33,41403.074,40300.492,26.167873,24.152796,1.0162575,26.19532,7.832402,-62.003136,233.1543,3.2195766,45.13612,71.25813,0.87695855,26.432407,0.081,66,779.5944
8/8/2026 16:03,41264.03,40389.117,26.227491,24.23418,1.0163926,26.252928,7.7618837,-57.692528,276.44635,3.3383958,46.580566,73.58255,1.0087594,26.134144,0.072,66,779.5944
8/8/2026 16:33,41286.785,40382.535,26.223312,24.220825,1.0163779,26.248648,7.7635813,-57.8022,277.6623,3.233105,45.139847,71.30124,1.0893307,26.172361,0.072,66,779.5944
8/8/2026 17:03,41298.77,40434.695,26.26017,24.213797,1.0164217,26.282553,7.8821535,-64.935684,225.90637,4.560475,63.62743,100.51427,1.6832772,26.118828,0.072,66,779.5944
8/8/2026 17:33,41396.203,40514.426,26.31808,24.156805,1.016459,26.334375,7.8230414,-61.37848,235.97241,3.8906593,54.31907,85.806015,1.5291805,26.139503,0.072,66,779.5944
8/8/2026 18:03,41403.848,40541.688,26.337381,24.152344,1.0164814,26.352097,7.799149,-59.933662,255.28908,4.0716076,56.826286,89.77124,1.5208609,26.113401,0.072,66,779.5944
8/8/2026 18:33,41400.312,40662.906,26.42244,24.154408,1.0165946,26.43089,7.8841896,-65.021515,252.29932,2.587006,36.022602,56.92512,1.4155756,25.949453,0.063,66,779.5944
8/8/2026 19:03,41363.25,40762.426,26.491533,24.17605,1.0166998,26.495577,7.867241,-63.962936,261.47842,3.856545,53.55814,84.665344,1.4580425,25.771706,0.063,66,779.5944
8/8/2026 19:33,41312.492,40782.477,26.504526,24.205753,1.0167367,26.50861,7.8073273,-60.338974,244.30753,3.4885938,48.376087,76.4871,1.2039881,25.680428,0.063,66,779.5944
8/8/2026 20:03,41310.156,40777.64,26.501085,24.207123,1.0167332,26.505466,7.7588882,-57.4255,269.4416,2.7843976,38.612427,61.04945,1.313245,25.683718,0.063,66,779.5944
8/8/2026 20:33,41148.3,40669.016,26.421476,24.30234,1.0166932,26.43486,7.810236,-60.5011,254.58336,3.283558,45.46199,71.88847,1.4481796,25.61702,0.063,66,779.5944
8/8/2026 21:03,41188.94,40783.047,26.502277,24.27836,1.0167825,26.508982,7.715316,-54.774284,201.91669,1.8697141,25.856037,40.893402,1.3473865,25.521076,0.054,66,779.5944
8/8/2026 21:33,41157.246,40711.438,26.451403,24.297058,1.0167286,26.462435,7.716346,-54.84581,218.35803,0.67508084,9.341294,14.772521,1.120879,25.573324,0.054,66,779.5944
8/8/2026 22:03,41210.02,40664.65,26.419724,24.265944,1.0166667,26.432022,7.781972,-58.817863,244.58885,1.9332075,26.80479,42.379074,1.3937876,25.70217,0.063,66,779.5944
8/8/2026 22:33,41182.938,40556.355,26.343224,24.2819,1.0165772,26.361631,7.691384,-53.38669,264.12012,1.5259695,21.187729,33.491383,1.3333013,25.80888,0.063,66,779.5944
8/8/2026 23:03,41308.348,40442.605,26.265919,24.208181,1.0164255,26.287695,7.79121,-59.456825,283.2985,2.258808,31.516768,49.787838,1.2603832,26.120766,0.072,66,779.5944
8/8/2026 23:33,41346.76,40491.586,26.301067,24.185692,1.0164564,26.31953,7.774559,-58.4507,266.8476,2.6132383,36.460033,57.598553,1.0729692,26.105751,0.072,66,779.5944
8/9/2026 0:03,41292.31,40386.438,26.226152,24.217585,1.0163795,26.251184,7.824031,-61.445236,293.7889,3.1784883,44.37948,70.099915,1.4306735,26.174349,0.081,66,779.5944
8/9/2026 0:33,41190.34,40284.06,26.152288,24.277536,1.016323,26.184637,7.8448296,-62.699318,291.58594,2.9580622,41.287067,65.214806,1.4812127,26.177872,0.072,66,779.5944
8/9/2026 1:03,41185.465,40284.414,26.152447,24.28041,1.0163252,26.18487,7.8103523,-60.620308,267.41028,2.8731375,40.09707,63.336018,1.6360664,26.171057,0.072,66,779.5944
8/9/2026 1:33,40885.984,39861.81,25.850126,24.45826,1.0160457,25.910175,7.884819,-65.14549,260.3197,3.522151,49.216534,77.71371,1.1700518,26.345196,0.072,66,779.5944
8/9/2026 2:03,40966.39,39993.164,25.943817,24.410254,1.0161374,25.995558,7.817758,-61.08761,281.06213,3.0271537,42.27087,66.75593,1.1995763,26.274073,0.072,66,779.5944
8/9/2026 2:33,40800.96,39785.89,25.795275,24.509226,1.0160073,25.860828,7.8663464,-64.02969,277.48108,3.8542209,53.83139,85.002266,1.5516101,26.335777,0.072,66,779.5944
8/9/2026 3:03,40766.96,39767.266,25.781574,24.529667,1.016003,25.848724,7.8432417,-62.63256,235.8818,3.1983047,44.651905,70.51021,1.8001608,26.31616,0.072,66,779.5944
8/9/2026 3:33,40994.44,39946.527,25.911608,24.39355,1.0160832,25.965244,7.817501,-61.092377,240.12088,2.5196502,35.23725,55.63702,1.2363079,26.373455,0.072,66,779.5944
8/9/2026 4:03,40989.95,39988.51,25.941,24.396225,1.0161241,25.992533,7.783543,-59.03244,271.492,1.8740335,26.184956,41.3493,1.8103317,26.31116,0.072,66,779.5944
8/9/2026 4:33,40819.727,39872.047,25.856064,24.49796,1.0160805,25.916832,7.821577,-61.31172,255.09834,2.1322532,29.74482,46.97706,1.4292753,26.244404,0.072,66,779.5944
8/9/2026 5:03,41105.86,40222.375,26.107353,24.327433,1.0162977,26.144545,7.7087326,-54.49295,268.8408,1.9782735,27.591583,43.58459,1.5380933,26.15,0.072,66,779.5944
8/9/2026 5:33,41029.188,40422.555,26.246222,24.372892,1.0165113,26.274662,7.7061896,-54.273605,253.23392,1.797486,24.934109,39.415066,1.2399311,25.785719,0.054,66,779.5944
8/9/2026 6:03,41013.133,40445.758,26.262146,24.382435,1.0165386,26.289743,7.744541,-56.57196,296.2589,2.4908931,34.525585,54.58242,1.3619212,25.734455,0.063,66,779.5944
8/9/2026 6:33,40967.133,40443.266,26.259436,24.409811,1.0165532,26.288122,7.782209,-58.8274,295.10974,2.5945685,35.927357,56.80474,1.2028354,25.678177,0.063,66,779.5944
8/9/2026 7:03,40958.074,40505.58,26.302904,24.41521,1.0166136,26.328627,7.798451,-59.785843,300.8938,1.7075763,23.613028,37.34131,1.5827152,25.58488,0.063,66,779.5944
8/9/2026 7:33,40913.973,40499.176,26.297468,24.441528,1.016624,26.324465,7.7744265,-58.33149,291.65744,1.4864196,20.536991,32.479958,1.164858,25.536236,0.054,66,779.5944
8/9/2026 8:03,40894,40535.617,26.322544,24.453465,1.0166646,26.348152,7.780217,-58.665276,316.5531,1.6904026,23.329216,36.901157,1.1932925,25.462887,0.045,66,779.5944
8/9/2026 8:33,40902.727,40560.2,26.339952,24.448248,1.0166839,26.36413,7.743479,-56.45275,321.8031,1.328512,18.330019,28.9948,1.1894482,25.442139,0.054,66,779.5944
8/9/2026 9:03,40911.418,40577.008,26.3519,24.443054,1.0166961,26.375055,7.6138124,-48.656464,269.49405,0.13530922,1.8667006,2.9528453,0.78132266,25.431486,0.054,66,779.5944
8/9/2026 9:33,40913.547,40574.59,26.350258,24.441782,1.016693,26.373484,7.6868553,-53.048134,232.93973,1.0215644,14.094614,22.295351,0.5913623,25.43738,0.054,66,779.5944
8/9/2026 10:03,40869.01,40498.008,26.295681,24.468416,1.0166394,26.323706,7.6304965,-49.66736,259.27066,0.45454437,6.274013,9.923646,0.45788965,25.479631,0.054,66,779.5944
8/9/2026 10:33,40890.594,40519.723,26.311352,24.455502,1.0166514,26.33782,7.6727724,-52.2089,262.52747,0.645233,8.906782,14.087925,0.47578266,25.479206,0.054,66,779.5944
8/9/2026 11:03,40923.645,40540.22,26.326408,24.435751,1.016658,26.351141,7.6421123,-50.36831,284.74808,0.49079722,6.777394,10.719526,0.45157567,25.49518,0.054,66,779.5944
8/9/2026 11:33,40941.81,40466.773,26.275375,24.42491,1.0165842,26.303404,7.649705,-50.845146,243.9928,0.4487068,6.207097,9.815249,0.25090826,25.614605,0.063,66,779.5944
8/9/2026 12:03,40938.445,40299.816,26.158325,24.426916,1.016432,26.19488,7.674131,-52.35195,271.9736,0.5706542,7.917933,12.515347,0.47663036,25.829687,0.063,66,779.5944
8/9/2026 12:33,41066.125,40353.01,26.198221,24.350971,1.0164335,26.229458,7.65445,-51.1837,288.74396,0.70436156,9.791359,15.473642,0.4873965,25.925226,0.063,66,779.5944
8/9/2026 13:03,41484.934,40319.17,26.182522,24.105137,1.0162438,26.207462,7.8305426,-61.90777,245.14676,2.4218261,34.001934,53.67131,0.7027661,26.51379,0.081,66,779.5944
8/9/2026 13:33,41689.39,40360.895,26.21557,23.986917,1.0162046,26.234581,7.9067574,-66.55216,228.0426,3.1905046,44.96163,70.940605,0.8760345,26.723322,0.063,66,779.5944
8/9/2026 14:03,41819.383,40344.066,26.205986,23.912357,1.0161387,26.223644,7.9193153,-67.35325,260.08606,2.112622,29.866497,47.104847,1.1026795,26.914577,0.081,66,779.5944
8/9/2026 14:33,41905.277,40283.273,26.164577,23.863342,1.0160481,26.184128,7.9074745,-66.68091,268.09692,2.0547323,29.136196,45.93449,1.325056,27.108114,0.09,65,779.5944
8/9/2026 15:03,41917.77,40242.953,26.13634,23.856232,1.0160049,26.157919,7.9944396,-71.95473,250.78773,2.7521143,39.06544,61.57923,1.4257203,27.178936,0.09,65,779.5944
8/9/2026 15:33,41926.36,40237.605,26.132711,23.851343,1.0159966,26.154444,7.9173985,-67.3008,228.75786,3.6409163,51.69666,81.48677,1.0592049,27.19736,0.09,65,779.5944
8/9/2026 16:03,41323.156,40223.336,26.112162,24.199507,1.016216,26.145168,7.7794337,-58.808327,276.30328,0.78782076,11.041043,17.430952,0.74549884,26.431559,0.09,65,779.5944
8/9/2026 16:33,41721.715,40251.293,26.138935,23.968334,1.016089,26.163342,7.9126134,-66.94794,265.58875,3.5360303,49.96903,78.810486,0.86946076,26.912624,0.09,65,779.5944
8/9/2026 17:03,41695.8,40261.516,26.145695,23.98323,1.0161088,26.169985,7.899762,-66.161156,224.74765,2.7213995,38.427765,60.61372,0.83803344,26.865143,0.09,65,779.5944
8/9/2026 17:33,41417.07,40251.23,26.133501,24.144634,1.0162063,26.1633,7.907597,-66.55693,226.59302,2.1789963,30.585598,48.27844,0.5263517,26.516443,0.081,65,779.5944
8/9/2026 18:03,41586.09,40410.906,26.24891,24.046503,1.0162909,26.26709,7.9383206,-68.41183,248.0793,2.8486266,40.015,63.16168,0.70820093,26.522556,0.081,65,779.5944
8/9/2026 18:33,41510.277,40332.043,26.192041,24.09042,1.0162462,26.215828,7.871667,-64.39209,276.82782,2.2638538,31.794205,50.18486,0.49003005,26.529495,0.081,65,779.5944
8/9/2026 19:03,41570.67,40398.16,26.239668,24.05542,1.016285,26.258804,7.9120913,-66.82873,220.39413,3.4242322,48.095707,75.91714,0.29606625,26.519575,0.081,65,779.5944
8/9/2026 19:33,41572.85,40472.188,26.291775,24.05416,1.0163532,26.306923,7.951819,-69.20338,230.25513,4.377862,61.408344,96.94938,0.6566683,26.42385,0.081,65,779.5944
8/9/2026 20:03,41586.824,40533.39,26.335083,24.046078,1.0164049,26.346704,7.9506373,-69.117546,268.69775,3.5018322,49.0796,77.49508,0.69884896,26.360693,0.072,65,779.5944
8/9/2026 20:33,41503.74,40464.18,26.28484,24.094215,1.016372,26.301718,7.933773,-68.097115,278.9593,3.3144653,46.428093,73.31074,0.77267927,26.345068,0.072,65,779.5944
8/9/2026 21:03,41444.586,40497.465,26.307104,24.128605,1.0164251,26.323353,7.830506,-61.84578,263.49066,2.1209977,29.653131,46.834126,0.41306025,26.224459,0.063,65,779.5944
8/9/2026 21:33,41321.06,40428.043,26.25594,24.200735,1.0164073,26.278229,7.8081064,-60.482025,210.65234,1.9156299,26.743284,42.24404,0.57355493,26.156492,0.072,65,779.5944
8/9/2026 22:03,41457.39,40554.13,26.347178,24.121151,1.0164728,26.360186,7.7439766,-56.619644,281.86798,0.56775767,7.931594,12.528612,0.74945104,26.166122,0.072,65,779.5944
8/9/2026 22:33,41351.445,40430.184,26.258032,24.182951,1.0163977,26.279621,7.8170834,-61.030388,220.12234,1.9905713,27.807081,43.921227,0.6635584,26.193012,0.072,65,779.5944
8/9/2026 23:03,41462.758,40519.598,26.323008,24.118029,1.0164388,26.33774,7.7537804,-57.22046,219.6312,0.68827915,9.622582,15.198069,0.73843485,26.218678,0.072,65,779.5944
8/9/2026 23:33,41336.484,40407.51,26.241814,24.191704,1.0163823,26.264883,7.75185,-57.10125,217.6857,0.64791685,9.051832,14.297047,0.5037473,26.203672,0.072,65,779.5944
8/10/2026 0:03,41287.285,40303.887,26.168074,24.220531,1.0163047,26.197527,7.774003,-58.4507,238.2183,0.9715222,13.584205,21.452599,0.6155327,26.27747,0.072,65,779.5944
8/10/2026 0:33,41272.445,40228.793,26.115038,24.22924,1.0162405,26.148716,7.720124,-55.217743,258.1787,0.7355169,10.295366,16.256123,0.35679588,26.35827,0.072,65,779.5944
8/10/2026 1:03,41024.492,39973.64,25.931204,24.375683,1.016097,25.982866,7.831013,-61.90777,253.78705,1.1707116,16.375044,25.854832,0.2341249,26.37637,0.072,65,779.5944
8/10/2026 1:33,41107.406,40032.184,25.973854,24.326517,1.0161198,26.02092,7.7653627,-57.95479,228.32394,0.990866,13.869855,21.898037,0.32250267,26.406227,0.081,65,779.5944
8/10/2026 2:03,41144.02,40051.746,25.988276,24.304869,1.0161242,26.033636,7.7965236,-59.838295,255.8136,1.6283855,22.803864,36.001667,0.5465324,26.42783,0.072,65,779.5944
8/10/2026 2:33,40889.703,39742.19,25.766241,24.456036,1.0159322,25.832424,7.8652487,-64.00108,213.0556,1.8953428,26.546925,41.903915,0.5286831,26.51172,0.072,65,779.5944
8/10/2026 3:03,40927.23,39815.69,25.818518,24.43361,1.0159866,25.880201,7.7863717,-59.23271,235.83412,2.0817947,29.142282,46.00532,0.4151373,26.461634,0.072,65,779.5944
8/10/2026 3:33,40761.59,39641.32,25.693123,24.5329,1.015887,25.76686,7.883228,-65.078735,224.00378,2.6085758,36.501835,57.62135,0.598755,26.47959,0.081,65,779.5944
8/10/2026 4:03,40865.85,39762.043,25.779743,24.470308,1.01596,25.845327,7.8309865,-61.922073,256.34766,2.4837847,34.757095,54.870033,0.7212979,26.453424,0.072,65,779.5944
8/10/2026 4:33,40760.844,39638.54,25.691156,24.533348,1.0158848,25.76505,7.8649573,-63.97724,266.0036,2.3563092,32.973034,52.05053,0.64015794,26.482386,0.081,65,779.5944
8/10/2026 5:03,40875.35,39763.47,25.78091,24.46462,1.0159577,25.846254,7.841306,-62.54673,246.6774,2.0968044,29.347334,46.3288,0.786444,26.464005,0.072,65,779.5944
8/10/2026 5:33,40718.008,39666.125,25.709728,24.559158,1.015927,25.782982,7.829232,-61.802864,258.59833,1.7429779,24.353985,38.451984,0.81257117,26.388403,0.081,65,779.5944
8/10/2026 6:03,40767.695,39726.86,25.753248,24.529226,1.0159649,25.822458,7.778996,-58.77018,265.59354,2.3409042,32.707317,51.64262,1.133613,26.371716,0.072,65,779.5944
8/10/2026 6:33,40968.703,40063.76,25.993397,24.408876,1.0162022,26.041445,7.767901,-58.06446,282.61185,1.1527388,16.076159,25.39279,0.97267383,26.182594,0.072,65,779.5944
8/10/2026 7:03,41073.25,40220.758,26.105581,24.346746,1.0163084,26.143494,7.8326406,-61.950684,279.65546,1.6511017,23.012337,36.353973,1.028409,26.109703,0.072,65,779.5944
8/10/2026 7:33,41033.973,40202.31,26.091873,24.37005,1.016306,26.131502,7.8408055,-62.437057,252.30884,1.9131765,26.650885,42.104225,1.0075463,26.083088,0.072,65,779.5944
8/10/2026 8:03,39730.887,39029.617,25.245481,25.169334,1.0157133,25.369251,7.8752728,-64.48269,273.83804,1.7136488,23.699667,37.452305,1.0937754,25.94071,0.063,65,779.5944
8/10/2026 8:33,40375.38,39680.59,25.713293,24.767569,1.0160718,25.792383,7.8499355,-62.95204,261.6501,1.4885502,20.632666,32.60711,0.90280247,25.916733,0.063,65,779.5944
8/10/2026 9:03,40501.59,39751.04,25.765104,24.69039,1.0160892,25.838175,7.8381243,-62.25586,267.89667,1.1244949,15.61028,24.66641,0.56900215,25.988554,0.063,65,779.5944
8/10/2026 9:33,40455.953,39684.805,25.71783,24.71824,1.0160451,25.795124,7.853305,-63.176155,246.2721,1.7592838,24.42791,38.597305,0.619852,26.017376,0.063,65,779.5944
8/10/2026 10:03,40174.832,39416.812,25.524784,24.891205,1.0159032,25.62093,7.8698893,-64.172745,282.2876,1.976826,27.413673,43.31586,0.6464383,26.00685,0.072,65,779.5944
8/10/2026 10:33,40443.863,39703.043,25.730366,24.72563,1.0160667,25.806978,7.7611995,-57.621002,271.20114,0.6290625,8.729204,13.793676,0.41355702,25.97691,0.063,65,779.5944
8/10/2026 11:03,40537.56,39736.44,25.755589,24.668482,1.0160619,25.828688,7.7921376,-59.49974,228.25241,0.5148916,7.155545,11.30526,0.54188776,26.05554,0.063,65,779.5944
8/10/2026 11:33,40494.01,39692.457,25.723934,24.69501,1.0160377,25.800097,7.797673,-59.833527,210.18506,0.40887418,5.681347,8.976098,0.36247644,26.057285,0.072,65,779.5944
8/10/2026 12:03,40423.457,39633.6,25.681347,24.738111,1.0160099,25.76184,7.8270893,-61.602592,253.1147,1.0049118,13.956689,22.05112,0.5284131,26.043402,0.072,65,779.5944
8/10/2026 12:33,40447.484,39646.61,25.690924,24.723417,1.0160128,25.770296,7.7206483,-55.1939,266.26587,0.6764393,9.397493,14.847322,0.47863322,26.057611,0.063,65,779.5944
8/10/2026 13:03,40568.973,39700.055,25.730703,24.64938,1.0160161,25.805037,7.7912855,-59.466362,235.1284,0.5512208,7.671175,12.1177435,0.4381738,26.145922,0.072,65,779.5944
8/10/2026 13:33,40691.645,39605.34,25.6666,24.57507,1.0158805,25.743471,7.8961926,-65.85121,213.6898,2.0391455,28.50838,45.006954,0.7446548,26.436037,0.072,65,779.5944
8/10/2026 14:03,40503.375,39365.043,25.49468,24.6893,1.0157278,25.587278,7.9143248,-66.96224,239.58206,3.2947261,46.078587,72.734,1.0496901,26.513994,0.081,65,779.5944
8/10/2026 14:33,40832.54,39448.73,25.559162,24.490273,1.0156777,25.641676,7.9142365,-67.029,239.26735,2.5841627,36.35228,57.34335,1.0196271,26.836578,0.081,65,779.5944
8/10/2026 15:03,40900.07,39441.105,25.55494,24.449835,1.0156438,25.636719,7.993427,-71.83552,247.25436,3.5106578,49.468025,78.016426,1.1929607,26.9367,0.09,65,779.5944
8/10/2026 15:33,41096.1,39347.777,25.492456,24.333208,1.0154768,25.576056,8.055104,-75.65975,187.73557,3.887669,55.121803,86.86198,1.1165832,27.326317,0.099,65,779.5944
8/10/2026 16:03,40953.51,39290.133,25.449665,24.41793,1.0154787,25.538588,8.048938,-75.25921,236.9976,4.754337,67.26954,106.02921,1.4797899,27.216532,0.099,65,779.5944
8/10/2026 16:33,40884.47,39317.582,25.467863,24.459166,1.0155325,25.556429,7.997488,-72.11685,212.08286,3.5461392,50.06999,78.9411,1.183512,27.086493,0.099,65,779.5944
8/10/2026 17:03,41114.895,39460.88,25.57236,24.322086,1.0155774,25.649572,8.017563,-73.35663,235.4002,3.830871,54.22062,85.46568,1.0882255,27.194517,0.09,65,779.5944
8/10/2026 17:33,41056.523,39326.65,25.476967,24.356665,1.0154725,25.56232,8.069706,-76.53713,218.27222,3.9928973,56.58674,89.17484,1.245328,27.303007,0.099,65,779.5944
8/10/2026 18:03,41039.19,39232.32,25.410318,24.366951,1.015389,25.501009,8.068935,-76.51806,233.61682,5.080319,72.10174,113.59876,1.4319954,27.411291,0.099,65,779.5944
8/10/2026 18:33,40888.92,39523.836,25.612883,24.456503,1.0157267,25.690493,7.9974103,-72.04533,209.41734,2.9047465,40.854767,64.4495,1.2801251,26.808285,0.081,65,779.5944
8/10/2026 19:03,41065.844,39640.332,25.697767,24.351137,1.0157676,25.766216,7.967826,-70.27626,237.79391,2.1627269,30.471243,48.061806,1.5599835,26.882784,0.081,65,779.5944
8/10/2026 19:33,41006.625,39587.332,25.659508,24.386303,1.0157405,25.731768,7.963269,-69.999695,219.66458,3.035866,42.75981,67.445175,1.6577946,26.877077,0.09,65,779.5944
8/10/2026 20:03,40789.957,39568.215,25.642324,24.515839,1.0158073,25.71934,7.9895606,-71.52557,268.68344,2.5900233,36.316208,57.312344,1.347798,26.616592,0.081,65,779.5944
8/10/2026 20:33,40813.746,39569.082,25.643354,24.501549,1.0157988,25.719904,7.961789,-69.85664,230.04056,2.0965893,29.412704,46.41471,1.419319,26.646887,0.081,65,779.5944
8/10/2026 21:03,40744.246,39793.625,25.799633,24.543343,1.0160363,25.865856,7.9209967,-67.305565,241.71353,1.8179146,25.354452,40.042683,1.3513818,26.250725,0.072,65,779.5944
8/10/2026 21:33,40679.55,39725.387,25.750568,24.582376,1.0159975,25.8215,7.9148006,-66.93363,242.80072,2.0211203,28.184061,44.510925,1.3642727,26.257538,0.072,65,779.5944
8/10/2026 22:03,40577.727,39739.344,25.758404,24.644062,1.0160493,25.830574,7.9304857,-67.84439,227.4704,1.4111202,19.627317,31.006767,1.2001365,26.10456,0.072,65,779.5944
8/10/2026 22:33,40569.707,39794.43,25.796833,24.648933,1.0161036,25.86638,7.890823,-65.43636,213.39893,1.2924917,17.95525,28.370033,1.0286037,26.02,0.063,65,779.5944
8/10/2026 23:03,40596.105,39832.95,25.824339,24.632904,1.0161294,25.891417,7.836253,-62.146187,227.85663,0.5258789,7.3045273,11.5418415,0.96684545,26.003084,0.063,65,779.5944
8/10/2026 23:33,40584.36,39804.32,25.804049,24.640034,1.0161072,25.872808,7.7746596,-58.441162,228.63864,0.64648384,8.98222,14.192108,1.0604916,26.026012,0.072,65,779.5944
8/11/2026 0:03,40554.47,39653.07,25.697504,24.658195,1.0159779,25.774496,7.837903,-62.28447,250.39673,1.2807945,17.834497,28.169718,0.7853167,26.190166,0.063,65,779.5944
8/11/2026 0:33,40496.176,39614.32,25.669247,24.69369,1.015964,25.749308,7.7433457,-56.581497,240.93628,0.5024732,6.992673,11.045517,0.70019585,26.1655,0.072,65,779.5944
8/11/2026 1:03,40533.156,39532.05,25.6123,24.67116,1.015873,25.695833,7.8082504,-60.52494,216.28857,0.57651937,8.042508,12.699748,0.70304495,26.32586,0.072,65,779.5944
8/11/2026 1:33,40468.37,39374.195,25.500463,24.710655,1.01575,25.593227,7.8430767,-62.651634,184.33571,1.496545,20.909643,33.009357,0.96661675,26.454927,0.072,65,779.5944
8/11/2026 2:03,40360.684,39288.53,25.438478,24.776587,1.0157114,25.537546,7.822769,-61.421394,249.37152,1.1109588,15.509938,24.48632,0.7642063,26.428751,0.072,65,779.5944
8/11/2026 2:33,40278.83,39208.938,25.381227,24.826939,1.0156685,25.48581,7.8351827,-62.17003,230.7272,1.260584,17.593102,27.77512,0.77414405,26.42863,0.081,65,779.5944
8/11/2026 3:03,40231.78,39187.67,25.365479,24.85597,1.015667,25.471987,7.8228054,-61.416626,213.16052,0.7648544,10.667499,16.842464,0.8119952,26.394964,0.072,65,779.5944
8/11/2026 3:33,39923.414,38862.08,25.13197,25.047958,1.0154812,25.260351,7.875817,-64.62097,205.33562,1.2885838,17.958986,28.352692,0.95426744,26.429863,0.072,65,779.5944
8/11/2026 4:03,39794.81,38687.234,25.007353,25.128906,1.0153667,25.146702,7.8875847,-65.345764,257.08676,1.6393039,22.857807,36.08164,0.8731801,26.498896,0.072,65,779.5944
8/11/2026 4:33,39860.305,38745.67,25.0494,25.087616,1.0153961,25.184687,7.935932,-68.26401,226.84097,2.2908216,31.953827,50.43921,1.1827658,26.506176,0.081,65,779.5944
8/11/2026 5:03,39776.766,38711.996,25.024359,25.140305,1.0153974,25.162798,7.902028,-66.20407,197.40105,2.1486762,29.933155,47.255905,1.081808,26.440048,0.072,65,779.5944
8/11/2026 5:33,39634.496,38648.547,24.977436,25.230547,1.0153937,25.121555,7.8071895,-60.46295,233.85048,1.1469342,15.945287,25.178354,1.2147633,26.335634,0.072,65,779.5944
8/11/2026 6:03,39486.316,38526.895,24.889736,25.32523,1.0153373,25.042482,7.8298383,-61.821938,234.03644,1.2315129,17.10343,27.00884,1.220547,26.303806,0.072,65,779.5944
8/11/2026 6:33,39813.79,38819.48,25.100197,25.116926,1.0154841,25.232664,7.807804,-60.5011,226.67885,1.1045916,15.368698,24.267628,0.91698897,26.341028,0.072,65,779.5944
8/11/2026 7:03,40230.754,39189.65,25.366842,24.856606,1.0156692,25.473272,7.847332,-62.89482,251.44101,1.0722873,14.954376,23.611036,0.7619077,26.390877,0.072,65,779.5944
8/11/2026 7:33,40205.27,39371.438,25.49363,24.872362,1.0158494,25.591434,7.8060503,-60.34851,213.15575,0.9097536,12.635811,19.961584,0.7012323,26.108828,0.072,65,779.5944
8/11/2026 8:03,40174.066,39329.69,25.463818,24.89168,1.0158224,25.5643,7.79943,-59.952736,255.94235,1.3660573,18.97525,29.975489,0.51520467,26.124039,0.063,65,779.5944
8/11/2026 8:33,40136.605,39428.67,25.532326,24.914911,1.0159289,25.628637,7.8255424,-61.48815,258.2121,1.5572289,21.571115,34.08863,0.6840242,25.940044,0.054,65,779.5944
8/11/2026 9:03,40241.418,39700.652,25.724606,24.85002,1.016141,25.805426,7.840583,-62.34646,249.44305,1.237871,17.09936,27.03396,0.78889894,25.713148,0.063,65,779.5944
8/11/2026 9:33,40184.78,39643.19,25.683277,24.885042,1.0161093,25.768076,7.8352656,-62.026978,271.883,1.0797707,14.912494,23.57644,1.075,25.71527,0.063,65,779.5944
8/11/2026 10:03,40169.02,39663.688,25.697277,24.894808,1.0161343,25.781397,7.836938,-62.117577,295.09067,1.3494381,18.622847,29.445215,0.8964069,25.667032,0.063,65,779.5944
8/11/2026 10:33,40119.715,39708.34,25.727434,24.925402,1.0161939,25.810421,7.797958,-59.747696,291.68607,1.1840549,16.308304,25.791832,0.77087545,25.542404,0.063,65,779.5944
8/11/2026 11:03,40160.46,39773.453,25.773783,24.900112,1.0162385,25.852745,7.8032227,-60.05764,222.85461,0.4124119,5.678532,8.9812565,0.36788926,25.509443,0.063,65,779.5944
8/11/2026 11:33,40119.484,39708.137,25.727291,24.925545,1.0161937,25.810287,7.8085837,-60.386658,199.35608,0.57036704,7.855812,12.424087,0.4875487,25.542374,0.063,65,779.5944
8/11/2026 12:03,40055.38,39629.19,25.670797,24.965437,1.0161452,25.758974,7.7532477,-57.063103,245.1706,0.62596196,8.621829,13.635013,0.4212213,25.563055,0.054,65,779.5944
8/11/2026 12:33,40189.637,39663.598,25.69764,24.882036,1.0161264,25.78134,7.80522,-60.214996,235.41928,1.1207714,15.474432,24.465853,0.56400293,25.694372,0.063,65,779.5944
8/11/2026 13:03,40213.766,39644.223,25.684587,24.867107,1.0160993,25.768745,7.7526474,-57.063103,232.0385,0.299625,4.1407075,6.5459294,0.3583704,25.752169,0.063,65,779.5944
8/11/2026 13:33,40255.15,39654.06,25.69231,24.841543,1.0160928,25.775139,7.704898,-54.19731,216.12643,0.14644676,2.0253701,3.2015922,0.20105359,25.793629,0.063,65,779.5944
8/11/2026 14:03,40193.953,39472.53,25.564133,24.879364,1.0159477,25.657146,7.720482,-55.16529,257.0486,0.54450357,7.5461383,11.924694,0.06625269,25.956886,0.063,65,779.5944
8/11/2026 14:33,40537.47,39438.535,25.546825,24.668535,1.0157835,25.635048,7.856661,-63.471794,247.15424,1.9033155,26.601786,41.995014,0.40349123,26.458874,0.072,65,779.5944
8/11/2026 15:03,40771.93,39463.17,25.568266,24.526678,1.0157152,25.651062,7.911764,-66.85734,221.0188,1.3295263,18.672121,29.460138,0.4174491,26.73634,0.081,65,779.5944
8/11/2026 15:33,40904.97,39348.67,25.490044,24.446907,1.0155541,25.576637,7.9723043,-70.59097,217.34714,2.4183147,34.140755,53.828606,0.7305871,27.070757,0.09,65,779.5944
8/11/2026 16:03,40850.766,39186.38,25.375078,24.479345,1.0154207,25.471146,7.982907,-71.26808,253.41988,3.881501,54.903477,86.536705,1.0719087,27.223743,0.09,65,779.5944
8/11/2026 16:33,40793.4,39202.58,25.385548,24.513771,1.0154591,25.481676,7.999782,-72.26467,244.53163,3.24438,45.81748,72.230774,0.9985428,27.12458,0.09,65,779.5944
8/11/2026 17:03,41092.48,39271.246,25.43853,24.335352,1.0154048,25.52631,8.042939,-74.949265,181.69879,3.5417004,50.287178,79.22634,1.2376447,27.428051,0.081,65,779.5944
8/11/2026 17:33,40717.938,39373.184,25.50415,24.5592,1.0156512,25.59257,7.91868,-67.28649,196.6095,2.8716624,40.351048,63.657516,0.9541872,26.78817,0.09,65,779.5944
8/11/2026 18:03,40864.58,39216.348,25.396362,24.471071,1.0154437,25.490625,7.9678574,-70.352554,244.71759,2.2004042,31.115973,49.046173,0.68328464,27.20048,0.099,65,779.5944
8/11/2026 18:33,40864.93,39228.477,25.404903,24.470861,1.0154552,25.49851,8.050964,-75.37365,235.84366,3.6562178,51.690903,81.47997,0.9415741,27.184082,0.09,65,779.5944
8/11/2026 19:03,40721.598,39339.438,25.480513,24.556993,1.0156178,25.570635,7.952282,-69.327354,210.23273,2.492689,35.051655,55.291378,0.9175878,26.839485,0.09,65,779.5944
8/11/2026 19:33,40499.48,39365.316,25.494802,24.691675,1.0157295,25.587456,7.9122114,-66.833496,156.04973,2.6416278,36.94111,58.31137,0.9499703,26.508442,0.081,65,779.5944
8/11/2026 20:03,40611.234,39475.64,25.574175,24.623728,1.0157897,25.659166,7.9641504,-69.96632,199.73755,2.1236875,29.710232,46.89769,1.152615,26.506123,0.081,65,779.5944
8/11/2026 20:33,40649.17,39548.09,25.625675,24.600748,1.015843,25.706259,7.9233084,-67.49153,226.5358,2.0031917,28.00958,44.217545,1.0098883,26.457672,0.072,65,779.5944
8/11/2026 21:03,40674.414,39735.11,25.757288,24.58548,1.0160085,25.827822,7.9386086,-68.36414,230.46017,2.4193192,33.72668,53.266468,1.0894356,26.237652,0.072,65,779.5944
8/11/2026 21:33,40624.957,39800.9,25.802444,24.61541,1.0160886,25.870584,7.900168,-66.013336,242.71011,1.9732187,27.442768,43.355206,1.1327846,26.084003,0.063,65,779.5944
8/11/2026 22:03,40453.508,39710.766,25.735962,24.719736,1.0160701,25.811996,7.8921585,-65.50789,260.82516,1.6573137,22.99941,36.342937,1.0634094,25.979256,0.063,65,779.5944
8/11/2026 22:33,40502.695,39808.273,25.8052,24.689714,1.0161419,25.875378,7.8824987,-64.91184,276.01718,1.3008475,18.039246,28.50875,1.040453,25.913305,0.063,65,779.5944
8/11/2026 23:03,40538.52,39837.01,25.82603,24.667896,1.0161549,25.894058,7.834553,-62.026978,263.13782,1.4197268,19.693048,31.121847,1.008097,25.921965,0.063,65,779.5944
8/11/2026 23:33,40522.95,39826.574,25.818419,24.677374,1.0161512,25.887272,7.7796116,-58.717728,204.21982,0.89749926,12.447296,19.671295,0.7674754,25.915455,0.063,65,779.5944
8/12/2026 0:03,40393.086,39704.414,25.730316,24.756712,1.0160872,25.80787,7.7448664,-56.624413,264.96887,0.43633053,6.0476255,9.557605,0.4251561,25.908112,0.063,65,779.5944
8/12/2026 0:33,40446.125,39766.52,25.774837,24.724247,1.0161246,25.848238,7.7953615,-59.661865,261.2114,0.6939226,9.61814,15.2008095,0.6737735,25.894756,0.063,65,779.5944
8/12/2026 1:03,40527.98,39843.8,25.830582,24.67431,1.0161651,25.89847,7.802951,-60.11963,169.44409,1.1907439,16.510761,26.093906,0.2756069,25.899029,0.054,65,779.5944
8/12/2026 1:33,40524.56,39831.77,25.822088,24.676395,1.0161555,25.89065,7.744938,-56.62918,196.0039,0.7803641,10.82209,17.103037,0.31113613,25.910622,0.063,65,779.5944
8/12/2026 2:03,40416.15,39649.926,25.692635,24.742586,1.0160278,25.772453,7.7115254,-54.636,241.32251,0.17784135,2.4687674,3.9008183,0.26152718,26.011763,0.072,65,779.5944
8/12/2026 2:33,40378.535,39550.62,25.622377,24.765633,1.0159497,25.707903,7.782031,-58.898926,232.79666,0.90855676,12.625579,19.94593,0.6372382,26.09597,0.072,65,779.5944
8/12/2026 3:03,40406.707,39565.832,25.633575,24.748367,1.0159532,25.71779,7.8360333,-62.155724,236.82117,1.0209811,14.192829,22.421127,0.34254727,26.112698,0.072,65,779.5944
8/12/2026 3:33,40121.51,39302.5,25.443796,24.924286,1.0158173,25.546627,7.790279,-59.394836,172.21927,0.8472067,11.760183,18.578959,0.3964912,26.091028,0.072,65,779.5944
8/12/2026 4:03,40049.082,39176.73,25.354424,24.969362,1.0157276,25.464874,7.8342676,-62.060356,200.10948,1.3730274,19.073898,30.128819,0.21902888,26.16582,0.063,65,779.5944
8/12/2026 4:33,39921.71,39065.426,25.27418,25.049026,1.0156728,25.392527,7.820402,-61.221123,227.80896,1.4413453,20.007673,31.604939,0.27755213,26.147608,0.072,65,779.5944
8/12/2026 5:03,39799.836,38868.645,25.134317,25.125732,1.015536,25.264618,7.8542943,-63.285828,203.46164,1.7326393,24.075974,38.023293,0.33199197,26.254313,0.072,65,779.5944
8/12/2026 5:33,39872.348,38949.875,25.19245,25.080038,1.0155838,25.31742,7.8517337,-63.12847,180.4924,1.7541121,24.376421,38.498894,0.44225386,26.239979,0.072,65,779.5944
8/12/2026 6:03,39655.03,38821.22,25.098465,25.217482,1.0155479,25.233791,7.870341,-64.2252,251.07384,1.8074791,25.055243,39.58011,0.46386304,26.124517,0.072,65,779.5944
8/12/2026 6:33,39727.805,38891.906,25.149227,25.171288,1.0155859,25.27974,7.8361483,-62.16526,269.06967,1.395135,19.34514,30.559732,0.6426446,26.12528,0.072,65,779.5944
8/12/2026 7:03,39724.17,38882.453,25.142555,25.17359,1.0155784,25.273596,7.819976,-61.192513,240.5882,1.1746198,16.289093,25.73165,0.6781797,26.133394,0.072,65,779.5944
8/12/2026 7:33,39727.22,38922.156,25.170353,25.17166,1.0156144,25.299402,7.816585,-60.977936,233.69312,0.852644,11.815744,18.667036,0.44727242,26.082924,0.054,65,779.5944
8/12/2026 8:03,40070.145,39435.25,25.535606,24.956236,1.0159605,25.632914,7.825082,-61.440468,259.4328,1.2530465,17.328989,27.390066,0.38247997,25.842916,0.072,65,779.5944
8/12/2026 8:33,40099.848,39449.223,25.54597,24.93775,1.015962,25.641994,7.8064756,-60.32467,269.2604,0.5787171,8.006654,12.654741,0.2211906,25.863493,0.063,65,779.5944
8/12/2026 9:03,40245.996,39629.004,25.6746,24.847193,1.0160731,25.758852,7.810837,-60.577393,264.2107,0.9391186,12.991586,20.535511,0.037287883,25.815144,0.063,65,779.5944
8/12/2026 9:33,40379.426,39870.727,25.846384,24.765087,1.016246,25.915972,7.847398,-62.747,205.68372,1.8985139,26.22295,41.461926,0.06352708,25.667995,0.063,65,779.5944
8/12/2026 10:03,40163.586,39605.99,25.65684,24.898174,1.016083,25.743893,7.8481865,-62.80899,256.629,1.805107,24.935555,39.421085,0.038130257,25.737103,0.063,65,779.5944
8/12/2026 10:33,40195.42,39629.484,25.673916,24.878454,1.0160927,25.759165,7.8488626,-62.851906,267.7679,1.5990856,22.095741,34.93085,0.038336292,25.74768,0.063,65,779.5944
8/12/2026 11:03,40323.164,39729.113,25.746183,24.79964,1.0161364,25.823923,7.832101,-61.850548,275.23517,1.0150341,14.039703,22.193651,0.032412782,25.782856,0.063,65,779.5944
8/12/2026 11:33,40342.027,39742.004,25.755589,24.788046,1.0161412,25.832302,7.8261323,-61.49292,259.9573,1.0265702,14.201848,22.449629,0.031355277,25.790472,0.063,65,779.5944
8/12/2026 12:03,40251.117,39613.895,25.664146,24.84403,1.0160571,25.749033,7.792446,-59.4759,248.5466,0.9931609,13.74472,21.724825,0.029721078,25.842192,0.063,65,779.5944
8/12/2026 12:33,40353.684,39757.824,25.766891,24.780886,1.0161515,25.842585,7.7928743,-59.490204,227.52762,0.6482996,8.968443,14.177065,0.029778522,25.784672,0.054,65,779.5944
8/12/2026 13:03,40367.336,39751.965,25.763062,24.772505,1.0161409,25.838778,7.770922,-58.174133,240.38791,0.4334363,5.9985876,9.48192,0.028976614,25.810488,0.063,65,779.5944
8/12/2026 13:33,40356.953,39751.953,25.762854,24.778877,1.0161449,25.83877,7.8067784,-60.329437,231.44722,0.5287817,7.316411,11.565304,0.034632962,25.796822,0.063,65,779.5944
8/12/2026 14:03,40243.73,39661.99,25.697622,24.84859,1.0161045,25.780293,7.760521,-57.53994,255.08405,0.3464602,4.789609,7.571527,0.027920205,25.767933,0.063,65,779.5944
8/12/2026 14:33,40340.23,39635.203,25.680832,24.78915,1.0160431,25.762882,7.810129,-60.55832,270.69092,0.81627125,11.315,17.881292,0.037115894,25.931303,0.063,65,779.5944
8/12/2026 15:03,40276.035,39618.773,25.668053,24.828661,1.0160521,25.752203,7.7560806,-57.291985,257.68756,0.21724492,3.0079591,4.7541175,0.029312804,25.86857,0.063,65,779.5944
8/12/2026 15:33,40610.535,39679.168,25.71687,24.624153,1.0159807,25.79146,7.8271675,-61.645508,241.89471,0.80094326,11.161368,17.628096,0.032196015,26.228922,0.072,65,779.5944
8/12/2026 16:03,40679.836,39538.812,25.61973,24.582203,1.0158224,25.700228,7.8655677,-64.02016,267.12894,1.0844396,15.176352,23.95568,0.030906014,26.510908,0.081,65,779.5944
8/12/2026 16:33,41147.406,39566.465,25.647171,24.302868,1.0156652,25.718203,7.969619,-70.43362,247.48325,1.1197412,15.827653,24.953833,0.031094588,27.091969,0.09,65,779.5944
8/12/2026 17:03,41322.266,39610.52,25.680998,24.200027,1.0156379,25.746838,8.024542,-73.79532,239.62021,2.87706,40.792233,64.28984,0.035971876,27.262537,0.09,65,779.5944
8/12/2026 17:33,41524.312,39586.273,25.66702,24.082277,1.0155339,25.731077,7.987878,-71.64955,215.08694,2.761303,39.345898,61.97067,0.037900813,27.56321,0.099,65,779.5944
8/12/2026 18:03,41483.344,39555.46,25.644676,24.10606,1.0155206,25.71105,8.007063,-72.808266,259.04178,2.9599738,42.163418,66.40996,0.035113696,27.551765,0.09,65,779.5944
8/12/2026 18:33,41406.69,39577.45,25.659008,24.150686,1.0155725,25.725344,7.9994745,-72.31712,268.33057,2.7602413,39.23458,61.814293,0.034864314,27.41986,0.099,65,779.5944
8/12/2026 19:03,41289.254,39618.98,25.686426,24.219378,1.0156591,25.752337,7.9953523,-72.016716,245.03708,2.2835393,32.347878,50.98724,0.0311577,27.207243,0.09,65,779.5944
8/12/2026 19:33,41181.26,39647.348,25.70464,24.282888,1.0157287,25.770777,7.96672,-70.24288,259.099,1.8977205,26.803125,42.2636,0.034889974,27.025599,0.09,65,779.5944
8/12/2026 20:03,40787,39456.336,25.563723,24.517616,1.0157028,25.646618,7.92208,-67.48676,275.00153,2.1658578,30.432041,48.011578,0.037445433,26.76571,0.09,65,779.5944
8/12/2026 20:33,41018.496,39832.95,25.832294,24.379246,1.0159675,25.891417,7.9990377,-72.08347,248.27481,2.1367655,29.963217,47.29201,0.46797097,26.558273,0.081,65,779.5944
8/12/2026 21:03,41002.62,39908.36,25.884972,24.388685,1.0160444,25.940435,7.9470305,-68.917274,194.4971,2.0944757,29.31779,46.284836,0.5046406,26.435568,0.072,65,779.5944
8/12/2026 21:33,41056.805,39937.617,25.906507,24.356499,1.0160509,25.959452,7.918688,-67.214966,229.04874,1.6805053,23.538637,37.158733,0.36986008,26.46719,0.081,65,779.5944
8/12/2026 22:03,40786.03,39998.605,25.944143,24.518198,1.0162109,25.999092,7.9296556,-67.77763,257.5159,2.2040029,30.649048,48.425728,0.49979943,26.030697,0.072,65,779.5944
8/12/2026 22:33,40822.004,40034.195,25.969805,24.496593,1.0162305,26.022228,7.930924,-67.85393,264.43958,2.0756238,28.867802,45.611385,0.71085507,26.030281,0.054,65,779.5944
8/12/2026 23:03,40803.465,40134.324,26.039608,24.507723,1.01633,26.087313,7.901575,-66.05148,291.44763,1.5181081,21.06545,33.293926,0.4739363,25.872908,0.063,65,779.5944
8/12/2026 23:33,40806.586,40149.75,26.050474,24.505848,1.016343,26.097338,7.8872976,-65.18841,223.27899,1.0801768,14.98541,23.685188,0.42992032,25.856525,0.072,65,779.5944
8/13/2026 0:03,40663.46,40075.15,25.995296,24.592102,1.0163279,26.048847,7.8353195,-62.041283,277.45245,1.0329449,14.304102,22.612236,0.5564429,25.7686,0.063,65,779.5944
8/13/2026 0:33,40758.457,40203.008,26.086792,24.534786,1.0164101,26.131956,7.7837253,-58.927536,259.57584,0.6142659,8.504097,13.444648,0.38532722,25.723354,0.063,65,779.5944
8/13/2026 1:03,40756.555,40307.832,26.16014,24.53593,1.016507,26.20009,7.770311,-58.09307,202.63196,0.904958,12.503546,19.773006,0.626354,25.582848,0.063,65,779.5944
8/13/2026 1:33,40766.04,40265.098,26.130423,24.530222,1.0164644,26.172314,7.7536016,-57.10125,223.0072,0.16471885,2.278168,3.6021981,0.41636482,25.651363,0.063,65,779.5944
8/13/2026 2:03,40718.902,40167.66,26.061222,24.558619,1.0163922,26.10898,7.6738205,-52.313805,268.13983,0.7530376,10.422913,16.478376,0.25848526,25.718506,0.063,65,779.5944
8/13/2026 2:33,40689.035,40066.6,25.989836,24.576645,1.0163103,26.043293,7.737559,-56.16665,268.92184,0.30127215,4.1750546,6.599439,0.34946778,25.81335,0.063,65,779.5944
8/13/2026 3:03,40735.805,40026.066,25.962393,24.54843,1.0162554,26.016943,7.711699,-54.631233,238.9431,0.48150644,6.684871,10.56428,0.22258551,25.92837,0.063,65,779.5944
8/13/2026 3:33,40770.36,40050.594,25.98027,24.527622,1.016265,26.032887,7.7490396,-56.881905,244.29797,0.5491764,7.626747,12.052455,0.3910569,25.94091,0.063,65,779.5944
8/13/2026 4:03,40615.32,39818.867,25.814844,24.62125,1.016109,25.882265,7.7506833,-57.001114,267.3435,1.2110782,16.833815,26.596684,0.17116708,26.047222,0.063,65,779.5944
8/13/2026 4:33,40527.633,39785.824,25.789974,24.674522,1.0161117,25.860786,7.8403053,-62.384605,275.60236,1.585342,22.006187,34.773693,0.5036809,25.976181,0.072,65,779.5944
8/13/2026 5:03,40330.586,39517.43,25.598215,24.795078,1.0159372,25.686329,7.7710104,-58.231354,251.3218,0.7056909,9.802043,15.485872,0.55227304,26.07734,0.063,65,779.5944
8/13/2026 5:33,40194.965,39409.09,25.519773,24.878738,1.0158883,25.61591,7.8478284,-62.851906,245.41855,1.0758318,14.928171,23.586002,0.49617037,26.044052,0.063,65,779.5944
8/13/2026 6:03,40069.906,39296.434,25.438545,24.956385,1.0158315,25.542683,7.8949013,-65.68432,286.90338,1.5578822,21.602129,34.131542,0.3925292,26.030525,0.063,65,779.5944
8/13/2026 6:33,40163.723,39368.543,25.490805,24.89809,1.0158626,25.589554,7.9062815,-66.37573,297.19354,1.9983051,27.730186,43.81159,0.84878093,26.057503,0.072,65,779.5944
8/13/2026 7:03,40245.402,39475.914,25.567503,24.847559,1.0159312,25.659346,7.870553,-64.21566,314.29767,1.1924539,16.544218,26.140514,0.63417464,26.020554,0.063,65,779.5944
8/13/2026 7:33,40323.6,39552.61,25.622704,24.799372,1.0159726,25.709196,7.80017,-59.976578,293.8652,0.82748216,11.484158,18.145422,0.5128006,26.02057,0.072,65,779.5944
8/13/2026 8:03,40227.312,39489.99,25.577003,24.858732,1.0159513,25.668493,7.767532,-58.002472,307.52182,0.84289724,11.686478,18.466665,0.68440455,25.977545,0.063,65,779.5944
8/13/2026 8:33,40261.227,39482.5,25.572426,24.837793,1.0159314,25.663626,7.7965674,-59.762,309.3767,1.1957449,16.593779,26.218197,0.69074607,26.032635,0.063,65,779.5944
8/13/2026 9:03,40588.14,39978.11,25.925817,24.63774,1.0162666,25.985771,7.843534,-62.54196,190.52505,1.7719767,24.54124,38.793026,0.726164,25.798906,0.063,65,779.5944
8/13/2026 9:33,40667.355,40111.246,26.020653,24.589748,1.0163597,26.07231,7.8119297,-60.625076,163.6219,1.3002541,17.995169,28.449522,0.59675646,25.725872,0.063,65,779.5944
8/13/2026 10:03,40586.848,39971.926,25.92146,24.638523,1.0162613,25.98175,7.8366976,-62.13188,241.34636,0.97627056,13.52216,21.374582,0.44890773,25.805439,0.063,65,779.5944
8/13/2026 10:33,40819.4,40285.785,26.14603,24.498156,1.0164634,26.18576,7.8752866,-64.43024,251.66512,2.052672,28.412811,44.922157,0.8244338,25.693491,0.063,65,779.5944
8/13/2026 11:03,41604.105,41141.082,26.762386,24.036089,1.0169578,26.741705,7.8626575,-63.648224,257.1535,1.8405421,25.5201,40.356785,0.6187555,25.589245,0.063,64,779.5944
8/13/2026 11:33,41783.973,41306.652,26.882523,23.932621,1.0170434,26.849323,7.862681,-63.652992,267.87756,1.1649683,16.168287,25.567307,0.037412625,25.605005,0.063,64,779.5944
8/13/2026 12:03,41623.73,41175.81,26.787176,24.024757,1.0169822,26.764277,7.8701806,-64.09645,298.69556,1.9292724,26.745127,42.295612,0.32041943,25.569548,0.063,64,779.5944
8/13/2026 12:33,41714.617,41321.875,26.891699,23.972412,1.0170821,26.859219,7.842758,-62.43229,300.04025,1.6290437,22.568594,35.695656,0.39981598,25.497616,0.054,64,779.5944
8/13/2026 13:03,41684.934,41317.457,26.887941,23.989483,1.0170889,26.856346,7.811618,-60.55355,249.98187,1.25184,17.332998,27.41645,0.12694344,25.46565,0.054,64,779.5944
8/13/2026 13:33,41797.32,41370.496,26.927652,23.924978,1.0170966,26.890823,7.815728,-60.81581,235.80075,0.8134505,11.280002,17.839575,0.26537243,25.540163,0.054,64,779.5944
8/13/2026 14:03,41638.023,41176.633,26.788069,24.01651,1.0169778,26.764812,7.7611012,-57.53994,296.13495,0.29570964,4.100586,6.484586,0.13851786,25.586658,0.054,64,779.5944
8/13/2026 14:33,41789.793,41275.844,26.861017,23.929289,1.0170132,26.829298,7.859503,-63.471794,299.4251,0.9565717,13.285039,21.006042,0.26361322,25.65191,0.054,64,779.5944
8/13/2026 15:03,41702.184,41242.152,26.835459,23.979559,1.0170143,26.8074,7.8082857,-60.37712,283.5226,0.41571593,5.7659893,9.11827,0.18080151,25.583998,0.063,64,779.5944
8/13/2026 15:33,41916.348,41300.22,26.880835,23.85704,1.0169896,26.845142,7.8014436,-60.005188,273.7093,0.24856628,3.4601665,5.469774,0.30216458,25.781063,0.063,64,779.5944
8/13/2026 16:03,41685.598,40962.074,26.638395,23.989101,1.016764,26.625349,7.9196,-67.14821,307.32153,1.5398693,21.458992,33.91246,0.53957576,25.924778,0.063,64,779.5944
8/13/2026 16:33,42195.156,41074.53,26.727577,23.699402,1.0166789,26.698444,7.9359097,-68.244934,303.18738,1.7867073,25.125784,39.667366,0.6830469,26.428411,0.072,64,779.5944
8/13/2026 17:03,42424.49,40961.71,26.652178,23.571293,1.0164872,26.625113,7.948535,-69.10801,222.98813,1.5871874,22.477644,35.454594,0.48007715,26.869677,0.081,64,779.5944
8/13/2026 17:33,42629.812,40916.18,26.623516,23.457762,1.0163659,26.595516,8.028689,-74.02897,222.93567,2.3207197,33.039734,52.079334,0.6977447,27.192755,0.09,64,779.5944
8/13/2026 18:03,42297.586,40714.367,26.475359,23.642012,1.0163033,26.464338,7.93291,-68.20202,260.35785,1.8983893,26.933517,42.468285,0.3678162,27.035915,0.09,64,779.5944
8/13/2026 18:33,42662.074,40856.082,26.58155,23.440023,1.0162965,26.556454,8.032687,-74.300766,230.7272,3.3588545,47.90586,75.492874,0.46363452,27.314333,0.09,64,779.5944
8/13/2026 19:03,42703.363,40884.504,26.602325,23.417358,1.0163076,26.574926,8.006299,-72.70813,224.28036,2.2478423,32.0717,50.53888,0.52952486,27.329199,0.09,64,779.5944
8/13/2026 19:33,42669.293,40876.4,26.596031,23.436058,1.016313,26.56966,7.9976006,-72.17407,234.34639,1.1942157,17.028826,26.836048,0.36245856,27.29641,0.099,64,779.5944
8/13/2026 20:03,42391.117,40732.4,26.489664,23.589848,1.0162843,26.476059,7.9804273,-71.09642,258.23117,1.561264,22.188158,34.97885,0.54884815,27.132061,0.09,64,779.5944
8/13/2026 20:33,42584.977,40941.81,26.640892,23.48246,1.0164073,26.612175,7.9776287,-70.91999,244.689,2.3558648,33.49183,52.802097,0.6632043,27.101265,0.09,64,779.5944
8/13/2026 21:03,42254.332,40953.82,26.643568,23.666212,1.0165443,26.619984,7.92444,-67.60597,253.80612,1.5389954,21.718018,34.271023,0.70034343,26.662594,0.081,64,779.5944
8/13/2026 21:33,42278.957,41160.33,26.789639,23.652428,1.0167272,26.754213,7.954669,-69.37504,251.7891,1.6403306,23.073275,36.427364,0.7678816,26.4229,0.081,64,779.5944
8/13/2026 22:03,42160.707,41100.242,26.745037,23.718767,1.0167156,26.715158,7.854984,-63.347816,304.52728,1.2250837,17.206936,27.169722,0.4273275,26.350883,0.072,64,779.5944
8/13/2026 22:33,42167.234,41277.79,26.870216,23.715096,1.016877,26.830564,7.929052,-67.76333,298.27594,1.7181455,24.058033,38.004528,0.69911116,26.128155,0.072,64,779.5944
8/13/2026 23:03,42045.65,41336.42,26.909004,23.783674,1.0169755,26.868675,7.927065,-67.59167,300.58383,1.4224863,19.844597,31.362808,0.8375884,25.898293,0.054,64,779.5944
8/13/2026 23:33,42060.047,41458.523,26.995182,23.775532,1.0170819,26.94804,7.8967614,-65.73677,315.71387,0.97852963,13.625439,21.539766,0.64262295,25.759636,0.063,64,779.5944
8/14/2026 0:03,41776.38,41377.11,26.93183,23.936972,1.01711,26.89512,7.8555794,-63.204765,340.86703,0.83816165,11.615958,18.372131,0.5951256,25.50521,0.054,64,779.5944
8/14/2026 0:33,41939.734,41494.496,27.017864,23.843737,1.017158,26.971424,7.813197,-60.66799,338.40656,0.8037526,11.155367,17.641726,0.31738338,25.56178,0.063,64,779.5944
8/14/2026 1:03,41890.176,41500.125,27.020727,23.871946,1.0171809,26.97508,7.814146,-60.710907,288.9347,0.52985066,7.3451815,11.617644,0.49630606,25.492085,0.054,64,779.5944
8/14/2026 1:33,41921.465,41558.22,27.062218,23.854128,1.0172223,27.012842,7.784676,-58.932304,220.1271,0.56656545,7.8513613,12.419073,0.2209948,25.457628,0.054,64,779.5944
8/14/2026 2:03,41786.883,41414.805,26.95853,23.930954,1.0171406,26.919622,7.702859,-54.016113,314.81744,0.4436845,6.1462145,9.721681,0.2742698,25.470375,0.054,64,779.5944
8/14/2026 2:33,41930.367,41531.785,27.043854,23.849064,1.0171952,26.99566,7.737658,-56.114197,315.37534,0.35626474,4.9403358,7.813818,0.32487547,25.502462,0.063,64,779.5944
8/14/2026 3:03,41907.12,41477.062,27.004902,23.862293,1.0171539,26.96009,7.710888,-54.512024,272.3503,0.094864644,1.3161117,2.0814493,0.08432428,25.542858,0.063,64,779.5944
8/14/2026 3:33,41996.594,41478.414,27.007797,23.811455,1.017123,26.96097,7.765483,-57.816505,261.2543,0.07939072,1.1035521,1.7449077,0.034902625,25.654074,0.063,64,779.5944
8/14/2026 4:03,41849.926,41308.98,26.885582,23.894905,1.0170217,26.850838,7.705937,-54.240227,305.41898,0.401613,5.581677,8.825063,0.050191946,25.685612,0.063,64,779.5944
8/14/2026 4:33,41870.625,41317.004,26.891665,23.883093,1.0170214,26.856052,7.7269707,-55.508614,314.97003,0.6427079,8.935194,14.126793,0.20155513,25.701536,0.063,64,779.5944
8/14/2026 5:03,41697.18,41143.945,26.766388,23.982437,1.0169265,26.743565,7.7624693,-57.644844,254.31155,0.60172385,8.359844,13.217088,0.09670948,25.703999,0.063,64,779.5944
8/14/2026 5:33,41557.98,41042.188,26.691978,24.062767,1.0168843,26.677422,7.7701473,-58.09784,255.63718,0.33597744,4.6621385,7.3715954,0.03918936,25.657976,0.063,64,779.5944
8/14/2026 6:03,41415.004,40903.945,26.591915,24.145838,1.0168103,26.587566,7.6749587,-52.371025,310.23502,0.42627183,5.911348,9.346868,0.03925476,25.654139,0.054,64,779.5944
8/14/2026 6:33,41150.613,40713.29,26.452562,24.300974,1.0167329,26.463638,7.7637167,-57.692528,309.75342,0.92088073,12.74018,20.148014,0.043042406,25.562386,0.063,64,779.5944
8/14/2026 7:03,41293.67,40762.754,26.49029,24.216785,1.0167255,26.49579,7.793769,-59.523582,298.02322,0.8065333,11.183502,17.682106,0.036447454,25.681917,0.054,64,779.5944
8/14/2026 7:33,41345.8,40783.336,26.505835,24.186253,1.0167253,26.509169,7.822483,-61.25927,299.1295,1.000305,13.88116,21.94563,0.037983093,25.722073,0.063,64,779.5944
8/14/2026 8:03,41079.055,40538.715,26.32868,24.343306,1.0165994,26.350164,7.777865,-58.56991,299.6254,0.87431616,12.11562,19.155272,0.05599506,25.697853,0.063,64,779.5944
8/14/2026 8:33,41367.56,40762.492,26.49167,24.173532,1.0166982,26.49562,7.7825985,-58.870316,325.0027,1.2727686,17.677368,27.9443,0.1575098,25.777155,0.063,64,779.5944
8/14/2026 9:03,41370.812,40753.023,26.48509,24.17163,1.0166883,26.489466,7.7696295,-58.09307,306.2582,1.2109234,16.822529,26.59212,0.054135215,25.793686,0.063,64,779.5944
8/14/2026 9:33,41687.387,40987.754,26.656471,23.988071,1.0167873,26.64204,7.812315,-60.682297,245.7857,1.0611765,14.781772,23.361622,0.03642267,25.89368,0.063,64,779.5944
8/14/2026 10:03,41728.973,41281.504,26.863668,23.964165,1.0170404,26.832977,7.7992225,-59.82876,308.609,1.0347766,14.350606,22.694607,0.038973548,25.56751,0.063,64,779.5944
8/14/2026 10:33,41883.254,41365.9,26.926285,23.87589,1.0170614,26.887833,7.8065414,-60.286522,329.4754,1.2269568,17.04737,26.954819,0.10692597,25.654808,0.063,64,779.5944
8/14/2026 11:03,42085.848,41648.15,27.129047,23.760956,1.0172452,27.071297,7.858752,-63.405037,343.97125,1.5234495,21.153255,33.453693,0.2415063,25.550238,0.063,64,779.5944
8/14/2026 11:33,42196.582,41753.984,27.20589,23.698603,1.0173013,27.140089,7.846286,-62.656403,326.54285,1.5778884,21.920444,34.666683,0.19285828,25.554977,0.045,64,779.5944
8/14/2026 12:03,42018.824,41581.375,27.080645,23.798857,1.0172086,27.027893,7.829807,-61.66458,360.14557,1.5850781,22.003155,34.797768,0.21037531,25.550802,0.054,64,779.5944
8/14/2026 12:33,42233.62,41773.73,27.22059,23.677818,1.0173061,27.152925,7.865082,-63.791275,354.94327,1.833196,25.478764,40.292416,0.2846997,25.576393,0.063,64,779.5944
8/14/2026 13:03,42116.133,41644.195,27.126928,23.74387,1.0172306,27.068727,7.803735,-60.105324,343.70898,1.3491167,18.746246,29.644564,0.16298626,25.593334,0.063,64,779.5944
8/14/2026 13:33,42368.914,41875.633,27.29524,23.60221,1.0173501,27.219162,7.790655,-59.32331,307.1499,0.8327842,11.587409,18.323034,0.037686456,25.616737,0.063,64,779.5944
8/14/2026 14:03,42221.26,41632.504,27.120983,23.68475,1.0171822,27.061129,7.787632,-59.165955,320.91617,0.8528551,11.88007,18.781303,0.0377381,25.740406,0.063,64,779.5944
8/14/2026 14:33,42510.695,41956.113,27.354975,23.523493,1.0173725,27.271475,7.7977777,-59.76677,316.4005,0.87591857,12.20743,19.300646,0.038624424,25.69205,0.054,64,779.5944
8/14/2026 15:03,42345.36,41900.09,27.311928,23.61534,1.0173808,27.235058,7.7954535,-59.599876,300.1547,0.77047104,10.710302,16.938051,0.035700336,25.556385,0.063,64,779.5944
8/14/2026 15:33,42235.88,41895.85,27.306496,23.676552,1.0174158,27.232304,7.7812934,-58.722496,311.84198,0.48718235,6.7568545,10.688482,0.034951884,25.424925,0.045,64,779.5944
8/14/2026 16:03,42214.617,41632.715,27.120996,23.688477,1.0171849,27.061264,7.7977247,-59.771538,336.22266,0.87783116,12.226165,19.32877,0.16628914,25.731783,0.054,64,779.5944
8/14/2026 16:33,42504.285,41898.656,27.314379,23.52704,1.0173225,27.234127,7.758655,-57.4255,276.74677,0.4087142,5.701135,9.012685,0.078919075,25.756786,0.063,64,779.5944
8/14/2026 17:03,42434.45,41779.52,27.228998,23.56576,1.0172393,27.156689,7.8234143,-61.335564,311.1124,0.5376544,7.5042667,11.8617,0.20462999,25.820728,0.063,64,779.5944
8/14/2026 17:33,42859.46,41793.855,27.24777,23.332071,1.017098,27.166008,7.949708,-69.05556,289.6452,1.5533103,21.873102,34.538696,0.40550715,26.334906,0.072,64,779.5944
8/14/2026 18:03,43018.574,41494.426,27.039114,23.245773,1.016761,26.971376,7.876897,-64.79263,336.0462,2.3803647,33.81441,53.330475,0.27741018,26.92311,0.09,64,779.5944
8/14/2026 18:33,43364.914,41700.504,27.191048,23.060118,1.0168234,27.105328,7.9073052,-66.6666,336.40384,1.6952708,24.1704,38.107166,0.23451331,27.089706,0.09,64,779.5944
8/14/2026 19:03,43204.074,41639.914,27.145338,23.145966,1.0168271,27.065945,7.85196,-63.295364,319.0708,1.0097578,14.363265,22.651003,0.04575258,26.966698,0.09,64,779.5944
8/14/2026 19:33,43197.56,41641.01,27.146,23.149456,1.0168307,27.066658,7.9440975,-68.860054,286.11182,1.6294082,23.17379,36.54602,0.20889172,26.957073,0.09,64,779.5944
8/14/2026 20:03,42863.465,41338.67,26.926228,23.329891,1.0166738,26.870136,8.002289,-72.369576,333.55713,2.6657896,37.85014,59.69443,0.3342987,26.931171,0.081,64,779.5944
8/14/2026 20:33,43058.035,41558.016,27.0848,23.224468,1.0168056,27.01271,7.892252,-65.71293,332.03125,1.561742,22.17867,34.981564,0.4214752,26.889767,0.081,64,779.5944
8/14/2026 21:03,42930.26,41483.863,27.030079,23.293592,1.0167843,26.964512,7.8879848,-65.44113,266.695,1.57228,22.297283,35.17332,0.29034224,26.825472,0.081,64,779.5944
8/14/2026 21:33,42856.35,41515.527,27.051119,23.333765,1.0168414,26.985092,7.882546,-65.0835,292.7685,0.8991331,12.723657,20.076761,0.22107916,26.690937,0.081,64,779.5944
8/14/2026 22:03,42538.14,41547.445,27.067589,23.508314,1.016989,27.005838,7.8104086,-60.63938,347.9099,0.9632294,13.530145,21.368471,0.0819784,26.248426,0.072,64,779.5944
8/14/2026 22:33,42661.39,41733.41,27.201199,23.4404,1.0171148,27.126717,7.8195543,-61.17344,340.82413,1.1016164,15.463557,24.42606,0.037679885,26.164183,0.072,64,779.5944
8/14/2026 23:03,42643.18,41829.125,27.268314,23.450409,1.017209,27.18893,7.911886,-66.70475,341.91132,1.2022375,16.840687,26.609035,0.032790005,26.018923,0.072,64,779.5944
8/14/2026 23:33,42521.28,41934.754,27.340162,23.517635,1.0173494,27.257591,7.8944836,-65.59372,349.43103,1.01921,14.213014,22.469828,0.031129705,25.732288,0.063,64,779.5944
8/15/2026 0:03,42119.08,41567.85,27.073326,23.74221,1.01716,27.019102,7.89058,-65.35053,361.9528,2.2018795,30.639143,48.44203,0.026464628,25.694283,0.054,64,779.5944
8/15/2026 0:33,42367.316,41939.47,27.340113,23.6031,1.0174086,27.260656,7.822172,-61.20205,359.21097,1.463543,20.340164,32.1688,0.02266354,25.534111,0.054,64,779.5944
8/15/2026 1:03,42316.35,41980.03,27.367496,23.631527,1.0174633,27.287022,7.800747,-59.890747,298.77185,0.9869879,13.692229,21.659586,0.023955809,25.419449,0.054,64,779.5944
8/15/2026 1:33,42421.418,42035.96,27.409197,23.572998,1.0174767,27.323374,7.7901545,-59.26609,236.8164,0.46414816,6.4472513,10.197649,0.023976553,25.48009,0.063,64,779.5944
8/15/2026 2:03,42119.445,41756.8,27.20615,23.742002,1.0173315,27.141922,7.800471,-59.88121,293.80798,1.2262685,17.00642,26.900455,0.024075236,25.45469,0.054,64,779.5944
8/15/2026 2:33,42183.887,41851.24,27.273968,23.705734,1.017394,27.203306,7.7634726,-57.649612,285.1677,0.8515862,11.80688,18.677292,0.024037763,25.416145,0.054,64,779.5944
8/15/2026 3:03,42282.74,41937.004,27.336485,23.650312,1.0174363,27.259052,7.775322,-58.36487,259.19916,0.74937236,10.396197,16.445244,0.024629025,25.431631,0.054,64,779.5944
8/15/2026 3:33,42401.363,42019.8,27.39738,23.584146,1.017469,27.31287,7.758761,-57.377815,245.56638,0.45672232,6.3431597,10.033098,0.023960793,25.475422,0.063,64,779.5944
8/15/2026 4:03,42214.207,41860.88,27.281427,23.688707,1.0173919,27.209572,7.6372643,-50.0679,341.93994,0.19023225,2.6387732,4.174067,0.022381123,25.441914,0.054,64,779.5944
8/15/2026 4:33,42303.266,41926.473,27.329542,23.638838,1.0174195,27.252209,7.5362935,-44.002533,331.96448,0.16750099,2.3252354,3.6779037,0.021417515,25.47052,0.054,64,779.5944
8/15/2026 5:03,42047.27,41671.203,27.14439,23.782757,1.0172796,27.086283,7.702456,-53.99227,285.0437,0.12206289,1.6927471,2.6774657,0.024507027,25.472494,0.054,64,779.5944
8/15/2026 5:33,41906.875,41493.46,27.016417,23.862432,1.017169,26.970749,7.764006,-57.702065,310.7977,0.2874682,3.9870172,6.3057823,0.021272099,25.521643,0.054,64,779.5944
8/15/2026 6:03,41538.434,41246.586,26.834957,24.074091,1.0170773,26.81028,7.7313266,-55.708885,337.94403,0.9300358,12.852347,20.332891,0.024561115,25.370455,0.054,64,779.5944
8/15/2026 6:33,41625.246,41380,26.930473,24.023882,1.017167,26.897,7.728339,-55.51815,268.4021,0.93139875,12.864852,20.35501,0.02392204,25.3103,0.054,64,779.5944
8/15/2026 7:03,41550.504,41303.113,26.874863,24.067097,1.0171242,26.847025,7.7167425,-54.821968,241.79935,0.3263989,4.507188,7.131313,0.02235355,25.313593,0.054,64,779.5944
8/15/2026 7:33,41757.41,41534.06,27.04156,23.947845,1.017259,26.997137,7.674141,-52.256584,205.85538,0.34444,4.7581954,7.528918,0.025853194,25.281546,0.054,64,779.5944
8/15/2026 8:03,41524.156,41305.066,26.87563,24.082367,1.0171354,26.848293,7.6478815,-50.678253,292.90677,0.513803,7.0906644,11.219678,0.020587515,25.27771,0.054,64,779.5944
8/15/2026 8:33,41590.875,41345.316,26.905378,24.043736,1.0171478,26.874456,7.755954,-57.177544,319.02313,0.90460646,12.493146,19.766865,0.023657035,25.310953,0.054,64,779.5944
8/15/2026 9:03,41590.773,41257.785,26.84398,24.043795,1.0170686,26.81756,7.7240252,-55.27973,298.10907,0.9910061,13.707911,21.684263,0.024181053,25.422565,0.054,64,779.5944
8/15/2026 9:33,41651.164,41258.645,26.84592,24.008932,1.0170476,26.81812,7.805164,-60.17208,252.30884,1.5444126,21.390736,33.83267,0.02643871,25.498096,0.063,64,779.5944
8/15/2026 10:03,41721.34,41187.69,26.79763,23.96855,1.0169576,26.772,7.847916,-62.78038,245.12291,1.5761706,21.892214,34.613766,0.027383171,25.678352,0.063,64,779.5944
8/15/2026 10:33,42059.297,41658.867,27.135994,23.775957,1.0172642,27.078262,7.7271867,-55.48477,256.8388,0.66921765,9.28504,14.68554,0.023555025,25.503252,0.063,64,779.5944
8/15/2026 11:03,42030.016,41636.242,27.119446,23.79252,1.0172541,27.063559,7.8237324,-61.28788,323.69138,1.5498393,21.498201,34.00283,0.023364028,25.495155,0.054,64,779.5944
8/15/2026 11:33,42319.383,41971.094,27.36128,23.629835,1.0174541,27.28121,7.860747,-63.500404,336.04144,1.7188603,23.850622,37.727955,0.029937528,25.434464,0.054,64,779.5944
8/15/2026 12:03,42173.11,41835.43,27.262613,23.711792,1.0173833,27.19303,7.8376245,-62.10804,363.76,1.9083529,26.459799,41.85622,0.027778592,25.422602,0.054,64,779.5944
8/15/2026 12:33,42459.36,42163.945,27.500072,23.551933,1.0175786,27.406565,7.869,-63.98201,359.3731,1.9456928,26.988031,42.696373,0.025800994,25.366823,0.072,64,779.5944
8/15/2026 13:03,42401.48,42001.156,27.384262,23.584082,1.0174522,27.30075,7.8628187,-63.638687,347.662,1.8722007,26.01052,41.139473,0.030288313,25.49902,0.054,64,779.5944
8/15/2026 13:33,42606.06,42206.375,27.533255,23.47084,1.0175653,27.434143,7.8563266,-63.24768,349.55978,1.6620747,23.109528,36.551353,0.029202834,25.4958,0.054,64,779.5944
8/15/2026 14:03,42407.875,41988.92,27.375803,23.580526,1.0174389,27.2928,7.8448133,-62.561035,375.96225,1.3682166,19.015348,30.074224,0.028479,25.522392,0.054,64,779.5944
8/15/2026 14:33,42537.848,42126.625,27.475594,23.508476,1.0175173,27.382305,7.8270884,-61.49292,369.5011,1.2198278,16.959394,26.82316,0.02898868,25.511076,0.054,64,779.5944
8/15/2026 15:03,42587.695,42154.164,27.496098,23.48096,1.0175245,27.400206,7.8208885,-61.125755,278.759,0.9460694,13.160998,20.81448,0.032209553,25.538454,0.063,64,779.5944
8/15/2026 15:33,42657.254,42214.22,27.539927,23.44267,1.0175543,27.439241,7.809432,-60.43911,265.46002,0.8546236,11.89408,18.810413,0.027567549,25.54947,0.063,64,779.5944
8/15/2026 16:03,42378.574,41991.746,27.377134,23.59683,1.0174519,27.294636,7.8283763,-61.564445,352.15378,1.2883837,17.893677,28.302402,0.03262503,25.482306,0.054,64,779.5944
8/15/2026 16:33,42524.72,42134.383,27.480759,23.515734,1.0175289,27.387348,7.796642,-59.657097,367.29337,0.6851472,9.521693,15.060365,0.025980534,25.485031,0.063,64,779.5944
8/15/2026 17:03,42506.26,42076.36,27.43952,23.525946,1.0174831,27.349634,7.749689,-56.843758,319.77176,0.25196427,3.5037997,5.5413933,0.0276058,25.53493,0.063,64,779.5944
8/15/2026 17:33,42741.027,41957.094,27.36056,23.396723,1.0172908,27.27211,7.849642,-62.947273,345.04413,1.1862547,16.613989,26.25295,0.03526169,25.978226,0.063,64,779.5944
8/15/2026 18:03,42767.707,41674.17,27.161493,23.382128,1.0170213,27.088213,7.8480234,-62.93297,312.23297,1.8901653,26.62112,42.032757,0.042660497,26.373829,0.072,64,779.5944
8/15/2026 18:33,43135.895,41819.906,27.271456,23.182549,1.0170201,27.18294,7.88207,-65.04536,365.96774,1.7030976,24.112782,38.05113,0.13356479,26.647541,0.081,64,779.5944
8/15/2026 19:03,43286.96,41824.242,27.277294,23.101645,1.0169681,27.185757,7.8913593,-65.64617,321.8031,0.9507612,13.503259,21.300753,0.03835433,26.831049,0.081,64,779.5944
8/15/2026 19:33,43248.367,41751.09,27.22482,23.122261,1.0169144,27.138208,7.889296,-65.53173,317.6546,1.3776418,19.575626,30.876657,0.03521897,26.877592,0.081,64,779.5944
8/15/2026 20:03,43074.92,41605.17,27.118458,23.215364,1.0168432,27.043362,7.8006554,-60.17208,363.67416,0.9658712,13.709868,21.625847,0.037156276,26.849537,0.081,64,779.5944
8/15/2026 20:33,43037.64,41623.473,27.130733,23.235474,1.0168743,27.055258,7.86691,-64.15844,362.0863,1.5764863,22.351978,35.262993,0.035175353,26.778807,0.081,64,779.5944
8/15/2026 21:03,42946.113,41576.48,27.095835,23.284994,1.0168647,27.024712,7.8737364,-64.55898,358.20483,0.9906533,14.030258,22.136917,0.34271765,26.724743,0.081,64,779.5944
8/15/2026 21:33,42959.688,41625.066,27.130436,23.277637,1.0169047,27.056293,7.8795094,-64.89754,330.87732,0.78384453,11.094842,17.507076,0.34363738,26.678684,0.081,64,779.5944
8/15/2026 22:03,42661.3,41414.4,26.976078,23.440449,1.0168202,26.91936,7.818475,-61.192513,382.9384,1.0901145,15.389865,24.28948,0.46170142,26.576332,0.081,64,779.5944
8/15/2026 22:33,42649.777,41474.246,27.018106,23.446781,1.01688,26.958261,7.8335695,-62.084198,370.20206,1.1059275,15.592407,24.613768,0.20892824,26.483961,0.081,64,779.5944
8/15/2026 23:03,42459.613,41698.793,27.172676,23.551792,1.0171565,27.104216,7.843149,-62.5515,337.08096,1.3347197,18.666126,29.497019,0.4335953,25.955263,0.063,64,779.5944
8/15/2026 23:33,42538.64,41796.754,27.243328,23.508038,1.0172173,27.16789,7.8270044,-61.573982,347.00394,1.2690253,17.746645,28.045444,0.2057457,25.929314,0.063,64,779.5944
8/16/2026 0:03,42310.387,41717.023,27.182362,23.63486,1.017227,27.116066,7.825417,-61.440468,376.37234,1.1405815,15.894697,25.127851,0.2729487,25.744688,0.054,64,779.5944
8/16/2026 0:33,42378.54,41913.723,27.32225,23.59685,1.0173813,27.24392,7.8495264,-62.856674,360.06927,1.3491044,18.76275,29.67139,0.38177866,25.580618,0.054,64,779.5944
8/16/2026 1:03,42198.75,41947.58,27.342005,23.697384,1.0174756,27.265924,7.8340344,-61.86962,371.48953,1.5176852,21.013138,33.24718,0.30209342,25.313494,0.054,64,779.5944
8/16/2026 1:33,42288.117,42059.66,27.422825,23.647305,1.017545,27.33878,7.81469,-60.70137,343.5993,1.1809671,16.350443,25.87125,0.37169537,25.284386,0.054,64,779.5944
8/16/2026 2:03,42057.215,41855.37,27.273972,23.777134,1.0174425,27.205992,7.7959867,-59.571266,389.14203,1.046257,14.465152,22.889553,0.45676613,25.252483,0.054,64,779.5944
8/16/2026 2:33,42141.035,42018.14,27.390226,23.72984,1.0175593,27.311792,7.7929025,-59.366226,384.0208,0.97840214,13.512835,21.386637,0.46832314,25.15313,0.054,64,779.5944
8/16/2026 3:03,42108.418,42002.113,27.378202,23.74822,1.0175563,27.301374,7.6290755,-49.524307,343.1177,0.23403548,3.230928,5.113758,0.3302783,25.13251,0.045,64,779.5944
8/16/2026 3:33,42174.652,42099.207,27.447943,23.710924,1.0176202,27.364485,7.6654763,-51.703453,326.91956,0.8727774,12.045681,19.066713,0.50738084,25.093824,0.045,64,779.5944
8/16/2026 4:03,42002.42,41865.77,27.28,23.808151,1.0174711,27.212751,7.663269,-51.584244,384.46902,0.42729816,5.8995743,9.336885,0.21192499,25.170897,0.054,64,779.5944
8/16/2026 4:33,42137.44,41972.113,27.357822,23.731863,1.0175192,27.281874,7.68611,-52.962303,383.76807,0.43113863,5.958864,9.430089,0.19911192,25.20623,0.054,64,779.5944
8/16/2026 5:03,42014.164,41891.29,27.298191,23.801497,1.0174899,27.229338,7.6488676,-50.7164,375.71906,0.334382,4.615811,7.305393,0.32867762,25.153568,0.054,64,779.5944
8/16/2026 5:33,41996.293,41795.445,27.230494,23.811626,1.01741,27.16704,7.6541467,-51.050186,366.16803,0.43316016,5.9871364,9.474016,0.3728028,25.251595,0.054,64,779.5944
8/16/2026 6:03,41529.555,41332.03,26.894665,24.079237,1.0171578,26.86582,7.6649456,-51.698685,394.6829,0.53628236,7.39819,11.706894,0.2394724,25.25021,0.054,64,779.5944
8/16/2026 6:33,41761.547,41574.766,27.070204,23.945473,1.0172943,27.023598,7.627125,-49.42417,387.42065,0.5034097,6.9498296,10.99772,0.08659785,25.235214,0.054,64,779.5944
8/16/2026 7:03,41620.547,41441.062,26.97319,24.026594,1.0172237,26.936691,7.7033544,-54.00181,350.5039,0.6757587,9.322697,14.752889,0.0328637,25.22676,0.054,64,779.5944
8/16/2026 7:33,41500.363,41321.69,26.886747,24.096174,1.0171589,26.859098,7.6717615,-52.103996,315.52313,0.44682693,6.16131,9.750095,0.03655964,25.226387,0.054,64,779.5944
8/16/2026 8:03,41252,41075.63,26.708652,24.24125,1.0170254,26.69916,7.6717663,-52.103996,385.1366,0.58918,8.115766,12.843003,0.03302417,25.224808,0.054,64,779.5944
8/16/2026 8:33,41320.867,41128.9,26.747541,24.200848,1.0170488,26.733784,7.68941,-53.167343,389.27078,0.95822495,13.206632,20.898397,0.08071698,25.244373,0.054,64,779.5944
8/16/2026 9:03,41503.14,41153.42,26.768824,24.094563,1.0170054,26.749723,7.750212,-56.858063,370.82672,1.2786106,17.685373,27.974932,0.36937568,25.444921,0.054,64,779.5944
8/16/2026 9:33,41512.547,41112.37,26.740244,24.089102,1.0169648,26.723042,7.7530212,-57.03926,352.1347,1.3176644,18.24286,28.85319,0.4175097,25.509617,0.054,64,779.5944
8/16/2026 10:03,41426.633,40974.598,26.641727,24.139061,1.0168705,26.63349,7.7275124,-55.51815,391.1829,1.2475476,17.282621,27.33088,0.12738815,25.577595,0.054,64,779.5944
8/16/2026 10:33,41827.73,41275.555,26.86163,23.907585,1.0169992,26.829111,7.7434597,-56.500435,388.73196,1.0125823,14.074674,22.252502,0.21398205,25.700407,0.063,64,779.5944
8/16/2026 11:03,41942.62,41589.85,27.08491,23.842096,1.0172434,27.033403,7.761162,-57.516098,232.625,1.0776572,14.932396,23.62028,0.07289719,25.444088,0.063,64,779.5944
8/16/2026 11:33,42079.22,41839.75,27.263514,23.7647,1.0174206,27.195837,7.7791634,-58.56991,224.8764,1.465813,20.281044,32.0897,0.28419796,25.29966,0.054,64,779.5944
8/16/2026 12:03,41963.363,41743.57,27.193316,23.83031,1.017375,27.133322,7.715906,-54.764748,344.8105,0.82328695,11.381788,18.009666,0.19743292,25.275673,0.054,64,779.5944
8/16/2026 12:33,42215.9,41980.38,27.365444,23.687757,1.0174992,27.287247,7.808071,-60.305595,357.91397,1.5346055,21.243013,33.612152,0.5595394,25.29373,0.054,64,779.5944
8/16/2026 13:03,42207.99,41990.34,27.372261,23.692198,1.0175108,27.293722,7.8267984,-61.426163,363.9698,2.1789558,30.152086,47.71073,0.97499055,25.271381,0.054,64,779.5944
8/16/2026 13:33,42351.312,42161.824,27.49609,23.612019,1.0176147,27.405188,7.8113637,-60.49156,357.55634,1.9482518,26.961893,42.665695,1.1998613,25.235306,0.054,64,779.5944
8/16/2026 14:03,42286.266,42238.074,27.548117,23.64834,1.0177057,27.45475,7.7855077,-58.903694,390.68222,1.6319718,22.523342,35.65375,0.7992042,25.059738,0.054,64,779.5944
8/16/2026 14:33,42343.367,42297.78,27.591421,23.61645,1.0177393,27.493559,7.7702684,-57.988167,385.34164,1.4821723,20.459799,32.387424,0.84494376,25.056429,0.054,64,779.5944
8/16/2026 15:03,42267.848,42312.27,27.59977,23.658646,1.0177782,27.502975,7.7460775,-56.51474,348.28662,1.0895882,15.01243,23.769318,0.5935585,24.945032,0.045,64,779.5944
8/16/2026 15:33,42318.375,42442.75,27.692602,23.630398,1.0178771,27.587788,7.682564,-52.685738,309.45776,0.49419224,6.801032,10.770107,0.64876217,24.846573,0.045,64,779.5944
8/16/2026 16:03,42138.65,42172.254,27.498348,23.731184,1.0176982,27.411966,7.685175,-52.862167,367.8751,0.6348777,8.74433,13.844634,0.36814174,24.95828,0.045,64,779.5944
8/16/2026 16:33,42360.22,42263.707,27.567886,23.607054,1.0177029,27.471409,7.695816,-53.52974,371.747,0.5108564,7.058558,11.172218,0.24592128,25.11956,0.045,64,779.5944
8/16/2026 17:03,42360.09,42268.08,27.57096,23.607126,1.0177068,27.47425,7.762538,-57.53517,318.02655,0.62756795,8.670497,13.723727,0.4172034,25.113972,0.063,64,779.5944
8/16/2026 17:33,42454.703,42201.492,27.526373,23.554516,1.0176141,27.43097,7.7253113,-55.336952,368.96228,0.5581038,7.735409,12.239021,0.13550587,25.314137,0.054,64,779.5944
8/16/2026 18:03,42256.227,41916.453,27.321444,23.665152,1.0174272,27.245695,7.676898,-52.44732,391.98398,0.469269,6.508895,10.296253,0.03779416,25.424395,0.054,64,779.5944
8/16/2026 18:33,42282.48,41853.8,27.277979,23.650457,1.0173612,27.20497,7.7179656,-54.93641,379.77695,0.55755657,7.7464304,12.251245,0.031773556,25.536247,0.063,64,779.5944
8/16/2026 19:03,42185.047,41705.305,27.17141,23.705082,1.0172614,27.108448,7.791496,-59.370995,380.0583,1.4177499,19.707903,31.164745,0.15550132,25.602257,0.054,64,779.5944
8/16/2026 19:33,42200.098,41737.445,27.194338,23.696629,1.0172852,27.12934,7.847307,-62.72316,360.9848,1.539416,21.393898,33.832306,0.1945582,25.580359,0.063,64,779.5944
8/16/2026 20:03,42042.74,41617.7,27.106703,23.78532,1.0172329,27.051506,7.742712,-56.42414,401.80206,1.0830095,15.031795,23.77337,0.21021603,25.534704,0.063,64,779.5944
8/16/2026 20:33,42222.8,41789.56,27.231478,23.683886,1.0173242,27.163214,7.7292852,-55.618286,395.88452,0.5990201,8.321234,13.16015,0.29689035,25.542788,0.063,64,779.5944
8/16/2026 21:03,42151.71,41743.547,27.19756,23.72383,1.0173079,27.133307,7.727001,-55.475235,346.10272,0.72969407,10.129152,16.020351,0.1773488,25.511932,0.054,64,779.5944
8/16/2026 21:33,42163.27,41767,27.214296,23.717325,1.0173252,27.14855,7.7455277,-56.586266,324.97406,0.64765215,8.98881,14.217192,0.368343,25.496733,0.054,64,779.5944
8/16/2026 22:03,41831.105,41455.047,26.98777,23.905655,1.0171613,26.94578,7.6945963,-53.520203,385.78986,1.1393536,15.786946,24.970537,0.52600473,25.474945,0.045,64,779.5944
8/16/2026 22:33,42082.89,41688.52,27.157354,23.762627,1.0172826,27.097538,7.7114286,-54.535866,383.2245,0.7643194,10.604367,16.77249,0.27262428,25.495285,0.054,64,779.5944
8/16/2026 23:03,41997.547,41662.758,27.137344,23.810915,1.0172899,27.080791,7.7398176,-56.228638,374.09784,1.118329,15.4943695,24.510319,0.12253468,25.420717,0.054,64,779.5944
8/16/2026 23:33,42264.92,41873.535,27.291468,23.660282,1.0173854,27.217798,7.7959137,-59.61418,351.16196,1.2482401,17.329817,27.410173,0.14642,25.48936,0.054,64,779.5944
8/17/2026 0:03,42055.01,42024.74,27.392815,23.77838,1.0175952,27.31608,7.644112,-50.411224,401.49213,0.9933217,13.691813,21.674612,0.44047457,25.037714,0.045,64,779.5944
8/17/2026 0:33,42154.26,42106.184,27.452353,23.722393,1.0176336,27.369019,7.7392025,-56.123734,392.4179,1.4359487,19.807165,31.354118,0.52726525,25.05978,0.054,64,779.5944
8/17/2026 1:03,42112.78,42247.18,27.550283,23.74576,1.0177737,27.460667,7.7686067,-57.845116,337.85822,1.13263,15.570995,24.658817,0.41399306,24.83344,0.045,64,779.5944
8/17/2026 1:33,42096.23,42405.242,27.660688,23.755096,1.0179195,27.563408,7.7336674,-55.708885,345.26825,1.4192291,19.450752,30.815168,0.37953672,24.618475,0.045,64,779.5944
8/17/2026 2:03,41837.336,42244.035,27.541084,23.902096,1.0178651,27.458622,7.729196,-55.418015,390.48672,1.4145304,19.331926,30.63378,0.46041203,24.495949,0.045,64,779.5944
8/17/2026 2:33,42010.383,42461.973,27.698208,23.803638,1.0179988,27.600283,7.6968074,-53.46775,388.3171,1.2874502,17.594841,27.883833,0.4068501,24.443182,0.036,64,779.5944
8/17/2026 3:03,41959.72,42502.82,27.725468,23.83238,1.0180519,27.626833,7.6243706,-49.10946,383.2054,0.9793899,13.360737,21.178041,0.44784468,24.330996,0.036,64,779.5944
8/17/2026 3:33,41999.363,42622.516,27.810308,23.809885,1.0181437,27.704636,7.5760527,-46.200752,317.7166,0.6800975,9.266734,14.691207,0.26430663,24.234543,0.036,64,779.5944
8/17/2026 4:03,41831.41,42454.7,27.688345,23.905481,1.0180526,27.595554,7.501511,-41.737556,377.39276,0.19873391,2.7058291,4.2897673,0.19448419,24.231346,0.036,64,779.5944
8/17/2026 4:33,41967.832,42538.44,27.750612,23.827774,1.0180804,27.649988,7.482085,-40.58361,366.75452,0.16762646,2.2857468,3.6233437,0.108807944,24.297697,0.036,64,779.5944
8/17/2026 5:03,41976.83,42572.633,27.774788,23.822666,1.0181075,27.672213,7.4565907,-39.052963,307.55997,0.22903796,3.1219254,4.949118,0.110239,24.267279,0.036,64,779.5944
8/17/2026 5:33,42011.598,42597.33,27.793009,23.802952,1.0181175,27.688263,7.5086436,-42.17148,316.93936,0.099300094,1.3539654,2.1463606,0.16238002,24.280087,0.036,64,779.5944
8/17/2026 6:03,41754.637,42151.78,27.47436,23.949436,1.0178118,27.398657,7.503969,-41.923523,325.62256,0.25670627,3.5076475,5.5581827,0.11007557,24.506714,0.036,64,779.5944
8/17/2026 6:33,41792.94,42146.023,27.471315,23.927486,1.0177935,27.394915,7.579581,-46.463013,338.5353,0.34131,4.66802,7.396158,0.28559434,24.561384,0.036,64,779.5944
8/17/2026 7:03,41720.715,42050.82,27.40282,23.968908,1.017734,27.333033,7.5870667,-46.916008,328.74585,0.09862622,1.3490088,2.137304,0.03942633,24.588995,0.045,64,779.5944
8/17/2026 7:33,41811.004,42147.934,27.473122,23.917149,1.0177891,27.396158,7.637921,-49.962997,321.34058,0.38604397,5.2817354,8.368241,0.03403596,24.581469,0.045,63,779.5944
8/17/2026 8:03,41468.754,41822.97,27.236946,24.114542,1.0176184,27.184929,7.571717,-45.990944,366.64963,0.73610216,10.053205,15.928757,0.038068663,24.556578,0.045,63,779.5944
8/17/2026 8:33,41606.09,41933.914,27.31807,24.034943,1.0176697,27.257044,7.57847,-46.401024,368.0515,0.79480004,10.866321,17.216022,0.030993503,24.5907,0.027,63,779.5944
8/17/2026 9:03,41523.715,41824.09,27.239126,24.082624,1.0176004,27.18566,7.5902357,-47.11151,371.21295,0.20540805,2.8086474,4.4495993,0.034350168,24.62399,0.045,63,779.5944
8/17/2026 9:33,41565.94,41879.637,27.279066,24.058159,1.0176352,27.221766,7.626472,-49.28112,305.60016,0.30930328,4.229044,6.7000623,0.032463007,24.607834,0.045,63,779.5944
8/17/2026 10:03,41332.617,41598.254,27.076345,24.193968,1.0174658,27.038864,7.5796275,-46.482086,380.51605,0.5538241,7.571155,11.993684,0.18639189,24.665665,0.045,63,779.5944
8/17/2026 10:33,41442.83,41747.953,27.183819,24.129627,1.0175607,27.13617,7.5586743,-45.218468,371.93774,0.60008657,8.2017565,12.993792,0.21204886,24.617346,0.045,63,779.5944
8/17/2026 11:03,41378.72,41700.18,27.14878,24.167011,1.0175405,27.105116,7.624117,-49.13807,337.35275,0.42500532,5.8055325,9.19788,0.042508088,24.596394,0.045,63,779.5944
8/17/2026 11:33,41484.34,41763.516,27.195751,24.105482,1.0175604,27.146284,7.6348658,-49.791336,332.2315,0.79439425,10.864375,17.211065,0.43794346,24.650019,0.045,63,779.5944
8/17/2026 12:03,41553.816,42016.906,27.374773,24.065178,1.017761,27.31099,7.617431,-48.708916,331.76422,0.9623574,13.123083,20.797874,0.060408063,24.422955,0.045,63,779.5944
8/17/2026 12:33,41742.1,42326.844,27.596512,23.956629,1.0179703,27.51245,7.6917324,-53.133965,356.39764,1.1244744,15.314137,24.276741,0.11086453,24.276707,0.045,63,779.5944
8/17/2026 13:03,41727.324,42271.195,27.557196,23.965113,1.0179263,27.476276,7.59986,-47.6408,367.75113,0.53287494,7.2618494,11.5108185,0.035172112,24.326378,0.036,63,779.5944
8/17/2026 13:33,41903.676,42564.07,27.766811,23.864254,1.0181243,27.666645,7.6580634,-51.10264,336.34186,0.96058226,13.07457,20.729784,0.03379332,24.18768,0.036,63,779.5944
8/17/2026 14:03,41433.8,42143.25,27.45986,24.134884,1.0179127,27.393112,7.5664735,-45.609474,362.50116,0.76701266,10.408954,16.50548,0.03766601,24.118624,0.036,63,779.5944
8/17/2026 14:33,41742.85,42401.223,27.648539,23.956198,1.0180353,27.560795,7.6616497,-51.317215,360.64148,1.2346998,16.79402,26.627012,0.020180402,24.187061,0.045,63,779.5944
8/17/2026 15:03,41508.84,42173.285,27.48288,24.091253,1.0179139,27.412636,7.6776166,-52.27089,382.51877,2.6587996,36.12237,57.273445,0.020249968,24.175125,0.036,63,779.5944
8/17/2026 15:33,41811.758,42473.926,27.701258,23.916718,1.0180761,27.608051,7.6700234,-51.817894,362.1197,3.0894663,42.03229,66.64283,0.01808265,24.183771,0.036,63,779.5944
8/17/2026 16:03,41524.176,42174.305,27.484007,24.082355,1.0179096,27.413298,7.615113,-48.532486,365.777,2.430111,33.02592,52.36224,0.018391594,24.192917,0.036,63,779.5944
8/17/2026 16:33,41843.977,42500.52,27.720732,23.898302,1.0180886,27.625338,7.648972,-50.559044,352.74982,2.7293403,37.14172,58.88797,0.017589636,24.191212,0.027,63,779.5944
8/17/2026 17:03,41589.074,42220.695,27.51818,24.044777,1.0179285,27.443453,7.6628385,-51.39351,379.8199,2.9621646,40.28133,63.862885,0.017177578,24.216753,0.036,63,779.5944
8/17/2026 17:33,41762.44,42393.53,27.6437,23.94496,1.0180221,27.555796,7.6357465,-49.772263,362.22458,2.5929666,35.288418,55.946613,0.016604537,24.220604,0.036,63,779.5944
8/17/2026 18:03,41471.152,42114.34,27.44068,24.113148,1.0178747,27.374321,7.552244,-44.77024,349.05432,1.0164512,13.812234,21.898848,0.013766544,24.2004,0.027,63,779.5944
8/17/2026 18:33,41753.363,42388.96,27.640263,23.950167,1.0180211,27.552826,7.569572,-45.809746,335.43585,1.0710067,14.573898,23.105846,0.012217578,24.21495,0.036,63,779.5944
8/17/2026 19:03,41479.203,42083.805,27.41956,24.108467,1.0178453,27.354473,7.5901146,-47.044754,378.85666,1.1693983,15.901835,25.209703,0.017328873,24.247824,0.036,63,779.5944
8/17/2026 19:33,41673.4,42126.54,27.454582,23.996122,1.0178171,27.382252,7.6017137,-47.769547,364.48956,1.5910587,21.711397,34.408035,0.014527932,24.436827,0.036,63,779.5944
8/17/2026 20:03,41316.6,41584.598,27.066395,24.203346,1.0174592,27.02999,7.6700635,-51.903725,378.25586,2.8776698,39.335403,62.3127,0.01916579,24.662586,0.045,63,779.5944
8/17/2026 20:33,41642.246,41895.484,27.292093,24.014074,1.0176231,27.232065,7.644554,-50.377846,365.79608,1.8570188,25.425947,40.27664,0.018683098,24.68353,0.045,63,779.5944
8/17/2026 21:03,41306.7,41510.707,27.014471,24.209148,1.0173968,26.98196,7.676748,-52.318573,380.2395,2.866926,39.231476,62.13888,0.01899924,24.742693,0.045,63,779.5944
8/17/2026 21:33,41520.203,41736.195,27.177532,24.084661,1.0175234,27.128527,7.6914983,-53.20072,362.99707,2.2591047,30.935385,48.99991,0.015586596,24.72905,0.045,63,779.5944
8/17/2026 22:03,41359.438,41578.207,27.062996,24.178278,1.0174387,27.025835,7.669963,-51.908493,387.6686,2.3032365,31.516611,49.92095,0.014480423,24.72452,0.045,63,779.5944
8/17/2026 22:33,41461.094,41703.145,27.152935,24.118998,1.0175147,27.107044,7.6510396,-50.768852,376.95886,2.4495869,33.51992,53.096893,0.015712295,24.69612,0.045,63,779.5944
8/17/2026 23:03,41181.26,41458.055,26.97453,24.282888,1.0173936,26.947735,7.610686,-48.34175,392.3416,2.4560523,33.54754,53.14511,0.01650551,24.650446,0.045,63,779.5944
8/17/2026 23:33,41486.355,41757.445,27.191557,24.104311,1.0175542,27.14234,7.6000023,-47.70279,369.47726,2.3472707,32.106857,50.861927,0.01876015,24.660105,0.045,63,779.5944
8/18/2026 0:03,41195.836,41450.89,26.969885,24.274298,1.017382,26.943079,7.6238136,-49.1333,365.78656,2.693789,36.811375,58.31264,0.016981367,24.677845,0.045,63,779.5944
8/18/2026 0:33,41673.273,41970.78,27.345585,23.996195,1.0176792,27.281008,7.6387424,-50.020218,370.86487,2.3797622,32.5623,51.58636,0.016875923,24.628874,0.045,63,779.5944
8/18/2026 1:03,41686.688,42207.758,27.511745,23.988474,1.0178843,27.435041,7.6630807,-51.431656,359.6735,2.554555,34.820107,55.19093,0.020475803,24.353645,0.036,63,779.5944
8/18/2026 1:33,41740.215,42307.82,27.583153,23.95771,1.0179542,27.500084,7.689202,-52.986145,349.2069,3.0518956,41.575512,65.90511,0.016943023,24.29759,0.036,63,779.5944
8/18/2026 2:03,41517.62,42080.12,27.41802,24.086159,1.0178291,27.35208,7.5446677,-44.33155,358.1476,1.2443364,16.936152,26.846909,0.014898095,24.300138,0.036,63,779.5944
8/18/2026 2:33,41655.15,42220.5,27.51982,24.006636,1.0179062,27.443325,7.597226,-47.478676,363.6646,1.8345417,24.983244,39.603115,0.019471161,24.29893,0.036,63,779.5944
8/18/2026 3:03,41687.645,42304.535,27.579449,23.987923,1.017969,27.497948,7.676401,-52.2089,351.59113,2.2891543,31.150997,49.385696,0.018635731,24.23654,0.036,63,779.5944
8/18/2026 3:33,41751.934,42432.918,27.67095,23.950987,1.0180602,27.581398,7.6530447,-50.797462,362.38193,2.6879728,36.548313,57.950397,0.015575651,24.159763,0.036,63,779.5944
8/18/2026 4:03,41594.477,42287.95,27.565329,24.041655,1.0179858,27.487167,7.655806,-50.959587,385.72787,2.642878,35.901875,56.92728,0.019487942,24.141424,0.036,63,779.5944
8/18/2026 4:33,41662.562,42376.887,27.62934,24.002365,1.0180409,27.544975,7.642329,-50.148964,380.12027,2.4164906,32.824863,52.05049,0.022902207,24.11746,0.036,63,779.5944
8/18/2026 5:03,41027.17,41731.133,27.161179,24.37409,1.0176882,27.125237,7.613568,-48.42758,260.37692,1.4157932,19.17992,30.413698,0.020689819,24.116806,0.036,63,779.5944
8/18/2026 5:33,41745.97,42476.418,27.701195,23.954409,1.0181003,27.60967,7.6243715,-49.071312,287.09888,2.224827,30.224382,47.928425,0.022564357,24.099653,0.036,63,779.5944
8/18/2026 6:03,41644.125,42362.48,27.618773,24.01299,1.0180345,27.535612,7.5116706,-42.328835,346.35544,0.91985726,12.4931555,19.810625,0.01778549,24.11218,0.036,63,779.5944
8/18/2026 6:33,41726.402,42410.12,27.654318,23.965641,1.0180488,27.56658,7.499218,-41.589737,348.28662,0.98360556,13.371892,21.202393,0.020369725,24.15594,0.036,63,779.5944
8/18/2026 7:03,41272.2,41972.504,27.336246,24.229385,1.0178173,27.282127,7.595455,-47.34516,306.53476,1.4913998,20.227879,32.074894,0.016337877,24.12645,0.036,63,779.5944
8/18/2026 7:33,41054.094,41762.8,27.183998,24.358107,1.0177068,27.145823,7.562906,-45.394897,303.45917,1.7933098,24.295137,38.525288,0.024350226,24.111528,0.036,63,779.5944
8/18/2026 8:03,40966.32,41613.152,27.077253,24.410295,1.017605,27.04855,7.550209,-44.646263,325.94205,1.6824881,22.809572,36.164764,0.018491406,24.18618,0.036,63,779.5944
8/18/2026 8:33,41197.203,41781.285,27.20074,24.273493,1.0176744,27.157835,7.5280237,-43.330193,343.48486,1.2437577,16.897785,26.787634,0.016155645,24.268085,0.036,63,779.5944
8/18/2026 9:03,41289.914,41902.023,27.287518,24.21899,1.0177493,27.236317,7.5747766,-46.12446,263.39532,1.8051451,24.522919,38.87788,0.011283915,24.23518,0.027,63,779.5944
8/18/2026 9:33,41294.625,41866.195,27.262617,24.216227,1.0177162,27.213026,7.5846806,-46.725273,274.2958,1.6345791,22.222004,35.2269,0.01747048,24.285221,0.036,63,779.5944
8/18/2026 10:03,41099.324,41490.207,26.994923,24.3313,1.0174506,26.968634,7.5841794,-46.73004,304.21735,2.3662865,32.244568,51.09441,0.020087644,24.50675,0.036,63,779.5944
8/18/2026 10:33,41327.76,41621.637,27.092577,24.19681,1.0174882,27.054064,7.6437497,-50.320625,320.11032,2.7068362,36.985035,58.59286,0.017807681,24.630333,0.036,63,779.5944
8/18/2026 11:03,41429.23,41705.195,27.153574,24.137547,1.0175275,27.108376,7.6632495,-51.493645,302.48642,3.075434,42.05303,66.6189,0.020194793,24.653557,0.045,63,779.5944
8/18/2026 11:33,41423.11,41873.676,27.271229,24.141113,1.0176789,27.21789,7.562555,-45.423508,261.63577,1.2828859,17.487722,27.714401,0.014643482,24.436644,0.045,63,779.5944
8/18/2026 12:03,41281.105,41700.72,27.146664,24.224157,1.0175745,27.105469,7.5564137,-45.06111,293.3073,1.8835108,25.673166,40.68392,0.014064948,24.473167,0.045,63,779.5944
8/18/2026 12:33,41467.48,41934.375,27.314814,24.115282,1.0177175,27.257343,7.5808325,-46.515465,308.23706,2.0968835,28.581158,45.2968,0.016579086,24.417074,0.036,63,779.5944
8/18/2026 13:03,41616.105,41975.043,27.347101,24.02916,1.0177026,27.28378,7.7232127,-55.069923,326.38074,4.0044827,54.72092,86.703,0.017844172,24.552296,0.036,63,779.5944
8/18/2026 13:33,41787.863,42047.465,27.402172,23.930393,1.017708,27.330853,7.7658534,-57.649612,260.05267,4.7966137,65.70783,104.08755,0.01761509,24.676752,0.045,63,779.5944
8/18/2026 14:03,41687.44,41934.69,27.320677,23.988039,1.0176423,27.25755,7.725647,-55.241585,356.3261,3.013904,41.278034,65.386635,0.019147879,24.691307,0.045,63,779.5944
8/18/2026 14:33,42027.477,42197.28,27.513166,23.793959,1.0177586,27.428234,7.810566,-60.35328,354.68103,3.5770783,49.128384,77.80794,0.019242534,24.789318,0.045,63,779.5944
8/18/2026 15:03,42112.184,42269.27,27.56576,23.746098,1.0177935,27.475025,7.763451,-57.530403,332.10278,3.5740912,49.11585,77.78575,0.018463261,24.805426,0.045,63,779.5944
8/18/2026 15:33,42059.363,42355.316,27.624754,23.775919,1.0178881,27.530956,7.779831,-58.47931,321.56946,3.6774666,50.40363,79.85045,0.0185468,24.634169,0.045,63,779.5944
8/18/2026 16:03,41874.617,42158.45,27.482107,23.880816,1.0177767,27.402992,7.790127,-59.099197,362.3581,4.0264945,55.155293,87.375984,0.015325934,24.64751,0.036,63,779.5944
8/18/2026 16:33,42001.195,42290.777,27.578045,23.808846,1.0178508,27.489006,7.731607,-55.589676,361.71436,3.4344416,47.066235,74.56228,0.015247384,24.641495,0.045,63,779.5944
8/18/2026 17:03,41993.035,42289.836,27.577171,23.813473,1.0178527,27.488394,7.6845474,-52.7668,313.83038,2.4421875,33.462822,53.01265,0.018897315,24.632553,0.045,63,779.5944
8/18/2026 17:33,42094.387,42305.19,27.590502,23.756136,1.0178317,27.498375,7.7246246,-55.189133,283.37955,2.9769888,40.86919,64.733284,0.019686026,24.739113,0.045,63,779.5944
8/18/2026 18:03,41890.707,42159.6,27.483326,23.871643,1.0177722,27.403742,7.6859593,-52.8574,348.91605,2.4131927,33.067017,52.382378,0.01791469,24.666073,0.045,63,779.5944
8/18/2026 18:33,41972.35,42253.348,27.551079,23.825209,1.0178274,27.464678,7.629691,-49.48139,357.55634,1.3688394,18.759295,29.717894,0.017091237,24.651817,0.045,63,779.5944
8/18/2026 19:03,41928.184,42123.348,27.458864,23.850306,1.0177271,27.380177,7.7690916,-57.85942,362.79678,2.860247,39.249496,62.16574,0.016490888,24.757427,0.045,63,779.5944
8/18/2026 19:33,41782.043,41865.87,27.274809,23.933727,1.0175483,27.212816,7.7914534,-59.227943,359.1585,3.9424996,54.172752,85.78018,0.024808152,24.895168,0.045,63,779.5944
8/18/2026 20:03,42093.79,41938.316,27.333069,23.756474,1.0175041,27.259905,7.8295245,-61.573982,340.00397,4.6673326,64.485695,102.05297,0.025590373,25.19409,0.054,63,779.5944
8/18/2026 20:33,42256.62,41935.35,27.334736,23.66493,1.0174441,27.257978,7.817151,-60.87303,344.22876,4.096194,56.797005,89.849724,0.03002434,25.401108,0.045,63,779.5944
8/18/2026 21:03,42397.727,41978.3,27.368097,23.58617,1.0174329,27.285896,7.8628917,-63.648224,363.56448,4.2288194,58.76995,92.94905,0.03177438,25.523117,0.054,63,779.5944
8/18/2026 21:33,42298.58,41884.266,27.299757,23.641457,1.0173831,27.224773,7.738244,-56.152344,315.0034,3.264348,45.344616,71.71659,0.027135272,25.5179,0.063,63,779.5944
8/18/2026 22:03,42161.402,41770.414,27.21666,23.718376,1.017329,27.150768,7.7386484,-56.171417,376.58215,3.0346348,42.113716,66.6102,0.027663702,25.490076,0.045,63,779.5944
8/18/2026 22:33,42164.66,41736.277,27.192738,23.716543,1.0172968,27.128582,7.7615767,-57.559013,375.41388,3.3483162,46.498245,73.53841,0.026896669,25.537382,0.063,63,779.5944
8/18/2026 23:03,42141.812,41704.2,27.169685,23.729403,1.0172759,27.107729,7.736956,-56.08082,369.4248,2.2196274,30.826391,48.75176,0.024013674,25.549389,0.063,63,779.5944
8/18/2026 23:33,42157.87,41785.41,27.22712,23.720364,1.0173436,27.160517,7.7239685,-55.2845,337.61023,2.6534882,36.81162,58.22663,0.02199677,25.466684,0.063,63,779.5944
8/19/2026 0:03,42141.086,41819.145,27.250448,23.72981,1.0173802,27.182446,7.690923,-53.286552,388.05963,2.7980533,38.779907,61.347435,0.028249249,25.40306,0.054,63,779.5944
8/19/2026 0:33,42164.973,41977.105,27.361965,23.716368,1.017514,27.285118,7.756675,-57.206154,382.97653,3.2861133,45.441177,71.908264,0.02711947,25.23432,0.054,63,779.5944
8/19/2026 1:03,42073.695,41744.223,27.19629,23.76782,1.0173364,27.133745,7.792676,-59.404373,381.76538,3.7110226,51.426533,81.352036,0.03126117,25.413223,0.054,63,779.5944
8/19/2026 1:33,42076.117,42120.19,27.460299,23.76645,1.0176733,27.378124,7.6585956,-51.264763,348.29138,2.8937001,39.838066,63.075935,0.030335328,24.945215,0.054,63,779.5944
8/19/2026 2:03,41898.285,41984.562,27.360836,23.867325,1.0176139,27.289967,7.6679654,-51.817894,383.08142,2.4121616,33.159504,52.506886,0.027374629,24.89241,0.045,63,779.5944
8/19/2026 2:33,41973.93,42207.793,27.519196,23.824312,1.0177864,27.435066,7.693384,-53.310394,384.25446,2.5782692,35.363113,56.01516,0.030804187,24.709908,0.045,63,779.5944
8/19/2026 3:03,42036.176,42251.227,27.551208,23.789034,1.0178035,27.463299,7.711045,-54.37374,281.34824,3.1248882,42.885826,67.92816,0.03285162,24.733519,0.045,63,779.5944
8/19/2026 3:33,42039.484,42298.39,27.584349,23.78716,1.0178443,27.493954,7.6593575,-51.264763,317.19208,2.8240347,38.728024,61.348602,0.02932279,24.679531,0.045,63,779.5944
8/19/2026 4:03,41887.96,42235.316,27.536287,23.873207,1.0178403,27.452957,7.684336,-52.742958,352.1967,2.7084572,37.06188,58.721153,0.023124525,24.569407,0.045,63,779.5944
8/19/2026 4:33,41877.22,42313.562,27.590801,23.879332,1.017913,27.503817,7.645742,-50.411224,371.2082,2.4128485,32.964443,52.239563,0.037104063,24.460098,0.045,63,779.5944
8/19/2026 5:03,41873.36,42362.215,27.624752,23.881533,1.0179572,27.53544,7.648471,-50.563812,327.25336,2.7332032,37.3067,59.127743,0.030782022,24.395819,0.036,63,779.5944
8/19/2026 5:33,41885.92,42443.777,27.68217,23.87437,1.0180248,27.588457,7.6037207,-47.869682,301.8713,1.8411307,25.101952,39.79036,0.02979343,24.311867,0.036,63,779.5944
8/19/2026 6:03,41697.59,42300.156,27.576649,23.9822,1.0179617,27.4951,7.486087,-40.81726,364.26068,1.0565273,14.381473,22.79916,1.3527362,24.25419,0.036,63,779.5944
8/19/2026 6:33,41753.582,42360.734,27.620523,23.95004,1.0179963,27.534477,7.5559435,-44.999123,368.50452,1.6139457,21.972866,34.834194,0.02901021,24.249588,0.036,63,779.5944
8/19/2026 7:03,41849.098,42360.348,27.622805,23.895378,1.0179638,27.534225,7.575945,-46.215057,369.47726,2.0295246,27.688187,43.88546,0.036734305,24.368113,0.036,63,779.5944
8/19/2026 7:33,41804.414,42299.484,27.579027,23.92092,1.0179253,27.494665,7.61331,-48.456192,376.35803,1.8758154,25.593319,40.563725,0.030493695,24.38723,0.036,63,779.5944
8/19/2026 8:03,41623.57,42008.773,27.3709,24.024849,1.01773,27.305702,7.636343,-49.858093,386.98672,2.143273,29.275183,46.388042,0.029688492,24.519917,0.045,63,779.5944
8/19/2026 8:33,41735.582,42110.305,27.444836,23.960371,1.0177815,27.371698,7.601851,-47.79339,383.45813,2.5380638,34.690823,54.96797,0.028605364,24.534105,0.045,63,779.5944
8/19/2026 9:03,41689.47,42060.625,27.408876,23.986874,1.0177535,27.339405,7.589269,-47.039986,318.017,1.7095057,23.362705,37.018192,0.022324847,24.537996,0.045,63,779.5944
8/19/2026 9:33,41544.184,41773.195,27.204027,24.070759,1.0175482,27.152578,7.6864567,-52.895546,345.31592,3.1517742,43.153805,68.35522,0.02600456,24.71297,0.045,63,779.5944
8/19/2026 10:03,41495,41640.285,27.10978,24.099289,1.0174469,27.066185,7.6381354,-50.01545,376.50586,3.5765092,49.031456,77.65039,0.022202127,24.817326,0.045,63,779.5944
8/19/2026 10:33,41627.21,41626.324,27.103203,24.022749,1.0173881,27.05711,7.678534,-52.47116,375.24225,3.3618257,46.23338,73.194046,0.023126945,25.001118,0.045,63,779.5944
,,,,,,,,,,,,,,,,,
Log Notes,,,,,,,,,,,,,,,,,
2026-04-07 13:31:40 Hardware Reset,,,,,,,,,,,,,,,,,
2026-04-08 11:02:28 Started,,,,,,,,,,,,,,,,,
2026-05-04 11:31:47 Paused,,,,,,,,,,,,,,,,,
2026-05-04 11:32:53 Resumed,,,,,,,,,,,,,,,,,
2026-05-04 11:35:15 Paused,,,,,,,,,,,,,,,,,
"2026-05-04 11:41:30 pH Calibrated (Sensor: pH/ORP, Serial Number: 1057264)",,,,,,,,,,,,,,,,,
2026-05-04 11:44:08 Resumed,,,,,,,,,,,,,,,,,
2026-05-04 11:45:13 Paused,,,,,,,,,,,,,,,,,
2026-05-04 13:00:40 Resumed,,,,,,,,,,,,,,,,,
2026-05-26 10:00:41 Paused,,,,,,,,,,,,,,,,,
"2026-05-26 10:16:18 pH Calibrated (Sensor: pH/ORP, Serial Number: 1057264)",,,,,,,,,,,,,,,,,
2026-05-26 10:19:58 Resumed,,,,,,,,,,,,,,,,,
2026-06-16 11:19:35 Paused,,,,,,,,,,,,,,,,,
2026-06-16 11:20:31 Resumed,,,,,,,,,,,,,,,,,
2026-06-16 11:21:29 Paused,,,,,,,,,,,,,,,,,
"2026-06-16 11:28:52 pH Calibrated (Sensor: pH/ORP, Serial Number: 1057264)",,,,,,,,,,,,,,,,,
2026-06-16 11:31:45 Resumed,,,,,,,,,,,,,,,,,
2026-07-14 10:16:23 Paused,,,,,,,,,,,,,,,,,
"2026-07-14 10:23:18 pH Calibrated (Sensor: pH/ORP, Serial Number: 1057264)",,,,,,,,,,,,,,,,,
2026-07-14 10:26:06 Resumed,,,,,,,,,,,,,,,,,
2026-08-19 10:38:44 Paused,,,,,,,,,,,,,,,,,
