Location Properties,,,,,,,,,,,,,,,,,
Location Name = Fence Creek,,,,,,,,,,,,,,,,,
Location ID = eedcb52e-0ba7-465c-8a88-f9905ba2800d,,,,,,,,,,,,,,,,,
,,,,,,,,,,,,,,,,,
Report Properties,,,,,,,,,,,,,,,,,
Start Time = 2026-07-08 11:44:08,,,,,,,,,,,,,,,,,
Duration = 27.21:30:00,,,,,,,,,,,,,,,,,
Readings = 1340,,,,,,,,,,,,,,,,,
Time Offset = -04:00:00,,,,,,,,,,,,,,,,,
,,,,,,,,,,,,,,,,,
Instrument Properties,,,,,,,,,,,,,,,,,
Device Model = Aqua TROLL 600,,,,,,,,,,,,,,,,,
Device SN = 1005046,,,,,,,,,,,,,,,,,
Device Firmware = 2.45,,,,,,,,,,,,,,,,,
,,,,,,,,,,,,,,,,,
Log Properties,,,,,,,,,,,,,,,,,
Log Name = LOG_0326FENC_1005046,,,,,,,,,,,,,,,,,
Log Type = Linear,,,,,,,,,,,,,,,,,
Log File Number = 1,,,,,,,,,,,,,,,,,
Log ID = bc6c4267-cd6a-4e47-a025-85d14721e7ce,,,,,,,,,,,,,,,,,
Log Wrapping Enabled = True,,,,,,,,,,,,,,,,,
Interval = 00:30:00,,,,,,,,,,,,,,,,,
,,,,,,,,,,,,,,,,,
,,,,,,,,,,,,,,,,,
Date Time,Actual Conductivity (µS/cm) (1026324),Specific Conductivity (µS/cm) (1026324),Salinity (PSU) (1026324),Resistivity (Ω⋅cm) (1026324),Density (g/cm³) (1026324),Total Dissolved Solids (ppt) (1026324),RDO Concentration (mg/L) (1003555),RDO Saturation (%Sat) (1003555),Oxygen Partial Pressure (Torr) (1003555),pH (pH) (1111279),pH mV (mV) (1111279),ORP (mV) (1111279),Chlorophyll-a Fluorescence (RFU) (1007125),Temperature (°C) (1005046),External Voltage (V) (1005046),Battery Capacity (%) (1005046),Barometric Pressure (mm Hg) (1005046)
7/8/2026 11:44,12319.024,12752.956,7.422407,81.17526,1.003086,8.289421,6.8938212,83.72147,130.30396,7.6684017,-51.10264,22.640228,0.03949925,23.218534,0.135,71,764.40656
7/8/2026 12:14,11741.605,12107.54,7.018249,85.16723,1.0027322,7.869901,6.3815403,77.60652,120.7447,6.9611287,-9.570122,113.48724,0.03569718,23.417604,0.036,71,764.40656
7/8/2026 12:44,11361.814,11563.151,6.6801147,88.014114,1.0023074,7.516049,6.5785933,80.843285,125.630005,6.904945,-6.465912,122.80464,0.06008806,24.088379,0.036,71,764.40656
7/8/2026 13:14,10439.543,10454.01,5.993625,95.789635,1.0015734,6.7951064,6.8489165,85.133224,132.09004,6.917523,-7.185936,139.42719,0.035712823,24.927547,0.054,71,764.40656
7/8/2026 13:44,30943.148,30382.43,19.139338,32.317333,1.0111276,19.748579,8.802271,120.07155,185.92082,7.899035,-65.27901,111.026764,0.06212962,25.966253,0.072,71,764.40656
7/8/2026 14:14,41645.66,43405.47,28.34608,24.012106,1.0189322,28.213554,8.651952,117.81809,183.47946,7.963212,-68.37845,116.65821,0.02744826,22.877304,0.027,71,764.40656
7/8/2026 14:44,41746.71,43664.18,28.529415,23.953983,1.0191199,28.381716,8.585768,116.673485,181.75128,7.957739,-68.01605,121.5601,0.026517894,22.700836,0.018,71,764.40656
7/8/2026 15:14,41599.72,43755.066,28.587519,24.038624,1.0192407,28.440794,8.528652,115.35804,179.78636,7.9548545,-67.7824,123.44837,0.031993844,22.420977,0.027,71,764.40656
7/8/2026 15:44,41696.523,43644.504,28.51403,23.982815,1.0191185,28.368927,8.622746,117.08684,182.40677,7.9666505,-68.53104,124.06826,0.028108431,22.663202,0.018,71,764.40656
7/8/2026 16:14,41859.59,43472.016,28.399364,23.889389,1.0189221,28.25681,8.853898,120.99325,188.36584,7.997352,-70.42885,127.0771,0.031053375,23.058056,0.018,71,764.40656
7/8/2026 16:44,41510,43446.508,28.370092,24.09058,1.0190089,28.24023,8.665765,117.579636,183.17351,7.9811645,-69.384575,122.07508,0.03441908,22.666376,0.018,71,764.40656
7/8/2026 17:14,41157.074,43481.27,28.38193,24.29716,1.0191453,28.262825,8.576576,115.41206,179.93576,7.9778214,-69.0794,124.258995,0.040790014,22.201424,0.018,71,764.40656
7/8/2026 17:44,41140.117,43578.434,28.448622,24.307175,1.0192313,28.325981,8.592714,115.4022,179.95895,7.9873695,-69.60869,124.89796,0.06006582,22.070557,0.018,71,764.40656
7/8/2026 18:14,40924.797,43627.625,28.474651,24.435062,1.0193357,28.357956,8.279647,110.58556,172.53543,7.9647827,-68.211555,129.70924,0.040111817,21.756428,0.009,71,764.40656
7/8/2026 18:44,41072.24,43636.957,28.486639,24.347345,1.0193001,28.364023,8.248005,110.50243,172.35953,7.9621735,-68.097115,132.62749,0.07499889,21.922827,0.009,71,764.40656
7/8/2026 19:14,41457.562,43532.79,28.428228,24.121052,1.0190974,28.296314,8.260798,111.79804,174.21396,7.9523373,-67.653656,125.927925,0.04048953,22.504166,0.009,71,764.40656
7/8/2026 19:44,41933.977,43552.67,28.45796,23.847012,1.0189675,28.309238,7.925823,108.33971,168.66762,7.904812,-64.98337,114.58874,0.036956545,23.054113,0.027,71,764.40656
7/8/2026 20:14,42194.438,43420.26,28.37371,23.699806,1.0187724,28.223171,7.3501043,101.25568,157.5105,7.8260355,-60.44388,132.23648,0.033245508,23.521904,0.027,71,764.40656
7/8/2026 20:44,42043.227,42894.086,28.001516,23.785044,1.0183662,27.881155,6.5128484,90.2244,140.24046,7.675442,-51.646233,132.45583,0.033423312,23.96145,0.036,71,764.40656
7/8/2026 21:14,39885.516,40438.32,26.230665,25.071758,1.0169388,26.28491,6.045277,83.371635,129.51263,7.5370398,-43.525696,150.98572,0.03274924,24.284277,0.036,71,764.40656
7/8/2026 21:44,36170.793,36518.008,23.429329,27.646616,1.0147684,23.736706,5.4326386,74.01463,114.93076,7.3489017,-32.434464,146.0886,0.032479562,24.5022,0.045,71,764.40656
7/8/2026 22:14,31201.955,31432.947,19.855135,32.049274,1.0120505,20.431416,4.900962,65.552925,101.76985,7.18245,-22.602081,141.64447,0.03836165,24.61525,0.045,71,764.40656
7/8/2026 22:44,27468.793,27733.457,17.299572,36.40495,1.0101641,18.026747,4.4107914,58.023926,90.10052,7.058714,-15.277863,133.39043,0.040064156,24.50036,0.045,71,764.40656
7/8/2026 23:14,24695.57,25041.623,15.465508,40.49309,1.0088491,16.277056,4.090087,53.03141,82.38215,6.988896,-11.143684,134.95923,0.038250998,24.276485,0.036,71,764.40656
7/8/2026 23:44,22843.258,23273.209,14.27283,43.776592,1.0080197,15.127585,3.7994654,48.713825,75.70866,6.9296546,-7.839203,148.78273,0.07292177,24.032774,0.036,71,764.40656
7/9/2026 0:14,21478.494,21963.406,13.396366,46.558197,1.007412,14.276215,3.6432133,46.31793,72.009575,6.9104447,-6.7663193,155.95436,0.04053363,23.844074,0.036,71,764.40656
7/9/2026 0:44,20306.55,20849.045,12.655178,49.245193,1.00691,13.55188,3.4964702,44.09772,68.58312,6.8842635,-5.3071976,151.49117,0.07348661,23.637693,0.027,71,764.40656
7/9/2026 1:14,18658.436,19259.2,11.605872,53.595062,1.006192,12.51848,3.37423,42.09095,65.49335,6.857889,-3.8385391,154.48093,0.0409747,23.366829,0.027,71,764.40656
7/9/2026 1:44,18017.463,18661.09,11.213159,55.50171,1.0059414,12.129708,3.2355597,40.14234,62.480095,6.8217382,-1.8310547,146.03137,0.039959107,23.194223,0.018,71,764.40656
7/9/2026 2:14,15886.035,16556.047,9.844209,62.948368,1.0049915,10.76143,3.1036463,37.982533,59.15024,6.814372,-1.4209747,137.72488,0.036240567,22.881186,0.018,71,764.40656
7/9/2026 2:44,31000.688,33272.367,21.085432,32.25735,1.0138311,21.627039,6.0827127,77.34312,120.734024,7.398884,-35.02369,138.46397,0.09107576,21.425377,0.018,71,764.40656
7/9/2026 3:14,39372.742,42847.453,27.87593,25.398281,1.0191461,27.850845,6.9064536,90.256584,141.0383,7.79077,-57.821274,135.77939,0.13771296,20.754192,0,71,764.40656
7/9/2026 3:44,39538.6,43083.305,28.044453,25.291739,1.0192902,28.004148,6.9059057,90.23611,141.0195,7.8079715,-58.813095,130.79643,0.053563237,20.692377,0,71,764.40656
7/9/2026 4:14,39710.97,43297.293,28.198387,25.18196,1.0194144,28.143242,6.917567,90.42199,141.31616,7.8223696,-59.64756,138.34,0.1747691,20.66334,0,71,764.40656
7/9/2026 4:44,39932.996,43564.914,28.391342,25.041948,1.0195682,28.317194,6.9408517,90.78229,141.8853,7.834725,-60.362816,136.07025,0.14805646,20.635185,0,71,764.40656
7/9/2026 5:14,39937.625,43595.504,28.412506,25.039045,1.0195916,28.337078,7.00601,91.59849,143.16698,7.8470006,-61.073303,136.54709,0.03927714,20.607073,0,71,764.40656
7/9/2026 5:44,39985.598,43653.99,28.454678,25.009005,1.0196253,28.375093,6.947166,90.84048,141.98367,7.84302,-60.839653,132.33185,0.04079675,20.600351,0,71,764.40656
7/9/2026 6:14,39936.37,43619.418,28.428844,25.039831,1.0196112,28.352623,6.938273,90.67519,141.72983,7.846364,-61.030388,140.15674,0.033494744,20.57927,0,71,764.40656
7/9/2026 6:44,39979.46,43659.465,28.458166,25.012844,1.0196315,28.378653,6.86513,89.74745,140.27808,7.8391447,-60.61077,142.8938,0.04031857,20.586973,0,71,764.40656
7/9/2026 7:14,39919.46,43562.242,28.388924,25.050438,1.0195699,28.315458,6.726958,87.961784,137.47983,7.822269,-59.633255,151.51501,0.037155848,20.621862,0,71,764.40656
7/9/2026 7:44,40019.01,43597.402,28.417315,24.988123,1.0195705,28.338312,6.661039,87.24421,136.34164,7.8099785,-58.932304,140.68127,0.031746436,20.70272,0,71,764.40656
7/9/2026 8:14,39916.473,43361.97,28.251455,25.052315,1.019409,28.18528,6.455735,84.685875,132.31607,7.766474,-56.419373,153.60832,0.027041432,20.839844,0,71,764.40656
7/9/2026 8:44,38952.074,42182.555,27.40338,25.672573,1.0187262,27.418661,5.8832693,77.00552,120.288345,7.628865,-48.40851,143.21327,0.027898557,20.9904,0.009,71,764.40656
7/9/2026 9:14,34595.742,37160.426,23.821156,28.90529,1.01591,24.154276,5.4413853,70.253075,109.67302,7.4715033,-39.26754,135.7031,0.029418204,21.386568,0,71,764.40656
7/9/2026 9:44,30642.99,32540.455,20.585272,32.633892,1.0133195,21.151297,5.119154,65.52923,102.20717,7.295567,-29.029846,139.0028,0.031654164,21.947073,0.009,71,764.40656
7/9/2026 10:14,26870.617,28210.809,17.602877,37.21537,1.0109241,18.337027,5.060956,64.33747,100.255104,7.182001,-22.416115,119.748116,0.032724664,22.512758,0.018,71,764.40656
7/9/2026 10:44,23842.678,24755.31,15.2607,41.941597,1.0090164,16.090952,5.15608,65.32916,101.7043,7.1099653,-18.219948,129.84753,0.036890734,23.069836,0.027,71,764.40656
7/9/2026 11:14,21648.938,22290.357,13.611465,46.191643,1.0076659,14.488732,5.323521,67.3327,104.746124,7.063152,-15.487671,125.84686,0.0347188,23.493423,0.036,71,764.40656
7/9/2026 11:44,19821.941,20136.443,12.187943,50.449146,1.0064154,13.088688,5.546975,70.46657,109.48588,7.020639,-13.012886,144.48166,0.037492026,24.182276,0.045,71,764.40656
7/9/2026 12:14,17918.559,17967.703,10.769367,55.80806,1.005171,11.679008,5.7825665,73.76147,114.46138,7.008137,-12.302399,125.44632,0.03414771,24.8568,0.045,71,764.40656
7/9/2026 12:44,17044.46,16830.08,10.0332155,58.670086,1.0043985,10.939552,6.0656524,78.17734,121.123474,6.9993033,-11.777878,141.50143,0.036304682,25.66691,0.063,71,764.40656
7/9/2026 13:14,16053.51,15711.856,9.312838,62.291676,1.0037287,10.212707,6.24878,80.88676,125.202805,6.996588,-11.644363,161.10898,0.03664643,26.138483,0.081,71,764.40656
7/9/2026 13:44,15727.685,15158.172,8.958923,63.58215,1.00323,9.852812,6.4390187,84.41024,130.43204,6.9708886,-10.232925,155.69687,0.03603532,26.967083,0.099,71,764.40656
7/9/2026 14:14,13930.03,13174.401,7.697049,71.78735,1.0019884,8.563361,6.8365993,90.6192,139.70995,6.979144,-10.733604,143.1942,0.035114117,28.002924,0.117,71,764.40656
7/9/2026 14:44,40123.617,39932.438,25.883986,24.922977,1.0163975,25.956085,9.043657,126.58964,196.29071,7.9760866,-69.68975,137.24327,0.03662734,25.25066,0.081,71,764.40656
7/9/2026 15:14,41686.54,42187.93,27.497868,23.98856,1.0178668,27.422153,8.928215,124.23016,192.9505,7.981634,-69.81373,134.2821,0.1528562,24.377766,0.045,71,764.40656
7/9/2026 15:44,41880.2,42601.266,27.792183,23.877632,1.0181648,27.690825,9.124846,126.59495,196.7187,8.011675,-71.52557,128.29303,0.10088549,24.113827,0.036,71,764.40656
7/9/2026 16:14,42192.938,42867.17,27.986849,23.70065,1.0182935,27.86366,9.214646,128.124,199.07191,8.029021,-72.56508,139.15062,0.36893466,24.176523,0.036,71,764.40656
7/9/2026 16:44,42205.47,43389.047,28.352238,23.693611,1.0187418,28.20288,8.907086,122.79765,191.00374,8.004179,-70.95337,137.8584,0.6922695,23.571815,0.036,71,764.40656
7/9/2026 17:14,41943.67,43540.07,28.449492,23.8415,1.0189538,28.301046,8.73526,119.45399,185.96239,7.9927235,-70.16182,114.851,0.8751702,23.080362,0.027,71,764.40656
7/9/2026 17:44,41750.004,43672.492,28.535305,23.952093,1.0191258,28.387121,8.535972,115.98911,180.68692,7.983808,-69.5467,124.59755,0.89897835,22.695257,0.018,71,764.40656
7/9/2026 18:14,41577.504,43693.26,28.543827,24.051468,1.0191958,28.400621,8.456349,114.44064,178.34357,7.98733,-69.69929,111.20319,0.8115003,22.464764,0.018,71,764.40656
7/9/2026 18:44,41407.055,43724.527,28.559505,24.150475,1.0192732,28.420942,8.249298,111.16989,173.3152,7.9734197,-68.826675,122.36595,0.7872342,22.22504,0.018,71,764.40656
7/9/2026 19:14,41278.098,43705.4,28.54159,24.225924,1.0192957,28.408508,8.202259,110.26083,171.93536,7.971183,-68.66455,124.49741,1.0517733,22.092264,0.009,71,764.40656
7/9/2026 19:44,41504.875,43734.34,28.5698,24.093555,1.0192521,28.427322,8.075263,109.0383,169.96234,7.9592686,-68.02082,139.0791,1.2163157,22.331022,0.018,71,764.40656
7/9/2026 20:14,41739.05,43684.8,28.543495,23.95838,1.0191395,28.39512,7.7944574,105.86694,164.92624,7.925406,-66.1087,142.55048,0.87260705,22.66803,0.018,71,764.40656
7/9/2026 20:44,42083.266,43672.63,28.546377,23.762415,1.0190231,28.387209,7.2547107,99.28816,154.565,7.844694,-61.454773,144.95374,0.62850994,23.094625,0.018,71,764.40656
7/9/2026 21:14,42173.914,43394.695,28.35523,23.71134,1.0187569,28.206553,6.4541926,88.912224,138.30809,7.720905,-54.249763,147.35222,0.48948064,23.527115,0.027,71,764.40656
7/9/2026 21:44,41830.812,42644.19,27.820816,23.905823,1.0182184,27.718723,5.8216147,80.62149,125.30511,7.578459,-45.928955,147.09949,0.39440456,24.00138,0.036,71,764.40656
7/9/2026 22:14,39676.766,40072.12,25.970747,25.203667,1.016686,26.046879,5.4225836,74.933815,116.36214,7.449839,-38.399696,159.69754,0.4230154,24.483452,0.045,71,764.40656
7/9/2026 22:44,35913.785,36026.535,23.085695,27.844461,1.0144147,23.417248,4.8210773,65.93937,102.327225,7.278036,-28.276443,152.6785,0.37710974,24.836145,0.036,71,764.40656
7/9/2026 23:14,32285.785,32258.709,20.436085,30.973383,1.0123655,20.96816,4.252794,57.50521,89.20346,7.137139,-19.950867,136.76643,0.2983721,25.043943,0.054,71,764.40656
7/9/2026 23:44,30823.174,30817.64,19.431917,32.443123,1.0116216,20.031466,3.8333592,51.507114,79.904366,7.0627813,-15.544891,133.30936,0.22075886,25.009401,0.054,71,764.40656
7/10/2026 0:14,29574.09,29606.424,18.592308,33.81338,1.0110106,19.244175,3.4782453,46.458225,72.081055,7.025875,-13.356209,152.28271,0.35271996,24.942822,0.054,71,764.40656
7/10/2026 0:44,28263.453,28342.297,17.720617,35.381382,1.0103817,18.422493,3.178209,42.1745,65.44575,6.9930387,-11.396408,153.27454,0.22219521,24.854353,0.045,71,764.40656
7/10/2026 1:14,27450.3,27569.166,17.189718,36.429474,1.0100058,17.919958,3.0119774,39.79138,61.75701,6.964448,-9.799004,150.80452,0.2771811,24.774265,0.045,71,764.40656
7/10/2026 1:44,26988.223,27147.396,16.900543,37.0532,1.0098114,17.645807,2.8782015,37.906612,58.840816,6.938409,-8.34465,148.36789,0.17162207,24.693022,0.045,71,764.40656
7/10/2026 2:14,25120.178,25348.654,15.675449,39.808636,1.008938,16.476625,2.7807715,36.261555,56.304634,6.9188085,-7.247925,150.89989,0.28826827,24.528095,0.045,71,764.40656
7/10/2026 2:44,24935.342,25201.035,15.57482,40.10372,1.0088844,16.380672,2.630319,34.230816,53.159355,6.8882833,-5.545616,142.82703,0.13779487,24.448015,0.036,71,764.40656
7/10/2026 3:14,22839.566,23151.146,14.193044,43.78367,1.0078893,15.048245,2.4733546,31.847609,49.47225,6.893216,-5.8174133,139.0934,0.16243273,24.295364,0.036,71,764.40656
7/10/2026 3:44,27573.97,28477.426,17.796625,36.266087,1.0108528,18.510326,3.5307744,45.617382,70.98392,7.044099,-14.357567,134.31549,0.27524328,23.33899,0.027,71,764.40656
7/10/2026 4:14,40070.812,42978.715,27.994318,24.95582,1.0190514,27.936165,6.3301053,83.85433,130.8915,7.7478247,-55.446625,144.34814,0.26794785,21.457636,0.018,71,764.40656
7/10/2026 4:44,40292.977,43242.215,28.18441,24.81822,1.0192031,28.10744,6.4898586,86.02155,134.28041,7.778884,-57.258606,144.02866,0.24735217,21.429174,0.009,71,764.40656
7/10/2026 5:14,40408.41,43412.266,28.306087,24.747324,1.0193092,28.217972,6.51912,86.389404,134.86563,7.7924237,-58.04062,135.98442,0.32024133,21.37729,0.009,71,764.40656
7/10/2026 5:44,40547.914,43656.51,28.479883,24.662182,1.0194689,28.376734,6.660334,88.181046,137.68533,7.8141418,-59.289932,141.9115,0.0911419,21.271944,0.009,71,764.40656
7/10/2026 6:14,40491.57,43669.926,28.486845,24.696499,1.0194958,28.385452,6.800275,89.902245,140.39081,7.831635,-60.29606,144.18124,0.03957141,21.18946,0.009,71,764.40656
7/10/2026 6:44,40530.992,43765.316,28.554123,24.672478,1.0195624,28.447456,6.9141045,91.345345,142.6573,7.843343,-60.9684,142.6506,0.039611854,21.13081,0,71,764.40656
7/10/2026 7:14,40529.715,43746.01,28.540785,24.673256,1.019547,28.434908,6.897549,91.152504,142.35176,7.8444147,-61.035156,127.32029,0.039339665,21.150677,0.009,71,764.40656
7/10/2026 7:44,40581.297,43764.7,28.555746,24.641893,1.0195476,28.447054,6.9219093,91.551025,142.96504,7.84484,-61.068535,135.40268,0.037894186,21.191673,0.009,71,764.40656
7/10/2026 8:14,40616.965,43731.09,28.534035,24.620255,1.0195099,28.425209,6.912092,91.54284,142.93445,7.84105,-60.863495,156.86035,0.04901599,21.271688,0.009,71,764.40656
7/10/2026 8:44,40890.926,43761.53,28.565853,24.455303,1.019456,28.444996,6.8958893,91.8347,143.32393,7.8320293,-60.396194,151.33858,0.037577238,21.565624,0.009,71,764.40656
7/10/2026 9:14,41175.824,43672.152,28.514824,24.286095,1.0192986,28.3869,6.7269745,90.276825,140.79274,7.7767234,-57.2443,142.77936,0.030974085,22.007294,0.009,71,764.40656
7/10/2026 9:44,41311.984,43441.22,28.35963,24.20605,1.0190649,28.236792,6.4394736,87.00473,135.59462,7.6939344,-52.466393,151.85356,0.030478021,22.433815,0.018,71,764.40656
7/10/2026 10:14,39412.098,41016.31,26.617783,25.37292,1.0176055,26.6606,5.91222,79.81573,124.28204,7.55438,-44.350624,170.55035,0.03109223,22.952276,0.018,71,764.40656
7/10/2026 10:44,36726.043,37827.27,24.342627,27.228634,1.0157441,24.587727,5.40559,72.700035,113.09933,7.3965263,-35.128593,170.79831,0.035604253,23.475811,0.018,71,764.40656
7/10/2026 11:14,33180.332,33680.57,21.421137,30.138336,1.0133371,21.89237,5.1759386,69.368416,107.77174,7.2611814,-27.222633,128.45993,0.03378744,24.222387,0.036,71,764.40656
7/10/2026 11:44,30516.531,30528.826,19.231153,32.769123,1.0114796,19.843737,5.1696367,69.34547,107.58374,7.1634636,-21.505356,147.08997,0.035305493,24.978912,0.054,71,764.40656
7/10/2026 12:14,28532.61,28194.738,17.626177,35.04762,1.010092,18.32658,5.2838387,71.04066,110.074936,7.132544,-19.717216,127.84481,0.03844537,25.627409,0.063,71,764.40656
7/10/2026 12:44,26105.445,25551.879,15.824894,38.306183,1.0085984,16.60872,5.3368273,71.65991,110.92174,7.093399,-17.42363,141.81613,0.039045423,26.13426,0.072,71,764.40656
7/10/2026 13:14,25154.186,24409.748,15.054082,39.754814,1.0078882,15.866337,5.5887403,75.32323,116.481316,7.0703616,-16.078949,167.10281,0.040357042,26.596733,0.09,71,764.40656
7/10/2026 13:44,23292.912,22384.14,13.694956,42.931515,1.0067186,14.549691,5.7163897,77.16465,119.19573,7.0358276,-14.047623,176.41068,0.1492414,27.125597,0.099,71,764.40656
7/10/2026 14:14,23224.496,22179.385,13.559239,43.057983,1.0065166,14.4166,5.8516574,79.39889,122.55647,7.0608754,-15.559196,185.02713,0.11274725,27.46706,0.099,71,764.40656
7/10/2026 14:44,22370.832,21255.516,12.944207,44.701065,1.0059747,13.816086,6.0587587,82.32434,126.993904,7.057521,-15.37323,177.5837,0.28473595,27.747221,0.108,71,764.40656
7/10/2026 15:14,18434.955,17351.357,10.376833,54.244774,1.0039057,11.278382,6.7423,91.12954,140.41211,7.089172,-17.294884,147.1138,0.2911008,28.269648,0.117,71,764.40656
7/10/2026 15:44,41316.188,42927.277,28.00276,24.203588,1.018629,27.902729,8.654526,117.94979,183.63498,7.9327655,-66.62369,144.82022,0.2047636,23.035042,0.054,71,764.40656
7/10/2026 16:14,41277.49,43699.766,28.537664,24.22628,1.0192913,28.404846,8.364651,112.4528,175.35179,7.9606714,-68.04943,146.85153,0.24790575,22.097906,0.018,71,764.40656
7/10/2026 16:44,41407.16,43879.043,28.666624,24.150412,1.0194018,28.521378,8.387961,112.754906,175.83644,7.9712667,-68.65978,147.8052,0.41723248,22.050575,0.009,71,764.40656
7/10/2026 17:14,41286.566,43820.797,28.621832,24.220953,1.0193892,28.483519,8.43541,113.203026,176.55775,7.9764585,-68.945885,141.20578,0.48347718,21.972162,0.018,70,764.40656
7/10/2026 17:44,41103.223,43897.75,28.668156,24.328993,1.0195063,28.533539,8.188234,109.31125,170.57156,7.9574814,-67.76333,128.41225,0.67155254,21.66702,0.009,70,764.40656
7/10/2026 18:14,40847.88,43872.246,28.640572,24.481075,1.0195591,28.51696,7.8534875,104.30146,162.82533,7.9335446,-66.29944,117.77878,0.57850915,21.390799,0.009,70,764.40656
7/10/2026 18:44,40987.84,43922.76,28.68096,24.39748,1.0195603,28.549797,7.972127,106.115295,165.62802,7.9459105,-67.04807,117.25426,0.5630471,21.50157,0,70,764.40656
7/10/2026 19:14,41071.8,43877.938,28.653261,24.347605,1.0194993,28.52066,8.040714,107.302734,167.44154,7.9518414,-67.42954,119.12346,0.4209414,21.651659,0.009,70,764.40656
7/10/2026 19:44,41054.523,43909.453,28.674372,24.357851,1.01953,28.541143,7.9102993,105.46872,164.59424,7.9322677,-66.27083,120.6398,0.46626657,21.595884,0.009,70,764.40656
7/10/2026 20:14,40946.855,43838.562,28.621216,24.4219,1.019503,28.495066,7.7470665,103.16773,161.01596,7.9256964,-65.87505,115.32307,30.238096,21.546457,0.009,70,764.40656
7/10/2026 20:44,41037.426,43895.387,28.663982,24.368,1.0195235,28.532001,7.6190925,101.57116,158.51292,7.904104,-64.62097,146.07907,10.764276,21.59118,0,70,764.40656
7/10/2026 21:14,41118.87,43885.156,28.66005,24.319735,1.0194914,28.52535,7.2659802,97.052345,151.4346,7.8730025,-62.823296,152.874,2.9127796,21.699755,0.009,70,764.40656
7/10/2026 21:44,41309.113,43937.242,28.703302,24.207733,1.0194789,28.559208,6.599519,88.44166,137.96169,7.765791,-56.57673,140.54776,0.050338104,21.868298,0.009,70,764.40656
7/10/2026 22:14,41413.793,43853.44,28.649124,24.146545,1.0193785,28.504738,5.9010673,79.36935,123.765656,7.6644096,-50.673485,142.88425,0.08945844,22.087336,0.009,70,764.40656
7/10/2026 22:44,41461.94,43582.883,28.463167,24.118504,1.0191382,28.328875,5.183924,70.1059,109.25493,7.509771,-41.656494,150.0988,0.18023567,22.452116,0.018,70,764.40656
7/10/2026 23:14,40073.863,41708.332,27.117323,24.95392,1.017984,27.110415,4.9192777,66.59816,103.7015,7.405372,-35.586357,135.31685,1.3197385,22.948267,0.018,70,764.40656
7/10/2026 23:44,37513.727,38639.094,24.922354,26.65691,1.0161813,25.115412,4.41585,59.58684,92.699265,7.2538443,-26.721954,138.57364,1.8049604,23.475124,0.027,70,764.40656
7/11/2026 0:14,34717.727,35485.324,22.687075,28.80373,1.0143883,23.06546,3.981523,53.41154,83.03439,7.1513243,-20.709038,134.80186,1.0381998,23.867464,0.027,70,764.40656
7/11/2026 0:44,33792.523,34506.586,21.997313,29.592344,1.0138557,22.429281,3.6815033,49.234722,76.53428,7.0932436,-17.285347,126.88637,0.5012817,23.916569,0.027,70,764.40656
7/11/2026 1:14,32946,33664.36,21.404673,30.3527,1.013419,21.881832,3.4142027,45.47771,70.698395,7.057958,-15.201569,136.6806,0.2519724,23.882786,0.027,70,764.40656
7/11/2026 1:44,32371.607,33099.797,21.008385,30.891268,1.0131307,21.514868,3.150118,41.838932,65.045685,7.009409,-12.335777,140.76233,0.36035788,23.848175,0.036,70,764.40656
7/11/2026 2:14,31575.912,32321.771,20.463663,31.66971,1.0127363,21.009151,2.5393426,33.58769,52.22301,7.002577,-11.930466,124.0921,0.1762621,23.79183,0.036,70,764.40656
7/11/2026 2:44,31480.066,32247.621,20.411364,31.766134,1.0127074,20.960955,2.4049103,31.77837,49.413193,6.981526,-10.714531,145.7262,0.30867916,23.753826,0.009,70,764.40656
7/11/2026 3:14,30821.986,31612.043,19.967634,32.444374,1.0123907,20.547829,2.5803428,33.971832,52.829754,6.967664,-9.942055,140.43332,0.09996038,23.691504,0.027,70,764.40656
7/11/2026 3:44,30142.56,30953.37,19.509089,33.175682,1.0120628,20.11969,2.4159677,31.688208,49.283997,6.928731,-7.777214,138.87881,0.3374895,23.62856,0.027,70,764.40656
7/11/2026 4:14,28831.797,29646.05,18.603643,34.68393,1.0113999,19.269932,1.1788435,15.36323,23.896917,6.937777,-8.277893,131.92177,0.12930942,23.561998,0.027,70,764.40656
7/11/2026 4:44,25532.324,26419.281,16.389492,39.16604,1.00982,17.172531,1.5219412,19.470463,30.30254,6.9267645,-7.6580048,115.385056,0.3696011,23.242287,0.018,70,764.40656
7/11/2026 5:14,39985.562,43278.83,28.197252,25.009027,1.0193218,28.131237,6.1595592,81.03632,126.57974,7.732844,-54.488182,128.28351,0.03702877,21.016014,0.009,70,764.40656
7/11/2026 5:44,40433.715,43880.85,28.629568,24.731836,1.0196836,28.522554,6.4494495,84.864914,132.58626,7.7792187,-57.172775,133.37613,0.039348736,20.887081,0,70,764.40656
7/11/2026 6:14,40393.21,43854.79,28.60995,24.756636,1.0196738,28.505613,6.5242767,85.808784,134.06491,7.795859,-58.140755,135.33592,0.3022328,20.867393,0,70,764.40656
7/11/2026 6:44,40486.434,43958.066,28.684864,24.699633,1.0197313,28.572744,6.632816,87.271034,136.34993,7.8063993,-58.755875,141.94965,0.036854915,20.865131,0,70,764.40656
7/11/2026 7:14,40333.53,43792.05,28.564314,24.793266,1.0196398,28.464834,6.7334776,88.5328,138.32127,7.8204436,-59.576035,136.73782,1.9992164,20.865133,0,70,764.40656
7/11/2026 7:44,40463.168,43954.504,28.681438,24.713833,1.019735,28.570427,6.8928657,90.65122,141.63622,7.8361225,-60.486794,134.54437,10.429682,20.841326,0.009,70,764.40656
7/11/2026 8:14,39717.297,43133.164,28.086166,25.177948,1.0192798,28.036556,6.945907,91.05077,142.2578,7.846857,-61.11622,110.34489,0.039974574,20.853743,0,70,764.40656
7/11/2026 8:44,40555.645,43993.01,28.711811,24.65748,1.0197402,28.595459,6.942979,91.44025,142.8542,7.8462515,-61.092377,136.82843,0.03607268,20.909195,0,70,764.40656
7/11/2026 9:14,40599.914,43957.137,28.688982,24.630594,1.0196987,28.57214,6.987854,92.17434,143.98071,7.848454,-61.240196,151.59131,0.054064687,21.001314,0,70,764.40656
7/11/2026 9:44,40770.133,43919.203,28.669842,24.52776,1.0196197,28.547482,7.069055,93.65222,146.2339,7.839673,-60.777664,149.83177,0.036576483,21.246,0,70,764.40656
7/11/2026 10:14,41075.473,43900.344,28.668882,24.345428,1.0195166,28.535225,6.989685,93.25037,145.51817,7.8065543,-58.918,147.70032,0.027998688,21.63103,0.009,70,764.40656
7/11/2026 10:44,41337.805,43817.812,28.621656,24.190931,1.0193715,28.481577,6.9308023,93.11936,145.21892,7.744014,-55.332184,149.8747,0.40511274,22.036743,0.009,70,764.40656
7/11/2026 11:14,40922.02,43092.137,28.104017,24.436722,1.0188907,28.00989,6.691954,90.167946,140.54085,7.668639,-50.969124,151.67712,0.027724622,22.363354,0.009,70,764.40656
7/11/2026 11:44,39450.086,41085.023,26.666452,25.348488,1.0176523,26.705265,6.2842083,84.80732,132.06256,7.5386596,-43.42079,150.68054,0.03012322,22.916546,0.018,70,764.40656
7/11/2026 12:14,36400.69,37464.97,24.085205,27.472006,1.0155399,24.35223,5.807113,78.03576,121.392235,7.3774357,-34.008026,160.0647,0.030927515,23.512707,0.027,70,764.40656
7/11/2026 12:44,33850.844,34403.805,21.928715,29.54136,1.0137366,22.362474,5.664534,76.05133,118.16821,7.2672553,-27.575493,142.42648,0.04027404,24.158497,0.036,70,764.40656
7/11/2026 13:14,32265.979,32508.125,20.605032,30.992397,1.0126151,21.130281,5.5851693,75.01799,116.465355,7.20487,-23.927689,163.3501,0.034227964,24.61001,0.045,70,764.40656
7/11/2026 13:44,30784.777,30648.13,19.316628,32.483585,1.0114715,19.921286,5.699309,76.83123,119.13899,7.1603374,-21.338463,133.83865,0.05022298,25.233433,0.054,70,764.40656
7/11/2026 14:14,29465.287,28943.832,18.144266,33.93824,1.0103893,18.813492,5.8514876,79.3407,122.85816,7.1583595,-21.271706,149.66489,0.03844736,25.943249,0.054,70,764.40656
7/11/2026 14:44,28481.44,27644.545,17.255621,35.110584,1.0095371,17.968954,6.104809,83.28654,128.79907,7.151586,-20.914078,126.15681,0.10030164,26.584997,0.081,70,764.40656
7/11/2026 15:14,27372.863,26350.492,16.373388,36.53253,1.0087463,17.12782,6.382556,87.31735,134.90572,7.145705,-20.594597,136.11794,0.04041925,27.031357,0.099,70,764.40656
7/11/2026 15:44,26551.254,25166.25,15.571785,37.663006,1.0078933,16.358063,6.865062,94.87467,146.31049,7.167618,-21.96312,158.18118,0.070812605,27.881372,0.108,70,764.40656
7/11/2026 16:14,25070.475,23619.307,14.527353,39.887558,1.0070133,15.35255,7.273941,100.517296,154.89534,7.1699967,-22.130013,143.5566,0.112556,28.216745,0.117,70,764.40656
7/11/2026 16:44,44274.11,42803.246,27.989382,22.586563,1.0175123,27.822111,9.876343,143.6516,222.05151,8.179709,-82.182884,126.91021,0.2821321,26.799131,0.099,70,764.40656
7/11/2026 17:14,40160.652,39818.715,25.805403,24.899994,1.0162798,25.882166,10.318824,144.87169,224.55193,8.156197,-80.41859,136.07501,0.4215534,25.4496,0.063,70,764.40656
7/11/2026 17:44,43488.49,43816.51,28.688187,22.99459,1.018697,28.480734,9.890016,139.10933,215.96788,8.1073,-77.30007,125.989914,0.5329667,24.608047,0.054,70,764.40656
7/11/2026 18:14,43214.906,43788.156,28.660894,23.140163,1.0187619,28.462301,9.393571,131.43335,204.16212,8.0674305,-74.8682,140.97214,0.4301764,24.314583,0.036,70,764.40656
7/11/2026 18:44,42903.29,43992.125,28.795086,23.308237,1.0190387,28.594883,9.035137,125.17188,194.65096,8.0266905,-72.312355,135.71739,0.40965694,23.704151,0.036,70,764.40656
7/11/2026 19:14,42362.61,44041.754,28.812885,23.605722,1.0192499,28.62714,8.67498,118.71764,184.84035,8.001219,-70.643425,114.331245,0.4835096,23.003864,0.027,70,764.40656
7/11/2026 19:44,41962.52,44117.785,28.852283,23.83079,1.0194354,28.67656,8.361374,113.31249,176.5921,7.9754815,-68.99834,112.67662,0.3673327,22.442276,0.018,70,764.40656
7/11/2026 20:14,41728.816,44080.773,28.818253,23.964254,1.0194741,28.652504,8.205888,110.71458,172.61061,7.9670725,-68.449974,118.083954,0.37691826,22.20651,0.009,70,764.40656
7/11/2026 20:44,41324.418,44112.688,28.82529,24.198769,1.019619,28.673248,7.7656164,103.80894,161.97952,7.931008,-66.218376,123.85845,0.4996173,21.69069,0.009,70,764.40656
7/11/2026 21:14,41086.59,44072.934,28.78855,24.338842,1.0196549,28.647408,7.5675564,100.7036,157.19345,7.9158697,-65.27901,118.15071,0.5257753,21.452402,0.009,70,764.40656
7/11/2026 21:44,41246.164,44105.875,28.817556,24.244678,1.019636,28.66882,7.442208,99.32766,155.00818,7.903481,-64.58759,121.91296,0.7184019,21.60537,0.009,70,764.40656
7/11/2026 22:14,41428.176,44081.78,28.807856,24.13816,1.0195634,28.653158,7.160771,95.98681,149.73633,7.8661146,-62.451363,136.86658,0.48797482,21.84831,0.009,70,764.40656
7/11/2026 22:44,41767.84,44126.316,28.851274,23.941866,1.0195004,28.682106,6.686307,90.22174,140.6622,7.8007903,-58.693886,139.64653,0.08713912,22.201662,0.018,70,764.40656
7/11/2026 23:14,41966.62,44051.934,28.806633,23.82846,1.019379,28.633757,6.148606,83.42153,129.99126,7.7211123,-54.078102,119.97223,0.03692187,22.521593,0.009,70,764.40656
7/11/2026 23:44,42061.125,43830.254,28.655518,23.774923,1.0191635,28.489666,5.3799033,73.40444,114.31174,7.5673594,-45.104027,119.838715,0.038912557,22.886744,0.018,70,764.40656
7/12/2026 0:14,41191.29,42512.9,27.710575,24.276978,1.0183139,27.633385,5.103794,69.85747,108.696884,7.4762373,-39.811134,135.66017,0.03789319,23.372395,0.027,70,764.40656
7/12/2026 0:44,38991.926,39883.32,25.821884,25.646336,1.0167601,25.92416,4.629604,63.19115,98.24456,7.343515,-32.043457,126.31416,0.08056286,23.829842,0.036,70,764.40656
7/12/2026 1:14,37300.24,37996.24,24.474047,26.80948,1.0156851,24.697556,4.3144436,58.65405,91.1559,7.255081,-26.845932,122.83802,0.081455044,24.04096,0.036,70,764.40656
7/12/2026 1:44,36484.348,37218.44,23.918224,27.409014,1.0152874,24.191988,4.0514374,54.83173,85.2269,7.198312,-23.488998,129.17041,0.07749438,23.96733,0.036,70,764.40656
7/12/2026 2:14,35774.074,36584.676,23.46542,27.953203,1.0149821,23.78004,3.8043902,51.23885,79.66063,7.164452,-21.481514,140.09952,0.048519343,23.839954,0.036,70,764.40656
7/12/2026 2:44,35079.39,35973.99,23.0299,28.506767,1.0146935,23.383093,3.5508025,47.58368,73.99674,7.125808,-19.192696,116.238594,0.16898999,23.698013,0.036,70,764.40656
7/12/2026 3:14,34393.047,35373.348,22.602474,29.075644,1.0144128,22.992678,3.3051085,44.06531,68.54349,7.0885897,-16.989708,132.50827,0.09823068,23.549057,0.027,70,764.40656
7/12/2026 3:44,34027.863,35089.95,22.400072,29.387682,1.014297,22.808468,3.095343,41.122078,63.980354,7.05804,-15.182495,127.44427,0.05639587,23.415316,0.027,70,764.40656
7/12/2026 4:14,33051.29,34238.742,21.796625,30.256006,1.0139054,22.255182,2.9236832,38.546417,59.99714,7.0255938,-13.260841,156.52657,0.094925895,23.18421,0.027,70,764.40656
7/12/2026 4:44,32709.598,34019.926,21.63936,30.572067,1.0138412,22.112951,2.864884,37.600666,58.545322,7.0161805,-12.6981735,121.855736,0.044306498,22.983427,0.018,70,764.40656
7/12/2026 5:14,31569.748,32970.215,20.900373,31.675894,1.0133398,21.43064,2.6784675,34.873146,54.317688,6.998778,-11.634827,158.68665,0.10713931,22.776087,0.018,70,764.40656
7/12/2026 5:44,27784.977,29453.945,18.449091,35.990673,1.0116855,19.145065,2.4842725,31.457998,49.05878,6.949337,-8.8739395,119.63844,0.07809646,22.033316,0.009,70,764.40656
7/12/2026 6:14,39925.305,43762.082,28.526087,25.046772,1.0197288,28.445353,6.0704575,79.13149,123.71776,7.7219305,-53.739548,137.98236,0.029811772,20.409761,0,70,764.40656
7/12/2026 6:44,40216.63,44130.16,28.791231,24.865335,1.0199437,28.684605,6.437592,83.96665,131.28757,7.7832766,-57.30629,144.95374,0.034179986,20.356987,0,70,764.40656
7/12/2026 7:14,40276.168,44115.82,28.784063,24.828579,1.0199162,28.675283,6.7219963,87.81201,137.28246,7.8172493,-59.304237,116.89186,0.0325915,20.443155,0,70,764.40656
7/12/2026 7:44,40356.168,44159.99,28.8179,24.77936,1.0199298,28.703993,6.8565927,89.66583,140.17084,7.830249,-60.071945,135.85568,0.035547704,20.490196,0,70,764.40656
7/12/2026 8:14,40391.98,44095.58,28.775278,24.75739,1.0198683,28.662127,7.0242133,92.02515,143.8348,7.850612,-61.28311,112.781525,0.036681272,20.602606,0,70,764.40656
7/12/2026 8:44,40547.93,44170.055,28.833189,24.662172,1.0198853,28.710537,7.0290565,92.29635,144.23608,7.8526917,-61.426163,115.590096,0.032130472,20.706593,0,70,764.40656
7/12/2026 9:14,40540.293,44124.47,28.801537,24.666817,1.0198506,28.680906,7.015638,92.17164,144.03235,7.850994,-61.335564,120.95928,0.0360536,20.747185,0,70,764.40656
7/12/2026 9:44,40631.645,44146.56,28.82063,24.611359,1.0198431,28.695263,7.0462885,92.72805,144.88327,7.8511014,-61.359406,119.72427,0.032812104,20.831453,0.009,70,764.40656
7/12/2026 10:14,40713.355,44103.78,28.794643,24.561964,1.0197859,28.667458,7.1958904,94.931946,148.29419,7.8619328,-62.02221,144.86313,0.033171978,20.975193,0,70,764.40656
7/12/2026 10:44,41159.426,44151.867,28.845943,24.29577,1.0196987,28.698713,7.281241,96.92452,151.29472,7.8586683,-61.93161,142.31204,0.028951384,21.451515,0.009,70,764.40656
7/12/2026 11:14,41955.113,44156.688,28.87907,23.834997,1.01947,28.701847,7.472029,101.180565,157.6989,7.836057,-60.801506,146.53683,0.025505448,22.389624,0.018,70,764.40656
7/12/2026 11:44,42477.684,44135.82,28.88229,23.541773,1.0192941,28.688282,7.531607,103.16524,160.6176,7.7897143,-58.20751,146.01707,0.026286418,23.03304,0.018,70,764.40656
7/12/2026 12:14,42515.035,43684.89,28.568378,23.521091,1.0188977,28.39518,7.371965,101.80684,158.3466,7.731121,-54.864883,137.25757,0.020952772,23.597937,0.027,70,764.40656
7/12/2026 12:44,41036.99,41752.363,27.176249,24.36826,1.0177034,27.139036,6.912426,95.54437,148.47144,7.5940223,-46.863556,148.26297,0.027476648,24.102943,0.036,70,764.40656
7/12/2026 13:14,38249.773,38513.66,24.85475,26.143946,1.0158007,25.03388,6.4007893,88.13231,136.81734,7.4235373,-36.86428,85.0153,0.03195677,24.641272,0.045,70,764.40656
7/12/2026 13:44,36154.97,36018.113,23.085,27.658716,1.0143094,23.411774,6.1825585,85.09824,131.96707,7.3102045,-30.21717,126.62411,0.029813528,25.198936,0.054,70,764.40656
7/12/2026 14:14,34647.13,34153.77,21.774054,28.862421,1.0131633,22.199951,6.1544747,84.90319,131.52081,7.2527924,-26.865005,105.09014,0.033208594,25.756292,0.063,70,764.40656
7/12/2026 14:44,33725.395,32874.88,20.881462,29.651247,1.0123183,21.368671,6.2681975,86.932045,134.50078,7.206361,-24.15657,131.38771,0.038152102,26.354515,0.072,70,764.40656
7/12/2026 15:14,33445.914,32305.373,20.48697,29.89902,1.0118756,20.998493,6.4258585,89.67976,138.6094,7.2128944,-24.585724,170.61234,0.036309842,26.84843,0.09,70,764.40656
7/12/2026 15:44,33290.504,31869.074,20.185705,30.038595,1.0115033,20.7149,6.5447106,91.94654,141.96513,7.1880984,-23.145676,184.13068,0.037881892,27.335194,0.099,70,764.40656
7/12/2026 16:14,32542.227,30872.432,19.493927,30.729305,1.010835,20.067081,6.6291003,93.559906,144.29886,7.195754,-23.641586,195.74165,0.040806025,27.831776,0.108,70,764.40656
7/12/2026 16:44,32493.824,30661.178,19.348679,30.77508,1.0106349,19.929766,6.834624,96.86977,149.3041,7.19114,-23.388863,163.01155,0.055128038,28.129366,0.117,70,764.40656
7/12/2026 17:14,31992.742,30021.998,18.906237,31.25709,1.0102097,19.5143,6.6961613,95.16692,146.57689,7.198065,-23.827553,163.53131,0.16821009,28.436823,0.126,70,764.40656
7/12/2026 17:44,30772.047,28805.549,18.065062,32.497025,1.0095398,18.723606,6.3364105,89.84268,138.33264,7.2056017,-24.290085,159.56403,0.038772013,28.574247,0.135,70,764.40656
7/12/2026 18:14,42861.363,43780.652,28.645658,23.331036,1.0188696,28.457426,8.812363,122.40204,190.2767,7.9806223,-69.64207,146.30318,0.47984874,23.900648,0.045,70,764.40656
7/12/2026 18:44,42409.746,44120.992,28.869713,23.579485,1.0193026,28.678646,8.5944,117.58155,183.0823,7.9719305,-68.912506,134.00078,0.6315198,22.969357,0.018,70,764.40656
7/12/2026 19:14,42210.504,44072.758,28.82946,23.690786,1.0193226,28.647293,8.479574,115.60968,180.0677,7.973866,-68.98403,126.62411,0.49104083,22.787745,0.009,70,764.40656
7/12/2026 19:44,42087.49,44065.473,28.820213,23.76003,1.0193539,28.642557,8.326246,113.23473,176.40967,7.969787,-68.712234,123.119354,0.38686675,22.649878,0.036,70,764.40656
7/12/2026 20:14,42031.215,44090.734,28.835863,23.791842,1.0193921,28.658978,8.402728,114.09067,177.77159,7.9730873,-68.883896,123.89183,0.4538061,22.5544,0.009,70,764.40656
7/12/2026 20:44,41955.582,44153.938,28.87718,23.83473,1.0194676,28.70006,8.18154,110.794235,172.68156,7.9574,-67.92545,128.6745,0.63712764,22.393272,0.018,70,764.40656
7/12/2026 21:14,41781.367,44099.258,28.832977,23.934114,1.019474,28.664516,7.861182,106.15205,165.48605,7.942202,-67.00039,110.16369,0.5572864,22.248127,0.018,70,764.40656
7/12/2026 21:44,41659.066,44130.234,28.850027,24.00438,1.0195359,28.684652,7.7206006,103.927734,162.0662,7.9298873,-66.23745,116.0717,0.4067905,22.068209,0.018,70,764.40656
7/12/2026 22:14,41573.902,44108.598,28.83188,24.05355,1.019543,28.67059,7.6050577,102.21997,159.423,7.917574,-65.49835,125.26989,0.5385145,21.991367,0.009,70,764.40656
7/12/2026 22:44,41621.44,44145.605,28.8593,24.026077,1.0195597,28.694643,7.4086137,99.622475,155.36815,7.895963,-64.23473,106.18687,0.7468731,22.00638,0.018,70,764.40656
7/12/2026 23:14,41609.77,44124.45,28.844202,24.032818,1.0195456,28.680891,7.026766,94.49621,147.37102,7.8539596,-61.774254,143.89514,0.4733064,22.016197,0.018,70,764.40656
7/12/2026 23:44,41628.27,44108.234,28.833641,24.022137,1.0195267,28.670353,6.478447,87.17983,135.95192,7.776317,-57.229996,143.5566,0.047512624,22.056307,0.018,70,764.40656
7/13/2026 0:14,41655.23,44121.64,28.843927,24.00659,1.0195298,28.679066,5.7765636,77.763,121.263596,7.653717,-50.04406,148.35834,0.038433984,22.073288,0.018,70,764.40656
7/13/2026 0:44,41613.76,43995.31,28.754782,24.030512,1.0194371,28.59695,5.200156,70.083824,109.272156,7.5220017,-42.333603,144.47212,0.03843455,22.165873,0.018,70,764.40656
7/13/2026 1:14,40585.023,42668.145,27.79873,24.639631,1.0186378,27.734295,4.934198,66.46212,103.57775,7.42484,-36.668777,124.84074,0.037420858,22.443903,0.018,70,764.40656
7/13/2026 1:44,38347.188,40009.496,25.89012,26.077532,1.017091,26.006172,4.450585,59.694725,92.97158,7.289556,-28.762817,134.41086,0.0395247,22.82472,0.018,70,764.40656
7/13/2026 2:14,36607.17,38037.293,24.483227,27.31705,1.0159725,24.724241,4.135844,55.228172,85.98479,7.20962,-24.080276,146.33179,0.073181115,23.031527,0.027,70,764.40656
7/13/2026 2:44,35855.04,37305.92,23.960949,27.890083,1.015597,24.248848,3.886168,51.675,80.46218,7.1655293,-21.481514,141.5491,0.098104484,22.963795,0.027,70,764.40656
7/13/2026 3:14,35351.523,36858.074,23.640606,28.287325,1.0153836,23.957748,3.6666062,48.574474,75.64783,7.1350017,-19.67907,140.95782,0.119637445,22.859978,0.018,70,764.40656
7/13/2026 3:44,35070.176,36651.168,23.491344,28.514257,1.0153028,23.82326,3.5205798,46.50035,72.43221,7.112418,-18.343925,150.25139,0.08568258,22.741562,0.027,70,764.40656
7/13/2026 4:14,34646.39,36293.324,23.23533,28.863035,1.0151412,23.590662,3.3120246,43.58843,67.90982,7.0988255,-17.53807,155.08176,0.0430128,22.624166,0.018,70,764.40656
7/13/2026 4:44,34257.613,35987.234,23.015825,29.190592,1.0150132,23.391703,3.1196742,40.900635,63.737293,7.0774484,-16.274452,157.56607,0.18689209,22.48366,0.018,70,764.40656
7/13/2026 5:14,33738.516,35551.312,22.704674,29.639715,1.0148191,23.108353,2.9636858,38.6776,60.288395,7.058418,-15.1491165,161.2425,0.24352594,22.330313,0.018,70,764.40656
7/13/2026 5:44,33534.93,35442.684,22.624899,29.819654,1.014798,23.037745,2.8596282,37.20164,58.001915,7.0354624,-13.794899,134.73987,0.26902348,22.181862,0.009,70,764.40656
7/13/2026 6:14,32616.426,34598.06,22.02644,30.659399,1.0143936,22.488737,2.6859782,34.70655,54.12772,7.0288553,-13.399124,152.30655,0.18216446,22.001263,0.009,70,764.40656
7/13/2026 6:44,31845.684,33870.258,21.513018,31.40143,1.0140398,22.015667,2.5457296,32.717648,51.036655,6.9874196,-10.972023,101.38512,0.22717053,21.870451,0.009,70,764.40656
7/13/2026 7:14,38388.72,41468.49,26.892365,26.04932,1.0183072,26.954517,6.238439,81.591385,127.42798,7.5817766,-45.67623,139.60838,0.11146698,21.111635,0.009,70,764.40656
7/13/2026 7:44,40801.402,44022.76,28.742481,24.50896,1.0196952,28.614796,6.716437,88.89356,138.82008,7.7914133,-57.940483,131.71674,0.03595604,21.168856,0.009,70,764.40656
7/13/2026 8:14,40917.133,44066.547,28.777363,24.43964,1.019698,28.643255,6.856739,90.916885,141.96008,7.817614,-59.490204,110.18753,0.06732078,21.258142,0.009,70,764.40656
7/13/2026 8:44,41115.93,44147.406,28.841135,24.321474,1.0197076,28.695814,7.062932,93.93626,146.64095,7.8396015,-60.806274,138.41153,0.035903737,21.404861,0.009,70,764.40656
7/13/2026 9:14,41190.023,44114.156,28.821087,24.277723,1.019659,28.674202,7.232029,96.39193,150.44485,7.8610764,-62.088966,111.198425,0.03342881,21.529552,0.009,70,764.40656
7/13/2026 9:44,41262.516,44145.824,28.845812,24.235071,1.0196642,28.694786,7.267197,96.9641,151.32564,7.862115,-62.160492,120.96405,0.036290832,21.580456,0.009,70,764.40656
7/13/2026 10:14,41313.312,44115.29,28.826664,24.205273,1.0196244,28.674938,7.2151527,96.42316,150.4589,7.8603916,-62.07943,126.953125,0.037265398,21.674618,0.009,70,764.40656
7/13/2026 10:44,41373.2,44182.15,28.875223,24.170237,1.0196621,28.718395,7.188427,96.08764,149.93611,7.8616247,-62.150955,129.28009,0.035683643,21.671385,0,70,764.40656
7/13/2026 11:14,41461.543,44118.152,28.8343,24.118736,1.0195837,28.6768,7.279355,97.589676,152.23697,7.8616424,-62.189102,144.1431,0.036324188,21.84734,0.009,70,764.40656
7/13/2026 11:44,42073.77,44170.64,28.892937,23.767778,1.0194463,28.710917,7.4526277,101.151695,157.6211,7.859247,-62.189102,143.69011,0.03358789,22.514551,0.018,70,764.40656
7/13/2026 12:14,43090.285,44181.645,28.93349,23.207087,1.0191425,28.71807,7.7113357,106.922005,166.27039,7.8403573,-61.326027,149.69826,0.027622998,23.706718,0.027,70,764.40656
7/13/2026 12:44,43750.223,44181.54,28.95218,22.857027,1.0189308,28.718,7.7361836,108.75342,168.87773,7.799474,-59.070587,151.0334,0.03208733,24.48888,0.045,70,764.40656
7/13/2026 13:14,43672.195,43719.582,28.624622,22.897863,1.0185506,28.417728,7.4402156,105.22195,163.25423,7.736423,-55.42755,151.30997,0.024728289,24.94325,0.036,70,764.40656
7/13/2026 13:44,41982.418,41857.797,27.273932,23.819494,1.017471,27.207567,6.95319,97.93986,151.89398,7.598463,-47.29271,149.09268,0.030359408,25.155876,0.054,70,764.40656
7/13/2026 14:14,39073.363,38774.824,25.054476,25.592882,1.0157294,25.203636,6.4336114,89.86833,139.30911,7.427897,-37.21714,157.92847,0.03522244,25.4031,0.054,70,764.40656
7/13/2026 14:44,36900.83,36537.207,23.458189,27.099663,1.0144957,23.749186,6.137586,85.13395,131.93962,7.324444,-31.094551,131.8407,0.121779725,25.52105,0.063,70,764.40656
7/13/2026 15:14,35610.2,34989.1,22.365662,28.081842,1.0135561,22.742918,6.098385,84.66497,131.10637,7.2758083,-28.247833,167.16957,0.06713236,25.929384,0.063,70,764.40656
7/13/2026 15:44,34724.734,33824.42,21.54904,28.797916,1.0128065,21.985874,6.2182565,86.622986,134.01184,7.2417316,-26.26419,156.8222,0.090803675,26.393574,0.081,70,764.40656
7/13/2026 16:14,34080.004,32907.812,20.909279,29.34272,1.0121866,21.39008,6.3901596,89.4185,138.20076,7.2333565,-25.806427,174.74174,0.35701272,26.864948,0.081,70,764.40656
7/13/2026 16:44,33994.617,32580.059,20.682842,29.416422,1.0118937,21.177038,6.508829,91.60034,141.44955,7.2294116,-25.606155,148.75412,0.49099225,27.273188,0.09,70,764.40656
7/13/2026 17:14,33514.6,31969.953,20.257652,29.837742,1.011498,20.78047,6.519824,91.93761,141.89131,7.235433,-25.987625,180.55916,0.56120807,27.529613,0.099,70,764.40656
7/13/2026 17:44,33357.445,31680.857,20.057276,29.978315,1.0112745,20.592558,6.525303,92.28924,142.35835,7.201179,-23.961067,171.07964,0.7312047,27.770744,0.108,70,764.40656
7/13/2026 18:14,32663.879,30882.146,19.50183,30.614857,1.010783,20.073395,6.6535983,94.21107,145.24185,7.2383904,-26.20697,168.70023,0.88798255,28.020655,0.108,70,764.40656
7/13/2026 18:44,31175.45,29742.695,18.707554,32.076523,1.0103424,19.332752,5.2183366,72.94093,112.57475,7.150092,-20.890236,124.43066,0.21946752,27.522074,0.108,70,764.40656
7/13/2026 19:14,42736.65,43613.93,28.525208,23.39912,1.0187656,28.349054,7.8909097,109.616234,170.38669,7.951915,-67.95883,129.28963,0.8062642,23.946875,0.036,70,764.40656
7/13/2026 19:44,42904.918,44151.36,28.906658,23.307352,1.0191747,28.698383,8.2780905,114.390335,177.94241,7.9802675,-69.532394,114.16435,0.8809814,23.521933,0.036,70,764.40656
7/13/2026 20:14,42676.195,44119.13,28.877,23.432266,1.0192187,28.677435,8.204623,112.888306,175.67801,7.970105,-68.87913,129.70447,0.7576816,23.287678,0.027,70,764.40656
7/13/2026 20:44,42622.707,44168.254,28.909628,23.461672,1.0192771,28.709364,7.9991617,109.84929,170.98422,7.961666,-68.35461,109.86805,1.0851027,23.167948,0.027,70,764.40656
7/13/2026 21:14,42496.863,44139.184,28.885262,23.531149,1.0192912,28.69047,7.886127,108.05947,168.23196,7.953044,-67.82055,117.32578,0.9472863,23.05195,0.027,70,764.40656
7/13/2026 21:44,42389.535,44161.855,28.89755,23.590729,1.0193433,28.705206,7.788391,106.43807,165.75113,7.941639,-67.11483,121.93203,0.94557714,22.898829,0.027,70,764.40656
7/13/2026 22:14,41970.176,44139.105,28.867384,23.826443,1.0194508,28.69042,7.6576786,103.75727,161.70476,7.931439,-66.40911,125.370026,1.0640378,22.427301,0.018,70,764.40656
7/13/2026 22:44,41700.973,44174.973,28.882605,23.980255,1.0195606,28.713732,7.547446,101.61535,158.46033,7.9146824,-65.345764,124.06826,0.8604469,22.067823,0.018,70,764.40656
7/13/2026 23:14,41547.53,44131.363,28.846684,24.068819,1.0195696,28.685387,7.4214096,99.65815,155.44188,7.901518,-64.54468,114.99882,0.80388665,21.934624,0.018,70,764.40656
7/13/2026 23:44,41641.31,44168.17,28.875689,24.014616,1.0195725,28.709312,7.231536,97.247635,151.66481,7.8804345,-63.323975,130.8918,0.84777385,22.004707,0.009,70,764.40656
7/14/2026 0:14,41688.215,44137.227,28.855947,23.987595,1.019533,28.689198,6.8193026,91.84247,143.21404,7.839368,-60.93502,140.99121,0.69122094,22.094955,0.009,70,764.40656
7/14/2026 0:44,41918.88,44214.902,28.91824,23.8556,1.0195295,28.739687,6.116901,82.68852,128.90048,7.7459145,-55.48954,149.54567,0.31220126,22.281218,0.018,70,764.40656
7/14/2026 1:14,41977.684,44181.195,28.896904,23.822182,1.0194838,28.717777,5.409006,73.25109,114.16847,7.626325,-48.48957,150.11787,0.05787151,22.388775,0.009,70,764.40656
7/14/2026 1:44,41902.996,44004.277,28.771278,23.864641,1.0193584,28.602781,4.8600597,65.90006,102.69223,7.498207,-40.984154,140.85294,0.10356674,22.499907,0.018,70,764.40656
7/14/2026 2:14,40622.094,42456.36,27.653276,24.617146,1.018447,27.596634,4.547049,61.518696,95.826416,7.400447,-35.271645,132.37476,0.09104196,22.738031,0.018,70,764.40656
7/14/2026 2:44,38479.617,40009.98,25.894543,25.987785,1.017047,26.006487,4.064138,54.68155,85.1387,7.2734637,-27.832985,133.96263,0.11930187,22.997408,0.027,70,764.40656
7/14/2026 3:14,36956.516,38354.51,24.710894,27.058828,1.0161278,24.930433,3.7788699,50.582138,78.743225,7.209213,-24.061203,149.19757,0.20434034,23.091658,0.018,70,764.40656
7/14/2026 3:44,36242.89,37657.63,24.212683,27.591618,1.015768,24.477459,3.5765424,47.686302,74.24264,7.1572576,-20.999908,117.907524,0.066068426,23.03307,0.027,70,764.40656
7/14/2026 4:14,35922.992,37379.426,24.013147,27.837324,1.0156373,24.296627,3.3889508,45.073883,70.184166,7.1436443,-20.194054,162.61101,0.124843,22.960024,0.027,70,764.40656
7/14/2026 4:44,35629.64,37137.883,23.839615,28.066519,1.0155299,24.139624,3.2353024,42.920605,66.841156,7.1246867,-19.073486,142.37404,0.11853108,22.87372,0.018,70,764.40656
7/14/2026 5:14,35298.703,36855.977,23.637613,28.329653,1.0154008,23.956387,3.0568862,40.44372,62.993046,7.093631,-17.242432,159.56403,0.09402724,22.787806,0.018,70,764.40656
7/14/2026 5:44,34934.977,36562.44,23.42693,28.624607,1.0152736,23.765587,2.890049,38.10843,59.367577,7.0792217,-16.388893,173.6927,0.16773489,22.669535,0.018,70,764.40656
7/14/2026 6:14,34515.926,36194.04,23.16397,28.972134,1.0151013,23.526127,2.8050895,36.86714,57.44319,7.0658374,-15.597343,142.52185,0.4712944,22.572548,0.027,70,764.40656
7/14/2026 6:44,34169.438,35876.336,22.937952,29.265919,1.0149477,23.319618,2.8050053,36.775467,57.30643,7.0594797,-15.220642,147.74323,0.47249386,22.509045,0.018,70,764.40656
7/14/2026 7:14,33612.605,35343.59,22.56031,29.750744,1.0146822,22.973333,2.7129757,35.443977,55.23834,7.0540214,-14.896393,160.8801,0.1534125,22.435816,0,70,764.40656
7/14/2026 7:44,33345.69,35064.44,22.3635,29.988882,1.0145341,22.791887,2.7232907,35.53677,55.38315,7.041597,-14.166832,137.46262,0.04039915,22.43367,0.018,70,764.40656
7/14/2026 8:14,38880.137,41025.77,26.60689,25.720074,1.0177858,26.666752,6.620486,88.2712,137.60754,7.6025443,-47.073364,147.55249,0.2239353,22.261799,0.018,69,764.40656
7/14/2026 8:44,41475.426,44041.453,28.781689,24.110662,1.0195162,28.626945,7.211105,96.823494,151.01688,7.829304,-60.315132,143.97621,0.43807057,21.949535,0,69,764.40656
7/14/2026 9:14,41501.52,44058.293,28.794334,24.095503,1.0195227,28.63789,7.166834,96.257126,150.13052,7.8367457,-60.753822,113.043785,0.5334249,21.961695,0.009,69,764.40656
7/14/2026 9:44,41593.137,44129.723,28.84724,24.042429,1.0195549,28.68432,7.0613933,94.91972,148.03769,7.8287544,-60.29129,130.34344,0.3919504,21.990564,0.009,69,764.40656
7/14/2026 10:14,41658.44,44098.633,28.828089,24.004738,1.0195098,28.66411,7.223556,97.28513,151.69907,7.852918,-61.73134,121.13094,0.4335969,22.102886,0.018,69,764.40656
7/14/2026 10:44,41791.797,44155.41,28.872343,23.92814,1.0195175,28.701017,7.280303,98.24135,153.16641,7.86136,-62.246323,126.32847,0.4524188,22.19741,0.009,69,764.40656
7/14/2026 11:14,41816.08,44115.887,28.845766,23.914246,1.0194775,28.675327,7.3007355,98.63134,153.75594,7.8658104,-62.52289,123.71063,0.44088832,22.270624,0.018,69,764.40656
7/14/2026 11:44,41908.883,44178.156,28.892351,23.86129,1.0195018,28.715801,7.352346,99.42684,154.98578,7.8681846,-62.670708,128.8414,0.43296525,22.310658,0.009,69,764.40656
7/14/2026 12:14,42058.418,44130.63,28.86456,23.776453,1.0194173,28.68491,7.309075,99.234955,154.62733,7.863535,-62.446594,150.98572,0.39737463,22.541553,0.027,69,764.40656
7/14/2026 12:44,42675.582,44194.293,28.929514,23.432604,1.0192828,28.72629,7.347152,100.96578,157.14777,7.8529882,-61.96499,148.96393,0.27697632,23.200817,0.018,69,764.40656
7/14/2026 13:14,43537.566,44206.62,28.963984,22.96867,1.0190215,28.734304,7.4207635,103.8169,161.29576,7.8199563,-60.224533,153.01227,0.035251226,24.207605,0.036,69,764.40656
7/14/2026 13:44,43957.383,44207.176,28.975758,22.749308,1.0188856,28.734665,7.3209395,103.31473,160.36769,7.7744913,-57.635307,157.29428,0.036688544,24.704163,0.045,69,764.40656
7/14/2026 14:14,43802.965,43714.977,28.624622,22.829504,1.0185027,28.414736,7.124365,101.03716,156.71281,7.717965,-54.364204,158.90598,0.03569894,25.10538,0.054,69,764.40656
7/14/2026 14:44,41823.457,41431.625,26.971148,23.910027,1.0171427,26.930555,6.754073,95.528725,148.05685,7.5809975,-46.310425,155.13898,0.15466055,25.495148,0.063,69,764.40656
7/14/2026 15:14,39035.457,38418.88,24.805882,25.617735,1.0154133,24.972271,6.5421233,91.9465,142.4075,7.4547606,-38.866997,149.3454,0.17114413,25.84025,0.054,69,764.40656
7/14/2026 15:44,37192.15,36398.82,23.367855,26.887396,1.0142447,23.659233,6.4149756,89.89344,139.14331,7.3706026,-33.903122,141.3107,0.40893778,26.14112,0.072,69,764.40656
7/14/2026 16:14,35962.945,35044.785,22.410091,27.806398,1.013458,22.77911,6.3860006,89.35873,138.25044,7.329127,-31.461716,177.10208,0.53482974,26.371706,0.072,69,764.40656
7/14/2026 16:44,35112.684,34039.504,21.703117,28.479736,1.012845,22.125677,6.429357,90.03819,139.22118,7.3014894,-29.845238,173.0585,0.5719992,26.650654,0.081,69,764.40656
7/14/2026 17:14,34741.6,33509.7,21.332659,28.783936,1.0124854,21.781303,6.4394045,90.4147,139.72276,7.282391,-28.734207,175.6382,0.73155195,26.924744,0.09,69,764.40656
7/14/2026 17:44,34312.91,32943.816,20.937202,29.143549,1.0121136,21.41348,6.51341,91.64331,141.54558,7.269838,-28.009415,171.02242,0.8522295,27.175833,0.099,69,764.40656
7/14/2026 18:14,33729.926,32276.4,20.470795,29.647264,1.0117096,20.979662,6.577255,92.58691,142.94687,7.2772226,-28.467178,198.54068,0.9676028,27.357784,0.09,69,764.40656
7/14/2026 18:44,33190.52,31710.23,20.07553,30.129086,1.011388,20.611649,6.525161,91.78556,141.68309,7.279482,-28.61023,177.48355,1.164719,27.444073,0.099,69,764.40656
7/14/2026 19:14,32481.488,31006.475,19.585047,30.786766,1.0110072,20.154207,6.3959613,89.792946,138.59314,7.3045607,-30.112267,197.9351,1.2333246,27.490637,0.099,69,764.40656
7/14/2026 19:44,29495.547,28364.914,17.753666,33.903423,1.0097609,18.437195,5.6385674,77.81277,120.20682,7.204411,-24.09935,142.45511,1.191609,27.086924,0.09,69,764.40656
7/14/2026 20:14,41878.73,43008.758,28.07686,23.87847,1.0185193,27.955692,7.0008035,96.45309,150.01253,7.8285933,-60.61554,148.6969,0.54145753,23.624378,0.045,69,764.40656
7/14/2026 20:44,42516.938,44116.234,28.869888,23.520039,1.0192655,28.675552,7.408263,101.59248,158.15022,7.8847804,-63.815117,149.67918,0.936438,23.101995,0.027,69,764.40656
7/14/2026 21:14,42368.47,44113.97,28.863453,23.602457,1.0193092,28.67408,7.6190896,104.158646,162.19333,7.907795,-65.13119,131.42586,1.1222302,22.92838,0.018,69,764.40656
7/14/2026 21:44,42354.277,44159.19,28.894522,23.610367,1.0193517,28.703474,7.4718456,102.040016,158.91278,7.895561,-64.39686,133.12817,1.0130142,22.860058,0.018,69,764.40656
7/14/2026 22:14,42322.074,44112.027,28.860561,23.628332,1.0193218,28.672817,7.2392673,98.87146,153.97412,7.878311,-63.385963,135.80798,0.97741854,22.875526,0.018,69,764.40656
7/14/2026 22:44,42213.582,44152.387,28.885042,23.689058,1.0193887,28.699053,7.2777815,99.103264,154.38078,7.8804893,-63.476562,139.30798,0.7171016,22.700962,0.018,69,764.40656
7/14/2026 23:14,42043.37,44111.86,28.850988,23.784962,1.0194061,28.672709,7.2285447,98.13972,152.91986,7.8794355,-63.381195,129.25626,0.87715405,22.544924,0.018,69,764.40656
7/14/2026 23:44,41960.527,44148.945,28.87388,23.831923,1.0194619,28.696814,7.165865,97.05813,151.26987,7.8706064,-62.832832,123.877525,0.94709855,22.404764,0.018,69,764.40656
7/15/2026 0:14,41831.44,44129.38,28.85569,23.905464,1.019484,28.684097,7.0154552,94.787895,147.76364,7.8581605,-62.07466,146.81816,0.856885,22.273676,0.018,69,764.40656
7/15/2026 0:44,41933.01,44175.414,28.891308,23.847559,1.0194924,28.71402,6.8100348,92.14483,143.6271,7.836873,-60.839653,136.4708,0.75150484,22.342337,0.018,69,764.40656
7/15/2026 1:14,42007.11,44149.63,28.875992,23.805494,1.0194486,28.69726,6.274745,85.072174,132.5772,7.764186,-56.595802,159.52588,0.4192801,22.459236,0.018,69,764.40656
7/15/2026 1:44,42114.16,44187.934,28.906372,23.744982,1.0194485,28.722158,5.5137095,74.87932,116.676254,7.647247,-49.743652,155.41553,0.1257781,22.542892,0.018,69,764.40656
7/15/2026 2:14,42150.15,44144.445,28.877346,23.724709,1.0194012,28.69389,4.817619,65.522285,102.080505,7.512985,-41.87107,156.62671,0.056635622,22.634733,0.018,69,764.40656
7/15/2026 2:44,41806.88,43664.035,28.531332,23.919508,1.0191011,28.381622,4.5429373,61.81511,96.2824,7.4303107,-37.031174,149.29771,0.062437177,22.77315,0.018,69,764.40656
7/15/2026 3:14,39925.023,41505.79,26.972399,25.046947,1.0178585,26.978764,4.131751,55.947178,87.10801,7.3211136,-30.636787,143.63289,0.057689175,23.005999,0.027,69,764.40656
7/15/2026 3:44,37129.996,38411.76,24.755217,26.932402,1.0161169,24.967646,3.7101243,49.81806,77.53211,7.2063174,-23.903847,138.02528,0.2670049,23.252928,0.027,69,764.40656
7/15/2026 4:14,35890.332,37088.336,23.813244,27.862658,1.0153912,24.10742,3.433014,45.893307,71.41702,7.155144,-20.895004,116.882324,0.22111648,23.308828,0.027,69,764.40656
7/15/2026 4:44,35316.035,36512.27,23.40374,28.31575,1.0150892,23.732975,3.1895492,42.51973,66.17001,7.1220503,-18.94474,135.4599,0.100949176,23.284683,0.027,69,764.40656
7/15/2026 5:14,34832.58,36051.316,23.076061,28.708755,1.014857,23.433357,2.946542,39.167706,60.959305,7.104209,-17.89093,129.88568,0.089365765,23.230072,0.027,69,764.40656
7/15/2026 5:44,34760.258,36013.547,23.048334,28.768486,1.0148504,23.408806,2.8579454,37.94848,59.06708,7.078176,-16.355515,152.43054,0.10243373,23.177986,0.027,69,764.40656
7/15/2026 6:14,34339.457,35612.832,22.763996,29.12102,1.0146496,23.14834,2.7004678,35.766563,55.67574,7.074658,-16.145706,123.82984,0.09762714,23.12795,0.027,69,764.40656
7/15/2026 6:44,34018.79,35292.56,22.537493,29.39552,1.0144838,22.940163,2.624367,34.7023,54.0207,7.0606556,-15.320778,149.23096,0.14512438,23.11038,0.027,69,764.40656
7/15/2026 7:14,33882.6,35154.14,22.439762,29.513672,1.0144112,22.850193,2.6882572,35.52441,55.300858,7.0690866,-15.816689,166.62122,0.088756144,23.10626,0.027,69,764.40656
7/15/2026 7:44,33559.33,34747.27,22.154871,29.797974,1.0141683,22.585726,2.8020065,37.035835,57.643353,7.0537634,-14.920235,154.52863,0.09961403,23.21005,0.027,69,764.40656
7/15/2026 8:14,33286.4,34387.395,21.903572,30.042301,1.0139481,22.351807,2.937094,38.844406,60.446297,7.054719,-14.9822235,177.2356,0.040250037,23.323694,0.027,69,764.40656
7/15/2026 8:44,32583.785,33499.723,21.284266,30.690111,1.0134151,21.77482,2.951851,39.0719,60.774155,7.0689917,-15.835762,148.8781,0.08316367,23.568502,0.036,69,764.40656
7/15/2026 9:14,41106.113,42205.688,27.494144,24.327282,1.0180762,27.433697,7.20116,98.901825,153.81784,7.748878,-55.918694,152.30655,0.04027288,23.63598,0.036,69,764.40656
7/15/2026 9:44,42256.81,44152.78,28.886784,23.664825,1.0193759,28.699308,7.278886,99.20904,154.5323,7.845661,-61.440468,122.76173,0.07892908,22.751772,0.027,69,764.40656
7/15/2026 10:14,42221.254,44135.81,28.87375,23.684753,1.0193725,28.688276,7.195289,98.02215,152.68947,7.848014,-61.573982,131.37817,0.0778963,22.728863,0.018,69,764.40656
7/15/2026 10:44,42264.246,44201.25,28.920805,23.660662,1.0194145,28.730812,7.3686233,100.36925,156.35167,7.8666778,-62.66594,135.39314,0.12600717,22.705635,0.027,69,764.40656
7/15/2026 11:14,42281.207,44147.973,28.884253,23.651169,1.0193645,28.696182,7.3998847,100.918594,157.18605,7.873202,-63.066483,131.88362,0.18298943,22.786165,0.018,69,764.40656
7/15/2026 11:44,42309.875,44172.29,28.902172,23.635145,1.0193764,28.711988,7.3148727,99.780876,155.4123,7.8676624,-62.742233,147.44281,0.2431313,22.792538,0.018,69,764.40656
7/15/2026 12:14,42293.89,44137.246,28.877203,23.644077,1.0193516,28.68921,7.3981442,100.93954,157.21138,7.878294,-63.37166,139.83727,0.29933423,22.813393,0.018,69,764.40656
7/15/2026 12:44,42382.37,44191.598,28.918064,23.594715,1.0193706,28.724539,7.4101033,101.20419,157.61203,7.877732,-63.347816,152.01569,0.4077952,22.856518,0.018,69,764.40656
7/15/2026 13:14,42400.09,44047.01,28.81778,23.584856,1.0192429,28.630558,7.388563,101.18495,157.53198,7.871706,-63.033104,159.72137,0.24172238,23.042404,0.018,69,764.40656
7/15/2026 13:44,43078.645,44206.332,28.950447,23.213358,1.0191673,28.734118,7.363656,102.035286,158.68318,7.8549833,-62.179565,157.26566,0.18356162,23.664415,0.027,69,764.40656
7/15/2026 14:14,43912.855,44244.875,29.001156,22.772375,1.0189332,28.759169,7.261405,102.31731,158.84839,7.803753,-59.347153,163.8794,0.038849227,24.607111,0.036,69,764.40656
7/15/2026 14:44,44372.266,44237.965,29.008024,22.5366,1.0187755,28.754677,7.0291905,99.9975,155.08423,7.7454033,-55.999756,167.82285,0.03722488,25.158945,0.054,69,764.40656
7/15/2026 15:14,44049.215,43547.145,28.511868,22.70188,1.0182692,28.305643,6.668339,95.321625,147.70432,7.6694264,-51.574707,148.19145,0.03945417,25.603632,0.054,69,764.40656
7/15/2026 15:44,41828.562,41057.543,26.70841,23.907108,1.0167992,26.687403,6.0986342,86.85394,134.48152,7.5122304,-42.300224,126.74332,0.1322697,25.983194,0.063,69,764.40656
7/15/2026 16:14,38948.535,38089.18,24.57447,25.674906,1.0151378,24.757969,5.583432,78.83027,122.009,7.3784657,-34.37519,124.959946,0.305731,26.181236,0.072,69,764.40656
7/15/2026 16:44,37024.695,36222.79,23.242935,27.009,1.0141459,23.544813,5.2368307,73.35505,113.539894,7.30135,-29.788017,138.85022,0.7174639,26.159063,0.072,69,764.40656
7/15/2026 17:14,35872.145,35134.953,22.470804,27.876783,1.0135849,22.837719,4.973874,69.29616,107.270676,7.252516,-26.87931,144.16695,0.8705678,26.098518,0.072,69,764.40656
7/15/2026 17:44,34721.92,34070.17,21.71794,28.80025,1.0130492,22.145613,4.7158356,65.31289,101.124374,7.199457,-23.71788,131.25897,0.90499556,26.001553,0.063,69,764.40656
7/15/2026 18:14,33740.914,33214.125,21.114084,29.637608,1.0126468,21.58918,4.4191647,60.81487,94.19242,7.1917367,-23.245811,158.41006,1.1163975,25.83039,0.072,69,764.40656
7/15/2026 18:44,33406.617,33025.863,20.9795,29.934189,1.012612,21.466812,4.0746284,55.810196,86.47993,7.1635075,-21.55304,173.87866,1.1302189,25.60361,0.063,69,764.40656
7/15/2026 19:14,32563.523,32301.006,20.470013,30.709208,1.0122815,20.995653,3.9600778,53.916897,83.57544,7.161071,-21.395683,112.00428,1.1584798,25.425508,0.054,69,764.40656
7/15/2026 19:44,31920.617,31839.715,20.144625,31.327715,1.0121212,20.695816,4.0113673,54.23573,84.117386,7.151445,-20.804405,147.73846,1.050995,25.133032,0.054,69,764.40656
7/15/2026 20:14,31445.078,31447.201,19.86953,31.80148,1.0119537,20.440681,3.7650676,50.704052,78.660484,7.1427484,-20.279884,203.19939,1.0555608,24.996466,0.054,69,764.40656
7/15/2026 20:44,30349.648,30519.264,19.221539,32.94931,1.0115485,19.837523,2.6902668,35.913544,55.74539,7.0984282,-17.638206,175.55237,0.72672594,24.709023,0.054,69,764.40656
7/15/2026 21:14,41265.008,44024.535,28.762035,24.233608,1.0195637,28.615948,6.4717655,86.52422,135.00316,7.78053,-57.411194,167.14096,0.2067739,21.718243,0.009,69,764.40656
7/15/2026 21:44,41508.395,44312.035,28.970325,24.091513,1.01973,28.802824,6.6625195,89.133255,139.08089,7.8167844,-59.52835,143.83792,0.040587824,21.687414,0.009,69,764.40656
7/15/2026 22:14,41488.676,44283.06,28.949514,24.102962,1.0197117,28.783987,6.684736,89.43368,139.5477,7.8247333,-59.99565,154.36172,0.13343056,21.69619,0.009,69,764.40656
7/15/2026 22:44,41554.383,44339.383,28.99103,24.06485,1.019739,28.820599,6.7198997,89.950806,140.35117,7.828344,-60.210228,150.94757,0.070222385,21.711466,0,69,764.40656
7/15/2026 23:14,41514.395,44294.52,28.958431,24.08803,1.0197138,28.79144,6.735056,90.14052,140.64662,7.8328133,-60.47249,135.3693,0.117952906,21.7139,0.009,69,764.40656
7/15/2026 23:44,41482.71,44306.24,28.965322,24.106428,1.0197325,28.799057,6.3855085,85.38768,133.24149,7.8010693,-58.603287,144.4769,0.038995735,21.663479,0.009,69,764.40656
7/16/2026 0:14,41445.234,44263.46,28.934273,24.128227,1.0197082,28.77125,6.5139527,87.09433,135.90393,7.815309,-59.43775,145.27321,0.039671745,21.666525,0,69,764.40656
7/16/2026 0:44,41511.133,44326.88,28.980705,24.089924,1.0197413,28.812471,6.540167,87.480774,136.50528,7.8154454,-59.44729,146.15059,0.040432904,21.674223,0.009,69,764.40656
7/16/2026 1:14,41440.562,44278.184,28.944271,24.130947,1.0197216,28.780819,6.5142336,87.06883,135.86887,7.81172,-59.223175,154.30927,0.041085485,21.644703,0.009,69,764.40656
7/16/2026 1:44,41483.113,44326.117,28.979095,24.106195,1.0197488,28.811975,6.287061,84.04534,131.15134,7.7838783,-57.592392,154.00409,0.07566171,21.64197,0.009,69,764.40656
7/16/2026 2:14,41414.18,44285.254,28.948141,24.146318,1.019735,28.785416,5.853271,78.18092,122.00706,7.7276387,-54.29268,167.58919,0.03492404,21.605688,0.009,69,764.40656
7/16/2026 2:44,41439.14,44344.37,28.990007,24.131775,1.0197765,28.823841,5.1883564,69.27177,108.109825,7.620882,-48.036575,163.7125,0.029127639,21.569883,0.009,69,764.40656
7/16/2026 3:14,41393.383,44300.53,28.957903,24.158451,1.0197536,28.795345,4.5723996,61.030212,95.24838,7.49578,-40.712357,146.67987,0.031085616,21.564222,0.009,69,764.40656
7/16/2026 3:44,41124.066,43969.848,28.718796,24.316662,1.0195596,28.580402,4.371708,58.319965,91.01174,7.416016,-36.04889,133.65268,0.029757932,21.611458,0.009,69,764.40656
7/16/2026 4:14,39534.785,42135.066,27.393393,25.29418,1.0185133,27.387794,4.0270486,53.460567,83.4074,7.320856,-30.493736,146.74187,0.033587854,21.76895,0.009,69,764.40656
7/16/2026 4:44,37283.227,39564.66,25.549932,26.821712,1.0170617,25.717028,3.5516458,46.825558,73.03071,7.2121344,-24.142265,153.12195,0.036032844,21.980972,0.009,69,764.40656
7/16/2026 5:14,36008.277,38168.465,24.553951,27.771393,1.0162939,24.809504,3.302649,43.335022,67.58062,7.1567545,-20.899773,152.65942,0.036194082,22.036854,0.018,69,764.40656
7/16/2026 5:44,35477.465,37630.496,24.17024,28.186907,1.0160124,24.459824,3.1287165,40.93709,63.84443,7.12247,-18.88752,147.38083,0.03465442,22.004444,0.018,69,764.40656
7/16/2026 6:14,35162.555,37328.023,23.954296,28.439344,1.0158601,24.263216,2.9768434,38.871532,60.627136,7.1086054,-18.072128,156.1451,0.034886293,21.962727,0.018,69,764.40656
7/16/2026 6:44,34878.562,37057.633,23.761389,28.670906,1.0157253,24.087461,2.8379345,36.988125,57.69349,7.0907497,-17.023087,153.59402,0.034822267,21.92135,0.009,69,764.40656
7/16/2026 7:14,34590.293,36759.05,23.549442,28.909845,1.0155679,23.893383,2.8185883,36.683716,57.219635,7.083356,-16.589165,174.0694,0.034692142,21.911036,0.009,69,764.40656
7/16/2026 7:44,34338.51,36466.703,23.343172,29.12182,1.0154032,23.703356,2.7737586,36.079018,56.273373,7.065345,-15.535355,147.11856,0.03646755,21.94451,0.009,69,764.40656
7/16/2026 8:14,34102.535,36188.71,23.147348,29.323334,1.0152453,23.522663,2.8952847,37.642467,58.708374,7.0681586,-15.702248,188.8752,0.03672185,21.981823,0.018,69,764.40656
7/16/2026 8:44,33901.652,35891.79,22.940062,29.497087,1.0150585,23.329662,2.9894695,38.901814,60.661125,7.0582156,-15.125275,148.83041,0.03797685,22.096947,0.018,69,764.40656
7/16/2026 9:14,33678.08,35583.625,22.724632,29.692905,1.0148697,23.129356,3.0093732,39.18273,61.08924,7.06455,-15.501976,181.03122,0.03201417,22.196272,0.018,69,764.40656
7/16/2026 9:44,41005.332,43199.53,28.181343,24.387072,1.0189555,28.079695,6.9275804,93.346886,145.50114,7.7312627,-54.64077,139.05525,0.031545404,22.340723,0.009,69,764.40656
7/16/2026 10:14,41691.05,44277.215,28.953136,23.985964,1.0196483,28.780191,7.0062532,94.15412,146.85521,7.8327475,-60.515404,144.86789,0.027083298,21.941967,0.009,69,764.40656
7/16/2026 10:44,41820.047,44339.734,29.00131,23.911978,1.0196623,28.820827,7.2086654,97.046036,151.34549,7.8550673,-61.84101,124.09687,0.033083603,22.024769,0.018,69,764.40656
7/16/2026 11:14,41846.31,44337.72,29.000881,23.89697,1.019653,28.819517,7.2390265,97.51282,152.06522,7.8651137,-62.437057,135.41699,0.03913588,22.058025,0.018,69,764.40656
7/16/2026 11:44,41828.133,44363.91,29.01838,23.907354,1.0196799,28.836542,7.1473308,96.199905,150.03017,7.860579,-62.160492,135.9272,0.035672322,22.007408,0.018,69,764.40656
7/16/2026 12:14,41774.367,44311.07,28.979725,23.938124,1.019652,28.802197,7.1569347,96.299324,150.18636,7.8641744,-62.3703,144.71054,0.03127106,22.002743,0.009,69,764.40656
7/16/2026 12:44,41941.758,44364.492,29.022972,23.842587,1.0196471,28.83692,7.370803,99.44857,155.06294,7.881156,-63.3955,142.47894,0.035245072,22.14085,0.018,69,764.40656
7/16/2026 13:14,41865,44334.92,28.999624,23.886301,1.0196451,28.8177,7.2621098,97.86726,152.61168,7.875187,-63.033104,134.18198,0.03644751,22.083216,0.018,69,764.40656
7/16/2026 13:44,41951.113,44377.934,29.032648,23.837269,1.0196553,28.845657,7.2730427,98.128296,153.00533,7.874016,-62.975883,133.3952,0.03493763,22.136896,0.018,69,764.40656
7/16/2026 14:14,42129.004,44326.652,29.003408,23.736616,1.0195602,28.812325,7.3595467,99.75544,155.47389,7.87735,-63.228607,152.96936,0.03625546,22.404266,0.018,69,764.40656
7/16/2026 14:44,42726.668,44399.58,29.074598,23.404587,1.0194411,28.859726,7.4748936,102.49184,159.57077,7.8698964,-62.92343,154.05179,0.031354293,23.027302,0.018,69,764.40656
7/16/2026 15:14,43451.773,44393.824,29.093071,23.01402,1.0192107,28.855986,7.585128,105.6055,164.16954,7.8534584,-62.13665,154.32358,0.029141897,23.888988,0.027,69,764.40656
7/16/2026 15:44,44067.027,44445.76,29.146893,22.692703,1.0190587,28.889746,7.452908,105.00605,163.0389,7.8082066,-59.599876,156.35013,0.028238183,24.55386,0.045,69,764.40656
7/16/2026 16:14,43849.11,44049.36,28.861664,22.805481,1.0187826,28.632084,7.056996,99.62473,154.62315,7.736187,-55.379868,168.39027,0.032698974,24.761988,0.045,69,764.40656
7/16/2026 16:44,42388.277,42420.426,27.678644,23.591429,1.0178332,27.573277,6.4872,91.2778,141.61494,7.5925446,-46.91124,169.44885,0.03695022,24.960323,0.045,69,764.40656
7/16/2026 17:14,39360.832,39369.586,25.474617,25.405968,1.0161664,25.59023,5.872401,81.635895,126.64903,7.4083176,-36.005974,175.6239,0.037887555,24.988361,0.054,69,764.40656
7/16/2026 17:44,37796.586,37781.645,24.337645,26.457417,1.0153023,24.55807,5.503789,76.06063,117.99234,7.304471,-29.859543,173.7547,0.09922104,25.020704,0.054,69,764.40656
7/16/2026 18:14,37186.18,37153.98,23.890291,26.89171,1.014959,24.150087,5.259076,72.52524,112.502594,7.2677183,-27.685165,178.56122,0.069484614,25.045376,0.054,69,764.40656
7/16/2026 18:44,36684.324,36690.695,23.559687,27.2596,1.0147262,23.848953,4.95907,68.194466,105.79562,7.228751,-25.372505,137.94899,0.22040771,24.990908,0.054,69,764.40656
7/16/2026 19:14,36356.695,36424.652,23.369265,27.50525,1.0146087,23.676025,4.723118,64.7791,100.51405,7.2117224,-24.356842,194.34929,0.22435796,24.90232,0.045,69,764.40656
7/16/2026 19:44,36073.477,36238.57,23.234997,27.721199,1.0145482,23.55507,4.470685,61.11896,94.86014,7.1850023,-22.764206,183.9018,0.30318007,24.761482,0.045,69,764.40656
7/16/2026 20:14,35701.95,35973.562,23.04462,28.009676,1.0144497,23.382816,4.217183,57.43254,89.164856,7.1735144,-22.072792,192.35135,0.32661828,24.604694,0.045,69,764.40656
7/16/2026 20:44,35610.617,35954.12,23.0292,28.081512,1.0144681,23.370178,4.0724373,55.35408,85.95484,7.1594505,-21.233559,180.22537,0.40400517,24.499794,0.045,69,764.40656
7/16/2026 21:14,35475.17,35898.355,22.987833,28.188728,1.0144701,23.333931,3.790097,51.398182,79.82935,7.146763,-20.475388,186.02371,0.32317513,24.382807,0.036,69,764.40656
7/16/2026 21:44,40128.836,42134.324,27.413885,24.919737,1.0183293,27.387312,5.858952,78.83271,122.84354,7.6071544,-47.38331,148.02933,0.13718837,22.507982,0.027,69,764.40656
7/16/2026 22:14,41452.836,43842.465,28.642942,24.123802,1.0193578,28.497602,6.7764707,91.23682,142.25766,7.8039856,-58.870316,144.33861,0.05676779,22.146338,0.018,69,764.40656
7/16/2026 22:44,41771.76,44197.21,28.90063,23.939617,1.0195583,28.728188,6.843936,92.251114,143.84378,7.8273044,-60.23407,138.06343,0.39387274,22.126812,0.018,69,764.40656
7/16/2026 23:14,41806.88,44271.492,28.953466,23.919508,1.0196096,28.77647,6.848683,92.274605,143.89015,7.835986,-60.73475,134.15337,0.17097971,22.085316,0.009,69,764.40656
7/16/2026 23:44,41766.293,44356.21,29.010733,23.942753,1.0196916,28.831537,6.8087044,91.53169,142.7647,7.835184,-60.658455,137.02393,0.105969556,21.94298,0.009,69,764.40656
7/17/2026 0:14,41679.305,44327.43,28.987505,23.992723,1.019693,28.81283,6.725824,90.29006,140.84416,7.8347816,-60.620308,141.38222,0.04033281,21.872248,0.009,69,764.40656
7/17/2026 0:44,41687.31,44368.004,29.015928,23.988115,1.0197242,28.839203,6.6475124,89.19624,139.14589,7.825222,-60.05287,145.94556,0.037547193,21.836672,0.009,69,764.40656
7/17/2026 1:14,41655.93,44322.863,28.983461,24.006186,1.0196961,28.80986,6.630645,88.97403,138.79631,7.8244443,-60.009956,130.51033,0.04078628,21.849709,0.009,69,764.40656
7/17/2026 1:44,41667.9,44357.2,29.00771,23.99929,1.019721,28.83218,6.611516,88.69162,138.3611,7.8207836,-59.79061,131.073,0.063834436,21.825743,0.009,69,764.40656
7/17/2026 2:14,41589.48,44306.855,28.96985,24.044542,1.0197023,28.799456,6.5200977,87.387825,136.33522,7.8108177,-59.199333,161.95773,0.13031034,21.788963,0.009,69,764.40656
7/17/2026 2:44,41567.434,44362.2,29.007326,24.057295,1.0197542,28.835428,6.249418,83.64611,130.51595,7.778061,-57.263374,162.90665,0.040857464,21.701633,0.009,69,764.40656
7/17/2026 3:14,41369.99,44316.066,28.967718,24.172112,1.019773,28.805443,5.619367,74.94803,116.9779,7.685546,-51.813126,163.2595,0.033006985,21.519434,0.009,69,764.40656
7/17/2026 3:44,41251.49,44347.867,28.984991,24.24155,1.0198327,28.826115,4.969613,66.078476,103.162796,7.56779,-44.89422,148.1676,0.029833458,21.34449,0,69,764.40656
7/17/2026 4:14,40992.387,44168.023,28.850395,24.394773,1.0197594,28.709217,4.615235,61.196693,95.55751,7.4698086,-39.14833,154.2616,0.028637677,21.235655,0,69,764.40656
7/17/2026 4:44,40365.746,43454.875,28.333736,24.77348,1.0193564,28.245668,4.433895,58.66007,91.59057,7.402526,-35.219193,145.54501,0.03273728,21.278105,0.009,69,764.40656
7/17/2026 5:14,38320.05,41173.785,26.688154,26.095999,1.0180845,26.76296,3.9715538,52.128265,81.3801,7.2871614,-28.481483,149.08313,0.03217478,21.37123,0.009,69,764.40656
7/17/2026 5:44,36265.23,38921.656,25.075344,27.574621,1.0168487,25.299078,3.5312655,45.960976,71.74578,7.1857715,-22.554398,142.31682,0.029672496,21.42667,0.009,69,764.40656
7/17/2026 6:14,35238.43,37857.457,24.315866,28.378109,1.0162865,24.607347,3.302535,42.755287,66.746765,7.1434507,-20.074844,121.25015,0.030828806,21.377943,0.009,69,764.40656
7/17/2026 6:44,34870.883,37500.883,24.06122,28.677221,1.0161067,24.375574,3.2036078,41.375,64.59698,7.1212535,-18.773079,164.41345,0.032268144,21.328186,0.009,69,764.40656
7/17/2026 7:14,34552.035,37182.49,23.834488,28.941854,1.0159434,24.16862,3.094182,39.885227,62.27418,7.111749,-18.21518,178.1416,0.033283435,21.2961,0.009,69,764.40656
7/17/2026 7:44,34279.586,36910.133,23.64076,29.17188,1.0158039,23.991587,3.0976906,39.86506,62.245365,7.096449,-17.318726,169.43454,0.03066378,21.268639,0,69,764.40656
7/17/2026 8:14,34079.355,36607.41,23.42935,29.343279,1.015614,23.794817,3.239995,41.73377,65.15136,7.099267,-17.490387,135.90813,0.036276158,21.384367,0.009,69,764.40656
7/17/2026 8:44,34107.094,36457.984,23.329475,29.319414,1.0154765,23.697691,3.5028305,45.292107,70.6796,7.102444,-17.690659,148.20575,0.03588454,21.62397,0.009,69,764.40656
7/17/2026 9:14,34234.824,36448.24,23.327232,29.210022,1.0154237,23.691355,3.8951416,50.54584,78.8534,7.135123,-19.61708,206.33698,0.031313956,21.820545,0.009,69,764.40656
7/17/2026 9:44,34220.605,36254.85,23.195944,29.22216,1.0152609,23.565653,3.941257,51.33131,80.047455,7.1192355,-18.701553,204.41531,0.034518704,22.062323,0.018,69,764.40656
7/17/2026 10:14,32267.172,33714.406,21.420872,30.991251,1.0137383,21.914364,5.119617,66.82879,104.09528,7.1278214,-19.249916,175.68588,0.02937947,22.752552,0.009,69,764.40656
7/17/2026 10:44,41853.598,44160.008,28.877768,23.892809,1.019503,28.704006,7.53831,101.850525,158.7756,7.8428307,-61.17344,155.38216,0.026820023,22.265522,0.018,69,764.40656
7/17/2026 11:14,41793.56,44403.867,29.044802,23.927132,1.019723,28.862513,7.5406156,101.35329,158.08904,7.879923,-63.27629,133.46672,0.031413574,21.92222,0.009,69,764.40656
7/17/2026 11:44,41905.938,44452.37,29.082655,23.862967,1.0197303,28.894043,7.451914,100.32515,156.46541,7.874674,-62.98542,141.55865,0.030959077,22.000809,0.009,69,764.40656
7/17/2026 12:14,41799.668,44396.105,29.039646,23.923635,1.0197148,28.857468,7.384928,99.28589,154.86038,7.8779936,-63.16662,146.97075,0.033014927,21.938042,0.018,69,764.40656
7/17/2026 12:44,41775.164,44478.035,29.095528,23.937668,1.0197896,28.910725,7.1776133,96.32207,150.26656,7.8667927,-62.48474,144.82498,0.0330715,21.818394,0.009,69,764.40656
7/17/2026 13:14,41820.09,44409.062,29.049406,23.911953,1.0197196,28.86589,7.311995,98.32807,153.36401,7.8769007,-63.10463,134.29166,0.03447825,21.947733,0.009,69,764.40656
7/17/2026 13:44,41902.27,44497.812,29.11405,23.865055,1.0197691,28.923578,7.2277284,97.22864,151.64961,7.8603115,-62.13188,140.19966,0.032222737,21.946089,0.009,69,764.40656
7/17/2026 14:14,41860.145,44396.92,29.04247,23.889072,1.0196978,28.858,7.2687716,97.84993,152.60321,7.8804207,-63.323975,148.01025,0.03262715,22.008451,0.009,69,764.40656
7/17/2026 14:44,42027.438,44432.023,29.073004,23.79398,1.0196779,28.880816,7.2604957,98.03426,152.85126,7.8709817,-62.804222,141.21533,0.037618276,22.16658,0.009,69,764.40656
7/17/2026 15:14,42506.99,44420.543,29.081902,23.525543,1.0195255,28.873352,7.390257,100.82798,157.05591,7.8765974,-63.257217,165.8392,0.03355985,22.744598,0.018,69,764.40656
7/17/2026 15:44,43659.22,44571.47,29.22395,22.90467,1.0192982,28.971455,7.510342,104.7152,162.77394,7.857682,-62.394142,162.08649,0.029378355,23.928421,0.027,69,764.40656
7/17/2026 16:14,44699.96,44603.418,29.274635,22.371384,1.0189899,28.992222,7.5801134,107.91415,167.37672,7.834245,-61.2545,166.60214,0.027503178,25.113323,0.045,69,764.40656
7/17/2026 16:44,45228.047,44581.953,29.271978,22.110174,1.0187944,28.97827,7.294769,105.00448,162.65825,7.7795677,-58.140755,170.65524,0.029404288,25.75876,0.063,69,764.40656
7/17/2026 17:14,44845.473,43970.992,28.829771,22.298796,1.0183761,28.581146,6.9864306,100.79833,156.05423,7.706509,-53.85399,177.06871,0.030814284,26.041243,0.072,69,764.40656
7/17/2026 17:44,42483.914,41665.273,27.149565,23.53832,1.017117,27.082428,6.5044384,92.93684,143.88683,7.5589027,-45.080185,172.86777,0.03516151,26.028696,0.072,69,764.40656
7/17/2026 18:14,39681.8,38957.723,25.194315,25.20047,1.0156653,25.322521,6.0348234,85.19751,131.91943,7.419558,-36.792755,166.43524,0.03801783,25.973106,0.072,69,764.40656
7/17/2026 18:44,38404.746,37792.19,24.35748,26.038448,1.0150741,24.564924,5.6777472,79.60737,123.2945,7.346913,-32.463074,133.72421,0.16583374,25.848614,0.063,69,764.40656
7/17/2026 19:14,37713.92,37214.44,23.942963,26.515408,1.0148063,24.189388,5.449166,76.03168,117.79076,7.3021955,-29.792786,106.983185,0.21458353,25.702703,0.063,69,764.40656
7/17/2026 19:44,37309.59,36902.77,23.71911,26.802761,1.0146751,23.9868,5.2114744,72.46542,112.293686,7.2676096,-27.72808,150.06065,0.3063459,25.577177,0.063,69,764.40656
7/17/2026 20:14,36765.71,36473.6,23.411552,27.199257,1.0144905,23.707842,4.8933663,67.73786,105.0003,7.2462273,-26.445389,126.366615,0.4365725,25.419313,0.054,69,764.40656
7/17/2026 20:44,36394.34,36237.355,23.240993,27.4768,1.0144185,23.554281,4.579098,63.11444,97.870186,7.214815,-24.56665,148.49185,0.34719792,25.226812,0.054,69,764.40656
7/17/2026 21:14,36005.832,35968.676,23.047861,27.77328,1.0143234,23.37964,4.3019934,59.051823,91.60084,7.191951,-23.198128,143.4946,0.3997332,25.054089,0.054,69,764.40656
7/17/2026 21:44,35757.06,35838.805,22.95327,27.966507,1.0143021,23.295223,4.0179896,54.956596,85.276566,7.1585083,-21.204948,166.3208,0.4056095,24.880577,0.054,69,764.40656
7/17/2026 22:14,35461.348,35710.668,22.858809,28.199718,1.0143017,23.211935,3.5660942,48.539387,75.3539,7.1405044,-20.122528,145.85495,0.40815023,24.634468,0.036,69,764.40656
7/17/2026 22:44,39652.28,41787.812,27.158339,25.21923,1.018186,27.162077,5.346333,71.59225,111.59492,7.5267334,-42.63401,185.1654,0.17817971,22.324389,0.027,69,764.40656
7/17/2026 23:14,41554.84,44309.594,28.970427,24.064585,1.0197146,28.801235,6.5322566,87.48149,136.49095,7.8003855,-58.579445,173.3017,0.034567002,21.744993,0.009,68,764.40656
7/17/2026 23:44,41738.99,44470.215,29.088734,23.958414,1.0197935,28.90564,6.6316357,88.937065,138.7532,7.813601,-59.361458,149.29771,0.039039664,21.784452,0.009,68,764.40656
7/18/2026 0:14,41710.56,44446.51,29.07122,23.974745,1.0197823,28.890234,6.7599196,90.63628,141.40584,7.8290915,-60.26745,172.44815,0.039405312,21.777166,0.009,68,764.40656
7/18/2026 0:44,41800.82,44529.88,29.132439,23.922976,1.0198247,28.944422,6.7779756,90.93426,141.86751,7.832705,-60.482025,164.15596,0.06374048,21.79131,0,68,764.40656
7/18/2026 1:14,41704.293,44480.16,29.094297,23.978346,1.0198117,28.912106,6.689317,89.62962,139.84529,7.8258276,-60.067177,151.18599,0.039522413,21.732622,0.009,68,764.40656
7/18/2026 1:44,41705.55,44518.39,29.120821,23.977623,1.0198427,28.936954,6.639541,88.91108,138.73318,7.818804,-59.64756,156.20709,0.040616944,21.69195,0.009,68,764.40656
7/18/2026 2:14,41601.836,44454.23,29.072376,24.037401,1.0198199,28.89525,6.539162,87.46089,136.48154,7.810512,-59.15165,162.05788,0.036890864,21.640587,0.009,68,764.40656
7/18/2026 2:44,41601.023,44502.883,29.10602,24.03787,1.01986,28.926874,6.5368824,87.36137,136.33809,7.8063006,-58.894157,172.472,0.052195467,21.586067,0,68,764.40656
7/18/2026 3:14,41525.67,44445.555,29.063398,24.08149,1.0198344,28.88961,6.3318095,84.56025,131.97195,7.7897706,-57.92141,179.74854,0.076822944,21.560432,0.009,68,764.40656
7/18/2026 3:44,41499.777,44499.387,29.09961,24.096516,1.019886,28.9246,6.0856757,81.15831,126.68055,7.7512045,-55.646896,168.53809,0.036381103,21.470793,0,68,764.40656
7/18/2026 4:14,41286.863,44475.89,29.074812,24.22078,1.019927,28.90933,5.336506,70.86693,110.65565,7.6331196,-48.69938,185.35614,0.033923965,21.245949,0,68,764.40656
7/18/2026 4:44,41159.426,44513.93,29.095808,24.29577,1.0199934,28.934053,4.8906536,64.72788,101.09977,7.5312557,-42.715073,182.38544,0.0315183,21.054527,0.009,68,764.40656
7/18/2026 5:14,40864.77,44267.445,28.913654,24.470957,1.0198761,28.77384,4.775012,63.038887,98.473656,7.4901524,-40.302277,182.26147,0.029341986,20.975586,0.018,68,764.40656
7/18/2026 5:44,40052.85,43371.066,28.263384,24.96701,1.0193776,28.191193,4.483547,58.985912,92.13979,7.4177976,-36.0775,172.56737,0.03035244,20.99437,0,68,764.40656
7/18/2026 6:14,37538.74,40502.473,26.199556,26.639149,1.0177673,26.326607,3.919923,51.11401,79.82188,7.2817864,-28.147697,177.86502,0.031591784,21.168896,0.009,68,764.40656
7/18/2026 6:44,35508.258,38238.42,24.583803,28.162462,1.0165193,24.854975,3.4677863,44.86919,70.059555,7.1841936,-22.449493,136.51848,0.03270805,21.261858,0,68,764.40656
7/18/2026 7:14,34800.805,37442.062,24.018906,28.734968,1.0160801,24.337341,3.2701185,42.206814,65.89787,7.149404,-20.418167,114.96544,0.034384586,21.306673,0.009,68,764.40656
7/18/2026 7:44,34165.133,36713.35,23.503878,29.269608,1.0156752,23.863678,3.17846,40.94521,63.92218,7.123739,-18.920898,133.8339,0.03427499,21.366049,0,68,764.40656
7/18/2026 8:14,33741.477,36158.023,23.114445,29.637114,1.0153458,23.502716,3.2134705,41.40472,64.62583,7.1178875,-18.587112,139.14584,0.03486426,21.500895,0.009,68,764.40656
7/18/2026 8:44,33612,35851.492,22.903337,29.75128,1.015127,23.30347,3.3251302,42.970764,67.045784,7.112024,-18.258095,147.2187,0.03366754,21.729538,0.009,68,764.40656
7/18/2026 9:14,33445.48,35494.53,22.657045,29.899406,1.0148761,23.071445,3.5156863,45.574806,71.080376,7.1119246,-18.267632,151.8631,0.038667347,21.977562,0.009,68,764.40656
7/18/2026 9:44,33487.45,35328.844,22.5465,29.861935,1.0147153,22.963749,3.710674,48.329655,75.3408,7.1001573,-17.595291,186.7485,0.0354754,22.271124,0.009,68,764.40656
7/18/2026 10:14,33307.875,34925.668,22.26858,30.02293,1.0144252,22.701685,3.9547124,51.709858,80.56951,7.1232285,-18.968582,221.92955,0.035755057,22.574814,0.027,68,764.40656
7/18/2026 10:44,33269.05,34600.08,22.04719,30.057966,1.0141479,22.490051,4.0330563,53.059807,82.61532,7.103081,-17.809868,215.63052,0.040072817,22.985922,0.027,68,764.40656
7/18/2026 11:14,40691.957,41843.637,27.230062,24.57488,1.0178987,27.198364,7.038657,96.39185,149.93465,7.692811,-52.599907,158.51974,0.040801458,23.55898,0.027,68,764.40656
7/18/2026 11:44,42310.152,44298.17,28.989891,23.634989,1.019482,28.793812,7.0768046,96.33812,150.08612,7.802438,-58.879852,154.11853,0.14461294,22.650358,0.018,68,764.40656
7/18/2026 12:14,42121.78,44297.44,28.98283,23.740686,1.0195378,28.793337,7.128078,96.648415,150.62537,7.815697,-59.61418,171.04149,0.17619057,22.428545,0.018,68,764.40656
7/18/2026 12:44,42005.074,44453.57,29.087152,23.806648,1.0197024,28.894821,7.030334,94.84844,147.89624,7.82978,-60.37712,163.03062,0.36622164,22.11624,0.018,68,764.40656
7/18/2026 13:14,41854.953,44384.64,29.03376,23.892035,1.0196892,28.850018,7.0280867,94.61795,147.56093,7.840703,-60.99701,154.29974,0.21048512,22.015985,0.018,68,764.40656
7/18/2026 13:44,41875.484,44376.406,29.028814,23.880322,1.0196764,28.844664,7.111125,95.79077,149.3819,7.8476605,-61.411858,152.69757,0.35398716,22.04937,0.009,68,764.40656
7/18/2026 14:14,41848.5,44292.47,28.969551,23.89572,1.0196147,28.790106,6.988777,94.21454,146.90906,7.8261395,-60.162544,169.71112,0.3945576,22.111101,0.009,68,764.40656
7/18/2026 14:44,41718.426,44301.086,28.970715,23.970224,1.01966,28.795706,7.1723394,96.40587,150.3659,7.8424892,-61.08761,170.66956,0.4822212,21.947752,0.009,68,764.40656
7/18/2026 15:14,41693.965,44279.707,28.954975,23.984287,1.0196495,28.78181,7.2095723,96.88862,151.12013,7.8443785,-61.19728,151.77727,0.5024139,21.942636,0.018,68,764.40656
7/18/2026 15:44,41732.04,44279.508,28.956263,23.962404,1.0196382,28.781681,7.040057,94.68834,147.67744,7.8255916,-60.105324,173.9788,0.51390594,21.987877,0.009,68,764.40656
7/18/2026 16:14,41765.758,44183.133,28.890642,23.943058,1.0195483,28.719036,6.9134,93.19648,145.3158,7.8037786,-58.85601,177.72675,0.50344014,22.135466,0.018,68,764.40656
7/18/2026 16:44,41917.457,44101.68,28.839504,23.85641,1.0194355,28.666092,6.669365,90.31873,140.76569,7.7474613,-55.60398,177.145,0.17363903,22.406963,0.018,68,764.40656
7/18/2026 17:14,41895.395,43925.57,28.71628,23.868973,1.0192944,28.55162,6.4891896,88.08824,137.24971,7.698363,-52.752495,155.3917,0.08376369,22.580181,0.018,68,764.40656
7/18/2026 17:44,41666.934,43609.316,28.488565,23.999846,1.0190979,28.346056,6.1173863,83.06196,129.39919,7.6160507,-47.93167,179.08096,0.042080738,22.668034,0.018,68,764.40656
7/18/2026 18:14,40827.156,42687.72,27.820461,24.493502,1.018579,27.747017,5.658537,76.60323,119.327324,7.5239816,-42.529106,200.64832,0.08929541,22.71804,0.018,68,764.40656
7/18/2026 18:44,38531.992,40247.83,26.060003,25.952461,1.0172349,26.161089,5.0654607,67.9397,105.82291,7.379943,-34.070015,199.68033,0.19173767,22.767967,0.018,68,764.40656
7/18/2026 19:14,31591.852,33114.11,20.997719,31.653732,1.0134616,21.524172,5.106163,66.2981,103.2964,7.2983,-29.25396,105.810165,1.1024872,22.593191,0.018,68,764.40656
7/18/2026 19:44,26434.732,27813.64,17.329609,37.829018,1.0107462,18.078867,5.210252,65.998924,102.86264,7.245172,-26.116371,156.28815,0.78738374,22.40436,0.009,68,764.40656
7/18/2026 20:14,25681.023,27016.074,16.78549,38.93926,1.0103341,17.560448,4.8470516,61.214397,95.4044,7.1841607,-22.535324,167.16003,0.38096908,22.412727,0.018,68,764.40656
7/18/2026 20:44,25094.998,26427.455,16.384409,39.84858,1.0100456,17.177847,4.586907,57.73861,89.99512,7.131181,-19.421577,130.73921,0.3054845,22.36024,0.009,68,764.40656
7/18/2026 21:14,22169.445,23408.648,14.346709,45.10713,1.008544,15.215622,4.577438,56.803886,88.557465,7.1075153,-18.024445,116.820335,0.26822007,22.228384,0.018,68,764.40656
7/18/2026 21:44,19446.08,20587.453,12.469921,51.424244,1.0071629,13.3818445,4.9859614,61.054333,95.20435,7.1261086,-19.106865,126.38092,0.43316698,22.097368,0.018,68,764.40656
7/18/2026 22:14,13924.298,14813.766,8.721045,71.81691,1.0043972,9.628947,5.7526836,68.6143,107.03474,7.1906624,-22.873878,94.013214,0.6791001,21.856369,0.009,68,764.40656
7/18/2026 22:44,10884.704,11617.936,6.7066226,91.87204,1.0029163,7.551658,5.8518343,68.77438,107.31209,7.167833,-21.52443,104.055405,0.6028241,21.695707,0.009,68,764.40656
7/18/2026 23:14,9606.691,10271.225,5.872855,104.09411,1.0023066,6.676296,5.737289,66.99557,104.55035,7.138861,-19.82212,90.6086,0.39623144,21.612642,0.009,68,764.40656
7/18/2026 23:44,9097.184,9735.498,5.543898,109.92413,1.0020688,6.328074,5.617646,65.41623,102.093056,7.1162686,-18.496513,131.08253,0.43903586,21.567242,0.009,68,764.40656
7/19/2026 0:14,38387.664,40913.2,26.512224,26.050035,1.0178465,26.59358,6.902873,91.16709,142.23605,7.7395825,-55.02224,172.62936,0.56933296,21.768108,0.009,68,764.40656
7/19/2026 0:44,39828.242,42446.37,27.618567,25.107811,1.0186834,27.590141,6.7844095,90.186676,140.70587,7.760494,-56.24771,177.00195,0.5732145,21.770636,0.009,68,764.40656
7/19/2026 1:14,39894.79,42541.05,27.686253,25.06593,1.0187421,27.651684,6.659267,88.514046,138.10234,7.7692127,-56.75316,180.74036,0.77039146,21.7432,0.009,68,764.40656
7/19/2026 1:44,40252.152,42969.03,27.994598,24.843391,1.01899,27.92987,6.5508432,87.145,135.97798,7.771017,-56.848526,173.4686,0.43152636,21.689592,0.009,68,764.40656
7/19/2026 2:14,40625.402,43403.945,28.308784,24.61514,1.0192391,28.212564,6.479126,86.28449,134.64415,7.7830424,-57.54471,166.53061,0.18990862,21.64838,0.009,68,764.40656
7/19/2026 2:44,40890.375,43720.957,28.537811,24.455633,1.0194228,28.418623,6.4345837,85.74693,133.81337,7.7856126,-57.68776,167.67026,0.12727049,21.610369,0.009,68,764.40656
7/19/2026 3:14,40958.465,43827.594,28.614098,24.414978,1.0194907,28.487936,6.3505507,84.60686,132.04214,7.783621,-57.56378,159.12534,0.061585944,21.572563,0.009,68,764.40656
7/19/2026 3:44,40991.5,43867.95,28.643253,24.395302,1.0195143,28.514168,6.2650785,83.47397,130.27524,7.769385,-56.729317,176.48221,0.21638454,21.566984,0.009,68,764.40656
7/19/2026 4:14,40892.97,43765.86,28.568922,24.454082,1.0194589,28.447807,6.1241684,81.5555,127.28191,7.7582374,-56.07605,199.8663,0.23911421,21.56323,0.009,68,764.40656
7/19/2026 4:44,40711.676,43585.906,28.437672,24.562979,1.0193636,28.33084,5.8106666,77.29913,120.64212,7.687336,-51.9228,191.8602,0.038629267,21.547434,0.009,68,764.40656
7/19/2026 5:14,39988.133,42826.54,27.88637,25.00742,1.0189505,27.837252,5.0786276,67.32216,105.07378,7.514842,-41.823387,190.68718,0.03306727,21.53001,0,68,764.40656
7/19/2026 5:44,35560.316,38133.383,24.514513,28.121235,1.0164137,24.7867,4.5972867,59.684334,93.162186,7.3370337,-31.409264,184.35478,0.03354955,21.467253,0.009,68,764.40656
7/19/2026 6:14,29021.172,31191.582,19.63674,34.457603,1.0127537,20.274529,4.3820133,55.17863,86.14412,7.2158604,-24.309158,178.63751,0.0361012,21.356901,0.009,68,764.40656
7/19/2026 6:44,23030.81,24812.025,15.276917,43.420097,1.0094899,16.127815,4.21795,51.665234,80.6736,7.129584,-19.254684,170.87936,0.06409388,21.241447,0.009,68,764.40656
7/19/2026 7:14,16143.551,17439.918,10.403383,61.94424,1.0058435,11.335947,4.025993,47.80846,74.66682,7.043092,-14.190674,175.75742,0.03852156,21.1082,0.009,68,764.40656
7/19/2026 7:44,11370.3955,12304.647,7.1320424,87.947685,1.003393,7.998021,3.8209808,44.443592,69.42051,6.9666877,-9.799004,175.91476,0.06337727,21.024775,0.009,68,764.40656
7/19/2026 8:14,8727.794,9438.137,5.360453,114.57649,1.0020465,6.134789,3.7764268,43.50211,67.94629,6.921208,-7.2956085,80.05619,0.037291598,21.059528,0,68,764.40656
7/19/2026 8:44,7451.2134,8033.803,4.5097666,134.20633,1.0013709,5.221972,3.923837,45.101154,70.42818,6.904267,-6.365776,87.92877,0.039319374,21.20328,0.009,68,764.40656
7/19/2026 9:14,6381.7383,6849.749,3.802503,156.69711,1.0007863,4.4523373,4.064307,46.72073,72.932205,6.894754,-5.8460236,92.71145,0.038567293,21.422762,0.009,68,764.40656
7/19/2026 9:44,5583.214,5953.7344,3.274115,179.1083,1.000314,3.8699274,4.2700725,49.236347,76.820274,6.895676,-5.903244,99.835396,0.038884938,21.74171,0.009,68,764.40656
7/19/2026 10:14,4872.4424,5150.2417,2.8057353,205.23589,0.99985945,3.3476572,4.5236144,52.45224,81.78026,6.897244,-5.9986115,111.904144,0.040210843,22.175966,0.018,68,764.40656
7/19/2026 10:44,4362.0063,4571.29,2.471714,229.2523,0.9995068,2.9713385,4.9764633,58.06167,90.46204,6.913453,-6.904602,123.63911,0.07568288,22.603025,0.018,68,764.40656
7/19/2026 11:14,3967.619,4120.801,2.2139978,252.04033,0.99920446,2.6785207,5.2137194,61.25939,95.37115,6.921864,-7.381439,127.17247,0.038120802,23.053776,0.027,68,764.40656
7/19/2026 11:44,3700.004,3804.339,2.0342176,270.27,0.99894476,2.4728205,5.4797235,64.93796,101.00814,6.928761,-7.777214,146.58928,0.17627855,23.56412,0.036,68,764.40656
7/19/2026 12:14,30189.543,30880.424,19.461185,33.124054,1.0119723,20.072277,7.07537,93.10981,144.76003,7.564361,-45.07065,164.72816,0.062131193,23.82865,0.027,68,764.40656
7/19/2026 12:44,41821.867,43917.832,28.708363,23.910936,1.0193102,28.54659,6.9053197,93.60092,145.85823,7.8052974,-59.018135,174.90387,0.032278445,22.501322,0.018,68,764.40656
7/19/2026 13:14,41822.164,44028.867,28.785543,23.910767,1.0194031,28.618763,6.948879,94.0224,146.54553,7.823514,-60.06241,160.594,0.030933576,22.375944,0.018,68,764.40656
7/19/2026 13:44,41837.297,44072.383,28.816309,23.902119,1.0194349,28.647049,7.0172877,94.91198,147.9397,7.833696,-60.653687,164.40392,0.03385911,22.344814,0.018,68,764.40656
7/19/2026 14:14,41748.04,44065.36,28.808243,23.95322,1.0194557,28.642485,6.9918833,94.39753,147.16164,7.8347707,-60.6966,179.11911,0.03156669,22.246689,0.018,68,764.40656
7/19/2026 14:44,41846.363,44081.203,28.822763,23.896938,1.0194396,28.652782,7.089368,95.89202,149.4671,7.847098,-61.440468,179.99173,0.033127513,22.345638,0.018,68,764.40656
7/19/2026 15:14,41706.258,44047,28.793991,23.977217,1.0194528,28.63055,7.0250883,94.78867,147.77849,7.845763,-61.335564,157.61853,0.0383979,22.217697,0.018,68,764.40656
7/19/2026 15:44,41625.164,44095.723,28.824844,24.02393,1.0195172,28.66222,6.888423,92.70936,144.5725,7.8351574,-60.682297,154.34741,0.036808215,22.066639,0.018,68,764.40656
7/19/2026 16:14,41618.734,44043.113,28.788126,24.027641,1.0194755,28.628025,6.8779483,92.6342,144.44315,7.834652,-60.663223,178.32756,0.038004354,22.118034,0.009,68,764.40656
7/19/2026 16:44,41825.453,44087.87,28.826647,23.908886,1.0194513,28.657116,6.872342,92.904625,144.81839,7.830231,-60.44388,192.73758,0.036896423,22.313292,0.018,68,764.40656
7/19/2026 17:14,42247.434,44089.812,28.842583,23.670076,1.0193259,28.658379,6.8816814,93.8723,146.20457,7.8217626,-60.048103,190.13882,0.033140574,22.8122,0.018,68,764.40656
7/19/2026 17:44,43013.945,44108.61,28.880024,23.248274,1.0191039,28.670597,6.8561954,95.02556,147.77226,7.7817473,-57.868958,187.67357,0.030423276,23.700657,0.027,68,764.40656
7/19/2026 18:14,42907.434,43259.39,28.281116,23.305984,1.0184002,28.118605,6.6001096,92.56437,143.71574,7.711781,-53.901672,202.90851,0.030754486,24.574034,0.036,68,764.40656
7/19/2026 18:44,39635.42,39580.22,25.627476,25.229958,1.0162567,25.727142,6.1278815,85.38724,132.44736,7.5798483,-46.17691,209.6653,0.033461083,25.07302,0.045,68,764.40656
7/19/2026 19:14,35009.246,34841.957,22.25322,28.563883,1.0136696,22.647272,5.6434927,77.382935,119.99031,7.431193,-37.39357,213.51337,0.031400543,25.251385,0.045,68,764.40656
7/19/2026 19:44,29327.959,29244.357,18.344433,34.097157,1.0107663,19.008833,5.167896,69.18158,107.29435,7.28019,-28.4338,202.72255,0.034551863,25.149673,0.054,68,764.40656
7/19/2026 20:14,24478.977,24474.201,15.087967,40.85138,1.0083646,15.908231,4.746188,62.217266,96.51915,7.160768,-21.348,95.267296,0.038812194,25.010218,0.054,68,764.40656
7/19/2026 20:44,20666.945,20755,12.6001215,48.386444,1.0065643,13.490749,4.3618555,56.1419,87.13275,7.072252,-16.093254,116.17184,0.03835845,24.777878,0.045,68,764.40656
7/19/2026 21:14,18136.398,18308.5,10.990112,55.137737,1.0054302,11.900525,4.084268,51.836094,80.49082,7.0230594,-13.170242,96.04931,0.035601567,24.50785,0.045,68,764.40656
7/19/2026 21:44,16340.234,16589.73,9.872491,61.19863,1.0046706,10.783325,3.84491,48.228756,74.93021,6.9831133,-10.819435,123.49129,0.037722446,24.212608,0.036,68,764.40656
7/19/2026 22:14,14682.212,14991.51,8.844266,68.10963,1.0039754,9.744482,3.668038,45.496304,70.72258,6.9639244,-9.741783,112.23316,0.03720323,23.919813,0.036,68,764.40656
7/19/2026 22:44,13165.472,13540.996,7.920522,75.95626,1.0033771,8.801648,3.5280674,43.232235,67.24776,6.943365,-8.587837,126.53351,0.035076793,23.548042,0.027,68,764.40656
7/19/2026 23:14,12221.435,12645.796,7.355145,81.823456,1.0030292,8.219767,3.5307882,42.882324,66.73911,6.936992,-8.225441,132.02667,0.033278864,23.243063,0.027,68,764.40656
7/19/2026 23:44,10990.377,11469.142,6.618071,90.98869,1.002581,7.454942,3.5510702,42.603878,66.3546,6.9248123,-7.5387955,149.62674,0.037425697,22.814465,0.027,68,764.40656
7/20/2026 0:14,10271.234,10768.6875,6.1828513,97.35928,1.0023103,6.9996467,3.5508082,42.308292,65.92013,6.913979,-6.9332123,187.91199,0.03416819,22.581446,0.018,68,764.40656
7/20/2026 0:44,40202.12,43394.76,28.28578,24.87431,1.0193542,28.206594,5.794162,76.453064,119.3963,7.658113,-50.144196,187.84045,0.030819606,21.148062,0.009,68,764.40656
7/20/2026 1:14,40701.473,44060.766,28.764538,24.569136,1.0197542,28.639498,6.183503,81.61097,127.478874,7.741519,-54.99363,176.25809,0.027641326,21.008259,0.018,68,764.40656
7/20/2026 1:44,40754.72,44168.574,28.84097,24.537037,1.0198268,28.709574,6.1995134,81.77679,127.74866,7.749939,-55.475235,173.0442,0.028175116,20.953325,0,68,764.40656
7/20/2026 2:14,40716.47,44137.14,28.81773,24.560087,1.019812,28.689142,6.2667394,82.63546,129.09221,7.7662187,-56.42414,192.01279,0.032647688,20.942356,0,68,764.40656
7/20/2026 2:44,40727.008,44170.934,28.841427,24.553732,1.0198363,28.711107,6.3194885,83.3055,130.14381,7.7721767,-56.767464,190.89699,0.029571246,20.917898,0,68,764.40656
7/20/2026 3:14,40698.81,44132.918,28.814087,24.570744,1.0198134,28.686398,6.2723813,82.68341,129.17032,7.774762,-56.92005,192.65652,0.03037142,20.926025,0.009,68,764.40656
7/20/2026 3:44,40708.508,44161.023,28.83383,24.56489,1.0198334,28.704666,6.2052984,81.779915,127.76264,7.769683,-56.619644,170.6648,0.031200571,20.9068,0.009,68,764.40656
7/20/2026 4:14,40562.344,44119.36,28.798967,24.653408,1.0198404,28.677584,6.0106955,79.01352,123.464836,7.755158,-55.747032,200.90579,0.031066597,20.778923,0,68,764.40656
7/20/2026 4:44,40515.24,44129.773,28.804102,24.682072,1.0198619,28.684353,5.88144,77.22133,120.67668,7.741162,-54.917336,214.92958,0.035389546,20.711678,0,68,764.40656
7/20/2026 5:14,40421.473,44079.855,28.765772,24.739326,1.0198475,28.651905,5.8131623,76.22785,119.13436,7.73301,-54.43096,210.12784,0.03066777,20.65474,0,68,764.40656
7/20/2026 5:44,40280.297,44090.34,28.76678,24.826033,1.0198946,28.658722,5.72381,74.80946,116.94903,7.716655,-53.44391,212.67413,0.028833644,20.475681,0,68,764.40656
7/20/2026 6:14,38758.78,42610.76,27.687649,25.800606,1.0191283,27.696995,5.2428246,67.82657,106.065544,7.6157713,-47.52636,215.02972,0.02796777,20.267057,0,68,764.40656
7/20/2026 6:44,37528.875,41307.94,26.747093,26.646149,1.0184283,26.85016,4.834937,62.137997,97.17805,7.5144563,-41.61358,210.79063,0.030744495,20.210197,0,68,764.40656
7/20/2026 7:14,32464.246,35793.39,22.821665,30.803118,1.0154696,23.265705,4.551521,57.071182,89.26446,7.415442,-35.834312,97.146034,0.028014382,20.130365,0,68,764.40656
7/20/2026 7:44,26131.713,28848.42,17.997814,38.267677,1.0118293,18.751474,4.3633356,53.115566,83.08492,7.2434745,-25.811195,176.71109,0.030341128,20.06954,0,68,764.40656
7/20/2026 8:14,22572.236,24847.17,15.2851925,44.30221,1.0097438,16.150661,4.2847943,51.466526,80.48928,7.1678166,-21.414757,155.92099,0.031037422,20.206438,0,68,764.40656
7/20/2026 8:44,19380.14,21260.754,12.896145,51.599213,1.0078992,13.8194895,4.330562,51.44988,80.44396,7.1086435,-17.97676,107.889175,0.034625884,20.368862,0,68,764.40656
7/20/2026 9:14,17650.01,19269.023,11.589186,56.657192,1.0068575,12.524866,4.5366993,53.725132,83.972305,7.0730133,-15.912056,131.3591,0.03261705,20.600964,0,68,764.40656
7/20/2026 9:44,15835.363,17159.76,10.220894,63.1498,1.0057408,11.153844,4.7440443,56.115322,87.6605,7.032114,-13.542175,119.838715,0.035651073,20.959145,0,68,764.40656
7/20/2026 10:14,14585.879,15663.911,9.261474,68.55946,1.0049139,10.181542,5.0012593,59.32021,92.60408,7.0264716,-13.232231,163.95569,0.031361,21.396717,0,68,764.40656
7/20/2026 10:44,13921.921,14780.193,8.70023,71.82917,1.0043566,9.607125,5.2713704,62.988857,98.24292,7.0057845,-12.044907,191.87451,0.034360606,21.959732,0.018,68,764.40656
7/20/2026 11:14,13123.549,13747.431,8.047519,76.1989,1.0037036,8.93583,5.571324,67.15555,104.626915,7.006541,-12.116432,213.52292,0.03484284,22.623995,0.018,68,764.40656
7/20/2026 11:44,12773.977,13244.349,7.7316375,78.28416,1.0033379,8.608827,5.920754,71.92781,111.963425,6.991641,-11.253357,226.08757,0.035457514,23.14058,0.027,68,764.40656
7/20/2026 12:14,12232.864,12521.28,7.2786703,81.747,1.0028323,8.138832,6.2606144,76.78255,119.38303,7.002004,-11.854172,215.7402,0.03737771,23.794027,0.045,68,764.40656
7/20/2026 12:44,29389.762,28948.223,18.146095,34.025455,1.0104324,18.816345,8.548188,115.6143,179.07922,7.7906795,-58.808327,174.20769,0.03857208,25.798573,0.054,68,764.40656
7/20/2026 13:14,42479.47,43787.996,28.639389,23.540785,1.0189974,28.462198,8.159889,112.41207,174.8917,7.9198236,-65.95135,180.22537,0.025563706,23.43543,0.036,68,764.40656
7/20/2026 13:44,42600.188,44071.117,28.841036,23.474075,1.0192014,28.646227,8.032871,110.43362,171.86853,7.9064217,-65.12165,167.62256,0.02231816,23.252552,0.027,68,764.40656
7/20/2026 14:14,42626.56,44110.09,28.869108,23.459553,1.0192264,28.671558,8.046565,110.61347,172.15244,7.9100356,-65.33146,191.29753,0.024513582,23.239138,0.027,68,764.40656
7/20/2026 14:44,42711.4,44199.79,28.934496,23.412954,1.0192765,28.729862,8.037395,110.525024,172.01547,7.9133644,-65.52696,192.2655,0.03335859,23.236954,0.027,68,764.40656
7/20/2026 15:14,42706.36,44195.754,28.931519,23.415716,1.0192746,28.72724,8.153001,112.11007,174.48273,7.9272203,-66.342354,183.47263,0.104831144,23.235607,0.018,68,764.40656
7/20/2026 15:44,42817.54,44223.984,28.954779,23.354916,1.0192641,28.745588,8.44891,116.3987,181.126,7.9546967,-67.98267,176.89705,0.16520236,23.334932,0.027,68,764.40656
7/20/2026 16:14,42660.656,44150.25,28.898268,23.440802,1.01925,28.697664,8.460779,116.31564,181.0287,7.9586554,-68.19248,192.27982,0.041256845,23.23355,0.027,68,764.40656
7/20/2026 16:44,42671.895,44182.66,28.921265,23.43463,1.019274,28.718729,8.298778,114.05568,177.51875,7.9452205,-67.396164,199.8949,0.08340646,23.209759,0.027,68,764.40656
7/20/2026 17:14,42638.832,44150.156,28.897497,23.4528,1.0192567,28.697601,8.094784,111.232925,173.12595,7.9342113,-66.747665,206.48956,0.040004507,23.207779,0.027,68,764.40656
7/20/2026 17:44,42928.402,44191.508,28.935495,23.294601,1.0192018,28.72448,8.230884,113.719986,176.90535,7.93915,-67.10529,206.52295,0.03934939,23.503532,0.027,68,764.40656
7/20/2026 18:14,43394.055,44221.3,28.970224,23.044632,1.0190802,28.743845,8.0645,112.45912,174.78233,7.918831,-66.02287,207.70073,0.03797941,24.02058,0.027,68,764.40656
7/20/2026 18:44,43974.953,44319.105,29.055134,22.740217,1.0189779,28.807419,7.5235524,106.018616,164.59892,7.8475804,-61.93638,206.23685,0.035599507,24.59344,0.045,68,764.40656
7/20/2026 19:14,44014.305,44051.023,28.867046,22.719887,1.0187293,28.633165,6.858948,97.15765,150.7385,7.745482,-55.966377,219.22112,0.038352817,24.956358,0.054,68,764.40656
7/20/2026 19:44,42440.58,42312.414,27.604021,23.562355,1.0177186,27.503069,6.276379,88.576836,137.37224,7.6240473,-48.80905,220.6564,0.037746046,25.158587,0.054,68,764.40656
7/20/2026 20:14,38857.363,38666.63,24.97461,25.735147,1.0157117,25.13331,5.767945,80.33164,124.56091,7.4830675,-40.46917,225.95883,0.038866047,25.258257,0.054,68,764.40656
7/20/2026 20:44,34138.707,34013.438,21.668371,29.292263,1.0132476,22.108736,5.322244,72.66151,112.68199,7.3341937,-31.638145,218.87779,0.039962776,25.192825,0.054,68,764.40656
7/20/2026 21:14,30164.205,30137.43,18.960629,33.15188,1.0112576,19.589329,4.827212,64.72975,100.40987,7.2145023,-24.533272,212.11624,0.03862873,25.046518,0.045,68,764.40656
7/20/2026 21:44,27764.783,27843.662,17.378448,36.01685,1.0101258,18.09838,4.535574,60.066673,93.211,7.1439624,-20.341873,146.78955,0.038947493,24.851683,0.054,68,764.40656
7/20/2026 22:14,25833.098,26022.266,16.13326,38.71003,1.0092562,16.914473,4.25566,55.73025,86.51963,7.102388,-17.867088,170.89368,0.03849721,24.6194,0.045,68,764.40656
7/20/2026 22:44,24451.256,24742.297,15.264133,40.897694,1.0086687,16.082493,4.1031556,53.24257,82.69377,7.0734186,-16.140938,147.77661,0.03906899,24.384142,0.036,68,764.40656
7/20/2026 23:14,22827.52,23234.465,14.247257,43.806774,1.0079871,15.102402,3.9597838,50.808052,78.9562,7.0563307,-15.115738,180.90248,0.04059698,24.082996,0.036,68,764.40656
7/20/2026 23:44,21965.207,22474.375,13.736768,45.526546,1.0076756,14.608343,3.7777839,48.096188,74.77825,7.022691,-13.11779,200.76276,0.038738236,23.81385,0.036,68,764.40656
7/21/2026 0:14,20300.42,20868.906,12.667867,49.260063,1.0069362,13.564789,3.692645,46.520977,72.3601,7.010735,-12.4025345,229.85458,0.039043214,23.57378,0.027,68,764.40656
7/21/2026 0:44,19827.432,20465.926,12.399999,50.435177,1.0067888,13.302853,3.5011861,43.874325,68.2683,6.9870186,-11.005402,227.9234,0.039186224,23.366602,0.027,68,764.40656
7/21/2026 1:14,18233.025,18938.568,11.393696,54.84553,1.006114,12.31007,3.1530206,39.054592,60.802242,6.9984975,-11.630058,209.7416,0.0377872,23.049515,0.018,68,764.40656
7/21/2026 1:44,37530.72,39762.582,25.693851,26.64484,1.0171492,25.845678,6.7102795,88.672775,138.27896,7.6689587,-50.935745,201.5257,0.5190647,22.061274,0.018,68,764.40656
7/21/2026 2:14,41058.58,43401.62,28.323229,24.355446,1.0191083,28.211054,6.840928,91.97855,143.40778,7.7913747,-58.135986,205.11151,0.33501497,22.173553,0.018,68,764.40656
7/21/2026 2:44,41420.125,43839,28.639349,24.142853,1.0193646,28.495352,6.8501263,92.16826,143.71825,7.8103657,-59.23748,208.12988,0.49368545,22.111187,0.018,68,764.40656
7/21/2026 3:14,41308.793,43848.508,28.641851,24.207922,1.0194055,28.501532,6.8325205,91.69521,143.01404,7.811264,-59.261322,211.40099,0.42365885,21.967527,0.009,68,764.40656
7/21/2026 3:44,41367.902,43965.348,28.72496,24.17333,1.0194848,28.577477,6.8081923,91.312996,142.43193,7.814482,-59.43775,206.61354,0.36168626,21.906837,0.018,68,764.40656
7/21/2026 4:14,41427.508,44028.582,28.770987,24.13855,1.0195196,28.61858,6.740845,90.434166,141.06105,7.812692,-59.332848,205.8363,0.22431526,21.906965,0.009,68,764.40656
7/21/2026 4:44,41483.66,44117.316,28.834557,24.105877,1.0195765,28.676256,6.6786995,89.58134,139.7381,7.8058867,-58.927536,209.25522,0.39537686,21.874523,0.018,68,764.40656
7/21/2026 5:14,41417.44,44086.99,28.811056,24.144417,1.019571,28.656542,6.5921483,88.33683,137.80672,7.799203,-58.526993,207.55292,0.19325984,21.829746,0.018,68,764.40656
7/21/2026 5:44,41374.582,44086.24,28.80891,24.169428,1.0195829,28.656055,6.2417293,83.56444,130.37221,7.772186,-56.934357,227.33212,0.21538557,21.779686,0.009,68,764.40656
7/21/2026 6:14,41298.87,44033.37,28.769442,24.213737,1.0195612,28.62169,6.244999,83.54203,130.34373,7.764229,-56.462288,227.07462,0.15354714,21.74866,0.009,68,764.40656
7/21/2026 6:44,41237.223,44033.746,28.767338,24.249935,1.0195794,28.621935,6.059697,80.954185,126.32101,7.7432175,-55.217743,223.07396,0.04053968,21.674942,0.009,68,764.40656
7/21/2026 7:14,40453.16,43269.145,28.209188,24.719948,1.0191784,28.124945,5.707151,75.882996,118.42345,7.678322,-51.403046,223.5794,0.035547193,21.592636,0.018,68,764.40656
7/21/2026 7:44,38986.58,41706.81,27.078672,25.649853,1.0183239,27.109425,5.225094,69.006966,107.69394,7.5661855,-44.836998,208.71162,0.037368733,21.5852,0.009,68,764.40656
7/21/2026 8:14,37563.2,40162.18,25.968237,26.621801,1.0174761,26.105417,4.843031,63.578873,99.218506,7.4784827,-39.70623,141.2201,0.0312194,21.61193,0.009,68,764.40656
7/21/2026 8:44,31645.871,33824.062,21.475597,31.599699,1.0140741,21.985641,4.50068,57.573116,89.84383,7.3376365,-31.461716,138.44012,0.03601219,21.628391,0.009,68,764.40656
7/21/2026 9:14,27706.469,29598.986,18.542582,36.092655,1.011853,19.23934,4.3266387,54.432514,84.939606,7.243212,-25.935173,166.04424,0.036358617,21.65243,0,68,764.40656
7/21/2026 9:44,25519.955,27222.484,16.916441,39.18502,1.0106074,17.694614,4.358891,54.39504,84.87123,7.191731,-22.92633,197.11972,0.035604056,21.725586,0.009,68,764.40656
7/21/2026 10:14,24340.662,25917.707,16.031425,41.083515,1.0099176,16.84651,4.5124674,56.114704,87.54195,7.16386,-21.300316,218.08148,0.04090727,21.814232,0,68,764.40656
7/21/2026 10:44,22050.693,23453.648,14.372806,45.350048,1.0086536,15.244872,4.6190147,56.94535,88.83006,7.132465,-19.464493,141.02936,0.040118273,21.868156,0.009,68,764.40656
7/21/2026 11:14,20604.684,21925.004,13.353114,48.532654,1.0078902,14.251252,4.6218643,56.62123,88.32747,7.1135273,-18.353462,214.95343,0.038233887,21.847128,0.009,68,764.40656
7/21/2026 11:44,20216.871,21527.096,13.088696,49.46364,1.0076994,13.992612,4.5447288,55.5557,86.66998,7.0899606,-16.970634,222.58759,0.041002054,21.813406,0.009,68,764.40656
7/21/2026 12:14,19559.045,20852.033,12.641369,51.12724,1.0073768,13.553822,4.1672244,50.751484,79.18275,7.070808,-15.845299,228.0426,0.036266733,21.75352,0.009,68,764.40656
7/21/2026 12:44,18793.723,20019.771,12.093185,53.209255,1.006954,13.012851,4.4810443,54.44072,84.93325,7.09055,-17.004013,223.11688,0.038342208,21.793615,0.018,68,764.40656
7/21/2026 13:14,37485.094,39710.016,25.656313,26.67727,1.0171194,25.81151,7.1472473,94.435356,147.26407,7.7242393,-54.178238,190.13405,0.85686517,22.06653,0.009,68,764.40656
7/21/2026 13:44,40278.082,42662.92,27.784342,24.827398,1.0187275,27.7309,7.3266644,98.02405,152.85866,7.8010626,-58.68435,185.60886,0.7924592,22.073322,0.018,67,764.40656
7/21/2026 14:14,40017.98,42368.473,27.571772,24.988768,1.0185608,27.539507,7.4195857,99.18401,154.66193,7.8274946,-60.23884,192.66605,0.8807206,22.095427,0.018,67,764.40656
7/21/2026 14:44,40558.227,42939.246,27.985321,24.65591,1.0188733,27.910511,7.404527,99.223694,154.72346,7.8454595,-61.29265,194.33499,1.0922251,22.096815,0.018,67,764.40656
7/21/2026 15:14,40835.062,43223.08,28.191587,24.488758,1.0190266,28.095001,7.4528093,100.00975,155.94646,7.872904,-62.904358,182.8146,1.1275356,22.1074,0.018,67,764.40656
7/21/2026 15:44,40859.24,43274.535,28.228067,24.47427,1.0190623,28.128448,7.398009,99.24253,154.75761,7.8588624,-62.07466,196.27571,1.0800911,22.077833,0.018,67,764.40656
7/21/2026 16:14,41135.137,43580.465,28.449844,24.310118,1.0192345,28.327303,7.262373,97.52145,152.07762,7.846151,-61.326027,194.4685,0.92582756,22.062267,0.009,67,764.40656
7/21/2026 16:44,41233.266,43696.074,28.53349,24.252262,1.0193013,28.402449,7.2417974,97.26955,151.68805,7.8636823,-62.351227,184.49783,0.8901002,22.049097,0.018,67,764.40656
7/21/2026 17:14,41247.426,43750.188,28.571487,24.243937,1.0193421,28.437622,7.168348,96.227684,150.07408,7.8492007,-61.49292,171.63277,0.7851273,22.004936,0.009,67,764.40656
7/21/2026 17:44,41325.613,43857.473,28.648676,24.198069,1.0194081,28.507357,7.0856757,95.113594,148.34319,7.8379917,-60.830116,186.74374,0.5557999,21.977528,0.018,67,764.40656
7/21/2026 18:14,41233.777,43745.234,28.567556,24.251963,1.0193421,28.434402,6.888633,92.452805,144.1894,7.828579,-60.281754,230.26466,0.71118647,21.994186,0.009,67,764.40656
7/21/2026 18:44,41180.99,43668.914,28.512772,24.28305,1.0192943,28.384794,6.845551,91.88329,143.29585,7.816869,-59.599876,219.36417,0.5094381,22.017145,0.018,67,764.40656
7/21/2026 19:14,40658.184,43074.055,28.082123,24.595295,1.0189556,27.998137,6.443756,86.34587,134.64986,7.7468557,-55.503845,211.83968,0.22628088,22.063538,0.018,67,764.40656
7/21/2026 19:44,40099.59,42433.668,27.619675,24.93791,1.0185902,27.581884,5.850244,78.26194,122.03228,7.6259384,-48.422813,207.24774,0.15931214,22.120136,0.018,67,764.40656
7/21/2026 20:14,39091.95,41332.98,26.825573,25.580715,1.0179783,26.866436,5.310287,70.76392,110.33335,7.501121,-41.10813,216.62712,0.056880467,22.16131,0.018,67,764.40656
7/21/2026 20:44,37330.113,39464.47,25.483019,26.788025,1.0169611,25.651905,4.8972697,64.76105,100.97265,7.3929877,-34.766197,222.3301,0.04060918,22.168432,0.018,67,764.40656
7/21/2026 21:14,34621.047,36645.203,23.47332,28.884165,1.0154585,23.819382,4.5254974,59.08486,92.13167,7.2849708,-28.424263,217.58557,0.03875056,22.108028,0.009,67,764.40656
7/21/2026 21:44,30256.357,32091.385,20.273666,33.050903,1.0130692,20.8594,4.172277,53.36974,83.23383,7.172489,-21.820068,207.98683,0.038147148,22.006214,0.009,67,764.40656
7/21/2026 22:14,26760.633,28440.238,17.751097,37.368324,1.011191,18.486155,3.8775423,48.78871,76.1015,7.089054,-16.92295,189.66199,0.03796577,21.907993,0.009,67,764.40656
7/21/2026 22:44,23576.713,25113.123,15.4872875,42.414734,1.0095117,16.32353,3.6011734,44.626247,69.62126,7.0229907,-13.046265,150.65671,0.03858192,21.79688,0.018,67,764.40656
7/21/2026 23:14,21388.758,22830.135,13.954096,46.753532,1.008381,14.839587,3.375297,41.376385,64.56175,6.9794164,-10.523796,151.02386,0.037400518,21.69451,0.009,67,764.40656
7/21/2026 23:44,19172.07,20507.719,12.412554,52.159206,1.0072441,13.330017,3.2186408,39.026707,60.905544,6.945948,-8.673668,121.212006,0.037200734,21.5901,0.009,67,764.40656
7/22/2026 0:14,17489.09,18739.11,11.251503,57.178505,1.0063885,12.180422,3.1265883,37.59628,58.680874,6.9244647,-7.4863434,124.79305,0.03572478,21.507515,0,67,764.40656
7/22/2026 0:44,15554.367,16699.652,9.927339,64.29063,1.0054132,10.8547735,3.1173081,37.12728,57.957817,6.907559,-6.5517426,108.60443,0.035926215,21.40935,0.009,67,764.40656
7/22/2026 1:14,13781.807,14824.384,8.724594,72.559425,1.0045273,9.635849,3.1382518,37.050865,57.84684,6.900934,-6.184578,99.043846,0.035624452,21.317877,0.009,67,764.40656
7/22/2026 1:44,12583.266,13554.928,7.918972,79.47063,1.0039359,8.810703,3.05008,35.792515,55.888382,6.874309,-4.7159195,175.72879,0.03575627,21.246948,0.009,67,764.40656
7/22/2026 2:14,23767.186,25506.867,15.748188,42.074818,1.0097996,16.579464,5.773773,71.16742,111.093,7.2627807,-27.060509,125.35095,0.05077861,21.429085,0,67,764.40656
7/22/2026 2:44,39114.676,41694.965,27.075298,25.565851,1.0182748,27.101728,6.7691298,89.681526,139.92017,7.690441,-52.142143,200.26207,0.058413915,21.759953,0.009,67,764.40656
7/22/2026 3:14,40222.188,42842.395,27.906153,24.8619,1.018894,27.847555,6.777942,90.29651,140.87108,7.7426615,-55.208206,199.75186,0.13135126,21.797949,0.009,67,764.40656
7/22/2026 3:44,40610.227,43269.297,28.215258,24.62434,1.0191324,28.125042,6.817709,90.96474,141.9171,7.7569556,-56.04267,202.53659,0.19480065,21.782516,0.018,67,764.40656
7/22/2026 4:14,40583.223,43249.492,28.200567,24.640724,1.0191238,28.11217,6.9031687,92.080215,143.6597,7.7722917,-56.939125,203.46642,0.3299323,21.772326,0.009,67,764.40656
7/22/2026 4:44,40552.312,43228.68,28.185043,24.659506,1.0191157,28.098642,6.8689966,91.59313,142.90295,7.7643595,-56.471825,206.28929,0.37084854,21.758543,0.009,67,764.40656
7/22/2026 5:14,40460.2,43134.426,28.116518,24.715647,1.019065,28.037376,6.788858,90.48113,141.16902,7.7668977,-56.619644,211.38669,0.26977143,21.754059,0.009,67,764.40656
7/22/2026 5:44,40768.47,43448.215,28.344778,24.52876,1.0192335,28.241339,6.693773,89.35968,139.41559,7.7716455,-56.900978,204.0863,0.17682429,21.77085,0.009,67,764.40656
7/22/2026 6:14,40667.15,43347.24,28.271221,24.589872,1.0191799,28.175705,6.479566,86.45062,134.87871,7.756531,-56.01406,236.27281,0.18910089,21.76291,0.009,67,764.40656
7/22/2026 6:44,40630.047,43325.168,28.254583,24.612328,1.0191724,28.161358,6.3506036,84.69145,132.13828,7.7326612,-54.61216,197.04343,0.04090068,21.743095,0.009,67,764.40656
7/22/2026 7:14,40639.31,43310.76,28.24498,24.606718,1.019158,28.151995,6.331401,84.47278,131.79128,7.7390046,-54.98886,242.84363,0.037640397,21.770628,0.009,67,764.40656
7/22/2026 7:44,40536.492,43157.88,28.13557,24.66913,1.0190618,28.052622,6.249281,83.39824,130.10452,7.7139435,-53.52974,235.29529,0.03696143,21.819923,0.009,67,764.40656
7/22/2026 8:14,39828.098,42387.59,27.578068,25.107903,1.0186346,27.551933,5.92075,78.7842,122.90275,7.6517105,-49.886703,245.31364,0.03632886,21.838583,0.009,67,764.40656
7/22/2026 8:44,39531.773,42071.13,27.349287,25.296108,1.0184611,27.346233,5.522625,73.39031,114.4881,7.6023088,-46.992302,232.87773,0.03295633,21.839863,0.009,67,764.40656
7/22/2026 9:14,38635.21,41091.867,26.643715,25.883125,1.0179188,26.709715,5.366765,71.065186,110.855545,7.547951,-43.8118,201.80225,0.032371785,21.869923,0.009,67,764.40656
7/22/2026 9:44,32978.14,34959.35,22.281204,30.323116,1.0145777,22.72358,4.896694,63.402573,98.87642,7.3244567,-30.732155,142.75551,0.03484222,22.032887,0.018,67,764.40656
7/22/2026 10:14,25374.998,26635.408,16.52783,39.40887,1.0101118,17.313017,4.898682,61.899136,96.45396,7.191163,-22.95494,131.63567,0.033363476,22.52247,0.018,67,764.40656
7/22/2026 10:44,19468.033,20223.816,12.237895,51.366257,1.0067502,13.145481,4.9417396,61.501896,95.7504,7.116315,-18.59188,132.01236,0.036705796,23.043404,0.027,67,764.40656
7/22/2026 11:14,18244.523,18779.85,11.292766,54.81097,1.0059205,12.206902,5.1390467,64.15599,99.8018,7.0733356,-16.088486,92.344284,0.035699125,23.507572,0.027,67,764.40656
7/22/2026 11:44,16805.414,17077.328,10.187746,59.504635,1.0049192,11.100264,5.4769807,68.76659,106.8477,7.0528674,-14.915466,156.9414,0.0408951,24.166359,0.045,67,764.40656
7/22/2026 12:14,15776.186,15833.876,9.387567,63.386677,1.0041486,10.292019,5.8527565,74.008804,114.855545,7.049986,-14.777184,197.70622,0.036728412,24.809242,0.054,67,764.40656
7/22/2026 12:44,15118.878,14961.759,8.830345,66.14247,1.0035307,9.725143,6.119536,78.173256,121.14516,7.051135,-14.882088,226.82666,0.03817398,25.549812,0.072,67,764.40656
7/22/2026 13:14,14655.908,14341.852,8.435887,68.231865,1.003071,9.322204,6.4406705,82.97177,128.42805,7.068602,-15.950203,255.32722,0.039114688,26.146486,0.081,67,764.40656
7/22/2026 13:44,14071.588,13555.623,7.9375415,71.065186,1.0024602,8.811154,6.7258034,87.706535,135.51811,7.064166,-15.730858,258.77475,0.038333617,26.992817,0.09,67,764.40656
7/22/2026 14:14,34398.805,32733.54,20.793446,29.070778,1.0118574,21.2768,8.156601,115.625755,178.39777,7.789647,-59.113503,219.52151,0.036228605,27.663528,0.108,67,764.40656
7/22/2026 14:44,43816.25,43378.3,28.387196,22.822582,1.0181978,28.195896,8.401678,119.85982,185.75464,7.9265256,-66.81442,202.64626,0.038810696,25.52859,0.063,67,764.40656
7/22/2026 15:14,43189.88,42612.996,27.832779,23.153572,1.0177268,27.698448,8.623844,123.02224,190.5878,7.940707,-67.69657,195.8561,0.39614305,25.708786,0.063,67,764.40656
7/22/2026 15:44,42317.316,41062.344,26.721266,23.630987,1.0166217,26.690523,8.6704035,124.793396,192.98158,7.9476476,-68.31169,193.51483,0.35894448,26.600136,0.063,67,764.40656
7/22/2026 16:14,42730.477,41408.3,26.973055,23.4025,1.0167887,26.915396,8.910405,128.58556,198.81607,7.9717946,-69.766045,197.3772,0.79927,26.67174,0.081,67,764.40656
7/22/2026 16:44,43325.76,42327.105,27.633738,23.080956,1.0174181,27.512619,9.092596,130.73257,202.31815,7.984889,-70.44315,212.98886,0.93534166,26.235275,0.072,67,764.40656
7/22/2026 17:14,43479.992,42908.8,28.04798,22.999084,1.0178922,27.89072,9.093599,129.85548,201.1786,8.00839,-71.71154,198.26889,0.7861649,25.696949,0.072,67,764.40656
7/22/2026 17:44,43308.098,43327.91,28.339533,23.09037,1.0183262,28.163141,8.722399,123.22473,191.174,7.984578,-70.12844,198.94122,0.6708018,24.97606,0.054,67,764.40656
7/22/2026 18:14,43201.676,43377.355,28.37167,23.147251,1.0184057,28.19528,8.60968,121.25932,188.19203,7.980894,-69.86618,218.84442,0.7151505,24.787956,0.045,67,764.40656
7/22/2026 18:44,43251.477,43433.95,28.412762,23.120598,1.0184389,28.232067,8.514267,119.92727,186.12746,7.9732704,-69.413185,221.72928,0.6874392,24.780045,0.045,67,764.40656
7/22/2026 19:14,43271.383,43334.13,28.342999,23.109962,1.0183442,28.167185,8.3472,117.820625,182.80797,7.9656963,-68.99834,238.595,0.71185076,24.924189,0.045,67,764.40656
7/22/2026 19:44,43357.29,43299.617,28.32081,23.064173,1.0182843,28.14475,8.173576,115.645744,179.38358,7.9487863,-68.03036,219.55966,0.74733865,25.069733,0.045,67,764.40656
7/22/2026 20:14,43466.38,43095.027,28.179136,23.006287,1.0180645,28.011768,7.212944,102.6432,159.09706,7.8460193,-62.02221,239.46286,0.48643482,25.451153,0.054,67,764.40656
7/22/2026 20:44,43432.9,42526.52,27.776875,23.024021,1.0175618,27.642237,6.317926,90.727425,140.4414,7.700267,-53.49636,244.8988,0.36058462,26.115883,0.063,67,764.40656
7/22/2026 21:14,42150.844,40966.83,26.650831,23.724318,1.0165955,26.628439,5.7098837,82.02882,126.872986,7.5728173,-45.981407,246.49142,0.2137119,26.513184,0.072,67,764.40656
7/22/2026 21:44,39577.652,38438.49,24.82958,25.266785,1.0152174,24.985016,5.1124544,72.743805,112.502975,7.438148,-37.970543,236.04393,0.14826182,26.551624,0.081,67,764.40656
7/22/2026 22:14,34661.387,33689.316,21.455118,28.850548,1.0127013,21.898056,4.7966685,66.91891,103.50319,7.317666,-30.794144,242.09976,0.14867842,26.510681,0.081,67,764.40656
7/22/2026 22:44,30397.703,29652.969,18.636969,32.89722,1.0106496,19.274431,4.3059754,58.927452,91.17963,7.198719,-23.698807,232.8968,0.10213647,26.31492,0.072,67,764.40656
7/22/2026 23:14,26938.352,26407.924,16.40668,37.121796,1.0090574,17.165152,3.855264,51.86145,80.289314,7.116347,-18.782616,209.57947,0.040437885,26.05162,0.063,67,764.40656
7/22/2026 23:44,24356.111,24007.248,14.778025,41.057457,1.0079219,15.604712,3.517994,46.652218,72.2668,7.0628443,-15.587807,126.7004,0.039385956,25.760815,0.063,67,764.40656
7/23/2026 0:14,22290.781,22123.674,13.513158,44.861595,1.0070778,14.380388,3.381814,44.239403,68.57858,7.0322075,-13.751984,170.56943,0.062226914,25.395462,0.054,67,764.40656
7/23/2026 0:44,20712.979,20687.084,12.556711,48.278908,1.006453,13.446605,3.3063226,42.76538,66.33594,7.00445,-12.09259,138.64993,0.10196589,25.065535,0.054,67,764.40656
7/23/2026 1:14,19318.107,19450.172,11.738671,51.764904,1.0059547,12.6426115,3.3514402,42.822742,66.477974,7.0128803,-12.574196,205.55972,0.22403446,24.644506,0.045,67,764.40656
7/23/2026 1:44,18491.354,18780.229,11.296919,54.07933,1.0057436,12.207149,3.4149873,43.17196,67.07597,7.0081964,-12.278557,237.84637,0.0809433,24.194666,0.045,67,764.40656
7/23/2026 2:14,17050.799,17456.533,10.431858,58.648277,1.0052025,11.346746,3.492337,43.603237,67.79651,7.0223093,-13.093948,257.1106,0.15313289,23.78311,0.027,67,764.40656
7/23/2026 2:44,16791.648,17238.797,10.289872,59.553413,1.0051326,11.205218,3.2343957,40.24565,62.59171,6.996877,-11.563301,251.91785,0.15887007,23.641962,0.027,67,764.40656
7/23/2026 3:14,15185.837,15736.515,9.318253,65.85083,1.0045238,10.228735,3.2352505,39.683796,61.769207,7.010294,-12.359619,264.101,0.08157556,23.167873,0.027,67,764.40656
7/23/2026 3:44,19930.123,20976.215,12.729379,50.175304,1.0072857,13.63454,3.3976908,41.895218,65.29747,7.030099,-13.489723,231.22311,0.22022116,22.388985,0.018,67,764.40656
7/23/2026 4:14,40778.332,43366.203,28.288486,24.522827,1.0191627,28.188032,5.666617,75.76624,118.1877,7.6737366,-51.1837,226.76944,0.22033265,21.875666,0.009,67,764.40656
7/23/2026 4:44,41140,43812.727,28.61077,24.307243,1.0194255,28.478273,5.914429,79.128876,123.446884,7.7128468,-53.462982,223.06442,0.1498032,21.806103,0.009,67,764.40656
7/23/2026 5:14,41144.76,43868.844,28.649767,24.30443,1.0194705,28.51475,5.9332223,79.316345,123.750694,7.7271886,-54.29268,227.90433,0.16188622,21.748898,0.009,67,764.40656
7/23/2026 5:44,41170.066,43920.93,28.686749,24.289492,1.0195061,28.548605,5.9416537,79.405754,123.895775,7.7321615,-54.57878,226.24493,0.08356518,21.720825,0.009,67,764.40656
7/23/2026 6:14,41168.504,43903.92,28.674929,24.290415,1.0194924,28.53755,5.9180408,79.1092,123.42967,7.7330027,-54.631233,236.27281,0.03727555,21.737974,0.009,67,764.40656
7/23/2026 6:44,41212.766,43974.7,28.725567,24.264326,1.0195379,28.583553,5.9882197,80.03295,124.8762,7.7390294,-54.979324,239.35794,0.07317034,21.711658,0,67,764.40656
7/23/2026 7:14,41170.418,43918.55,28.685118,24.289284,1.019504,28.547058,5.931373,79.272064,123.68657,7.738746,-54.96502,261.34015,0.03581146,21.723907,0.009,67,764.40656
7/23/2026 7:44,41220.418,43968.59,28.72163,24.259823,1.0195307,28.579584,5.8611026,78.35476,122.254585,7.7240806,-54.106712,255.59903,0.03376185,21.727589,0,67,764.40656
7/23/2026 8:14,41132.668,43864.01,28.64596,24.311577,1.01947,28.511608,5.8796296,78.58517,122.61169,7.7181807,-53.76339,257.48254,0.035017554,21.739872,0.018,67,764.40656
7/23/2026 8:44,41134.887,43821.51,28.616648,24.310265,1.0194342,28.483984,5.559765,74.364914,116.017715,7.6853848,-51.851273,255.09357,0.033403546,21.790136,0.009,67,764.40656
7/23/2026 9:14,40715.605,43316.914,28.252092,24.560608,1.0191405,28.155994,5.33089,71.236725,111.125656,7.6456385,-49.533844,228.19519,0.032647762,21.855864,0.009,67,764.40656
7/23/2026 9:44,39954.5,42416.824,27.602839,25.02847,1.0186206,27.570936,5.0632305,67.53232,105.32915,7.591893,-46.401024,229.20609,0.032725908,21.9607,0.018,67,764.40656
7/23/2026 10:14,37962.004,40146.77,25.971806,26.342129,1.0173354,26.0954,4.9049883,65.02693,101.390114,7.5052104,-41.34655,182.99579,0.03008985,22.150814,0.018,67,764.40656
7/23/2026 10:44,34946.727,36764.508,23.56465,28.614983,1.0154469,23.89693,4.7428594,62.297855,97.09322,7.397455,-35.057068,160.84671,0.032090336,22.411312,0.018,67,764.40656
7/23/2026 11:14,31077.27,32456.549,20.541706,32.17786,1.0130696,21.096756,4.7369184,61.54483,95.86113,7.302375,-29.511452,221.50516,0.034597937,22.775066,0.027,67,764.40656
7/23/2026 11:44,28316.072,29354.172,18.396942,35.31563,1.0113552,19.080212,4.9099126,63.435898,98.7435,7.223556,-24.909973,239.00032,0.038114447,23.148449,0.027,67,764.40656
7/23/2026 12:14,28301.482,29166.344,18.271553,35.33384,1.011181,18.958124,5.036849,65.3821,101.719894,7.2245054,-24.991035,259.3136,0.037594575,23.447502,0.045,67,764.40656
7/23/2026 12:44,28486.982,29138.639,18.25723,35.103752,1.0110672,18.940117,5.1532717,67.34935,104.70955,7.208925,-24.104118,222.56851,0.039189324,23.829113,0.054,67,764.40656
7/23/2026 13:14,28426.494,28911.818,18.104504,35.17845,1.0108727,18.792683,5.2047586,68.31965,106.16202,7.2283087,-25.27237,225.45815,0.03590319,24.121136,0.072,67,764.40656
7/23/2026 13:44,29082.07,29330.592,18.397835,34.38545,1.0109727,19.064886,5.2317605,69.325676,107.63885,7.226554,-25.205612,212.57877,0.034374423,24.556381,0.081,67,764.40656
7/23/2026 14:14,29959.182,30110.092,18.938402,33.37875,1.011328,19.57156,5.346694,71.29624,110.66085,7.2430573,-26.197433,249.59088,0.032528926,24.737593,0.099,67,764.40656
7/23/2026 14:44,30295.22,30250.055,19.03897,33.008507,1.0113074,19.662537,5.5323772,74.26008,115.186455,7.238205,-25.939941,244.31705,0.02967966,25.07817,0.108,67,764.40656
7/23/2026 15:14,30464.809,29172.29,18.311766,32.82476,1.0101079,18.961987,8.427526,117.131874,180.85725,7.817305,-60.6966,213.95683,0.5288052,27.319708,0.099,67,764.40656
7/23/2026 15:44,42520.52,42834.836,27.972916,23.518057,1.0181557,27.842644,8.763815,122.782234,190.61723,8.04817,-73.804855,191.81729,0.25074515,24.61582,0.063,67,764.40656
7/23/2026 16:14,43247.207,44335.863,29.046331,23.12288,1.0192255,28.818312,8.604956,119.40615,185.68149,8.018804,-71.84982,197.70145,0.1346296,23.714409,0.036,67,764.40656
7/23/2026 16:44,43120.395,44458.605,29.12848,23.190882,1.0193701,28.898092,8.3834,115.79406,180.15701,7.9922323,-70.21427,209.7416,0.23700082,23.424074,0.027,67,764.40656
7/23/2026 17:14,43041.914,44437.137,29.110989,23.233168,1.019376,28.88414,8.348847,115.16698,179.20268,7.992505,-70.21427,220.04605,0.336892,23.356146,0.018,67,764.40656
7/23/2026 17:44,42973.07,44478.613,29.137829,23.270388,1.0194327,28.911098,8.287638,114.081635,177.55359,7.9809527,-69.503784,225.24356,0.2898398,23.227818,0.027,67,764.40656
7/23/2026 18:14,42868.188,44433.426,29.102861,23.327322,1.0194265,28.881727,8.223003,113.02464,175.93048,7.986182,-69.794655,230.31711,0.18963526,23.155678,0.027,67,764.40656
7/23/2026 18:44,42836.324,44446.773,29.11116,23.344673,1.0194476,28.890404,8.174371,112.256775,174.75114,7.9772363,-69.25583,218.8635,0.21542358,23.102974,0.018,67,764.40656
7/23/2026 19:14,42687.72,44403.645,29.076162,23.425941,1.0194565,28.862368,7.9214263,108.51823,168.96797,7.949607,-67.601204,237.2837,0.26084703,22.97676,0.027,67,764.40656
7/23/2026 19:44,42725.895,44431.715,29.097015,23.40501,1.0194687,28.880615,7.743229,106.11471,165.22185,7.938531,-66.952705,252.33746,0.40671426,22.98995,0.018,67,764.40656
7/23/2026 20:14,42694.59,44397.582,29.072145,23.42217,1.0194492,28.858429,7.6728544,105.138504,163.70137,7.936903,-66.85734,259.86194,0.3944949,22.991743,0.018,67,764.40656
7/23/2026 20:44,42809.117,44473.88,29.129211,23.35951,1.0194789,28.90802,7.528579,103.28405,160.80064,7.928855,-66.394806,250.5207,0.3603863,23.04019,0.027,67,764.40656
7/23/2026 21:14,42806.176,44449.188,29.11186,23.361115,1.0194589,28.891972,7.069482,97.01834,151.03929,7.8880773,-64.00108,247.38788,0.15324418,23.06472,0.009,67,764.40656
7/23/2026 21:44,42722.43,44274.207,28.986866,23.406908,1.0193362,28.778236,6.6046,90.734,141.23134,7.8203034,-60.0338,245.54253,0.21578062,23.164963,0.027,67,764.40656
7/23/2026 22:14,40067.254,41141.258,26.723963,24.958036,1.0174958,26.741817,6.23847,85.29705,132.65959,7.7162075,-53.99227,252.76184,0.13469349,23.633232,0.036,67,764.40656
7/23/2026 22:44,37673.09,38420.375,24.775988,26.544146,1.0159292,24.973244,5.7626686,78.39595,121.850426,7.5915184,-46.696663,243.85928,0.091188535,23.981667,0.036,67,764.40656
7/23/2026 23:14,34440.37,35026.9,22.367441,29.035692,1.0140765,22.767483,5.313513,71.47338,111.06215,7.4587016,-38.876534,251.33609,0.06778382,24.123297,0.036,67,764.40656
7/23/2026 23:44,32137.97,32641.246,20.692518,31.11584,1.0127976,21.21681,4.8562217,64.7787,100.64654,7.335101,-31.585693,142.58862,0.056334242,24.192755,0.036,67,764.40656
7/24/2026 0:14,29700.666,30249.268,19.026691,33.669277,1.011585,19.662024,4.5759234,60.30704,93.723236,7.259105,-27.08435,149.74594,0.06382346,24.05047,0.036,67,764.40656
7/24/2026 0:44,27577.541,28205.424,17.61595,36.26139,1.0105838,18.333527,4.3557115,56.722443,88.18679,7.1966305,-23.379326,156.19754,0.07325832,23.8345,0.036,67,764.40656
7/24/2026 1:14,25948.793,26686.03,16.574448,38.537437,1.0098765,17.345919,4.178817,53.820694,83.7173,7.1511292,-20.67566,233.28305,0.09025128,23.553596,0.027,67,764.40656
7/24/2026 1:44,24470.625,25300.736,15.631342,40.865322,1.0092396,16.445478,3.963711,50.524303,78.627235,7.1210814,-18.88752,242.81024,0.080713645,23.28221,0.018,67,764.40656
7/24/2026 2:14,21966.314,22928.617,14.031435,45.52425,1.0081607,14.903602,3.9891167,49.94043,77.78267,7.092724,-17.18998,260.35785,0.039693464,22.80264,0.018,67,764.40656
7/24/2026 2:44,21631.33,22677.123,13.861365,46.229244,1.0080881,14.74013,3.6297376,45.21516,70.448814,7.0655823,-15.583038,266.1562,0.04377203,22.585516,0.018,67,764.40656
7/24/2026 3:14,20695.06,21713.904,13.219695,48.32071,1.0076159,14.1140375,3.7380407,46.355564,72.23075,7.0592875,-15.211105,282.23038,0.038835544,22.54339,0.009,67,764.40656
7/24/2026 3:44,20511.861,21545.15,13.10718,48.75228,1.007545,14.004349,3.0927937,38.29022,59.66883,7.025636,-13.232231,280.2086,0.040438473,22.489044,0,67,764.40656
7/24/2026 4:14,17523.62,18685.691,11.218632,57.065838,1.0063068,12.1456995,3.2722921,39.516716,61.65513,7.0557566,-14.96315,230.94177,0.042491853,21.743952,0,67,764.40656
7/24/2026 4:44,36880.535,39856.367,25.734062,27.114574,1.0174347,25.90664,5.3865466,69.94647,109.24465,7.512727,-41.63742,212.85057,0.2802452,21.090897,0.009,67,764.40656
7/24/2026 5:14,40839.477,43914.684,28.669512,24.486113,1.0195962,28.544544,5.9637284,79.1348,123.54863,7.7247453,-54.073334,225.47244,0.26830176,21.333673,0.009,67,764.40656
7/24/2026 5:44,41236.13,44310.99,28.95889,24.25058,1.0198069,28.802141,6.196276,82.40971,128.65489,7.7622995,-56.27632,214.36691,0.040154528,21.366877,0.009,67,764.40656
7/24/2026 6:14,41229.074,44303.082,28.953161,24.254728,1.0198025,28.797003,6.430914,85.52792,133.52284,7.795229,-58.202744,231.43768,0.07151423,21.36723,0.009,67,764.40656
7/24/2026 6:44,41195.492,44331.418,28.971369,24.2745,1.0198351,28.815422,6.379833,84.74851,132.32071,7.7878857,-57.759285,234.2558,0.03786919,21.296427,0.009,67,764.40656
7/24/2026 7:14,41219.883,44306.25,28.954979,24.260138,1.0198076,28.799063,6.469907,86.02512,134.3021,7.799761,-58.465004,243.98804,0.036871478,21.352884,0.009,67,764.40656
7/24/2026 7:44,41326.477,44341.332,28.983463,24.197563,1.019806,28.821867,6.5969715,87.86851,137.16115,7.8068805,-58.898926,243.19649,0.0512249,21.440212,0,67,764.40656
7/24/2026 8:14,41347.695,44278.54,28.9409,24.185144,1.0197487,28.78105,6.688799,89.22195,139.25313,7.8158455,-59.44252,262.08878,0.036359828,21.534498,0.009,67,764.40656
7/24/2026 8:44,41446.35,44345.387,28.990995,24.127577,1.0197752,28.824501,6.512678,86.96543,135.72206,7.800466,-58.550835,113.18684,0.035283934,21.57728,0.009,67,764.40656
7/24/2026 9:14,41564.47,44312.77,28.972988,24.059011,1.0197145,28.8033,6.64314,88.98048,138.82799,7.7988124,-58.488846,252.79045,0.03271394,21.752851,0.018,67,764.40656
7/24/2026 9:44,41773.613,44293.426,28.967455,23.938557,1.0196375,28.790728,6.543298,88.06611,137.34183,7.7774897,-57.291985,256.9437,0.04000042,22.021517,0.009,67,764.40656
7/24/2026 10:14,41419.387,43735.46,28.56753,24.143284,1.0192788,28.428051,6.315907,85.12265,132.70671,7.732433,-54.688454,266.7713,0.036349826,22.227411,0.009,67,764.40656
7/24/2026 10:44,40797.234,43032.31,28.058212,24.511465,1.0188787,27.971,6.052708,81.41198,126.91066,7.665388,-50.764084,254.52136,0.03167573,22.280657,0.009,67,764.40656
7/24/2026 11:14,37169.31,38804.79,25.026031,26.903917,1.0164473,25.223112,5.5504065,74.03355,115.30973,7.5333695,-43.091774,171.08441,0.03393129,22.793386,0.027,67,764.40656
7/24/2026 11:44,35076.367,36379.457,23.306467,28.509224,1.0150595,23.646648,5.25591,69.8264,108.69534,7.393992,-34.93786,148.19623,0.034448512,23.12464,0.027,67,764.40656
7/24/2026 12:14,32197.553,32999.105,20.93609,31.058262,1.0131092,21.449419,5.14371,68.142715,105.962105,7.274886,-27.985573,162.45842,0.03467419,23.728266,0.036,67,764.40656
7/24/2026 12:44,31258.277,31758.07,20.075943,31.991526,1.0123388,20.642746,5.25643,69.84947,108.5283,7.2572966,-26.988983,162.4632,0.036965463,24.176044,0.054,67,764.40656
7/24/2026 13:14,30255.85,30521.107,19.220932,33.05146,1.0115939,19.83872,5.3653145,71.415565,110.886086,7.214716,-24.504662,238.50919,0.036658894,24.544975,0.054,67,764.40656
7/24/2026 13:44,30609.523,30738.238,19.374247,32.66957,1.011643,19.979855,5.6022506,74.9471,116.31796,7.221479,-24.924278,259.81903,0.039366804,24.78076,0.072,67,764.40656
7/24/2026 14:14,30171.871,30066.959,18.913239,33.14345,1.0111835,19.543524,5.725644,76.94093,119.320786,7.208117,-24.166107,275.5022,0.037722237,25.182686,0.081,67,764.40656
7/24/2026 14:44,30460.469,30155.229,18.977793,32.829437,1.0111327,19.600899,5.779552,78.16898,121.14328,7.211983,-24.4236,250.36334,0.036818087,25.529963,0.099,67,764.40656
7/24/2026 15:14,30580.547,30128.803,18.961866,32.700527,1.0110472,19.583721,5.712526,77.60088,120.202156,7.2238383,-25.148392,259.7189,0.037843384,25.785013,0.108,67,764.40656
7/24/2026 15:44,30928.271,30347.635,19.115524,32.33288,1.0110995,19.725962,5.8636603,80.02481,123.90291,7.2041116,-23.994446,208.37784,0.038006473,26.00172,0.126,67,764.40656
7/24/2026 16:14,35235.89,32923.797,20.93369,28.380154,1.011647,21.400467,8.80044,126.99984,195.49783,7.932914,-67.90161,196.08975,0.06568641,28.676735,0.126,67,764.40656
7/24/2026 16:44,41834.66,39964.35,25.93845,23.903624,1.0157723,25.97683,10.970098,159.47313,246.16441,8.150606,-80.62363,207.9773,0.22187619,27.450232,0.108,67,764.40656
7/24/2026 17:14,42989.53,41296.414,26.89851,23.261477,1.0165864,26.842669,11.296629,164.26445,253.72685,8.202176,-83.618164,192.73282,0.41879818,27.146557,0.099,67,764.40656
7/24/2026 17:44,44027.047,42774.97,27.96463,22.71331,1.0175759,27.80373,11.904549,172.34941,266.56006,8.241337,-85.77824,178.27034,0.64238966,26.532524,0.081,67,764.40656
7/24/2026 18:14,44374.863,43639.266,28.584337,22.53528,1.0182397,28.365522,11.989638,172.27689,266.80127,8.23909,-85.458755,215.95477,1.0871469,25.88253,0.072,67,764.40656
7/24/2026 18:44,44382.65,44032.145,28.862686,22.531328,1.0185891,28.620893,11.320365,161.62483,250.53554,8.196871,-82.821846,222.4779,1.2505293,25.416763,0.063,67,764.40656
7/24/2026 19:14,44029.6,44103.25,28.904295,22.711992,1.0187703,28.667112,10.906165,154.40282,239.57347,8.171768,-81.19583,225.52014,1.4391651,24.912569,0.054,67,764.40656
7/24/2026 19:44,43693.31,44135.887,28.918495,22.886799,1.0189095,28.688328,10.408437,146.2558,227.11914,8.143133,-79.38385,228.9772,1.4683442,24.474995,0.045,67,764.40656
7/24/2026 20:14,43309.816,44141.25,28.911587,23.089453,1.0190378,28.691813,9.743268,135.80768,211.07292,8.100624,-76.75171,249.95328,1.5089643,24.013838,0.036,67,764.40656
7/24/2026 20:44,43382.242,44181.207,28.941727,23.050907,1.0190493,28.717785,9.515803,132.7514,206.30809,8.090516,-76.1652,254.27818,1.536744,24.053204,0.036,67,764.40656
7/24/2026 21:14,43382.477,44128.5,28.904707,23.050781,1.0190035,28.683525,9.413993,131.44478,204.25455,8.087179,-75.984,261.19708,1.4287628,24.114887,0.036,67,764.40656
7/24/2026 21:44,43615.977,44121.043,28.90595,22.927378,1.0189216,28.678679,9.432797,132.36584,205.57794,8.088041,-76.10798,256.81018,1.2662276,24.400667,0.036,67,764.40656
7/24/2026 22:14,43658.914,44028.043,28.841637,22.904829,1.0188264,28.618227,8.823046,124.10923,192.69707,8.043077,-73.49014,262.21277,1.067928,24.56105,0.045,67,764.40656
7/24/2026 22:44,43607.707,43781.08,28.666334,22.931726,1.0186263,28.4577,8.547645,120.59798,187.16393,8.014314,-71.845055,261.47842,0.8016642,24.792671,0.054,67,764.40656
7/24/2026 23:14,42589.836,42468.637,27.717379,23.47978,1.0178066,27.604614,7.984271,112.73471,174.84137,7.9549174,-68.41183,260.79654,0.57195115,25.14942,0.054,67,764.40656
7/24/2026 23:44,40575.08,40293.062,26.145872,24.64567,1.0165603,26.19049,7.198912,101.11976,156.76166,7.83176,-61.159134,257.58267,0.5777931,25.36645,0.054,67,764.40656
7/25/2026 0:14,36959.37,36762.184,23.614834,27.056738,1.0146836,23.895418,6.3490005,87.77787,136.10095,7.6393156,-49.734116,270.00903,0.51082206,25.280827,0.063,67,764.40656
7/25/2026 0:44,34030.69,33985.76,21.64731,29.385239,1.0132672,22.090746,5.6276875,76.656204,118.90518,7.4564524,-38.866997,264.58264,0.5557503,25.069218,0.054,67,764.40656
7/25/2026 1:14,31720.162,31821.225,20.128239,31.52569,1.0121939,20.683796,5.113396,68.76593,106.71409,7.3410406,-32.00531,237.9942,0.42550394,24.833717,0.054,67,764.40656
7/25/2026 1:44,30033.041,30289.664,19.060694,33.29666,1.0114704,19.688282,4.721393,62.800014,97.50674,7.264212,-27.432442,124.35913,0.5388986,24.556421,0.045,67,764.40656
7/25/2026 2:14,28179.027,28614.752,17.90111,35.487385,1.0106976,18.599588,4.4971256,59.04851,91.74189,7.2042937,-23.860931,214.9105,0.4227297,24.20276,0.036,67,764.40656
7/25/2026 2:44,27016.898,27648.182,17.233915,37.01387,1.0103047,17.97132,4.2263217,54.887363,85.33835,7.1468716,-20.442009,222.48746,0.44253826,23.804567,0.027,67,764.40656
7/25/2026 3:14,25391.879,26193.836,16.23798,39.38267,1.0096653,17.025993,4.088952,52.41247,81.54928,7.1369047,-19.826889,258.4648,0.42279968,23.397057,0.027,67,764.40656
7/25/2026 3:44,24518.842,25540.473,15.789498,40.78496,1.0094568,16.601307,4.0625963,51.476635,80.16126,7.1105423,-18.24379,246.74893,0.3505799,22.905733,0.018,67,764.40656
7/25/2026 4:14,23325.16,24462.082,15.057706,42.87216,1.0089935,15.900353,3.9777129,49.87658,77.71414,7.1100864,-18.196106,233.56915,0.2530051,22.566654,0.018,67,764.40656
7/25/2026 4:44,22225.281,23585.023,14.462095,44.993805,1.0086929,15.330265,3.4969618,43.2258,67.41634,7.1059012,-17.914772,215.6496,0.21096756,21.981531,0.009,66,764.40656
7/25/2026 5:14,33779.49,36140.895,23.10421,29.603764,1.0153178,23.491581,4.6323934,59.76962,93.2788,7.3661532,-33.125877,206.2273,0.6396476,21.579117,0.009,66,764.40656
7/25/2026 5:44,41253.613,44289.39,28.944675,24.240301,1.0197843,28.788105,6.0960712,81.13569,126.657104,7.7491145,-55.513382,213.42278,0.61854124,21.411304,0.009,66,764.40656
7/25/2026 6:14,41311.203,44413.324,29.032598,24.206509,1.0198691,28.868662,6.4253664,85.456474,133.41635,7.7940063,-58.12645,212.88872,0.5655885,21.34311,0.009,66,764.40656
7/25/2026 6:44,41363.82,44473.87,29.076536,24.175716,1.0199037,28.908016,6.511109,86.61229,135.22176,7.8011947,-58.546066,224.53308,0.5610979,21.33875,0,66,764.40656
7/25/2026 7:14,41352.445,44420.3,29.039068,24.182367,1.0198632,28.873198,6.7464476,89.79714,140.18408,7.8306274,-60.276985,239.34842,0.64619255,21.384071,0.009,66,764.40656
7/25/2026 7:44,41492.63,44480.785,29.08646,24.100666,1.0198728,28.912512,6.923068,92.33886,144.12961,7.8464155,-61.221123,241.3845,0.44517326,21.4828,0.009,66,764.40656
7/25/2026 8:14,41557.293,44454.33,29.070705,24.063166,1.0198327,28.895313,7.143515,95.45225,148.96442,7.867382,-62.470436,252.00366,0.5736503,21.58802,0.009,66,764.40656
7/25/2026 8:44,41711.07,44511.082,29.115973,23.974451,1.0198352,28.932205,7.3436522,98.36308,153.47815,7.882504,-63.381195,249.98665,0.4957915,21.706497,0.009,66,764.40656
7/25/2026 9:14,41742.44,44443.777,29.070541,23.956432,1.0197707,28.888456,7.4303117,99.69753,155.53258,7.889502,-63.815117,265.2788,0.36804032,21.81775,0.009,66,764.40656
7/25/2026 9:44,41886.402,44490.977,29.108711,23.874096,1.019768,28.919134,7.526282,101.22142,157.8801,7.8877673,-63.738823,265.35034,0.08892251,21.934996,0.009,66,764.40656
7/25/2026 10:14,42171.24,44480.12,29.111645,23.712845,1.0196756,28.912079,7.6791124,103.925354,162.00562,7.8907957,-63.991547,265.398,0.37780714,22.282293,0.018,66,764.40656
7/25/2026 10:44,42358.76,44424.145,29.07932,23.607866,1.0195732,28.875694,7.577003,103.045616,160.55853,7.866857,-62.646866,269.19366,0.12679197,22.565847,0.018,66,764.40656
7/25/2026 11:14,41747.17,43598.773,28.48393,23.953718,1.0190643,28.339203,7.230697,98.365974,153.21268,7.8128,-59.514046,256.28088,0.0721015,22.776484,0.027,66,764.40656
7/25/2026 11:44,40198.746,41663.42,27.09011,24.876398,1.0179048,27.081224,6.8426023,92.97069,144.71422,7.7102184,-53.55358,250.0105,0.45257372,23.159426,0.027,66,764.40656
7/25/2026 12:14,38306.863,39493.156,25.53315,26.104982,1.0166552,25.670551,6.65234,90.00557,140.03343,7.6691666,-51.1837,224.88116,0.036272924,23.427332,0.027,66,764.40656
7/25/2026 12:44,34652.98,35321.9,22.573921,28.857546,1.0142639,22.959234,6.1555405,82.72915,128.57924,7.4727707,-39.691925,177.31189,0.043236874,24.008495,0.036,66,764.40656
7/25/2026 13:14,34139.086,34636.69,22.094143,29.291939,1.013836,22.51385,6.1066957,82.19552,127.69415,7.3972387,-35.262108,225.08621,0.040267058,24.247831,0.036,66,764.40656
7/25/2026 13:44,32203.322,32330.182,20.483002,31.052696,1.0124713,21.014618,6.1526275,82.85189,128.58286,7.342884,-32.110214,238.80959,0.075118236,24.794561,0.036,66,764.40656
7/25/2026 14:14,31217.486,31042.611,19.591305,32.03333,1.0116599,20.177698,6.26122,84.62947,131.21571,7.3144646,-30.479431,273.2754,0.09524667,25.29494,0.054,66,764.40656
7/25/2026 14:44,29637.48,29215.795,18.330275,33.74106,1.0105827,18.990267,6.425489,86.93013,134.66083,7.2847586,-28.762817,275.3496,0.082325764,25.755682,0.063,66,764.40656
7/25/2026 15:14,29185.172,28581.084,17.895674,34.263973,1.0101557,18.577703,6.585452,89.42175,138.42288,7.278896,-28.448105,282.8455,0.1154873,26.10659,0.081,66,764.40656
7/25/2026 15:44,28957.459,28246.594,17.667152,34.533417,1.0099232,18.360287,6.6939583,91.112,140.97867,7.272707,-28.100014,270.79105,0.2100158,26.317612,0.081,66,764.40656
7/25/2026 16:14,27880.1,26951.854,16.782694,35.867878,1.0091194,17.518705,7.133896,97.43538,150.61086,7.325325,-31.280518,283.30325,0.0931672,26.803186,0.09,66,764.40656
7/25/2026 16:44,41528.047,40749.414,26.485779,24.080112,1.0166268,26.48712,8.922422,126.94655,196.55266,8.235394,-85.27279,188.72739,0.30379516,26.000408,0.081,66,764.40656
7/25/2026 17:14,44098.008,44091.36,28.897629,22.676762,1.0187371,28.659384,9.984967,141.58835,219.6504,8.27447,-87.304115,218.48679,0.9177705,25.007898,0.054,66,764.40656
7/25/2026 17:44,43955.727,44270.516,29.020367,22.750164,1.0189416,28.775835,10.237732,144.32265,224.05334,8.255633,-86.07864,197.65378,0.774184,24.627718,0.045,66,764.40656
7/25/2026 18:14,43649.348,44271.58,29.012794,22.90985,1.0190419,28.776527,10.176742,142.55342,221.45602,8.222866,-84.03778,213.1033,1.0831487,24.264145,0.036,66,764.40656
7/25/2026 18:44,43543.98,44353.83,29.06765,22.965286,1.019147,28.829988,10.152919,141.71921,220.24857,8.201059,-82.68833,228.38593,1.1995834,24.044043,0.036,66,764.40656
7/25/2026 19:14,43302.37,44295.766,29.019846,23.093424,1.0191735,28.792248,9.952414,138.35312,215.1019,8.174442,-81.05755,231.59027,1.2445006,23.825844,0.036,66,764.40656
7/25/2026 19:44,43182.96,44389.863,29.082249,23.157282,1.0192919,28.85341,9.826591,136.05606,211.62459,8.16071,-80.18017,223.4745,1.2656331,23.576506,0.027,66,764.40656
7/25/2026 20:14,42892.5,44383.42,29.06867,23.314098,1.0193766,28.849224,9.34231,128.57849,200.11143,8.117945,-77.57187,241.37497,1.1822629,23.241264,0.027,66,764.40656
7/25/2026 20:44,42716.906,44545.445,29.176134,23.409935,1.0195673,28.95454,8.841348,120.91998,188.31856,8.054395,-73.73333,248.17944,1.4491073,22.850845,0.018,66,764.40656
7/25/2026 21:14,42516.086,44490.27,29.130825,23.52051,1.0195813,28.918674,8.573787,116.867256,182.06055,8.034439,-72.517395,252.85245,1.5157508,22.676786,0.018,66,764.40656
7/25/2026 21:44,42580.688,44524.973,29.157234,23.484825,1.0195911,28.941233,8.373599,114.23117,177.94287,8.026657,-72.06917,241.85657,1.4536436,22.713755,0.018,66,764.40656
7/25/2026 22:14,42542.938,44502.37,29.14018,23.505665,1.0195836,28.926542,8.225933,112.16785,174.7343,8.01854,-71.58756,258.97504,1.3007685,22.694775,0.018,66,764.40656
7/25/2026 22:44,42670.586,44577.44,29.196894,23.435347,1.0196081,28.975338,7.7077794,105.25985,163.9549,7.9757595,-69.088936,260.91577,0.92839164,22.760408,0.018,66,764.40656
7/25/2026 23:14,42664.68,44565.367,29.18827,23.438591,1.0195997,28.96749,7.148041,97.62262,152.05728,7.92292,-65.984726,262.68958,0.677198,22.767048,0.018,66,764.40656
7/25/2026 23:44,42665.324,44488.22,29.134466,23.438238,1.0195347,28.917343,6.93224,94.793434,147.62857,7.9042587,-64.907074,253.49617,0.5627163,22.854723,0.027,66,764.40656
7/26/2026 0:14,42130.598,43918.598,28.719381,23.735718,1.0192169,28.547089,6.5602536,89.513466,139.40244,7.8613873,-62.389374,260.43414,0.5883181,22.868496,0.018,66,764.40656
7/26/2026 0:44,40628.223,42196.55,27.473282,24.613432,1.0182235,27.42776,6.15662,83.67861,130.27425,7.786159,-58.002472,256.69574,0.44451368,23.054071,0.027,66,764.40656
7/26/2026 1:14,38010.363,39374.484,25.44276,26.308615,1.016654,25.593416,5.6204834,75.67916,117.79351,7.6472716,-49.853325,255.67532,0.49919564,23.186132,0.027,66,764.40656
7/26/2026 1:44,35961.08,37308.938,23.966084,27.807842,1.0155613,24.25081,5.08689,67.81911,105.57363,7.4954767,-40.90786,241.84705,0.4911263,23.108532,0.027,66,764.40656
7/26/2026 2:14,34535.883,35926.99,22.983126,28.95539,1.014857,23.352543,4.7272844,62.515503,97.34023,7.391378,-34.766197,203.6047,0.5110747,22.972755,0.018,66,764.40656
7/26/2026 2:44,33411.52,34895.043,22.250877,29.929796,1.0143583,22.681778,4.426872,58.086872,90.47519,7.3183575,-30.45082,152.06815,0.56573224,22.774145,0.027,66,764.40656
7/26/2026 3:14,32194.652,33805.28,21.480007,31.06106,1.0138485,21.973433,4.164966,54.142532,84.36965,7.262071,-27.11773,170.65524,0.49227116,22.505535,0.018,66,764.40656
7/26/2026 3:44,31353.168,33094.945,20.977898,31.894703,1.0135386,21.511713,3.9480238,50.930183,79.39823,7.217456,-24.476051,201.6449,0.48079422,22.244516,0.018,66,764.40656
7/26/2026 4:14,30131.28,31978.49,20.194576,33.188103,1.0130173,20.786018,3.6571531,46.732807,72.88668,7.1871696,-22.678375,192.4324,0.5281723,21.975697,0.009,66,764.40656
7/26/2026 4:44,29493.602,31532.123,19.877762,33.90566,1.0128703,20.49588,3.632594,46.026268,71.82628,7.162395,-21.20018,218.41525,0.45064923,21.615234,0.009,66,764.40656
7/26/2026 5:14,28939.467,31079.82,19.560081,34.554886,1.0126865,20.201883,3.2541273,40.986496,63.983772,7.1455507,-20.198822,244.79866,0.3621113,21.394434,0.009,66,764.40656
7/26/2026 5:44,26499.254,28773.99,17.962091,37.73691,1.0116113,18.703094,2.822283,34.867077,54.475742,7.0849385,-16.622543,206.31314,0.5937208,20.86098,0,66,764.40656
7/26/2026 6:14,40633.082,44239.93,28.884884,24.610489,1.019918,28.755955,6.2941127,82.708824,129.24832,7.770343,-56.624413,209.77974,0.54426986,20.731453,0,66,764.40656
7/26/2026 6:44,41018.996,44621.55,29.164007,24.378948,1.0201192,29.00401,6.7223945,88.5493,138.36647,7.8322797,-60.248375,224.2279,0.43627876,20.772999,0,66,764.40656
7/26/2026 7:14,41090.066,44631.75,29.174082,24.336782,1.0201079,29.010637,6.8945794,90.9432,142.09152,7.855624,-61.626434,226.38321,0.5355203,20.84537,0,66,764.40656
7/26/2026 7:44,41221.42,44685.027,29.216373,24.259232,1.0201147,29.045269,7.1043725,93.89941,146.68875,7.87389,-62.713623,238.75237,0.5493334,20.941805,0.009,66,764.40656
7/26/2026 8:14,41268.01,44632.09,29.181826,24.231844,1.020059,29.010859,7.3350916,97.12761,151.70572,7.8962474,-64.044,248.3034,0.5486724,21.053741,0.009,66,764.40656
7/26/2026 8:44,41463.887,44721.58,29.25171,24.117373,1.020077,29.069027,7.5319676,100.016846,156.18651,7.906765,-64.68773,252.93826,0.48771146,21.186186,0,66,764.40656
7/26/2026 9:14,41527.047,44678.63,29.224619,24.080692,1.0200244,29.04111,7.737733,102.958664,160.7502,7.930036,-66.075325,259.16577,0.52799267,21.306862,0.009,66,764.40656
7/26/2026 9:44,41678.95,44706.074,29.249706,23.992928,1.020004,29.058949,7.9244723,105.74277,165.05873,7.9420176,-66.809654,244.46964,0.5124388,21.454884,0,66,764.40656
7/26/2026 10:14,41741.715,44654.996,29.216839,23.95685,1.0199445,29.025747,7.961711,106.46859,166.1577,7.941435,-66.804886,266.53766,0.4595759,21.584305,0.009,66,764.40656
7/26/2026 10:44,42059.793,44718.6,29.273186,23.775675,1.0199056,29.067091,8.1388035,109.46986,170.75879,7.9470983,-67.20543,266.7284,0.23872328,21.887096,0.009,66,764.40656
7/26/2026 11:14,42334.48,44683.43,29.258934,23.621407,1.0197966,29.04423,8.098796,109.63088,170.9095,7.936759,-66.68091,264.16302,0.26401192,22.247713,0.018,66,764.40656
7/26/2026 11:44,42746.773,44734.258,29.308908,23.393578,1.019717,29.077267,8.029639,109.55747,170.67387,7.912724,-65.36484,252.8143,0.08660759,22.673893,0.018,66,764.40656
7/26/2026 12:14,42730.277,44354.137,29.042974,23.402609,1.0194017,28.830189,7.7824697,106.79549,166.2552,7.854297,-62.01744,264.65894,0.04048245,23.08318,0.027,66,764.40656
7/26/2026 12:44,41426.242,42634.23,27.802158,24.139288,1.0183423,27.71225,7.3325205,100.67207,156.60414,7.7437572,-55.594444,266.88574,0.1647844,23.51656,0.027,66,764.40656
7/26/2026 13:14,38522.39,39402.75,25.476723,25.95893,1.0164999,25.611788,6.8757977,93.66507,145.6229,7.6078463,-47.636032,268.13507,0.0386237,23.830233,0.036,66,764.40656
7/26/2026 13:44,36440.547,36994.324,23.763138,27.44196,1.0151005,24.046312,6.597331,89.60182,139.2082,7.4848948,-40.43579,258.9035,0.15102205,24.21627,0.036,66,764.40656
7/26/2026 14:14,34365.38,34584.26,22.063398,29.099054,1.013694,22.47977,6.4337277,87.22763,135.40593,7.3917203,-34.985542,260.7298,0.078054234,24.668642,0.045,66,764.40656
7/26/2026 14:44,33337.56,33289.78,21.15837,29.996199,1.0128986,21.63836,6.4492297,87.61178,135.89738,7.3452716,-32.281876,234.54666,0.33875242,25.07514,0.054,66,764.40656
7/26/2026 15:14,32587.441,32189.477,20.394463,30.686668,1.0121607,20.923159,6.5871496,89.994194,139.43729,7.32832,-31.337738,178.11775,0.2667986,25.647285,0.063,66,764.40656
7/26/2026 15:44,31995.482,31372.1,19.828045,31.254412,1.0116217,20.391865,6.7221494,92.172935,142.70079,7.306684,-30.093193,235.79597,0.31412652,26.04035,0.072,66,764.40656
7/26/2026 16:14,30878.79,30013.908,18.88838,32.38469,1.0107807,19.50904,6.678334,91.83035,142.0342,7.2800164,-28.553009,273.30875,0.28773054,26.50869,0.072,66,764.40656
7/26/2026 16:44,30696.064,29735.934,18.697254,32.577465,1.010584,19.328356,6.952237,95.79435,148.10928,7.27324,-28.16677,274.93954,0.48598275,26.690498,0.09,66,764.40656
7/26/2026 17:14,29545.797,28513.701,17.854868,33.84576,1.0098935,18.533905,6.0030212,82.615906,127.67889,7.220671,-25.053024,271.91638,0.31539357,26.895105,0.09,66,764.40656
7/26/2026 17:44,41278.305,40708.875,26.452175,24.225801,1.0166819,26.46077,9.734854,137.84451,213.54066,8.0574045,-74.62978,214.4289,0.47200504,25.732353,0.081,66,764.40656
7/26/2026 18:14,42899.99,42659.453,27.858957,23.31003,1.01787,27.728643,10.25291,145.24828,225.20348,8.126653,-78.62568,214.40982,8.003075,25.295206,0.054,66,764.40656
7/26/2026 18:44,43274.598,43627.363,28.549454,23.108244,1.0186015,28.357786,10.238161,143.81358,223.28436,8.132193,-78.76396,207.03316,0.9910061,24.576654,0.054,66,764.40656
7/26/2026 19:14,43238.805,44213.14,28.959991,23.127375,1.0191226,28.738543,10.110545,140.55325,218.51453,8.121565,-77.9438,235.32867,1.3982853,23.84622,0.036,66,764.40656
7/26/2026 19:44,43177.246,44530.797,29.180817,23.160347,1.0194141,28.945019,9.819343,135.63148,211.02658,8.09761,-76.41792,244.2026,1.1331472,23.408594,0.027,66,764.40656
7/26/2026 20:14,42910.81,44553.902,29.188473,23.304152,1.0195155,28.960037,9.544879,131.05786,204.03087,8.088643,-75.8028,250.28229,1.4744315,23.069172,0.027,66,764.40656
7/26/2026 20:44,42885.938,44655.027,29.258312,23.317667,1.0196085,29.025768,9.266799,126.9678,197.71204,8.06705,-74.49627,250.25845,1.558459,22.925821,0.027,66,764.40656
7/26/2026 21:14,42701.47,44592.426,29.2084,23.418398,1.0196115,28.985077,8.969457,122.54002,190.86461,8.048449,-73.366165,249.3143,1.3299584,22.779823,0.018,66,764.40656
7/26/2026 21:44,42606.742,44643.01,29.240438,23.470465,1.0196823,29.017958,8.667892,118.088455,183.98303,8.023427,-71.85459,247.26392,1.4306811,22.611921,0.018,66,764.40656
7/26/2026 22:14,42498.99,44595.535,29.203604,23.529972,1.0196747,28.987099,8.396524,114.21753,177.97397,8.002541,-70.61005,266.68073,1.4962183,22.538616,0.018,66,764.40656
7/26/2026 22:44,42567.25,44656.008,29.248129,23.492239,1.0197049,29.026405,8.219938,111.869095,174.31104,7.9880385,-69.76128,265.53632,1.3908107,22.55108,0.018,66,764.40656
7/26/2026 23:14,42535.55,44639.957,29.235832,23.509747,1.0197009,29.015972,7.9578905,108.257835,168.68948,7.967656,-68.55965,260.05743,1.106406,22.531843,0.018,66,764.40656
7/26/2026 23:44,42581.453,44741.895,29.308474,23.484404,1.0197724,29.082232,7.1324005,96.965065,151.10799,7.86476,-62.503815,253.14807,0.53445387,22.471897,0.009,66,764.40656
7/27/2026 0:14,42512.74,44662.76,29.250912,23.522362,1.0197269,29.030796,6.58204,89.465485,139.41902,7.773864,-57.168007,260.08606,0.50171936,22.479631,0.018,66,764.40656
7/27/2026 0:44,42412.03,44468.582,29.11212,23.578215,1.0195944,28.90458,6.328872,86.107285,134.16354,7.710057,-53.43914,255.14127,0.40377533,22.578676,0.027,66,764.40656
7/27/2026 1:14,41715.754,43501.668,28.41532,23.97176,1.018992,28.276085,6.046765,82.335754,128.22824,7.6503406,-49.977303,245.44238,0.46303087,22.850578,0.018,66,764.40656
7/27/2026 1:44,39724.98,41129.63,26.705807,25.173077,1.0176002,26.734259,5.688955,77.196976,120.15058,7.530309,-42.972565,235.80551,0.54177403,23.21195,0.027,66,764.40656
7/27/2026 2:14,36715.47,37919.773,24.405796,27.236477,1.01583,24.647852,5.0790215,68.1643,106.06887,7.367494,-33.402443,235.34775,0.5716834,23.337212,0.027,66,764.40656
7/27/2026 2:44,35015.543,36220.867,23.196665,28.558746,1.0149404,23.543564,4.6303997,61.624317,95.905426,7.252071,-26.597977,230.88455,0.5691217,23.257746,0.036,66,764.40656
7/27/2026 3:14,34009.7,35270.91,22.522543,29.403378,1.0144677,22.92609,4.271493,56.49527,87.94293,7.203167,-23.708344,233.50716,0.5812811,23.127863,0.027,66,764.40656
7/27/2026 3:44,33289.27,34642.91,22.076748,30.03971,1.0141786,22.51789,3.9295375,51.677063,80.46671,7.162298,-21.29078,193.49098,0.49133253,22.954235,0.018,66,764.40656
7/27/2026 4:14,32627.938,34060.94,21.664787,30.64858,1.0139102,22.139612,3.6303928,47.49462,73.97398,7.133207,-19.569397,201.01071,0.51905274,22.79729,0.018,66,764.40656
7/27/2026 4:44,32186.07,33717.918,21.420933,31.069342,1.0137732,21.916647,3.4345052,44.725697,69.681984,7.1098666,-18.18657,231.328,0.45741862,22.6214,0.018,66,764.40656
7/27/2026 5:14,31727.283,33388.87,21.186262,31.518614,1.0136563,21.702766,3.1955338,41.385963,64.503174,7.090772,-17.051697,154.16145,0.51866305,22.394516,0.009,66,764.40656
7/27/2026 5:44,31069.738,32832.152,20.793318,32.185658,1.0134135,21.340899,2.9779425,38.336308,59.770252,7.0678887,-15.697479,191.90788,0.95952195,22.189552,0.009,66,764.40656
7/27/2026 6:14,28794.309,30746.652,19.334784,34.729084,1.0124451,19.985325,2.7332246,34.56004,53.927486,7.033016,-13.628006,202.10266,2.0907583,21.675508,0.009,66,764.40656
7/27/2026 6:44,41113.926,44049.57,28.773493,24.322659,1.019628,28.63222,6.245269,83.1884,129.84113,7.73193,-54.52633,206.8901,0.51677567,21.510778,0.009,66,764.40656
7/27/2026 7:14,41672.785,44595.656,29.173052,23.996477,1.0199156,28.987177,7.0282826,93.93544,146.60179,7.862728,-62.19387,232.76329,0.7007771,21.5685,0.009,66,764.40656
7/27/2026 7:44,41806.48,44704.86,29.2539,23.919737,1.0199668,29.058159,7.2461715,96.95838,151.3107,7.883852,-63.438416,224.17068,0.57311,21.605568,0.009,66,764.40656
7/27/2026 8:14,41773.305,44621.406,29.194803,23.938734,1.0199078,29.003914,7.4070387,99.17118,154.75099,7.905889,-64.74018,224.58554,0.61713845,21.65821,0.009,66,764.40656
7/27/2026 8:44,41911.562,44677.707,29.239162,23.859764,1.0199145,29.040508,7.728329,103.68715,161.77197,7.926434,-65.96565,226.03513,0.59761345,21.758465,0.009,66,764.40656
7/27/2026 9:14,42118.473,44735.84,29.287376,23.742552,1.0199028,29.078297,8.093074,108.96104,169.95146,7.969359,-68.5215,232.6107,0.61319214,21.936796,0.009,66,764.40656
7/27/2026 9:44,42290.656,44759.746,29.310398,23.645885,1.0198727,29.093836,8.307438,112.21521,174.9773,7.9874477,-69.62299,229.81644,0.5010475,22.111876,0.009,66,764.40656
7/27/2026 10:14,42337.875,44714.887,29.280943,23.619513,1.0198218,29.064676,8.40777,113.76487,177.3632,7.9936094,-70.00923,245.88585,7.1834354,22.216791,0.018,66,764.40656
7/27/2026 10:44,42528.01,44756.77,29.316935,23.513914,1.0198007,29.0919,8.421188,114.33021,178.1928,7.983801,-69.475174,257.26318,0.5552277,22.392822,0.018,66,764.40656
7/27/2026 11:14,42600.402,44718.062,29.29253,23.473957,1.0197469,29.066742,8.3702545,113.88227,177.45691,8.001558,-70.54806,266.35648,0.2540456,22.520638,0.018,66,764.40656
7/27/2026 11:44,43171.33,44806.03,29.37331,23.163523,1.0196496,29.12392,8.686889,119.44808,185.95012,7.9945493,-70.27149,244.86066,0.44394687,23.089842,0.027,66,764.40656
7/27/2026 12:14,43622.03,44773.19,29.36453,22.924196,1.0194832,29.102575,8.587887,119.26064,185.47517,7.9693093,-68.917274,253.09563,0.047507133,23.653877,0.027,66,764.40656
7/27/2026 12:44,44200.336,44842.176,29.429987,22.624262,1.0193605,29.147415,8.373179,117.54247,182.60617,7.904889,-65.2504,244.30753,0.040432394,24.250614,0.036,66,764.40656
7/27/2026 13:14,44291.574,44586.945,29.252485,22.577658,1.0191092,28.981516,8.088815,114.23089,177.32903,7.852852,-62.260628,242.80548,0.08228168,24.653162,0.045,66,764.40656
7/27/2026 13:44,43782.78,43749.59,28.648546,22.840029,1.0185401,28.437233,7.8135643,110.70111,171.72362,7.7828145,-58.193207,241.50372,0.09591234,25.039717,0.045,66,764.40656
7/27/2026 14:14,41880.305,41488.754,27.012522,23.877573,1.0171741,26.967691,7.3668127,104.2179,161.52425,7.653588,-50.616264,260.5915,0.06484899,25.494114,0.054,66,764.40656
7/27/2026 14:44,38374.88,37687.64,24.284222,26.058714,1.0149877,24.496965,6.9195905,97.15624,150.44186,7.4700003,-39.787292,221.65775,0.40014878,25.954716,0.072,66,764.40656
7/27/2026 15:14,35841.85,35005.668,22.381075,27.900345,1.0134724,22.753685,6.5978723,92.11643,142.55238,7.363097,-33.4692,192.43716,0.4807764,26.250631,0.072,66,764.40656
7/27/2026 15:44,34270.24,33241.453,21.14129,29.179838,1.0124335,21.606945,6.546171,91.33722,141.23868,7.3010597,-29.816628,203.61423,0.6240994,26.62036,0.081,66,764.40656
7/27/2026 16:14,32876.793,31593.156,19.991442,30.416592,1.0114211,20.535551,6.596358,92.2431,142.48682,7.2665563,-27.809143,151.92508,0.78126305,27.12724,0.081,66,764.40656
7/27/2026 16:44,31775.146,30410.955,19.16993,31.471138,1.0107403,19.76712,6.559545,91.65337,141.50838,7.2240314,-25.291443,187.45422,0.81303483,27.348614,0.099,66,764.40656
7/27/2026 17:14,30038.83,28680.453,17.973324,33.290245,1.0098069,18.642294,6.399205,89.01612,137.39742,7.2255235,-25.391579,146.88492,0.8146263,27.479708,0.099,66,764.40656
7/27/2026 17:44,28166.312,26964.1,16.793999,35.503407,1.00897,17.526665,6.2534494,86.20159,133.0952,7.176675,-22.463799,218.17207,1.0544168,27.334332,0.09,66,764.40656
7/27/2026 18:14,39007.312,37917.906,24.45606,25.636219,1.0149517,24.64664,7.3685493,104.54032,161.69424,7.8352942,-61.602592,202.45552,0.6447382,26.50422,0.09,66,764.40656
7/27/2026 18:44,44348.223,43809.605,28.704384,22.548819,1.0184019,28.476244,9.402447,134.64394,208.6192,8.1314535,-79.00238,212.03519,0.9535224,25.643694,0.072,66,764.40656
7/27/2026 19:14,44289.688,44551.637,29.227512,22.578619,1.0190789,28.958565,9.20774,130.1016,201.95148,8.099999,-76.88999,205.46913,0.8916383,24.692165,0.054,66,764.40656
7/27/2026 19:44,43990.543,44527.355,29.202322,22.732159,1.0191543,28.942781,8.91117,125.18902,194.443,8.082853,-75.79327,216.37439,1.0254912,24.368807,0.045,66,764.40656
7/27/2026 20:14,43808.64,44544.566,29.209335,22.826548,1.0192276,28.953968,8.771704,122.733894,190.71156,8.068115,-74.863434,228.09982,1.025544,24.135021,0.036,66,764.40656
7/27/2026 20:44,43667.582,44683.844,29.303156,22.900284,1.0193923,29.0445,8.587056,119.53235,185.84622,8.037817,-72.99423,236.76395,1.1880783,23.809248,0.036,66,764.40656
7/27/2026 21:14,43548.51,44648.92,29.275059,22.962896,1.0193995,29.021801,8.5621395,118.95831,184.98663,8.039526,-73.070526,237.55551,1.1158081,23.709642,0.036,66,764.40656
7/27/2026 21:44,43486.89,44732.89,29.332111,22.995436,1.0194905,29.076378,8.548478,118.45758,184.26285,8.03343,-72.66998,231.84299,1.1126131,23.541662,0.027,66,764.40656
7/27/2026 22:14,43294.7,44668.81,29.281193,23.097515,1.0194954,29.034725,8.414216,116.25077,180.87857,8.023215,-72.03102,255.43689,1.1203858,23.389416,0.036,66,764.40656
7/27/2026 22:44,43106.535,44712.56,29.305801,23.19834,1.0195901,29.063164,8.1460285,112.02614,174.38718,7.998644,-70.51945,262.7945,1.1766123,23.119432,0.027,66,764.40656
7/27/2026 23:14,43069.89,44660.09,29.267904,23.218077,1.019557,29.029058,7.693428,105.80931,164.70502,7.9775925,-69.28444,274.79648,1.2605678,23.135775,0.027,66,764.40656
7/27/2026 23:44,43241.934,44732.836,29.324368,23.1257,1.019566,29.076344,7.6802917,105.8859,164.79016,7.962216,-68.40706,259.95255,1.2049179,23.255024,0.027,66,764.40656
7/28/2026 0:14,43332.633,44714.6,29.314472,23.077295,1.0195225,29.064491,7.0222874,97.02564,150.96753,7.894038,-64.4207,254.18282,0.81334037,23.38186,0.027,66,764.40656
7/28/2026 0:44,43526.246,44831.016,29.402159,22.974644,1.0195621,29.14016,5.981787,82.82861,128.85623,7.751412,-56.037903,233.3212,0.67917085,23.476221,0.027,66,764.40656
7/28/2026 1:14,43468.434,44682.668,29.296305,23.0052,1.0194534,29.043734,5.472444,75.86432,118.00087,7.6552973,-50.39215,230.5317,0.41996017,23.577246,0.036,66,764.40656
7/28/2026 1:44,43069.88,44119.145,28.889072,23.218082,1.0190952,28.677444,5.143514,71.35974,110.95931,7.586382,-46.35811,204.94461,0.34680268,23.75484,0.027,66,764.40656
7/28/2026 2:14,41198.035,41994.91,27.34984,24.273003,1.0178618,27.296692,4.7782173,65.99913,102.57749,7.483924,-40.34996,236.55414,0.5362422,24.006516,0.036,66,764.40656
7/28/2026 2:44,38088.906,38673.734,24.96155,26.254364,1.0160048,25.137926,4.3381066,59.31538,92.15559,7.336688,-31.68106,195.36972,0.5920626,24.208265,0.036,66,764.40656
7/28/2026 3:14,35813.113,36336.69,23.296396,27.922733,1.014741,23.618849,3.8767111,52.538315,81.62079,7.2276454,-25.24376,168.26154,0.5724677,24.2456,0.036,66,764.40656
7/28/2026 3:44,34853.977,35371.805,22.612827,28.691132,1.0142301,22.991673,3.5264447,47.594612,73.94214,7.1614676,-21.333694,187.9406,0.54897904,24.23353,0.036,66,764.40656
7/28/2026 4:14,33900.598,34435.09,21.951185,29.498005,1.0137454,22.382807,3.265459,43.86972,68.16098,7.1256757,-19.216537,189.04208,0.5086674,24.187346,0.045,66,764.40656
7/28/2026 4:44,33445.348,34021.414,21.658989,29.899525,1.0135462,22.113918,2.98736,40.01402,62.178715,7.087639,-16.965866,201.14899,0.5290869,24.113482,0.036,66,764.40656
7/28/2026 5:14,32651.223,33273.23,21.132448,30.626724,1.0131761,21.6276,2.6708345,35.60819,55.341663,7.0762563,-16.288757,245.97168,0.5318146,24.02126,0.036,66,764.40656
7/28/2026 5:44,32421.227,33105.53,21.013433,30.84399,1.013115,21.518595,2.4589894,32.701103,50.83302,7.0288353,-13.484955,229.90227,0.3839,23.917784,0.036,66,764.40656
7/28/2026 6:14,31363.982,32090.824,20.30287,31.883707,1.0126092,20.859035,2.4732678,32.6966,50.83549,7.0470233,-14.55307,231.22787,0.5654432,23.81416,0.027,66,764.40656
7/28/2026 6:44,30547.258,31324.154,19.767578,32.736164,1.0122374,20.3607,2.1472104,28.241953,43.91841,7.0200253,-12.955666,198.0257,0.44027114,23.701475,0.027,66,764.40656
7/28/2026 7:14,38694.176,40190.195,26.025322,25.843683,1.0171309,26.123629,5.8442507,78.76727,122.62869,7.4938283,-40.802956,191.57886,0.78848517,23.051128,0.027,66,764.40656
7/28/2026 7:44,41437.914,43203.652,28.198887,24.132488,1.0188257,28.082375,6.5968614,89.72899,139.74005,7.741875,-55.360794,215.9214,0.7687007,22.860203,0.027,66,764.40656
7/28/2026 8:14,42347.16,44155.01,28.891373,23.614334,1.0193503,28.700758,6.9783235,95.2923,148.40506,7.8508067,-61.764717,210.65712,0.733329,22.856373,0.018,66,764.40656
7/28/2026 8:44,42510.73,44298.582,28.996958,23.523472,1.0194217,28.794079,7.077778,96.762,150.68608,7.8661866,-62.675476,223.79398,0.64801145,22.886957,0.027,66,764.40656
7/28/2026 9:14,42621.383,44272.11,28.982128,23.462402,1.0193655,28.77687,7.208927,98.82819,153.86136,7.8791428,-63.471794,230.6366,0.51668966,23.047857,0.027,66,764.40656
7/28/2026 9:44,42832.188,44355.227,29.047031,23.346928,1.0193713,28.830898,7.4950933,103.07127,160.42445,7.899562,-64.7068,221.03787,0.47494078,23.202232,0.027,66,764.40656
7/28/2026 10:14,42898.793,44328.95,29.030762,23.310678,1.0193284,28.813818,7.627363,105.08197,163.5231,7.9175406,-65.78922,234.93289,0.9539231,23.310871,0.027,66,764.40656
7/28/2026 10:44,43000.688,44541.28,29.182558,23.255442,1.0194774,28.951834,7.701389,105.96641,164.93433,7.9326625,-66.6523,237.05005,0.6394791,23.18911,0.027,66,764.40656
7/28/2026 11:14,43066.93,44593.312,29.221088,23.219673,1.0195012,28.985653,7.7515926,106.71639,166.09624,7.9436073,-67.3008,246.29593,0.62754995,23.207907,0.027,66,764.40656
7/28/2026 11:44,43249.773,44628.95,29.25185,23.121508,1.0194752,29.008818,7.5997334,104.966606,163.32326,7.9245586,-66.218376,252.67601,0.29437244,23.382034,0.018,66,764.40656
7/28/2026 12:14,43458.08,44556.215,29.207264,23.010681,1.0193485,28.96154,7.860074,109.161575,169.75217,7.940462,-67.22927,258.02612,0.45168105,23.709627,0.036,66,764.40656
7/28/2026 12:44,44245.18,44589.68,29.253176,22.601332,1.0191265,28.983292,7.778902,109.74512,170.38383,7.9000616,-65.04059,246.05273,0.20888866,24.595497,0.036,66,764.40656
7/28/2026 13:14,44979.246,44516.6,29.21988,22.232475,1.0188199,28.935791,7.7541065,111.17539,172.29051,7.8538113,-62.503815,244.79866,0.039844025,25.544117,0.054,66,764.40656
7/28/2026 13:44,45358.78,44447.066,29.179035,22.046448,1.0186288,28.890593,7.62158,110.24089,170.66174,7.799155,-59.366226,232.02896,0.057171166,26.073942,0.072,66,764.40656
7/28/2026 14:14,45152.152,43900.42,28.785997,22.147339,1.0182052,28.535275,7.4107213,107.71516,166.60875,7.7496085,-56.500435,254.5929,0.1970612,26.492825,0.072,66,764.40656
7/28/2026 14:44,43897.77,42412.938,27.705498,22.780201,1.0172888,27.568409,7.150827,103.90214,160.59682,7.657382,-51.06926,253.21484,0.41862795,26.83293,0.072,66,764.40656
7/28/2026 15:14,41022.758,39540.61,25.626934,24.376713,1.01569,25.701395,6.682716,96.18309,148.62505,7.5160666,-42.66739,258.85104,0.5591976,26.962523,0.09,66,764.40656
7/28/2026 15:44,37995.703,36498.04,23.449846,26.318766,1.014002,23.723726,6.3060794,89.94285,138.92735,7.3895545,-35.147667,247.3688,0.7097991,27.14838,0.09,66,764.40656
7/28/2026 16:14,35945.977,34396.617,21.961628,27.819525,1.0128242,22.357801,6.095832,86.5299,133.59518,7.3192425,-30.975342,253.37695,0.83406013,27.358322,0.09,66,764.40656
7/28/2026 16:44,34584.68,33101.668,21.04943,28.914537,1.0121458,21.516085,5.8035827,81.94416,126.51862,7.2653384,-27.756691,204.97322,1.0839344,27.34564,0.099,66,764.40656
7/28/2026 17:14,33065.81,31705.775,20.07096,30.24272,1.0114447,20.608755,5.624134,78.842255,121.75568,7.2439957,-26.473999,183.71106,1.2819788,27.245836,0.09,66,764.40656
7/28/2026 17:44,31933.088,30684.662,19.358606,31.315481,1.0109471,19.94503,5.356272,74.640144,115.29503,7.2070713,-24.261475,192.09862,1.3086013,27.13014,0.09,66,764.40656
7/28/2026 18:14,30730.168,29610.361,18.612421,32.541313,1.0104344,19.246735,5.151973,71.30954,110.1856,7.1883974,-23.136139,161.47137,1.506557,26.980003,0.09,66,764.40656
7/28/2026 18:44,36511.977,35909.45,23.016953,27.388273,1.0140595,23.341143,4.802687,66.86385,103.55136,7.305995,-30.035973,208.56857,0.97302556,25.878485,0.081,66,764.40656
7/28/2026 19:14,43597.27,43939.734,28.777819,22.937216,1.0187693,28.560827,6.8898406,96.93242,150.49258,7.905477,-65.36007,199.61835,1.0592235,24.591938,0.054,65,764.40656
7/28/2026 19:44,43901.74,44222.445,28.98505,22.778141,1.0189171,28.744589,6.9945025,98.57001,153.02687,7.91166,-65.732,189.39018,1.4742795,24.620306,0.045,65,764.40656
7/28/2026 20:14,43788.465,44125.395,28.913656,22.837065,1.0188693,28.681507,7.0051823,98.64584,153.15039,7.9265704,-66.60938,197.39627,1.6757596,24.600222,0.045,65,764.40656
7/28/2026 20:44,43998.797,44465.043,29.15864,22.727894,1.0190976,28.902279,7.1289225,100.26898,155.71362,7.9401226,-67.37709,207.8581,1.5713972,24.45101,0.045,65,764.40656
7/28/2026 21:14,43890.246,44417.16,29.121937,22.784105,1.0190909,28.871153,7.170002,100.69942,156.40295,7.9481444,-67.834854,214.19049,1.4981936,24.37891,0.036,65,764.40656
7/28/2026 21:44,43893.504,44518.492,29.193382,22.782415,1.0191779,28.937021,7.256128,101.74887,158.06613,7.9493914,-67.88254,216.19797,1.5057198,24.264982,0.036,65,764.40656
7/28/2026 22:14,43740.13,44546,29.20839,22.8623,1.0192508,28.9549,7.303066,102.03759,158.57608,7.9573197,-68.302155,220.13187,1.3344523,24.052841,0.045,65,764.40656
7/28/2026 22:44,43708.137,44540.16,29.203363,22.879036,1.0192558,28.951105,7.172971,100.1631,155.67166,7.9426565,-67.42954,217.34714,1.5327094,24.021973,0.027,65,764.40656
7/28/2026 23:14,43587.7,44435.7,29.12645,22.942253,1.0192038,28.883205,7.1028137,99.1031,154.03012,7.9416065,-67.362785,215.6496,1.6018505,24.000853,0.036,65,764.40656
7/28/2026 23:44,43574.734,44512.035,29.179705,22.949078,1.0192736,28.932823,7.0544333,98.280426,152.77995,7.9327908,-66.81919,225.14343,1.5969049,23.897528,0.036,65,764.40656
7/29/2026 0:14,42579.25,43488.55,28.432848,23.485619,1.0187078,28.267557,6.7209873,93.24681,144.95305,7.9045568,-65.15503,237.37907,1.3713984,23.905287,0.036,65,764.40656
7/29/2026 0:44,43595.215,44546.734,29.204695,22.938297,1.019297,28.955378,6.27236,87.37302,135.82794,7.8516254,-62.026978,229.53987,1.1527021,23.881672,0.036,65,764.40656
7/29/2026 1:14,43511.78,44534.523,29.193645,22.98228,1.0193129,28.947441,5.594014,77.80428,120.97088,7.7557993,-56.357384,223.15979,0.83837545,23.797638,0.036,65,764.40656
7/29/2026 1:44,43532.188,44591.543,29.234291,22.971508,1.0193554,28.984503,4.9313536,68.55379,106.59601,7.6285043,-48.84243,217.46635,0.46992114,23.756186,0.036,65,764.40656
7/29/2026 2:14,43349.94,44400.145,29.094498,23.068083,1.0192484,28.860096,4.5256205,62.868877,97.755455,7.5249147,-42.734146,208.10605,0.32315516,23.761616,0.027,65,764.40656
7/29/2026 2:44,42645,43632.31,28.535429,23.449408,1.018811,28.361002,4.2229333,58.530983,91.00166,7.4407916,-37.779808,200.98209,0.23349243,23.815294,0.036,65,764.40656
7/29/2026 3:14,40828.754,41729.105,27.15429,24.492542,1.0177532,27.123919,3.7925198,52.20042,81.151146,7.337864,-31.71444,182.44266,0.45629305,23.870361,0.036,65,764.40656
7/29/2026 3:44,37528.805,38326.977,24.707842,26.646198,1.0158981,24.912535,3.4505153,46.8632,72.84871,7.227805,-25.224686,179.77715,0.44771606,23.90967,0.027,65,764.40656
7/29/2026 4:14,35274.613,36055.836,23.09081,28.348999,1.0146928,23.436295,3.2478971,43.66971,67.889824,7.168785,-21.739006,182.24716,0.54573303,23.865599,0.027,65,764.40656
7/29/2026 4:44,34339.797,35157.59,22.45412,29.120731,1.0142367,22.852432,3.1378605,41.973995,65.2634,7.1354175,-19.7649,181.12659,0.609137,23.782158,0.036,65,764.40656
7/29/2026 5:14,33653.41,34531.36,22.01073,29.71467,1.0139343,22.445383,3.110647,41.420284,64.415474,7.1294794,-19.407272,195.66536,0.5439082,23.668861,0.027,65,764.40656
7/29/2026 5:44,33222.19,34162.035,21.749092,30.100363,1.0137672,22.205324,2.9344726,38.939625,60.569355,7.124422,-19.102097,212.1067,0.5589983,23.559616,0.036,65,764.40656
7/29/2026 6:14,32261.523,33256.145,21.111435,30.996675,1.0133215,21.616493,3.1281621,41.264896,64.20043,7.1175175,-18.687248,207.21912,0.47432655,23.434141,0.027,65,764.40656
7/29/2026 6:44,30977.336,32067.25,20.277573,32.281666,1.0127516,20.843712,3.5358026,46.240524,71.968414,7.144396,-20.256042,209.46503,0.9160198,23.220505,0.027,65,764.40656
7/29/2026 7:14,28401.973,29582.986,18.551271,35.20882,1.0115346,19.228941,4.0016465,51.523266,80.23333,7.169488,-21.710396,206.45618,1.0443208,22.90984,0.027,65,764.40656
7/29/2026 7:44,38905.426,40881.508,26.50845,25.703356,1.0176551,26.572979,6.9143147,92.48105,144.12082,7.7184334,-53.91121,213.73273,0.9069494,22.469275,0.009,65,764.40656
7/29/2026 8:14,40299.496,42352.227,27.570364,24.814205,1.0184599,27.528946,7.127297,95.907104,149.46165,7.7943044,-58.36487,218.46295,0.9791308,22.462404,0.018,65,764.40656
7/29/2026 8:44,40579.555,42631.34,27.773062,24.642952,1.0186085,27.710371,7.015516,94.544266,147.33344,7.8017964,-58.808327,221.28105,1.0461656,22.480179,0.018,65,764.40656
7/29/2026 9:14,40922.95,42981.7,28.027523,24.436167,1.0187976,27.938105,7.0061955,94.578545,147.38387,7.8384585,-60.96363,216.30287,1.155325,22.492237,0.018,65,764.40656
7/29/2026 9:44,41699.414,43671.504,28.5329,23.981152,1.0191404,28.386478,7.0920625,96.26526,149.97629,7.872611,-62.999725,211.52972,1.1481886,22.635738,0.018,65,764.40656
7/29/2026 10:14,41905.504,43839.02,28.65642,23.863214,1.0192187,28.495363,7.0875936,96.368095,150.12256,7.8980536,-64.50653,224.42818,1.3541845,22.690842,0.018,65,764.40656
7/29/2026 10:44,42280.516,44139.832,28.878555,23.651556,1.0193579,28.690891,7.1909833,98.08092,152.76399,7.9268713,-66.223145,222.30148,1.295409,22.794592,0.018,65,764.40656
7/29/2026 11:14,42459.39,44287.5,28.987509,23.551916,1.0194279,28.786875,7.2855997,99.51252,154.98215,7.9322186,-66.54739,218.94455,1.1686231,22.838839,0.027,65,764.40656
7/29/2026 11:44,42482.535,44359.918,29.0388,23.539085,1.019482,28.833946,7.2325115,98.72078,153.7633,7.924721,-66.0944,221.00449,1.0894269,22.784212,0.018,65,764.40656
7/29/2026 12:14,42464.89,44283.703,28.985048,23.548866,1.019423,28.784409,7.113524,97.17933,151.34561,7.9197683,-65.81783,249.13312,1.1675918,22.849642,0.018,65,764.40656
7/29/2026 12:44,42595.133,44295.168,28.997377,23.47686,1.0193931,28.791859,7.1543384,97.98896,152.5698,7.9080486,-65.1598,243.81161,1.2051433,22.99059,0.027,65,764.40656
7/29/2026 13:14,42622.19,44095.17,28.858545,23.461956,1.019215,28.661863,7.0307117,96.6634,150.43823,7.8732195,-63.16662,238.5664,0.926768,23.25107,0.027,65,764.40656
7/29/2026 13:44,42617.246,43802.598,28.653809,23.46468,1.0189664,28.47169,6.883907,95.08905,147.90184,7.8057594,-59.261322,240.58342,0.663893,23.583183,0.027,65,764.40656
7/29/2026 14:14,42079.918,42983.41,28.065018,23.764305,1.0184319,27.939217,6.7532196,93.486916,145.3278,7.720963,-54.32129,248.82317,0.54674596,23.899498,0.027,65,764.40656
7/29/2026 14:44,40614.504,41379.74,26.90507,24.621746,1.0175192,26.89683,6.356957,87.62061,136.17593,7.593081,-46.7968,248.08408,0.61272025,24.031782,0.036,65,764.40656
7/29/2026 15:14,37526.61,38105.81,24.555304,26.647758,1.0157001,24.768776,5.7662954,78.65434,122.20255,7.441407,-37.86564,248.3797,0.4886219,24.204199,0.036,65,764.40656
7/29/2026 15:44,33290.516,33707.387,21.441849,30.038586,1.0133163,21.909801,5.0905657,68.38996,106.22617,7.2801847,-28.357506,243.23941,0.4707777,24.352495,0.045,65,764.40656
7/29/2026 16:14,29072.727,29398.516,18.443195,34.3965,1.0110449,19.109035,4.591118,60.704575,94.277176,7.1699543,-21.848679,246.21964,0.51941,24.419802,0.045,65,764.40656
7/29/2026 16:44,26757.95,27021.107,16.812412,37.37207,1.0098014,17.563719,4.318032,56.635586,87.946365,7.110262,-18.324852,144.22894,0.55898476,24.490105,0.045,65,764.40656
7/29/2026 17:14,24942.957,25119.848,15.521389,40.091476,1.0087941,16.327902,4.287185,55.95951,86.87363,7.0876226,-16.994476,176.8589,0.523335,24.631315,0.045,65,764.40656
7/29/2026 17:44,23837.254,23982.697,14.754348,41.95114,1.0082048,15.588754,4.1825438,54.40532,84.45274,7.0663743,-15.740395,175.44746,0.5087351,24.682486,0.045,65,764.40656
7/29/2026 18:14,22678.154,22817.03,13.972059,44.0953,1.0076187,14.831069,4.2229605,54.685528,84.88788,7.0585566,-15.277863,199.48483,0.5312635,24.681335,0.045,65,764.40656
7/29/2026 18:44,21989.615,22132.516,13.514695,45.476013,1.0072812,14.386135,4.2391787,54.733704,84.96575,7.0422096,-14.309883,230.97038,0.61556727,24.661959,0.045,65,764.40656
7/29/2026 19:14,21138.783,21374.54,13.008791,47.30641,1.0069667,13.893451,3.8290174,49.08365,76.22892,7.056684,-15.153885,246.56296,0.61656827,24.42253,0.045,65,764.40656
7/29/2026 19:44,40814.258,41791.465,27.197296,24.501242,1.0178126,27.164452,6.427912,88.34858,137.3706,7.8052692,-59.27086,213.87576,1.2169746,23.775764,0.036,65,764.40656
7/29/2026 20:14,42419.24,43600.414,28.506413,23.57421,1.0188556,28.34027,6.9028363,95.26682,148.17879,7.9098063,-65.39345,206.30359,1.4722593,23.581629,0.027,65,764.40656
7/29/2026 20:44,42688.273,43950.273,28.75929,23.425636,1.0190706,28.567677,7.081396,97.72726,152.02855,7.929061,-66.50925,213.91391,1.6520627,23.496637,0.027,65,764.40656
7/29/2026 21:14,42693.48,44105.016,28.867678,23.42278,1.0192014,28.66826,7.16566,98.651695,153.51303,7.9365993,-66.91456,220.70885,1.5405599,23.324398,0.027,65,764.40656
7/29/2026 21:44,42689.527,44273.457,28.98528,23.42495,1.0193458,28.777748,7.158839,98.28099,152.98859,7.930794,-66.52832,213.84239,1.5446067,23.126907,0.027,65,764.40656
7/29/2026 22:14,42610.477,44306.164,29.005552,23.468407,1.0193977,28.799007,7.2105947,98.77398,153.79059,7.9458838,-67.38663,218.06717,1.1344662,22.99623,0.018,65,764.40656
7/29/2026 22:44,42683.03,44505.348,29.147007,23.428514,1.0195438,28.928476,7.3578978,100.62399,156.70853,7.9562387,-67.9636,220.12234,1.1431092,22.85623,0.027,65,764.40656
7/29/2026 23:14,42614.168,44503.36,29.143295,23.466373,1.0195628,28.927183,7.344856,100.30284,156.22926,7.95679,-67.977905,212.23544,0.86822236,22.777458,0.018,65,764.40656
7/29/2026 23:44,42648.785,44599.355,29.211447,23.447327,1.0196332,28.989582,7.3171206,99.84396,155.53221,7.9547,-67.83962,210.26135,0.8728334,22.710188,0.018,65,764.40656
7/30/2026 0:14,42588.47,44569.535,29.188585,23.480534,1.0196263,28.9702,7.2791576,99.2467,154.61156,7.9536285,-67.7681,230.96085,1.0767564,22.672832,0.018,65,764.40656
7/30/2026 0:44,42612.348,44605.973,29.214811,23.467377,1.0196495,28.993883,6.9329734,94.51953,147.2505,7.9233265,-65.984726,243.92128,1.2297344,22.659994,0.018,65,764.40656
7/30/2026 1:14,42538.566,44544.914,29.169693,23.50808,1.0196205,28.954195,6.6385922,90.45315,140.91985,7.8901196,-64.02969,242.76257,0.77150893,22.641834,0.018,65,764.40656
7/30/2026 1:44,42505.098,44521.22,29.152027,23.52659,1.0196106,28.938793,5.947568,81.01102,126.21237,7.788712,-58.06923,227.64682,0.399789,22.629084,0.018,65,764.40656
7/30/2026 2:14,42346.887,44350.227,29.027418,23.614487,1.0195147,28.827648,5.2282453,71.169334,110.87827,7.668085,-50.98343,226.14479,0.13616511,22.635033,0.018,65,764.40656
7/30/2026 2:44,41963.938,43901.27,28.701712,23.829985,1.0192531,28.535826,4.5175257,61.438362,95.7091,7.516099,-42.061806,204.2818,0.2750714,22.68957,0.018,65,764.40656
7/30/2026 3:14,40472.35,42257.055,27.510242,24.708225,1.018325,27.467085,4.135428,55.954193,87.15122,7.4118633,-35.948753,190.70625,0.10334443,22.788773,0.018,65,764.40656
7/30/2026 3:44,37168.844,38767.746,25.000622,26.904253,1.0164151,25.199034,3.7081382,49.49535,77.08449,7.291314,-28.867722,178.89977,0.3415981,22.840677,0.018,65,764.40656
7/30/2026 4:14,33192.008,34622.88,22.060465,30.127735,1.0141982,22.504871,3.3273368,43.66036,67.99752,7.1806917,-22.363663,185.39905,0.22253303,22.836266,0.027,65,764.40656
7/30/2026 4:44,31333.09,32708.408,20.717869,31.915142,1.0131962,21.260466,3.0786874,40.05791,62.390995,7.117306,-18.634796,187.52098,0.4151277,22.79854,0.018,65,764.40656
7/30/2026 5:14,30179.191,31540.955,19.903717,33.135414,1.0125982,20.50162,2.8419938,36.765163,57.268196,7.084754,-16.71791,182.23763,0.3246301,22.73956,0.018,65,764.40656
7/30/2026 5:44,29337.555,30697.893,19.318027,34.086002,1.0121727,19.95363,2.6272001,33.83478,52.708923,7.046103,-14.4433975,183.54892,4.62838,22.679909,0.018,65,764.40656
7/30/2026 6:14,28271.16,29627.457,18.577442,35.371735,1.0116347,19.257847,2.5451965,32.592873,50.78078,7.039429,-14.047623,146.80862,3.878269,22.603226,0.018,65,764.40656
7/30/2026 6:44,28043.107,29410.074,18.427156,35.659386,1.0115311,19.116549,2.381596,30.450851,47.44636,7.008448,-12.226105,195.8847,3.7534502,22.566517,0.018,65,764.40656
7/30/2026 7:14,27062.812,28423.398,17.748266,36.951073,1.0110385,18.47521,2.367641,30.113539,46.926483,7.0091486,-12.264252,186.01418,13.751168,22.493793,0.018,65,764.40656
7/30/2026 7:44,25802.266,27138.908,16.869293,38.756287,1.010395,17.64029,2.3972628,30.295015,47.214973,6.9925656,-11.277199,174.7656,0.3650132,22.421366,0.018,65,764.40656
7/30/2026 8:14,23725.195,24999.234,15.4170685,42.149284,1.0093241,16.249502,2.4595726,30.771063,47.964012,6.999007,-11.630058,173.50674,0.3418795,22.331776,0.018,65,764.40656
7/30/2026 8:44,41888.81,43966.77,28.744703,23.872725,1.0193311,28.5784,6.8197336,92.50027,144.13724,7.821048,-59.947968,195.02164,5.5555687,22.525545,0.018,65,764.40656
7/30/2026 9:14,42261.844,44382.062,29.046637,23.662006,1.0195669,28.848341,7.0899506,96.28817,150.04639,7.896168,-64.35394,182.59048,1.9612086,22.498848,0.018,65,764.40656
7/30/2026 9:44,41933.16,43973.883,28.751186,23.847475,1.0193236,28.583025,7.302293,99.128494,154.454,7.9032907,-64.787865,198.95554,0.1864943,22.570284,0.018,65,764.40656
7/30/2026 10:14,42449,44548.824,29.169306,23.55768,1.0196505,28.956736,7.4235826,100.95103,157.30376,7.941592,-67.029,218.18637,0.2543174,22.53218,0.018,65,764.40656
7/30/2026 10:44,42478.55,44519.355,29.149807,23.541292,1.019617,28.937582,7.56928,103.04511,160.54858,7.951396,-67.62028,231.44722,0.35355508,22.599955,0.018,65,764.40656
7/30/2026 11:14,42451.734,44463.844,29.110195,23.556164,1.0195786,28.901499,7.7488494,105.52335,164.40129,7.9757876,-69.060326,218.46771,0.21110003,22.630747,0.018,65,764.40656
7/30/2026 11:44,42369.438,44332.98,29.016174,23.60192,1.0194935,28.816437,7.731743,105.32769,164.08255,7.970313,-68.75038,218.40096,8.673788,22.68111,0.018,65,764.40656
7/30/2026 12:14,41302.06,43237.88,28.218143,24.211868,1.0188967,28.104622,7.7169633,104.59444,162.94717,7.9738207,-68.95065,229.11548,5.3641553,22.655949,0.018,65,764.40656
7/30/2026 12:44,42760.367,44731.707,29.307602,23.38614,1.0197108,29.075611,7.7896056,106.317085,165.62065,7.9021044,-64.74495,232.9111,0.7476107,22.692656,0.018,65,764.40656
7/30/2026 13:14,42839.61,44672.082,29.268675,23.342884,1.0196368,29.036854,7.789227,106.59023,166.0012,7.9820447,-69.47994,244.7319,0.33960345,22.852325,0.027,65,764.40656
7/30/2026 13:44,42473.45,43920.453,28.73176,23.54412,1.0191125,28.548294,7.9267535,108.9495,169.55214,7.960841,-68.330765,231.54736,0.23890904,23.275078,0.027,65,764.40656
7/30/2026 14:14,42141.145,43041.953,28.107708,23.729778,1.0184628,27.977268,8.003644,110.833206,172.2916,7.9460993,-67.60597,236.3491,0.061665207,23.90426,0.036,65,764.40656
7/30/2026 14:44,43547.32,44029.945,28.839973,22.963526,1.0188644,28.619465,7.8580694,110.27547,171.26118,7.898671,-64.92138,214.3526,0.03981115,24.42611,0.036,65,764.40656
7/30/2026 15:14,42961.715,43235.918,28.266026,23.276539,1.0183612,28.103348,7.464762,104.85265,162.76598,7.82362,-60.534477,231.84299,0.03970084,24.667957,0.036,65,764.40656
7/30/2026 15:44,41276.297,41568.137,27.053871,24.22698,1.0174586,27.019289,6.839236,95.344604,148.01619,7.6833057,-52.227974,235.98193,0.37338698,24.632421,0.045,65,764.40656
7/30/2026 16:14,37652.207,37948.176,24.449518,26.558868,1.01551,24.666313,6.168249,84.66062,131.44006,7.506688,-41.775703,247.01118,0.2781838,24.591661,0.045,65,764.40656
7/30/2026 16:44,33690.137,33938.668,21.608107,29.682278,1.0133667,22.060133,5.6443505,76.25693,118.387375,7.3408704,-31.971931,231.7667,0.33627573,24.616598,0.045,65,764.40656
7/30/2026 17:14,31015.625,31281.18,19.748821,32.241814,1.0119873,20.332767,5.348567,71.42091,110.89219,7.2748575,-28.061867,209.27429,0.30012277,24.555536,0.045,65,764.40656
7/30/2026 17:44,29287.682,29446.611,18.479609,34.144047,1.0109893,19.140297,4.9389415,65.663536,101.92204,7.215282,-24.552345,224.08008,0.5084115,24.717422,0.045,65,764.40656
7/30/2026 18:14,28415.01,28518.68,17.84139,35.19267,1.0104847,18.537142,4.7028146,62.39935,96.83857,7.1697125,-21.862984,221.83418,0.44891864,24.809677,0.045,65,764.40656
7/30/2026 18:44,27458.023,27545.71,17.174206,36.419228,1.0099777,17.904713,4.5099454,59.63839,92.549614,7.14777,-20.565987,245.24213,0.60705143,24.833332,0.045,65,764.40656
7/30/2026 19:14,25889.273,25993.88,16.115416,38.626038,1.0091958,16.896023,4.3642497,57.319874,88.95907,7.1198616,-18.911362,156.13556,0.41895935,24.789303,0.045,65,764.40656
7/30/2026 19:44,24637.523,24793.738,15.301185,40.588493,1.0086182,16.11593,4.215014,54.986607,85.35704,7.0835547,-16.756058,160.38419,0.5372273,24.670126,0.054,65,764.40656
7/30/2026 20:14,27786.51,28237.543,17.641638,35.988686,1.0105134,18.354403,4.180441,54.770706,85.10167,7.15913,-21.190643,222.89276,0.41314778,24.163727,0.045,65,764.40656
7/30/2026 20:44,42438.305,43967.83,28.76374,23.563618,1.0191637,28.57909,7.9001245,108.41842,168.75388,7.965675,-68.593025,209.18369,1.3707315,23.178675,0.036,65,764.40656
7/30/2026 21:14,42671.957,44324.35,29.02026,23.434595,1.0193943,28.81083,7.8922853,108.22096,168.48447,7.9828844,-69.57531,206.17485,2.087277,23.04819,0.027,65,764.40656
7/30/2026 21:44,42827.633,44557.527,29.188267,23.349411,1.0195439,28.962395,7.802695,106.94297,166.5179,7.978181,-69.27967,209.25998,2.607926,22.967337,0.027,65,764.40656
7/30/2026 22:14,42765.44,44557.258,29.186003,23.383368,1.0195626,28.962217,7.713419,105.58156,164.41853,7.9792814,-69.327354,224.20407,1.4241235,22.894567,0.027,65,764.40656
7/30/2026 22:44,42748.98,44681.348,29.272068,23.39237,1.019672,29.042877,7.5704527,103.383995,161.03976,7.9729366,-68.917274,230.32188,1.396893,22.735722,0.018,65,764.40656
7/30/2026 23:14,42650.164,44684.348,29.270763,23.44657,1.0197039,29.044827,7.4139175,101.03087,157.40593,7.9638314,-68.35461,229.21085,1.3937448,22.616575,0.018,65,764.40656
7/30/2026 23:44,42609.746,44741.938,29.309502,23.46881,1.0197642,29.08226,7.308794,99.42261,154.9292,7.954851,-67.801476,223.9418,1.010553,22.50496,0.018,65,764.40656
7/31/2026 0:14,42518.9,44715.957,29.28819,23.518953,1.0197694,29.065372,7.209023,97.91771,152.6038,7.952068,-67.62028,237.56027,0.6965102,22.427557,0.018,65,764.40656
7/31/2026 0:44,42556.145,44748.926,29.312473,23.49837,1.0197858,29.086802,7.15239,97.17427,151.44342,7.9466805,-67.305565,242.50984,0.6809648,22.434456,0.018,65,764.40656
7/31/2026 1:14,42465.145,44671.496,29.25532,23.548725,1.0197482,29.036472,6.889637,93.53925,145.78331,7.92621,-66.09917,246.1195,0.6751663,22.414104,0.009,65,764.40656
7/31/2026 1:44,42432.305,44702.902,29.276007,23.56695,1.0197841,29.056887,6.657598,90.2811,140.72247,7.892368,-64.09645,241.89471,0.46387064,22.340677,0.018,65,764.40656
7/31/2026 2:14,42215.652,44569.36,29.175297,23.687897,1.0197366,28.970083,5.91294,79.984695,124.69506,7.7739387,-57.12509,236.30142,0.13170947,22.235079,0.018,65,764.40656
7/31/2026 2:44,41959.516,44397.098,29.046259,23.832497,1.0196689,28.858114,5.1106,68.94373,107.50166,7.6081996,-47.38331,215.0488,0.06325823,22.125443,0.009,65,764.40656
7/31/2026 3:14,41074.895,43487.2,28.383076,24.345772,1.0191748,28.26668,4.7664895,64.01965,99.82857,7.5007076,-41.074753,199.99504,0.039320067,22.095728,0.009,65,764.40656
7/31/2026 3:44,38976.8,41228.504,26.749693,25.656288,1.0179265,26.798529,4.4664717,59.470802,92.728546,7.401255,-35.247803,185.05096,0.04063848,22.140564,0.009,65,764.40656
7/31/2026 4:14,34841.195,36841.316,23.61345,28.701656,1.0155512,23.946857,4.0482225,52.944305,82.54995,7.2718825,-27.661324,175.9243,0.039761275,22.157583,0.009,65,764.40656
7/31/2026 4:44,30737.9,32539.63,20.587608,32.533127,1.0132815,21.15076,3.644761,46.788467,72.9586,7.1675725,-21.538734,174.0551,0.17750542,22.101028,0.018,65,764.40656
7/31/2026 5:14,28741.19,30497.92,19.168259,34.79327,1.0122405,19.823647,3.373155,42.853943,66.8361,7.1087456,-18.081665,168.05173,0.04822845,21.98421,0.009,65,764.40656
7/31/2026 5:44,27533.932,29298.117,18.338884,36.318825,1.0116497,19.043776,3.1776466,40.07437,62.51482,7.0778832,-16.264915,168.69545,0.08243991,21.847383,0.009,65,764.40656
7/31/2026 6:14,26445.469,28210.965,17.59125,37.81366,1.0111171,18.337128,3.0165668,37.790783,58.964226,7.0536575,-14.839172,163.44547,0.08814329,21.723461,0.009,65,764.40656
7/31/2026 6:44,25640.666,27400.986,17.036741,39.000546,1.0107205,17.810642,2.9263155,36.48286,56.931385,7.0372005,-13.871193,162.03403,0.057649102,21.636496,0.009,65,764.40656
7/31/2026 7:14,24663.715,26395.887,16.352081,40.54539,1.010222,17.157328,2.9391017,36.447216,56.8823,7.028624,-13.365746,187.08229,0.08381003,21.56425,0.009,65,764.40656
7/31/2026 7:44,24092.059,25782.309,15.936371,41.507454,1.0099074,16.758501,3.0508611,37.743916,58.905697,7.01567,-12.607574,201.1013,0.10533652,21.56762,0,65,764.40656
7/31/2026 8:14,23218.947,24821.953,15.288662,43.068275,1.009406,16.13427,3.1747534,39.166153,61.120373,7.015877,-12.62188,202.93236,0.040020414,21.618841,0.009,65,764.40656
7/31/2026 8:44,20606.66,21974.275,13.384736,48.528,1.0079402,14.283279,3.373407,41.25264,64.36383,7.0141587,-12.526512,216.12643,0.06491885,21.741514,0.009,65,764.40656
7/31/2026 9:14,40950.418,42437.805,27.650927,24.419775,1.0183269,27.584574,7.625415,103.9531,161.80742,7.8648624,-62.656403,185.91403,0.07927729,23.164993,0.018,65,764.40656
7/31/2026 9:44,42772.934,44575.727,29.199156,23.37927,1.0195758,28.974222,7.8338118,107.21479,166.96532,7.951595,-67.69657,185.61841,0.63442796,22.882545,0.018,65,764.40656
7/31/2026 10:14,42811.16,44651.71,29.253492,23.358395,1.0196283,29.023613,7.9351087,108.55693,169.06715,7.976977,-69.179535,209.36966,0.04074161,22.841877,0.018,65,764.40656
7/31/2026 10:44,42893.152,44678.62,29.275032,23.313745,1.0196263,29.041105,8.104796,111.0218,172.88657,7.9939055,-70.19043,210.62375,0.1501718,22.907724,0.009,65,764.40656
7/31/2026 11:14,43047.46,44641.914,29.254465,23.230173,1.0195483,29.017244,8.245458,113.38122,176.49333,8.013753,-71.41113,226.6264,0.37996364,23.130024,0.027,65,764.40656
7/31/2026 11:44,43330.473,44665.95,29.28031,23.078447,1.0194818,29.032867,8.403823,116.19911,180.78386,8.023758,-72.07394,221.97247,0.35909203,23.434597,0.027,65,764.40656
7/31/2026 12:14,43342.37,44616.086,29.245722,23.072111,1.0194355,29.000456,8.750635,121.120895,188.41779,8.053894,-73.866844,233.19244,0.338455,23.505322,0.036,65,764.40656
7/31/2026 12:44,43576.992,44676.793,29.295483,22.94789,1.0194145,29.039915,8.888709,123.51348,192.06961,8.062325,-74.41521,230.51262,0.29338893,23.711159,0.027,65,764.40656
7/31/2026 13:14,43455.973,44623.67,29.254534,23.011797,1.0194069,29.005386,8.815985,122.29961,190.20949,8.0623455,-74.39613,235.10933,0.6412345,23.62996,0.027,65,764.40656
7/31/2026 13:44,43711.312,44684.88,29.305182,22.877373,1.0193795,29.045172,8.796729,122.559875,190.53618,8.058947,-74.25308,239.62975,0.35969123,23.859303,0.036,65,764.40656
7/31/2026 14:14,44323.176,44681.117,29.319788,22.56156,1.0191813,29.042727,9.002221,127.01911,197.20792,8.058075,-74.38183,242.34296,0.30007377,24.580578,0.045,65,764.40656
7/31/2026 14:44,45361.23,44772.367,29.410257,22.045258,1.0189196,29.10204,8.712282,125.357216,194.21294,8.007219,-71.640015,233.02078,0.10535347,25.688602,0.054,65,764.40656
7/31/2026 15:14,46050.543,44716.38,29.385267,21.715271,1.0186341,29.065645,8.374885,122.28409,189.11615,7.9544415,-68.707466,226.22586,0.039385077,26.562103,0.072,65,764.40656
7/31/2026 15:44,45675.293,43993.746,28.862543,21.893675,1.0181051,28.595936,7.824794,114.76149,177.31842,7.866773,-63.581467,231.00853,0.058474075,27.001173,0.081,65,764.40656
7/31/2026 16:14,42727.312,41230.59,26.84744,23.404234,1.0166242,26.799885,7.1748357,103.86788,160.52094,7.7310367,-55.470467,254.26865,0.06769123,26.900587,0.09,65,764.40656
7/31/2026 16:44,38230.21,36933.375,23.75672,26.157324,1.0143265,24.006695,6.6307955,94.23938,145.65984,7.5445313,-44.345856,259.45663,0.08946746,26.838371,0.081,65,764.40656
7/31/2026 17:14,34382.53,33214.035,21.124075,29.084538,1.0123543,21.589123,6.156463,86.21833,133.26122,7.395038,-35.438538,252.86674,0.10091714,26.841925,0.081,65,764.40656
7/31/2026 17:44,32061.93,30985.322,19.565418,31.189638,1.0111951,20.14046,5.8659105,81.40152,125.82225,7.3079305,-30.24578,152.11581,0.11684321,26.819145,0.081,65,764.40656
7/31/2026 18:14,30653.496,29629.6,18.624529,32.622707,1.0104944,19.25924,5.5724792,76.90876,118.88029,7.256166,-27.160645,216.86554,0.2407765,26.809242,0.081,65,764.40656
7/31/2026 18:44,29435.723,28496.404,17.84185,33.97233,1.009934,18.522663,5.341683,73.29444,113.31341,7.215465,-24.728775,209.99432,0.32639116,26.725794,0.081,65,764.40656
7/31/2026 19:14,28499.898,27632.969,17.248058,35.087845,1.0095147,17.96143,5.130984,70.06782,108.34387,7.192678,-23.36502,241.34158,0.3716255,26.642567,0.072,65,764.40656
7/31/2026 19:44,27512.656,26778.535,16.662024,36.34691,1.0091372,17.406048,4.756235,64.50403,99.783676,7.1494374,-20.775795,260.64395,0.3377617,26.43532,0.072,65,764.40656
7/31/2026 20:14,26393.23,25750.068,15.960569,37.888504,1.0086497,16.737543,4.5813313,61.749542,95.54774,7.1309876,-19.669533,276.4225,0.46952367,26.307701,0.072,65,764.40656
7/31/2026 20:44,23810.31,23381.338,14.358116,41.99861,1.0075511,15.19787,4.342337,57.64996,89.26719,7.1069727,-18.219948,260.92053,0.59192216,25.960567,0.063,65,764.40656
7/31/2026 21:14,39308.03,39935.695,25.866606,25.440094,1.0166953,25.958202,6.7884746,93.25084,144.88782,7.764511,-56.943893,203.05157,0.627936,24.177126,0.036,65,764.40656
7/31/2026 21:44,42930.848,43976.63,28.785046,23.293274,1.0190166,28.58481,8.197641,113.664116,176.73958,8.000607,-70.786476,196.52367,0.64891416,23.754957,0.036,65,764.40656
7/31/2026 22:14,43267.973,44414.855,29.102346,23.111784,1.0192868,28.869656,8.239681,114.2411,177.67055,8.022797,-72.06917,211.79675,0.74847955,23.64806,0.036,65,764.40656
7/31/2026 22:44,43376.242,44577.875,29.219976,23.054094,1.0193925,28.975618,8.067608,111.81441,173.91481,8.013819,-71.52557,214.9725,0.65776825,23.5887,0.036,65,764.40656
7/31/2026 23:14,43270.273,44552.258,29.198755,23.110554,1.0194035,28.95897,7.994285,110.599045,172.0534,8.010081,-71.28239,218.51062,0.7512703,23.493464,0.027,65,764.40656
7/31/2026 23:44,43302.72,44623.867,29.24995,23.093239,1.0194546,29.005512,7.926338,109.60726,170.52362,8.006131,-71.0392,216.71295,0.8374094,23.449934,0.027,65,764.40656
8/1/2026 0:14,43207.48,44578.09,29.214893,23.14414,1.0194451,28.97576,7.7649913,107.24189,166.86108,7.9987636,-70.59097,229.1441,0.86676526,23.39025,0.027,65,764.40656
8/1/2026 0:44,43222.723,44611.36,29.23868,23.135979,1.0194687,28.997385,7.7214026,106.61688,165.89442,7.992772,-70.233345,227.64682,0.72559565,23.370293,0.027,65,764.40656
8/1/2026 1:14,43075.54,44575.13,29.208641,23.21503,1.0194832,28.973833,7.5382876,103.82887,161.5934,7.9793706,-69.413185,228.09029,0.824557,23.238646,0.027,65,764.40656
8/1/2026 1:44,43095.438,44621.105,29.241453,23.204313,1.0195159,29.003717,7.2927904,100.41543,156.28874,7.962474,-68.41183,234.11751,0.82491857,23.209864,0.027,65,764.40656
8/1/2026 2:14,43036.504,44565.953,29.20097,23.236088,1.0194874,28.96787,7.113025,97.90575,152.38437,7.9421673,-67.214966,235.75783,0.61847603,23.203203,0.027,65,764.40656
8/1/2026 2:44,42984.992,44619.7,29.236897,23.263933,1.0195485,29.002804,6.3535275,87.28237,135.87822,7.834204,-60.834885,239.20535,0.11927257,23.08186,0.027,65,764.40656
8/1/2026 3:14,42722.887,44492.53,29.139393,23.406658,1.0195208,28.920145,5.5539536,76.033325,118.39943,7.6916633,-52.41871,213.61351,0.040152702,22.917593,0.018,65,764.40656
8/1/2026 3:44,42246.574,44072.348,28.830385,23.670559,1.0193113,28.647026,5.2631936,71.81363,111.845,7.6105723,-47.636032,203.34244,0.03943949,22.831062,0.018,65,764.40656
8/1/2026 4:14,40436.273,42181.836,27.456947,24.73027,1.0182724,27.418192,4.8880677,66.16993,103.05489,7.5069103,-41.542053,213.74702,0.04034115,22.833408,0.027,65,764.40656
8/1/2026 4:44,36597.28,38101.414,24.526838,27.324434,1.0160322,24.765919,4.336987,57.826668,90.045555,7.349052,-32.27234,200.11426,0.03919587,22.93314,0.018,65,764.40656
8/1/2026 5:14,32752.969,34103.047,21.69672,30.531584,1.0138993,22.16698,3.7907515,49.71841,77.42043,7.2239532,-24.914742,192.53731,0.040650424,22.92732,0.018,65,764.40656
8/1/2026 5:44,30450.02,31754.29,20.053812,32.840702,1.0126822,20.640287,3.4262967,44.451088,69.22746,7.151234,-20.632744,171.72813,0.061363045,22.84954,0.027,65,764.40656
8/1/2026 6:14,29320.87,30638.027,19.277657,34.1054,1.0121241,19.914719,3.1838546,41.04596,63.93524,7.1112742,-18.277168,148.59677,0.076703124,22.749165,0.018,65,764.40656
8/1/2026 6:44,28398.344,29723.613,18.64465,35.21332,1.0116692,19.320349,2.978737,38.203,59.515297,7.084338,-16.6893,155.80177,0.06910867,22.665632,0.027,64,764.40656
8/1/2026 7:14,27641.107,28947.67,18.110126,36.178,1.011274,18.815985,2.8963318,37.01201,57.662674,7.0696754,-15.826225,164.75677,0.08072912,22.636894,0.018,64,764.40656
8/1/2026 7:44,26905.451,28164.268,17.573034,37.16719,1.0108634,18.306774,2.9534357,37.640472,58.639515,7.0553713,-14.986992,192.84726,0.13356517,22.659922,0.018,64,764.40656
8/1/2026 8:14,26159.402,27337.408,17.008894,38.227173,1.0104167,17.769316,3.0260906,38.5,59.97007,7.0428042,-14.252663,202.54135,0.037332743,22.743908,0.018,64,764.40656
8/1/2026 8:44,26180.396,27295.625,16.981874,38.196518,1.010366,17.742157,2.934752,37.41202,58.263805,7.033463,-13.709068,218.67276,0.15249838,22.860867,0.027,64,764.40656
8/1/2026 9:14,25018.246,25955.904,16.073288,39.97083,1.0096173,16.871338,3.0298736,38.59705,60.083794,7.04518,-14.410019,229.22516,0.09488191,23.108637,0.027,64,764.40656
8/1/2026 9:44,34651.86,34640.707,22.108047,28.85848,1.0136282,22.51646,7.0415325,96.078125,149.0464,7.547146,-44.231415,200.71506,0.083914675,25.016857,0.036,64,764.40656
8/1/2026 10:14,43470.656,44212.008,28.965887,23.004023,1.0190477,28.737806,7.961354,111.21506,172.81694,7.954466,-68.14957,198.87924,0.04555699,24.122087,0.036,64,764.40656
8/1/2026 10:44,43418.367,43843.164,28.705082,23.031727,1.0187434,28.498056,8.022387,112.62512,174.88866,7.9548836,-68.25924,207.13806,0.11904115,24.492725,0.045,64,764.40656
8/1/2026 11:14,43525.68,43924.402,28.765121,22.974943,1.0187793,28.550863,8.086591,113.62834,176.436,7.958308,-68.46905,208.37784,0.44094914,24.524738,0.045,64,764.40656
8/1/2026 11:44,43604.016,44162.76,28.934988,22.933668,1.0189619,28.705797,8.425155,118.11606,183.46791,8.011652,-71.578026,214.43367,0.49215338,24.337591,0.045,64,764.40656
8/1/2026 12:14,43575.13,44241.27,28.989405,22.948872,1.0190395,28.756826,8.795333,123.074,191.21324,8.047848,-73.685646,227.95677,0.848707,24.211674,0.036,64,764.40656
8/1/2026 12:44,43794.445,44362.7,29.08095,22.833946,1.0190743,28.835754,9.03634,126.77237,196.91658,8.064624,-74.70608,224.85257,0.7274723,24.329357,0.036,64,764.40656
8/1/2026 13:14,43714.055,44426.42,29.12354,22.875938,1.0191555,28.877174,8.979757,125.638916,195.21649,8.064293,-74.64409,226.20201,0.6365361,24.160484,0.036,64,764.40656
8/1/2026 13:44,43988.86,44462.76,29.156765,22.733028,1.0190988,28.900797,9.093207,127.87553,198.58879,8.071164,-75.120926,221.70544,0.7665713,24.441967,0.036,64,764.40656
8/1/2026 14:14,44036.613,44408.395,29.119728,22.708376,1.0190358,28.865456,9.025041,127.15403,197.42433,8.07025,-75.097084,242.2905,0.5155157,24.561684,0.045,64,764.40656
8/1/2026 14:44,44437.465,44473.066,29.175842,22.503534,1.0189613,28.907494,9.224725,130.90314,203.09343,8.069608,-75.15907,239.19583,0.48878354,24.958088,0.045,64,764.40656
8/1/2026 15:14,45578.293,44467.664,29.198343,21.94027,1.0185719,28.903982,8.986595,130.51537,201.95206,8.031821,-73.251724,232.60117,0.2916232,26.307652,0.072,64,764.40656
8/1/2026 15:44,46672.652,44461.793,29.214787,21.425823,1.0181803,28.900166,8.603135,127.70577,197.06195,7.969682,-69.85664,224.81918,0.10401362,27.6034,0.09,64,764.40656
8/1/2026 16:14,46836.977,44077.406,28.941753,21.350653,1.0177603,28.650314,8.034791,120.42696,185.55003,7.89037,-65.2647,247.5071,0.100088045,28.277874,0.108,64,764.40656
8/1/2026 16:44,45608.496,42603.12,27.867838,21.92574,1.0168222,27.692028,7.442774,111.652214,171.86572,7.7721148,-58.264732,254.09698,0.18710019,28.693378,0.126,64,764.40656
8/1/2026 17:14,41656.23,39004.723,25.25818,24.006012,1.0149136,25.35307,6.751873,99.60862,153.37483,7.5987697,-47.85061,250.535,0.28554702,28.559113,0.126,64,764.40656
8/1/2026 17:44,37170.098,34865.97,22.302235,26.903345,1.0127367,22.66288,6.173764,89.44835,137.76178,7.4232874,-37.322044,246.05273,0.32193142,28.459963,0.126,64,764.40656
8/1/2026 18:14,34640.15,32595.113,20.700571,28.868237,1.0115956,21.186823,5.7215424,81.92049,126.21847,7.3227444,-31.280518,200.94394,0.35942787,28.284843,0.117,64,764.40656
8/1/2026 18:44,33228.18,31373.623,19.844835,30.094938,1.011016,20.392855,5.2654295,74.79181,115.28462,7.255575,-27.241707,155.38693,0.39271054,28.09487,0.108,64,764.40656
8/1/2026 19:14,32471.652,30735.84,19.399616,30.796093,1.0107263,19.978296,4.9654427,70.191666,108.22748,7.2228565,-25.27237,204.39148,0.45475224,27.956818,0.108,64,764.40656
8/1/2026 19:44,31682.95,30087.127,18.947844,31.562717,1.0104442,19.556631,4.570852,64.25471,99.11307,7.181865,-22.807121,182.74307,0.4015252,27.776968,0.099,64,764.40656
8/1/2026 20:14,30749.812,29319.357,18.414816,32.520523,1.0101138,19.057583,4.2171774,58.883007,90.87176,7.152449,-21.033287,154.2616,0.5374553,27.554386,0.09,64,764.40656
8/1/2026 20:44,30216.764,28927.92,18.14313,33.09421,1.0099782,18.803148,3.8876019,53.99366,83.36648,7.123628,-19.2976,169.98767,0.448432,27.332653,0.099,64,764.40656
8/1/2026 21:14,28987.209,27894.773,17.43024,34.497974,1.00953,18.131603,3.6778579,50.631023,78.22199,7.110577,-18.501282,174.20291,0.45455736,27.050404,0.081,64,764.40656
8/1/2026 21:44,28384.129,27411.896,17.097866,35.230957,1.0093391,17.817734,2.5573595,35.023033,54.130768,7.0618052,-15.583038,215.14417,0.27540925,26.856936,0.09,64,764.40656
8/1/2026 22:14,42051.29,42040.855,27.404034,23.780483,1.0176109,27.326555,6.6032724,92.850235,144.04004,7.829279,-60.93979,211.96841,1.0304233,25.012993,0.054,64,764.40656
8/1/2026 22:44,43243.105,43618.69,28.54252,23.125074,1.0186044,28.35215,7.873666,110.54271,171.63696,7.992808,-70.51468,210.77156,1.1606282,24.54918,0.045,64,764.40656
8/1/2026 23:14,42510.883,43200.926,28.229404,23.523388,1.0184801,28.080603,8.221667,114.45069,177.83127,8.031174,-72.68906,217.86212,1.2572346,24.163725,0.036,64,764.40656
8/1/2026 23:44,42342.434,43097.242,28.15209,23.61697,1.018445,28.013208,8.291495,115.20897,179.03581,8.036676,-72.99423,212.33081,1.4952766,24.08303,0.036,64,764.40656
8/2/2026 0:14,42223.594,42998.27,28.079481,23.683441,1.0183978,27.948875,8.239338,114.38379,177.76196,8.039613,-73.161125,234.86137,1.5304896,24.056734,0.036,64,764.40656
8/2/2026 0:44,42234.766,43033.94,28.104755,23.677177,1.0184252,27.972061,8.073546,112.04166,174.13127,8.028505,-72.49832,239.88724,1.3173449,24.027704,0.036,64,764.40656
8/2/2026 1:14,42266.36,43086.383,28.142357,23.659477,1.0184604,28.00615,7.8473506,108.88002,169.22499,8.013983,-71.63525,240.8123,1.2723008,24.003553,0.036,64,764.40656
8/2/2026 1:44,42434.625,43397.32,28.364788,23.56566,1.0186756,28.20826,7.8141537,108.24415,168.28673,7.9993796,-70.734024,235.54802,1.1464015,23.838572,0.027,64,764.40656
8/2/2026 2:14,42384.824,43367.754,28.342651,23.59335,1.018666,28.189041,7.5268135,104.20448,162.01361,7.9808884,-69.6373,253.22914,1.0794449,23.813349,0.036,64,764.40656
8/2/2026 2:44,42389.633,43334.34,28.319412,23.590673,1.0186355,28.167322,7.2755537,100.79259,156.69618,7.961714,-68.51673,251.17874,1.2085434,23.858614,0.036,64,764.40656
8/2/2026 3:14,42216.793,43126.137,28.16876,23.687256,1.018511,28.03199,6.731629,93.23767,144.94125,7.902005,-65.00244,247.69783,0.7228999,23.896038,0.036,64,764.40656
8/2/2026 3:44,42196.01,43118.414,28.16276,23.698923,1.0185112,28.02697,5.766681,79.847374,124.12913,7.742603,-55.594444,238.49011,0.40821373,23.879982,0.036,64,764.40656
8/2/2026 4:14,42079.32,43007.984,28.082176,23.764643,1.0184535,27.95519,5.271324,72.94119,113.39505,7.6471014,-49.95823,236.10593,0.27290633,23.869488,0.036,64,764.40656
8/2/2026 4:44,41263.53,42111.4,27.432917,24.234474,1.0179418,27.37241,4.842597,66.84912,103.90998,7.547899,-44.116974,220.57533,0.2645596,23.94587,0.036,64,764.40656
8/2/2026 5:14,38541.73,39185.43,25.32694,25.945904,1.0162995,25.47053,4.06016,55.564445,86.3387,7.3821936,-34.360886,203.681,0.21071438,24.139946,0.036,64,764.40656
8/2/2026 5:44,35097.156,35586.28,22.765255,28.492336,1.0143316,23.131083,3.3147922,44.814217,69.61658,7.237523,-25.830269,185.27985,0.16751935,24.280378,0.036,64,764.40656
8/2/2026 6:14,32932.16,33375.39,21.208168,30.365454,1.0131539,21.694004,2.9040902,38.93029,60.473495,7.1566195,-21.05236,186.37657,0.17098011,24.3047,0.027,64,764.40656
8/2/2026 6:44,31303.494,31732.68,20.059778,31.945316,1.0122945,20.626242,2.5627375,34.121693,53.005173,7.1015906,-17.800331,160.9993,0.13072127,24.291883,0.045,64,764.40656
8/2/2026 7:14,30280.686,30695.826,19.339062,33.024353,1.011753,19.952288,2.4339616,32.273846,50.134693,7.080606,-16.560555,186.91063,0.18338683,24.291918,0.045,64,764.40656
8/2/2026 7:44,29463.562,29842.139,18.748543,33.940228,1.0112973,19.39739,2.4261777,32.0873,49.840885,7.058776,-15.273094,161.62872,0.12910876,24.335814,0.036,64,764.40656
8/2/2026 8:14,28609.13,28922.088,18.115025,34.953876,1.0107948,18.799356,2.4972243,32.96497,51.194916,7.0448155,-14.452934,175.61913,0.047269832,24.433472,0.045,64,764.40656
8/2/2026 8:44,28057.377,28273.037,17.670555,35.64125,1.0104147,18.377474,2.7481222,36.29297,56.345787,7.0485487,-14.681816,159.48773,0.17404662,24.60064,0.045,64,764.40656
8/2/2026 9:14,27195.545,27334.148,17.028564,36.77073,1.0098959,17.767197,3.019617,39.827477,61.81767,7.0656834,-15.702248,227.24628,0.055880703,24.73452,0.045,64,764.40656
8/2/2026 9:44,27282.13,27338.262,17.032814,36.65403,1.0098552,17.76987,2.6399665,34.91881,54.182545,7.0310683,-13.661385,234.36546,0.039522596,24.892504,0.054,64,764.40656
8/2/2026 10:14,29969.775,29709.854,18.668865,33.36695,1.0109217,19.311405,5.0933385,68.68077,106.453835,7.218112,-24.781227,222.64005,0.36699587,25.458046,0.054,64,764.40656
8/2/2026 10:44,41470.105,41698.055,27.149601,24.113756,1.0175068,27.103735,7.5428543,105.36,163.53947,7.8956757,-64.80694,229.09164,0.58753294,24.713785,0.054,64,764.40656
8/2/2026 11:14,42423.55,42860.605,27.988462,23.571814,1.0182109,27.859394,7.8816957,110.14624,171.04782,7.9573264,-68.39752,216.77017,0.6503284,24.466122,0.045,64,764.40656
8/2/2026 11:44,42840.875,43424.566,28.395325,23.342194,1.018567,28.225967,8.125599,113.48323,176.28519,7.9913197,-70.36686,219.36417,0.7361684,24.296255,0.036,64,764.40656
8/2/2026 12:14,42927.098,43605.1,28.524405,23.29531,1.0186962,28.343315,8.577096,119.64707,185.89775,8.040608,-73.251724,230.7415,1.3479445,24.18593,0.036,64,764.40656
8/2/2026 12:44,43063.766,43748.92,28.629156,23.221378,1.0187769,28.4368,8.567083,119.56678,185.77504,8.038615,-73.132515,227.7136,1.2347378,24.18005,0.036,64,764.40656
8/2/2026 13:14,43116.43,43794.043,28.662308,23.193014,1.018799,28.466127,8.719831,121.742676,189.15236,8.064087,-74.63932,215.21568,0.97898734,24.189909,0.036,64,764.40656
8/2/2026 13:44,43311.93,43871.85,28.72237,23.088327,1.0188031,28.516705,8.829966,123.62814,192.0318,8.069536,-74.99695,215.70682,0.90523034,24.331799,0.036,64,764.40656
8/2/2026 14:14,43298.85,43920.97,28.756536,23.0953,1.0188504,28.54863,8.780657,122.804756,190.7786,8.069447,-74.97311,237.50781,1.0540045,24.258402,0.036,64,764.40656
8/2/2026 14:44,43552.664,43971.47,28.798967,22.960709,1.0188117,28.581455,8.9641,125.93184,195.5487,8.083089,-75.84095,246.90152,1.0147029,24.501337,0.045,64,764.40656
8/2/2026 15:14,43667.168,43915.355,28.762478,22.900501,1.0187248,28.544981,8.911363,125.60584,194.96854,8.076332,-75.49286,236.45401,0.7396014,24.704107,0.045,64,764.40656
8/2/2026 15:44,44459.867,43978.754,28.826689,22.492195,1.0185153,28.586191,8.832024,126.40953,195.8881,8.0518875,-74.26262,226.33553,0.6004078,25.572762,0.054,64,764.40656
8/2/2026 16:14,45349.383,43928.062,28.809551,22.051016,1.0181608,28.553242,8.6207905,125.74642,194.41725,8.0086975,-71.96903,236.58752,0.52186275,26.694014,0.072,64,764.40656
8/2/2026 16:44,45808.336,43798.855,28.72581,21.830088,1.0178771,28.469257,8.154701,120.31349,185.7367,7.935161,-67.74902,236.37296,0.098976485,27.402079,0.099,64,764.40656
8/2/2026 17:14,45142.24,42929.94,28.094545,22.152203,1.0173103,27.904463,7.579014,111.97734,172.7555,7.8423586,-62.270164,246.22917,0.26195848,27.69805,0.099,64,764.40656
8/2/2026 17:44,42956.41,40832.9,26.569742,23.279413,1.0161599,26.541384,6.799506,99.6488,153.72699,7.6832523,-52.7668,243.99757,0.4447216,27.72277,0.108,64,764.40656
8/2/2026 18:14,38346.203,36622.984,23.54201,26.078201,1.0139741,23.804941,5.923486,84.98188,131.17514,7.4715905,-40.08293,256.45258,0.57529026,27.463509,0.09,64,764.40656
8/2/2026 18:44,35182.395,33705.316,21.473572,28.423307,1.0124786,21.908457,5.208326,73.65003,113.725426,7.319832,-31.003952,232.29123,0.47615862,27.29441,0.099,64,764.40656
8/2/2026 19:14,33830.46,32492.557,20.620586,29.55916,1.0118829,21.120161,4.798127,67.36658,104.05399,7.256679,-27.222633,173.769,0.56144893,27.155794,0.09,64,764.40656
8/2/2026 19:44,32989.305,31766.357,20.111496,30.312855,1.0115446,20.648132,4.2565837,59.450237,91.85397,7.1997085,-23.813248,194.5877,0.45184624,27.015608,0.09,64,764.40656
8/2/2026 20:14,32415.105,31285.94,19.775331,30.849815,1.0113308,20.335861,3.9330132,54.709145,84.55131,7.1720324,-22.153854,206.4228,0.4359072,26.889624,0.081,64,764.40656
8/2/2026 20:44,31900.314,30857.432,19.47604,31.347652,1.0111431,20.057331,3.5507987,49.207752,76.06834,7.1381626,-20.127296,167.25064,0.5635258,26.769463,0.09,64,764.40656
8/2/2026 21:14,31284.656,30350.316,19.122477,31.964552,1.0109254,19.727707,3.2599347,44.964825,69.53231,7.1119123,-18.553734,136.28482,0.46169356,26.61179,0.072,64,764.40656
8/2/2026 21:44,30839.904,29997.348,18.876604,32.42552,1.0107832,19.498276,2.9654467,40.746788,63.028126,7.0907464,-17.285347,212.61215,0.3977454,26.470564,0.081,64,764.40656
8/2/2026 22:14,29258.545,28573.03,17.891262,34.17805,1.0101088,18.57247,2.7136257,36.94252,57.168804,7.063132,-15.630722,197.75867,0.48213732,26.256111,0.072,64,764.40656
8/2/2026 22:44,41037.047,41324.97,26.877916,24.368225,1.0173253,26.861229,5.182949,72.18554,112.0627,7.645246,-49.977303,206.25114,0.6704103,24.635223,0.054,64,764.40656
8/2/2026 23:14,42944.543,43661.586,28.564522,23.285845,1.0187396,28.380032,7.0779243,98.67797,153.3305,7.9480166,-67.772865,209.98955,0.90657675,24.14017,0.045,64,764.40656
8/2/2026 23:44,42663.848,43683.75,28.572006,23.439049,1.0188493,28.394438,7.250019,100.441765,156.17346,7.953137,-67.99221,211.93027,0.9589829,23.777624,0.036,64,764.40656
8/3/2026 0:14,42293.152,43510.773,28.439949,23.64449,1.0188187,28.282003,7.245403,99.874245,155.35805,7.9520574,-67.873,228.17612,1.0443639,23.53485,0.036,64,764.40656
8/3/2026 0:44,42147.637,43449.49,28.392698,23.726122,1.0188122,28.242167,7.3358593,100.908905,156.99611,7.958369,-68.22109,231.69518,1.1808889,23.431286,0.027,64,764.40656
8/3/2026 1:14,41966.367,43352.066,28.319113,23.828606,1.0187863,28.178843,7.4570165,102.342415,159.2556,7.970762,-68.92681,236.08208,1.1774997,23.326502,0.027,64,764.40656
8/3/2026 1:44,41986.934,43418.023,28.365767,23.816933,1.018836,28.221716,7.4638357,102.36902,159.31151,7.964813,-68.564415,231.20404,1.2779753,23.274303,0.027,64,764.40656
8/3/2026 2:14,42232.902,43485.16,28.420221,23.67822,1.0188159,28.265354,7.1720657,98.77791,153.66417,7.946477,-67.53445,248.003,1.2133933,23.492285,0.027,64,764.40656
8/3/2026 2:44,42313.832,43552.617,28.469812,23.632935,1.018848,28.3092,7.096362,97.794975,152.13011,7.934105,-66.809654,249.48596,1.0740446,23.510817,0.027,64,764.40656
8/3/2026 3:14,42183.203,43441.14,28.387959,23.706118,1.0187938,28.236742,6.648244,91.53306,142.3958,7.91786,-65.84644,260.6106,0.8640585,23.48391,0.027,64,764.40656
8/3/2026 3:44,42200.684,43445.64,28.391626,23.696299,1.0187922,28.239668,6.5213084,89.812355,139.71506,7.8881006,-64.09645,247.41173,0.8946027,23.49971,0.036,64,764.40656
8/3/2026 4:14,42019.66,43291.516,28.278498,23.798384,1.0187173,28.139486,5.900457,81.15452,126.255066,7.7903075,-58.32672,255.05542,0.6861896,23.461838,0.027,64,764.40656
8/3/2026 4:44,42067.53,43287.242,28.276968,23.771303,1.0186986,28.13671,5.04565,69.47407,108.07137,7.6238904,-48.532486,243.6304,0.39979157,23.524755,0.027,64,764.40656
8/3/2026 5:14,41987.875,43113.598,28.15332,23.816399,1.0185744,28.02384,4.605788,63.493427,98.7492,7.522964,-42.60063,223.17886,0.25736058,23.632952,0.027,64,764.40656
8/3/2026 5:44,41483.395,42461.777,27.68358,24.106031,1.0181743,27.600155,4.210743,58.054905,90.264984,7.4413233,-37.80842,204.47253,0.11321971,23.793638,0.036,64,764.40656
8/3/2026 6:14,39349.055,40107.266,25.98668,25.41357,1.0168333,26.069723,3.6571732,50.12454,77.9043,7.3268666,-31.080246,198.05908,0.10256002,24.010233,0.036,64,764.40656
8/3/2026 6:44,35955.016,36518.746,23.424719,27.81253,1.0148526,23.737185,3.2263806,43.71538,67.92062,7.2170653,-24.614334,187.69264,0.16417712,24.191795,0.036,64,764.40656
8/3/2026 7:14,33275.59,33751.445,21.471483,30.05206,1.0133638,21.93844,2.9231536,39.215096,60.920708,7.1531997,-20.84732,183.18176,0.16494763,24.261843,0.036,64,764.40656
8/3/2026 7:44,31982.658,32443.16,20.55496,31.266945,1.0126764,21.088055,3.1899402,42.56662,66.12791,7.146183,-20.432472,171.58984,0.27030855,24.256851,0.036,64,764.40656
8/3/2026 8:14,29825.576,30302.865,19.065323,33.52827,1.0115795,19.696863,3.3277137,43.96433,68.30948,7.1510415,-20.713806,167.17911,0.49984846,24.17536,0.027,64,764.40656
8/3/2026 8:44,28737.85,29219.6,18.316633,34.797314,1.0110278,18.992739,3.197845,42.038948,65.322525,7.1317067,-19.569397,170.78876,0.5802163,24.136793,0.036,64,764.40656
8/3/2026 9:14,26204.172,26696.182,16.58639,38.16186,1.0097561,17.352518,3.6520727,47.450356,73.74471,7.153065,-20.823479,180.33028,0.5469568,24.03508,0.036,64,764.40656
8/3/2026 9:44,22820.262,23287.268,14.281595,43.820705,1.0080484,15.136724,3.7563355,48.091278,74.75231,7.140238,-20.06054,190.76825,0.73129445,23.950048,0.036,64,764.40656
8/3/2026 10:14,20390.648,20819.07,12.637296,49.042088,1.0068215,13.532396,4.124198,52.280006,81.26721,7.148997,-20.575523,174.49857,0.6941423,23.922602,0.036,64,764.40656
8/3/2026 10:44,18742.018,19140.979,11.531677,53.35605,1.0059954,12.441636,4.1534886,52.305706,81.309204,7.1257386,-19.202232,206.7232,0.9068667,23.908726,0.036,64,764.40656
8/3/2026 11:14,33588.438,34508.8,21.993763,29.77215,1.0139395,22.43072,6.498823,86.426865,134.4238,7.6561112,-50.444603,226.72653,0.9594694,23.603645,0.027,64,764.40656
8/3/2026 11:44,39575.074,40828.74,26.492987,25.26843,1.0173892,26.538681,6.9105234,93.958755,146.1929,7.8764324,-63.385963,229.77353,0.85997856,23.392385,0.027,64,764.40656
8/3/2026 12:14,40589.027,41857.05,27.236341,24.637201,1.0179441,27.207083,7.1733603,97.98847,152.45708,7.914481,-65.63187,243.3443,1.0154421,23.413918,0.027,64,764.40656
8/3/2026 12:44,40663.348,41853,27.235735,24.59217,1.0179161,27.20445,7.0873785,96.98147,150.86438,7.909501,-65.36007,239.22443,0.7762115,23.511806,0.027,64,764.40656
8/3/2026 13:14,41572.082,42754.223,27.890152,24.054605,1.0183986,27.790245,7.2265906,99.33071,154.50778,7.924318,-66.24222,223.66524,0.8974397,23.552376,0.036,64,764.40656
8/3/2026 13:44,41673.504,42904.96,27.998312,23.996063,1.0184958,27.888224,7.1322236,97.99941,152.45174,7.9216943,-66.075325,218.77765,0.9326463,23.497278,0.027,64,764.40656
8/3/2026 14:14,41716.324,42892.176,27.990673,23.971432,1.018471,27.879915,7.178894,98.753784,153.60703,7.93398,-66.81442,235.40497,0.964122,23.564703,0.027,64,764.40656
8/3/2026 14:44,41833.055,43029.047,28.089668,23.904541,1.0185513,27.96888,7.218964,99.326614,154.50346,7.9318714,-66.68568,244.65085,0.81508434,23.544767,0.036,64,764.40656
8/3/2026 15:14,41831.094,43009.215,28.075768,23.905663,1.0185349,27.95599,7.1254463,98.06854,152.54083,7.933733,-66.80012,248.7898,0.86871994,23.56585,0.027,64,764.40656
8/3/2026 15:44,42013.45,43001.99,28.076092,23.801903,1.0184697,27.951292,7.063746,97.615005,151.7731,7.924445,-66.30421,243.73532,0.85944533,23.796425,0.027,64,764.40656
8/3/2026 16:14,42236.375,42802.156,27.9425,23.676275,1.0182221,27.821402,7.044909,98.155266,152.4714,7.8983,-64.873695,243.11542,0.58964396,24.307932,0.036,64,764.40656
8/3/2026 16:44,42372.223,42422.348,27.67961,23.600367,1.0178404,27.574526,6.966428,97.98353,152.02513,7.8328395,-61.135292,244.6127,0.26954195,24.938135,0.045,64,764.40656
8/3/2026 17:14,40348.043,40026.125,25.95434,24.78435,1.0164002,26.016981,6.7035975,94.1487,145.9392,7.7247133,-54.821968,247.39265,0.37261647,25.421085,0.054,64,764.40656
8/3/2026 17:44,34937.023,34545.016,22.047972,28.62293,1.013416,22.454262,5.977198,82.35335,127.61194,7.520711,-42.74845,249.7244,0.3492198,25.594126,0.063,64,764.40656
8/3/2026 18:14,28739.002,28461.613,17.808613,34.79592,1.0102623,18.50005,5.217025,70.07058,108.5969,7.3290443,-31.366348,256.90555,0.35349986,25.510265,0.063,64,764.40656
8/3/2026 18:44,21456.92,21336.48,12.988556,46.60501,1.0067129,13.868712,4.540215,59.111504,91.650696,7.169111,-21.862984,235.99625,0.23565069,25.295538,0.054,64,764.40656
8/3/2026 19:14,14555.621,14533.78,8.555801,68.70198,1.0034531,9.446958,4.0703692,51.477528,79.847855,7.0667453,-15.78331,231.99081,0.19440992,25.078678,0.036,64,764.40656
8/3/2026 19:44,11124.106,11176.1,6.44065,89.89486,1.0019538,7.264465,3.6846812,45.774937,71.046,7.002083,-11.940002,194.60202,0.09678923,24.756432,0.045,64,764.40656
8/3/2026 20:14,8950.596,9040.8,5.126045,111.72441,1.0010403,5.8765197,3.4958277,42.88594,66.59682,6.9588027,-9.474754,207.58629,0.040297475,24.477621,0.045,64,764.40656
8/3/2026 20:44,7567.6694,7670.2236,4.2967763,132.14108,1.0004632,4.9856453,3.3392239,40.638603,63.127697,6.926359,-7.662773,238.55685,0.115734406,24.299976,0.036,64,764.40656
8/3/2026 21:14,6337.087,6446.0703,3.5669706,157.80121,0.9999618,4.1899457,3.1897228,38.525917,59.866154,6.9105906,-6.7806244,230.031,0.16290988,24.114822,0.036,64,764.40656
8/3/2026 21:44,5292.698,5403.7007,2.9546466,188.93954,0.9995489,3.5124054,3.153855,37.825928,58.798725,6.900893,-6.23703,243.99757,0.07144025,23.924507,0.036,64,764.40656
8/3/2026 22:14,4564.142,4678.097,2.5339324,219.09923,0.99928176,3.0407631,3.0788808,36.701134,57.070724,6.89376,-5.836487,259.2802,0.188194,23.724644,0.036,64,764.40656
8/3/2026 22:44,4083.475,4199.2246,2.259036,244.88945,0.999116,2.729496,3.0526836,36.217842,56.335987,6.882143,-5.1879883,264.92596,0.25327453,23.556831,0.027,64,764.40656
8/3/2026 23:14,3705.7107,3827.629,2.0473335,269.85376,0.9990112,2.487959,3.0643694,36.159878,56.26802,6.888572,-5.540848,270.7386,0.45649773,23.332348,0.027,64,764.40656
8/3/2026 23:44,3842.5715,3988.7153,2.13875,260.2424,0.9991409,2.592665,3.0742304,36.124542,56.237473,6.906372,-6.5231323,270.9341,0.52372384,23.081709,0.027,64,764.40656
8/4/2026 0:14,39597.945,41312.188,26.828133,25.253836,1.0177988,26.85292,6.0545897,81.6548,127.172714,7.7455482,-55.570602,255.57518,0.4337189,22.827496,0.018,64,764.40656
8/4/2026 0:44,40996.65,42777.5,27.888348,24.392239,1.018602,27.805374,6.4047375,86.897865,135.34012,7.823762,-60.167313,237.33139,0.5774718,22.820389,0.018,64,764.40656
8/4/2026 1:14,41101.46,42897.375,27.975012,24.330036,1.0186709,27.883295,6.453341,87.581795,136.40817,7.848788,-61.63597,231.78577,0.5171777,22.808098,0.018,64,764.40656
8/4/2026 1:44,41414.504,43161.918,28.169104,24.14613,1.0187976,28.055248,6.4199395,87.33884,136.01308,7.856074,-62.07943,223.19794,0.68328243,22.880362,0.027,64,764.40656
8/4/2026 2:14,41296.953,43118.848,28.135298,24.21486,1.0187976,28.027252,6.2672725,85.10477,132.55478,7.844804,-61.397552,239.52008,0.61488765,22.787806,0.018,64,764.40656
8/4/2026 2:44,41441.445,43260.13,28.238262,24.130432,1.0188725,28.119083,6.210985,84.407425,131.46616,7.845089,-61.416626,252.23254,0.6094523,22.798918,0.027,64,764.40656
8/4/2026 3:14,41259.22,43113.13,28.130075,24.237007,1.0188046,28.023535,6.115137,82.97836,129.25137,7.835044,-60.81581,260.53906,0.6449953,22.748634,0.018,64,764.40656
8/4/2026 3:44,41294.28,43157.52,28.162067,24.216429,1.0188313,28.052387,5.6220927,76.29,118.83504,7.7961316,-58.526993,255.56088,0.29035184,22.739637,0.018,64,764.40656
8/4/2026 4:14,41035.95,43001.367,28.04501,24.368877,1.0187793,27.950888,5.640432,76.306015,118.886536,7.787568,-57.997704,262.37964,0.42063445,22.607016,0.018,64,764.40656
8/4/2026 4:44,40726.977,42785.92,27.885153,24.55375,1.0186932,27.810848,5.372565,72.45052,112.90349,7.754778,-56.04744,256.958,0.29717502,22.480522,0.018,64,764.40656
8/4/2026 5:14,40198.55,42288.113,27.522583,24.876518,1.0184374,27.487274,4.83473,64.98189,101.27609,7.679621,-51.62239,254.66443,0.09949293,22.41296,0.009,64,764.40656
8/4/2026 5:44,38844.016,40906.65,26.523703,25.743992,1.0176964,26.589321,4.430529,59.148636,92.19291,7.590255,-46.367645,237.86069,0.041019194,22.360054,0.018,64,764.40656
8/4/2026 6:14,31106.988,33010.84,20.914076,32.147118,1.0135591,21.457047,4.07201,52.256668,81.501335,7.3969445,-34.976006,228.8866,0.10170165,21.980442,0.009,64,764.40656
8/4/2026 6:44,22422.766,23997.193,14.733467,44.59753,1.0090005,15.598176,3.946008,48.474796,75.65336,7.200253,-23.412704,187.71649,0.064845175,21.564981,0.009,64,764.40656
8/4/2026 7:14,18166.64,19482.365,11.737318,55.04595,1.0067654,12.663538,3.8473752,46.35671,72.35924,7.1245275,-18.97335,129.12274,0.051439863,21.464182,0.009,64,764.40656
8/4/2026 7:44,16862.182,18072.693,10.817186,59.304306,1.0060644,11.747251,3.8900948,46.64628,72.80792,7.087668,-16.818047,164.67094,0.040436473,21.493183,0.009,64,764.40656
8/4/2026 8:14,14797.519,15853.212,9.383619,67.578896,1.0049784,10.304587,3.9658484,47.177208,73.63426,7.054245,-14.863014,180.60684,0.042674974,21.513521,0.009,64,764.40656
8/4/2026 8:44,13423.526,14350.278,8.424784,74.49607,1.0042303,9.327682,4.064117,48.173344,75.17647,7.034446,-13.709068,193.12381,0.05479354,21.618809,0.009,64,764.40656
8/4/2026 9:14,12612.724,13413.983,7.8332615,79.28502,1.0037241,8.7190895,4.2753544,50.74691,79.160446,7.018702,-12.798309,196.21371,0.08177582,21.87261,0.009,64,764.40656
8/4/2026 9:44,11852.334,12506.078,7.263812,84.37157,1.0032015,8.128951,4.5127773,53.78404,83.84472,7.0024858,-11.8637085,192.66605,0.040973,22.263134,0.018,64,764.40656
8/4/2026 10:14,11155.969,11650.185,6.7306814,89.638115,1.0026746,7.57262,4.7389045,56.85404,88.55423,6.9986033,-11.62529,223.50787,0.03887954,22.77899,0.018,64,764.40656
8/4/2026 10:44,10551.833,10890.679,6.2605553,94.77026,1.0021741,7.0789413,5.006303,60.56539,94.23882,6.991655,-11.262894,236.10115,0.059487067,23.37103,0.027,64,764.40656
8/4/2026 11:14,9943.407,10130.279,5.7925205,100.569145,1.0016549,6.5846815,5.206629,63.59633,98.83802,6.993945,-11.415482,256.28088,0.06794774,24.034197,0.036,64,764.40656
8/4/2026 11:44,10832.823,10821.53,6.221151,92.31204,1.0017104,7.033995,5.917204,73.8172,114.504684,7.036256,-13.976097,267.5581,0.057732973,25.054634,0.054,64,764.40656
8/4/2026 12:14,42820.25,42679.633,27.871277,23.353437,1.0179156,27.74176,8.459207,119.5931,185.46985,7.99104,-70.557594,218.93979,0.040093705,25.1725,0.054,64,764.40656
8/4/2026 12:44,42943.766,43235.883,28.265545,23.286266,1.0183673,28.103323,8.536683,119.86361,186.07552,8.011041,-71.61617,217.7763,0.08864288,24.646265,0.054,64,764.40656
8/4/2026 13:14,43113.87,43284.14,28.303844,23.194391,1.0183529,28.134691,8.804412,123.96701,192.39206,8.046457,-73.747635,221.12846,0.144387,24.794043,0.045,64,764.40656
8/4/2026 13:44,43254.723,43319.26,28.332115,23.118862,1.0183367,28.15752,9.033371,127.49331,197.81676,8.063802,-74.80621,214.64825,0.6276193,24.921995,0.054,64,764.40656
8/4/2026 14:14,43275.25,43388.48,28.381357,23.107897,1.0183909,28.202513,9.109294,128.47064,199.3554,8.073636,-75.37365,230.7415,0.5384051,24.863369,0.063,64,764.40656
8/4/2026 14:44,43166.133,43479.312,28.442476,23.16631,1.0185075,28.261555,8.977197,126.125275,195.80466,8.063781,-74.72992,239.53438,0.5012785,24.62288,0.045,64,764.40656
8/4/2026 15:14,43133.062,43485.152,28.445713,23.18407,1.0185236,28.265348,8.94712,125.60268,195.0104,8.068656,-75.006485,223.78445,0.55944234,24.576086,0.036,64,764.40656
8/4/2026 15:44,43097.71,43577.53,28.509705,23.203089,1.0186162,28.325396,8.641603,121.036804,187.9748,8.051155,-73.9336,229.10118,0.7277259,24.423521,0.045,64,764.40656
8/4/2026 16:14,43158.168,43530.68,28.478388,23.170586,1.0185552,28.294943,8.529994,119.71916,185.88406,8.048438,-73.804855,242.3334,0.5677522,24.551968,0.045,64,764.40656
8/4/2026 16:44,43610.348,43589.395,28.531296,22.930338,1.0184562,28.333107,8.609759,121.86941,189.05356,8.04678,-73.82393,240.75986,0.57556003,25.025166,0.054,64,764.40656
8/4/2026 17:14,44159.78,43514.777,28.491451,22.64504,1.018202,28.284605,8.386207,120.21788,186.2183,8.01289,-71.99764,231.93835,0.2441434,25.77605,0.054,64,764.40656
8/4/2026 17:44,44776.69,43415.87,28.43409,22.333048,1.0178951,28.220316,7.8772516,114.55581,177.13496,7.938923,-67.801476,229.18701,0.1899337,26.641037,0.072,64,764.40656
8/4/2026 18:14,44266.57,42496.457,27.77135,22.59041,1.0172304,27.622696,7.2691245,106.28065,164.15161,7.8381586,-61.912537,252.79045,0.37170175,27.180796,0.081,63,764.40656
8/4/2026 18:44,41414.387,39524.04,25.621485,24.146198,1.0155181,25.690626,6.5419216,95.01769,146.65312,7.6684837,-51.846504,257.6685,0.42386234,27.504074,0.099,63,764.40656
8/4/2026 19:14,35711.727,34145.938,21.785048,28.002007,1.0126791,22.19486,5.7930207,82.209564,126.913216,7.4657397,-39.725304,256.32858,0.5112906,27.400826,0.09,63,764.40656
8/4/2026 19:44,29920.988,28741.873,18.013685,33.421356,1.0099368,18.682219,5.1002336,70.56008,108.98851,7.274918,-28.309822,238.86203,0.45705807,27.14787,0.09,63,764.40656
8/4/2026 20:14,25791.393,24893.09,15.38238,38.772625,1.0080478,16.180508,4.522602,61.378082,94.85801,7.1599507,-21.43383,255.20325,0.44933456,26.889343,0.09,63,764.40656
8/4/2026 20:44,22599.816,21931.594,13.390698,44.248146,1.0066459,14.255536,4.14456,55.337738,85.57563,7.0803742,-16.674995,253.95871,0.4102252,26.59521,0.081,63,764.40656
8/4/2026 21:14,20709.52,20192.627,12.235312,48.286972,1.0058559,13.125208,3.9277322,51.870487,80.256096,7.048389,-14.75811,198.55023,0.31687245,26.34021,0.072,63,764.40656
8/4/2026 21:44,18826.182,18467.19,11.099851,53.117516,1.0050985,12.003674,3.712824,48.443108,75.002335,7.017843,-12.927055,216.51268,0.19912441,26.017773,0.072,63,764.40656
8/4/2026 22:14,17434.781,17197.303,10.271456,57.356613,1.0045612,11.1782465,3.5437818,45.781452,70.92326,6.9940643,-11.487007,217.49496,0.2568276,25.72299,0.063,63,764.40656
8/4/2026 22:44,15947.575,15830.098,9.386957,62.705456,1.0039914,10.289564,3.384656,43.248135,67.04286,6.971425,-10.209084,220.89005,0.27410853,25.38854,0.054,63,764.40656
8/4/2026 23:14,14634.562,14611.018,8.605082,68.3314,1.0034885,9.497162,3.3152008,41.943073,65.05805,6.9636674,-9.765625,201.8404,0.18417007,25.084362,0.054,63,764.40656
8/4/2026 23:44,13692.87,13768.414,8.068155,73.03071,1.0031854,8.94947,3.2441483,40.644733,63.088757,6.939425,-8.401871,226.20201,0.18736649,24.712738,0.045,63,764.40656
8/5/2026 0:14,12231.866,12374.479,7.1881447,81.75368,1.0026088,8.043411,3.1269088,38.756042,60.19262,6.9425817,-8.568764,243.13927,0.14847778,24.396612,0.036,63,764.40656
8/5/2026 0:44,33736.016,34729.617,22.147558,29.641912,1.0140831,22.574251,5.3953247,71.684814,111.51479,7.4824967,-40.197372,226.98402,0.53266215,23.502113,0.036,63,764.40656
8/5/2026 1:14,41973.39,43212.92,28.222235,23.824617,1.0186647,28.0884,6.78518,93.352615,145.22281,7.871355,-63.109398,220.3226,0.65913635,23.498205,0.027,63,764.40656
8/5/2026 1:44,42181.848,43488.03,28.420658,23.70688,1.0188345,28.26722,7.0381293,96.822754,150.63982,7.907388,-65.21702,215.60193,0.7199854,23.427464,0.018,63,764.40656
8/5/2026 2:14,42024.785,43440.203,28.38241,23.79548,1.0188432,28.236132,6.8871384,94.501595,147.06276,7.907481,-65.19318,226.48811,0.5308257,23.294079,0.027,63,764.40656
8/5/2026 2:44,42043.406,43494.168,28.420647,23.784943,1.0188835,28.27121,6.7919774,93.149734,144.96921,7.900343,-64.76402,223.2647,0.59891677,23.25365,0.027,63,764.40656
8/5/2026 3:14,41991.887,43467.484,28.400417,23.814123,1.0188769,28.253864,6.870391,94.16256,146.55339,7.9122033,-65.45544,233.82663,0.70520085,23.22266,0.027,63,764.40656
8/5/2026 3:44,42003.93,43516.363,28.434883,23.807297,1.0189148,28.285637,6.8087196,93.26585,145.1684,7.9083924,-65.22179,239.70126,0.71859473,23.18034,0.027,63,764.40656
8/5/2026 4:14,41827.14,43416.867,28.359905,23.90792,1.0188855,28.220964,6.471147,88.450714,137.6968,7.878042,-63.414574,254.95529,0.5704856,23.082964,0.027,63,764.40656
8/5/2026 4:44,41791.73,43441.098,28.375637,23.928179,1.0189171,28.236713,5.8089523,79.30697,123.47719,7.8581977,-62.232018,255.26047,0.61912817,23.012154,0.027,63,764.40656
8/5/2026 5:14,41718.312,43432.715,28.367416,23.97029,1.0189328,28.231264,6.137418,83.670135,130.28798,7.8468037,-61.545372,261.66916,0.38866246,22.933369,0.027,63,764.40656
8/5/2026 5:44,41377.734,43220.723,28.208755,24.167587,1.0188589,28.09347,5.83979,79.30491,123.52548,7.814129,-59.59034,244.65561,0.42010313,22.767471,0.027,63,764.40656
8/5/2026 6:14,40520.082,42363.13,27.585308,24.679121,1.0184001,27.536034,5.2470555,70.94137,110.50687,7.728196,-54.531097,244.57455,0.10419616,22.722204,0.018,63,764.40656
8/5/2026 6:44,38815.1,40638.004,26.337782,25.763168,1.0174767,26.414703,4.721704,63.2986,98.61332,7.606763,-47.38331,239.2292,0.17804587,22.65146,0.018,63,764.40656
8/5/2026 7:14,29800.111,31425.16,19.81581,33.556923,1.0126493,20.426355,4.2778907,54.86281,85.52227,7.3724246,-33.574104,203.28998,0.093877435,22.292578,0.018,63,764.40656
8/5/2026 7:44,25912.08,27403.814,17.04619,38.592037,1.010598,17.812479,3.9814167,50.114754,78.13914,7.241653,-25.88749,186.91063,0.17719033,22.149982,0.018,63,764.40656
8/5/2026 8:14,23416.797,24745.564,15.24431,42.704388,1.0092303,16.084618,3.9456222,49.18259,76.68085,7.176161,-22.04895,202.0359,0.06893535,22.188627,0.018,63,764.40656
8/5/2026 8:44,20995.09,22135.613,13.497741,47.630184,1.0078859,14.388149,4.0382795,49.935715,77.84048,7.132708,-19.507408,214.6101,0.10035288,22.30239,0.018,63,764.40656
8/5/2026 9:14,19166.96,20122.426,12.166954,52.17311,1.006831,13.0795765,4.154066,51.174103,79.74286,7.1072183,-18.024445,217.34238,0.041131433,22.514002,0.018,63,764.40656
,,,,,,,,,,,,,,,,,
Log Notes,,,,,,,,,,,,,,,,,
2026-03-30 14:47:30 Started,,,,,,,,,,,,,,,,,
2026-04-22 09:11:09 Paused,,,,,,,,,,,,,,,,,
"2026-04-22 09:23:32 pH Calibrated (Sensor: pH/ORP, Serial Number: 1111279)",,,,,,,,,,,,,,,,,
2026-04-22 09:25:43 Resumed,,,,,,,,,,,,,,,,,
2026-05-12 14:26:11 Paused,,,,,,,,,,,,,,,,,
2026-05-12 14:28:02 Resumed,,,,,,,,,,,,,,,,,
2026-05-12 14:32:15 Paused,,,,,,,,,,,,,,,,,
"2026-05-12 14:37:02 pH Calibrated (Sensor: pH/ORP, Serial Number: 1111279)",,,,,,,,,,,,,,,,,
2026-05-12 14:39:51 Resumed,,,,,,,,,,,,,,,,,
2026-06-10 12:49:26 Paused,,,,,,,,,,,,,,,,,
"2026-06-10 13:00:01 pH Calibrated (Sensor: pH/ORP, Serial Number: 1111279)",,,,,,,,,,,,,,,,,
2026-06-10 13:03:31 Resumed,,,,,,,,,,,,,,,,,
2026-07-08 11:16:07 Paused,,,,,,,,,,,,,,,,,
"2026-07-08 11:38:20 pH Calibrated (Sensor: pH/ORP, Serial Number: 1111279)",,,,,,,,,,,,,,,,,
2026-07-08 11:40:08 Resumed,,,,,,,,,,,,,,,,,
2026-07-08 11:44:08 Hardware Reset,,,,,,,,,,,,,,,,,
2026-08-05 09:29:23 Paused,,,,,,,,,,,,,,,,,
