Location Properties,,,,,,,,,,,,,,,,,,,
Location Name = AshCreek,,,,,,,,,,,,,,,,,,,
Location ID = 82862c1c-6906-4407-9675-91cd165864a7,,,,,,,,,,,,,,,,,,,
,,,,,,,,,,,,,,,,,,,
Report Properties,,,,,,,,,,,,,,,,,,,
Start Time = 2026-08-17 09:39:21,,,,,,,,,,,,,,,,,,,
Duration = 28.22:00:00,,,,,,,,,,,,,,,,,,,
Readings = 1389,,,,,,,,,,,,,,,,,,,
Time Offset = -04:00:00,,,,,,,,,,,,,,,,,,,
,,,,,,,,,,,,,,,,,,,
Instrument Properties,,,,,,,,,,,,,,,,,,,
Device Model = Aqua TROLL 600,,,,,,,,,,,,,,,,,,,
Device SN = 1335676,,,,,,,,,,,,,,,,,,,
Device Firmware = 2.50,,,,,,,,,,,,,,,,,,,
,,,,,,,,,,,,,,,,,,,
Log Properties,,,,,,,,,,,,,,,,,,,
Log Name = Log_0626ASHC_1335676,,,,,,,,,,,,,,,,,,,
Log Type = Linear,,,,,,,,,,,,,,,,,,,
Log File Number = 1,,,,,,,,,,,,,,,,,,,
Log ID = 0d6aae26-339d-4b4b-89fd-f98df703842c,,,,,,,,,,,,,,,,,,,
Log Wrapping Enabled = True,,,,,,,,,,,,,,,,,,,
Interval = 00:30:00,,,,,,,,,,,,,,,,,,,
,,,,,,,,,,,,,,,,,,,
,,,,,,,,,,,,,,,,,,,
Date Time,Actual Conductivity (µS/cm) (1333748),Specific Conductivity (µS/cm) (1333748),Salinity (PSU) (1333748),Resistivity (Ω⋅cm) (1333748),Density (g/cm³) (1333748),Total Dissolved Solids (ppt) (1333748),RDO Concentration (mg/L) (1330288),RDO Saturation (%Sat) (1330288),Oxygen Partial Pressure (Torr) (1330288),Chlorophyll-a Fluorescence (RFU) (1334952),pH (pH) (1310280),pH mV (mV) (1310280),ORP (mV) (1310280),Temperature (°C) (1335676),External Voltage (V) (1335676),Battery Capacity (%) (1335676),Barometric Pressure (mm Hg) (1335676),Pressure (psi) (1331252),Depth (ft) (1331252)
8/17/2026 9:39,24782.12,25907.885,16.036322,40.351673,1.0096896,16.840126,4.1708045,52.425625,82.16643,0.030435715,7.1249485,-27.065277,179.36053,22.724995,0,68,768.98376,15.34727,35.6864
8/17/2026 10:09,23746.588,24824.623,15.30378,42.111313,1.0091377,16.136005,3.1168628,39.013397,61.14536,0.0337059,7.0957685,-25.405884,206.46873,22.726387,0,68,768.98376,15.463575,35.97083
8/17/2026 10:39,40033.05,40977.66,26.609413,24.97936,1.0173644,26.635479,4.55129,61.981472,96.964035,0.036933616,7.464427,-46.539307,197.42313,23.793097,0,68,768.98376,15.721322,36.269775
8/17/2026 11:09,38873.668,39835.156,25.785316,25.724354,1.0167589,25.892853,4.899999,66.34855,103.80638,0.0943583,7.466672,-46.658516,195.84958,23.7363,0,68,768.98376,16.002373,36.928326
8/17/2026 11:39,39211.93,40133.26,26.000984,25.502443,1.016904,26.08662,5.9058695,80.155174,125.39394,0.92936474,7.571848,-52.671432,204.59953,23.798073,0,68,768.98376,16.323317,37.651443
8/17/2026 12:09,39893.027,40772.75,26.46323,25.067038,1.0172322,26.502289,6.031169,82.17805,128.54193,0.925372,7.607287,-54.707527,214.83722,23.870356,0,68,768.98376,16.687433,38.465008
8/17/2026 12:39,40630.527,41475.207,26.971985,24.612036,1.0175978,26.958883,6.113534,83.63709,130.80931,0.7995118,7.6201096,-55.451393,187.68613,23.933722,0,68,768.98376,17.068375,39.313923
8/17/2026 13:09,40953.66,41782.75,27.195143,24.417843,1.0177583,27.158789,6.1883373,84.80972,132.63681,0.6345782,7.637721,-56.462288,196.5076,23.961105,0,68,768.98376,17.465532,40.20788
8/17/2026 13:39,41043.906,41855.03,27.248028,24.364153,1.0177912,27.20577,6.2222567,85.33686,133.4554,0.68202126,7.640729,-56.638718,198.32913,23.985373,0,68,768.98376,17.801899,40.969276
8/17/2026 14:09,41160.3,41986.95,27.343246,24.295256,1.0178676,27.291517,6.0078754,82.41839,128.89503,0.4721686,7.629762,-56.009293,209.716,23.9692,0,68,768.98376,18.111704,41.66876
8/17/2026 14:39,41242.688,42063.684,27.399057,24.246723,1.0179071,27.341394,6.036267,82.84724,129.56364,0.60586774,7.6364117,-56.390762,214.95166,23.97812,0,68,768.98376,18.3861,42.288944
8/17/2026 15:09,41210.145,42025.53,27.37154,24.26587,1.0178846,27.316595,5.80707,79.69746,124.636375,0.51298344,7.620696,-55.49431,229.89575,23.984177,0,68,768.98376,18.537977,42.63435
8/17/2026 15:39,41329.41,42171.11,27.476418,24.195845,1.0179721,27.411222,5.7601113,79.060104,123.64612,0.673136,7.6248827,-55.72796,236.94339,23.955017,0,68,768.98376,18.569704,42.703094
8/17/2026 16:09,41329.113,42159.246,27.46813,24.196018,1.0179617,27.403511,5.041361,69.20882,108.23647,0.28912655,7.518382,-49.648285,204.66153,23.969088,0,68,768.98376,18.498442,42.54169
8/17/2026 16:39,41298.76,42076.832,27.409782,24.2138,1.0178998,27.349941,5.897421,81.02294,126.69841,0.894846,7.5831428,-53.358078,219.42917,24.031853,0,68,768.98376,18.295935,42.085625
8/17/2026 17:09,41284.55,42027.984,27.375309,24.222136,1.0178618,27.318192,5.684879,78.145004,122.18882,0.7630497,7.5547996,-51.74637,225.04153,24.073872,0,68,768.98376,18.053886,41.538124
8/17/2026 17:39,41256.1,41961.45,27.328087,24.238838,1.017813,27.274942,5.427138,74.64202,116.70175,0.50059754,7.5120993,-49.3145,222.80994,24.119926,0,68,768.98376,17.722551,40.789482
8/17/2026 18:09,41082.004,41734.04,27.164684,24.341558,1.0176721,27.127127,5.4768543,75.33712,117.775276,0.71452534,7.499571,-48.60878,219.26704,24.182013,0,68,768.98376,17.386408,40.033566
8/17/2026 18:39,40663.52,41272.004,26.83134,24.592068,1.0174077,26.826801,5.5447254,76.186646,119.09335,0.50113606,7.4910135,-48.127174,206.43059,24.228102,0,68,768.98376,17.007914,39.185535
8/17/2026 19:09,39860.42,40443.25,26.233433,25.087542,1.016952,26.288113,5.558307,76.1354,119.00948,0.6901086,7.4721956,-47.05429,215.53818,24.245499,0,68,768.98376,16.639545,38.36674
8/17/2026 19:39,37951.906,38576.285,24.890753,26.349138,1.0159672,25.074585,5.480228,74.36945,116.268715,0.42161298,7.44475,-45.47119,198.27191,24.152588,0,68,768.98376,16.31088,37.657364
8/17/2026 20:09,34384.367,35072.367,22.39712,29.082985,1.0141408,22.797039,5.4000683,72.0126,112.62054,0.45769465,7.3927975,-42.476654,203.1738,23.972952,0,68,768.98376,16.00287,37.02367
8/17/2026 20:39,29870.389,30525.943,19.216053,33.47797,1.0117751,19.841864,5.414865,70.781624,110.71472,0.344971,7.33416,-39.114952,208.19012,23.875639,0,68,768.98376,15.726157,36.478027
8/17/2026 21:09,27269.441,27954.668,17.442732,36.671085,1.0104854,18.170534,5.5552444,71.67662,112.1464,0.1647334,7.2825494,-36.149025,209.3536,23.716646,0,68,768.98376,15.504892,36.01921
8/17/2026 21:39,24655.213,25415.86,15.7107935,40.559376,1.0092593,16.52031,4.9856257,63.364098,99.189926,0.29081222,7.2246876,-32.815933,205.26233,23.433086,0,68,768.98376,15.356985,35.723892
8/17/2026 22:09,23157.29,23961.934,14.728215,43.18295,1.008571,15.575256,4.6547112,58.62038,91.7946,0.04817441,7.167223,-29.520988,200.29846,23.241879,0,68,768.98376,15.322846,35.669098
8/17/2026 22:39,20904.69,21767.186,13.25849,47.836155,1.0075479,14.14867,4.648632,57.714165,90.42451,0.16117887,7.1113877,-26.311874,195.4967,22.92546,0,67,768.98376,15.407353,35.89854
8/17/2026 23:09,40603.355,41516.984,27.000301,24.628506,1.0176436,26.98604,3.6310244,49.607845,77.59911,0.34714007,7.3863454,-42.090416,205.47691,23.847845,0,67,768.98376,15.576833,35.933098
8/17/2026 23:39,40562.707,41469.53,26.966143,24.653187,1.0176157,26.955194,4.2086334,57.495396,89.93605,0.10894897,7.4448786,-45.433044,202.01984,23.855118,0,67,768.98376,15.836896,36.52333
8/18/2026 0:09,40297.31,41207.895,26.776762,24.815554,1.0174762,26.785131,5.5854325,76.20506,119.20485,0.33004302,7.561601,-52.09446,203.99872,23.843067,0,67,768.98376,16.09442,37.111378
8/18/2026 0:39,40715.305,41594.52,27.057394,24.56079,1.0176736,27.036438,5.6359468,77.086525,120.572876,0.6663415,7.580488,-53.18165,191.05258,23.89331,0,67,768.98376,16.398111,37.792763
8/18/2026 1:09,40561.09,41443.31,26.947847,24.65417,1.0175933,26.938152,6.041805,82.57413,129.15799,0.7157763,7.618931,-55.3751,194.276,23.885479,0,67,768.98376,16.747095,38.585373
8/18/2026 1:39,40765.312,41646.074,27.094683,24.530659,1.017702,27.069948,6.181452,84.56493,132.27017,1.1122493,7.6400366,-56.581497,193.15544,23.892736,0,67,768.98376,17.107872,39.399864
8/18/2026 2:09,40932.22,41815.39,27.217287,24.430634,1.0177939,27.180004,5.9284406,81.16277,126.94844,0.9784287,7.616146,-55.217743,201.06616,23.894201,0,67,768.98376,17.416197,40.09474
8/18/2026 2:39,41088.758,41984.887,27.3398,24.337557,1.0178896,27.290176,5.720726,78.35812,122.56419,0.65306944,7.5958896,-54.05903,202.61111,23.882511,0,67,768.98376,17.683113,40.696358
8/18/2026 3:09,41180.344,42086.992,27.41356,24.28343,1.0179483,27.356544,5.447423,74.632614,116.73907,0.6021994,7.576629,-52.957535,208.38086,23.872133,0,67,768.98376,17.885431,41.151974
8/18/2026 3:39,41264.168,42180.824,27.481361,24.2341,1.0180023,27.417536,5.22242,71.565384,111.94335,0.4221599,7.554192,-51.674843,210.53139,23.862223,0,67,768.98376,18.029533,41.47713
8/18/2026 4:09,41291.113,42213.688,27.505041,24.218287,1.0180218,27.438898,3.3321607,45.663303,71.42786,0.59479827,7.5236416,-49.92962,222.27112,23.85577,0,67,768.98376,18.028374,41.473804
8/18/2026 4:39,41360.695,42280.086,27.55333,24.177544,1.0180568,27.482056,5.073021,69.546,108.78473,0.37908548,7.47067,-46.90647,219.76773,23.861504,0,67,768.98376,17.958342,41.3143
8/18/2026 5:09,41140.43,42083.812,27.410215,24.30699,1.0179588,27.354477,4.854201,66.450455,103.94915,0.18563396,7.4686794,-46.787262,227.21115,23.826347,0,67,768.98376,17.788046,40.93192
8/18/2026 5:39,41080.168,42035.105,27.374556,24.342646,1.0179362,27.322819,4.5212646,61.862923,96.77556,0.045607302,7.4170127,-43.83564,230.72543,23.810596,0,67,768.98376,17.553005,40.40065
8/18/2026 6:09,40867.492,41846.45,27.237097,24.469326,1.0178428,27.200193,4.2039504,57.43992,89.862076,0.039205737,7.369148,-41.098595,224.37396,23.775185,0,67,768.98376,17.274515,39.77312
8/18/2026 6:39,40744.645,41745.73,27.163485,24.543102,1.0177958,27.134726,4.264832,58.21573,91.08076,0.040028997,7.363039,-40.745735,214.16013,23.744474,0,67,768.98376,16.981323,39.10969
8/18/2026 7:09,40250.195,41305.438,26.843212,24.8446,1.0175775,26.848534,4.1439066,56.37938,88.220535,0.033802163,7.3406696,-39.458275,212.86789,23.662447,0,67,768.98376,16.672493,38.41799
8/18/2026 7:39,38878.613,40011.52,25.907398,25.721083,1.0169123,26.007488,3.8964908,52.593575,82.317635,0.03128121,7.29811,-37.0121,206.37337,23.517565,0,67,768.98376,16.365782,37.746788
8/18/2026 8:09,36658.41,37838.59,24.34851,27.27887,1.0157787,24.595083,3.6941214,49.2845,77.15865,0.03395373,7.238202,-33.578873,212.4292,23.367027,0,67,768.98376,16.073042,37.12352
8/18/2026 8:39,34583.58,35785.44,22.888155,28.915459,1.0147123,23.260536,3.5916183,47.408924,74.238434,0.03647891,7.1886506,-30.741692,200.91835,23.24161,0,67,768.98376,15.828847,36.60735
8/18/2026 9:09,31871.84,33055.04,20.965643,31.37566,1.013295,21.485777,3.6169586,47.118908,73.79899,0.038058314,7.151852,-28.634071,207.19353,23.125923,0,67,768.98376,15.613284,36.167316
8/18/2026 9:39,29332.451,30434.65,19.142227,34.091934,1.011928,19.782522,3.4697988,44.71118,70.03057,0.034988414,7.117557,-26.679039,175.28358,23.103914,0,67,768.98376,15.475991,35.90177
8/18/2026 10:09,27526.697,28399.568,17.74385,36.32837,1.0107992,18.459719,3.9201295,50.369724,78.8544,0.03454119,7.1034675,-25.901794,190.84277,23.39082,0,67,768.98376,15.398138,35.76365
8/18/2026 10:39,25722.83,26407.543,16.385864,38.875973,1.009711,17.164904,4.2401385,54.30465,84.97707,0.030070797,7.1038346,-25.94471,200.96603,23.642477,0,67,768.98376,15.472384,35.971035
8/18/2026 11:09,40399.8,41289.88,26.836618,24.752598,1.0175135,26.83842,4.2471204,57.994537,90.7142,0.035531856,7.375763,-41.4896,202.67311,23.87137,0,67,768.98376,15.629579,36.05637
8/18/2026 11:39,40964.207,41743.867,27.168337,24.411554,1.0177207,27.133512,5.174753,70.98384,111.00184,0.040747207,7.519479,-49.71981,201.39041,24.022133,0,67,768.98376,15.884598,36.626793
8/18/2026 12:09,40541.26,40983.176,26.626852,24.666227,1.0171939,26.639063,6.6976714,92.25487,144.15607,0.038262736,7.6580696,-57.71637,207.1506,24.435457,0,67,768.98376,16.159607,37.26906
8/18/2026 12:39,41091.934,41372.207,26.912294,24.335676,1.0173482,26.891935,6.883013,95.31063,148.87308,0.048092723,7.6694374,-58.407784,206.88835,24.645319,0,67,768.98376,16.443518,37.906933
8/18/2026 13:09,41162.785,41099.918,26.723595,24.293789,1.0170792,26.714947,6.7132626,93.56314,146.02379,0.35380375,7.650149,-57.387352,205.8536,25.080084,0,67,768.98376,16.7919,38.706863
8/18/2026 13:39,41391.45,41218.734,26.812094,24.15958,1.0171047,26.792177,6.906609,96.53833,150.627,0.5752644,7.667308,-58.398247,201.26645,25.219383,0,67,768.98376,17.16358,39.549736
8/18/2026 14:09,41676.758,41362.215,26.919165,23.994188,1.0171324,26.88544,7.0496416,98.901985,154.26169,0.67627054,7.6803255,-59.18026,215.16624,25.398148,0,67,768.98376,17.503347,40.317516
8/18/2026 14:39,41928.37,41578.29,27.076473,23.850199,1.017238,27.025888,7.32032,102.86682,160.43251,0.87270784,7.7090907,-60.839653,217.14511,25.440828,0,67,768.98376,17.809473,41.00737
8/18/2026 15:09,42047.414,41642.31,27.124094,23.782675,1.0172536,27.067501,7.425037,104.48963,162.94171,1.0980793,7.7262077,-61.836243,224.95094,25.50933,0,67,768.98376,18.067793,41.59428
8/18/2026 15:39,41954.29,41851.01,27.268509,23.835464,1.0174748,27.203157,7.543928,105.556274,164.72597,1.0948322,7.750369,-63.142776,228.19344,25.129204,0,67,768.98376,18.268177,42.03926
8/18/2026 16:09,41902.895,41961.16,27.344543,23.8647,1.0175914,27.274755,5.7416725,80.0935,125.03804,1.6368794,7.7536116,-63.285828,241.33507,24.927301,0,67,768.98376,18.353468,42.22816
8/18/2026 16:39,41946.54,42014.312,27.38288,23.839869,1.0176235,27.309303,5.053899,70.50045,110.06428,1.4379857,7.619907,-55.623055,216.78271,24.915543,0,67,768.98376,18.31644,42.142307
8/18/2026 17:09,42077.758,41880.57,27.292152,23.765526,1.0174578,27.22237,7.1986437,100.942604,157.49068,1.5823686,7.684175,-59.370995,238.65048,25.246506,0,67,768.98376,18.184708,41.850983
8/18/2026 17:39,42254.254,41674.832,27.151466,23.666256,1.0172088,27.088642,7.7835484,109.96346,171.40405,1.3902166,7.72293,-61.69319,238.9461,25.727928,0,67,768.98376,17.986069,41.410297
8/18/2026 18:09,42273.234,41587.633,27.090517,23.65563,1.0171224,27.031961,7.2859063,103.13566,160.71823,0.9450487,7.6601377,-58.112144,243.87662,25.863123,0,67,768.98376,17.720333,40.810665
8/18/2026 18:39,42292.82,41548.25,27.063196,23.644674,1.0170792,27.006363,6.9949927,99.129616,154.4524,0.9655356,7.6142645,-55.48954,232.62802,25.93825,0,67,768.98376,17.421394,40.13495
8/18/2026 19:09,42253.074,41418.484,26.971014,23.666918,1.0169749,26.922014,6.701737,95.113594,148.16043,1.0478383,7.5815525,-53.629875,233.20499,26.054985,0,67,768.98376,17.100218,39.410156
8/18/2026 19:39,42101.504,41056.47,26.713062,23.752121,1.016697,26.686705,6.4440746,91.756714,142.85103,1.2242386,7.5449033,-51.56994,226.42914,26.332645,0,67,768.98376,16.777716,38.689327
8/18/2026 20:09,41670.688,40522.19,26.32878,23.997684,1.0163627,26.339424,6.1008887,86.90518,135.25603,1.2134147,7.5067806,-49.40033,220.75478,26.483892,0,67,768.98376,16.47202,38.007236
8/18/2026 20:39,40322.414,39101.207,25.30651,24.800102,1.0155498,25.415785,5.6642323,80.42844,125.136765,1.0362855,7.4358435,-45.337677,235.39368,26.635181,0,67,768.98376,16.173548,37.359184
8/18/2026 21:09,38030.48,36895.73,23.727272,26.294699,1.0143733,23.982225,5.3370295,75.079704,116.820816,0.71917176,7.3752475,-41.84246,242.98016,26.61024,0,67,768.98376,15.915772,36.816265
8/18/2026 21:39,35878.258,34819.992,22.253454,27.872034,1.013275,22.632996,5.079159,70.83881,110.2265,0.4525631,7.296254,-37.288666,241.93112,26.591234,0,67,768.98376,15.691577,36.344856
8/18/2026 22:09,33195.4,32203.516,20.413658,30.124657,1.0118912,20.932285,5.1830297,71.56909,111.35792,0.4085288,7.269974,-35.777092,218.06064,26.612587,0,67,768.98376,15.508375,35.975666
8/18/2026 22:39,31270.062,30409.283,19.162365,31.97947,1.0109936,19.766035,4.8302717,66.08119,102.84672,0.40950257,7.219824,-32.873154,213.30182,26.482014,0,67,768.98376,15.417894,35.80089
8/18/2026 23:09,29344.033,28658.688,17.950214,34.07848,1.0101541,18.628147,4.969657,67.25679,104.72562,0.443904,7.2159534,-32.6252,221.62738,26.252048,0,67,768.98376,15.406802,35.80431
8/18/2026 23:39,31592.203,30907.217,19.505564,31.65338,1.0113451,20.089691,3.3577569,45.76972,71.2813,0.3191007,7.1589384,-29.335022,220.98366,26.16035,0,67,768.98376,15.524358,36.03168
8/19/2026 0:09,41898.895,41684.223,27.150179,23.866978,1.0173442,27.094746,5.967798,83.64898,130.50334,1.4328353,7.5862513,-53.75862,208.30457,25.26963,0,67,768.98376,15.708536,36.240158
8/19/2026 0:39,41903.11,41592.72,27.086039,23.864578,1.0172601,27.035267,6.5382504,91.802704,143.19069,1.2073821,7.634233,-56.533813,217.92712,25.390713,0,67,768.98376,15.937707,36.762184
8/19/2026 1:09,42400.9,42076.387,27.437164,23.584406,1.0175204,27.349651,7.195881,101.26101,157.93942,1.58779,7.745534,-62.92343,225.16075,25.403797,0,67,768.98376,16.186623,37.317078
8/19/2026 1:39,42357.918,42131.156,27.474686,23.608337,1.0175848,27.385252,7.2476935,101.79795,158.81438,1.1790034,7.7470627,-62.98542,222.15192,25.281796,0,67,768.98376,16.465376,37.94763
8/19/2026 2:09,42290.45,42182.695,27.509325,23.646002,1.0176547,27.41875,7.250274,101.594475,158.54202,1.3172126,7.757172,-63.533783,230.64914,25.13374,0,67,768.98376,16.794746,38.690914
8/19/2026 2:39,42198.65,42247.137,27.552359,23.697441,1.0177441,27.46064,7.1943207,100.49804,156.88889,1.4533714,7.7506523,-63.118935,235.87527,24.939909,0,67,768.98376,17.109499,39.401016
8/19/2026 3:09,42116.4,42304.254,27.590399,23.743721,1.0178232,27.497765,6.606183,92.02716,143.71155,1.3697292,7.6973305,-60.02903,239.04625,24.767511,0,67,768.98376,17.39483,40.045544
8/19/2026 3:39,42009.71,42353.797,27.62242,23.80402,1.0179036,27.529968,6.1048565,84.77464,132.4335,1.1909083,7.6490984,-57.229996,241.31122,24.574654,0,67,768.98376,17.635292,40.586742
8/19/2026 4:09,41850.87,42470.33,27.699802,23.894365,1.0180598,27.605715,5.3205256,73.48128,114.862656,1.1111407,7.5630636,-52.247047,253.50395,24.236355,0,67,768.98376,17.80935,40.975307
8/19/2026 4:39,41864.71,42538.52,27.747873,23.886467,1.018115,27.650038,4.153769,57.31724,89.60646,1.0909333,7.5227985,-49.934387,247.17633,24.170683,0,67,768.98376,17.882727,41.139008
8/19/2026 5:09,41857.49,42521.453,27.735743,23.890589,1.0181024,27.638945,2.4502525,33.81531,52.863766,0.75132877,7.471953,-47.03045,243.55713,24.182472,0,67,768.98376,17.888426,41.153088
8/19/2026 5:39,41842.258,42494.742,27.716652,23.899284,1.018084,27.621584,4.7390122,65.41027,102.25391,0.5482644,7.4756694,-47.245026,254.79141,24.196098,0,67,768.98376,17.778028,40.90402
8/19/2026 6:09,41754.664,42368.64,27.626085,23.94942,1.0180027,27.539616,4.588548,63.350758,99.02618,0.119022734,7.450185,-45.79544,249.31732,24.241291,0,67,768.98376,17.609324,40.52463
8/19/2026 6:39,41822.816,42414.414,27.659935,23.910393,1.0180202,27.569368,4.305756,59.487446,92.98245,0.04723881,7.401064,-42.99164,238.02582,24.269737,0,67,768.98376,17.38953,40.025333
8/19/2026 7:09,41851.05,42315.29,27.59132,23.894262,1.0179234,27.504938,4.1382284,57.306133,89.547325,0.04208686,7.3597374,-40.650368,237.04831,24.425606,0,67,768.98376,17.140463,39.464996
8/19/2026 7:39,41735.46,42112.527,27.44639,23.96044,1.0177834,27.373144,4.6709642,64.74871,101.157486,0.04169197,7.41082,-43.587685,220.6308,24.531218,0,67,768.98376,16.846556,38.80428
8/19/2026 8:09,41179.93,41525.22,27.021446,24.283674,1.0174538,26.991392,4.8371162,66.92829,104.55618,0.043771245,7.415651,-43.86902,227.40665,24.56465,0,67,768.98376,16.5802,38.21244
8/19/2026 8:39,40187.33,40471.203,26.261166,24.883465,1.0168616,26.306282,4.573832,63.085964,98.541176,0.039374296,7.375821,-41.599274,228.6512,24.632763,0,67,768.98376,16.294748,37.58773
8/19/2026 9:09,38769.13,38966.184,25.180647,25.793718,1.0160187,25.328018,4.7076783,64.64824,100.96214,0.036268294,7.343675,-39.772987,252.97467,24.735231,0,67,768.98376,16.039536,37.038414
8/19/2026 9:39,37077.97,37141.543,23.879341,26.970194,1.0149896,24.142004,4.5270104,61.896664,96.63311,0.028741747,7.293745,-36.935806,252.10681,24.910381,0,67,768.98376,15.8334055,36.606815
8/19/2026 10:09,34790.46,34759.414,22.192215,28.743511,1.0136828,22.59362,4.7195315,64.06459,99.99181,0.036077473,7.2510223,-34.503937,202.42993,25.046768,0,67,768.98376,15.6722145,36.286655
8/19/2026 10:39,32983.188,32857.023,20.856512,30.318476,1.0126358,21.357065,5.106093,68.973434,107.62178,0.035736416,7.264098,-35.271645,238.66,25.20103,0,67,768.98376,15.581741,36.11778
8/19/2026 11:09,29858.46,29533.855,18.548311,33.491344,1.0107977,19.197006,5.784291,77.625206,121.03355,1.2214108,7.281265,-36.301613,245.28328,25.575445,0,67,768.98376,15.574786,36.165882
8/19/2026 11:39,37216.098,36943.82,23.745646,26.870092,1.0147512,24.013483,2.94627,40.587437,63.30748,0.035750434,7.242943,-34.07955,210.45987,25.385866,0,67,768.98376,15.666992,36.237553
8/19/2026 12:09,41610.656,41873.9,27.276186,24.032305,1.0176148,27.218035,4.9438057,68.63082,107.1947,0.19388442,7.5718927,-52.82879,236.5047,24.67086,0,67,768.98376,15.852743,36.557774
8/19/2026 12:39,41027.16,40809.23,26.51703,24.374098,1.016865,26.526,6.993172,97.68597,152.39998,0.04594456,7.669513,-58.53653,239.78534,25.279593,0,67,768.98376,16.074896,37.088573
8/19/2026 13:09,41597.496,40883.797,26.581589,24.03991,1.0167248,26.574469,7.962467,112.48637,175.27187,1.3037553,7.7753506,-64.74495,241.40659,25.913965,0,67,768.98376,16.31181,37.63055
8/19/2026 13:39,41863.945,40976.043,26.651806,23.886904,1.0167112,26.63443,8.755854,124.210686,193.4546,1.7962539,7.8466344,-68.89343,238.50266,26.13449,0,67,768.98376,16.599188,38.28301
8/19/2026 14:09,42262.848,41315.582,26.898735,23.661444,1.0168767,26.855127,9.597616,136.49547,212.5595,2.5082471,7.9302363,-73.719025,249.68448,26.200396,0,67,768.98376,16.906733,38.973457
8/19/2026 14:39,42625.55,41599.652,27.10613,23.460108,1.0170048,27.039774,10.193264,145.36076,226.32336,2.6817732,7.9907403,-77.22378,252.91267,26.29116,0,67,768.98376,17.242037,39.729805
8/19/2026 15:09,42735.113,41679.81,27.164839,23.399961,1.0170385,27.091877,10.189243,145.43687,226.426,2.4682617,7.997047,-77.59571,259.164,26.325617,0,67,768.98376,17.510216,40.336845
8/19/2026 15:39,42925.473,41847.73,27.287106,23.29619,1.0171233,27.201025,10.063224,143.79286,223.85608,2.3437366,7.9995127,-77.74353,257.0993,26.34837,0,67,768.98376,17.802559,40.99649
8/19/2026 16:09,43034.445,41938.63,27.353432,23.2372,1.0171672,27.260109,10.163989,145.33546,226.24852,2.324386,8.008865,-78.287125,266.30704,26.36801,0,67,768.98376,17.991465,41.423473
8/19/2026 16:39,43013.664,42023.41,27.412907,23.248426,1.0172527,27.315216,10.050666,143.43578,223.35228,2.5620377,8.0003605,-77.7626,263.2362,26.233734,0,67,768.98376,18.141588,41.76008
8/19/2026 17:09,42955.285,42049.41,27.430084,23.280022,1.0172977,27.332117,9.412393,134.09792,208.85646,1.9982494,7.9542537,-75.08278,277.6796,26.127916,0,67,768.98376,18.193556,41.877068
8/19/2026 17:39,43022.88,42146.395,27.499935,23.243446,1.0173621,27.395157,8.711277,124.07559,193.26204,1.7225974,7.87003,-70.22858,276.64487,26.088804,0,67,768.98376,18.14613,41.766415
8/19/2026 18:09,43082.848,42050.01,27.433077,23.211094,1.017252,27.332508,9.409184,134.41566,209.28429,1.8354828,7.925728,-73.480606,275.48138,26.285975,0,67,768.98376,18.014872,41.472782
8/19/2026 18:39,43092.285,42026.152,27.416405,23.20601,1.0172266,27.317,9.012393,128.82738,200.5661,1.2843173,7.8894315,-71.401596,257.80978,26.328186,0,67,768.98376,17.80033,40.987263
8/19/2026 19:09,43135.836,42008,27.404434,23.18258,1.0171939,27.3052,8.444974,120.86714,188.14336,1.065044,7.8431487,-68.75515,271.0182,26.405659,0,67,768.98376,17.543037,40.40582
8/19/2026 19:39,43115.473,41872.023,27.30792,23.19353,1.0170759,27.216816,8.263342,118.50239,184.40582,1.3287826,7.7986846,-66.22791,262.47327,26.554789,0,67,768.98376,17.269054,39.78807
8/19/2026 20:09,42688.355,41338.65,26.923088,23.425592,1.0167397,26.870123,8.44249,121.12596,188.42802,1.7697736,7.79379,-65.97996,268.51,26.709427,0,67,768.98376,16.973665,39.131348
8/19/2026 20:39,42534.434,41100.59,26.752188,23.510365,1.0165755,26.715384,8.011015,115.05259,178.93634,1.8861578,7.751663,-63.5767,267.24164,26.826504,0,67,768.98376,16.658157,38.421307
8/19/2026 21:09,41799.496,40300.996,26.175297,23.923733,1.0161059,26.195648,7.4409432,106.73605,165.96002,1.9550524,7.683601,-59.67617,280.00656,26.946735,0,67,768.98376,16.367765,37.77955
8/19/2026 21:39,40366.098,38823.27,25.112291,24.773264,1.0152678,25.235126,6.6103654,94.471085,146.84808,1.5729587,7.574814,-53.424835,292.6666,27.080616,0,67,768.98376,16.085793,37.169655
8/19/2026 22:09,38136.363,36690.92,23.586336,26.221693,1.0141305,23.849098,5.9265175,83.950066,130.49896,1.4270256,7.4716606,-47.46914,299.17065,27.062572,0,67,768.98376,15.844419,36.661373
8/19/2026 22:39,37601.84,36226.57,23.254988,26.594444,1.0139052,23.54727,5.4771624,77.3422,120.24623,1.2891083,7.3680525,-41.480064,290.6734,26.98759,0,67,768.98376,15.63215,36.18645
8/19/2026 23:09,35642.695,34409.824,21.966526,28.05624,1.0129745,22.366386,4.907174,68.66304,106.77762,0.95948845,7.2982035,-37.436485,236.7622,26.875866,0,67,768.98376,15.488253,35.891636
8/19/2026 23:39,32673.545,31646.295,20.025099,30.6058,1.0115745,20.570093,5.003858,69.047295,107.41476,0.95137656,7.297758,-37.3888,220.48297,26.699492,0,67,768.98376,15.421436,35.78755
8/20/2026 0:09,29138.406,28368.88,17.75198,34.318966,1.0099567,18.439772,4.671492,63.335663,98.5862,0.5671422,7.244039,-34.26075,262.1776,26.420193,0,67,768.98376,15.460373,35.932735
8/20/2026 0:39,41284.51,40631.832,26.39826,24.222158,1.016609,26.41069,4.6468797,65.49683,102.06943,1.3220278,7.353054,-40.459633,225.00816,25.841005,0,67,768.98376,15.597151,36.013042
8/20/2026 1:09,42498.242,42118.066,27.468683,23.530384,1.0175235,27.376743,6.4080663,90.297775,140.82095,1.2090687,7.7015014,-60.4105,250.64293,25.472584,0,67,768.98376,15.764519,36.36073
8/20/2026 1:39,42076.555,41682.824,27.15321,23.766205,1.0172797,27.093836,7.096681,99.859856,155.72653,1.0164053,7.6996794,-60.310364,256.92288,25.494553,0,67,768.98376,16.000164,36.90252
8/20/2026 2:09,42559.598,42184.844,27.517056,23.496462,1.0175623,27.420147,7.7297006,108.9372,169.89197,1.1780741,7.8233166,-67.40093,264.58563,25.465109,0,67,768.98376,16.259449,37.481068
8/20/2026 2:39,42621.84,42285.066,27.589,23.46215,1.0176306,27.485294,8.028891,113.10626,176.41026,1.2237434,7.839043,-68.29262,263.81793,25.41698,0,67,768.98376,16.536652,38.106308
8/20/2026 3:09,42598.805,42313.83,27.60871,23.474836,1.0176647,27.503988,7.8964634,111.130066,173.34964,1.0844973,7.8166947,-66.99562,273.91736,25.35261,0,67,768.98376,16.825907,38.76076
8/20/2026 3:39,42534.098,42362.508,27.641445,23.51055,1.017731,27.53563,7.527021,105.69457,164.9156,1.0617262,7.792883,-65.59849,269.1156,25.212069,0,67,768.98376,17.118605,39.42169
8/20/2026 4:09,42458.055,42476.086,27.719442,23.552656,1.0178587,27.609457,6.772551,94.75857,147.91829,1.2083484,7.7255487,-61.688423,229.05174,24.977776,0,67,768.98376,17.355555,39.9556
8/20/2026 4:39,42328.96,42635.95,27.82843,23.624487,1.0180447,27.713367,5.4860163,76.335014,119.23854,1.0318067,7.5953674,-54.163933,258.64426,24.623028,0,67,768.98376,17.564013,40.420395
8/20/2026 5:09,42282.508,42702.547,27.873924,23.650442,1.0181191,27.756655,4.829041,67.04995,104.76167,1.0504348,7.544797,-51.24569,275.09036,24.485004,0,67,768.98376,17.707287,40.742805
8/20/2026 5:39,42295.156,42753.465,27.909954,23.64337,1.0181597,27.789753,3.810214,52.872135,82.61672,1.2919837,7.513092,-49.42417,285.67615,24.438753,0,67,768.98376,17.78404,40.91481
8/20/2026 6:09,42287.35,42747.996,27.905909,23.647734,1.0181575,27.786198,3.4730155,48.18945,75.30006,0.6780629,7.4456596,-45.56656,283.43503,24.435822,0,67,768.98376,17.757242,40.854042
8/20/2026 6:39,42269.71,42710.613,27.879244,23.657602,1.0181307,27.7619,3.4706328,48.16885,75.26458,0.7065891,7.418256,-44.002533,247.01419,24.45953,0,67,768.98376,17.653254,40.61943
8/20/2026 7:09,42279.098,42670.793,27.851574,23.65235,1.0180923,27.736015,4.3662457,60.652634,94.76021,0.050588798,7.426685,-44.493675,252.86975,24.519398,0,67,768.98376,17.489239,40.249123
8/20/2026 7:39,42270.008,42612.938,27.810774,23.657436,1.0180444,27.69841,4.002442,55.643303,86.92437,0.059792086,7.3968673,-42.796135,248.66882,24.578663,0,67,768.98376,17.28617,39.79088
8/20/2026 8:09,42243.594,42460.227,27.702988,23.672228,1.0179182,27.599148,4.532218,63.138496,98.60481,0.041891392,7.4010606,-43.058395,250.01828,24.732882,0,67,768.98376,17.056595,39.27602
8/20/2026 8:39,42233.375,42257.695,27.560614,23.677956,1.0177416,27.4675,5.1933117,72.586945,113.310036,0.044230483,7.4588785,-46.405792,255.68787,24.969868,0,67,768.98376,16.797085,38.69457
8/20/2026 9:09,41740.477,41653.25,27.124763,23.957561,1.0173724,27.074612,5.2117467,72.83973,113.674385,0.040769182,7.4425297,-45.490265,262.6163,25.10964,0,67,768.98376,16.52002,38.080086
8/20/2026 9:39,40614.395,40419.586,26.2352,24.621813,1.0166612,26.272732,5.4289727,75.67904,118.07314,0.040676575,7.4409027,-45.41874,269.6735,25.252337,0,67,768.98376,16.271671,37.542408
8/20/2026 10:09,39164.83,38805.992,25.078093,25.533113,1.0157231,25.223896,5.1269703,71.28591,111.169106,0.041803133,7.411629,-43.77365,269.77362,25.48413,0,67,768.98376,16.051487,37.07732
8/20/2026 10:39,37040.812,36557.82,23.475168,26.997248,1.0144584,23.762583,4.648628,64.280365,100.20331,0.03942175,7.321114,-38.604736,241.75946,25.691713,0,67,768.98376,15.891308,36.759197
8/20/2026 11:09,34634.805,34081.773,21.724405,28.87269,1.0130987,22.153152,4.645753,63.78094,99.39371,0.040042844,7.3267326,-38.94806,227.55447,25.849566,0,67,768.98376,15.752896,36.491585
8/20/2026 11:39,33129.39,32446.41,20.578815,30.184679,1.012166,21.090166,4.507368,61.751053,96.18181,0.041602038,7.293748,-37.083626,207.32704,26.10207,0,67,768.98376,15.712182,36.43308
8/20/2026 12:09,31629.354,30683.195,19.353674,31.616201,1.0110976,19.944077,5.8454137,80.238235,124.84619,0.034991916,7.3669615,-41.365623,254.82956,26.61447,0,67,768.98376,15.690371,36.420094
8/20/2026 12:39,40706.812,40077.797,25.998043,24.565912,1.016314,26.050568,2.4006553,33.748985,52.59601,0.2539021,7.393011,-42.75322,239.3705,25.821718,0,67,768.98376,15.796061,36.47597
8/20/2026 13:09,42137.004,41836.336,27.262434,23.73211,1.0173972,27.193619,2.483901,34.90241,54.4411,0.7217321,7.558493,-52.18506,256.2696,25.376272,0,67,768.98376,15.955177,36.798557
8/20/2026 13:39,41901.082,41196.39,26.80753,23.865732,1.0169002,26.777653,8.1244,114.88471,179.01544,1.937589,7.8262715,-67.66796,248.16815,25.895584,0,67,768.98376,16.15973,37.279438
8/20/2026 14:09,41636.742,40487.703,26.303879,24.017248,1.0163434,26.317007,11.065332,157.60513,245.28984,4.594937,8.052791,-80.84774,248.82617,26.485859,0,67,768.98376,16.383097,37.805977
8/20/2026 14:39,42532.047,41430.03,26.984665,23.511683,1.0168828,26.929522,11.387004,162.55305,253.03896,4.0815187,8.100848,-83.589554,227.30652,26.392637,0,67,768.98376,16.64876,38.388805
8/20/2026 15:09,42582.203,41411.355,26.972446,23.48399,1.0168469,26.917381,11.380123,162.6855,253.1996,4.4806223,8.111187,-84.20944,248.7785,26.48029,0,67,768.98376,16.942682,39.057182
8/20/2026 15:39,42362.668,41228.617,26.839376,23.60569,1.0167593,26.798601,11.345405,161.95706,252.08667,4.8320026,8.098299,-83.45604,248.4447,26.440125,0,67,768.98376,17.23298,39.71954
8/20/2026 16:09,42123.496,41089.363,26.73665,23.73972,1.0167195,26.708088,10.808488,153.88234,239.57832,5.298459,8.066171,-81.57253,249.07413,26.317694,0,67,768.98376,17.494232,40.31299
8/20/2026 16:39,42163.94,41209.207,26.821854,23.716948,1.0168151,26.785986,10.584446,150.49681,234.35728,5.0921726,8.051086,-80.67608,248.76895,26.212984,0,67,768.98376,17.735558,40.857956
8/20/2026 17:09,42219.418,41282.613,26.874647,23.685783,1.0168624,26.833698,9.58495,136.26799,212.21053,5.2203164,8.032308,-79.58889,269.26343,26.188086,0,67,768.98376,17.876001,41.175037
8/20/2026 17:39,42381.016,41624.797,27.118929,23.59547,1.0171174,27.056118,9.671733,137.13667,213.66512,4.9646635,8.005536,-77.98672,265.7968,25.95118,0,67,768.98376,18.005463,41.45827
8/20/2026 18:09,42559.37,41991.027,27.38061,23.496588,1.0173868,27.294167,7.738108,109.427246,170.57474,3.0874574,7.892252,-71.4159,289.19522,25.708633,0,67,768.98376,18.057243,41.56473
8/20/2026 18:39,42618.086,41927.55,27.337162,23.464216,1.0173081,27.252907,8.115109,115.032326,179.25732,2.7761066,7.8828187,-70.91045,267.78046,25.862288,0,67,768.98376,18.00765,41.4552
8/20/2026 19:09,42487.76,41676.094,27.157265,23.53619,1.0171255,27.08946,8.600044,122.10991,190.2267,3.5630054,7.9427853,-74.39613,277.5604,26.019665,0,67,768.98376,17.862522,41.13324
8/20/2026 19:39,42088.89,41328.043,26.903997,23.75924,1.016952,26.863228,7.634338,108.14011,168.4829,2.9819922,7.8765945,-70.57667,274.20346,25.963873,0,67,768.98376,17.695314,40.761524
8/20/2026 20:09,41675.938,41004.66,26.668106,23.994661,1.016807,26.653028,7.58753,107.137856,166.95694,2.6516793,7.8577843,-69.470406,277.73206,25.857111,0,67,768.98376,17.495424,40.313442
8/20/2026 20:39,41211.6,40648.72,26.408594,24.265013,1.0166514,26.421667,7.48909,105.35361,164.21944,2.0873592,7.8252,-67.567825,269.09653,25.724998,0,67,768.98376,17.228872,39.715435
8/20/2026 21:09,40691.254,40263.434,26.127672,24.575306,1.0164905,26.171232,7.3432164,102.83851,160.35225,1.9184368,7.8046036,-66.34712,279.28177,25.55631,0,67,768.98376,16.99579,39.191757
8/20/2026 21:39,39347.36,39055.51,25.255705,25.414665,1.0158839,25.386084,6.48728,90.14591,140.60635,1.5435708,7.7356915,-62.355995,273.2498,25.391237,0,67,768.98376,16.73312,38.618866
8/20/2026 22:09,37082.27,36911.7,23.720684,26.967066,1.0147743,23.992605,4.890225,67.18938,104.829796,1.198398,7.6391306,-56.786537,287.7075,25.241936,0,67,768.98376,16.494122,38.117016
8/20/2026 22:39,30381.969,30636.55,19.301216,32.91426,1.0116488,19.91376,5.9772058,79.13662,123.62809,1.0881929,7.535057,-50.702095,285.22794,24.564936,0,67,768.98376,16.259912,37.698563
8/20/2026 23:09,22839.5,23341.316,14.317216,43.783794,1.0080954,15.171856,6.0680037,77.12098,120.63085,0.93885183,7.42971,-44.56997,294.55487,23.874392,0,67,768.98376,16.056238,37.36269
8/20/2026 23:39,16674.248,17260.285,10.301547,59.97272,1.0052489,11.219185,6.149957,75.475685,118.192566,0.8357763,7.3206034,-38.256645,288.61823,23.22236,0,67,768.98376,15.879641,37.062195
8/21/2026 0:09,10136.871,10651.5205,6.110098,98.64977,1.0022823,6.9234886,6.164797,72.82226,114.18242,0.42276472,7.1841,-30.403137,294.655,22.470314,0,67,768.98376,15.805421,36.998695
8/21/2026 0:39,7118.6484,7557.971,4.2258744,140.4761,1.0009831,4.9126816,6.3243465,73.18011,114.839775,0.22115102,7.117529,-26.574135,279.91595,21.956697,0,67,768.98376,15.753217,36.92508
8/21/2026 1:09,4923.3687,5278.9263,2.879613,203.11296,1.0000768,3.431302,6.346719,72.1948,113.380516,0.106931254,7.1102138,-26.116371,281.67072,21.473604,0,67,768.98376,15.758265,36.970226
8/21/2026 1:39,4413.7695,4757.1177,2.5773015,226.5637,0.9999047,3.0921266,4.413738,49.874718,78.35806,0.087476715,6.996968,-19.70768,273.2927,21.221172,0,67,768.98376,15.86178,37.215584
8/21/2026 2:09,3045.8066,3306.1985,1.7516724,328.32025,0.99935466,2.1490293,6.1260495,68.43089,107.568375,0.04538764,6.984618,-18.997192,275.9296,20.876507,0,67,768.98376,16.042315,37.65278
8/21/2026 2:39,9525.624,10206.139,5.8324656,104.979996,1.0023001,6.6339903,5.1673055,59.838886,93.97058,0.4378824,6.673247,-1.66893,287.46906,21.509056,0,67,768.98376,16.247046,38.015537
8/21/2026 3:09,41247.316,41228.07,26.815279,24.244001,1.0171645,26.798244,6.191605,86.25476,134.6319,2.076787,7.653414,-57.56378,245.62183,25.024439,0,67,768.98376,16.479237,37.995655
8/21/2026 3:39,41495.598,41472.69,26.992437,24.098942,1.0172966,26.957249,6.3874044,89.07919,139.03926,1.6398759,7.7032337,-60.420036,256.72736,25.028915,0,67,768.98376,16.739178,38.578754
8/21/2026 4:09,41409.254,41444.164,26.9704,24.14919,1.0173014,26.938705,6.5857034,91.71705,143.1764,1.4809254,7.732202,-62.065125,264.39014,24.9559,0,67,768.98376,16.982666,39.131786
8/21/2026 4:39,41763.035,41849.504,27.262865,23.94462,1.0175403,27.202177,6.4692116,90.14481,140.73909,1.7415805,7.717286,-61.19728,256.89905,24.891823,0,67,768.98376,17.25246,39.73382
8/21/2026 5:09,41815.734,41938.36,27.326431,23.914444,1.0176013,27.259933,6.537955,91.064926,142.18765,2.0229747,7.719861,-61.335564,276.36353,24.846912,0,67,768.98376,17.464115,40.211205
8/21/2026 5:39,41791.06,41935.98,27.32416,23.928564,1.0176077,27.258389,6.3106623,87.85544,137.1836,1.6460079,7.7142167,-61.006546,275.25726,24.819067,0,67,768.98376,17.686611,40.714767
8/21/2026 6:09,41831.426,41980.3,27.356213,23.905472,1.0176332,27.287197,6.0248713,83.88515,130.98529,1.6334618,7.7047424,-60.46295,284.6891,24.81433,0,67,768.98376,17.827497,41.03364
8/21/2026 6:39,41765.5,41928.13,27.318024,23.943207,1.0176096,27.253284,5.3160267,73.97745,115.51834,1.4586688,7.6588435,-57.83081,288.43704,24.796925,0,67,768.98376,17.88964,41.17628
8/21/2026 7:09,41792.78,41951.07,27.334768,23.927578,1.0176204,27.268196,2.3257937,32.371777,50.549118,1.2045077,7.6254377,-55.918694,273.9078,24.802454,0,67,768.98376,17.887651,41.171143
8/21/2026 7:39,41703.715,41879.926,27.282724,23.97868,1.017588,27.221952,4.8723416,67.76924,105.82743,0.8832601,7.6116896,-55.127144,270.95618,24.779713,0,67,768.98376,17.780174,40.928474
8/21/2026 8:09,41408.137,41646.453,27.111944,24.149843,1.0174825,27.070194,3.805992,52.813057,82.484344,0.60163873,7.565554,-52.47116,279.08627,24.700397,0,67,768.98376,17.622864,40.575798
8/21/2026 8:39,41079.1,41360.496,26.903791,24.343279,1.0173422,26.884323,3.3304307,46.11369,72.02876,0.46874964,7.5101643,-49.290657,267.60403,24.643799,0,67,768.98376,17.405565,40.089016
8/21/2026 9:09,30847.262,31957.158,20.200277,32.41779,1.0127038,20.772154,5.2668166,68.378586,107.086235,0.3200631,7.466779,-46.577454,269.19666,23.181635,0,67,768.98376,17.174866,39.74406
8/21/2026 9:39,28433.39,29570.268,18.543604,35.169918,1.0115082,19.220675,5.0513897,64.72954,101.40531,0.089002766,7.389326,-42.1381,266.30704,22.987087,0,67,768.98376,16.958992,39.29821
8/21/2026 10:09,24280.15,25420.152,15.705191,41.185905,1.009459,16.523098,5.2852197,66.21754,103.7951,0.047399744,7.3135114,-37.779808,267.43713,22.652023,0,67,768.98376,16.720596,38.832073
8/21/2026 10:39,21892.75,22960.111,14.050173,45.677223,1.0082353,14.924073,5.3172727,65.87998,103.28078,0.0454581,7.258589,-34.646988,254.88678,22.566093,0,67,768.98376,16.50925,38.394398
8/21/2026 11:09,18869.855,19858.701,11.992438,52.994576,1.00673,12.908155,5.532523,67.51823,105.87944,0.042772908,7.218571,-32.3534,266.74097,22.39298,0,67,768.98376,16.327383,38.034637
8/21/2026 11:39,17341.928,18209.396,10.913827,57.663715,1.00589,11.836108,5.654268,68.71885,107.7421,0.039830342,7.1890707,-30.68924,278.4473,22.505835,0,67,768.98376,16.16504,37.69343
8/21/2026 12:09,16123.438,16844.658,10.029876,62.02151,1.0051619,10.949028,5.9896135,72.76465,114.03727,0.039395362,7.1716747,-29.726028,289.53854,22.758326,0,67,768.98376,16.016506,37.379765
8/21/2026 12:39,14213.449,14781.101,8.706019,70.355896,1.0041084,9.607716,5.5616956,67.34072,105.49559,0.036816996,7.1160626,-26.583672,271.9051,22.989326,0,67,768.98376,15.956628,37.279133
8/21/2026 13:09,12899.419,13383.887,7.819596,77.52287,1.003413,8.699527,5.9347334,71.64519,112.21681,0.038538456,7.0943604,-25.3582,287.42615,23.104824,0,67,768.98376,15.971184,37.33961
8/21/2026 13:39,40798.977,41325.98,26.872538,24.510418,1.0174086,26.861889,2.5092604,34.54929,53.99644,0.49428275,7.418251,-43.98346,253.9331,24.332338,0,67,768.98376,16.040752,36.992416
8/21/2026 14:09,41284.676,41743.223,27.176456,24.222063,1.017611,27.133095,5.3337665,73.68589,115.14271,0.97664934,7.5695705,-52.65236,237.90184,24.424875,0,67,768.98376,16.180037,37.299835
8/21/2026 14:39,40645.383,41071.617,26.691175,24.60304,1.0172362,26.696552,6.2243395,85.79831,134.06194,1.7754481,7.6639156,-58.054924,251.0864,24.45666,0,66,768.98376,16.372183,37.749607
8/21/2026 15:09,40481.85,40833.97,26.521326,24.702427,1.0170817,26.54208,7.011923,96.715706,151.09496,2.1625028,7.737601,-62.289238,246.31802,24.548523,0,66,768.98376,16.596245,38.263077
8/21/2026 15:39,41269.684,41544.09,27.036892,24.230862,1.0174394,27.00366,7.199161,99.774635,155.84317,2.4003093,7.7634544,-63.791275,256.65106,24.654177,0,66,768.98376,16.835426,38.792305
8/21/2026 16:09,41055.473,41302.027,26.862352,24.357288,1.0172982,26.846317,7.4335938,102.98061,160.84074,2.5884151,7.787985,-65.20271,194.04712,24.687458,0,66,768.98376,17.119854,39.441605
8/21/2026 16:39,41013.297,41251.516,26.82601,24.382336,1.017268,26.813486,7.6109166,105.433945,164.66937,3.1165516,7.8028545,-66.05625,209.21532,24.697655,0,66,768.98376,17.3929,40.062347
8/21/2026 17:09,41160.426,41436.52,26.95896,24.295181,1.0173817,26.933737,7.283915,100.89904,157.60034,3.4413843,7.7914553,-65.39345,241.04897,24.651146,0,66,768.98376,17.638159,40.614845
8/21/2026 17:39,41284.484,41566.047,27.052614,24.222176,1.0174538,27.017931,7.100914,98.40683,153.70921,3.2424917,7.7714014,-64.24427,249.34593,24.64535,0,66,768.98376,17.827215,41.040203
8/21/2026 18:09,41372.918,41661.465,27.121567,24.1704,1.017508,27.079952,6.776252,93.93139,146.72092,3.1107547,7.759852,-63.581467,265.47256,24.637383,0,66,768.98376,17.952208,41.321857
8/21/2026 18:39,41449.926,41767.438,27.197634,24.125496,1.0175756,27.148836,6.177022,85.60953,133.73093,3.3844068,7.743904,-62.66117,269.4303,24.601994,0,66,768.98376,18.044065,41.52591
8/21/2026 19:09,41463.887,41781.348,27.20772,24.117373,1.0175831,27.157877,4.1819973,57.96323,90.54454,2.996281,7.6929135,-59.742928,259.4215,24.60219,0,66,768.98376,18.04958,41.539047
8/21/2026 19:39,41398.473,41709.543,27.15583,24.155481,1.0175419,27.111202,5.1991,72.04835,112.54541,2.471495,7.6592293,-57.816505,256.14563,24.60953,0,66,768.98376,17.982132,41.388832
8/21/2026 20:09,41185.477,41497.11,27.001936,24.280403,1.0174268,26.97312,6.170936,85.43679,133.4599,2.2072139,7.6524067,-57.4255,270.8656,24.606821,0,66,768.98376,17.867554,41.13322
8/21/2026 20:39,40861.703,41215.117,26.79679,24.472794,1.0172884,26.789825,6.2385964,86.188515,134.64812,2.567973,7.6500945,-57.282448,279.997,24.551056,0,66,768.98376,17.673216,40.697514
8/21/2026 21:09,40792.82,41146.914,26.747452,24.514118,1.0172518,26.745493,5.562132,76.819145,120.011154,1.604619,7.5492697,-51.51272,285.0324,24.549444,0,66,768.98376,17.44045,40.17243
8/21/2026 21:39,40359.85,40694.56,26.421091,24.777098,1.0170003,26.451464,5.4629335,75.33467,117.687706,1.5154046,7.5094633,-49.238205,283.38733,24.569378,0,66,768.98376,17.19446,39.623657
8/21/2026 22:09,38527.938,38911.625,25.137037,25.95519,1.0160583,25.292557,5.521709,75.475555,117.92648,1.4455005,7.499625,-48.661232,282.16187,24.483742,0,66,768.98376,16.94174,39.08583
8/21/2026 22:39,36414.652,36852.633,23.665094,27.461473,1.0149809,23.954212,5.1776233,70.04872,109.4687,1.0352764,7.428056,-44.550896,274.67554,24.377766,0,66,768.98376,16.687098,38.549076
8/21/2026 23:09,33188.938,33753.324,21.470787,30.130522,1.0134017,21.939661,5.0325155,66.93574,104.65223,0.8837311,7.3594556,-40.593147,271.33765,24.124557,0,66,768.98376,16.437456,38.03955
8/21/2026 23:39,29208.17,29853.914,18.751045,34.236996,1.0114278,19.405045,5.0020223,65.20149,101.98791,0.8758696,7.2965097,-36.964417,272.01,23.867535,0,66,768.98376,16.212214,37.598244
8/22/2026 0:09,25672.172,26389.346,16.372797,38.952682,1.0097187,17.153074,4.91051,62.811306,98.29978,0.59434044,7.21889,-32.50122,275.83423,23.57714,0,66,768.98376,16.014317,37.2096
8/22/2026 0:39,23988.293,24756.355,15.264503,41.687,1.008939,16.09163,4.563395,57.788727,90.47131,0.505616,7.151512,-28.63884,251.44879,23.375662,0,66,768.98376,15.8530445,36.868702
8/22/2026 1:09,21527.47,22346.28,13.645275,46.452274,1.0077986,14.525082,4.6949477,58.58724,91.767975,0.30078503,7.0690207,-23.913383,192.65475,23.08158,0,66,768.98376,15.738702,36.648163
8/22/2026 1:39,20405.709,21254.385,12.918031,49.005894,1.0072958,13.815351,4.6187687,57.214016,89.64333,0.46140373,7.0715275,-24.04213,220.88351,22.909452,0,66,768.98376,15.699505,36.575657
8/22/2026 2:09,24188.305,25096.281,15.491268,41.342293,1.0091803,16.312582,2.6247318,33.11846,51.87287,0.3485054,6.9960785,-19.783974,225.46115,23.105774,0,66,768.98376,15.742769,36.607067
8/22/2026 2:39,40916.73,41600.293,27.06695,24.43988,1.0176104,27.040192,3.465103,47.602386,74.423,1.1923063,7.43911,-45.146942,227.14917,24.139706,0,66,768.98376,15.891308,36.6464
8/22/2026 3:09,40754.05,41455.594,26.961697,24.537437,1.0175385,26.946136,4.0987597,56.248035,87.94396,1.0249281,7.445938,-45.53318,249.75601,24.11399,0,66,768.98376,16.049305,37.006664
8/22/2026 3:39,40308.754,41116.207,26.713324,24.808506,1.0173919,26.725534,5.5931582,76.45559,119.569214,1.7546142,7.601115,-54.37374,255.61157,23.971815,0,66,768.98376,16.273417,37.52096
8/22/2026 4:09,40599.805,41438.543,26.945608,24.630661,1.017576,26.935055,5.9482293,81.37272,127.26631,1.4483466,7.6154118,-55.184364,261.243,23.940285,0,66,768.98376,16.510916,38.052032
8/22/2026 4:39,40757.332,41632.363,27.084917,24.535463,1.0176927,27.061037,6.0370855,82.595345,129.1879,1.5048262,7.6314116,-56.090355,233.2193,23.899578,0,66,768.98376,16.763079,38.618385
8/22/2026 5:09,40831.594,41712.38,27.142721,24.490839,1.0177376,27.113047,5.857335,80.1554,125.37271,1.5593237,7.617983,-55.322647,253.0748,23.894464,0,66,768.98376,17.04129,39.248047
8/22/2026 5:39,40810.55,41720.984,27.148117,24.503468,1.0177523,27.11864,5.8353615,79.805176,124.83318,1.5323881,7.6089993,-54.802895,248.57346,23.857489,0,66,768.98376,17.28852,39.807816
8/22/2026 6:09,40850.016,41773.082,27.185509,24.479795,1.0177845,27.152504,5.6784816,77.65667,121.475555,1.3624424,7.5975184,-54.14486,262.3636,23.84308,0,66,768.98376,17.48531,40.2524
8/22/2026 6:39,40858.67,41782.508,27.19232,24.47461,1.0177898,27.15863,5.484477,75.005714,117.32892,1.1330557,7.5752187,-52.871704,263.6272,23.842377,0,66,768.98376,17.66179,40.65273
8/22/2026 7:09,41080.496,41976.96,27.334042,24.342451,1.0178854,27.285025,5.085769,69.65791,108.955826,1.0345411,7.5470333,-51.26953,286.91116,23.88188,0,66,768.98376,17.801079,40.96431
8/22/2026 7:39,41049.45,41957.637,27.3197,24.360863,1.0178791,27.272465,3.1847548,43.60526,68.20726,1.0470548,7.508826,-49.085617,293.69177,23.866734,0,66,768.98376,17.818235,41.00403
8/22/2026 8:09,41076.617,41972.883,27.331097,24.344751,1.0178832,27.282373,3.7956672,51.987072,81.315865,0.5813397,7.462178,-46.424866,291.84167,23.882017,0,66,768.98376,17.786484,40.931866
8/22/2026 8:39,41045.145,41928.242,27.299091,24.363419,1.0178548,27.253357,4.487574,61.468937,96.14435,0.11891786,7.430067,-44.59381,282.71024,23.89727,0,66,768.98376,17.68844,40.71109
8/22/2026 9:09,40838.13,41752.31,27.170708,24.48692,1.0177704,27.139002,5.007616,68.48916,107.13311,0.46888062,7.483472,-47.636032,301.0351,23.85365,0,66,768.98376,17.520716,40.3336
8/22/2026 9:39,40646.418,41583.24,27.047617,24.602413,1.0176868,27.029104,4.807024,65.66092,102.71516,0.2053283,7.442716,-45.3043,296.65295,23.82048,0,66,768.98376,17.309126,39.857613
8/22/2026 10:09,40533.31,41485.75,26.976599,24.671068,1.0176398,26.965738,4.6474476,63.43025,99.229645,0.04913179,7.408691,-43.358803,298.8321,23.797997,0,66,768.98376,17.104631,39.396168
8/22/2026 10:39,39876.875,40858.293,26.52216,25.07719,1.0173129,26.55789,4.6985893,63.898235,99.971634,0.14745809,7.3800898,-41.718483,284.21228,23.742407,0,66,768.98376,16.865196,38.86553
8/22/2026 11:09,37977.344,39011.24,25.19156,26.33149,1.016346,25.357306,4.5240006,60.914974,95.32609,0.13102564,7.344715,-39.68239,287.37848,23.612436,0,66,768.98376,16.638382,38.387268
8/22/2026 11:39,35881.863,36956.504,23.722818,27.869232,1.0152766,24.021729,4.3828173,58.37716,91.3763,0.048895225,7.2874928,-36.40175,283.65436,23.477568,0,66,768.98376,16.404087,37.894627
8/22/2026 12:09,32883.117,34001.867,21.63181,30.410742,1.013756,22.101213,4.3740025,57.356396,89.809814,0.04678166,7.2404723,-33.698082,278.90985,23.277351,0,66,768.98376,16.19225,37.468193
8/22/2026 12:39,29750.33,30875.738,19.447533,33.61307,1.0121611,20.06923,4.2889185,55.35132,86.697914,0.046287123,7.177451,-30.088425,273.2021,23.091642,0,66,768.98376,16.034641,37.167423
8/22/2026 13:09,28121.408,29236.672,18.31404,35.560097,1.0113314,19.003838,4.2688637,54.64529,85.60504,0.04396631,7.1487103,-28.443336,249.79892,23.002823,0,66,768.98376,15.894783,36.877934
8/22/2026 13:39,26464.65,27558.367,17.16204,37.786255,1.0104855,17.91294,4.1672964,52.91375,82.903854,0.043994594,7.115331,-26.535988,213.33041,22.922132,0,66,768.98376,15.854775,36.81756
8/22/2026 14:09,25862.383,26924.303,16.729616,38.6662,1.0101566,17.500797,4.5992374,58.266476,91.28837,0.04505215,7.1317325,-27.470589,224.12125,22.93503,0,66,768.98376,15.876892,36.879684
8/22/2026 14:39,40646.367,41502.234,26.991232,24.602446,1.017616,26.976452,4.158751,56.887352,88.97456,0.5677837,7.4046206,-43.144226,236.19476,23.920305,0,66,768.98376,15.948843,36.776314
8/22/2026 15:09,40550.555,41403.027,26.91953,24.660576,1.0175616,26.911968,4.67693,63.95099,100.02215,0.9772628,7.4909625,-48.074722,259.56934,23.92201,0,66,768.98376,16.099922,37.120758
8/22/2026 15:39,40154.973,41032.383,26.650818,24.903517,1.0173707,26.671047,6.577761,89.73826,140.36497,1.4350513,7.670812,-58.336258,262.59247,23.88045,0,66,768.98376,16.297243,37.575146
8/22/2026 16:09,40011.594,40925.066,26.572289,24.992756,1.0173254,26.601294,7.250467,98.78573,154.53021,1.9717978,7.736888,-62.098503,263.05023,23.831385,0,66,768.98376,16.537842,38.1222
8/22/2026 16:39,40041.312,40963.54,26.59983,24.974207,1.017349,26.6263,7.6651635,104.4338,163.36841,2.728491,7.7771893,-64.39686,274.02225,23.821287,0,66,768.98376,16.785606,38.682415
8/22/2026 17:09,40050.98,40967.727,26.603012,24.968178,1.0173495,26.629023,8.041366,109.5751,171.40894,3.0631745,7.8143344,-66.51878,283.91187,23.828415,0,66,768.98376,17.067692,39.322395
8/22/2026 17:39,40125.2,41016.21,26.638754,24.921995,1.0173666,26.660536,7.9406457,108.29022,169.38861,3.383415,7.8016715,-65.80353,287.5692,23.862646,0,66,768.98376,17.337595,39.933376
8/22/2026 18:09,40169.31,41050.496,26.6638,24.894629,1.0173818,26.682823,7.866123,107.31464,167.85854,3.3448722,7.796775,-65.52696,295.00308,23.87613,0,66,768.98376,17.582382,40.4881
8/22/2026 18:39,40204.1,41089.87,26.692133,24.873085,1.0174044,26.708418,7.7711196,106.02683,165.84561,3.8238213,7.7999673,-65.70816,292.9193,23.87137,0,66,768.98376,17.776907,40.92804
8/22/2026 19:09,40232.016,41128.38,26.719673,24.855827,1.0174288,26.733446,7.8109193,106.56342,166.68863,4.2564964,7.800433,-65.732,308.62155,23.858936,0,66,768.98376,17.930784,41.276478
8/22/2026 19:39,40303.56,41211.84,26.779682,24.811705,1.0174776,26.787697,7.617344,103.93492,162.58083,4.165276,7.782775,-64.72111,313.63312,23.846106,0,66,768.98376,18.029953,41.499603
8/22/2026 20:09,40232.59,41151.9,26.736029,24.855473,1.0174493,26.748734,6.5164695,88.86724,139.01497,2.9409306,7.6982994,-59.895515,317.1617,23.830397,0,66,768.98376,18.047709,41.541073
8/22/2026 20:39,40245.01,41182.527,26.757668,24.8478,1.0174718,26.768644,6.6282167,90.366936,141.3666,3.5591788,7.716757,-60.944557,293.67273,23.808123,0,66,768.98376,18.004017,41.44224
8/22/2026 21:09,40114.902,41085.605,26.686676,24.928392,1.0174309,26.705645,5.8015866,79.001854,123.59737,2.7593467,7.6855035,-59.15165,319.11197,23.763016,0,66,768.98376,17.868208,41.13456
8/22/2026 21:39,40157.223,41122.48,26.713478,24.90212,1.017449,26.729612,6.4585366,87.97371,137.6318,1.9530703,7.6238995,-55.63736,320.08948,23.771063,0,66,768.98376,17.688047,40.72575
8/22/2026 22:09,40007.316,40995.824,26.6213,24.995428,1.0173888,26.647287,6.0576234,82.42042,128.9515,1.4533378,7.563847,-52.204132,332.50635,23.73757,0,66,768.98376,17.450706,40.190067
8/22/2026 22:39,39919.64,40914.652,26.562475,25.050325,1.0173476,26.594524,5.8326373,79.31709,124.09859,1.2335455,7.5195093,-49.672127,313.13245,23.726746,0,66,768.98376,17.192087,39.60473
8/22/2026 23:09,39426.266,40441.137,26.220232,25.363802,1.017101,26.28674,5.7118077,77.46581,121.2108,1.1572337,7.4886227,-47.90306,282.0808,23.686123,0,66,768.98376,16.931395,39.02291
8/22/2026 23:39,38337.656,39354.605,25.438416,26.084015,1.0165224,25.580494,5.4293313,73.253944,114.62841,1.0410296,7.440171,-45.132637,296.95337,23.647087,0,66,768.98376,16.654598,38.417458
8/23/2026 0:09,36833.277,37885.176,24.385323,27.149363,1.0157567,24.625364,5.0984645,68.25209,106.82041,0.8302652,7.3873453,-42.10472,297.72107,23.54631,0,66,768.98376,16.398088,37.862938
8/23/2026 0:39,33962.066,35082.777,22.393452,29.444616,1.0143161,22.803806,4.7946186,63.2055,98.95984,0.5887053,7.299865,-37.088394,281.06036,23.327497,0,66,768.98376,16.153084,37.35801
8/23/2026 1:09,30467.848,31649.082,19.983768,32.821484,1.0125772,20.571903,4.6312556,59.905045,93.837845,0.34553534,7.227785,-32.949448,292.1802,23.045923,0,66,768.98376,15.96178,36.985878
8/23/2026 1:39,28514.998,29713.996,18.64128,35.069263,1.0116082,19.314098,4.063507,52.005535,81.485695,0.15262859,7.159464,-29.044151,263.8704,22.88737,0,66,768.98376,15.781743,36.610767
8/23/2026 2:09,26775.193,27994.488,17.457615,37.348003,1.0107609,18.196417,4.3091073,54.605534,85.58374,0.35818613,7.115063,-26.50261,232.63756,22.71964,0,66,768.98376,15.657689,36.357452
8/23/2026 2:39,25661.158,26889.78,16.702019,38.969402,1.010221,17.478355,3.82187,48.121292,75.43505,0.11266215,7.0890694,-25.014877,234.17297,22.6078,0,66,768.98376,15.631243,36.316364
8/23/2026 3:09,25487.428,26726.525,16.59045,39.23503,1.0101461,17.372242,2.9106636,36.60099,57.37916,0.046683308,7.040383,-22.244453,234.79764,22.572664,0,66,768.98376,15.703725,36.483467
8/23/2026 3:39,40079.977,41118.598,26.708593,24.950115,1.0174717,26.727089,4.295549,58.412796,91.39992,1.4997574,7.436078,-44.903755,246.39432,23.677532,0,66,768.98376,15.843627,36.543137
8/23/2026 4:09,39455.973,40566.445,26.30788,25.344706,1.0172006,26.36819,5.112123,69.22142,108.33359,1.6600205,7.4998293,-48.52295,261.88675,23.566795,0,66,768.98376,16.034998,36.9861
8/23/2026 4:39,36467.38,37764.707,24.29247,27.421768,1.015782,24.54706,5.2108483,69.29187,108.51282,1.4960656,7.4462156,-45.409203,263.06454,23.201418,0,66,768.98376,16.28232,37.597816
8/23/2026 5:09,37619.58,38926.63,25.123156,26.581903,1.0163974,25.302309,5.969855,79.82408,124.99779,1.7714208,7.5601873,-51.908493,282.84375,23.24203,0,66,768.98376,16.517754,38.11055
8/23/2026 5:39,37913.082,39222.098,25.335,26.37612,1.0165542,25.494364,6.1588244,82.467064,129.1341,1.9763802,7.5791535,-52.990913,274.61353,23.252645,0,66,768.98376,16.793848,38.730476
8/23/2026 6:09,38354.81,39640.547,25.636177,26.07235,1.0167679,25.766357,6.154828,82.62911,129.37682,2.0035653,7.599501,-54.159164,289.19043,23.301838,0,66,768.98376,17.078878,39.370285
8/23/2026 6:39,38352.035,39660.234,25.649668,26.074236,1.016786,25.779154,5.8048997,77.89738,121.97418,2.0263703,7.578839,-52.97661,296.1475,23.27303,0,66,768.98376,17.342072,39.966015
8/23/2026 7:09,38710.45,40006.844,25.899298,25.832819,1.016966,26.004448,5.658615,76.08478,119.12971,2.6836677,7.593806,-53.834915,319.41238,23.303438,0,66,768.98376,17.577461,40.490814
8/23/2026 7:39,38925.293,40213.89,26.0486,25.690237,1.0170734,26.139029,4.8619637,65.4515,102.47729,2.018652,7.6047072,-54.45957,314.85858,23.322323,0,66,768.98376,17.745867,40.87099
8/23/2026 8:09,39298.312,40564.73,26.302113,25.446384,1.0172527,26.367075,6.2443757,84.24891,131.89847,1.9505984,7.626739,-55.72319,327.12283,23.365461,0,66,768.98376,17.905293,41.22541
8/23/2026 8:39,39339.254,40600.336,26.327953,25.419903,1.0172697,26.390219,5.2759256,71.20378,111.47365,1.8603854,7.5982666,-54.101944,301.44516,23.373777,0,66,768.98376,17.981237,41.396614
8/23/2026 9:09,39318.227,40586.285,26.31761,25.433496,1.0172646,26.381084,5.419222,73.12082,114.47679,1.4818219,7.5537043,-51.560402,315.4594,23.364216,0,66,768.98376,17.978708,41.391552
8/23/2026 9:39,38329.34,39658.82,25.64803,26.089674,1.0167925,25.778234,5.7777376,77.49336,121.347466,1.1772984,7.5410957,-50.821304,322.89807,23.244873,0,66,768.98376,17.826849,41.06669
8/23/2026 10:09,38978.215,40250.742,26.075617,25.655357,1.0170875,26.162983,5.556927,74.848595,117.18573,0.708693,7.5017214,-48.594475,333.87964,23.344767,0,66,768.98376,17.683386,40.730213
8/23/2026 10:39,37810.047,39053.42,25.215902,26.447996,1.0164421,25.384724,5.546544,74.32402,116.36679,0.6467179,7.469541,-46.75865,325.7877,23.333097,0,66,768.98376,17.492792,40.322735
8/23/2026 11:09,37194.395,38271.758,24.660847,26.88577,1.01597,24.876644,5.642512,75.62798,118.3685,0.27787748,7.459976,-46.243668,337.6562,23.526161,0,66,768.98376,17.278084,39.8531
8/23/2026 11:39,37376.39,38397.05,24.752012,26.754858,1.0160159,24.958084,5.4738293,73.51269,115.04115,0.06631828,7.422134,-44.0979,329.32104,23.608284,0,66,768.98376,17.019632,39.26487
8/23/2026 12:09,33406.234,34312.293,21.855707,29.934532,1.0138316,22.302992,5.5642004,73.50427,115.02612,0.06064865,7.381317,-41.770935,330.6562,23.617474,0,66,768.98376,16.756134,38.748146
8/23/2026 12:39,26729.312,27484.469,17.119242,37.41211,1.010284,17.864904,5.77975,74.22662,116.16795,0.043469902,7.2840514,-36.215782,311.7973,23.561478,0,66,768.98376,16.523247,38.349586
8/23/2026 13:09,23537.14,24109.076,14.831911,42.486046,1.0085129,15.6709,6.0754566,77.28065,120.905685,0.041219823,7.2487893,-34.22737,322.31155,23.757967,0,66,768.98376,16.284185,37.86967
8/23/2026 13:39,19692.05,20083.057,12.151512,50.781914,1.0064415,13.053987,6.393813,80.41498,125.75931,0.041323528,7.201335,-31.542778,325.2298,23.980658,0,66,768.98376,16.078749,37.47645
8/23/2026 14:09,15520.785,15757.667,9.336406,64.42973,1.0042682,10.242484,6.7658467,84.09001,131.45137,0.03956967,7.16478,-29.478073,331.90552,24.21294,0,66,768.98376,15.92486,37.200775
8/23/2026 14:39,11655.797,11766.033,6.8076096,85.79422,1.0022938,7.6479216,6.975201,85.91408,134.2297,0.03447954,7.1058435,-26.135445,328.8156,24.509476,0,66,768.98376,15.83264,37.061527
8/23/2026 15:09,10446.708,10500.35,6.0219393,95.72394,1.001646,6.8252273,7.2232122,88.932915,138.8886,0.03423962,7.0640283,-23.760796,284.86078,24.732538,0,66,768.98376,15.820173,37.055912
8/23/2026 15:39,19459.615,19663.67,11.878076,51.388477,1.0061096,12.781385,6.2266545,78.867676,123.23264,0.048490204,7.088253,-25.12455,289.61005,24.45669,0,66,768.98376,15.852923,36.969982
8/23/2026 16:09,38954.668,40010.57,25.908905,25.670864,1.0168853,26.00687,6.2201915,84.10884,131.62093,1.0695854,7.5762525,-52.890778,277.32672,23.618296,0,66,768.98376,16.026217,36.978226
8/23/2026 16:39,39123.65,39839.062,25.794767,25.559988,1.0166745,25.895391,7.5237927,102.46452,160.21928,1.5464278,7.725702,-61.507225,285.14685,24.05981,0,66,768.98376,16.219032,37.42285
8/23/2026 17:09,38747.348,38989.027,25.195974,25.808218,1.0160476,25.342869,8.4660845,116.14949,181.41272,2.1446614,7.8457546,-68.507195,282.66254,24.675465,0,66,768.98376,16.462603,37.99822
8/23/2026 17:39,38882.668,39138.098,25.302612,25.7184,1.0161327,25.439762,8.581959,117.77569,183.95854,2.3128138,7.86215,-69.441795,287.06375,24.658302,0,66,768.98376,16.721733,38.583153
8/23/2026 18:09,39142.41,39544.29,25.590807,25.547737,1.0164044,25.703789,8.6572485,118.60934,185.32608,2.3721879,7.8674273,-69.69929,305.2503,24.467922,0,66,768.98376,16.984972,39.17076
8/23/2026 18:39,39613.773,40075.047,25.971199,25.243746,1.0167111,26.04878,8.736677,119.81013,187.22667,2.6977737,7.872885,-69.99493,292.37094,24.397373,0,66,768.98376,17.271013,39.808495
8/23/2026 19:09,39695.63,40156.402,26.029812,25.19169,1.0167546,26.101662,8.657849,118.77279,185.60495,2.9457183,7.869376,-69.794655,313.22302,24.399242,0,66,768.98376,17.5121,40.3523
8/23/2026 19:39,39839.01,40352.453,26.169767,25.101025,1.0168788,26.229095,8.338461,114.35195,178.718,2.9370968,7.8362045,-67.88254,312.48395,24.333826,0,66,768.98376,17.721134,40.821503
8/23/2026 20:09,39832.848,40373.086,26.18395,25.104908,1.0168993,26.242508,8.327857,114.14695,178.40889,2.9324284,7.8355913,-67.83962,326.2121,24.299416,0,66,768.98376,17.897736,41.221935
8/23/2026 20:39,39785.72,40269.68,26.110855,25.134647,1.0168239,26.175293,8.20575,112.56691,175.91628,3.1281059,7.8201313,-66.97178,322.3783,24.370783,0,66,768.98376,18.013645,41.486973
8/23/2026 21:09,39859.734,40378.5,26.188414,25.087975,1.0168947,26.246025,7.6336484,104.685715,163.61281,2.8115907,7.7896137,-65.21702,333.04517,24.32735,0,66,768.98376,18.056265,41.581306
8/23/2026 21:39,39854.598,40372.234,26.183914,25.091208,1.016891,26.241953,6.4129624,87.94531,137.44899,1.9121275,7.750247,-62.966347,333.48386,24.32871,0,66,768.98376,17.974194,41.395927
8/23/2026 22:09,38942.48,39282.426,25.404192,25.678898,1.0162413,25.533577,7.4558516,102.1817,159.63474,1.7298313,7.7328568,-62.01744,335.53424,24.546917,0,66,768.98376,17.857792,41.15714
8/23/2026 22:39,38876.86,39226.246,25.363623,25.722242,1.0162145,25.497059,7.0627494,96.74925,151.1515,1.67321,7.6855707,-59.309006,326.2836,24.533669,0,66,768.98376,17.633385,40.648895
8/23/2026 23:09,37643.188,37999.516,24.484776,26.565231,1.0155603,24.699684,6.6312633,90.34479,141.15224,1.4098946,7.639318,-56.65779,332.8687,24.509048,0,66,768.98376,17.387783,40.11786
8/23/2026 23:39,36776.16,37066.84,23.821007,27.191528,1.015038,24.093447,6.5020185,88.373146,138.05124,0.8291124,7.5882254,-53.749084,319.0786,24.589424,0,66,768.98376,17.120138,39.529457
8/24/2026 0:09,36553.387,36802.652,23.63394,27.357246,1.0148813,23.921724,6.156818,83.67404,130.69696,0.593011,7.5486465,-51.493645,325.81152,24.64539,0,66,768.98376,16.839653,38.897816
8/24/2026 0:39,33444.1,33680.652,21.426987,29.900639,1.0132263,21.892426,5.724871,76.81225,119.981926,0.24668278,7.455714,-46.172142,317.5241,24.632282,0,66,768.98376,16.562414,38.329407
8/24/2026 1:09,29512.02,29777.361,18.706024,33.8845,1.0112106,19.355284,5.5070534,72.624084,113.46077,0.11683805,7.380897,-41.87584,326.79382,24.533464,0,66,768.98376,16.297245,37.79945
8/24/2026 1:39,25165.486,25464.428,15.75267,39.73696,1.0090349,16.551878,5.069478,65.56227,102.45608,0.068194024,7.28346,-36.28254,309.1556,24.385365,0,66,768.98376,16.055742,37.328476
8/24/2026 2:09,21895.63,22242.666,13.584915,45.67121,1.0074632,14.457733,5.027135,63.981205,100.02224,0.04976766,7.1793494,-30.30777,322.5452,24.18313,0,66,768.98376,15.828536,36.86553
8/24/2026 2:39,20405.379,20808.766,12.630894,49.006687,1.0068002,13.525698,4.959466,62.5516,97.82236,0.069654055,7.1274385,-27.32277,321.37695,23.985056,0,66,768.98376,15.651036,36.482193
8/24/2026 3:09,17102.361,17582.598,10.512611,58.47146,1.0053184,11.428689,4.5597506,56.38732,88.247345,0.049329415,7.047344,-22.716522,318.70667,23.569994,0,66,768.98376,15.535958,36.270813
8/24/2026 3:39,16712.248,17222.555,10.278331,59.836353,1.0051737,11.194661,4.3299513,53.354458,83.51861,0.045468777,7.0378885,-22.16816,324.07108,23.448683,0,66,768.98376,15.501859,36.197376
8/24/2026 4:09,17153.646,17745.21,10.616522,58.296642,1.0054774,11.534388,4.248523,52.26593,81.84225,0.044956174,6.9948816,-19.726753,317.82452,23.254633,0,66,768.98376,15.575659,36.35632
8/24/2026 4:39,39739.375,40534.26,26.293451,25.16396,1.017075,26.347271,5.9135003,80.64227,126.116425,0.89059216,7.5429997,-51.054955,266.4644,23.973286,0,66,768.98376,15.745462,36.33483
8/24/2026 5:09,39809.79,40601.37,26.341955,25.11945,1.0171099,26.390892,6.1401653,83.76538,130.99924,0.7168838,7.5898204,-53.73001,300.296,23.979242,0,66,768.98376,15.943601,36.782322
8/24/2026 5:39,39087.62,39923.008,25.851969,25.583548,1.0167618,25.949957,6.4547944,87.69464,137.16254,0.83316547,7.6228776,-55.60398,306.01804,23.904451,0,66,768.98376,16.190033,37.353054
8/24/2026 6:09,39964.926,40900.773,26.554115,25.02194,1.0173202,26.585503,6.5674343,89.42399,139.893,0.9697186,7.6580496,-57.592392,283.497,23.802042,0,66,768.98376,16.467445,37.96158
8/24/2026 6:39,39939.234,40939.562,26.58032,25.038036,1.0173628,26.610716,6.5224814,88.69803,138.77734,0.7751557,7.6576576,-57.554245,297.1584,23.72072,0,66,768.98376,16.76966,38.645645
8/24/2026 7:09,39900.05,40928.09,26.571249,25.062624,1.017366,26.603258,6.2671623,85.167595,133.26205,0.9175071,7.6308684,-56.01883,317.71484,23.684914,0,66,768.98376,17.042587,39.264935
8/24/2026 7:39,39910.44,40954.273,26.589712,25.056099,1.0173855,26.62028,6.3879037,86.78798,135.80214,0.7302081,7.64698,-56.934357,322.55,23.66556,0,66,768.98376,17.335785,39.928288
8/24/2026 8:09,39987.8,41023.81,26.640171,25.007627,1.01742,26.665476,6.3189993,85.89536,134.40248,0.77807117,7.637327,-56.385994,337.73724,23.677814,0,66,768.98376,17.547993,40.409027
8/24/2026 8:39,40094.43,41115.332,26.706741,24.94112,1.017464,26.724966,6.2433977,84.933304,132.89192,0.94037205,7.624885,-55.680275,337.14117,23.69999,0,66,768.98376,17.72005,40.79656
8/24/2026 9:09,40148.707,41145.73,26.72939,24.907402,1.0174723,26.744726,5.9560695,81.07999,126.85575,0.8386404,7.614671,-55.103302,351.70856,23.731333,0,66,768.98376,17.840391,41.069695
8/24/2026 9:39,40106.676,41048.9,26.660944,24.933504,1.0174016,26.681784,5.792495,78.91531,123.454285,0.7263651,7.5929,-53.873062,356.18607,23.798237,0,66,768.98376,17.875122,41.151123
8/24/2026 10:09,40133.688,41065.184,26.673018,24.916723,1.0174068,26.69237,5.7922864,78.93764,123.48609,0.8680967,7.5913515,-53.78723,345.9436,23.81239,0,66,768.98376,17.839664,41.070217
8/24/2026 10:39,40157.098,40984.45,26.617561,24.902199,1.0173279,26.639893,6.3271446,86.3978,135.1248,0.2980204,7.6175737,-55.308342,328.12897,23.94309,0,66,768.98376,17.689135,40.732346
8/24/2026 11:09,40267.49,40883.04,26.549994,24.833931,1.0172004,26.573977,6.3558927,87.1668,136.26135,0.4189154,7.631298,-56.142807,344.78488,24.211704,0,66,768.98376,17.515429,40.34389
8/24/2026 11:39,40183.438,40703.703,26.422985,24.885876,1.0170705,26.457407,6.1474843,84.423164,131.94373,0.042619564,7.5925446,-53.949356,342.8203,24.330797,0,66,768.98376,17.300587,39.86044
8/24/2026 12:09,40128.133,40523.29,26.295975,24.920174,1.0169291,26.340137,6.4177876,88.31585,137.98729,0.046260115,7.5869575,-53.658485,347.86526,24.489456,0,66,768.98376,17.044987,39.28698
8/24/2026 12:39,39938.02,40170.66,26.045744,25.038797,1.0166808,26.11093,5.956877,82.15267,128.3083,0.043032005,7.5481577,-51.47457,332.97363,24.696789,0,66,768.98376,16.775593,38.684517
8/24/2026 13:09,38047.87,38152.668,24.600111,26.282679,1.0155472,24.799234,6.0617723,83.14359,129.81711,0.042447492,7.4999776,-48.742294,324.7339,24.856188,0,66,768.98376,16.508915,38.121925
8/24/2026 13:39,35405.25,35409.83,22.651115,28.244398,1.0140427,23.016388,6.0354,82.06401,128.0983,0.036576845,7.456901,-46.29612,328.96344,24.993233,0,66,768.98376,16.24339,37.573193
8/24/2026 14:09,32414.871,32235.697,20.422863,30.850039,1.0122848,20.953203,6.255242,84.42113,131.70256,0.03306838,7.417858,-44.10267,338.3142,25.291008,0,66,768.98376,16.018381,37.12466
8/24/2026 14:39,29617.219,29285.387,18.376879,33.76414,1.0106642,19.035501,6.195287,83.08595,129.54344,0.040210336,7.3606133,-40.860176,339.16296,25.593243,0,66,768.98376,15.824919,36.74053
8/24/2026 15:09,27315.326,26819.379,16.686806,36.609486,1.009291,17.432596,6.1110706,81.71122,127.305435,0.04165747,7.3641996,-41.11767,330.97568,25.968176,0,66,768.98376,15.706711,36.521107
8/24/2026 15:39,25496.33,24925.172,15.400446,39.221333,1.008262,16.201363,5.838742,77.819954,121.18637,0.042458925,7.3585916,-40.826797,344.06964,26.199732,0,66,768.98376,15.6705,36.474255
8/24/2026 16:09,23996.826,23337.336,14.331169,41.672176,1.007382,15.169269,7.3360004,97.66484,152.00334,0.037597477,7.396925,-43.0727,356.9919,26.479528,0,66,768.98376,15.694083,36.558807
8/24/2026 16:39,40178.61,40550.266,26.316027,24.888865,1.0169353,26.357674,6.5460095,90.13885,140.8276,0.4732315,7.631114,-56.19049,320.5568,24.520138,0,66,768.98376,15.823087,36.514744
8/24/2026 17:09,40084.12,40338.98,26.166523,24.947535,1.0167798,26.220337,7.3942933,101.99766,159.31097,0.84847987,7.7208333,-61.354637,345.03284,24.669218,0,66,768.98376,16.014225,36.953922
8/24/2026 17:39,40320.83,40266.824,26.12183,24.801079,1.0166293,26.173437,8.972483,124.60106,194.46826,1.01789,7.898657,-71.63048,323.07925,25.070215,0,66,768.98376,16.229559,37.447666
8/24/2026 18:09,40848.457,41006.566,26.650839,24.480728,1.0171068,26.654268,9.216769,127.775375,199.5252,1.0518328,7.9395137,-73.90499,304.77826,24.79813,0,66,768.98376,16.4974,38.037304
8/24/2026 18:39,40828.875,41200.684,26.785894,24.49247,1.0172871,26.780445,8.751553,120.84888,188.80453,1.6182288,7.9011016,-71.640015,313.01324,24.527521,0,66,768.98376,16.790823,38.69623
8/24/2026 19:09,40859.26,41380.97,26.912464,24.474255,1.0174365,26.89763,8.062843,111.055145,173.5636,1.6740868,7.838515,-68.01605,331.9389,24.339924,0,66,768.98376,17.104532,39.402733
8/24/2026 19:39,40822.418,41452.35,26.961277,24.496344,1.0175123,26.944029,7.5995374,104.45498,163.28886,1.513752,7.778739,-64.56852,332.4062,24.204369,0,66,768.98376,17.40382,40.07785
8/24/2026 20:09,40788.035,41446.934,26.956575,24.516994,1.0175194,26.940508,7.276157,99.94302,156.246,1.6362215,7.7519283,-63.028336,347.90817,24.167677,0,66,768.98376,17.676626,40.69557
8/24/2026 20:39,40826.562,41555.24,27.033096,24.493858,1.0176016,27.010906,6.9568906,95.45609,149.25455,1.4945285,7.716441,-60.982704,343.85028,24.081934,0,66,768.98376,17.880816,41.155262
8/24/2026 21:09,40886.43,41686.656,27.126324,24.457993,1.0176966,27.096327,6.5054045,89.17295,139.45212,2.4313607,7.6785164,-58.79879,356.46265,23.994959,0,66,768.98376,18.016914,41.460136
8/24/2026 21:39,40937.402,41790.87,27.200352,24.42754,1.0177708,27.164066,6.012834,82.36314,128.8175,1.5246928,7.6319766,-56.1285,357.82162,23.930767,0,66,768.98376,18.10507,41.657097
8/24/2026 22:09,40942.082,41822.65,27.222626,24.424747,1.0177971,27.184723,5.4774947,74.99605,117.3022,1.7176864,7.585402,-53.462982,366.67172,23.897654,0,66,768.98376,18.10012,41.644745
8/24/2026 22:39,40934.027,41765.38,27.182495,24.429554,1.0177495,27.147497,5.435036,74.47623,116.47658,0.7708293,7.549392,-51.41735,339.8544,23.95784,0,66,768.98376,18.00097,41.42289
8/24/2026 23:09,40687.598,41545.35,27.022396,24.577515,1.0176399,27.004478,5.0901394,69.63855,108.918304,0.66317683,7.567965,-52.47116,357.46875,23.919046,0,66,768.98376,17.78173,40.930565
8/24/2026 23:39,40642.414,41451.164,26.955568,24.604837,1.0175725,26.943256,4.8822837,66.839066,104.52861,0.31409067,7.489717,-48.012733,343.53558,23.978487,0,66,768.98376,17.513805,40.325043
8/25/2026 0:09,40518.51,41261.844,26.820375,24.680077,1.0174483,26.820198,5.2336025,71.69154,112.10152,0.069214836,7.5017653,-48.713684,348.6568,24.056805,0,66,768.98376,17.253675,39.740776
8/25/2026 0:39,40357.535,41100.98,26.704062,24.77852,1.0173618,26.715637,5.171197,70.78476,110.68437,0.04692375,7.494598,-48.303604,334.4995,24.052969,0,66,768.98376,16.971159,39.10318
8/25/2026 1:09,39505.28,40250.45,26.090176,25.313072,1.0169054,26.162792,5.119826,69.807945,109.16134,0.043139532,7.4915724,-48.127174,332.3013,24.03072,0,66,768.98376,16.643042,38.37618
8/25/2026 1:39,37615.062,38339.297,24.718576,26.585094,1.0158777,24.920544,5.0714126,68.58223,107.24844,0.04034131,7.431855,-44.71302,322.43555,24.01099,0,66,768.98376,16.33664,37.71844
8/25/2026 2:09,33697.82,34508.3,21.996164,29.67551,1.0138953,22.430395,4.896877,64.91778,101.56172,0.0394105,7.360387,-40.597916,341.68066,23.770336,0,66,768.98376,16.060871,37.163654
8/25/2026 2:39,30629.637,31546.158,19.91874,32.648117,1.0124116,20.505003,4.670049,60.857677,95.258766,0.03991447,7.2727704,-35.562515,334.3183,23.478884,0,66,768.98376,15.801217,36.625866
8/25/2026 3:09,28419.781,29433.76,18.452425,35.18676,1.0113841,19.131945,4.759327,61.186848,95.82099,0.040003717,7.242643,-33.812523,338.09964,23.196362,0,66,768.98376,15.592562,36.185814
8/25/2026 3:39,26462.37,27520.988,17.13731,37.789513,1.0104501,17.888643,3.9689333,50.446655,79.029884,0.03525427,7.1535974,-28.719902,327.61398,22.986078,0,66,768.98376,15.423726,35.834312
8/25/2026 4:09,24823.346,25975.756,16.081768,40.284657,1.0097361,16.884241,4.103498,51.547966,80.79733,0.039540473,7.1277924,-27.222633,304.29663,22.677233,0,66,768.98376,15.346054,35.681667
8/25/2026 4:39,22836.025,24061.627,14.785804,43.79046,1.0088483,15.640058,4.3320985,53.671314,84.17354,0.042170733,7.0820904,-24.59526,289.076,22.333199,0,66,768.98376,15.370444,35.768173
8/25/2026 5:09,33372.848,34395.9,21.911596,29.96448,1.0139217,22.357334,2.874239,37.863007,59.269615,0.04196905,7.1508965,-28.61023,283.2586,23.44275,0,66,768.98376,15.495927,35.87701
8/25/2026 5:39,40296.727,41640.094,27.076923,24.815912,1.0178527,27.066061,3.9129946,52.97902,82.95079,0.0491031,7.408349,-43.268204,322.1065,23.310923,0,65,768.98376,15.72,36.249252
8/25/2026 6:09,39482.418,40922.445,26.555065,25.32773,1.0175014,26.599588,4.4762893,60.259163,94.37448,0.053994615,7.431598,-44.56997,339.94022,23.157635,0,65,768.98376,15.971937,36.832794
8/25/2026 6:39,39793.324,41208.48,26.762482,25.129843,1.0176457,26.785513,5.0756807,68.46395,107.216156,0.06307366,7.493845,-48.122406,326.6889,23.20202,0,65,768.98376,16.251406,37.46092
8/25/2026 7:09,40387.305,41698.316,27.120052,24.760256,1.0178732,27.103905,5.0243044,68.0941,106.608925,0.061961547,7.5088067,-48.999786,350.30667,23.353903,0,65,768.98376,16.537256,38.09958
8/25/2026 7:39,40689.676,41992.316,27.333347,24.57626,1.0180279,27.295006,4.9044094,66.57677,104.22944,0.049917188,7.4965286,-48.303604,342.2815,23.375868,0,65,768.98376,16.882195,38.876575
8/25/2026 8:09,40907.746,42203.816,27.486956,24.445248,1.0181394,27.432482,4.7336936,64.33489,100.7168,0.050378695,7.493136,-48.11287,299.47583,23.392157,0,65,768.98376,17.214418,39.62328
8/25/2026 8:39,41097.555,42404.37,27.632196,24.332348,1.0182507,27.562841,4.6206937,62.84542,98.38599,0.048583444,7.4790974,-47.311783,306.89542,23.386494,0,65,768.98376,17.498207,40.26263
8/25/2026 9:09,41304.188,42610.273,27.781794,24.21062,1.0183612,27.696676,4.55415,62.00328,97.06614,0.04494295,7.4785714,-47.283173,345.91498,23.395185,0,65,768.98376,17.729233,40.781883
8/25/2026 9:39,41407.07,42697.46,27.845638,24.150465,1.018403,27.75335,4.406553,60.039757,93.988525,0.040424425,7.4597707,-46.215057,351.13635,23.417713,0,65,768.98376,17.902132,41.172585
8/25/2026 10:09,41503.402,42790.555,27.913416,24.09441,1.0184522,27.81386,4.261202,58.08956,90.93445,0.04209675,7.451135,-45.723915,348.48514,23.425116,0,65,768.98376,17.984179,41.35662
8/25/2026 10:39,41562.707,42798.16,27.92051,24.06003,1.0184397,27.818804,4.1175346,56.196415,87.96111,0.040079836,7.423951,-44.18373,330.022,23.48864,0,65,768.98376,17.990477,41.370213
8/25/2026 11:09,41571.19,42675.797,27.83544,24.05512,1.0183312,27.73927,4.4593916,61.00001,95.45371,0.03547036,7.4396753,-45.104027,350.5689,23.644835,0,65,768.98376,17.87528,41.114426
8/25/2026 11:39,41630.332,42531.055,27.736137,24.020947,1.0181863,27.645185,4.957157,68.0645,106.461716,0.03989913,7.4835334,-47.64557,355.5948,23.891203,0,65,768.98376,17.688137,40.69542
8/25/2026 12:09,41589.293,42319.242,27.58705,24.044651,1.0180148,27.507507,4.9395027,68.00887,106.335365,0.030124713,7.458753,-46.26274,366.4953,24.09693,0,65,768.98376,17.458157,40.18219
8/25/2026 12:39,41532.945,42183.51,27.490683,24.077272,1.0179148,27.419283,5.1150956,70.50547,110.219795,0.027475871,7.4483976,-45.68577,355.0798,24.19255,0,65,768.98376,17.180676,39.556507
8/25/2026 13:09,41626,42073.832,27.416477,24.023447,1.0177867,27.347992,5.2032747,72.004196,112.5112,0.033627834,7.446892,-45.638084,366.6479,24.442726,0,65,768.98376,16.88137,38.883503
8/25/2026 13:39,41129.168,41316.5,26.874289,24.313644,1.0172855,26.855726,5.261721,72.99301,113.98847,0.031002577,7.4342937,-44.965744,349.31006,24.762615,0,65,768.98376,16.571016,38.198875
8/25/2026 14:09,39232.992,39368.57,25.47095,25.488752,1.0162127,25.589571,5.1195116,70.523994,110.12096,0.028892089,7.3722014,-41.418076,366.16626,24.819696,0,65,768.98376,16.255215,37.52123
8/25/2026 14:39,36749.516,36798.715,23.635593,27.211243,1.0148007,23.919165,5.37805,73.455894,114.675156,0.031707574,7.3669405,-41.131973,351.99466,24.930002,0,65,768.98376,15.972803,36.930717
8/25/2026 15:09,34582.95,34470.81,21.990265,28.915983,1.0134957,22.406027,5.575112,75.75505,118.21035,0.03682708,7.3574643,-40.621758,377.14783,25.170326,0,65,768.98376,15.72347,36.410633
8/25/2026 15:39,31943.66,31588.078,19.974117,31.305117,1.0118623,20.532251,6.0435743,81.78237,127.51193,0.03412308,7.3742414,-41.64219,347.8891,25.589365,0,65,768.98376,15.555627,36.085785
8/25/2026 16:09,29156.887,28698.15,17.974125,34.297215,1.0102925,18.653797,6.5654016,88.22454,137.4891,0.03496569,7.3857546,-42.33837,374.83038,25.836903,0,65,768.98376,15.459889,35.921997
8/25/2026 16:39,27313.531,26861.287,16.714811,36.61189,1.009337,17.459837,6.9822817,93.23337,145.282,0.030670453,7.329813,-39.129257,334.94296,25.881481,0,65,768.98376,15.434225,35.896095
8/25/2026 17:09,25819.74,25402.62,15.72188,38.730057,1.0086,16.511702,6.9691434,92.50196,144.14851,0.035552297,7.3901787,-42.595863,376.57562,25.859705,0,65,768.98376,15.518299,36.115246
8/25/2026 17:39,41268.81,41908.492,27.291466,24.231375,1.0177622,27.24052,5.1694117,71.183136,111.2775,0.11567989,7.5271316,-50.18711,348.63773,24.200848,0,65,768.98376,15.706577,36.222
8/25/2026 18:09,41421.945,42042.043,27.388851,24.141792,1.0178279,27.327328,5.879935,81.05048,126.696465,0.12901716,7.592204,-53.91121,360.27734,24.227777,0,65,768.98376,15.905387,36.670414
8/25/2026 18:39,41450.46,42168.97,27.478273,24.125185,1.0179297,27.40983,7.2824283,100.22389,156.70207,0.986705,7.7498965,-62.89959,315.6549,24.107918,0,65,768.98376,16.198397,37.330025
8/25/2026 19:09,41581.227,42360.875,27.615904,24.049314,1.018054,27.534569,7.661288,105.389206,164.79942,1.1685108,7.7995787,-65.722466,281.99496,24.036392,0,65,768.98376,16.483177,37.970745
8/25/2026 19:39,41710.05,42557.96,27.757174,23.975037,1.0181832,27.662676,7.854974,107.990364,168.89107,1.0134717,7.8224306,-67.009926,279.19116,23.956875,0,65,768.98376,16.821173,38.73189
8/25/2026 20:09,41712.94,42665.086,27.832075,23.973375,1.0182756,27.732306,7.5045424,102.99035,161.10744,1.5972792,7.798033,-65.58895,267.15103,23.831583,0,65,768.98376,17.164463,39.505863
8/25/2026 20:39,41690.234,42737.84,27.882212,23.986433,1.0183461,27.779596,7.0504417,96.59104,151.12787,1.4184707,7.756445,-63.19046,279.00998,23.71663,0,65,768.98376,17.494337,40.249783
8/25/2026 21:09,41599.344,42701.594,27.85426,24.038841,1.0183443,27.756037,6.740341,92.21711,144.30176,1.3647606,7.7285314,-61.58352,322.3926,23.64854,0,65,768.98376,17.758888,40.849865
8/25/2026 21:39,41612.387,42770.996,27.903048,24.031305,1.0184001,27.801147,6.264126,85.62507,134.00227,1.4206095,7.6756864,-58.555603,325.4873,23.581745,0,65,768.98376,17.97699,41.341373
8/25/2026 22:09,41610.324,42829.973,27.944118,24.032497,1.0184516,27.839481,5.867535,80.120285,125.40332,1.7232649,7.637304,-56.352615,338.15686,23.509085,0,65,768.98376,18.12384,41.67231
8/25/2026 22:39,41532.03,42774.527,27.903107,24.0778,1.018429,27.803442,5.5348864,75.52021,118.20952,2.0228684,7.5947514,-53.920746,345.81964,23.479185,0,65,768.98376,18.158934,41.752136
8/25/2026 23:09,41588.69,42832.707,27.945372,24.044998,1.018461,27.841259,5.633461,76.884285,120.34466,1.1270148,7.589733,-53.634644,354.52667,23.479395,0,65,768.98376,18.101656,41.62168
8/25/2026 23:39,41522.348,42745.145,27.882336,24.083416,1.0184069,27.784346,5.5485053,75.72793,118.52988,0.7050878,7.575946,-52.85263,357.73578,23.50227,0,65,768.98376,17.93173,41.23926
8/26/2026 0:09,41436.5,42690.61,27.841755,24.133312,1.0183876,27.748896,5.2163014,71.12655,111.33561,0.38239083,7.5345883,-50.48752,368.6935,23.46195,0,65,768.98376,17.68795,40.688473
8/26/2026 0:39,41397.363,42650.066,27.812326,24.156128,1.0183653,27.722544,5.0599,68.98264,107.97969,0.45707214,7.499962,-48.513412,350.82642,23.462215,0,65,768.98376,17.42073,40.083378
8/26/2026 1:09,41281.766,42480.047,27.690418,24.22377,1.0182561,27.61203,5.14977,70.23407,109.92685,0.08117536,7.498282,-48.42758,360.73032,23.523136,0,65,768.98376,17.115484,39.396427
8/26/2026 1:39,40730.81,41958.945,27.311384,24.55144,1.0179856,27.273314,5.1690397,70.27406,110.000145,0.047871456,7.482467,-47.516823,349.01443,23.467543,0,65,768.98376,16.781733,38.650185
8/26/2026 2:09,39683.332,40938.457,26.572166,25.199497,1.0174482,26.609997,4.8842235,66.03475,103.37746,0.047899723,7.424782,-44.21711,362.08453,23.394825,0,65,768.98376,16.456434,37.932518
8/26/2026 2:39,37621.934,38911.664,25.112934,26.58024,1.0163834,25.292582,4.6076355,61.630722,96.50474,0.045999926,7.372145,-41.19873,356.85364,23.264652,0,65,768.98376,16.129599,37.22943
8/26/2026 3:09,35186.547,36568.113,23.438179,28.419952,1.0151868,23.769274,4.412964,58.205875,91.17994,0.045157775,7.309415,-37.59384,342.5056,23.021955,0,65,768.98376,15.839038,36.61233
8/26/2026 3:39,31755.152,33253.105,21.095804,31.490953,1.0135227,21.61452,4.3924975,56.76536,88.98051,0.040380266,7.2582655,-34.63745,332.9021,22.641516,0,65,768.98376,15.574003,36.0689
8/26/2026 4:09,29022.16,30524.475,19.19393,34.45643,1.0121464,19.84091,3.7784503,48.103146,75.429695,0.044044282,7.2020626,-31.4188,267.9712,22.42321,0,65,768.98376,15.368909,35.649548
8/26/2026 4:39,27733.783,29294.957,18.342505,36.057106,1.0115597,19.041721,4.2130766,53.16355,83.39404,0.037631623,7.160299,-29.025078,285.93842,22.209866,0,65,768.98376,15.261752,35.425583
8/26/2026 5:09,25300.283,26868.072,16.678339,39.52525,1.0103725,17.464247,4.2379684,52.704723,82.709816,0.04971055,7.1337724,-27.49443,281.28925,21.944952,0,65,768.98376,15.247265,35.434326
8/26/2026 5:39,23172.996,24735.914,15.231654,43.15368,1.0093449,16.078344,4.1884623,51.40979,80.71027,0.035212915,7.097336,-25.405884,275.91052,21.691929,0,65,768.98376,15.360067,35.72659
8/26/2026 6:09,40487.145,41975.1,27.3152,24.699198,1.018079,27.283815,3.5588095,48.107174,75.34448,0.5182361,7.351341,-39.9971,276.58765,23.144054,0,65,768.98376,15.580528,35.925907
8/26/2026 6:39,40671.56,42196.938,27.474913,24.587206,1.0182099,27.428009,4.318805,58.396576,91.465294,0.0463607,7.4493995,-45.576096,308.87906,23.10738,0,65,768.98376,15.864223,36.562897
8/26/2026 7:09,40503.527,42120.508,27.416582,24.689207,1.0181985,27.37833,5.0888906,68.64274,107.53519,0.049502805,7.5246067,-49.83902,302.79938,22.990084,0,65,768.98376,16.163443,37.24168
8/26/2026 7:39,40923.14,42452.5,27.660288,24.436052,1.0183482,27.594124,5.4398565,73.642006,115.342575,0.15110606,7.5636797,-52.084923,246.16544,23.113863,0,65,768.98376,16.460175,37.908524
8/26/2026 8:09,41126.715,42500.69,27.700106,24.315096,1.0183241,27.62545,5.6214833,76.379944,119.59102,0.066818625,7.5902786,-53.634644,256.03595,23.307419,0,65,768.98376,16.806244,38.69199
8/26/2026 8:39,41330.387,42671.363,27.825132,24.195272,1.0184053,27.736385,5.7922244,78.82239,123.405136,0.12817065,7.6142244,-55.007935,247.1334,23.354673,0,65,768.98376,17.143501,39.452885
8/26/2026 9:09,41420.03,42739.76,27.875492,24.142908,1.0184352,27.780846,5.8325553,79.43466,124.35749,0.18818015,7.623334,-55.532455,262.0012,23.383339,0,65,768.98376,17.479635,40.21338
8/26/2026 9:39,41485.555,42801.875,27.920763,24.104776,1.0184675,27.821218,5.6563754,77.0641,120.64496,0.098323904,7.6054096,-54.512024,271.66193,23.389854,0,65,768.98376,17.74609,40.816048
8/26/2026 10:09,41522.28,42802.887,27.922585,24.083456,1.0184567,27.821877,5.736944,78.22301,122.44991,0.1255204,7.6163936,-55.146217,290.44928,23.433578,0,65,768.98376,17.97742,41.34013
8/26/2026 10:39,41588.53,42836.61,27.948088,24.04509,1.0184643,27.843796,5.81536,79.36137,124.22298,0.7917354,7.621194,-55.42755,305.36,23.474567,0,65,768.98376,18.116425,41.656155
8/26/2026 11:09,41654.164,42806.41,27.928991,24.007204,1.018417,27.824167,5.7445836,78.54749,122.923996,0.2664597,7.6026726,-54.392815,339.25357,23.590704,0,65,768.98376,18.152914,41.740376
8/26/2026 11:39,41749.6,42800.867,27.92794,23.952324,1.0183812,27.820564,6.0325384,82.66364,129.33745,0.22265738,7.6107163,-54.87442,338.77197,23.714043,0,65,768.98376,18.07446,41.564445
8/26/2026 12:09,41820.58,42709.74,27.866343,23.911673,1.0182791,27.76133,6.2455316,85.847,134.27133,0.050144885,7.6247797,-55.713654,348.5376,23.910015,0,65,768.98376,17.903664,41.18079
8/26/2026 12:39,42054.207,42763.234,27.910284,23.778833,1.0182486,27.796103,6.1611247,85.03789,132.95265,0.041350204,7.599518,-54.311752,348.57574,24.13192,0,65,768.98376,17.671038,40.654835
8/26/2026 13:09,42057.805,42582.574,27.783924,23.7768,1.0180892,27.678673,6.3537726,87.97523,137.48918,0.0423913,7.6033087,-54.569244,362.3039,24.354786,0,65,768.98376,17.385021,40.013634
8/26/2026 13:39,42064.08,42497.23,27.724316,23.773254,1.0180118,27.623201,6.446418,89.40121,139.68903,0.039251484,7.587697,-53.696632,354.35977,24.466364,0,65,768.98376,17.07236,39.30815
8/26/2026 14:09,41791.973,42016.945,27.380905,23.92804,1.0176795,27.311014,6.263064,87.07083,135.98383,0.036840715,7.5562506,-51.94187,352.04236,24.719667,0,65,768.98376,16.74604,38.580154
8/26/2026 14:39,41326.684,41198.98,26.796764,24.197441,1.0171101,26.779337,6.27467,87.61139,136.71341,0.044607013,7.5329504,-50.68302,331.40485,25.162285,0,65,768.98376,16.416887,37.855934
8/26/2026 15:09,39068.96,38874.492,25.123724,25.595766,1.0158228,25.268421,6.103215,84.55599,131.92038,0.037684757,7.4762087,-47.445297,359.85294,25.261913,0,65,768.98376,16.09595,37.173748
8/26/2026 15:39,36764.28,36441.625,23.389437,27.200314,1.0144609,23.687056,6.1556287,84.74205,132.159,0.03990885,7.4587026,-46.47255,359.60974,25.46356,0,65,768.98376,15.805913,36.564125
8/26/2026 16:09,33763.816,33265.652,21.149746,29.617504,1.012687,21.622675,6.6934,91.49069,142.59404,0.04036706,7.4537683,-46.2389,371.45917,25.78405,0,65,768.98376,15.585124,36.12399
8/26/2026 16:39,31755.29,31150.658,19.67362,31.490818,1.0115131,20.247929,7.117217,96.86472,150.89996,0.04093811,7.4534755,-46.257973,307.28165,26.016224,0,65,768.98376,15.434626,35.821384
8/26/2026 17:09,30282.984,29692.945,18.66237,33.021843,1.0107489,19.300415,7.390247,100.0497,155.85411,0.043494545,7.4503427,-46.081543,285.40436,26.040382,0,65,768.98376,15.370417,35.702385
8/26/2026 17:39,27768.627,27309.814,17.021421,36.011864,1.0095669,17.751379,7.4822106,100.07885,155.94963,0.041525163,7.484372,-48.012733,319.31226,25.879599,0,65,768.98376,15.413804,35.84245
8/26/2026 18:09,38537.016,38764.258,25.035145,25.949078,1.0159214,25.19677,4.9977727,68.52464,107.02442,0.17789324,7.4088235,-43.497086,334.38983,24.693079,0,65,768.98376,15.572752,35.983257
8/26/2026 18:39,40709.105,41007.85,26.6483,24.56453,1.0171571,26.655104,6.593486,91.1214,142.33669,0.8625911,7.676444,-58.80356,336.9886,24.618584,0,65,768.98376,15.83472,36.534492
8/26/2026 19:09,41006.793,40981.84,26.637339,24.386204,1.0170285,26.638197,9.500453,132.23303,206.3948,0.8788458,7.964043,-75.36888,317.39536,25.03188,0,65,768.98376,16.1153,37.17518
8/26/2026 19:39,41513.887,41587.996,27.073633,24.088326,1.0173934,27.032198,10.062437,140.09933,218.72469,1.2020754,8.021608,-78.635216,243.54759,24.9067,0,65,768.98376,16.433147,37.881794
8/26/2026 20:09,41583.12,41896.73,27.291462,24.04822,1.0176446,27.232874,9.645365,133.76434,208.95139,1.2368878,8.01857,-78.38249,243.56667,24.6081,0,65,768.98376,16.784575,38.668777
8/26/2026 20:39,41666.496,42129.574,27.456532,24.0001,1.017822,27.384224,9.703669,134.26999,209.8125,1.6379138,8.022832,-78.577995,249.0169,24.424515,0,65,768.98376,17.149647,39.489796
8/26/2026 21:09,41602.742,42150.88,27.469746,24.036877,1.0178626,27.398071,9.44473,130.45694,203.8936,1.7878926,8.000719,-77.28577,282.0808,24.319153,0,65,768.98376,17.509783,40.304226
8/26/2026 21:39,41555.645,42172.35,27.48349,24.06412,1.0178972,27.41203,9.11489,125.72447,196.52759,1.780206,7.9740763,-75.740814,312.02142,24.23437,0,65,768.98376,17.815044,40.994267
8/26/2026 22:09,41547.652,42174.895,27.48505,24.068748,1.0179023,27.413681,8.722384,120.28434,188.02823,1.7369016,7.943268,-73.97652,328.17188,24.221342,0,65,768.98376,18.051573,41.530586
8/26/2026 22:39,41557.64,42196.785,27.500618,24.062963,1.0179181,27.427912,8.424118,116.15234,181.57388,1.974245,7.9198875,-72.636604,331.62897,24.206976,0,65,768.98376,18.214106,41.898037
8/26/2026 23:09,41531.66,42217.645,27.514488,24.078016,1.0179453,27.44147,7.365204,101.45762,158.61914,1.951949,7.8996906,-71.46835,352.8482,24.14928,0,65,768.98376,18.29201,42.0743
8/26/2026 23:39,41517.984,42199.574,27.5015,24.085947,1.0179338,27.429724,6.0884027,83.87047,131.12212,1.5554383,7.832415,-67.625046,342.0383,24.154366,0,65,768.98376,18.236599,41.94905
8/27/2026 0:09,41453.867,42148.31,27.463936,24.123201,1.0179105,27.396402,7.816141,107.615685,168.25029,1.3416482,7.8411613,-68.12096,358.89926,24.137375,0,65,768.98376,18.085972,41.608734
8/27/2026 0:39,41447.953,42165.016,27.475443,24.126644,1.017927,27.40726,7.40743,101.94565,159.39355,0.9884629,7.8011312,-65.82737,341.11325,24.109627,0,65,768.98376,17.857994,41.09091
8/27/2026 1:09,41363.98,42071.695,27.40799,24.175623,1.0178734,27.346603,7.051194,97.02179,151.69238,0.91280085,7.7598686,-63.471794,363.98236,24.119284,0,65,768.98376,17.561537,40.421535
8/27/2026 1:39,41277.188,41969.24,27.334099,24.226458,1.0178127,27.280005,6.985695,96.109085,150.26064,0.3002832,7.740444,-62.365532,356.8155,24.136679,0,65,768.98376,17.252014,39.72213
8/27/2026 2:09,40921.75,41626.77,27.08554,24.436882,1.0176321,27.0574,6.8209367,93.6704,146.45413,0.3055389,7.7224207,-61.330795,359.43332,24.113262,0,65,768.98376,16.909874,38.953888
8/27/2026 2:39,40241.273,40995.844,26.627777,24.85011,1.017309,26.647299,6.4732175,88.54261,138.45604,0.09902641,7.6791244,-58.841705,349.1098,24.036337,0,65,768.98376,16.557472,38.167763
8/27/2026 3:09,38895.89,39708.645,25.698374,25.709658,1.0166392,25.81062,5.8967414,80.07618,125.241196,0.19813642,7.5974135,-54.154396,379.98978,23.928381,0,65,768.98376,16.218794,37.423355
8/27/2026 3:39,36995.02,37886.902,24.390854,27.030666,1.0156991,24.626488,5.328235,71.61086,112.033394,0.06258091,7.502429,-48.704147,369.94757,23.767504,0,65,768.98376,15.901352,36.737137
8/27/2026 4:09,35470.645,36412.15,23.339499,28.192327,1.0149411,23.667898,4.7655864,63.52625,99.40657,0.040242307,7.407241,-43.2539,350.50693,23.646238,0,65,768.98376,15.613985,36.11072
8/27/2026 4:39,32120.328,33195.13,21.066622,31.132933,1.0133228,21.576834,4.3197985,56.48941,88.44804,0.045919146,7.3269434,-38.62858,334.17526,23.304802,0,65,768.98376,15.380831,35.636036
8/27/2026 5:09,29202.816,30359.6,19.08887,34.24327,1.011914,19.73374,4.5523443,58.53757,91.70219,0.043243304,7.2761974,-35.700798,309.27005,23.005095,0,65,768.98376,15.210643,35.297684
8/27/2026 5:39,25900.607,27103.04,16.848194,38.609135,1.010313,17.616976,4.3743763,55.194756,86.51339,0.045546167,7.2042713,-31.571388,326.99408,22.677212,0,65,768.98376,15.179647,35.28208
8/27/2026 6:09,23293.41,24469.783,15.061961,42.930595,1.0090181,15.905359,4.346687,54.087814,84.80576,0.04605961,7.16763,-29.468536,306.05618,22.483011,0,65,768.98376,15.257805,35.504204
8/27/2026 6:39,38261.977,39210.246,25.33668,26.135607,1.0164216,25.48666,4.376113,59.09971,92.46554,0.45639533,7.2887797,-36.506653,281.14142,23.733809,0,65,768.98376,15.477465,35.749817
8/27/2026 7:09,40414.7,41396.754,26.911358,24.743473,1.017602,26.90789,4.9811244,67.910866,106.24664,0.13804077,7.597874,-54.149628,340.07373,23.757957,0,65,768.98376,15.752323,36.331165
8/27/2026 7:39,39934.496,40935.145,26.577124,25.041008,1.0173604,26.607845,5.805909,78.95131,123.52771,0.12990388,7.6210585,-55.4657,317.95325,23.72017,0,65,768.98376,16.066532,37.052124
8/27/2026 8:09,40376.395,41299.895,26.842936,24.766947,1.0175302,26.84493,6.5486083,89.35859,139.78387,0.89140123,7.705654,-60.315132,281.99976,23.829273,0,65,768.98376,16.389408,37.778015
8/27/2026 8:39,40891.51,41769.7,27.184319,24.454952,1.0177677,27.150305,6.9260287,94.8107,148.29411,0.79906565,7.7577686,-63.3049,262.88333,23.899242,0,65,768.98376,16.743116,38.569454
8/27/2026 9:09,41125.523,42018.996,27.364613,24.3158,1.0179073,27.312347,7.172064,98.258736,153.69069,0.5925855,7.790721,-65.18364,255.84999,23.886726,0,65,768.98376,17.125082,39.43124
8/27/2026 9:39,41307.56,42225.832,27.513979,24.208645,1.0180271,27.44679,7.1692414,98.26062,153.70055,1.0509663,7.791653,-65.23132,265.95416,23.861425,0,65,768.98376,17.486582,40.24516
8/27/2026 10:09,41352.027,42258.14,27.537775,24.182611,1.0180404,27.467793,7.290295,99.96136,156.3564,0.7944602,7.8035355,-65.9132,259.91266,23.877365,0,65,768.98376,17.799803,40.954735
8/27/2026 10:39,41385.812,42294.473,27.56408,24.16287,1.0180609,27.491407,7.342208,100.68453,157.48819,1.1599902,7.8051305,-66.0038,270.10742,23.875175,0,65,768.98376,18.060638,41.54394
8/27/2026 11:09,41364.426,42264.305,27.542433,24.175364,1.0180418,27.471798,7.177806,98.43543,153.9674,1.0907867,7.79081,-65.18841,313.2135,23.885248,0,65,768.98376,18.214252,41.8944
8/27/2026 11:39,41350.434,42240.777,27.525614,24.183544,1.0180259,27.456505,7.091722,97.26452,152.13292,1.3162591,7.7686357,-63.92479,329.34015,23.896448,0,65,768.98376,18.28875,42.06425
8/27/2026 12:09,41380.125,42232.684,27.520802,24.166191,1.018009,27.451246,7.3489294,100.871956,157.76216,0.8689423,7.770464,-64.03923,350.54987,23.943083,0,65,768.98376,18.21875,41.905254
8/27/2026 12:39,41510.438,42211.38,27.509537,24.090326,1.0179467,27.437395,7.238894,99.68214,155.8486,0.91086984,7.7617455,-63.581467,329.8265,24.130604,0,65,768.98376,18.061907,41.55205
8/27/2026 13:09,41672.16,42159.023,27.477276,23.996836,1.0178462,27.403364,7.228278,99.97903,156.23727,0.64364284,7.758254,-63.438416,358.6942,24.39538,0,65,768.98376,17.801107,40.96541
8/27/2026 13:39,41529.656,42038.85,27.389486,24.079178,1.0177885,27.325253,7.0248113,97.06592,151.69316,0.66773576,7.7253447,-61.55014,354.09274,24.365839,0,65,768.98376,17.518772,40.32784
8/27/2026 14:09,41308.01,41899,27.285889,24.20838,1.0177405,27.23435,6.671035,91.95519,143.73366,0.7051522,7.6677513,-58.236122,355.7569,24.261513,0,65,768.98376,17.18383,39.57135
8/27/2026 14:39,41004.84,41531.156,27.021067,24.387365,1.0175194,26.99525,6.442987,88.79355,138.7727,1.3676794,7.634055,-56.324005,356.3005,24.336502,0,65,768.98376,16.834896,38.78846
8/27/2026 15:09,40482.598,40975.34,26.619883,24.701973,1.0172074,26.633972,6.2654896,86.20037,134.71153,1.0615401,7.608178,-54.85058,369.0845,24.370403,0,65,768.98376,16.488575,38.014442
8/27/2026 15:39,39239.027,39720.47,25.715492,25.48483,1.0165277,25.818306,5.9562635,81.516045,127.39215,0.9482312,7.541905,-51.059723,372.56067,24.365406,0,65,768.98376,16.145216,37.260693
8/27/2026 16:09,37337.53,37853.062,24.376295,26.782703,1.0155419,24.604492,5.853427,79.38767,124.08379,0.697271,7.5035243,-48.851967,379.29358,24.286951,0,65,768.98376,15.814448,36.54488
8/27/2026 16:39,32087.188,32599.346,20.663015,31.165087,1.0127797,21.189575,5.6772857,75.233795,117.61471,0.7845215,7.448855,-45.70961,343.99335,24.17745,0,65,768.98376,15.541571,36.02114
8/27/2026 17:09,30997.836,31522.996,19.911638,32.260315,1.0122287,20.489948,6.14593,81.022835,126.676254,0.70806783,7.413356,-43.673515,357.89792,24.12777,0,65,768.98376,15.373538,35.65761
8/27/2026 17:39,29733.553,30284.963,19.051352,33.63204,1.0116045,19.685226,6.2026515,81.25129,127.05206,0.9021772,7.303131,-37.36496,241.07281,24.046736,0,65,768.98376,15.2747755,35.45392
8/27/2026 18:09,27304.055,27915.328,17.417334,36.624596,1.0104294,18.144964,6.302921,81.51225,127.50433,0.74153847,7.4027023,-43.025017,328.24817,23.853537,0,65,768.98376,15.288727,35.52615
8/27/2026 18:39,27427.256,28067.818,17.52127,36.460083,1.0105206,18.244083,5.0167847,64.861496,101.467384,0.62501895,7.3459344,-39.777756,329.67392,23.805132,0,65,768.98376,15.435751,35.858356
8/27/2026 19:09,40673.023,41383.742,26.909449,24.58632,1.0175029,26.899433,6.014987,82.501114,128.99377,1.154398,7.6472707,-57.034492,340.67932,24.100845,0,65,768.98376,15.692757,36.19916
8/27/2026 19:39,40627.332,41328.73,26.869898,24.613972,1.0174701,26.863674,6.8197484,93.53528,146.24333,1.2264295,7.7451267,-62.627792,348.93814,24.111456,0,65,768.98376,15.959056,36.80434
8/27/2026 20:09,40203.133,40978.984,26.615019,24.873684,1.0173073,26.63634,6.8448186,93.57318,146.32973,1.305275,7.7515993,-62.975883,306.1563,24.008745,0,65,768.98376,16.272356,37.52044
8/27/2026 20:39,40461.312,41240.465,26.803942,24.714968,1.0174491,26.806301,7.1989098,98.52413,154.07146,1.5670139,7.786905,-64.992905,241.00604,24.01084,0,65,768.98376,16.67193,38.420074
8/27/2026 21:09,40433.14,41253.19,26.812025,24.732187,1.01747,26.814575,7.2905736,99.69287,155.91356,2.245611,7.793865,-65.37914,255.10135,23.959244,0,65,768.98376,17.074598,39.33311
8/27/2026 21:39,40830.707,41673.492,27.1156,24.491371,1.0177039,27.08777,7.322183,100.26802,156.81816,1.9517283,7.7916803,-65.2504,271.05634,23.94118,0,65,768.98376,17.467525,40.214993
8/27/2026 22:09,41052.527,41929.574,27.30023,24.359035,1.0178535,27.254225,7.2449493,99.25222,155.23956,1.994269,7.799002,-65.66048,291.15024,23.904863,0,65,768.98376,17.808596,40.98199
8/27/2026 22:39,41106.887,42009.137,27.357206,24.326824,1.0179048,27.305939,7.2194867,98.88469,154.6728,1.7712892,7.79494,-65.42206,321.45325,23.875526,0,65,768.98376,18.077879,41.591652
8/27/2026 23:09,41196.496,42125.27,27.4407,24.273909,1.0179763,27.381426,7.0178366,96.11848,150.35402,1.7587979,7.8001504,-65.71293,334.84283,23.84566,0,65,768.98376,18.311083,42.11696
8/27/2026 23:39,41114.324,42046.9,27.383749,24.322424,1.0179352,27.330484,6.936267,94.95859,148.54146,1.6250217,7.7764544,-64.35871,352.2617,23.838778,0,65,768.98376,18.435333,42.399414
8/28/2026 0:09,41110.156,42046.617,27.383429,24.32489,1.0179365,27.330301,6.1125035,83.673904,130.89024,1.6561741,7.748239,-62.747,362.47076,23.833927,0,65,768.98376,18.422335,42.370068
8/28/2026 0:39,41126.81,42065.64,27.397167,24.31504,1.0179474,27.342667,6.6414423,90.91788,142.22253,1.8602692,7.712914,-60.72998,353.7828,23.831505,0,65,768.98376,18.303738,42.101326
8/28/2026 1:09,41107.266,42052.605,27.38753,24.3266,1.0179425,27.334194,6.302718,86.26326,134.94336,1.0291295,7.6796975,-58.83217,359.92923,23.82304,0,65,768.98376,18.050776,41.52818
8/28/2026 1:39,41033.645,41981.8,27.336098,24.370245,1.0179054,27.288172,5.8190813,79.612595,124.54081,0.80560374,7.6124697,-54.99363,355.4422,23.817541,0,65,768.98376,17.756607,40.861805
8/28/2026 2:09,40806.98,41759.19,27.17462,24.505611,1.0177869,27.143475,5.552537,75.88036,118.70476,0.5490765,7.562968,-52.165985,363.78687,23.806156,0,65,768.98376,17.41462,40.09237
8/28/2026 2:39,40591.367,41565.992,27.034056,24.63578,1.0176904,27.017897,5.294566,72.25358,113.03793,0.44994247,7.5273128,-50.125122,357.3543,23.772371,0,65,768.98376,17.05623,39.28367
8/28/2026 3:09,39943.434,40951.78,26.588915,25.035404,1.017372,26.618658,5.126703,69.7084,109.067986,0.31838205,7.4951544,-48.279762,361.60294,23.710848,0,65,768.98376,16.663647,38.406006
8/28/2026 3:39,39248.547,40306.21,26.121765,25.478651,1.0170435,26.199038,4.713349,63.82039,99.87038,0.121660225,7.438638,-45.042038,367.67307,23.626143,0,65,768.98376,16.307606,37.610733
8/28/2026 4:09,38101.555,39215.67,25.335972,26.245647,1.0164828,25.490187,4.0593457,54.60697,85.469696,0.04456122,7.3468723,-39.79206,377.88214,23.512568,0,65,768.98376,15.954947,36.830856
8/28/2026 4:39,35320.855,36538.473,23.421753,28.311886,1.0151106,23.750008,4.1998734,55.622196,87.09768,0.07439186,7.296257,-36.873817,344.95654,23.255274,0,65,768.98376,15.649622,36.18603
8/28/2026 5:09,32879.605,34131.203,21.719227,30.41399,1.0138752,22.185282,2.7030075,35.336956,55.350094,0.04529698,7.195728,-31.12793,250.17087,23.080097,0,65,768.98376,15.373274,35.60029
8/28/2026 5:39,30668.398,31980.58,20.211311,32.606853,1.0128003,20.787378,4.0229254,51.921772,81.359344,0.045930274,7.201346,-31.423569,290.45883,22.851803,0,65,768.98376,15.177477,35.191513
8/28/2026 6:09,28484.633,29811.406,18.705263,35.106647,1.0117136,19.377415,3.7883236,48.309727,75.72258,0.042277675,7.160594,-29.087067,296.26193,22.669867,0,65,768.98376,15.139033,35.141884
8/28/2026 6:39,24575.229,25863.076,16.001928,40.691383,1.0097489,16.810999,3.868683,48.32233,75.77718,0.036850896,7.1248956,-27.031898,272.14352,22.39294,0,65,768.98376,15.196396,35.338245
8/28/2026 7:09,33170.25,34487.34,21.968136,30.147497,1.0140842,22.41677,2.6596856,34.77069,54.470528,0.04441879,7.0893235,-25.062561,283.87372,23.0005,0,65,768.98376,15.40784,35.67257
8/28/2026 7:39,40222.254,41285.797,26.828775,24.861858,1.0175698,26.83577,4.7806134,65.02375,101.74897,0.15193248,7.532853,-50.42076,308.71692,23.651281,0,65,768.98376,15.721861,36.263477
8/28/2026 8:09,39488.023,40617.633,26.344244,25.324135,1.0172343,26.401463,6.0858574,82.39037,128.94856,1.2844088,7.6660347,-57.997704,320.56635,23.543938,0,65,768.98376,16.042418,37.001926
8/28/2026 8:39,40386.14,41393.36,26.908184,24.76097,1.0176085,26.905684,6.59115,89.809296,140.51471,1.1984323,7.7286673,-61.60736,283.50653,23.72603,0,65,768.98376,16.373013,37.737858
8/28/2026 9:09,40619.59,41567.754,27.036083,24.618664,1.0176826,27.019041,6.7959414,92.79806,145.17035,1.2855532,7.750348,-62.861443,255.28732,23.805756,0,65,768.98376,16.735813,38.5575
8/28/2026 9:39,40859.207,41802.35,27.20615,24.474289,1.017807,27.171528,6.868192,93.897644,146.8871,0.7864197,7.7543936,-63.095093,244.69678,23.818747,0,65,768.98376,17.144163,39.477863
8/28/2026 10:09,41023.484,41970.38,27.327848,24.376282,1.0178988,27.280746,6.8669515,93.946434,146.96342,0.6177144,7.759155,-63.36689,278.31854,23.818796,0,65,768.98376,17.533073,40.355385
8/28/2026 10:39,41199.793,42135.414,27.447866,24.271967,1.017984,27.38802,6.7238507,92.082344,144.04257,0.25499085,7.745386,-62.584877,279.96365,23.837427,0,65,768.98376,17.858007,41.089573
8/28/2026 11:09,41200.57,42104.254,27.426167,24.27151,1.0179566,27.367765,6.8268743,93.54546,146.32115,0.3728935,7.751423,-62.937737,302.6754,23.876282,0,65,768.98376,18.149027,41.74998
8/28/2026 11:39,41147.887,41965.67,27.328056,24.302584,1.0178531,27.277687,6.992082,95.929436,150.02226,0.63628334,7.763396,-63.643456,319.05475,23.979738,0,65,768.98376,18.331095,42.166595
8/28/2026 12:09,41170.95,41931.72,27.305014,24.28897,1.0178157,27.255617,6.963315,95.639915,149.55057,0.6090577,7.7777395,-64.47792,345.79578,24.050102,0,65,768.98376,18.386759,42.29428
8/28/2026 12:39,41251.82,41988.562,27.346895,24.241354,1.0178382,27.292566,5.8617744,80.57404,125.98519,0.2885782,7.736808,-62.146187,339.41095,24.081348,0,65,768.98376,18.332108,42.16965
8/28/2026 13:09,41416.867,41965.65,27.335339,24.144753,1.0177623,27.277672,7.2701445,100.3362,156.81844,0.47327718,7.7633066,-63.710213,334.29446,24.315344,0,65,768.98376,18.180029,41.82881
8/28/2026 13:39,41632.617,41959.86,27.336899,24.019629,1.0176835,27.273909,7.410999,102.77485,160.54807,0.71045685,7.777686,-64.59236,330.0268,24.59168,0,65,768.98376,17.928625,41.261543
8/28/2026 14:09,41610.637,41885.645,27.2844,24.032316,1.0176252,27.22567,7.155961,99.3198,155.13216,0.5241344,7.7338753,-62.098503,346.88297,24.656248,0,65,768.98376,17.62616,40.57814
8/28/2026 14:39,41599.24,41785.09,27.213717,24.038902,1.0175396,27.160309,7.1537848,99.440926,155.28915,0.40812826,7.7141523,-60.99224,334.4995,24.767134,0,65,768.98376,17.296381,39.834778
8/28/2026 15:09,41547.246,41518.52,27.025764,24.068983,1.0173194,26.987038,7.1999326,100.442474,156.77347,0.23241775,7.708033,-60.6966,345.462,25.036226,0,65,768.98376,16.930262,39.012695
8/28/2026 15:39,41376.098,41093.21,26.723783,24.168543,1.0169966,26.710587,7.2430034,101.43614,158.22588,0.3277457,7.703393,-60.49633,349.11932,25.360418,0,65,768.98376,16.561583,38.188488
8/28/2026 16:09,40428.52,39982.62,25.925663,24.735014,1.0163305,25.988705,6.5533166,91.71475,142.99966,0.2312377,7.6247935,-56.028366,364.8216,25.583887,0,65,768.98376,16.201996,37.39687
8/28/2026 16:39,38039.977,37392.277,24.072632,26.288134,1.0148431,24.30498,6.856857,95.490204,148.79121,0.26659775,7.5996003,-54.64077,348.6902,25.906893,0,65,768.98376,15.854122,36.66001
8/28/2026 17:09,35201.117,34389.797,21.945843,28.40819,1.0131508,22.353369,6.8767905,95.16042,148.17946,0.06115552,7.578837,-53.505898,345.95312,26.235178,0,65,768.98376,15.543514,36.01406
8/28/2026 17:39,34404.586,33552.406,21.357,29.065893,1.0126817,21.809063,6.8147736,94.14279,146.56662,0.11508213,7.542178,-51.412582,338.21884,26.329762,0,65,768.98376,15.350391,35.59036
8/28/2026 18:09,33235.406,32456.084,20.587103,30.088394,1.0121266,21.096455,6.5302734,89.70919,139.6848,0.14471424,7.5494375,-51.817894,368.3025,26.257154,0,65,768.98376,15.196999,35.260273
8/28/2026 18:39,29757.107,29240.041,18.34846,33.605415,1.010547,19.006027,7.069072,95.34183,148.5544,0.084450275,7.5262976,-50.430298,360.3107,25.925837,0,65,768.98376,15.170761,35.25401
8/28/2026 19:09,27466.215,27164.82,16.919977,36.408367,1.0095764,17.657133,6.9699974,92.68745,144.51709,0.25172707,7.4945083,-48.54679,370.89172,25.58089,0,65,768.98376,15.320487,35.628593
8/28/2026 19:39,39778.836,40176.637,26.045982,25.138996,1.0167433,26.114813,5.9110284,81.21486,126.89435,0.8401758,7.595984,-54.17347,333.46002,24.481607,0,65,768.98376,15.563314,35.932785
8/28/2026 20:09,40605.98,40722.95,26.44692,24.626915,1.0169384,26.469917,6.7073545,92.96147,145.14816,0.48696807,7.748072,-62.95204,347.16907,24.849615,0,65,768.98376,15.858711,36.596424
8/28/2026 20:39,39019.203,39186.47,25.339418,25.628407,1.0161263,25.471205,7.7124557,106.083725,165.65976,0.46381378,7.821534,-67.14344,256.71783,24.776524,0,64,768.98376,16.209467,37.42125
8/28/2026 21:09,39339.03,39593.375,25.629698,25.420046,1.0163773,25.735695,7.872097,108.245834,169.0718,0.23905234,7.846385,-68.54057,224.31674,24.66367,0,64,768.98376,16.5647,38.216225
8/28/2026 21:39,41560.734,42085.418,27.422861,24.061172,1.017819,27.355522,7.357689,101.651955,158.86559,0.39373717,7.8090496,-66.33282,244.38205,24.347273,0,64,768.98376,16.93619,39.005775
8/28/2026 22:09,41594.68,42313.94,27.583496,24.041536,1.0180085,27.504063,6.857892,94.44176,147.66098,0.48541173,7.76925,-64.00585,285.8192,24.110039,0,64,768.98376,17.352247,39.942337
8/28/2026 22:39,41580.387,42439.63,27.670885,24.0498,1.018123,27.585758,6.538849,89.82503,140.48573,0.6672725,7.735572,-62.04605,299.9002,23.939985,0,64,768.98376,17.71056,40.749756
8/28/2026 23:09,41531.883,42518.906,27.724833,24.077887,1.018208,27.63729,6.15756,84.38307,132.01117,0.9466121,7.6940336,-59.64279,306.69513,23.784622,0,64,768.98376,18.015223,41.43683
8/28/2026 23:39,41481.11,42583.645,27.768518,24.107359,1.0182807,27.679369,5.864262,80.18578,125.47599,1.3533784,7.6600065,-57.673454,318.4158,23.644445,0,64,768.98376,18.250282,41.96624
8/29/2026 0:09,41464.56,42625.324,27.797089,24.116982,1.0183221,27.70646,5.6508894,77.1854,120.79588,0.45636463,7.6345787,-56.209564,337.84692,23.57425,0,64,768.98376,18.388117,42.27675
8/29/2026 0:39,41448.305,42647.754,27.812246,24.12644,1.0183468,27.72104,5.4577956,74.49299,116.59178,0.59461355,7.614248,-55.041313,354.96536,23.527508,0,64,768.98376,18.402525,42.3093
8/29/2026 1:09,41354.22,42589.54,27.768866,24.18133,1.018327,27.6832,5.1983976,70.87708,110.94136,0.40512317,7.579356,-53.043365,361.64584,23.4814,0,64,768.98376,18.287159,42.04902
8/29/2026 1:39,41259.617,42466.32,27.680202,24.236774,1.0182514,27.60311,5.1428647,70.1223,109.75399,0.04740405,7.5628695,-52.108765,359.14246,23.512276,0,64,768.98376,18.062181,41.541466
8/29/2026 2:09,41232.42,42455.684,27.671982,24.25276,1.0182511,27.596195,4.822763,65.7305,102.88379,0.044023536,7.5245485,-49.920082,366.29977,23.49148,0,64,768.98376,17.772291,40.88535
8/29/2026 2:39,40920.523,42155.22,27.453533,24.437614,1.0180932,27.400892,5.095727,69.33298,108.527245,0.047616806,7.522113,-49.77703,349.93472,23.466528,0,64,768.98376,17.454922,40.172512
8/29/2026 3:09,40670.61,41961.11,27.31109,24.58778,1.0180073,27.274721,5.1433387,69.82856,109.3176,0.037650183,7.5218368,-49.74842,347.84143,23.389807,0,64,768.98376,17.078373,39.32237
8/29/2026 3:39,40245.027,41564.516,27.022919,24.84779,1.0178043,27.016935,5.2081637,70.52641,110.42009,0.037772283,7.527261,-50.04883,348.74265,23.33793,0,64,768.98376,16.697628,38.466995
8/29/2026 4:09,39711.21,41101.867,26.686167,25.181807,1.0175805,26.716213,4.9794927,67.16858,105.18276,0.0382505,7.487324,-47.75524,370.00958,23.228567,0,64,768.98376,16.319738,37.618042
8/29/2026 4:39,38212.547,39746.41,25.704866,26.169415,1.0169086,25.835167,4.6384215,61.93885,97.034676,0.037767302,7.4248643,-44.15989,365.97076,22.979517,0,64,768.98376,15.974122,36.85917
8/29/2026 5:09,36125.15,37708.133,24.243713,27.681547,1.0158542,24.510286,2.567801,33.89257,53.112762,0.036296558,7.368582,-40.9317,361.54572,22.8021,0,64,768.98376,15.648195,36.156826
8/29/2026 5:39,33636.086,35480.19,22.653404,29.729975,1.014794,23.062124,4.2368436,54.88738,86.08839,0.034626555,7.3182974,-38.00392,316.9853,22.278765,0,64,768.98376,15.383542,35.59252
8/29/2026 6:09,30625.787,32622.082,20.639244,32.65222,1.0133992,21.204355,4.392408,55.74554,87.502655,0.034238745,7.275404,-35.510063,277.76544,21.796093,0,64,768.98376,15.181971,35.181778
8/29/2026 6:39,26758.586,28869.943,18.03341,37.37118,1.0115888,18.765463,4.3013086,53.145416,83.503105,0.03479173,7.21984,-32.291412,244.03397,21.171026,0,64,768.98376,15.105304,35.069225
8/29/2026 7:09,23300.18,25330.932,15.620288,42.918125,1.0098555,16.465107,4.5910654,55.54352,87.32014,0.030801702,7.20874,-31.62384,254.61975,20.80268,0,64,768.98376,15.137715,35.20173
8/29/2026 7:39,24244.686,26338.861,16.302338,41.24615,1.0103626,17.12026,3.9015079,47.421207,74.54711,0.033210173,7.15872,-28.800964,309.99008,20.837227,0,64,768.98376,15.340191,35.64663
8/29/2026 8:09,40400.55,41961.31,27.302938,24.752138,1.0180953,27.27485,4.159187,56.127724,87.919876,0.04575396,7.428274,-44.36493,286.8301,23.052607,0,64,768.98376,15.640909,36.061203
8/29/2026 8:39,40387.53,41960.14,27.301708,24.760117,1.0180985,27.274092,4.5023904,60.7427,95.15132,0.039060473,7.4732065,-46.920776,307.30548,23.03777,0,64,768.98376,15.994132,36.861942
8/29/2026 9:09,40625.016,42247.73,27.508694,24.615376,1.0182683,27.461025,5.3400235,72.06714,112.900024,0.04114477,7.5618033,-51.956177,274.29407,22.989033,0,64,768.98376,16.341413,37.642773
8/29/2026 9:39,40853.223,42448.227,27.655111,24.477873,1.0183668,27.591347,5.715851,77.26452,121.03322,0.14687541,7.6018724,-54.244995,287.1782,23.032707,0,64,768.98376,16.718824,38.493862
8/29/2026 10:09,40901.668,42502.207,27.694134,24.448881,1.0183976,27.626434,6.0280356,81.49657,127.66356,0.047725983,7.6402483,-56.42891,290.73062,23.028387,0,64,768.98376,17.146883,39.462234
8/29/2026 10:39,40944.613,42509.746,27.700727,24.423237,1.0183903,27.631336,6.2301497,84.29813,132.04225,0.048706558,7.660619,-57.59716,287.89343,23.072346,0,64,768.98376,17.552942,40.381138
8/29/2026 11:09,40841.695,42421.254,27.636013,24.484781,1.0183475,27.573816,6.450083,87.2076,136.60468,0.41042206,7.6797056,-58.67958,310.34296,23.050518,0,64,768.98376,17.91599,41.205967
8/29/2026 11:39,40755.21,42315.844,27.560085,24.53674,1.0182849,27.505299,6.591556,89.11061,139.58118,0.22825,7.692538,-59.41391,313.55206,23.06908,0,64,768.98376,18.213762,41.88286
8/29/2026 12:09,40840.348,42368.766,27.599518,24.48559,1.018303,27.539698,6.8715024,92.98597,145.64095,0.46055573,7.720859,-61.035156,327.28497,23.1113,0,64,768.98376,18.43887,42.393044
8/29/2026 12:39,40979.44,42435.184,27.650011,24.40248,1.0183153,27.58287,6.8415103,92.75953,145.26317,0.75837356,7.718766,-60.93502,340.19772,23.20392,0,64,768.98376,18.548813,42.64126
8/29/2026 13:09,41038.027,42474.535,27.679184,24.367643,1.0183301,27.608448,5.41471,73.45993,115.034584,0.95800835,7.659581,-57.56855,354.355,23.229296,0,64,768.98376,18.536003,42.61241
8/29/2026 13:39,41091.285,42423.445,27.645287,24.33606,1.0182691,27.57524,6.7732053,92.07841,144.15857,0.13135087,7.7188873,-60.973167,352.9245,23.355942,0,64,768.98376,18.39392,42.292294
8/29/2026 14:09,41186.445,42376.086,27.615173,24.279833,1.0181973,27.544456,6.95775,94.862434,148.47208,0.050512232,7.723861,-61.29265,366.34747,23.530188,0,64,768.98376,18.160639,41.767033
8/29/2026 14:39,41360.68,42340.13,27.59521,24.177553,1.0181091,27.521084,6.9513793,95.1976,148.9286,0.049273543,7.6940184,-59.64279,358.34137,23.788853,0,64,768.98376,17.852972,41.07304
8/29/2026 15:09,41597.47,42306.133,27.578114,24.039925,1.0180007,27.498985,6.9417315,95.615005,149.49188,0.04066858,7.676404,-58.703423,365.55115,24.122992,0,64,768.98376,17.479422,40.23104
8/29/2026 15:39,41715.016,42193.688,27.502647,23.972183,1.0178622,27.425898,6.7900195,93.94834,146.81023,0.038316578,7.6468306,-57.06787,358.10773,24.406042,0,64,768.98376,17.11826,39.417942
8/29/2026 16:09,41830.207,42067.504,27.417274,23.90617,1.0177112,27.343878,6.3894653,88.82326,138.72458,0.03579657,7.622343,-55.72319,357.73102,24.704666,0,64,768.98376,16.728067,38.539417
8/29/2026 16:39,41663.84,41752.594,27.192554,24.001629,1.0174882,27.139187,6.359547,88.57642,138.29123,0.03867438,7.587449,-53.75862,359.76712,24.888706,0,64,768.98376,16.356363,37.704754
8/29/2026 17:09,41108.484,41065.49,26.698233,24.325878,1.0170674,26.692568,6.0208635,83.86435,130.8932,0.03840076,7.5458307,-51.403046,337.6085,25.054817,0,64,768.98376,15.986764,36.882042
8/29/2026 17:39,38556.14,38472.95,24.833517,25.936205,1.0156481,25.007418,6.3805375,88.02508,137.37186,0.03654208,7.53243,-50.644875,332.9927,25.113209,0,64,768.98376,15.650646,36.169605
8/29/2026 18:09,35677.348,35598.26,22.786242,28.02899,1.0141089,23.13887,6.731898,91.80186,143.26505,0.034834225,7.5552106,-51.95141,358.3509,25.116314,0,64,768.98376,15.374592,35.59589
8/29/2026 18:39,33277.676,33271.387,21.144642,30.050175,1.0129069,21.626402,6.6674013,89.90959,140.34047,0.039834004,7.5180097,-49.800873,288.50858,25.0099,0,64,768.98376,15.206625,35.25446
8/29/2026 19:09,30765.09,30944.062,19.516201,32.504375,1.0117731,20.113642,6.989323,92.8676,145.04308,0.042179365,7.552071,-51.698685,323.54657,24.697186,0,64,768.98376,15.157374,35.181267
8/29/2026 19:39,26422.879,26863.807,16.701698,37.84599,1.0098139,17.461475,6.597676,85.41461,133.53955,0.037928622,7.48325,-47.66941,305.12634,24.140657,0,64,768.98376,15.225885,35.40384
8/29/2026 20:09,30786.807,31196.994,19.687279,32.481445,1.0120093,20.278046,4.062289,53.66048,83.86816,0.03805087,7.3821936,-41.918755,329.50226,24.311605,0,64,768.98376,15.444965,35.829205
8/29/2026 20:39,40213.86,41100.105,26.699512,24.867048,1.01741,26.715069,5.9993153,81.85592,128.0379,0.6450181,7.671847,-58.39348,272.74432,23.87104,0,64,768.98376,15.748698,36.330547
8/29/2026 21:09,40010.555,40995.355,26.621065,24.993404,1.0173875,26.646982,7.685778,104.58156,163.62256,0.7992015,7.8061495,-66.03241,294.9268,23.74229,0,64,768.98376,16.067596,37.054127
8/29/2026 21:39,41024.066,42065.152,27.393883,24.375937,1.0179812,27.342348,8.329307,113.76658,178.00493,1.0372952,7.8940444,-71.0392,297.75922,23.70422,0,64,768.98376,16.426735,37.846394
8/29/2026 22:09,41234.82,42262.168,27.537231,24.251348,1.0180827,27.47041,8.408437,114.98868,179.90973,0.83997613,7.9033065,-71.57326,294.70746,23.727282,0,64,768.98376,16.81307,38.717995
8/29/2026 22:39,41490.535,42479.926,27.696445,24.101883,1.0181876,27.611952,8.413861,115.27636,180.34279,0.93104696,7.9023294,-71.53034,301.3164,23.780588,0,64,768.98376,17.196798,39.582733
8/29/2026 23:09,41476.918,42514.633,27.720266,24.109795,1.0182225,27.634512,8.284485,113.40252,177.42967,1.503649,7.8932176,-70.996284,315.5786,23.722075,0,64,768.98376,17.577171,40.442715
8/29/2026 23:39,41403.035,42535.195,27.73244,24.152819,1.0182643,27.647877,8.078167,110.361145,172.70644,1.2640516,7.874977,-69.92817,326.22638,23.60644,0,64,768.98376,17.895226,41.161983
8/30/2026 0:09,41347.81,42546.72,27.738836,24.185078,1.0182923,27.655367,7.7744927,106.063255,166.00444,1.2031488,7.849309,-68.445206,337.84692,23.524675,0,64,768.98376,18.152557,41.74421
8/30/2026 0:39,41336.29,42570.14,27.75481,24.191818,1.0183163,27.670591,7.190519,98.03233,153.44621,2.0394652,7.7988834,-65.56034,354.86523,23.482513,0,64,768.98376,18.3116,42.103443
8/30/2026 1:09,41291.344,42542.24,27.73403,24.218151,1.0183067,27.652454,6.0078006,81.86617,128.14687,1.3762743,7.765848,-63.672066,366.9721,23.460545,0,64,768.98376,18.365263,42.2263
8/30/2026 1:39,41245,42520.395,27.717415,24.245363,1.0183029,27.638258,6.961102,94.79554,148.39348,1.5356904,7.731754,-61.7218,361.0498,23.429588,0,64,768.98376,18.283915,42.042118
8/30/2026 2:09,41184.9,42489.266,27.693933,24.280745,1.0182955,27.618023,6.8009195,92.54138,144.87411,0.6539378,7.728877,-61.55014,360.85907,23.392733,0,64,768.98376,18.097164,41.61813
8/30/2026 2:39,41179.254,42512.645,27.71003,24.284073,1.0183175,27.63322,6.571644,89.37482,139.92535,0.41092527,7.694784,-59.599876,353.74942,23.357878,0,64,768.98376,17.842688,41.0414
8/30/2026 3:09,40836.652,42281.06,27.538477,24.487806,1.0182289,27.482689,6.401727,86.75238,135.85408,0.54880124,7.666506,-57.959557,353.28214,23.21141,0,64,768.98376,17.522703,40.31885
8/30/2026 3:39,40666.723,42128.047,27.42693,24.59013,1.0181524,27.38323,6.2092624,84.0491,131.627,0.06975554,7.6374674,-56.300163,348.00354,23.183893,0,64,768.98376,17.161257,39.505283
8/30/2026 4:09,40217.27,41793.293,27.180706,24.86494,1.0180104,27.16564,6.0802145,81.95456,128.38162,0.050079063,7.617977,-55.160522,343.22086,23.025656,0,64,768.98376,16.782164,38.650105
8/30/2026 4:39,39705.2,41413.1,26.901312,25.18562,1.0178504,26.918516,5.79101,77.67407,121.71442,0.045787197,7.5699716,-52.394867,374.2439,22.840805,0,64,768.98376,16.406492,37.80554
8/30/2026 5:09,38481.574,40274.05,26.07644,25.986464,1.0172741,26.178135,5.0206566,66.81571,104.72962,0.03881554,7.4950294,-48.103333,340.0165,22.669792,0,64,768.98376,16.044014,37.00433
8/30/2026 5:39,37617.39,39531.203,25.53825,26.58345,1.0169232,25.695282,4.871617,64.39326,100.96693,0.03949184,7.4579353,-45.962334,348.8714,22.465302,0,64,768.98376,15.698866,36.234283
8/30/2026 6:09,34155.62,36213.42,23.1658,29.277758,1.015248,23.538723,4.7968993,62.04065,97.34816,0.041996237,7.3966975,-42.419434,322.00638,22.024906,0,64,768.98376,15.417413,35.653748
8/30/2026 6:39,31965.04,34141.78,21.698942,31.28418,1.0142342,22.192158,4.70197,59.895947,94.0375,0.043672405,7.3354335,-38.895607,309.39404,21.661993,0,64,768.98376,15.193297,35.179092
8/30/2026 7:09,28370.016,30583.258,19.213203,35.24848,1.0124704,19.879118,4.7072115,58.607185,92.079056,0.0376773,7.251029,-34.06048,297.0487,21.21111,0,64,768.98376,15.052562,34.918156
8/30/2026 7:39,24702.51,26807.504,16.621134,40.481716,1.010591,17.424877,4.730815,57.664684,90.64298,0.034732405,7.2193756,-32.23419,293.1577,20.88887,0,64,768.98376,15.052733,34.98188
8/30/2026 8:09,22277.74,24224.297,14.875579,44.887856,1.0092953,15.745792,4.8302217,58.171436,91.45283,0.03708543,7.199813,-31.118393,338.35236,20.792904,0,64,768.98376,15.220441,35.40923
8/30/2026 8:39,39545.656,41068.016,26.657688,25.287228,1.0176061,26.69421,4.0332046,54.231556,84.94873,0.77278316,7.46896,-46.682358,283.42548,23.0592,0,64,768.98376,15.4991255,35.756924
8/30/2026 9:09,40140.64,41664.89,27.089323,24.912407,1.0179251,27.082178,5.7409916,77.42264,121.27013,0.08186251,7.593834,-53.79677,310.44785,23.084627,0,64,768.98376,15.864231,36.5743
8/30/2026 9:39,40510.42,41856.613,27.233671,24.685005,1.0179695,27.206799,6.418763,86.99193,136.20454,0.21980064,7.6689916,-58.12168,294.9077,23.316124,0,64,768.98376,16.194372,37.3199
8/30/2026 10:09,41060.336,42341.676,27.587448,24.354404,1.0182086,27.522089,6.780086,92.23874,144.39458,0.63995415,7.715326,-60.782433,278.38055,23.415607,0,64,768.98376,16.563892,38.147934
8/30/2026 10:39,41163.645,42452.953,27.668015,24.293282,1.0182711,27.59442,7.0291176,95.66141,149.75404,0.5834646,7.746799,-62.57534,247.21924,23.409931,0,64,768.98376,16.987432,39.10285
8/30/2026 11:09,41192.355,42487.324,27.692806,24.276348,1.0182915,27.61676,7.345304,99.96857,156.4983,0.6130534,7.782707,-64.62097,253.08911,23.404242,0,64,768.98376,17.39903,40.03773
8/30/2026 11:39,41225.91,42495.85,27.69975,24.25659,1.0182879,27.622305,7.5161133,102.35372,160.2235,0.7324749,7.803332,-65.80353,247.85342,23.4354,0,64,768.98376,17.75933,40.85269
8/30/2026 12:09,41294.812,42554.08,27.742376,24.216116,1.0183158,27.660152,7.697946,104.88397,164.17996,0.78335184,7.8257713,-67.08622,265.65854,23.450672,0,64,768.98376,18.08309,41.5853
8/30/2026 12:39,41398.98,42613.52,27.786905,24.155184,1.0183333,27.698788,7.8106737,106.55456,166.77837,0.64360714,7.837085,-67.744255,282.58148,23.507788,0,64,768.98376,18.32053,42.12337
8/30/2026 13:09,41417.836,42593.188,27.773306,24.144188,1.0183096,27.685572,7.694943,105.05538,164.41817,0.8483654,7.8283668,-67.25788,318.52545,23.555243,0,64,768.98376,18.429935,42.370667
8/30/2026 13:39,41454.508,42576.062,27.762447,24.12283,1.0182829,27.67444,7.1458945,97.66635,152.83618,0.22641839,7.8014402,-65.73677,334.7379,23.620817,0,64,768.98376,18.447021,42.410618
8/30/2026 14:09,41486.043,42563.773,27.754808,24.104492,1.0182619,27.666452,7.901991,108.09729,169.1434,0.62596124,7.825219,-67.10529,349.10028,23.674324,0,64,768.98376,18.32756,42.141766
8/30/2026 14:39,41654.254,42549.457,27.74966,24.007153,1.0181943,27.657148,7.901923,108.519936,169.73708,0.3525357,7.8113036,-66.36143,341.13232,23.898476,0,64,768.98376,18.083632,41.592358
8/30/2026 15:09,41724.246,42495.953,27.714247,23.96688,1.0181245,27.62237,7.6508484,105.32849,164.70068,0.14439103,7.770481,-64.06307,352.23785,24.049236,0,64,768.98376,17.791296,40.932697
8/30/2026 15:39,41745.125,42412.426,27.656437,23.954893,1.0180445,27.568077,7.588539,104.66861,163.6312,0.050353475,7.755484,-63.233376,350.0873,24.17625,0,64,768.98376,17.443954,40.147423
8/30/2026 16:09,41713.8,42233.992,27.530813,23.972881,1.0178982,27.452095,7.318068,101.18093,158.12715,0.08467009,7.718129,-61.135292,357.66425,24.355137,0,64,768.98376,17.076904,39.32272
8/30/2026 16:39,41630.258,42054.547,27.403093,24.02099,1.0177681,27.335457,7.137835,98.81773,154.40079,0.53273994,7.693788,-59.76677,355.0369,24.471779,0,64,768.98376,16.701883,38.47756
8/30/2026 17:09,41433.34,41773.266,27.201288,24.135153,1.0175866,27.152622,6.7664495,93.73482,146.43114,0.41185638,7.6438518,-56.92959,377.87262,24.57396,0,64,768.98376,16.316347,37.611397
8/30/2026 17:39,40999.613,41256.496,26.829151,24.390474,1.0172772,26.816723,4.8356204,66.96156,104.58688,0.1148327,7.5742984,-52.96707,338.45728,24.674006,0,64,768.98376,15.957786,36.808834
8/30/2026 18:09,39714.85,39977.273,25.905724,25.179497,1.0165871,25.985228,5.206812,71.700325,111.99199,0.047207814,7.5713544,-52.79541,357.33524,24.656322,0,64,768.98376,15.621246,36.069107
8/30/2026 18:39,36715.824,37019.07,23.786707,27.236214,1.0150174,24.062395,6.229654,84.62744,132.20442,0.5355755,7.5918665,-53.954124,334.11804,24.571117,0,64,768.98376,15.327934,35.45672
8/30/2026 19:09,33528.875,33871.63,21.55892,29.825039,1.0133711,22.01656,6.688908,89.558,139.93303,0.28235987,7.5761824,-53.038597,320.161,24.4702,0,64,768.98376,15.133016,35.070274
8/30/2026 19:39,29308.45,29731.709,18.671303,34.119854,1.0112618,19.325611,5.289658,69.39807,108.47634,0.089423776,7.509206,-49.171448,263.5843,24.254662,0,64,768.98376,15.043085,34.936924
8/30/2026 20:09,25995.188,26525.389,16.469252,38.46866,1.00969,17.241503,6.4859204,83.57457,130.7069,0.050463796,7.4936285,-48.23208,290.33008,23.953485,0,64,768.98376,15.075725,35.064636
8/30/2026 20:39,26304.049,26870.486,16.703773,38.01696,1.0098817,17.465816,5.5644736,71.7238,112.184296,0.046657145,7.418127,-43.911934,336.2209,23.896318,0,64,768.98376,15.265025,35.49097
8/30/2026 21:09,40817.836,41865.56,27.248974,24.499094,1.017876,27.212612,5.0302086,68.63079,107.385925,0.7710067,7.639795,-56.529045,325.1964,23.689747,0,64,768.98376,15.565086,35.89611
8/30/2026 21:39,40923.055,41997.656,27.343962,24.436104,1.0179559,27.298475,5.574756,76.06266,119.02072,1.3671968,7.68277,-58.97522,349.2004,23.66036,0,64,768.98376,15.875981,36.59889
8/30/2026 22:09,41210.133,42385.14,27.622187,24.265877,1.0181974,27.55034,6.7439485,91.98116,143.95786,0.6862651,7.735584,-61.96499,290.55896,23.548576,0,64,768.98376,16.205912,37.338226
8/30/2026 22:39,41425.137,42607.965,27.783813,24.139933,1.01832,27.695177,6.766396,92.369896,144.56679,0.7285471,7.7273135,-61.49292,265.0005,23.546556,0,64,768.98376,16.540083,38.090145
8/30/2026 23:09,41546.594,42740.266,27.879663,24.069363,1.0183948,27.781174,6.733686,91.95984,143.92725,0.815006,7.7228303,-61.235428,269.24435,23.537773,0,64,768.98376,16.930328,38.970783
8/30/2026 23:39,41607.754,42885.793,27.982962,24.033981,1.0185004,27.875765,6.740752,91.95181,143.93938,0.8000873,7.726531,-61.426163,293.57733,23.43974,0,64,768.98376,17.297894,39.799778
8/31/2026 0:09,41572.016,42890.133,27.984892,24.054644,1.0185157,27.878588,6.6032863,90.000145,140.89624,1.1359149,7.711734,-60.572624,302.5085,23.390974,0,64,768.98376,17.639032,40.571518
8/31/2026 0:39,41598.707,42935.812,28.017548,24.03921,1.0185463,27.90828,6.4457703,87.836555,137.51425,0.9989896,7.6913133,-59.404373,325.93552,23.369528,0,64,768.98376,17.93031,41.230766
8/31/2026 1:09,41580.062,42965.117,28.037388,24.049988,1.0185775,27.927326,5.9365854,80.8252,126.55005,1.1964658,7.670344,-58.197975,330.40347,23.312214,0,64,768.98376,18.122507,41.664124
8/31/2026 1:39,41543.566,42935.24,28.01545,24.071115,1.0185635,27.907906,5.1764526,70.455765,110.31617,1.1044884,7.6482,-56.934357,351.21265,23.302967,0,64,768.98376,18.212517,41.868664
8/31/2026 2:09,41513.734,42907.992,27.995546,24.088413,1.0185497,27.890194,5.725637,77.91579,121.997574,1.0134677,7.5832767,-53.2341,368.45032,23.298737,0,64,768.98376,18.173622,41.780884
8/31/2026 2:39,41479.414,42880.023,27.975008,24.108345,1.0185367,27.872015,5.7402196,78.092804,122.27663,0.7360988,7.6001253,-54.192543,371.14444,23.289871,0,64,768.98376,18.02766,41.451397
8/31/2026 3:09,41493.645,42888.96,27.981676,24.100077,1.0185398,27.877825,5.5371866,75.3425,117.968834,0.7611225,7.564287,-52.15168,350.6643,23.29669,0,64,768.98376,17.76898,40.865803
8/31/2026 3:39,41364.062,42767.434,27.89305,24.175575,1.018477,27.798832,5.2083135,70.813034,110.87957,0.24782531,7.5239954,-49.853325,364.51166,23.281988,0,64,768.98376,17.462227,40.172935
8/31/2026 4:09,41183.844,42576.06,27.754303,24.281366,1.0183705,27.674438,5.136929,69.79407,109.28292,0.327305,7.501383,-48.565865,331.47638,23.287985,0,64,768.98376,17.127392,39.419365
8/31/2026 4:39,40809.605,42259.902,27.522936,24.504034,1.0182195,27.468937,5.0103106,67.88083,106.30277,0.049577083,7.4806156,-47.369003,325.5302,23.20322,0,64,768.98376,16.763094,38.59906
8/31/2026 5:09,40417.09,41913.344,27.270182,24.742008,1.0180489,27.243673,4.669879,63.09531,98.82085,0.10793685,7.430329,-44.493675,342.48175,23.130959,0,64,768.98376,16.390017,37.76073
8/31/2026 5:39,39349.33,40895.188,26.532139,25.413395,1.0175219,26.581873,4.4452505,59.687927,93.50175,0.040158045,7.380195,-41.623116,361.49326,23.020916,0,64,768.98376,16.00658,36.910233
8/31/2026 6:09,37903.016,39498.54,25.524864,26.383125,1.0167986,25.67405,4.1008983,54.611828,85.56975,0.044148132,7.336452,-39.114952,351.13635,22.885105,0,64,768.98376,15.681891,36.200115
8/31/2026 6:39,34731.438,36391.105,23.30433,28.792358,1.0151966,23.654219,3.8898795,50.889927,79.77457,0.041346937,7.275437,-35.6102,281.95206,22.61223,0,64,768.98376,15.397199,35.60959
8/31/2026 7:09,32646.287,34335.695,21.850662,30.631355,1.0141498,22.318203,4.1243753,53.322697,83.61429,0.038747456,7.2065935,-31.676292,251.99237,22.423943,0,64,768.98376,15.179082,35.149437
8/31/2026 7:39,30224.406,31925.738,20.162155,33.085846,1.0129321,20.75173,4.1354947,52.738842,82.72782,0.036180314,7.1879315,-30.593872,236.96724,22.20993,0,64,768.98376,15.054004,34.904984
8/31/2026 8:09,26639.545,28203.684,17.591974,37.538177,1.011023,18.332396,4.4451528,55.731518,87.43838,0.03458026,7.1900716,-30.703545,261.63403,22.096405,0,64,768.98376,15.064744,34.994637
8/31/2026 8:39,24206.375,25616.076,15.831246,41.31143,1.0096902,16.65045,4.7645917,59.1533,92.80353,0.03571036,7.196332,-31.061172,283.6496,22.118748,0,64,768.98376,15.188451,35.32174
8/31/2026 9:09,40575.97,42046.6,27.367579,24.64513,1.0181118,27.33029,3.5073297,47.446457,74.306526,0.04487548,7.3873653,-42.05227,266.16876,23.168783,0,64,768.98376,15.515096,35.77628
8/31/2026 9:39,40704.8,42066.65,27.385458,24.567127,1.0180873,27.34332,4.136382,56.09736,87.83416,0.048654847,7.4111257,-43.42556,305.2551,23.30505,0,64,768.98376,15.859642,36.556953
8/31/2026 10:09,41073.645,42213.434,27.498575,24.346512,1.0180933,27.438732,5.444214,74.250694,116.200554,0.04582897,7.5544486,-51.641464,302.62772,23.586357,0,64,768.98376,16.219858,37.37336
8/31/2026 10:39,41665.953,42859.11,27.966103,24.00041,1.0184588,27.858421,5.743069,78.4768,122.82376,0.17258838,7.590955,-53.715706,287.54535,23.542458,0,64,768.98376,16.612524,38.24851
8/31/2026 11:09,41780.65,42888.543,27.990047,23.934526,1.0184472,27.877554,6.0385284,82.67842,129.3758,0.17030792,7.626562,-55.766106,274.02225,23.647543,0,64,768.98376,17.019136,39.16765
8/31/2026 11:39,41789.05,42863.93,27.97311,23.929712,1.0184232,27.861553,6.57557,90.08549,140.95659,0.9005535,7.685685,-59.14688,269.99298,23.687094,0,64,768.98376,17.457193,40.163017
8/31/2026 12:09,41694.246,42796.234,27.92308,23.984125,1.0183953,27.817553,6.76082,92.53929,144.80504,0.8711611,7.703695,-60.167313,289.69113,23.651854,0,64,768.98376,17.844526,41.04149
8/31/2026 12:39,41657.215,42711.664,27.862978,24.005445,1.0183342,27.76258,7.1340504,97.70984,152.88086,1.0005562,7.738512,-62.16526,307.1243,23.707453,0,64,768.98376,18.176199,41.796196
8/31/2026 13:09,41611.07,42612.707,27.792582,24.032066,1.0182635,27.69826,7.4204693,101.70205,159.10977,1.0296308,7.765606,-63.724518,313.98596,23.76934,0,64,768.98376,18.422623,42.356644
8/31/2026 13:39,41533.77,42472.61,27.692581,24.076794,1.0181671,27.607197,7.7230425,105.92462,165.69421,1.3356733,7.7952337,-65.431595,322.65488,23.842693,0,64,768.98376,18.590164,42.739697
8/31/2026 14:09,41513.55,42521.465,27.726091,24.08852,1.0182163,27.638952,5.8874273,80.645355,126.16954,1.7247399,7.774251,-64.21566,357.57843,23.758972,0,64,768.98376,18.623333,42.813305
8/31/2026 14:39,41589.65,42543.36,27.74356,24.044445,1.0182103,27.653183,7.150635,98.07458,153.41916,1.0633084,7.7345676,-61.96499,351.56073,23.826317,0,64,768.98376,18.54035,42.625164
8/31/2026 15:09,42027.156,42574.074,27.777153,23.79414,1.0180919,27.673147,8.001207,110.72852,173.05711,1.1570854,7.796952,-65.636635,357.70718,24.32742,0,64,768.98376,18.353695,42.20821
8/31/2026 15:39,42167.14,42577.203,27.783045,23.715149,1.0180476,27.675182,8.130302,112.84941,176.31718,1.4805834,7.801053,-65.90843,358.55118,24.495758,0,64,768.98376,18.07772,41.584152
8/31/2026 16:09,42382.793,42607.418,27.80979,23.59448,1.0180012,27.694822,7.8081636,108.8252,169.95757,0.88762665,7.7603617,-63.62915,364.34476,24.723982,0,64,768.98376,17.757256,40.861137
8/31/2026 16:39,42456.676,42602.895,27.808474,23.553421,1.017972,27.691883,7.4166327,103.54048,161.67494,0.37003297,7.708551,-60.682297,350.14453,24.82031,0,64,768.98376,17.376005,39.998318
8/31/2026 17:09,42484.098,42501.418,27.737877,23.53822,1.0178723,27.625921,7.1658325,100.273056,156.52612,0.4685823,7.676784,-58.894157,365.7228,24.978664,0,64,768.98376,16.978577,39.100967
8/31/2026 17:39,42427.008,42305.855,27.599094,23.569893,1.0177175,27.498806,6.9305406,97.19107,151.66565,0.38599727,7.6460056,-57.16324,369.38968,25.149935,0,64,768.98376,16.601254,38.252216
8/31/2026 18:09,42145.082,41940.59,27.33586,23.72756,1.0174882,27.261385,6.2974687,88.34144,137.82799,0.26117414,7.555204,-51.97525,360.19626,25.255274,0,64,768.98376,16.222929,37.401863
8/31/2026 18:39,41481.113,41267.387,26.84824,24.107357,1.0171167,26.823803,5.736079,80.26532,125.22403,0.056266382,7.5077724,-49.25728,348.2086,25.271154,0,64,768.98376,15.901309,36.685955
8/31/2026 19:09,40429.28,40287.598,26.138803,24.734549,1.0166087,26.18694,5.2228317,72.67981,113.40864,0.11827296,7.495051,-48.513412,368.7698,25.184128,0,64,768.98376,15.565895,35.944267
8/31/2026 19:39,37928.844,37843.867,24.383604,26.36516,1.0153086,24.598515,5.7792506,79.53199,124.11652,0.11595826,7.470454,-47.092438,363.06683,25.117561,0,64,768.98376,15.313979,35.415756
8/31/2026 20:09,34706.164,34655.473,22.119265,28.813326,1.0136195,22.526058,6.080084,82.54201,128.82402,0.079439536,7.4793015,-47.593117,304.08206,25.076584,0,64,768.98376,15.183049,35.17611
8/31/2026 20:39,30208.988,30295.385,19.067947,33.10273,1.0113934,19.692001,6.264873,83.25496,129.99236,0.046493057,7.430399,-44.755936,324.0234,24.85069,0,64,768.98376,15.141237,35.156345
8/31/2026 21:09,26238.373,26513.816,16.466208,38.112118,1.009551,17.233982,6.6024914,85.84549,134.13579,0.045704503,7.456192,-46.172142,347.5601,24.45609,0,64,768.98376,15.264228,35.50096
8/31/2026 21:39,38990.207,39502.176,25.557785,25.647467,1.0164216,25.676414,1.7901083,24.458078,38.22583,0.2080106,7.345142,-39.801598,342.75357,24.32144,0,64,768.98376,15.513233,35.83003
8/31/2026 22:09,40079.465,40650.133,26.383005,24.950434,1.0170592,26.422586,6.556816,89.92024,140.55196,0.6019138,7.640047,-56.653023,355.9238,24.265,0,64,768.98376,15.825967,36.51778
8/31/2026 22:39,39520.8,40146.453,26.018412,25.303131,1.0168077,26.095194,7.5552335,103.249855,161.4109,0.74051493,7.7488637,-62.856674,349.72968,24.184072,0,64,768.98376,16.149391,37.2598
8/31/2026 23:09,40820.94,41520.13,27.008482,24.49723,1.0175725,26.988083,7.7970853,107.037735,167.35245,1.6155407,7.8448257,-68.326,303.36682,24.118341,0,64,768.98376,16.47418,37.968742
8/31/2026 23:39,41211.46,41938.375,27.310764,24.265095,1.0178078,27.259945,7.772976,106.84362,167.05681,1.0985793,7.8362503,-67.830086,272.72525,24.092518,0,64,768.98376,16.861774,38.837368
9/1/2026 0:09,41505.77,42298.69,27.570383,24.093037,1.0180248,27.49415,7.946974,109.25629,170.85196,1.0883238,7.862508,-69.31305,281.26065,24.018547,0,64,768.98376,17.24964,39.708885
9/1/2026 0:39,41649.785,42469.29,27.69354,24.009727,1.0181259,27.605038,8.084501,111.16941,173.85269,1.2494234,7.8846664,-70.5719,304.05347,23.98972,0,64,768.98376,17.605547,40.51056
9/1/2026 1:09,41682.184,42490.977,27.709599,23.991066,1.0181341,27.619135,8.057682,110.83745,173.32927,1.3554318,7.8842754,-70.552826,331.51453,24.003431,0,64,768.98376,17.916357,41.214855
9/1/2026 1:39,41626.71,42437.48,27.67068,24.023037,1.0181059,27.584362,7.955644,109.40219,171.0859,1.3018726,7.872436,-69.87572,341.7236,23.999735,0,64,768.98376,18.152327,41.751366
9/1/2026 2:09,41561.848,42385.2,27.632355,24.060528,1.0180817,27.55038,7.80462,107.27041,167.75723,1.6303878,7.856642,-68.96973,366.3284,23.982962,0,64,768.98376,18.301197,42.08806
9/1/2026 2:39,41532.125,42363.594,27.616438,24.077747,1.0180726,27.536335,7.631162,104.85733,163.9866,2.0763812,7.8378153,-67.892075,377.17645,23.97241,0,64,768.98376,18.313517,42.11775
9/1/2026 3:09,41521.977,42355.89,27.610771,24.083632,1.0180694,27.53133,7.4112787,101.82705,159.24843,1.3120039,7.8111105,-66.366196,383.1226,23.969202,0,64,768.98376,18.224688,41.916363
9/1/2026 3:39,41418.133,42268.95,27.547178,24.144014,1.0180279,27.474817,6.9200068,95.00391,148.58382,0.9820112,7.7550883,-63.16185,381.72546,23.946144,0,64,768.98376,17.996763,41.401134
9/1/2026 4:09,41188.457,42064.332,27.397987,24.278646,1.0179259,27.341816,6.467378,88.65738,138.667,0.51903087,7.693092,-59.61418,388.90662,23.909826,0,64,768.98376,17.730003,40.800884
9/1/2026 4:39,40989.984,41890.203,27.271034,24.396204,1.0178399,27.228632,6.210955,85.02795,132.99864,0.1700544,7.655046,-57.435036,386.05515,23.874872,0,64,768.98376,17.412918,40.086586
9/1/2026 5:09,40439.316,41382.418,26.902088,24.72841,1.0175811,26.898571,5.929188,80.90167,126.5598,0.06951929,7.60791,-54.73137,391.205,23.806808,0,64,768.98376,17.079758,39.341095
9/1/2026 5:39,38542.438,39551.14,25.579811,25.945427,1.0166241,25.70824,5.5148506,74.49151,116.561325,0.044841997,7.5388308,-50.764084,385.76428,23.664726,0,64,768.98376,16.725454,38.572914
9/1/2026 6:09,28917.842,29959.928,18.815144,34.580727,1.0116618,19.473953,5.5300794,71.22207,111.53989,0.04598636,7.414464,-43.59722,391.63416,23.178919,0,64,768.98376,16.368698,37.94577
9/1/2026 6:39,19829.318,20737.645,12.57438,50.430378,1.0070889,13.479469,5.5423217,68.26219,106.99025,0.60209626,7.2551126,-34.46579,402.65384,22.706762,0,64,768.98376,16.069984,37.43145
9/1/2026 7:09,13035.067,13718.817,8.028363,76.71613,1.0037463,8.917232,5.664708,67.56002,105.9454,0.7699191,7.147311,-28.305054,408.6429,22.390558,0,64,768.98376,15.788646,36.90664
9/1/2026 7:39,9610.814,10155.068,5.803287,104.04945,1.0021173,6.600795,5.4015656,63.361767,99.39387,0.63827825,7.0571795,-23.169518,381.3869,22.194012,0,64,768.98376,15.533274,36.379177
9/1/2026 8:09,8650.724,9154.698,5.1908154,115.59727,1.0016736,5.950554,5.166731,60.305214,94.61086,0.04910293,7.012187,-20.618439,396.98425,22.117754,0,64,768.98376,15.349745,35.97155
9/1/2026 8:39,7210.4175,7642.3354,4.2765937,138.68822,1.0010018,4.9675183,5.530142,64.11198,100.59569,0.25895318,6.9839544,-19.03534,405.553,22.041021,0,64,768.98376,15.295809,35.871983
9/1/2026 9:09,7034.189,7443.7383,4.157828,142.1628,1.0008938,4.83843,5.8685327,68.089676,106.82337,0.6654936,7.000072,-19.94133,413.34454,22.119408,0,64,768.98376,15.325561,35.943718
9/1/2026 9:39,6595.066,6978.3057,3.8802028,151.62851,1.000683,4.5358987,5.721147,66.2796,103.98271,0.53589696,6.9857345,-19.140244,403.45016,22.124676,0,64,768.98376,15.543438,36.45316
9/1/2026 10:09,41356.363,42477.1,27.690578,24.180077,1.0182292,27.610117,5.252342,71.75373,112.28648,0.6540499,7.4822936,-47.531128,324.3715,23.61861,0,64,768.98376,15.835223,36.49713
9/1/2026 10:39,40568.785,41683.715,27.115276,24.649494,1.0178005,27.094416,5.670036,77.178215,120.77922,0.1809024,7.5968757,-54.063797,344.77536,23.599613,0,64,768.98376,16.174065,37.278584
9/1/2026 11:09,40348.64,41435.582,26.936457,24.783983,1.017658,26.933128,6.440033,87.61063,137.0988,0.7025196,7.681299,-58.88462,351.34616,23.626589,0,64,768.98376,16.546083,38.128014
9/1/2026 11:39,39997.45,41070.812,26.673069,25.001595,1.0174578,26.696028,6.871539,93.34774,146.07529,1.4343512,7.717224,-60.93502,346.2011,23.631704,0,63,768.98376,16.909405,38.958492
9/1/2026 12:09,40107.598,41142.707,26.726124,24.932932,1.0174835,26.74276,7.0917573,96.45569,150.92517,2.0865476,7.7528105,-62.975883,355.4088,23.682774,0,63,768.98376,17.356472,39.97014
9/1/2026 12:39,40535.004,41533.086,27.00957,24.670036,1.0176805,26.996506,7.06763,96.38465,150.79825,1.577015,7.751254,-62.89959,361.43604,23.74183,0,63,768.98376,17.738682,40.828907
9/1/2026 13:09,40702.227,41684.203,27.119457,24.56868,1.0177565,27.094732,7.172411,97.91814,153.1907,1.890714,7.761856,-63.50994,374.63013,23.76662,0,63,768.98376,18.089697,41.621525
9/1/2026 13:39,40944.562,41911.85,27.284834,24.423267,1.017874,27.242704,7.293933,99.7157,155.99599,1.5014129,7.7752967,-64.28242,372.85153,23.791668,0,63,768.98376,18.401585,42.32428
9/1/2026 14:09,41125.043,42083.09,27.409267,24.316084,1.0179632,27.35401,7.1667714,98.0757,153.4259,1.1467909,7.7533474,-63.033104,374.42032,23.808086,0,63,768.98376,18.60134,42.773857
9/1/2026 14:39,41372.082,42329.254,27.58795,24.170889,1.0180959,27.514015,6.8869452,94.356514,147.6056,1.074512,7.744045,-62.503815,368.98438,23.816097,0,63,768.98376,18.728518,43.05777
9/1/2026 15:09,41419.938,42373.508,27.620182,24.142963,1.0181185,27.54278,6.0081434,82.339745,128.806,0.64640033,7.6508822,-57.18708,382.44073,23.821785,0,63,768.98376,18.707235,43.008236
9/1/2026 15:39,41231.11,42142.625,27.453785,24.25353,1.0179799,27.392706,6.9188585,94.80645,148.29587,0.5636793,7.7129517,-60.739517,371.38287,23.867579,0,63,768.98376,18.558804,42.67687
9/1/2026 16:09,41009.574,41869.062,27.256853,24.38455,1.0178151,27.21489,7.0091896,96.0328,150.19862,0.5358894,7.71976,-61.14006,387.06604,23.925238,0,63,768.98376,18.343433,42.19559
9/1/2026 16:39,40972.75,41794.094,27.203579,24.406466,1.0177618,27.16616,6.896491,94.536125,147.8456,0.75775194,7.700224,-60.0338,377.55792,23.971094,0,63,768.98376,18.044392,41.520756
9/1/2026 17:09,40823.207,41633.06,27.087234,24.49587,1.0176709,27.061487,6.691814,91.68598,143.38557,0.58534825,7.6671247,-58.145523,380.9959,23.981564,0,63,768.98376,17.713234,40.772293
9/1/2026 17:39,40284.7,41074.48,26.683651,24.82332,1.0173633,26.698414,6.8298454,93.37986,146.03146,0.25104073,7.6801085,-58.88939,366.26642,23.9933,0,63,768.98376,17.3567,39.977272
9/1/2026 18:09,38236.527,39042.88,25.220417,26.153002,1.0162818,25.377872,6.683263,90.492805,141.53554,0.8206326,7.652309,-57.287216,386.7704,23.918694,0,63,768.98376,17.006104,39.223957
9/1/2026 18:39,35167.637,36046.31,23.081572,28.435234,1.0147253,23.430101,6.476162,86.319695,135.05548,0.72852874,7.6069245,-54.659843,378.8406,23.723763,0,63,768.98376,16.668734,38.5149
9/1/2026 19:09,30880.521,31808.605,20.101263,32.382874,1.0125507,20.675594,6.077779,79.27634,124.09038,0.72407,7.512227,-49.214363,393.84668,23.472403,0,63,768.98376,16.382828,37.944668
9/1/2026 19:39,24313.527,25159.334,15.535282,41.129368,1.0091784,16.353567,6.0255885,76.23561,119.378975,0.44858232,7.406104,-43.12992,389.88416,23.239895,0,63,768.98376,16.09926,37.422546
9/1/2026 20:09,20807.336,21645.58,13.178102,48.059975,1.0074754,14.069628,5.2694716,65.44837,102.534,0.20307474,7.2640357,-35.004616,395.71588,22.972466,0,63,768.98376,15.84735,36.90808
9/1/2026 20:39,18404.213,19263.344,11.603709,54.335384,1.0063692,12.5211735,5.45598,66.7712,104.66068,0.14034936,7.195824,-31.089783,403.9413,22.664959,0,63,768.98376,15.644913,36.483818
9/1/2026 21:09,17959.62,18847.521,11.330505,55.68047,1.0061967,12.250889,5.134941,62.590076,98.12847,0.101126865,7.1467347,-28.28598,405.9154,22.533522,0,63,768.98376,15.550692,36.27453
9/1/2026 21:39,16732.133,17627.768,10.534453,59.765244,1.0056455,11.45805,4.6780972,56.554886,88.6949,0.048594955,7.106763,-25.997162,394.8957,22.339886,0,63,768.98376,15.601052,36.408466
9/1/2026 22:09,38724.477,39870.117,25.805288,25.823462,1.0168414,25.915577,4.741322,63.934345,100.07167,0.42016256,7.3139634,-37.913322,313.90967,23.495586,0,63,768.98376,15.739321,36.328022
9/1/2026 22:39,39530.21,40593.348,26.328632,25.297108,1.0171988,26.385677,6.0989494,82.68421,129.38914,1.380238,7.638326,-56.433678,319.49823,23.6288,0,63,768.98376,16.017649,36.94725
9/1/2026 23:09,37931.812,39126.496,25.269709,26.363096,1.0164639,25.432222,5.866322,78.729,123.24888,1.4641192,7.617837,-55.22251,344.72766,23.401365,0,63,768.98376,16.287216,37.58433
9/1/2026 23:39,38544.457,39800.96,25.752357,25.944067,1.0168428,25.870625,5.7843513,77.77013,121.759285,1.2333015,7.647633,-56.910515,325.28226,23.34714,0,63,768.98376,16.585197,38.245995
9/2/2026 0:09,38600.305,39909.71,25.829031,25.90653,1.0169188,25.94131,5.8676825,78.83426,123.439224,1.310541,7.669694,-58.15506,352.21402,23.282238,0,63,768.98376,16.940836,39.050503
9/2/2026 0:39,38974.348,40279.44,26.095333,25.657902,1.0171138,26.181639,6.0213575,81.05405,126.910286,1.1446973,7.676064,-58.522224,349.0955,23.303616,0,63,768.98376,17.29523,39.84658
9/2/2026 1:09,39451.66,40751.77,26.436054,25.347475,1.0173637,26.48865,5.8790646,79.330894,124.20665,1.48596,7.6580677,-57.501793,366.63358,23.32968,0,63,768.98376,17.652233,40.6462
9/2/2026 1:39,40087.1,41356.027,26.873573,24.94568,1.017676,26.881418,5.6945405,77.12244,120.73551,2.0289216,7.65007,-57.058334,364.0062,23.39356,0,63,768.98376,17.963331,41.339504
9/2/2026 2:09,40379.117,41666.547,27.097757,24.765276,1.0178483,27.083256,5.617958,76.168304,119.24414,1.7256682,7.64718,-56.89144,365.85632,23.382284,0,63,768.98376,18.212744,41.89843
9/2/2026 2:39,40850.414,42147.543,27.44609,24.479555,1.0181096,27.395905,5.5957813,76.02878,119.024376,1.5844136,7.6474934,-56.910515,359.543,23.388695,0,63,768.98376,18.390211,42.28988
9/2/2026 3:09,40744.812,42061.59,27.383158,24.543001,1.0180697,27.340034,1.5086375,20.480043,32.06341,1.2063407,7.520165,-49.648285,365.6656,23.360947,0,63,768.98376,18.422058,42.36424
9/2/2026 3:39,40760.74,42070.016,27.389492,24.533413,1.0180719,27.34551,3.2148316,43.651016,68.33857,2.0032206,7.51336,-49.262047,308.68353,23.370607,0,63,768.98376,18.373636,42.25354
9/2/2026 4:09,40167.473,41585.26,27.034958,24.895765,1.0178478,27.03042,4.9935985,67.478325,105.670296,1.3296626,7.5454545,-51.06449,349.58664,23.214998,0,63,768.98376,18.179968,41.823578
9/2/2026 4:39,40245.6,41614.3,27.05748,24.847435,1.0178471,27.049295,4.8507266,65.6295,102.76387,0.5995444,7.5083575,-48.96164,368.98914,23.278004,0,63,768.98376,17.930302,41.258675
9/2/2026 5:09,40072.31,41488.28,26.964828,24.95489,1.0177953,26.967382,4.4670424,60.336536,94.48661,0.08859941,7.4503694,-45.64762,386.7084,23.213114,0,63,768.98376,17.635427,40.591938
9/2/2026 5:39,39421.883,40933.895,26.56113,25.366623,1.0175313,26.607033,4.136326,55.59387,87.081635,0.10823926,7.3955774,-42.505264,387.6144,23.066078,0,63,768.98376,17.305374,39.854675
9/2/2026 6:09,38468.863,40098.996,25.95553,25.995049,1.0171276,26.064346,3.641611,48.60469,76.15906,0.04750068,7.3653116,-40.755272,388.02448,22.871584,0,63,768.98376,16.971977,39.114723
9/2/2026 6:39,37023.67,38759.504,24.990484,27.009747,1.0164578,25.193678,3.5078773,46.37861,72.69745,0.044366803,7.3261676,-38.499832,350.83594,22.655249,0,63,768.98376,16.619379,38.3388
9/2/2026 7:09,34594.78,36400.42,23.30647,28.906094,1.0152541,23.660275,3.1434147,40.96908,64.24506,0.04423931,7.254393,-34.389496,324.53363,22.402882,0,63,768.98376,16.303568,37.66595
9/2/2026 7:39,31607.389,33487.867,21.249098,31.638172,1.0137912,21.767115,3.5548332,45.495914,71.38373,0.22248049,7.227113,-32.80163,350.3734,22.06,0,63,768.98376,16.000797,37.03166
9/2/2026 8:09,26341.332,28131.867,17.536266,37.963154,1.0110896,18.285713,3.9919899,49.637997,77.931656,0.047676966,7.1761327,-29.86908,365.7562,21.667646,0,63,768.98376,15.770883,36.60363
9/2/2026 8:39,24662.076,26434.264,16.377037,40.548088,1.0102593,17.182272,3.732333,45.944393,72.152916,0.04240378,7.1292167,-27.194023,338.58124,21.489986,0,63,768.98376,15.557321,36.14524
9/2/2026 9:09,23142.184,24823.184,15.287321,43.211136,1.0094457,16.135069,3.472445,42.44617,66.66288,0.04842714,7.110412,-26.125908,336.5976,21.454506,0,63,768.98376,15.459639,35.95099
9/2/2026 9:39,21656.99,23231.607,14.219364,46.17447,1.0086405,15.100545,4.0301867,48.954994,76.88554,0.04343328,7.097533,-25.396347,277.77496,21.451357,0,63,768.98376,15.482352,36.0308
9/2/2026 10:09,29269.91,31060.682,19.557625,34.16478,1.0125351,20.189442,3.446109,43.609863,68.43318,0.04660422,7.079244,-24.404526,282.0522,21.981468,0,63,768.98376,15.639217,36.25232
9/2/2026 10:39,40422.49,41844.086,27.222296,24.738705,1.0179874,27.198656,5.023117,67.95823,106.420654,0.52076,7.5055084,-48.789978,290.26334,23.221272,0,63,768.98376,15.903969,36.66072
9/2/2026 11:09,38631.664,40162.05,26.004011,25.885502,1.0171275,26.105333,5.360745,71.740776,112.385704,0.40152246,7.5253167,-49.881935,311.62085,23.004957,0,63,768.98376,16.21035,37.385983
9/2/2026 11:39,40021.938,41505.016,26.974882,24.986296,1.0178262,26.978262,5.516956,74.41101,116.54401,0.54347384,7.561288,-51.95141,239.85687,23.129189,0,63,768.98376,16.549139,38.12796
9/2/2026 12:09,40372.53,41832.703,27.212866,24.769316,1.0179939,27.191257,5.7593894,77.84762,121.917404,0.49550083,7.593386,-53.78723,241.55441,23.17251,0,63,768.98376,16.908398,38.93538
9/2/2026 12:39,40519.188,41956.86,27.30354,24.679667,1.0180529,27.271957,5.796057,78.43078,122.823616,0.57676435,7.595205,-53.896904,250.33775,23.205996,0,63,768.98376,17.33804,39.90771
9/2/2026 13:09,40669.434,42105.56,27.411404,24.588491,1.0181321,27.368612,6.0058074,81.331604,127.36454,0.67076665,7.6290793,-55.828094,266.23074,23.214256,0,63,768.98376,17.733238,40.799614
9/2/2026 13:39,40770.176,42210.027,27.487066,24.527733,1.0181894,27.43652,6.0230417,81.600296,127.78535,0.84094316,7.6327634,-56.037903,274.86148,23.21405,0,63,768.98376,18.097744,41.622105
9/2/2026 14:09,40738.33,42193.742,27.474775,24.546907,1.0181856,27.425934,6.189814,83.82405,131.27225,0.38487375,7.6531715,-57.196617,280.7266,23.194054,0,63,768.98376,18.384052,42.272903
9/2/2026 14:39,40649.984,42108.785,27.413046,24.600256,1.0181413,27.37071,6.2633553,84.7779,132.76782,0.85286254,7.6582212,-57.48272,252.86023,23.186195,0,63,768.98376,18.624773,42.820286
9/2/2026 15:09,40606.242,42084.508,27.394829,24.626755,1.0181346,27.35493,6.2360725,84.362,132.12224,1.002484,7.651944,-57.120323,305.6604,23.160934,0,63,768.98376,18.770535,43.150257
9/2/2026 15:39,40654.785,42127.19,27.425968,24.597351,1.0181555,27.382675,5.5578923,75.213356,117.79238,0.33804566,7.588371,-53.50113,322.65012,23.17008,0,63,768.98376,18.766535,43.139954
9/2/2026 16:09,40540.953,42012.414,27.342766,24.666416,1.0180937,27.30807,5.7997346,78.44297,122.851105,0.44033048,7.587546,-53.453445,322.3354,23.16626,0,63,768.98376,18.678265,42.94226
9/2/2026 16:39,40381.242,41845.785,27.222204,24.763973,1.0180023,27.19976,5.973704,80.74166,126.45088,0.6535028,7.6045365,-54.421425,311.7544,23.167614,0,63,768.98376,18.474813,42.4857
9/2/2026 17:09,40554.27,41981.47,27.321693,24.658316,1.0180628,27.287954,5.5913167,75.68719,118.52425,0.09004587,7.551968,-51.436424,306.16583,23.22011,0,63,768.98376,18.195005,41.84925
9/2/2026 17:39,40491.465,41917.7,27.275501,24.696562,1.0180283,27.246506,5.5231967,74.743126,117.04617,0.049815334,7.5355663,-50.501823,307.21967,23.218609,0,63,768.98376,17.92168,41.231647
9/2/2026 18:09,40348.207,41721.48,27.134958,24.784248,1.017906,27.118961,5.3439894,72.33396,113.2621,0.049002733,7.500578,-48.51818,325.00568,23.276688,0,63,768.98376,17.536892,40.363884
9/2/2026 18:39,39926.06,41291.137,26.823757,25.046299,1.0176731,26.83924,5.415549,73.16125,114.55898,0.54556006,7.4872932,-47.76001,335.4198,23.269117,0,63,768.98376,17.170551,39.54309
9/2/2026 19:09,39417.957,40793.035,26.463604,25.369148,1.0174109,26.515474,5.382528,72.520454,113.56227,0.49488458,7.4791865,-47.29271,346.8353,23.23515,0,63,768.98376,16.789986,38.690773
9/2/2026 19:39,38508.94,39906.918,25.824394,25.967995,1.0169475,25.939497,5.065606,67.915504,106.3639,0.10371298,7.437353,-44.898987,327.06085,23.165918,0,63,768.98376,16.469358,37.979282
9/2/2026 20:09,36770.445,38189.426,24.59225,27.195755,1.0160484,24.823126,4.3187623,57.377937,89.877945,0.047434166,7.357499,-40.335655,321.8538,23.054642,0,63,768.98376,16.158491,37.308865
9/2/2026 20:39,31549.557,32935.832,20.876696,31.696167,1.0133164,21.40829,5.021055,64.988434,101.84381,0.09417178,7.3126845,-37.751198,332.19638,22.796324,0,63,768.98376,15.901818,36.822514
9/2/2026 21:09,27647.969,28996.693,18.142776,36.16902,1.0113174,18.84785,5.3798976,68.2517,106.99919,0.12916061,7.2841783,-36.10134,350.94562,22.56476,0,63,768.98376,15.676754,36.380486
9/2/2026 21:39,25020.086,26360.262,16.33849,39.967888,1.0100164,17.13417,5.253591,65.68237,103.0098,0.04524036,7.2410088,-33.621788,291.4125,22.338179,0,63,768.98376,15.461828,35.935986
9/2/2026 22:09,22281.975,23579.277,14.459798,44.879326,1.0086565,15.32653,5.1838436,63.84882,100.17003,0.04023446,7.195238,-30.999184,300.40564,22.119434,0,63,768.98376,15.426924,35.90273
9/2/2026 22:39,18507.617,19715.762,11.893402,54.031807,1.0068038,12.815246,5.265186,63.50068,99.67642,0.040678583,7.1535378,-28.600693,336.24475,21.791721,0,63,768.98376,15.48278,36.096928
9/2/2026 23:09,37288.324,38815.85,25.037252,26.818047,1.0164156,25.230305,3.9251397,52.17509,81.74412,0.06160398,7.297115,-36.883354,320.98117,22.939625,0,63,768.98376,15.675612,36.19852
9/2/2026 23:39,39156.97,40791.75,26.454697,25.538239,1.0174963,26.514639,4.912142,65.7874,103.077515,0.16530764,7.494534,-48.11287,306.08478,22.901766,0,63,768.98376,15.907936,36.68716
9/3/2026 0:09,36751.043,38472.207,24.785303,27.210112,1.0163022,25.006935,5.5092335,72.75585,114.04271,0.1767977,7.5064692,-48.75183,329.3306,22.657707,0,63,768.98376,16.227816,37.45522
9/3/2026 0:39,37965.652,39711,25.672834,26.339598,1.0169612,25.81215,5.8063335,77.13141,120.892975,0.33876327,7.558925,-51.7416,265.11493,22.698889,0,63,768.98376,16.5374,38.134155
9/3/2026 1:09,38837.367,40542.113,26.272413,25.748398,1.0173869,26.352375,5.912584,78.95692,123.73347,0.5642769,7.5891314,-53.477287,219.97754,22.798494,0,63,768.98376,16.875727,38.88485
9/3/2026 1:39,39262.953,40939.27,26.559877,25.469301,1.0175883,26.610525,5.9333572,79.448105,124.49109,0.39840624,7.5974126,-53.958893,244.25809,22.856207,0,63,768.98376,17.2318,39.684475
9/3/2026 2:09,39502.004,41175.305,26.730482,25.315172,1.0177127,26.763948,5.974193,80.09696,125.50439,0.5681539,7.6058245,-54.4405,248.47809,22.872332,0,63,768.98376,17.561575,40.42627
9/3/2026 2:39,39994.613,41660.227,27.0815,25.003366,1.0179683,27.079147,6.09703,81.96042,128.41676,0.63979733,7.627332,-55.67074,266.9269,22.906761,0,63,768.98376,17.823307,41.010124
9/3/2026 3:09,40184.824,41835.555,27.208954,24.885015,1.0180571,27.193111,6.0673037,81.66067,127.941154,0.71794456,7.627409,-55.680275,309.36542,22.934158,0,63,768.98376,18.072279,41.57079
9/3/2026 3:39,40427.74,42057.152,27.370249,24.735493,1.0181687,27.33715,5.917416,79.77075,124.97219,0.77876735,7.6124573,-54.836273,334.03223,22.971579,0,63,768.98376,18.212444,41.884663
9/3/2026 4:09,40325.785,41962.22,27.301197,24.798029,1.0181202,27.275442,5.51512,74.30028,116.40455,0.44409773,7.5409536,-50.764084,353.03894,22.95823,0,63,768.98376,18.237043,41.942688
9/3/2026 4:39,40359.99,41994.79,27.32486,24.777014,1.018137,27.296612,4.964983,66.90218,104.8135,0.39740932,7.5151396,-49.295425,324.36673,22.961851,0,63,768.98376,18.184244,41.821247
9/3/2026 5:09,40101.312,41763.324,27.156277,24.93684,1.0180223,27.146162,5.3877845,72.47001,113.54516,0.58052117,7.527757,-50.005913,341.53763,22.916441,0,63,768.98376,17.973896,41.349373
9/3/2026 5:39,39963.727,41638.473,27.065466,25.022692,1.0179598,27.065006,4.9574785,66.62067,104.384415,0.051307954,7.471763,-46.815872,356.7058,22.89418,0,63,768.98376,17.729689,40.799953
9/3/2026 6:09,39774.883,41470.79,26.943432,25.141495,1.0178772,26.956013,4.6516776,62.427788,97.820656,0.043665558,7.413615,-43.501854,365.11722,22.858953,0,63,768.98376,17.445288,40.156757
9/3/2026 6:39,39549.906,41272.59,26.79923,25.28451,1.0177805,26.827183,4.600367,61.63892,96.591774,0.18908115,7.3988934,-42.657852,353.91632,22.814703,0,63,768.98376,17.127707,39.441822
9/3/2026 7:09,38871.688,40631.47,26.335096,25.725664,1.0174524,26.410454,4.429949,59.109154,92.64032,0.12360566,7.3726916,-41.155815,362.54706,22.73242,0,63,768.98376,16.825903,38.77038
9/3/2026 7:39,36829.746,38630.58,24.896133,27.151966,1.0164125,25.109877,4.2313404,55.816673,87.50541,0.043292336,7.3260517,-38.48076,350.47833,22.559334,0,63,768.98376,16.488165,38.043262
9/3/2026 8:09,33609.92,35385.215,22.588375,29.753119,1.01472,23.00039,4.00963,52.013577,81.568306,0.035181433,7.2605815,-34.737587,371.66898,22.373276,0,63,768.98376,16.192171,37.432266
9/3/2026 8:39,28647.365,30317.656,19.045927,34.907223,1.0121145,19.706478,4.134095,52.28961,82.03576,0.039817784,7.1818027,-30.236244,363.53888,22.11555,0,63,768.98376,15.932926,36.935608
9/3/2026 9:09,25019.434,26535.84,16.453352,39.96893,1.010187,17.248295,4.4182215,54.938835,86.20704,0.039379753,7.132492,-27.427673,360.6397,22.008083,0,63,768.98376,15.68647,36.44294
9/3/2026 9:39,22855.848,24248.16,14.907228,43.75248,1.0090252,15.761305,4.462802,54.98222,86.27713,0.038087804,7.102929,-25.749207,317.71008,21.993755,0,63,768.98376,15.542564,36.15436
9/3/2026 10:09,21281.193,22521.879,13.753097,46.989845,1.0081251,14.639221,4.25068,52.137318,81.796776,0.03358579,7.0941715,-25.262833,310.0473,22.115808,0,63,768.98376,15.442023,35.956272
9/3/2026 10:39,19489.418,20531.154,12.434946,51.309895,1.0070754,13.345251,5.3042593,64.83889,101.68609,0.03177367,7.0991178,-25.56324,334.25156,22.343493,0,63,768.98376,15.499745,36.126503
9/3/2026 11:09,38124.797,39747.78,25.70311,26.229649,1.0169395,25.836058,3.3575833,44.740795,70.10581,0.041399054,7.173503,-29.84047,314.5248,22.862196,0,63,768.98376,15.626463,36.068733
9/3/2026 11:39,40439.22,41874.715,27.244064,24.72847,1.0180084,27.218565,5.78284,78.22398,122.49995,0.04897306,7.553604,-51.527023,319.88446,23.205194,0,63,768.98376,15.886825,36.620705
9/3/2026 12:09,40446.86,41696.75,27.120745,24.723799,1.0178522,27.102888,6.6444163,90.17413,141.15889,0.048988275,7.643839,-56.710243,338.73383,23.43059,0,63,768.98376,16.131128,37.180603
9/3/2026 12:39,41178.215,42288.074,27.553638,24.284685,1.0181239,27.48725,7.2430573,98.8843,154.74077,0.26896027,7.731957,-61.774254,241.89297,23.625904,0,63,768.98376,16.468061,37.93411
9/3/2026 13:09,41334.816,42383.18,27.624474,24.19268,1.0181549,27.549068,7.555871,103.34072,161.69186,0.622244,7.7654305,-63.700676,282.3669,23.704956,0,63,768.98376,16.832756,38.758507
9/3/2026 13:39,41424.88,42414.402,27.648853,24.140083,1.0181524,27.569363,7.840578,107.3886,168.00345,0.74867785,7.794395,-65.369606,268.53387,23.778542,0,63,768.98376,17.19944,39.590103
9/3/2026 14:09,41450.156,42399.008,27.63884,24.12536,1.0181308,27.559355,7.8113575,107.07596,167.49951,0.6091005,7.7935348,-65.33146,293.74423,23.82832,0,63,768.98376,17.560846,40.40972
9/3/2026 14:39,41449.85,42407.703,27.644894,24.125538,1.0181385,27.565006,7.6980247,105.50586,165.0466,0.7082278,7.7858915,-64.89277,297.14886,23.817451,0,63,768.98376,17.866283,41.10054
9/3/2026 15:09,41442.27,42408.12,27.644968,24.129953,1.0181413,27.565279,7.616622,104.372215,163.27611,0.58845156,7.7791624,-64.50653,297.9452,23.807585,0,63,768.98376,18.173035,41.796204
9/3/2026 15:39,41377.14,42347.023,27.600487,24.167934,1.0181094,27.525566,7.415141,101.57329,158.89943,0.7225953,7.7598066,-63.40027,308.25916,23.800879,0,63,768.98376,18.407883,42.329666
9/3/2026 16:09,41287.914,42455.12,27.673239,24.220163,1.0182325,27.595829,7.008081,95.63197,149.66852,0.71988857,7.7192364,-61.035156,337.11258,23.560587,0,63,768.98376,18.529272,42.599873
9/3/2026 16:39,41322.086,42482.22,27.693132,24.200134,1.018245,27.613443,6.834743,93.29317,146.00572,1.1051153,7.6928654,-59.53312,349.54373,23.570225,0,63,768.98376,18.525799,42.591274
9/3/2026 17:09,41394.24,42454.16,27.67569,24.157951,1.0181971,27.595205,6.311886,86.33395,135.08517,0.9307443,7.687253,-59.23748,365.01233,23.692863,0,63,768.98376,18.38937,42.285282
9/3/2026 17:39,41491.176,42317.324,27.582989,24.101511,1.0180459,27.506262,6.960515,95.63288,149.55899,0.14203897,7.7174826,-61.02085,363.06683,23.977869,0,63,768.98376,18.224382,41.916214
9/3/2026 18:09,41546.15,42246.37,27.534956,24.06962,1.0179654,27.460142,6.8287315,94.05041,147.0432,0.087798275,7.6949816,-59.76677,369.09406,24.132214,0,63,768.98376,17.943796,41.284576
9/3/2026 18:39,41647.145,42272.055,27.555645,24.01125,1.0179541,27.476835,6.758041,93.240746,145.75252,0.11779923,7.6776333,-58.79402,372.44623,24.22602,0,63,768.98376,17.646193,40.61066
9/3/2026 19:09,41659.555,42167.574,27.482918,24.004097,1.017858,27.408924,6.780881,93.75097,146.5117,0.9787945,7.659378,-57.77836,382.81265,24.369234,0,63,768.98376,17.287626,39.801575
9/3/2026 19:39,41532.707,41873.07,27.273632,24.07741,1.0176408,27.217495,6.5660806,90.9975,142.1548,0.049558494,7.6381006,-56.60057,373.09473,24.574425,0,63,768.98376,16.934746,39.009407
9/3/2026 20:09,40781.145,40956.453,26.614197,24.521135,1.0170858,26.621695,6.405159,88.74405,138.58237,0.040010236,7.6092873,-54.98886,381.4298,24.775896,0,63,768.98376,16.61733,38.312057
9/3/2026 20:39,39296.94,39392.17,25.488852,25.447273,1.0162107,25.604912,6.154884,84.874794,132.51585,0.04582263,7.555283,-51.91326,379.46527,24.873428,0,63,768.98376,16.295025,37.61225
9/3/2026 21:09,36448.316,36530.35,23.44406,27.43611,1.0146705,23.74473,5.7714796,78.67809,122.838806,0.042058587,7.484254,-47.84584,401.5619,24.882427,0,63,768.98376,16.021786,37.04698
9/3/2026 21:39,34611.594,34723.31,22.163769,28.892054,1.0137231,22.570152,5.511571,74.52248,116.361855,0.036335953,7.420459,-44.18373,399.16815,24.831554,0,63,768.98376,15.738213,36.435543
9/3/2026 22:09,29971.78,30023.293,18.880194,33.36472,1.0112358,19.515142,5.274903,70.0979,109.43693,0.037308708,7.406273,-43.382645,391.41003,24.91017,0,63,768.98376,15.520011,36.02645
9/3/2026 22:39,25892.287,25979.117,16.105677,38.62154,1.0091786,16.886427,5.8934336,76.97379,120.19088,0.043423068,7.343383,-39.76822,371.27795,24.82501,0,63,768.98376,15.373543,35.762947
9/3/2026 23:09,24237.633,24383.676,15.024512,41.258156,1.0084064,15.849389,4.5656805,59.119858,92.33682,0.03474486,7.2920647,-36.81183,367.1104,24.68642,0,63,768.98376,15.316396,35.659214
9/3/2026 23:39,21729.098,21995.953,13.421727,46.02124,1.007292,14.29737,5.364464,68.43472,106.94896,0.036329195,7.219216,-32.606125,381.73022,24.364819,0,63,768.98376,15.378895,35.841904
9/4/2026 0:09,39745.04,40752.348,26.444942,25.160374,1.0172648,26.489027,4.203593,57.104366,89.3481,0.25414774,7.3409863,-39.482117,335.86328,23.705875,0,63,768.98376,15.53677,35.853786
9/4/2026 0:39,40855.074,42026.54,27.362072,24.476765,1.0180033,27.317251,5.6123934,76.42246,119.608955,0.07414175,7.533434,-50.435066,348.30396,23.540607,0,63,768.98376,15.78132,36.38284
9/4/2026 1:09,40444.38,41461.88,26.95748,24.725315,1.0176487,26.950222,6.0770364,82.811615,129.56873,0.041605182,7.603526,-54.46434,335.91095,23.715153,0,63,768.98376,16.049528,37.0038
9/4/2026 1:39,40928.24,41984.89,27.335228,24.433008,1.017943,27.290178,6.3085046,86.10306,134.72641,0.55010545,7.6304593,-55.994987,258.36768,23.682333,0,63,768.98376,16.370321,37.71985
9/4/2026 2:09,41039.04,42103.477,27.421007,24.367043,1.0180095,27.36726,6.259591,85.4685,133.73492,0.6680634,7.631649,-56.061745,293.06238,23.676363,0,63,768.98376,16.698397,38.459656
9/4/2026 2:39,41227.27,42358.633,27.604223,24.25579,1.0181689,27.533112,6.3475976,86.64727,135.59727,1.047465,7.643349,-56.71501,305.58887,23.601614,0,63,768.98376,17.073662,39.304375
9/4/2026 3:09,41141.527,42302.117,27.562334,24.306341,1.018148,27.496376,6.3201213,86.19374,134.89653,1.5510019,7.6408014,-56.562424,309.9138,23.563574,0,63,768.98376,17.353605,39.939457
9/4/2026 3:39,41243.633,42455.297,27.672047,24.246166,1.0182471,27.595943,6.193916,84.43956,132.16458,1.3680133,7.6299562,-55.933,331.91504,23.50577,0,63,768.98376,17.669998,40.652397
9/4/2026 4:09,41102.887,42479.617,27.684713,24.329191,1.0183136,27.611752,5.684943,77.22947,120.92204,1.2150841,7.574393,-52.728653,364.5784,23.303185,0,63,768.98376,17.898418,41.167297
9/4/2026 4:39,41269.008,42724.74,27.860384,24.231258,1.0184706,27.77108,5.3422008,72.53501,113.58878,0.93146616,7.536076,-50.530434,384.01904,23.21611,0,63,768.98376,18.072039,41.555363
9/4/2026 5:09,41225.63,42680.047,27.827942,24.256756,1.0184462,27.742031,4.8699927,66.110794,103.52861,0.73287,7.4902062,-47.917366,392.5449,23.21585,0,63,768.98376,18.102638,41.625393
9/4/2026 5:39,40653.715,42078.63,27.392212,24.597998,1.0181141,27.351109,4.670241,63.252495,99.05064,0.59505767,7.5036507,-48.685074,400.489,23.22706,0,63,768.98376,18.057114,41.53469
9/4/2026 6:09,41036.027,42410.875,27.634853,24.36883,1.0182762,27.56707,4.432601,60.19877,94.256294,0.50637954,7.4964867,-48.2893,410.1259,23.302755,0,63,768.98376,17.887726,41.14481
9/4/2026 6:39,40539.613,41901.793,27.265928,24.66723,1.0179988,27.236166,4.9332523,66.85007,104.67145,0.05773402,7.4739895,-47.006607,410.98895,23.297966,0,63,768.98376,17.693012,40.71476
9/4/2026 7:09,40819.76,42112.03,27.420473,24.497938,1.0180888,27.37282,4.555906,61.89618,96.89876,0.043173846,7.413827,-43.592453,413.47806,23.39338,0,63,768.98376,17.410286,40.070015
9/4/2026 7:39,40680.055,41908.246,27.274632,24.582071,1.0179585,27.24036,4.757699,64.66591,101.22203,0.043171864,7.4202476,-43.969154,413.19196,23.465616,0,63,768.98376,17.1668,39.524258
9/4/2026 8:09,39838.57,40999.508,26.619026,25.101303,1.0174491,26.649681,4.9012938,66.42751,103.970055,0.047640197,7.41936,-43.92624,415.0373,23.517492,0,63,768.98376,16.883764,38.900776
9/4/2026 8:39,36494.223,37548.69,24.145163,27.401598,1.0155803,24.40665,4.9039984,65.53885,102.576935,0.035027113,7.3760147,-41.456223,406.42563,23.5297,0,63,768.98376,16.527884,38.163807
9/4/2026 9:09,31343.8,32272.295,20.424715,31.904236,1.0127883,20.976992,4.812117,62.908474,98.46626,0.03272792,7.29281,-36.706924,407.98965,23.493685,0,63,768.98376,16.24215,37.616295
9/4/2026 9:39,26111.646,26871.879,16.700676,38.29709,1.0099808,17.46672,4.920732,62.994186,98.5961,0.032483865,7.2176642,-32.424927,420.89288,23.518797,0,63,768.98376,15.963416,37.083183
9/4/2026 10:09,23149.055,23753.781,14.592254,43.198307,1.0083569,15.439958,4.841183,61.394714,96.067566,0.028345864,7.164809,-29.425621,415.39493,23.667112,0,63,768.98376,15.768853,36.69644
9/4/2026 10:39,20765.32,21183.746,12.879182,48.157215,1.0069916,13.769435,5.38153,67.947784,106.26494,0.031566847,7.1526012,-28.758049,402.24377,23.965853,0,63,768.98376,15.606211,36.373177
9/4/2026 11:09,20102.342,20358.896,12.335694,49.74545,1.0064842,13.233283,5.7360926,72.69109,113.60589,0.028723571,7.1752334,-30.088425,416.82544,24.34023,0,63,768.98376,15.554217,36.270767
9/4/2026 11:39,18064.188,18208.305,10.925074,55.35815,1.0053607,11.835398,4.860882,61.377796,95.881386,0.028947674,7.197713,-31.399727,416.1054,24.585604,0,63,768.98376,15.572806,36.35329
9/4/2026 12:09,38587.65,39579.414,25.600601,25.915028,1.0166333,25.72662,2.0195644,27.293695,42.706314,0.04200448,7.1930203,-31.03733,373.96732,23.688082,0,63,768.98376,15.673434,36.186913
9/4/2026 12:39,40915.574,42012.766,27.354263,24.44057,1.0179715,27.308298,5.9063973,80.55292,126.053085,0.033401165,7.540097,-50.83084,371.27795,23.632689,0,63,768.98376,15.92945,36.718956
9/4/2026 13:09,40624.547,41613.51,27.068062,24.61566,1.0177208,27.048782,6.605455,90.13402,141.01535,0.5271452,7.6321383,-56.10466,370.2146,23.755732,0,63,768.98376,16.205894,37.35564
9/4/2026 13:39,41541.207,42641.05,27.810316,24.072483,1.0183108,27.716682,6.685642,91.447174,143.0967,0.4617124,7.657816,-57.549477,344.04578,23.649576,0,63,768.98376,16.490883,37.97816
9/4/2026 14:09,41690.605,42785.176,27.91525,23.98622,1.018387,27.810364,6.6738377,91.3586,142.9553,0.89157164,7.663044,-57.849884,337.84692,23.660582,0,63,768.98376,16.807215,38.692142
9/4/2026 14:39,41700.047,42820.85,27.940432,23.98079,1.0184147,27.833553,6.5874043,90.13935,141.05518,0.92836004,7.6646543,-57.935715,336.98383,23.629618,0,63,768.98376,17.179836,39.53402
9/4/2026 15:09,41674.234,42829.76,27.945883,23.995642,1.0184307,27.839346,6.8283596,93.370026,146.12155,0.42437297,7.688792,-59.304237,375.44073,23.587458,0,63,768.98376,17.540806,40.35197
9/4/2026 15:39,41624.258,42823.316,27.939898,24.024452,1.0184413,27.835155,6.559758,89.6097,140.24992,1.1285676,7.6640615,-57.883263,389.76016,23.534023,0,63,768.98376,17.872335,41.10213
9/4/2026 16:09,41618.348,42844.645,27.95459,24.027864,1.0184617,27.849018,6.5003686,88.754974,138.9201,1.0738423,7.6606607,-57.68299,399.53058,23.50147,0,63,768.98376,18.12092,41.666008
9/4/2026 16:39,41602.25,42846.355,27.955303,24.03716,1.0184684,27.850132,6.4512973,88.05159,137.82439,0.88702834,7.657557,-57.501793,381.9496,23.479765,0,63,768.98376,18.349333,42.182327
9/4/2026 17:09,41635.023,42834.926,27.948318,24.01824,1.018448,27.842703,6.7372947,92.03831,144.05115,1.4627973,7.667492,-58.078766,391.60553,23.533392,0,63,768.98376,18.465023,42.445766
9/4/2026 17:39,41709.996,42870.887,27.97564,23.975069,1.0184547,27.866077,5.7283893,78.33548,122.594025,0.685477,7.6128154,-54.969788,380.82425,23.582264,0,63,768.98376,18.469856,42.455914
9/4/2026 18:09,41709.355,42841.598,27.955183,23.975437,1.0184298,27.847038,5.97626,81.764404,127.952576,0.64920026,7.6569257,-57.492256,386.16483,23.616304,0,63,768.98376,18.387985,42.27182
9/4/2026 18:39,41675.863,42770.56,27.904623,23.994703,1.0183791,27.800863,6.4069433,87.69889,137.22887,0.3653544,7.6464133,-56.900978,398.38138,23.659967,0,63,768.98376,18.199175,41.845917
9/4/2026 19:09,41650.39,42738.242,27.881327,24.009378,1.0183594,27.779858,6.062815,82.988045,129.85574,0.99324155,7.59691,-54.078102,409.40585,23.66734,0,63,768.98376,17.937317,41.253883
9/4/2026 19:39,41716.28,42720.207,27.87066,23.971457,1.0183222,27.768135,5.744872,78.77277,123.23756,0.05024877,7.545702,-51.174164,410.07343,23.769632,0,63,768.98376,17.637493,40.57586
9/4/2026 20:09,41699.02,42606.43,27.79072,23.981379,1.0182292,27.69418,5.7839746,79.4333,124.24537,0.060918324,7.5410943,-50.930977,415.29004,23.884947,0,63,768.98376,17.352404,39.933643
9/4/2026 20:39,41542.08,42302.766,27.57424,24.071978,1.0180162,27.496798,5.681971,78.17319,122.23625,0.049862787,7.5157,-49.510002,412.5053,24.058533,0,63,768.98376,17.026905,39.204666
9/4/2026 21:09,41040.992,41592.902,27.065105,24.365883,1.0175616,27.035385,5.682551,78.29063,122.36502,0.14745525,7.500469,-48.680305,410.5455,24.305273,0,63,768.98376,16.688372,38.454857
9/4/2026 21:39,39478.38,39860.758,25.818901,25.33032,1.0165676,25.909492,5.427904,74.50142,116.40142,0.04341768,7.4549956,-46.110153,403.91748,24.497757,0,63,768.98376,16.37738,37.78668
9/4/2026 22:09,36077.605,36272.91,23.258703,27.718025,1.0145783,23.577393,4.931249,66.95992,104.57571,0.037279308,7.384191,-42.090416,390.7806,24.718102,0,63,768.98376,16.06982,37.160156
9/4/2026 22:39,32070.357,32113.771,20.333492,31.181442,1.0123209,20.873953,5.1785455,69.41245,108.362915,0.040707454,7.3433895,-39.782524,370.60562,24.92922,0,63,768.98376,15.812824,36.655968
9/4/2026 23:09,29349.7,29421.008,18.463566,34.0719,1.0109338,19.123655,5.732653,75.95055,118.58239,0.04175688,7.3375273,-39.4392,414.241,24.873102,0,63,768.98376,15.5747795,36.16167
9/4/2026 23:39,26713.014,26878.027,16.716507,37.434937,1.0096774,17.470718,4.9478254,64.67972,101.02201,0.0381038,7.23036,-33.278465,394.49994,24.67857,0,63,768.98376,15.421266,35.854862
9/5/2026 0:09,24917.605,25179.533,15.560333,40.132267,1.0088716,16.366697,4.516458,58.41941,91.281944,0.03915059,7.191451,-31.027794,423.8111,24.455368,0,63,768.98376,15.332108,35.680103
9/5/2026 0:39,23079.46,23469.35,14.405146,43.328568,1.0080929,15.255078,4.970015,63.490875,99.26524,0.041368738,7.1598334,-29.187202,422.3949,24.130228,0,63,768.98376,15.377379,35.810024
9/5/2026 1:09,40123.152,41098.89,26.69613,24.923265,1.0174397,26.71428,4.383995,59.695026,93.39312,0.69936967,7.386738,-42.099953,402.5442,23.757006,0,63,768.98376,15.513742,35.795746
9/5/2026 1:39,41238.27,42272.86,27.544785,24.249321,1.018091,27.477358,5.9718657,81.65878,127.76419,0.8113048,7.5712595,-52.62375,394.20905,23.718634,0,63,768.98376,15.752683,36.313705
9/5/2026 2:09,41060.977,42156.05,27.458258,24.354023,1.0180479,27.401432,6.2944527,85.907875,134.43108,0.69533914,7.6173925,-55.241585,394.8671,23.639961,0,63,768.98376,16.0101,36.899105
9/5/2026 2:39,41539.95,42693.723,27.84702,24.073212,1.0183569,27.75092,6.3117194,86.25303,134.9842,1.4949356,7.642067,-56.638718,377.3338,23.585108,0,62,768.98376,16.313921,37.57522
9/5/2026 3:09,41495.254,42740.305,27.878155,24.099142,1.0184114,27.781199,6.359808,86.75677,135.79883,1.14616,7.6444435,-56.75316,368.72687,23.47484,0,62,768.98376,16.630611,38.292046
9/5/2026 3:39,41505.992,42789.383,27.912676,24.092907,1.0184501,27.813099,6.214207,84.719826,132.62088,1.2624433,7.632717,-56.07605,386.68457,23.429678,0,62,768.98376,16.954756,39.023907
9/5/2026 4:09,41564.082,42843.688,27.952284,24.059235,1.0184783,27.848398,6.2399907,85.10062,133.21545,1.3333507,7.6382995,-56.39553,398.90112,23.43629,0,62,768.98376,17.287952,39.77781
9/5/2026 4:39,41477.547,42785.312,27.908976,24.10943,1.018456,27.810453,6.1675653,84.03763,131.55984,1.1966727,7.6284666,-55.828094,381.25818,23.399698,0,62,768.98376,17.563,40.40155
9/5/2026 5:09,41406.785,42742.44,27.876955,24.15063,1.0184419,27.782587,6.1177654,83.29091,130.399,1.0155764,7.625322,-55.642128,406.74988,23.363926,0,62,768.98376,17.795036,40.928043
9/5/2026 5:39,41382.992,42728.04,27.866201,24.164516,1.018437,27.773226,6.0124965,81.8353,128.12279,1.9731109,7.6120586,-54.883957,411.1034,23.35187,0,62,768.98376,17.930037,41.233303
9/5/2026 6:09,41321.273,42689.48,27.837465,24.20061,1.0184237,27.748163,5.7286654,77.91807,121.99623,0.87268645,7.5698156,-52.47116,416.24847,23.321978,0,62,768.98376,17.99916,41.389946
9/5/2026 6:39,41328.605,42718.355,27.857784,24.196316,1.0184462,27.766932,5.291508,71.94821,112.65417,1.6197848,7.51391,-49.28112,411.72806,23.296713,0,62,768.98376,17.97308,41.33039
9/5/2026 7:09,41246.24,42677.18,27.826582,24.244635,1.0184373,27.740168,5.528119,75.082565,117.57246,0.63957536,7.531974,-50.30155,427.6258,23.244535,0,62,768.98376,17.845633,41.043686
9/5/2026 7:39,41156.703,42659.8,27.811703,24.297379,1.018451,27.72887,5.415169,73.42585,114.99587,0.55639637,7.5171695,-49.443245,426.2525,23.155262,0,62,768.98376,17.6658,40.634907
9/5/2026 8:09,40952.145,42504.473,27.697304,24.418745,1.0183835,27.627907,5.2869606,71.55441,112.0779,0.42514274,7.489313,-47.84584,428.26,23.08788,0,62,768.98376,17.441492,40.12855
9/5/2026 8:39,40901.16,42462.59,27.666601,24.449184,1.0183638,27.600683,5.176592,70.031975,109.695694,0.24087986,7.4663205,-46.53454,421.05023,23.07477,0,62,768.98376,17.180904,39.53964
9/5/2026 9:09,40721.26,42222.72,27.494366,24.557196,1.018216,27.444767,5.243225,70.94279,111.11027,0.04459588,7.4615407,-46.272278,428.5747,23.138197,0,62,768.98376,16.878458,38.860874
9/5/2026 9:39,40226.93,41668.27,27.09434,24.858969,1.0178998,27.084375,5.2970076,71.56968,112.082344,0.046935957,7.4490952,-45.571327,422.46167,23.188963,0,62,768.98376,16.570461,38.174374
9/5/2026 10:09,38857.848,40179.418,26.022802,25.734827,1.0170661,26.116623,5.295784,71.22464,111.52486,0.038963445,7.4184766,-43.84041,423.26276,23.27792,0,62,768.98376,16.283012,37.55295
9/5/2026 10:39,37289.81,38386.074,24.742077,26.816978,1.0160373,24.950949,5.3872657,72.213165,113.028076,0.036441933,7.390125,-42.25731,422.2328,23.50477,0,62,768.98376,16.018774,36.99081
9/5/2026 11:09,35425.918,36256.582,23.231941,28.22792,1.0148171,23.566778,5.4155097,72.34336,113.172714,0.034365278,7.372929,-41.31794,427.2682,23.800488,0,62,768.98376,15.80202,36.54215
9/5/2026 11:39,32544.227,33211.742,21.088276,30.727417,1.0131631,21.587631,5.341412,70.66621,110.51993,0.035922684,7.296085,-36.95011,408.97192,23.947708,0,62,768.98376,15.640499,36.232838
9/5/2026 12:09,30868.836,31314.023,19.767933,32.39513,1.0120853,20.354116,5.973568,78.86532,123.27441,0.031677105,7.35322,-40.254593,430.6585,24.25566,0,62,768.98376,15.533788,36.027164
9/5/2026 12:39,28635.615,28848.207,18.066082,34.921547,1.0107079,18.751335,6.5769286,86.54092,135.18282,0.03621202,7.3477902,-39.992332,372.1649,24.614172,0,62,768.98376,15.545149,36.10149
9/5/2026 13:09,38701.258,39408.188,25.485243,25.838953,1.0164411,25.615322,5.0214458,68.26565,106.743805,0.10843489,7.3574376,-40.46917,413.02505,24.060806,0,62,768.98376,15.655134,36.15117
9/5/2026 13:39,41075.582,42067.28,27.396849,24.345364,1.0179659,27.343733,5.9931965,81.94867,128.20705,0.048700523,7.561421,-52.070618,392.4734,23.765753,0,62,768.98376,15.857959,36.557545
9/5/2026 14:09,41017.85,41900.08,27.278706,24.37963,1.0178393,27.23505,7.364061,100.85877,157.7544,1.1036974,7.7020707,-60.124397,354.36456,23.897617,0,62,768.98376,16.121384,37.15918
9/5/2026 14:39,41680.027,42625.094,27.803207,23.992308,1.0182517,27.706312,7.8148384,107.24522,167.76103,1.8813211,7.7612505,-63.490868,317.95325,23.839186,0,62,768.98376,16.423214,37.826912
9/5/2026 15:09,41827.582,42779.277,27.915121,23.90767,1.0183371,27.80653,8.073513,110.85876,173.4148,1.6729584,7.80136,-65.779686,326.36945,23.835255,0,62,768.98376,16.747038,38.557045
9/5/2026 15:39,41764.043,42737.516,27.884117,23.944042,1.0183218,27.779387,8.251541,113.227684,177.12929,1.8097148,7.8198466,-66.82873,350.3925,23.80744,0,62,768.98376,17.124767,39.41381
9/5/2026 16:09,41753.824,42702.914,27.859665,23.949902,1.018295,27.756893,8.333893,114.40003,178.95406,2.218184,7.828086,-67.305565,370.13354,23.836369,0,62,768.98376,17.470844,40.198845
9/5/2026 16:39,41839.434,42774.477,27.912106,23.900898,1.0183291,27.80341,8.607285,118.22809,184.9359,2.1537998,7.8581624,-69.02695,370.41965,23.855507,0,62,768.98376,17.803316,40.95053
9/5/2026 17:09,41822.695,42762.04,27.902939,23.910463,1.0183238,27.795326,8.675643,119.14908,186.37839,2.479101,7.867624,-69.56577,380.047,23.849907,0,62,768.98376,18.074575,41.565514
9/5/2026 17:39,41736.797,42714.77,27.867455,23.959673,1.018311,27.7646,8.4108715,115.390594,180.51485,2.2428887,7.8450165,-68.26401,380.82425,23.801285,0,62,768.98376,18.31074,42.101017
9/5/2026 18:09,41718.496,42662.934,27.83073,23.970182,1.0182718,27.730907,8.431739,115.73301,181.0377,2.2436717,7.8417664,-68.08758,388.75882,23.840984,0,62,768.98376,18.451914,42.422493
9/5/2026 18:39,41722.887,42667.246,27.833866,23.96766,1.0182742,27.733711,7.94887,109.10761,170.67374,2.5975387,7.788891,-65.0692,397.91885,23.8412,0,62,768.98376,18.479746,42.485992
9/5/2026 19:09,41704.543,42657.4,27.826473,23.978203,1.0182716,27.72731,7.2505074,99.49904,155.64627,2.8334608,7.779994,-64.55898,407.55096,23.8305,0,62,768.98376,18.455603,42.431496
9/5/2026 19:39,41670.8,42641.344,27.81429,23.99762,1.0182687,27.716875,7.455569,102.26615,159.98122,1.8177665,7.781248,-64.62574,389.68387,23.808348,0,62,768.98376,18.30587,42.092342
9/5/2026 20:09,41695.746,42667.93,27.833574,23.983261,1.0182837,27.734154,7.571318,103.86286,162.4794,1.5422747,7.75686,-63.233376,392.74994,23.807074,0,62,768.98376,18.096584,41.618267
9/5/2026 20:39,41710.88,42670.316,27.835672,23.974562,1.0182807,27.735706,7.274044,99.8136,156.14052,1.5444407,7.7192936,-61.092377,390.62323,23.82278,0,62,768.98376,17.856167,41.072937
9/5/2026 21:09,41624.812,42559.44,27.75579,24.024132,1.0182127,27.663637,6.782668,93.073204,145.58925,1.4693221,7.6820254,-58.97045,393.42706,23.850231,0,62,768.98376,17.549202,40.380737
9/5/2026 21:39,41491.05,42421.008,27.655354,24.101583,1.0181364,27.573656,6.6068482,90.611465,141.73798,0.83817333,7.6490254,-57.086945,391.2622,23.852245,0,62,768.98376,17.241444,39.68595
9/5/2026 22:09,41177.34,42095.414,27.419348,24.285202,1.0179566,27.362019,6.462274,88.51794,138.46172,0.949618,7.6176,-55.294037,395.64435,23.858147,0,62,768.98376,16.921816,38.9697
9/5/2026 22:39,40724.125,41620.816,27.075953,24.55547,1.0176936,27.05353,5.816062,79.52866,124.39742,0.7355234,7.584898,-53.429604,393.85144,23.872028,0,62,768.98376,16.622581,38.301113
9/5/2026 23:09,39459.402,40330.5,26.144463,25.342503,1.0169922,26.214825,5.8425236,79.46032,124.291145,0.65504444,7.5342927,-50.53997,404.50873,23.869164,0,62,768.98376,16.329983,37.66316
9/5/2026 23:39,37239.188,38069.746,24.52308,26.853432,1.0157735,24.745335,5.137307,69.20785,108.25653,0.26093993,7.4736876,-47.078133,406.78326,23.857763,0,62,768.98376,16.040174,37.04952
9/6/2026 0:09,32689.914,33433.418,21.24195,30.590475,1.0133097,21.731722,5.7129536,75.49729,118.09927,0.06893892,7.4787607,-47.364235,407.85614,23.835691,0,62,768.98376,15.773236,36.530396
9/6/2026 0:39,30399.516,31162.188,19.655289,32.89526,1.0121483,20.255423,5.603924,73.231575,114.578896,0.06127385,7.430955,-44.617653,403.16882,23.718624,0,62,768.98376,15.59683,36.16887
9/6/2026 1:09,27185.729,28005.533,17.474659,36.784004,1.0105762,18.203596,5.185593,66.61885,104.27865,0.047599647,7.3211355,-38.318634,408.68585,23.467384,0,62,768.98376,15.500439,36.00428
9/6/2026 1:39,24280.434,25173.984,15.544162,41.185425,1.0092108,16.36309,4.758992,60.10583,94.13693,0.14148647,7.246018,-33.99849,395.22473,23.141624,0,62,768.98376,15.496435,36.042305
9/6/2026 2:09,23109.973,24036.027,14.775477,43.271362,1.008674,15.623418,4.897417,61.40208,96.193214,0.048673883,7.156786,-28.9011,431.8792,22.982838,0,62,768.98376,15.616859,36.33804
9/6/2026 2:39,40535.22,41581.656,27.04335,24.669905,1.0177228,27.028078,4.5907464,62.552765,97.877,0.8711605,7.5223136,-49.824715,374.6492,23.682417,0,62,768.98376,15.829263,36.501358
9/6/2026 3:09,39085.914,40328.266,26.13235,25.584665,1.0171185,26.213373,5.9143305,79.748634,124.848236,0.73852247,7.5507903,-51.398277,400.62253,23.387123,0,62,768.98376,16.095158,37.125458
9/6/2026 3:39,39409.723,40733.613,26.422255,25.374449,1.0173619,26.476849,6.294679,84.8852,132.91011,0.94119745,7.5913954,-53.696632,355.07504,23.298365,0,62,768.98376,16.385141,37.774803
9/6/2026 4:09,40282.4,41617.074,27.060514,24.824738,1.0178374,27.0511,6.31805,85.548836,133.94395,1.1024163,7.6270533,-55.732727,302.26532,23.320923,0,62,768.98376,16.711771,38.496025
9/6/2026 4:39,40719.574,42062.18,27.382801,24.558214,1.0180786,27.340418,6.37679,86.51681,135.45766,1.2499193,7.6401644,-56.48136,358.18878,23.32882,0,62,768.98376,17.06642,39.29056
9/6/2026 5:09,40769.2,42117.773,27.42294,24.52832,1.0181103,27.376553,6.6776857,90.61173,141.8703,1.3971046,7.67976,-58.7368,375.9033,23.323605,0,62,768.98376,17.420559,40.092094
9/6/2026 5:39,40682.074,42037.332,27.364397,24.58085,1.0180693,27.324266,6.683334,90.639275,141.91626,1.3621743,7.6818085,-58.851242,390.2799,23.312075,0,62,768.98376,17.716726,40.76538
9/6/2026 6:09,40683.67,42058.223,27.37896,24.579885,1.0180869,27.337845,6.5684314,89.05186,139.43639,1.5517855,7.669755,-58.15983,397.12732,23.288893,0,62,768.98376,17.962385,41.321796
9/6/2026 6:39,40689.23,42081.066,27.394997,24.576529,1.0181047,27.352694,6.402884,86.78379,135.88994,1.1043223,7.6506605,-57.06787,399.24445,23.268318,0,62,768.98376,18.165882,41.781948
9/6/2026 7:09,40733.504,42125.926,27.427515,24.549816,1.018129,27.381853,6.3746667,86.41928,135.3189,2.6940134,7.6495686,-57.005882,404.95697,23.269438,0,62,768.98376,18.237656,41.944077
9/6/2026 7:39,40714.043,42115.902,27.419962,24.56155,1.0181266,27.375338,5.7825546,78.37196,122.72064,1.1914768,7.608767,-54.678917,412.33365,23.25729,0,62,768.98376,18.269562,42.015244
9/6/2026 8:09,40574.445,42030.402,27.356287,24.646055,1.0180984,27.319761,5.6716557,76.74409,120.186295,0.58710265,7.590747,-53.639412,417.6599,23.186357,0,62,768.98376,18.168718,41.787354
9/6/2026 8:39,40615.727,42061.773,27.379341,24.621004,1.018112,27.340153,5.956305,80.62593,126.26255,0.5074612,7.593215,-53.782463,407.02167,23.200047,0,62,768.98376,17.981203,41.363777
9/6/2026 9:09,40512.383,41972.945,27.314486,24.683811,1.0180691,27.282415,5.6802487,76.830536,120.3234,0.7404489,7.547743,-51.18847,417.29752,23.178131,0,62,768.98376,17.764585,40.87383
9/6/2026 9:39,40356.152,41860.19,27.231424,24.77937,1.0180228,27.209124,5.57692,75.317444,117.96577,0.27603066,7.5212955,-49.672127,411.8711,23.118843,0,62,768.98376,17.492804,40.260746
9/6/2026 10:09,40115.977,41635.375,27.068113,24.927725,1.0179077,27.062994,5.6212373,75.804794,118.73506,0.090486035,7.50656,-48.828125,413.31592,23.08937,0,62,768.98376,17.20592,39.614136
9/6/2026 10:39,39462.742,40983.03,26.596357,25.340357,1.0175601,26.63897,5.633521,75.72119,118.61051,0.22579102,7.486132,-47.659874,406.63544,23.057825,0,62,768.98376,16.895668,38.924614
9/6/2026 11:09,38675.734,40117.19,25.974413,25.856005,1.0170739,26.076176,5.627624,75.45262,118.177505,0.33852336,7.4682083,-46.64898,409.96375,23.11879,0,62,768.98376,16.603794,38.281136
9/6/2026 11:39,36590.57,37940.992,24.416782,27.329445,1.0158936,24.661646,5.5749907,74.10121,116.05733,0.08947744,7.4314866,-44.560432,414.84656,23.136505,0,62,768.98376,16.304462,37.644703
9/6/2026 12:09,34363.53,35634.21,22.779198,29.100618,1.0146598,23.162237,5.4611278,71.9008,112.61171,0.039052993,7.388124,-42.090416,423.11017,23.133038,0,62,768.98376,16.090305,37.203167
9/6/2026 12:39,30727.055,31928.53,20.177954,32.54461,1.0127276,20.753544,4.7981105,62.114735,97.30189,0.043752015,7.309146,-37.579536,417.67422,23.029837,0,62,768.98376,15.877951,36.79012
9/6/2026 13:09,28277.01,29283.367,18.348885,35.364418,1.0113051,19.03419,5.6395307,72.46537,113.48276,0.042232223,7.318057,-38.108826,419.02844,23.200724,0,62,768.98376,15.734467,36.51094
9/6/2026 13:39,26676.615,27476.521,17.112823,37.486015,1.010302,17.85974,5.82508,74.69008,116.910866,0.043342892,7.315095,-37.97531,402.33914,23.475794,0,62,768.98376,15.663085,36.38523
9/6/2026 14:09,26134.373,26796.72,16.651487,38.263783,1.0098938,17.417868,6.026733,77.3925,121.09185,0.034963697,7.3045506,-37.403107,408.74304,23.70589,0,62,768.98376,15.736545,36.566765
9/6/2026 14:39,40490.133,41673.867,27.106133,24.697374,1.0178181,27.088013,6.416609,87.201904,136.4865,0.112628594,7.616804,-55.184364,367.96872,23.512842,0,62,768.98376,15.917575,36.69853
9/6/2026 15:09,38648.98,39609.715,25.623234,25.873903,1.0166385,25.746315,7.092978,95.94277,150.11002,0.071321405,7.6653967,-57.997704,387.30923,23.730104,0,62,768.98376,16.144966,37.255386
9/6/2026 15:39,38395.14,39275.637,25.385448,26.044962,1.0164322,25.529163,8.068856,109.17947,170.79065,1.0736276,7.776335,-64.349174,338.81012,23.826263,0,62,768.98376,16.423786,37.895176
9/6/2026 16:09,39325.832,40297.688,26.118034,25.428577,1.0170096,26.193497,8.123194,110.20493,172.42207,1.4676378,7.7893734,-65.07397,287.98404,23.737335,0,62,768.98376,16.748867,38.61164
9/6/2026 16:39,39746.363,40735.2,26.433084,25.159534,1.0172495,26.47788,8.41019,114.28851,178.8137,1.7634423,7.8235817,-67.02423,307.41516,23.72907,0,62,768.98376,17.11694,39.4373
9/6/2026 17:09,40192.26,41250.07,26.803093,24.880411,1.0175488,26.812546,8.625007,117.30885,183.56253,2.2483716,7.850862,-68.564415,322.97913,23.657393,0,62,768.98376,17.47699,40.241497
9/6/2026 17:39,40451.09,41559.938,27.025826,24.721212,1.017732,27.01396,8.6338625,117.46731,183.82808,2.3198946,7.8628693,-69.236755,339.65887,23.603104,0,62,768.98376,17.807089,40.98287
9/6/2026 18:09,40484.133,41629.1,27.074852,24.701035,1.017781,27.058916,8.467088,115.14322,180.20473,2.9445367,7.8535976,-68.69793,359.95786,23.56,0,62,768.98376,18.119713,41.68936
9/6/2026 18:39,40517.496,41685.12,27.11476,24.680696,1.0178188,27.09533,8.381797,113.955956,178.35492,2.2472632,7.837149,-67.75379,372.26025,23.533476,0,62,768.98376,18.363945,42.24204
9/6/2026 19:09,40573.22,41748.285,27.160288,24.6468,1.017855,27.136387,8.354616,113.60186,177.80293,2.2761831,7.8442855,-68.1591,379.18393,23.526365,0,62,768.98376,18.553143,42.669655
9/6/2026 19:39,40600.48,41791.656,27.191238,24.63025,1.0178838,27.164577,8.292165,112.735695,176.45302,2.9430306,7.836918,-67.73472,376.88556,23.507713,0,62,768.98376,18.619013,42.817474
9/6/2026 20:09,40489.875,41681.195,27.111214,24.697533,1.0178244,27.092777,6.376326,86.64265,135.61337,2.5620253,7.7605853,-63.381195,393.20294,23.503574,0,62,768.98376,18.6056,42.790035
9/6/2026 20:39,40401.52,41638,27.078602,24.751545,1.0178162,27.064701,8.006513,108.661545,170.09476,3.3552577,7.8037953,-65.83214,392.0013,23.44524,0,62,768.98376,18.486626,42.51958
9/6/2026 21:09,40295.42,41539.605,27.00714,24.816715,1.017766,27.000744,7.566582,102.62422,160.64793,2.0619316,7.7557516,-63.090324,394.7431,23.431847,0,62,768.98376,18.291004,42.07854
9/6/2026 21:39,40263.19,41510.234,26.985796,24.83658,1.0177513,26.981651,7.081329,96.023,150.31564,1.46296,7.700981,-59.96704,393.17908,23.427132,0,62,768.98376,18.022266,41.47142
9/6/2026 22:09,40208.594,41413.613,26.91711,24.870306,1.0176855,26.918848,6.9490943,94.27523,147.5669,1.4368352,7.6726217,-58.3601,391.90118,23.476587,0,62,768.98376,17.6963,40.734913
9/6/2026 22:39,40101.832,41382.855,26.892618,24.936516,1.0176942,26.898857,6.784382,91.86913,143.82509,0.9110605,7.6515403,-57.139397,391.79626,23.379295,0,62,768.98376,17.348597,39.947132
9/6/2026 23:09,39363.336,40613.324,26.337654,25.40435,1.0172731,26.39866,6.621143,89.38717,139.93723,0.789364,7.6216435,-55.437088,394.19952,23.388596,0,62,768.98376,16.982294,39.132694
9/6/2026 23:39,38523.836,39797.465,25.749344,25.957954,1.0168469,25.868353,6.44952,86.67668,135.709,0.72509795,7.5857897,-53.38192,397.17975,23.324461,0,62,768.98376,16.636225,38.363205
9/7/2026 0:09,37337.023,38640.863,24.91854,26.783068,1.0162454,25.116562,5.996729,80.07641,125.394745,0.40481097,7.535104,-50.47798,406.49716,23.233374,0,62,768.98376,16.303288,37.630466
9/7/2026 0:39,35399.523,36782.61,23.59055,28.248968,1.0152992,23.908697,5.8267064,76.93337,120.51474,0.35415292,7.4692044,-46.691895,404.2417,23.031326,0,62,768.98376,16.014894,37.00892
9/7/2026 1:09,32713.469,34148.395,21.726248,30.568449,1.0139558,22.196457,5.6607485,73.63372,115.391174,0.2597577,7.435897,-44.760704,412.82477,22.799986,0,62,768.98376,15.73384,36.41812
9/7/2026 1:39,29149.443,30665.451,19.291273,34.305973,1.0122229,19.932545,5.946684,75.733444,118.758545,0.09433357,7.391019,-42.152405,418.33224,22.411676,0,62,768.98376,15.503723,35.954193
9/7/2026 2:09,27011.299,28661.342,17.903854,37.021545,1.0112863,18.629871,5.8302617,73.08073,114.67843,0.04805237,7.3356047,-38.94806,421.92285,21.985847,0,62,768.98376,15.363554,35.668335
9/7/2026 2:39,24118.936,25857.932,15.986298,41.4612,1.0099671,16.807655,5.4740205,67.2171,105.56226,0.1255204,7.2791095,-35.681725,419.11426,21.478958,0,62,768.98376,15.339521,35.657833
9/7/2026 3:09,20853.764,22451.863,13.697124,47.952976,1.0082898,14.593712,5.4422603,65.68594,103.190704,0.103478774,7.2198944,-32.305717,428.7273,21.273354,0,62,768.98376,15.439938,35.947754
9/7/2026 3:39,39120.08,40543.273,26.28196,25.56232,1.0172939,26.353128,2.1732874,29.212765,45.751022,1.1138154,7.4543586,-45.866966,409.85886,23.162142,0,62,768.98376,15.614022,36.02862
9/7/2026 4:09,39902.04,41328.074,26.848618,25.061377,1.0177131,26.863249,6.6856265,90.21108,141.27478,1.1497837,7.6533413,-57.206154,402.65863,23.193443,0,62,768.98376,15.892271,36.64414
9/7/2026 4:39,40357.22,41776.445,27.173363,24.778715,1.0179504,27.154688,6.8018227,91.99663,144.06409,0.8474995,7.6871467,-59.137344,387.37598,23.221363,0,62,768.98376,16.174608,37.275375
9/7/2026 5:09,40552.8,42001.996,27.335905,24.659208,1.018081,27.301298,6.644584,89.909775,140.80289,1.5879143,7.6781197,-58.61759,355.82843,23.193558,0,62,768.98376,16.481117,37.96434
9/7/2026 5:39,40448.496,41896.31,27.259335,24.722797,1.018024,27.232601,6.616913,89.491325,140.14825,0.9928682,7.681478,-58.808327,351.9613,23.19073,0,62,768.98376,16.815557,38.724495
9/7/2026 6:09,40665.48,42167.574,27.45434,24.590881,1.0181868,27.408924,6.5934286,89.18584,139.68324,1.1245797,7.682007,-58.8274,368.62198,23.134974,0,62,768.98376,17.170568,39.523277
9/7/2026 6:39,40625.074,42173.996,27.457527,24.61534,1.0182053,27.413097,6.6178083,89.4253,140.07216,0.7145031,7.6863127,-59.06105,384.65326,23.077124,0,62,768.98376,17.499727,40.26914
9/7/2026 7:09,40456.508,42083.9,27.389704,24.717901,1.0181822,27.354534,6.8283386,92.06725,144.23547,0.8977853,7.7142305,-60.629845,393.21246,22.975384,0,62,768.98376,17.775452,40.89527
9/7/2026 7:39,40286.88,41982.645,27.314112,24.821978,1.0181501,27.28872,6.9268885,93.20541,146.0409,1.023483,7.719918,-60.93502,401.4856,22.885235,0,62,768.98376,17.998087,41.400818
9/7/2026 8:09,40211.934,41946.297,27.28653,24.86824,1.018143,27.265093,6.935034,93.216965,146.07137,1.0229359,7.7186737,-60.85396,406.25397,22.835224,0,62,768.98376,18.140667,41.72315
9/7/2026 8:39,40227.766,41977.25,27.30847,24.858452,1.0181644,27.285212,7.131115,95.83507,150.17831,1.0300065,7.721167,-60.99224,406.82617,22.81796,0,62,768.98376,18.179577,41.810658
9/7/2026 9:09,40193.793,41930.633,27.275093,24.879463,1.0181355,27.254911,6.7971177,91.350784,143.14796,1.0556755,7.7218733,-61.035156,409.41064,22.831322,0,62,768.98376,18.095604,41.62189
9/7/2026 9:39,40311.52,41989.055,27.319344,24.806805,1.0181477,27.292887,6.5076766,87.60328,137.25772,0.9698628,7.6686373,-58.021545,401.21857,22.908287,0,62,768.98376,17.927614,41.240532
9/7/2026 10:09,40306.113,41937.637,27.283539,24.810133,1.0181054,27.259464,6.7656937,91.14674,142.79633,0.26567745,7.678585,-58.59852,399.46857,22.963165,0,62,768.98376,17.69579,40.71825
9/7/2026 10:39,40260.414,41910.668,27.263395,24.838293,1.018097,27.241936,6.6820707,89.97005,140.95877,0.27519488,7.6490116,-56.910515,398.02374,22.938452,0,62,768.98376,17.421017,40.09547
9/7/2026 11:09,40126.37,41778.73,27.167744,24.921267,1.0180273,27.156176,6.5439067,88.0468,137.9477,0.054818302,7.622817,-55.418015,399.58777,22.929306,0,62,768.98376,17.115946,39.40678
9/7/2026 11:39,39955.344,41461.37,26.942587,25.02794,1.0178105,26.949892,6.64002,89.49266,140.1726,0.1419917,7.6262813,-55.646896,394.13275,23.09824,0,62,768.98376,16.79531,38.687134
9/7/2026 12:09,39039.58,40433.207,26.203495,25.61503,1.0172255,26.281586,6.61524,88.93263,139.27219,0.04966882,7.6007633,-54.211617,394.64297,23.195425,0,62,768.98376,16.464592,37.95978
9/7/2026 12:39,37599.492,38822.773,25.05115,26.596104,1.0163131,25.234804,6.375482,85.37695,133.66803,0.038229838,7.535507,-50.520897,400.34595,23.350292,0,62,768.98376,16.130407,37.235424
9/7/2026 13:09,36280.56,37235.02,23.9243,27.562971,1.0153782,24.202763,6.6198497,88.55957,138.5761,0.04478397,7.555317,-51.703453,393.95633,23.657938,0,62,768.98376,15.837373,36.603317
9/7/2026 13:39,33645.46,34360.062,21.89407,29.721691,1.0137794,22.33404,6.9401255,92.18205,144.17955,0.037005745,7.5466943,-51.255226,391.95837,23.911127,0,62,768.98376,15.570581,36.05237
9/7/2026 14:09,30849.916,31319.473,19.771196,32.415,1.012099,20.357656,7.329572,96.699554,151.16228,0.036098767,7.538185,-50.821304,385.75473,24.215054,0,62,768.98376,15.397012,35.716904
9/7/2026 14:39,29785.314,29930.832,18.814455,33.573593,1.0112327,19.455042,7.4762645,99.02551,154.64668,0.042876687,7.576658,-53.11489,378.6737,24.745457,0,62,768.98376,15.308182,35.54373
9/7/2026 15:09,27792.297,27800.049,17.349792,35.981194,1.0100669,18.070032,8.463242,111.640755,174.26888,0.036762826,7.6315784,-56.30493,372.54636,24.985403,0,62,768.98376,15.332248,35.639168
9/7/2026 15:39,33433.723,33679.82,21.426205,29.909922,1.0132298,21.891884,6.8922772,92.45107,144.414,0.037025098,7.519572,-49.824715,391.6723,24.617434,0,62,768.98376,15.511269,35.936913
9/7/2026 16:09,39486.344,40467.39,26.240103,25.32521,1.0171033,26.303804,7.633106,103.616554,162.11606,0.3172262,7.7144446,-60.796738,380.22342,23.730736,0,62,768.98376,15.779212,36.41006
9/7/2026 16:39,40200.867,41257.227,26.808311,24.875086,1.017552,26.817196,8.897978,121.02965,189.38412,0.8822351,7.865146,-69.37981,360.45377,23.659466,0,62,768.98376,16.091507,37.102947
9/7/2026 17:09,40919.844,42087.477,27.40638,24.43802,1.0180348,27.356861,9.3575325,127.46715,199.49664,1.5520096,7.9369264,-73.44723,329.87897,23.547485,0,62,768.98376,16.44008,37.876087
9/7/2026 17:39,40958.426,42213.72,27.495358,24.415,1.0181314,27.438917,9.538062,129.75313,203.1115,1.8591152,7.969247,-75.26398,312.10248,23.44311,0,62,768.98376,16.798683,38.68305
9/7/2026 18:09,40862.96,42198.965,27.482224,24.47204,1.0181497,27.429327,9.459473,128.44551,201.09987,2.0444515,7.969026,-75.22583,337.45114,23.342426,0,62,768.98376,17.21438,39.624516
9/7/2026 18:39,40793.76,42210.805,27.488338,24.513552,1.0181824,27.437023,9.272232,125.68445,196.81111,2.2557883,7.9512253,-74.186325,352.08527,23.242376,0,62,768.98376,17.619265,40.54011
9/7/2026 19:09,40712.883,42175.164,27.461084,24.56225,1.0181779,27.413857,8.930904,120.91516,189.36165,2.1767247,7.9201694,-72.402954,367.67786,23.184732,0,62,768.98376,17.963747,41.320316
9/7/2026 19:39,40703.105,42176.39,27.461628,24.56815,1.018182,27.414654,8.674104,117.41033,183.87712,2.49396,7.896368,-71.04397,384.1144,23.171127,0,62,768.98376,18.263103,41.99903
9/7/2026 20:09,40698.19,42182.55,27.465752,24.571115,1.018189,27.418657,8.405807,113.75428,178.1555,2.1938293,7.8757453,-69.86618,391.11914,23.157648,0,62,768.98376,18.471033,42.469925
9/7/2026 20:39,40728.277,42212.652,27.487589,24.552965,1.0182052,27.438225,8.067076,109.18656,171.00142,3.438382,7.852214,-68.52627,393.2983,23.158941,0,62,768.98376,18.607443,42.778313
9/7/2026 21:09,40690.637,42210.64,27.48502,24.575678,1.0182155,27.436918,7.7954783,105.42602,165.12447,2.1818402,7.8005624,-65.574646,403.57416,23.114662,0,62,768.98376,18.611134,42.78636
9/7/2026 21:39,40672.176,42209.035,27.48333,24.586834,1.0182201,27.435873,7.869152,106.38172,166.6273,2.0839717,7.8255987,-66.99562,386.98975,23.093681,0,62,768.98376,18.492273,42.517567
9/7/2026 22:09,40600.066,42167.055,27.451931,24.6305,1.0182073,27.408585,7.7159796,104.2192,163.25108,2.318415,7.8028903,-65.693855,388.3249,23.054375,0,62,768.98376,18.290943,42.061367
9/7/2026 22:39,40588.53,42167.688,27.452,24.6375,1.0182116,27.408997,7.4173455,100.15874,156.89476,1.2233119,7.7660966,-63.59577,385.35895,23.039293,0,62,768.98376,18.001898,41.40582
9/7/2026 23:09,40503.03,42065.33,27.3783,24.68951,1.0181515,27.342464,7.3155475,98.77053,154.71593,0.86624795,7.753724,-62.89482,387.01358,23.055508,0,62,768.98376,17.683237,40.686817
9/7/2026 23:39,40295.56,41894.25,27.253132,24.816631,1.0180718,27.231262,7.1515646,96.39495,151.00851,0.94535214,7.727118,-61.368942,386.47952,23.002087,0,62,768.98376,17.314003,39.85364
9/8/2026 0:09,40109.477,41741.16,27.141186,24.931765,1.0180006,27.131756,7.0940404,95.47499,149.57974,0.67088825,7.7230225,-61.125755,388.9543,22.953377,0,62,768.98376,16.937151,39.002663
9/8/2026 0:39,39823.418,41499.33,26.964714,25.110853,1.017886,26.974564,6.935458,93.13298,145.9273,0.6328914,7.707179,-60.210228,390.29422,22.885653,0,62,768.98376,16.58067,38.199142
9/8/2026 1:09,39420.727,41142.883,26.7055,25.367367,1.0177114,26.742874,6.491744,86.92394,136.21632,0.44791472,7.632854,-55.966377,401.66202,22.808483,0,62,768.98376,16.22949,37.409897
9/8/2026 1:39,38031.555,39816.74,25.747585,26.293955,1.0170305,25.88088,6.0124965,79.83854,125.145706,0.2210956,7.5840597,-53.162575,402.63,22.652617,0,62,768.98376,15.902796,36.692123
9/8/2026 2:09,37088.062,38885.11,25.078526,26.962854,1.0165446,25.275322,5.5547724,73.37974,115.035484,0.08262765,7.4963756,-48.16532,417.66943,22.580406,0,62,768.98376,15.5872,35.994427
9/8/2026 2:39,32794.09,34642.19,22.061718,30.4933,1.0143664,22.517426,5.7261972,73.83056,115.81352,0.080182806,7.469142,-46.55838,412.85815,22.206894,0,62,768.98376,15.327604,35.479164
9/8/2026 3:09,29659.338,31612.725,19.936518,33.716194,1.0128766,20.548271,5.5353646,69.92397,109.763695,0.16451031,7.4105635,-43.168068,416.20557,21.76486,0,62,768.98376,15.172067,35.176075
9/8/2026 3:39,25156.46,27028.883,16.7793,39.75122,1.0105919,17.568775,5.3948293,66.42024,104.32809,0.06783265,7.3228827,-38.146973,421.9276,21.373045,0,62,768.98376,15.130927,35.16069
9/8/2026 4:09,22649.719,24464.43,15.041359,44.150658,1.0093426,15.901879,5.236598,63.51389,99.80266,0.054774288,7.2594,-34.52301,427.63535,21.116358,0,62,768.98376,15.239422,35.451176
9/8/2026 4:39,37570.707,39377.562,25.431377,26.61648,1.0168065,25.595415,2.9377496,38.89979,60.98043,0.4370531,7.3763766,-41.34655,414.35544,22.597622,0,62,768.98376,15.451657,35.67737
9/8/2026 5:09,40116.05,41888.637,27.243494,24.927677,1.0181245,27.227615,6.102554,81.93242,128.39941,1.2179375,7.6000733,-54.097176,386.66074,22.78447,0,62,768.98376,15.767167,36.346878
9/8/2026 5:39,39947.293,41751.414,27.143072,25.032986,1.0180615,27.13842,6.4201274,86.07401,134.9005,0.5915303,7.643905,-56.581497,399.0537,22.737646,0,62,768.98376,16.081188,37.0612
9/8/2026 6:09,40123.22,41982.445,27.308653,24.923225,1.0182021,27.28859,6.5344033,87.602036,137.30826,0.79669034,7.669503,-58.026314,381.77792,22.68137,0,62,768.98376,16.447802,37.88577
9/8/2026 6:39,40403.465,42264.56,27.513176,24.750353,1.0183531,27.471964,6.902103,92.66305,145.23772,0.82041633,7.7283225,-61.37371,360.6588,22.694534,0,62,768.98376,16.839388,38.7668
9/8/2026 7:09,40523.953,42406.105,27.61521,24.676764,1.0184354,27.563969,6.9241014,92.98294,145.74358,0.9460871,7.733337,-61.655045,367.59677,22.67623,0,62,768.98376,17.237389,39.665314
9/8/2026 7:39,40529.88,42411.523,27.619162,24.673155,1.018438,27.56749,7.0617795,94.835464,148.64703,0.9410613,7.7461643,-62.384605,380.81946,22.677153,0,62,768.98376,17.6097,40.507908
9/8/2026 8:09,40589.8,42453.13,27.64997,24.63673,1.0184546,27.594534,7.0851994,95.20918,149.22661,0.71304196,7.7474136,-62.4609,387.7193,22.70202,0,62,768.98376,17.912361,41.194355
9/8/2026 8:39,40473.83,42365.707,27.585558,24.707325,1.0184169,27.53771,7.248132,97.29263,152.50233,1.1033046,7.759303,-63.12847,396.3596,22.661995,0,62,768.98376,18.176815,41.794384
9/8/2026 9:09,40477.766,42344.38,27.570911,24.704922,1.0183975,27.523848,7.339975,98.57026,154.49718,1.1352997,7.7662334,-63.529015,398.91544,22.692059,0,62,768.98376,18.351612,42.191772
9/8/2026 9:39,40419.598,42280.184,27.524529,24.740475,1.0183613,27.48212,7.442546,99.92783,156.624,1.6147572,7.755905,-62.942505,400.73218,22.696016,0,62,768.98376,18.41046,42.326515
9/8/2026 10:09,40511.38,42293.37,27.536676,24.684423,1.0183434,27.49069,7.3994393,99.53009,155.97487,1.0388007,7.7739797,-63.991547,398.36707,22.794027,0,62,768.98376,18.323362,42.130352
9/8/2026 10:39,40676.754,42352.848,27.583277,24.584066,1.0183417,27.52935,7.3895006,99.66109,156.14474,0.72116387,7.7582216,-63.123703,389.17365,22.928036,0,62,768.98376,18.15764,41.754887
9/8/2026 11:09,40687.38,42281.137,27.533852,24.577646,1.0182769,27.48274,7.499411,101.29175,158.67303,0.82654905,7.755005,-62.96158,386.24588,23.026476,0,62,768.98376,17.898565,41.1706
9/8/2026 11:39,40701.953,42219.074,27.491232,24.568846,1.0182192,27.442398,7.326049,99.08793,155.1963,0.05586072,7.7243495,-61.235428,382.90326,23.118612,0,62,768.98376,17.593307,40.48164
9/8/2026 12:09,40760.49,42124.77,27.427544,24.533564,1.0181192,27.381102,7.271442,98.6377,154.44168,0.07198695,7.708362,-60.362816,385.30652,23.30436,0,62,768.98376,17.239965,39.685062
9/8/2026 12:39,40772.62,41942.934,27.301489,24.526262,1.017958,27.262907,7.1815386,97.75239,152.99283,0.10313112,7.7015038,-60.019493,381.25818,23.539137,0,62,768.98376,16.878872,38.872715
9/8/2026 13:09,40646.7,41610.336,27.066475,24.602243,1.0177104,27.046719,7.0398107,96.113884,150.36241,0.045995846,7.654256,-57.373047,394.89093,23.787506,0,62,768.98376,16.524,38.078064
9/8/2026 13:39,40328.402,40970.54,26.612505,24.79642,1.0172566,26.630852,6.641597,91.065994,142.36504,0.045775156,7.5954447,-54.08764,396.1164,24.179415,0,62,768.98376,16.171257,37.2939
9/8/2026 14:09,39449.44,39805.637,25.779886,25.348902,1.0165285,25.873663,7.041163,96.67963,151.04335,0.042027295,7.6313267,-56.204796,385.30652,24.531502,0,62,768.98376,15.846663,36.58416
9/8/2026 14:39,37337.812,37460.035,24.105057,26.782501,1.0151827,24.349022,7.0132365,95.87747,149.70692,0.045445126,7.5652413,-52.47593,387.1328,24.829174,0,62,768.98376,15.568948,36.000977
9/8/2026 15:09,33346.125,33251.016,21.132093,29.988491,1.0128574,21.613161,7.762942,104.93229,163.74579,0.04298242,7.636609,-56.624413,376.609,25.149752,0,62,768.98376,15.371212,35.629467
9/8/2026 15:39,31711.977,31480.912,19.897284,31.533827,1.0118638,20.462593,8.015498,108.031685,168.50624,0.046014477,7.6438103,-57.082176,369.47552,25.384285,0,62,768.98376,15.247574,35.384552
9/8/2026 16:09,28429.14,28224.918,17.6448,35.175175,1.0101769,18.346197,8.365619,111.30828,173.61884,0.04070125,7.6754065,-58.894157,363.19556,25.378824,0,62,768.98376,15.268152,35.489143
9/8/2026 16:39,30713.896,30514.053,19.224712,32.55855,1.0113715,19.834133,8.246838,110.64615,172.598,0.039053813,7.649267,-57.387352,350.76443,25.342894,0,62,768.98376,15.447252,35.85716
9/8/2026 17:09,40145.777,41314.293,26.846344,24.90922,1.0176202,26.85429,7.353345,99.7941,156.19377,1.1183578,7.6947174,-59.628487,368.73166,23.519188,0,62,768.98376,15.711608,36.239044
9/8/2026 17:39,40187.465,40982.46,26.61701,24.88338,1.0173156,26.6386,8.324884,113.75923,177.90446,0.43977782,7.8337603,-67.66319,370.1383,23.984375,0,61,768.98376,16.0377,36.99017
9/8/2026 18:09,41356.445,41961.05,27.330515,24.180027,1.0177788,27.274683,10.082308,138.974,217.23427,1.2590181,8.035503,-79.255104,334.13712,24.245619,0,61,768.98376,16.37936,37.74735
9/8/2026 18:39,41560.215,42247.312,27.536001,24.061474,1.0179615,27.460752,10.081566,138.8913,217.14336,1.010825,8.037292,-79.3314,295.1843,24.148495,0,61,768.98376,16.756184,38.593895
9/8/2026 19:09,41732.96,42496.312,27.71474,23.961876,1.018122,27.622602,10.114108,139.26541,217.7633,1.2301772,8.041881,-79.56982,315.85995,24.05954,0,61,768.98376,17.17835,39.543865
9/8/2026 19:39,41642.816,42494.062,27.710653,24.013746,1.0181499,27.62114,9.968139,136.99199,214.25023,1.2272791,8.026524,-78.663826,333.95593,23.951199,0,61,768.98376,17.616835,40.536655
9/8/2026 20:09,41602.04,42484.844,27.70307,24.037283,1.0181552,27.615149,9.9654045,136.85466,214.05046,1.6077667,8.031048,-78.91178,339.43954,23.912077,0,61,768.98376,17.96968,41.336147
9/8/2026 20:39,41550.977,42460.176,27.684397,24.066824,1.0181506,27.599115,9.844253,135.0976,211.31483,1.6293337,8.018842,-78.20606,353.3632,23.8789,0,61,768.98376,18.288654,42.058186
9/8/2026 21:09,41504.965,42458.844,27.682158,24.093504,1.0181646,27.59825,9.784505,134.14609,209.84715,1.6154419,8.011662,-77.78168,357.9456,23.823769,0,61,768.98376,18.540487,42.628635
9/8/2026 21:39,41432.883,42422.363,27.654634,24.13542,1.0181568,27.574537,9.596789,131.44786,205.6427,1.6024969,7.9859676,-76.30348,370.8822,23.778824,0,61,768.98376,18.665632,42.91276
9/8/2026 22:09,41420.33,42417.707,27.65103,24.142735,1.0181568,27.571508,9.342275,127.93677,200.15332,1.8957187,7.96078,-74.863434,372.80383,23.768938,0,61,768.98376,18.695066,42.978527
9/8/2026 22:39,41387.76,42415.9,27.648823,24.161732,1.0181658,27.570333,9.136289,125.030525,195.61981,1.512754,7.9715605,-75.46902,374.1199,23.730919,0,61,768.98376,18.56595,42.68629
9/8/2026 23:09,41420.324,42443.008,27.668673,24.142736,1.0181788,27.587954,8.749919,119.77255,187.39082,1.2764151,7.9310007,-73.15636,371.2303,23.738457,0,61,768.98376,18.335218,42.16297
9/8/2026 23:39,41342.98,42389.527,27.629145,24.187902,1.0181577,27.553192,8.28686,113.3464,177.3465,0.9295993,7.884421,-70.49084,370.80112,23.70739,0,61,768.98376,18.041887,41.49878
9/9/2026 0:09,41255.39,42273.39,27.545649,24.239256,1.0180857,27.477705,8.036378,109.9291,171.98996,0.6065943,7.862898,-69.270134,372.41284,23.739195,0,61,768.98376,17.695791,40.718094
9/9/2026 0:39,41049.004,42123.97,27.435566,24.361128,1.018024,27.380579,7.678543,104.82875,164.03206,0.6372749,7.823589,-67.009926,372.26025,23.663923,0,61,768.98376,17.320951,39.871765
9/9/2026 1:09,40784.074,41911.637,27.280052,24.519375,1.0179272,27.242563,7.5111504,102.32091,160.12833,0.58963907,7.803644,-65.85598,376.50885,23.591448,0,61,768.98376,16.939363,39.010975
9/9/2026 1:39,40446.74,41632.06,27.075813,24.723873,1.0177962,27.060839,7.1673465,97.38146,152.42027,0.14113405,7.7734413,-64.115524,380.19006,23.509354,0,61,768.98376,16.55039,38.133854
9/9/2026 2:09,40072.715,41315.09,26.844748,24.954636,1.0176452,26.854809,6.503773,88.11748,137.94057,0.10511854,7.6763105,-58.56037,401.59528,23.425617,0,61,768.98376,16.186552,37.31454
9/9/2026 2:39,38429.35,39777.484,25.732784,26.021776,1.0168619,25.855364,6.1316147,82.25159,128.8027,0.07244791,7.639756,-56.438446,401.06122,23.225557,0,61,768.98376,15.86167,36.60588
9/9/2026 3:09,38328.25,39731.402,25.698023,26.090416,1.0168562,25.82541,5.818338,77.92994,122.05085,0.050547354,7.51894,-49.54338,409.42017,23.150995,0,61,768.98376,15.534619,35.864117
9/9/2026 3:39,34440.48,36008.36,23.035645,29.035599,1.0149647,23.405436,5.3641167,70.20453,110.03208,0.049184274,7.481721,-47.3547,410.03528,22.720308,0,61,768.98376,15.288836,35.37172
9/9/2026 4:09,30453.268,32184.154,20.341501,32.8372,1.0130739,20.9197,5.1498976,65.712814,103.08354,0.12254166,7.397974,-42.5148,412.99167,22.184256,0,61,768.98376,15.13431,35.083973
9/9/2026 4:39,26214.047,27937.754,17.40515,38.147488,1.010965,18.15954,4.861262,60.51534,94.9937,0.06879097,7.2918625,-36.439896,419.2907,21.769732,0,61,768.98376,15.119649,35.12296
9/9/2026 5:09,22914.125,24552.691,15.105927,43.641205,1.0092962,15.9592495,4.8985214,59.872513,94.02385,0.04522644,7.2447014,-33.73623,423.88263,21.505928,0,61,768.98376,15.248865,35.474335
9/9/2026 5:39,39556.316,40952.477,26.578089,25.280413,1.0175028,26.61911,5.2952743,71.36657,111.759224,0.6512589,7.5179152,-49.495697,400.01694,23.215067,0,61,768.98376,15.51382,35.79482
9/9/2026 6:09,40323.273,41780.234,27.17494,24.799574,1.0179648,27.157152,6.3396955,85.6753,134.17598,0.8005231,7.6287932,-55.804253,393.95633,23.174242,0,61,768.98376,15.857484,36.557724
9/9/2026 6:39,40535.336,41948.305,27.29809,24.669834,1.0180404,27.266397,6.9161005,93.63459,146.62529,1.0508068,7.719821,-61.001778,393.40796,23.236464,0,61,768.98376,16.2078,37.34758
9/9/2026 7:09,40905.863,42291.605,27.547934,24.446373,1.0182157,27.489544,6.9741926,94.637794,148.18393,0.73370934,7.734041,-61.821938,349.95856,23.284483,0,61,768.98376,16.599192,38.22821
9/9/2026 7:39,41035.996,42439.074,27.654457,24.368849,1.0183004,27.585398,6.9704,94.61874,148.15804,0.94951475,7.7369432,-61.984062,327.65213,23.269058,0,61,768.98376,17.018456,39.174667
9/9/2026 8:09,41012.316,42459.68,27.668058,24.38292,1.0183257,27.598793,7.1216755,96.58774,151.25523,1.0281429,7.7561417,-63.066483,336.79785,23.21529,0,61,768.98376,17.454985,40.163048
9/9/2026 8:39,41038.246,42513.12,27.706013,24.367514,1.0183632,27.633528,7.132341,96.69924,151.43808,1.0091194,7.760027,-63.28106,359.28073,23.183653,0,61,768.98376,17.82411,40.997616
9/9/2026 9:09,40943.332,42428.168,27.644009,24.424002,1.0183208,27.57831,7.327632,99.283264,155.48915,1.1154677,7.777752,-64.287186,373.82904,23.167727,0,61,768.98376,18.148142,41.73368
9/9/2026 9:39,40882.98,42350.45,27.588121,24.460056,1.0182737,27.527792,7.565521,102.50624,160.53168,1.1283716,7.7986116,-65.47928,384.06195,23.185833,0,61,768.98376,18.404905,42.31741
9/9/2026 10:09,40870.254,42324.773,27.569891,24.467672,1.0182557,27.511103,7.688438,104.18836,163.1618,1.0489974,7.805418,-65.870285,392.51154,23.200752,0,61,768.98376,18.580425,42.716213
9/9/2026 10:39,40881.824,42305.188,27.556635,24.460749,1.0182351,27.498373,7.718367,104.65595,163.88338,1.826739,7.7967334,-65.38391,396.67908,23.238472,0,61,768.98376,18.605238,42.77273
9/9/2026 11:09,40903.805,42293.59,27.549257,24.447603,1.018218,27.490833,7.6870165,104.30236,163.31807,1.4428983,7.8093786,-66.11347,389.60757,23.27956,0,61,768.98376,18.495705,42.525127
9/9/2026 11:39,41046.71,42328.164,27.577646,24.362488,1.0182015,27.513306,7.491823,101.91439,159.54147,0.8930117,7.7802405,-64.48269,378.4496,23.414959,0,61,768.98376,18.294258,42.069324
9/9/2026 12:09,41124.617,42334.555,27.584423,24.316336,1.0181817,27.51746,7.432258,101.2665,158.50266,0.78008103,7.765268,-63.648224,376.97617,23.503645,0,61,768.98376,18.01033,41.427048
9/9/2026 12:39,41264.77,42288.12,27.556183,24.233747,1.0180955,27.487278,7.428255,101.605644,158.96922,0.25658062,7.7445183,-62.51335,373.48572,23.73301,0,61,768.98376,17.666557,40.65224
9/9/2026 13:09,41386.336,42267.812,27.545486,24.162563,1.0180376,27.474077,7.3223343,100.45946,157.12688,0.20551795,7.724832,-61.426163,375.76978,23.90814,0,61,768.98376,17.279682,39.777702
9/9/2026 13:39,41378.01,42058.18,27.398932,24.167425,1.0178568,27.337818,7.2571836,99.91029,156.19887,0.063406505,7.7057543,-60.386658,374.94962,24.153296,0,61,768.98376,16.887386,38.895496
9/9/2026 14:09,41318.707,41762.902,27.19109,24.202112,1.0176167,27.145885,7.2002597,99.511444,155.49289,0.05011921,7.691471,-59.628487,378.42575,24.443136,0,61,768.98376,16.510038,38.047947
9/9/2026 14:39,41085.996,41282.734,26.84962,24.339193,1.0172703,26.833776,7.078473,98.161415,153.29579,0.04575158,7.638432,-56.653023,391.89163,24.750492,0,61,768.98376,16.12251,37.183884
9/9/2026 15:09,39790.883,39744.01,25.7451,25.131386,1.0163486,25.833609,7.188054,99.59212,155.43864,0.042958125,7.6586123,-57.868958,383.01294,25.061745,0,61,768.98376,15.7708645,36.418396
9/9/2026 15:39,38160.246,38019.215,24.51013,26.205282,1.0153813,24.71249,7.145726,98.53871,153.75558,0.04788947,7.615757,-55.437088,396.42636,25.194212,0,61,768.98376,15.458486,35.74201
9/9/2026 16:09,35036.805,34849.715,22.259092,28.541416,1.0136656,22.652315,7.279267,99.254234,154.84615,0.11620076,7.6382523,-56.74362,380.26636,25.281075,0,61,768.98376,15.243988,35.31414
9/9/2026 16:39,32625.445,32547.906,20.639217,30.650923,1.0124947,21.15614,7.2681,97.92566,152.8193,0.05056184,7.6107426,-55.13668,377.47684,25.124727,0,61,768.98376,15.15053,35.141735
9/9/2026 17:09,28507.266,28677.887,17.949657,35.078777,1.0105997,18.640625,7.2082033,94.90963,148.23479,0.31179202,7.5766687,-53.105354,382.2786,24.688505,0,61,768.98376,15.179282,35.271004
9/9/2026 17:39,28816.588,29012.139,18.179306,34.702236,1.0107836,18.85789,6.67328,87.91684,137.3237,0.04885312,7.4979925,-48.594475,397.9713,24.647102,0,61,768.98376,15.376157,35.714436
9/9/2026 18:09,40127.508,40883.24,26.546394,24.92056,1.0172489,26.574104,7.4030886,101.207146,158.26106,1.5794356,7.657435,-57.60193,392.44952,24.032196,0,61,768.98376,15.674285,36.167747
9/9/2026 18:39,39659.35,40193.95,26.05498,25.214733,1.016801,26.126068,8.464994,115.94972,181.22516,1.2611282,7.886031,-70.72449,373.09473,24.303642,0,61,768.98376,16.025717,36.98074
9/9/2026 19:09,40773.184,41475.254,26.975914,24.525925,1.0175494,26.958916,8.993105,123.423485,192.97308,2.0482035,7.9829593,-76.21765,349.85367,24.113747,0,61,768.98376,16.380352,37.756805
9/9/2026 19:39,41111.777,42001.953,27.352346,24.32393,1.0178969,27.30127,9.250025,126.72636,198.21677,2.0810137,8.02597,-78.61614,346.89728,23.890383,0,61,768.98376,16.775492,38.63893
9/9/2026 20:09,41158.72,42177.684,27.476162,24.296188,1.0180345,27.415495,9.111462,124.5763,194.9077,2.1422086,8.01282,-77.82459,343.82645,23.735136,0,61,768.98376,17.21693,39.6349
9/9/2026 20:39,41174.402,42262.73,27.535864,24.286934,1.0181031,27.470776,8.9400215,122.09477,191.05336,2.4185183,7.9926414,-76.65157,345.66226,23.651752,0,61,768.98376,17.634981,40.578697
9/9/2026 21:09,41176.61,42332.652,27.584637,24.285633,1.018163,27.516224,8.727162,119.05003,186.31573,2.1429532,7.976206,-75.69313,353.02463,23.57023,0,61,768.98376,17.992754,41.386875
9/9/2026 21:39,41163.14,42386.39,27.621658,24.29358,1.0182137,27.551153,8.500063,115.81079,181.27206,1.9876609,7.9549932,-74.46289,363.53412,23.489033,0,61,768.98376,18.31461,42.114166
9/9/2026 22:09,41194.246,42452.508,27.66862,24.275234,1.0182607,27.59413,8.234601,112.14317,175.54387,2.249575,7.928993,-72.97039,370.5341,23.448206,0,61,768.98376,18.520618,42.578766
9/9/2026 22:39,41245.098,42509.25,27.70966,24.245306,1.0182933,27.631014,8.006809,109.05694,170.71434,3.5301607,7.901498,-71.401596,377.00955,23.44302,0,61,768.98376,18.619238,42.801384
9/9/2026 23:09,41197.094,42477.508,27.686115,24.273558,1.0182815,27.61038,7.3694153,100.32403,157.04994,1.8642212,7.8565845,-68.83621,390.09396,23.421812,0,61,768.98376,18.578806,42.710873
9/9/2026 23:39,41106.92,42398.547,27.628435,24.326803,1.0182426,27.559055,7.6062756,103.483505,162.00063,1.8489906,7.8659387,-69.3655,373.57153,23.40503,0,61,768.98376,18.413803,42.338676
9/10/2026 0:09,41068.043,42377.55,27.612648,24.349833,1.0182371,27.545408,7.3725615,100.25391,156.95102,1.6601497,7.852312,-68.58349,370.14786,23.382145,0,61,768.98376,18.147934,41.736614
9/10/2026 0:39,41033.62,42316.234,27.568943,24.37026,1.0181954,27.505552,7.0801177,96.305786,150.76198,1.520745,7.824666,-67.014694,372.27933,23.413076,0,61,768.98376,17.816164,40.986473
9/10/2026 1:09,40927.164,42204.258,27.487844,24.43365,1.0181334,27.432768,6.975818,94.84728,148.4781,0.94877404,7.807089,-66.013336,373.7575,23.415714,0,61,768.98376,17.453682,40.167667
9/10/2026 1:39,40651.055,41930.93,27.289532,24.599607,1.0179877,27.255104,6.7657666,91.86381,143.81108,0.66219413,7.7827163,-64.62097,375.86035,23.401915,0,61,768.98376,17.044044,39.244625
9/10/2026 2:09,40354.01,41672.15,27.100893,24.780684,1.0178615,27.086895,6.567924,88.98917,139.3249,0.61565053,7.763443,-63.50994,381.6778,23.34392,0,61,768.98376,16.642284,38.339314
9/10/2026 2:39,39129.934,40460.17,26.224834,25.555883,1.0172185,26.299112,6.2375607,83.98993,131.51282,0.5223786,7.7150655,-60.739517,390.84735,23.278656,0,61,768.98376,16.232853,37.434715
9/10/2026 3:09,39299.78,40717.953,26.408112,25.445435,1.0173851,26.46667,5.840259,78.58041,123.06419,0.1149816,7.640925,-56.495667,407.97534,23.176481,0,61,768.98376,15.850915,36.56353
9/10/2026 3:39,38470.93,39931.99,25.840532,25.993652,1.0169823,25.955791,5.2911944,70.843605,110.96518,0.055453695,7.569968,-52.437782,401.40454,23.084362,0,61,768.98376,15.500757,35.782375
9/10/2026 4:09,34364.426,35888.316,22.951895,29.099861,1.0148864,23.327406,5.1808023,67.84179,106.31882,0.12951371,7.4922085,-47.96028,414.9944,22.776857,0,61,768.98376,15.180197,35.126762
9/10/2026 4:39,32500.207,34071.957,21.668568,30.769035,1.0139698,22.146772,4.8554845,62.892326,98.59394,0.083038196,7.4167566,-43.640137,408.61432,22.584797,0,61,768.98376,14.996583,34.74081
9/10/2026 5:09,29429.37,31001.268,19.522722,33.97966,1.0124146,20.150824,4.427202,56.389477,88.4347,0.09217008,7.313949,-37.765503,420.35403,22.345324,0,61,768.98376,14.865142,34.493332
9/10/2026 5:39,26017.037,27529.031,17.131268,38.43635,1.0106685,17.89387,4.3789997,54.783787,85.94755,0.07677203,7.260845,-34.72328,423.71097,22.124414,0,61,768.98376,14.878356,34.5815
9/10/2026 6:09,23651.715,25095.936,15.478115,42.28023,1.0094571,16.312359,4.062762,50.213688,78.795265,0.047907107,7.227172,-32.79686,424.83154,21.987017,0,61,768.98376,15.041461,34.995014
9/10/2026 6:39,40092.17,41609.434,27.049398,24.942526,1.0178932,27.046133,5.5668917,75.06574,117.577194,0.717495,7.601434,-54.23069,303.70538,23.090868,0,61,768.98376,15.370987,35.45624
9/10/2026 7:09,40488.812,42083.418,27.3904,24.698181,1.0181715,27.354221,5.9190383,79.865326,125.110855,0.63578093,7.656623,-57.35874,363.39108,23.016148,0,61,768.98376,15.76255,36.335506
9/10/2026 7:39,40718.652,42429.586,27.637861,24.55877,1.0183938,27.579231,6.357023,85.70317,134.28503,1.0952948,7.725519,-61.2545,366.99597,22.888792,0,61,768.98376,16.150705,37.20635
9/10/2026 8:09,40940.76,42637.52,27.78935,24.425535,1.0185006,27.714388,6.6155863,89.31146,139.93214,1.2825482,7.756589,-63.028336,366.18057,22.916494,0,61,768.98376,16.534632,38.0714
9/10/2026 8:39,41102.36,42773.793,27.889212,24.329504,1.0185655,27.802967,6.6007433,89.22233,139.78355,1.3060431,7.753432,-62.856674,359.5859,22.954128,0,61,768.98376,16.965029,39.042236
9/10/2026 9:09,41105.31,42722.17,27.853437,24.327759,1.0185206,27.769411,6.7829423,91.770966,143.76071,1.2635591,7.758888,-63.180923,368.04977,23.018536,0,61,768.98376,17.409708,40.051456
9/10/2026 9:39,41133.332,42713.855,27.848553,24.311184,1.0185047,27.764008,6.8824854,93.18825,145.96991,1.1442498,7.7595596,-63.228607,383.938,23.06269,0,61,768.98376,17.795462,40.92536
9/10/2026 10:09,41178.902,42707.246,27.84539,24.28428,1.0184845,27.75971,6.941042,94.08567,147.35957,1.0363059,7.763256,-63.45272,389.52176,23.126362,0,61,768.98376,18.130728,41.686436
9/10/2026 10:39,41217.69,42690.176,27.834738,24.261427,1.0184575,27.748615,7.0591702,95.79609,150.021,1.4947383,7.7701173,-63.858032,391.5817,23.194117,0,61,768.98376,18.37201,42.232296
9/10/2026 11:09,41262.14,42672.67,27.823942,24.23529,1.0184283,27.737238,7.05429,95.85155,150.08835,1.4637779,7.7566094,-63.10463,396.02106,23.269388,0,61,768.98376,18.47952,42.479042
9/10/2026 11:39,41314.61,42660.598,27.81715,24.204514,1.018401,27.729387,6.2252827,84.70187,132.61162,1.2704568,7.7266965,-61.416626,399.9502,23.348112,0,61,768.98376,18.425951,42.35822
9/10/2026 12:09,41423.703,42645.69,27.810068,24.140768,1.018353,27.7197,7.2997417,99.583565,155.86958,0.8097593,7.785102,-64.77833,390.03674,23.499765,0,61,768.98376,18.258154,41.98145
9/10/2026 12:39,41585.27,42710.332,27.85994,24.046976,1.0183564,27.761717,7.322278,100.13322,156.69656,1.0295618,7.7765303,-64.315796,382.3692,23.620852,0,61,768.98376,17.992579,41.380592
9/10/2026 13:09,41651.043,42646.484,27.81731,24.009003,1.0182797,27.720215,7.246953,99.35314,155.4326,0.868701,7.755715,-63.16185,380.76227,23.777924,0,61,768.98376,17.663818,40.63708
9/10/2026 13:39,41740.086,42565.887,27.763556,23.957785,1.0181803,27.667828,7.324932,100.75553,157.5684,0.5896998,7.7571173,-63.285828,374.76364,23.984264,0,61,768.98376,17.26107,39.729763
9/10/2026 14:09,41847.82,42446.688,27.683182,23.896107,1.0180402,27.590347,7.239648,100.02019,156.33998,0.44679064,7.750413,-62.96158,373.3093,24.261326,0,61,768.98376,16.84314,38.787205
9/10/2026 14:39,41960.62,42294.574,27.579664,23.83187,1.0178679,27.491474,7.1988454,99.96264,156.15645,0.4448664,7.7388783,-62.3703,371.5879,24.586603,0,61,768.98376,16.421848,37.838837
9/10/2026 15:09,41986.867,42070.62,27.42335,23.81697,1.0176599,27.345903,6.803993,94.90305,148.16682,0.046934843,7.709198,-60.73475,382.8079,24.89577,0,61,768.98376,16.028522,36.95595
9/10/2026 15:39,41415.117,41169.45,26.7781,24.145773,1.0170517,26.760141,6.9742875,97.622154,152.29077,0.1095951,7.689765,-59.70478,384.59125,25.312424,0,61,768.98376,15.651063,36.120914
9/10/2026 16:09,40704.527,40323.62,26.170073,24.567291,1.0165406,26.210354,7.0739584,98.98629,154.36421,0.044520337,7.661053,-58.09307,389.65527,25.494566,0,61,768.98376,15.302072,35.34788
9/10/2026 16:39,37524.027,36868.746,23.699644,26.649591,1.0145562,23.964685,6.9798865,97.038315,151.1963,0.05335243,7.6556797,-57.868958,372.81815,25.930546,0,61,768.98376,15.031291,34.799274
9/10/2026 17:09,35299.707,34553.68,22.060352,28.328848,1.0132676,22.459892,7.1063366,98.22274,152.9804,0.05050397,7.656085,-57.930946,368.3025,26.130383,0,61,768.98376,14.848188,34.4268
9/10/2026 17:39,31812.309,31179.844,19.694357,31.434374,1.0115154,20.2669,7.2302375,98.49269,153.42195,0.27638173,7.649185,-57.520866,368.9653,26.062014,0,61,768.98376,14.814004,34.406754
9/10/2026 18:09,27891.387,27483.021,17.139227,35.853363,1.0096843,17.863964,7.08316,94.63602,147.49803,0.046012115,7.6485586,-57.430267,370.89648,25.777948,0,61,768.98376,14.896644,34.65743
9/10/2026 18:39,30970.19,30584.459,19.276701,32.289116,1.011319,19.8799,6.276807,84.70856,132.05591,0.049880207,7.5176125,-49.886703,388.11032,25.660315,0,61,768.98376,15.153753,35.187557
9/10/2026 19:09,41150.67,41991.902,27.34643,24.30094,1.0178751,27.294737,7.063962,96.87709,151.51207,1.2137414,7.71808,-61.04946,369.77594,23.951141,0,61,768.98376,15.492039,35.73211
9/10/2026 19:39,40772.29,41587.97,27.054422,24.526463,1.0176487,27.032179,7.746101,106.09522,165.92232,0.8004867,7.8134327,-66.49971,373.1424,23.973124,0,61,768.98376,15.874264,36.607304
9/10/2026 20:09,41600.676,42577.38,27.767618,24.03807,1.0182362,27.675297,8.470831,116.14175,181.69067,1.390939,7.900915,-71.45405,358.03143,23.79898,0,61,768.98376,16.25069,37.437866
9/10/2026 20:39,41751.473,42789.164,27.91982,23.95125,1.0183706,27.812956,8.467606,116.05918,181.58366,1.737672,7.9136553,-72.164536,336.86462,23.730303,0,61,768.98376,16.695614,38.440315
9/10/2026 21:09,41654.3,42847.418,27.957603,24.007124,1.0184523,27.850822,8.057721,110.09975,172.31686,1.8059993,7.8772492,-70.04261,345.28558,23.542112,0,61,768.98376,17.13478,39.43125
9/10/2026 21:39,41620.332,42851.395,27.959358,24.026718,1.018467,27.853407,7.929095,108.254814,169.44312,1.9424685,7.863224,-69.23199,361.93195,23.495882,0,61,768.98376,17.552868,40.3792
9/10/2026 22:09,41577.82,42845.07,27.953665,24.051285,1.018475,27.849297,7.696699,104.99627,164.35551,2.2888186,7.840907,-67.949295,375.33585,23.451439,0,61,768.98376,17.892517,41.146923
9/10/2026 22:39,41564.754,42862.527,27.965433,24.058846,1.0184944,27.860643,7.5076933,102.35844,160.23663,1.805818,7.818218,-66.64753,379.75613,23.414783,0,61,768.98376,18.206642,41.85836
9/10/2026 23:09,41497.52,42815.145,27.930378,24.097826,1.0184752,27.829845,7.3930264,100.72854,157.69226,2.3647482,7.8064413,-65.97042,385.49725,23.388756,0,61,768.98376,18.386587,42.26578
9/10/2026 23:39,41447.926,42786.69,27.909035,24.12666,1.0184666,27.81135,7.223969,98.36604,154.00098,2.5898068,7.774001,-64.115524,390.13687,23.361816,0,61,768.98376,18.454468,42.420605
9/11/2026 0:09,41460.234,42793.266,27.913992,24.119497,1.0184684,27.815622,5.9255533,80.69865,126.339455,2.4325428,7.659272,-57.578087,407.756,23.369083,0,61,768.98376,18.40191,42.301777
9/11/2026 0:39,41475.992,42828.4,27.938944,24.110332,1.0184934,27.838459,6.741952,91.79397,143.71555,1.9966027,7.7299647,-61.602592,389.96045,23.346739,0,61,768.98376,18.19972,41.84269
9/11/2026 1:09,41443.594,42810.145,27.925234,24.12918,1.018488,27.826595,6.4275584,87.47867,136.96364,1.7155901,7.701079,-59.952736,391.19543,23.328732,0,61,768.98376,17.934034,41.241463
9/11/2026 1:39,41187.094,42578.434,27.756056,24.27945,1.0183715,27.675982,6.264676,85.11901,133.27834,1.6085058,7.6766996,-58.555603,387.70023,23.289156,0,61,768.98376,17.606512,40.50369
9/11/2026 2:09,41198.664,42598.777,27.770563,24.272633,1.0183853,27.689207,6.1109567,83.022606,129.99805,0.9880508,7.652381,-57.168007,390.92365,23.279188,0,61,768.98376,17.230282,39.65036
9/11/2026 2:39,41021.984,42455.293,27.665306,24.377172,1.0183189,27.595942,5.972594,81.02663,126.88295,0.90293044,7.6334553,-56.08082,391.2622,23.232437,0,61,768.98376,16.844078,38.779076
9/11/2026 3:09,40812.46,42276.387,27.534477,24.502321,1.0182327,27.479652,5.847784,79.209755,124.04756,1.126282,7.620798,-55.351257,393.92773,23.187042,0,61,768.98376,16.449223,37.886906
9/11/2026 3:39,40518.227,42014.484,27.343493,24.68025,1.0181029,27.309416,5.3674884,72.55733,113.639496,0.47701725,7.5438533,-50.959587,402.77783,23.135448,0,61,768.98376,16.05762,37.005405
9/11/2026 4:09,39356.777,40920.027,26.549532,25.408585,1.0175409,26.598019,5.0483327,67.76715,106.16172,0.120011486,7.507573,-48.87104,411.33228,22.999865,0,61,768.98376,15.693047,36.198513
9/11/2026 4:39,39009.484,40622.75,26.333443,25.634792,1.0173994,26.404789,4.843264,64.84155,101.59225,0.052048773,7.440771,-45.056343,416.2151,22.920769,0,61,768.98376,15.340677,35.40503
9/11/2026 5:09,35578.547,37283.22,23.93716,28.106825,1.0156758,24.234093,4.4374313,58.260056,91.32884,0.077995405,7.381472,-41.63742,415.9862,22.606167,0,61,768.98376,15.057295,34.819252
9/11/2026 5:39,32516.6,34297.84,21.821253,30.753523,1.0141653,22.293596,3.8976672,50.252052,78.81782,0.111761704,7.2790785,-35.777092,414.67014,22.280918,0,61,768.98376,14.898603,34.510437
9/11/2026 6:09,27611.564,29285.004,18.332472,36.21671,1.011604,19.035254,3.6048234,45.316933,71.10885,0.048293937,7.198638,-31.180382,425.0032,22.008207,0,61,768.98376,14.849083,34.483143
9/11/2026 6:39,26405.37,28093.076,17.51264,37.871086,1.0110247,18.260498,3.6321568,45.3145,71.12258,0.07236735,7.1766396,-29.916763,419.06183,21.854685,0,61,768.98376,14.941175,34.712055
9/11/2026 7:09,29058.938,30863.205,19.420141,34.41282,1.0124421,20.061083,3.0356994,38.355694,60.192352,0.10878907,7.133109,-27.456284,424.06384,21.939257,0,61,768.98376,15.218129,35.295555
9/11/2026 7:39,40311.125,41884.668,27.246986,24.807047,1.0180584,27.225035,5.390602,72.696686,113.87774,0.36891595,7.5455027,-51.03588,400.39365,23.033066,0,61,768.98376,15.612355,35.99754
9/11/2026 8:09,39668.89,41450.773,26.926186,25.208672,1.0178945,26.943003,5.9875784,80.1909,125.67765,0.5315371,7.61796,-55.10807,399.09186,22.749327,0,61,768.98376,15.992863,36.866306
9/11/2026 8:39,40676.48,42369.516,27.594826,24.58423,1.018356,27.540184,6.4797287,87.36562,136.88544,0.7780274,7.691514,-59.32331,379.67984,22.907917,0,61,768.98376,16.41363,37.801697
9/11/2026 9:09,40837.414,42468.375,27.668598,24.487349,1.0183891,27.604445,6.504301,87.86144,137.64322,0.66395414,7.7086515,-60.315132,361.3359,22.989311,0,61,768.98376,16.862011,38.814705
9/11/2026 9:39,40988.5,42568.133,27.742685,24.397087,1.0184262,27.669287,6.480032,87.676834,137.33815,0.7123717,7.70397,-60.06241,373.2759,23.057154,0,61,768.98376,17.349428,39.917824
9/11/2026 10:09,41043.9,42594.03,27.76243,24.364157,1.0184307,27.686121,6.4446545,87.26607,136.68593,0.59223336,7.69831,-59.747696,388.57285,23.094597,0,61,768.98376,17.751781,40.829414
9/11/2026 10:39,41169.76,42656.727,27.809973,24.28967,1.0184442,27.726871,6.4764557,87.84588,137.57513,0.8617031,7.7003694,-59.88121,384.6151,23.17493,0,61,768.98376,18.12083,41.665234
9/11/2026 11:09,41205.1,42670.25,27.820484,24.268839,1.0184444,27.735664,6.729546,91.32864,143.02278,0.7634323,7.7256365,-61.326027,395.34393,23.202272,0,61,768.98376,18.410545,42.321625
9/11/2026 11:39,41283.047,42685.58,27.833569,24.223019,1.0184326,27.745626,6.8014836,92.438614,144.74161,1.2017744,7.7300415,-61.593056,399.4495,23.279722,0,61,768.98376,18.572023,42.688457
9/11/2026 12:09,41297.156,42657.605,27.814535,24.214743,1.0184041,27.727446,6.9611344,94.68262,148.24237,1.189784,7.73538,-61.90777,404.4229,23.330246,0,61,768.98376,18.623573,42.80628
9/11/2026 12:39,41374.73,42678.473,27.83143,24.169342,1.0183971,27.741007,6.884807,93.77015,146.79576,0.98787194,7.737632,-62.05082,393.29352,23.400627,0,61,768.98376,18.501225,42.527275
9/11/2026 13:09,41431.426,42631.887,27.800684,24.136269,1.0183387,27.710726,7.0631566,96.39502,150.87195,0.733538,7.745618,-62.532425,387.3903,23.525717,0,61,768.98376,18.307552,42.093002
9/11/2026 13:39,41491.027,42524.414,27.727497,24.101597,1.0182261,27.64087,7.008577,95.950714,150.12306,0.38317662,7.720305,-61.130524,382.2452,23.727694,0,61,768.98376,17.990593,41.3799
9/11/2026 14:09,41567.875,42450.062,27.677822,24.05704,1.0181363,27.59254,7.0649095,97.008,151.72745,0.11556849,7.7191396,-61.101913,379.64645,23.911945,0,61,768.98376,17.64694,40.604977
9/11/2026 14:39,41590.496,42373.387,27.6249,24.043955,1.0180619,27.542702,6.937783,95.43523,149.23517,0.07419486,7.697418,-59.88598,378.57834,24.03267,0,61,768.98376,17.247602,39.702793
9/11/2026 15:09,41614.54,42196.07,27.50165,24.030064,1.0178982,27.427446,6.9635525,96.13448,150.2616,0.21734926,7.691881,-59.61895,378.0109,24.27845,0,61,768.98376,16.851742,38.811813
9/11/2026 15:39,41519.863,41979.836,27.347963,24.084858,1.0177397,27.286894,6.8786454,95.12401,148.64185,0.052591782,7.6748567,-58.674812,377.3672,24.426336,0,61,768.98376,16.447325,37.90032
9/11/2026 16:09,41500.805,41774.324,27.20373,24.095919,1.0175642,27.153313,6.7300406,93.366806,145.83365,0.043021195,7.631328,-56.228638,392.73563,24.657198,0,61,768.98376,16.043331,36.99185
9/11/2026 16:39,41160.652,41291.883,26.857843,24.295048,1.0172523,26.839724,6.7754393,94.099236,146.92908,0.04567516,7.6429014,-56.92482,387.1471,24.833605,0,61,768.98376,15.694287,36.21094
9/11/2026 17:09,40936.1,41098.336,26.717081,24.428316,1.017158,26.713919,6.597139,91.48526,142.85837,0.040918432,7.5862503,-53.67279,399.95496,24.79333,0,61,768.98376,15.360488,35.457638
9/11/2026 17:39,38364.71,38552.832,24.884579,26.06562,1.0157933,25.059341,6.364808,87.27141,136.29071,0.05058578,7.6020603,-54.569244,388.735,24.744526,0,61,768.98376,15.146611,35.019222
9/11/2026 18:09,34849.125,35089.793,22.419765,28.695126,1.0139699,22.808367,6.6463876,89.69665,140.1053,0.039991807,7.619636,-55.556297,382.13077,24.640913,0,61,768.98376,14.986022,34.71579
9/11/2026 18:39,30250.598,30612.914,19.282635,33.057198,1.0116861,19.898394,6.9094167,91.16976,142.47498,0.09207023,7.613816,-55.174828,377.9346,24.380346,0,61,768.98376,15.020331,34.870365
9/11/2026 19:09,26515.264,27060.56,16.833923,37.714127,1.0099664,17.589365,6.525468,84.247116,131.76071,0.049509093,7.574481,-52.847862,386.5415,23.944975,0,61,768.98376,15.164921,35.25912
9/11/2026 19:39,39047.062,39930.426,25.856005,25.61012,1.0167825,25.954777,5.0114183,68.01143,106.38809,0.39037693,7.502466,-48.718452,399.67838,23.841751,0,61,768.98376,15.463799,35.704758
9/11/2026 20:09,40706.97,41597.703,27.059383,24.565819,1.0176792,27.038507,7.4752545,102.21911,159.88748,0.5005967,7.7458177,-62.618256,384.0715,23.878899,0,61,768.98376,15.830814,36.505985
9/11/2026 20:39,41142.82,42130.27,27.442661,24.305578,1.0179985,27.384676,7.6924376,105.22444,164.6194,0.9473129,7.804693,-65.956116,372.2841,23.77288,0,61,768.98376,16.198124,37.32622
9/11/2026 21:09,41385.13,42454.69,27.675798,24.163269,1.0182005,27.59555,8.152837,111.49141,174.45227,1.0427971,7.8657265,-69.41795,354.4599,23.680992,0,61,768.98376,16.614964,38.263657
9/11/2026 21:39,41411.836,42524.66,27.725353,24.147686,1.0182524,27.64103,8.186671,111.8851,175.08405,1.2358936,7.870617,-69.68498,352.85773,23.629902,0,61,768.98376,17.046177,39.23681
9/11/2026 22:09,41530.44,42726.23,27.869398,24.078724,1.0183879,27.77205,8.168049,111.53588,174.56682,1.5181043,7.879956,-70.1952,365.57498,23.534698,0,61,768.98376,17.49168,40.241714
9/11/2026 22:39,41548.48,42821.723,27.936504,24.06827,1.0184644,27.83412,7.825378,106.725555,167.06482,2.1204479,7.8396854,-67.87777,372.71802,23.44327,0,61,768.98376,17.883999,41.12659
9/11/2026 23:09,41521.293,42872.54,27.971087,24.084028,1.0185168,27.86715,7.3753037,100.4414,157.25339,2.0437467,7.7983103,-65.49835,378.80722,23.349855,0,61,768.98376,18.20256,41.84759
9/11/2026 23:39,41431.734,42815.305,27.928467,24.136087,1.0184964,27.829948,7.1641006,97.469154,152.61102,2.217778,7.7758784,-64.21089,377.09537,23.30812,0,61,768.98376,18.451262,42.41148
9/12/2026 0:09,41209.977,42598.383,27.770634,24.265968,1.0183812,27.688948,6.9172497,94.00078,147.18416,2.1692579,7.744887,-62.441826,389.34534,23.293562,0,61,768.98376,18.583158,42.7143
9/12/2026 0:39,41388.734,42815.605,27.92734,24.161163,1.0185105,27.830143,6.0847335,82.70604,129.50774,3.4052565,7.654471,-57.282448,404.46106,23.255186,0,61,768.98376,18.59678,42.741013
9/12/2026 1:09,41332.16,42784.797,27.904146,24.194235,1.018502,27.810118,6.6301684,90.055504,141.02411,2.7711911,7.7350216,-61.864853,388.95908,23.222399,0,61,768.98376,18.452923,42.415615
9/12/2026 1:39,41287.773,42775.418,27.896229,24.220245,1.0185082,27.804024,6.4099216,86.99332,136.23894,1.2976131,7.6935735,-59.494972,386.73224,23.179163,0,61,768.98376,18.229078,41.907257
9/12/2026 2:09,41117.934,42662.414,27.8123,24.320288,1.0184655,27.73057,6.202558,84.02689,131.61015,1.1807337,7.6625185,-57.7116,389.7888,23.104588,0,61,768.98376,17.920452,41.211422
9/12/2026 2:39,40977.53,42594.48,27.76064,24.403618,1.0184522,27.686413,6.2059727,83.910675,131.44882,1.004112,7.6483426,-56.886673,388.63483,23.012487,0,61,768.98376,17.564613,40.40632
9/12/2026 3:09,40759.58,42437.992,27.645018,24.534111,1.0183879,27.584694,6.1155953,82.511345,129.27501,0.872634,7.638401,-56.30493,390.26562,22.929327,0,61,768.98376,17.179308,39.53625
9/12/2026 3:39,40483.7,42246.293,27.503157,24.7013,1.0183122,27.46009,6.069761,81.660126,127.96599,0.4724384,7.632914,-55.971146,391.07623,22.81561,0,61,768.98376,16.78832,38.652798
9/12/2026 4:09,40232.1,42072.047,27.374245,24.855774,1.0182437,27.346832,5.770096,77.42494,121.35071,0.050262954,7.5921783,-53.634644,397.957,22.7103,0,61,768.98376,16.411713,37.801743
9/12/2026 4:39,39777.88,41775.11,27.153843,25.1396,1.0181357,27.153822,5.4141965,72.27985,113.32694,0.2627343,7.5078588,-48.804283,415.45215,22.496906,0,61,768.98376,16.049627,36.98485
9/12/2026 5:09,38193.543,40394.953,26.14996,26.182436,1.0174712,26.25672,5.018915,66.19467,103.84575,0.055984348,7.4751897,-46.892166,408.4808,22.146746,0,61,768.98376,15.719271,36.261265
9/12/2026 5:39,36665.953,38967.496,25.120846,27.273258,1.0167567,25.328873,4.6905527,61.22857,96.092094,0.048088625,7.413894,-43.377876,426.57678,21.90769,0,61,768.98376,15.39977,35.559704
9/12/2026 6:09,34040.57,36550.87,23.38984,29.37671,1.015579,23.758066,4.511018,57.758877,90.71905,0.047324173,7.352878,-39.84928,420.5686,21.404207,0,61,768.98376,15.209028,35.16839
9/12/2026 6:39,31400.332,34047.56,21.616463,31.846798,1.0143582,22.130913,4.12738,51.84338,81.487495,0.5051843,7.2728634,-35.262108,417.92218,20.929277,0,61,768.98376,15.123694,35.0149
9/12/2026 7:09,27172.465,29776.35,18.641552,36.80196,1.0122321,19.354628,4.1244698,50.427197,79.32192,0.048405606,7.2228184,-32.377243,418.68512,20.421568,0,61,768.98376,15.1394205,35.12179
9/12/2026 7:39,28100.248,30703.186,19.282993,35.586876,1.0126835,19.957071,3.9114773,48.13055,75.693565,0.05027859,7.185128,-30.264854,428.84174,20.561392,0,60,768.98376,15.366645,35.62417
9/12/2026 8:09,39811.44,41623.516,27.050213,25.118408,1.017996,27.055285,4.9422703,66.204865,103.76329,0.16022885,7.4792886,-47.216415,410.5741,22.720688,0,60,768.98376,15.694357,36.184906
9/12/2026 8:39,39552.27,41434.812,26.911352,25.282999,1.0179183,26.932629,5.5644994,74.34775,116.54508,0.5498376,7.570487,-52.38533,405.8296,22.621267,0,60,768.98376,16.082788,37.0695
9/12/2026 9:09,40592.914,42347.895,27.577135,24.634842,1.0183641,27.526133,6.380956,85.90604,134.61621,0.66245055,7.665218,-57.811737,393.0742,22.830263,0,60,768.98376,16.456457,37.89847
9/12/2026 9:39,40875.785,42563.82,27.73609,24.464361,1.0184584,27.666483,6.554509,88.47077,138.6133,0.7311618,7.697491,-59.666634,379.6083,22.923618,0,60,768.98376,16.88039,38.854095
9/12/2026 10:09,40893.32,42551.47,27.728077,24.45387,1.0184422,27.658455,6.8979564,93.16222,145.95474,0.70857847,7.7351475,-61.81717,377.98706,22.959785,0,60,768.98376,17.338615,39.892586
9/12/2026 10:39,40854.645,42511.273,27.698927,24.47702,1.0184202,27.632328,7.0145006,94.720184,148.3956,0.9861782,7.742687,-62.246323,378.78815,22.95973,0,60,768.98376,17.787697,40.911022
9/12/2026 11:09,40813.65,42453.023,27.657179,24.501608,1.0183835,27.594465,7.218447,97.4827,152.71873,1.1785543,7.756023,-63.009262,383.1369,22.97821,0,60,768.98376,18.164803,41.765396
9/12/2026 11:39,40829.12,42434.434,27.644768,24.492323,1.0183626,27.582382,7.4018793,100.02588,156.69196,1.0674547,7.774464,-64.06784,383.67096,23.01935,0,60,768.98376,18.486956,42.4977
9/12/2026 12:09,40729.375,42333.867,27.571785,24.552303,1.0183088,27.517014,7.5914106,102.53699,160.62666,1.4436007,7.7906446,-64.98814,385.01562,23.015657,0,60,768.98376,18.723785,43.03614
9/12/2026 12:39,40773.562,42350.727,27.584883,24.525696,1.0183089,27.527971,7.724117,104.40158,163.53793,1.8467836,7.7720017,-63.934326,385.0967,23.050234,0,60,768.98376,18.82605,43.26834
9/12/2026 13:09,40794.094,42329.875,27.571056,24.513353,1.0182844,27.51442,6.6091843,89.404434,140.03389,1.0910405,7.7219033,-61.092377,395.9686,23.100456,0,60,768.98376,18.769424,43.13993
9/12/2026 13:39,41034.695,42357.332,27.597563,24.369621,1.0182304,27.532267,7.947544,108.031044,169.13142,1.5549233,7.821844,-66.84303,371.17783,23.365147,0,60,768.98376,18.62386,42.813248
9/12/2026 14:09,41206.92,42359.754,27.6044,24.267767,1.0181766,27.533842,7.963093,108.64871,170.03601,1.2364364,7.8129883,-66.38527,365.45102,23.575119,0,60,768.98376,18.363346,42.226772
9/12/2026 14:39,41457.355,42420.145,27.653786,24.121172,1.0181466,27.573095,7.896609,108.222244,169.29768,1.0338538,7.7956038,-65.4459,364.64038,23.811703,0,60,768.98376,18.017351,41.443554
9/12/2026 15:09,41616.4,42414.89,27.654615,24.02899,1.0180895,27.56968,7.7673497,106.8307,167.06013,0.679363,7.771948,-64.139366,365.56546,24.014359,0,60,768.98376,17.628178,40.56398
9/12/2026 15:39,41675.816,42342.504,27.605677,23.99473,1.0180062,27.522629,7.4996448,103.41127,161.66576,0.14293331,7.736546,-62.150955,367.77798,24.175648,0,60,768.98376,17.210749,39.620247
9/12/2026 16:09,41745.277,42217.734,27.520273,23.954805,1.0178732,27.441526,7.4739704,103.436485,161.63469,0.39199576,7.7310896,-61.888695,368.90808,24.414087,0,60,768.98376,16.813543,38.726364
9/12/2026 16:39,41635.535,42004.44,27.368177,24.017944,1.017722,27.302889,7.3137145,101.35297,158.342,0.23982291,7.705881,-60.47249,373.48096,24.54018,0,60,768.98376,16.41064,37.818367
9/12/2026 17:09,41353.62,41637.383,27.104237,24.181679,1.0174934,27.064299,7.044669,97.652374,152.53142,0.09241653,7.6462026,-57.077408,394.22336,24.64319,0,60,768.98376,16.040392,36.98799
9/12/2026 17:39,40409.17,40729.758,26.446857,24.746857,1.0170144,26.474342,6.7375126,92.95504,145.2092,0.120317034,7.63314,-56.319237,384.6294,24.587902,0,60,768.98376,15.693313,36.21774
9/12/2026 18:09,39799.23,40124.633,26.010313,25.126114,1.0166893,26.08101,6.4811983,89.17654,139.30988,0.04967658,7.6048512,-54.69799,393.46997,24.575407,0,60,768.98376,15.36262,35.47991
9/12/2026 18:39,36949.65,37302.805,23.987644,27.063856,1.0151875,24.246824,6.5732894,89.29338,139.51079,0.31378716,7.5980787,-54.297447,386.60352,24.50433,0,60,768.98376,15.16237,35.075554
9/12/2026 19:09,34018.76,34609.266,22.072641,29.395544,1.0138594,22.496023,6.0961156,81.33642,127.17139,0.17104453,7.530247,-50.349236,392.1491,24.106699,0,60,768.98376,15.089477,34.953907
9/12/2026 19:39,29908.951,30845.26,19.431044,33.434807,1.0120631,20.04942,5.747979,74.603096,116.787964,0.17490306,7.4624667,-46.367645,401.2281,23.410732,0,60,768.98376,15.128496,35.104626
9/12/2026 20:09,29132.098,30179.666,18.967016,34.326397,1.0117751,19.616781,5.3306313,68.7181,107.61776,0.050489157,7.3750243,-41.35132,413.0966,23.182667,0,60,768.98376,15.350947,35.620476
9/12/2026 20:39,38933.54,40091.26,25.964096,25.684795,1.0169632,26.05932,6.3224006,85.32101,133.54834,1.5799574,7.5957265,-53.977966,398.27173,23.488106,0,60,768.98376,15.645048,36.11068
9/12/2026 21:09,38487.7,39767.887,25.72788,25.982327,1.0168335,25.849127,7.129812,95.79061,149.98119,1.3383871,7.7115054,-60.544014,389.2881,23.314583,0,60,768.98376,16.011763,36.946392
9/12/2026 21:39,39825.945,41241.516,26.78635,25.10926,1.0176635,26.806986,7.9835095,107.703026,168.66519,1.7878681,7.860741,-69.02218,368.23096,23.20294,0,60,768.98376,16.354197,37.692177
9/12/2026 22:09,40425.09,41931.7,27.283163,24.737112,1.0180619,27.255606,8.53161,115.25556,180.51875,2.0106254,7.9391246,-73.4663,357.2208,23.118843,0,60,768.98376,16.755434,38.585968
9/12/2026 22:39,40972.582,42477.664,27.679317,24.406565,1.0183539,27.610481,8.570562,116.10066,181.83426,2.0016916,7.9505653,-74.12434,353.5873,23.144905,0,60,768.98376,17.180243,39.53736
9/12/2026 23:09,40973.426,42462.918,27.669096,24.406063,1.018341,27.600899,8.427438,114.192795,178.84052,2.1726646,7.9278793,-72.836876,358.95172,23.16348,0,60,768.98376,17.601805,40.49264
9/12/2026 23:39,40973.742,42425.74,27.643269,24.405874,1.018309,27.57673,8.401904,113.91998,178.39952,2.1204252,7.93137,-73.046684,361.35498,23.208143,0,60,768.98376,17.951162,41.286434
9/13/2026 0:09,40886.02,42387.535,27.613985,24.458239,1.0183043,27.551897,8.391866,113.63813,177.97733,2.2886722,7.9379206,-73.40431,365.35565,23.145367,0,60,768.98376,18.229189,41.91626
9/13/2026 0:39,40917.83,42436.44,27.648962,24.439224,1.018336,27.583687,8.386779,113.55376,177.85098,2.5170631,7.921759,-72.47925,367.85428,23.126408,0,60,768.98376,18.44093,42.39554
9/13/2026 1:09,40923.33,42421.93,27.639044,24.43594,1.0183219,27.574255,8.268287,111.99081,175.39584,2.576175,7.8998876,-71.23947,381.61578,23.150463,0,60,768.98376,18.5168,42.56772
9/13/2026 1:39,40895.938,42409.28,27.629402,24.452307,1.0183198,27.566032,7.322373,99.14041,155.275,2.4939315,7.857516,-68.82191,378.65463,23.131716,0,60,768.98376,18.460073,42.43953
9/13/2026 2:09,40814.94,42395.484,27.617275,24.500832,1.018334,27.557066,7.6225905,103.044685,161.41302,2.0591087,7.863301,-69.13185,364.44965,23.048119,0,60,768.98376,18.27113,42.010044
9/13/2026 2:39,40814.29,42410.695,27.627817,24.501223,1.0183471,27.566952,7.3783555,99.715614,156.20328,1.7654072,7.834984,-67.51537,366.51434,23.029238,0,60,768.98376,18.017893,41.43664
9/13/2026 3:09,40565.008,42253.926,27.511076,24.651789,1.0182929,27.465052,6.946911,93.618034,146.68196,1.784539,7.7897215,-64.91184,370.72006,22.907295,0,60,768.98376,17.707136,40.734722
9/13/2026 3:39,40336.977,42088.152,27.388817,24.79115,1.018224,27.3573,6.642102,89.3106,139.95328,1.1189072,7.739929,-62.060356,374.90668,22.821608,0,60,768.98376,17.358252,39.947277
9/13/2026 4:09,40143.77,41918.926,27.265366,24.910465,1.0181415,27.247303,6.44196,86.497795,135.55437,1.0813088,7.7139173,-60.572624,379.7132,22.78286,0,60,768.98376,16.991186,39.118736
9/13/2026 4:39,39851.01,41666.797,27.081417,25.093466,1.01802,27.083418,6.1960406,83.01151,130.10497,0.59934306,7.6817846,-58.732033,383.50885,22.718391,0,60,768.98376,16.63073,38.306164
9/13/2026 5:09,39420.133,41275.953,26.797356,25.367748,1.0178254,26.82937,5.8596377,78.27404,122.69473,0.50885886,7.638678,-56.266785,391.53876,22.646002,0,60,768.98376,16.278568,37.514687
9/13/2026 5:39,39020.996,40911.164,26.532696,25.62723,1.0176431,26.592257,4.7705193,63.553722,99.63139,0.5217485,7.536555,-50.44937,406.8548,22.58106,0,60,768.98376,15.949373,36.775997
9/13/2026 6:09,37539.02,39458.01,25.485523,26.638948,1.0168862,25.647709,4.972935,65.69863,103.01568,0.10934295,7.4925427,-47.926903,406.2015,22.453726,0,60,768.98376,15.669354,36.16713
9/13/2026 6:39,34797.684,36753,23.552118,28.737545,1.0154897,23.88945,4.467923,58.11604,91.16197,0.4747911,7.3804274,-41.52298,417.3166,22.214582,0,60,768.98376,15.428959,35.67012
9/13/2026 7:09,31120.465,33050.824,20.941256,32.133198,1.0135895,21.483036,4.4083753,56.19735,88.191216,0.049604885,7.299978,-36.9215,421.22665,21.942102,0,60,768.98376,15.324806,35.498047
9/13/2026 7:39,26514.232,28287.76,17.643707,37.71559,1.0111581,18.387043,5.3440475,66.553246,104.48033,0.32798862,7.337407,-39.014816,393.06464,21.717491,0,60,768.98376,15.323167,35.579266
9/13/2026 8:09,19127.158,20510.662,12.413295,52.28168,1.0072743,13.33193,5.9408875,71.431366,112.18246,0.14380346,7.339421,-39.09588,397.02716,21.468433,0,60,768.98376,15.483495,36.08073
9/13/2026 8:39,15269.528,16418.508,9.745656,65.48991,1.0052936,10.6720295,6.278395,74.13789,116.45711,0.33749518,7.3374567,-38.967133,395.82553,21.336084,0,60,768.98376,15.791573,36.857822
9/13/2026 9:09,8576.178,9225.17,5.2314444,116.60206,1.0018905,5.996361,6.1244063,70.41422,110.611244,0.694375,7.2415457,-33.535957,400.2792,21.316744,0,60,768.98376,16.141058,37.785797
9/13/2026 9:39,2951.606,3164.026,1.6725025,338.7986,0.9991599,2.0566168,6.9423895,78.43491,123.17829,0.4674118,7.240197,-33.478737,400.87524,21.485025,0,60,768.98376,16.520376,38.762543
9/13/2026 10:09,1790.1123,1917.693,0.9866242,558.62415,0.9986324,1.2465004,7.4075007,83.40787,130.98155,0.2396319,7.20107,-31.266212,420.7689,21.516848,0,60,768.98376,16.888393,39.63287
9/13/2026 10:39,38953.36,40639.574,26.34328,25.671726,1.0174325,26.415724,6.0833635,81.31314,127.419624,0.76102793,7.5752926,-52.695274,389.33102,22.827648,0,60,768.98376,17.291008,39.825413
9/13/2026 11:09,40517.617,42141.2,27.431381,24.680622,1.0182116,27.39178,6.107503,82.379,129.0559,1.0661402,7.616693,-55.07946,403.7649,22.98287,0,60,768.98376,17.729591,40.789566
9/13/2026 11:39,40682.574,42288.812,27.53903,24.58055,1.018285,27.487728,6.0909004,82.24783,128.84416,0.6112028,7.658984,-57.492256,398.54828,23.011383,0,60,768.98376,18.116,41.661552
9/13/2026 12:09,40519.105,42125.72,27.420689,24.679716,1.0181979,27.381718,5.908216,79.7149,124.87797,0.54545516,7.647369,-56.829453,405.27646,23.00322,0,60,768.98376,18.449398,42.420097
9/13/2026 12:39,40535.344,42144.387,27.434156,24.669828,1.0182087,27.39385,6.0630383,81.80698,128.1558,1.3825517,7.6556687,-57.30152,402.08643,23.001081,0,60,768.98376,18.68506,42.953804
9/13/2026 13:09,40566.117,42169.62,27.452633,24.651115,1.0182204,27.410254,5.8354163,78.75554,123.373825,0.6525322,7.637213,-56.25248,403.09253,23.009157,0,60,768.98376,18.818031,43.254333
9/13/2026 13:39,40509.086,42118.08,27.415075,24.68582,1.0181947,27.37675,5.229464,70.550606,110.52219,0.6506246,7.6172237,-55.11284,392.1491,22.999899,0,60,768.98376,18.826971,43.275047
9/13/2026 14:09,40274.773,41896.3,27.253902,24.82944,1.01808,27.232595,5.9299026,79.88834,125.15597,0.25748977,7.644285,-56.648254,393.91342,22.973644,0,60,768.98376,18.709476,43.014885
9/13/2026 14:39,1981.1636,2119.227,1.0959269,504.75388,0.99869907,1.3774977,7.2062283,81.3065,127.66711,0.03300159,7.629854,-55.565834,391.86304,21.589106,0,60,768.98376,18.49191,43.33428
9/13/2026 15:09,2047.1472,2187.8835,1.1333294,488.48465,0.9987177,1.4221244,7.3242936,82.72534,129.88612,0.024640806,6.9326468,-16.145706,427.41602,21.632181,0,60,768.98376,18.192045,42.64133
9/13/2026 15:39,1937.0945,2064.0938,1.0660181,516.23706,0.99863374,1.341661,7.312341,82.79164,129.95998,0.028785393,6.8414636,-11.062622,423.77295,21.778645,0,60,768.98376,17.81081,41.764404
9/13/2026 16:09,741.63434,789.8958,0.39084607,1348.3734,0.99811566,0.51343226,7.423508,83.75762,131.47159,0.025925584,6.761773,-6.6137314,429.00388,21.801125,0,60,768.98376,17.435762,40.919224
9/13/2026 16:39,936.94,995.1028,0.4968668,1067.3042,0.9981649,0.6468168,7.2029033,81.53624,127.95632,0.034305573,6.7116985,-3.8194656,436.35193,21.939842,0,60,768.98376,17.032717,39.985077
9/13/2026 17:09,489.2724,520.6525,0.25399813,2043.8512,0.9980019,0.33842415,6.9332333,78.22923,122.78536,0.03543488,6.7060857,-3.504753,445.03992,21.844465,0,60,768.98376,16.672413,39.15905
9/13/2026 17:39,707.30365,751.56195,0.3712006,1413.82,0.99807465,0.4885153,6.868919,77.66452,121.88486,0.032495804,6.6662908,-1.282692,423.98755,21.916836,0,60,768.98376,16.315945,38.33307
9/13/2026 18:09,941.5275,1000.2502,0.49954152,1062.1039,0.99817,0.65016264,6.560183,74.242424,116.51252,0.029966138,6.6779847,-1.9359589,443.8764,21.926285,0,60,768.98376,16.006641,37.613743
9/13/2026 18:39,1170.807,1244.5056,0.627345,854.11176,0.99827325,0.80892867,6.3317575,71.673546,112.48589,0.03876228,6.694549,-2.861023,446.00787,21.899519,0,60,768.98376,15.7327585,36.976677
9/13/2026 19:09,1439.5134,1531.4504,0.77935696,694.6792,0.99839836,0.9954428,6.2663164,70.937164,111.337814,0.030862186,6.707449,-3.581047,431.2879,21.856932,0,60,768.98376,15.52119,36.4843
9/13/2026 19:39,1696.7604,1806.9731,0.9269677,589.3584,0.99852175,1.1745325,6.132198,69.411194,108.951515,0.03236705,6.7247095,-4.544258,442.341,21.806648,0,60,768.98376,15.347893,36.079887
9/13/2026 20:09,1958.4456,2087.9282,1.0789598,510.60904,0.99864924,1.3571534,5.9814425,67.69477,106.266396,0.027204335,6.7350593,-5.121231,451.28647,21.753147,0,60,768.98376,15.251166,35.850716
9/13/2026 20:39,2277.967,2432.2825,1.2670581,438.9879,0.99880904,1.5809836,5.850874,66.19388,103.92264,0.034204237,6.7337155,-5.044937,451.45337,21.67829,0,60,768.98376,15.312317,35.98534
9/13/2026 21:09,2255.2524,2412.5466,1.2561896,443.40933,0.9988213,1.5681553,5.793987,65.430115,102.7385,0.026845153,6.746135,-5.736351,455.04395,21.58647,0,60,768.98376,15.545835,36.525482
9/13/2026 21:39,2106.4834,2255.591,1.1702437,474.72485,0.9987667,1.4661342,5.602955,63.183197,99.2178,0.02720417,6.72863,-4.758835,454.35254,21.538963,0,60,768.98376,15.808701,37.134666
9/13/2026 22:09,39594.59,41167.64,26.728098,25.255976,1.0176759,26.758966,6.7023835,90.06258,141.0891,1.0781159,7.5063176,-48.799515,396.86505,22.99943,0,60,768.98376,16.12818,37.18049
9/13/2026 22:39,40065.645,41555.285,27.011047,24.95904,1.0178552,27.010935,6.340457,85.52684,133.95523,1.1701963,7.6323113,-55.994987,391.73428,23.123182,0,60,768.98376,16.481836,37.97564
9/13/2026 23:09,40564.61,42062.203,27.378054,24.65203,1.0181289,27.340433,6.422069,86.831154,135.99512,1.1090344,7.678404,-58.62236,391.41003,23.135902,0,60,768.98376,16.837936,38.772205
9/13/2026 23:39,40784.867,42311.477,27.557991,24.518898,1.0182717,27.50246,6.5053473,88.00958,137.84665,1.0001614,7.704113,-60.081482,391.0381,23.110981,0,60,768.98376,17.208887,39.606136
9/14/2026 0:09,41159.07,42709.49,27.846327,24.29598,1.0184927,27.761168,6.5268416,88.42934,138.50687,0.86696696,7.7144547,-60.66799,391.63892,23.099398,0,60,768.98376,17.557005,40.386375
9/14/2026 0:39,41266.723,42829.863,27.933445,24.232601,1.0185614,27.83941,6.4999356,88.09324,137.98283,1.1270767,7.7155795,-60.72998,392.53537,23.089188,0,60,768.98376,17.871054,41.095577
9/14/2026 1:09,41136.203,42710.523,27.846315,24.309486,1.0185009,27.76184,6.4281635,87.04717,136.34882,1.9713362,7.7086134,-60.329437,395.25812,23.070147,0,60,768.98376,18.082197,41.575405
9/14/2026 1:39,41108.22,42680.74,27.824732,24.326036,1.0184845,27.74248,6.3733506,86.29547,135.17116,2.012911,7.696886,-59.661865,401.20905,23.071007,0,60,768.98376,18.20735,41.85951
9/14/2026 2:09,41102.895,42673.957,27.81985,24.329187,1.0184802,27.738071,5.372078,72.73803,113.93481,1.2150731,7.5589504,-51.808357,411.2989,23.072489,0,60,768.98376,18.206907,41.859318
9/14/2026 2:39,40972.543,42550.67,27.730053,24.40659,1.0184164,27.657936,5.7459507,77.74015,121.77296,1.5251775,7.6285906,-55.770874,395.81122,23.058208,0,60,768.98376,18.105667,41.63242
9/14/2026 3:09,40600.215,42183.625,27.463432,24.630411,1.0182214,27.419357,5.2787433,71.27946,111.65735,0.7546025,7.5813456,-53.076744,395.5156,23.034756,0,60,768.98376,17.89574,41.164238
9/14/2026 3:39,38393.297,39989.918,25.878073,26.046213,1.0170587,25.993446,5.492877,73.330696,114.89501,1.0531728,7.573947,-52.633286,394.49518,22.909657,0,60,768.98376,17.620743,40.587864
9/14/2026 4:09,31242.572,32859.617,20.81683,32.007607,1.01337,21.358751,5.1816688,66.5912,104.420456,0.08581535,7.3688316,-40.893555,409.7635,22.423521,0,60,768.98376,17.319977,40.048454
9/14/2026 4:39,31653.893,33266.37,21.101818,31.591692,1.0135747,21.623142,4.921235,63.393566,99.39994,0.1235876,7.3018537,-37.093163,406.83093,22.462214,0,60,768.98376,16.972528,39.2499
9/14/2026 5:09,27467.273,29022.256,18.154808,36.406963,1.0114222,18.864466,4.6825924,59.007626,92.563515,0.060385905,7.1830873,-30.317307,408.56186,22.194818,0,60,768.98376,16.624657,38.53818
9/14/2026 5:39,19852.607,21198.32,12.869547,50.371216,1.0075676,13.778908,4.8510675,58.712227,92.176956,0.042093173,7.0376177,-22.02034,412.39087,21.676332,0,60,768.98376,16.295595,37.93075
9/14/2026 6:09,13142.378,14166.712,8.305924,76.08973,1.0042356,9.208363,5.0227475,58.678085,92.18999,0.036853872,6.931346,-16.050339,422.95758,21.214363,0,60,768.98376,15.972094,37.31057
9/14/2026 6:39,9812.243,10644.7295,6.1002855,101.9135,1.0026406,6.919074,5.1799426,59.386143,93.34659,0.045663632,6.868948,-12.559891,434.35876,20.905424,0,60,768.98376,15.709205,36.76485
9/14/2026 7:09,8421.111,9157.882,5.188745,118.749176,1.0019778,5.9526234,5.174419,58.87326,92.55689,0.03158763,6.853271,-11.68251,446.41797,20.78785,0,60,768.98376,15.472415,36.24305
9/14/2026 7:39,8645.562,9418.481,5.347212,115.66629,1.0021164,6.122013,4.9096236,55.820885,87.76929,0.033049554,6.839274,-10.900497,454.0283,20.703445,0,60,768.98376,15.301055,35.843197
9/14/2026 8:09,7045.081,7706.607,4.311395,141.94301,1.0013762,5.0092945,5.2112246,58.665314,92.26894,0.03066492,6.8494415,-11.458397,451.39136,20.505823,0,60,768.98376,15.270625,35.79906
9/14/2026 8:39,6819.6816,7460.392,4.164063,146.63441,1.001265,4.849255,5.2518115,59.068584,92.90351,0.56207675,6.8578486,-11.925697,442.5699,20.503582,0,60,768.98376,15.335447,35.952866
9/14/2026 9:09,7577.818,8274.305,4.652888,131.96411,1.0016155,5.3782983,4.958539,56.02771,88.10906,0.031765025,6.8336883,-10.585785,449.27423,20.592949,0,60,768.98376,15.526108,36.37914
9/14/2026 9:39,40357.8,41939.89,27.286737,24.778357,1.0180907,27.26093,6.108668,82.387634,129.06015,0.047546927,7.5369835,-50.549507,405.67224,23.024986,0,60,768.98376,15.855965,36.548874
9/14/2026 10:09,40439.46,41940.484,27.289707,24.728321,1.0180647,27.261316,5.618993,75.921135,118.909775,0.08557583,7.562637,-52.027702,398.7581,23.12621,0,60,768.98376,16.158358,37.23477
9/14/2026 10:39,40582.84,42053.47,27.372555,24.640957,1.0181155,27.334755,5.5096183,74.53568,116.731255,0.13580664,7.5619187,-51.994324,394.43793,23.169086,0,60,768.98376,16.495245,37.99624
9/14/2026 11:09,41630.57,43100.45,28.133242,24.02081,1.0186774,28.015293,5.6195893,76.419334,119.67194,0.1283944,7.6009536,-54.22592,387.2663,23.214474,0,60,768.98376,16.86853,38.819633
9/14/2026 11:39,41641.336,43106.992,28.138138,24.014599,1.0186795,28.019545,6.0771923,82.652504,129.4318,0.121181615,7.6499033,-57.01542,385.6403,23.219873,0,60,768.98376,17.294094,39.782883
9/14/2026 12:09,41333.344,42782.8,27.90279,24.193542,1.0185,27.80882,6.147942,83.51057,130.7741,0.1336244,7.663358,-57.783127,387.6001,23.226206,0,60,768.98376,17.668337,40.63839
9/14/2026 12:39,41832.992,43285.81,28.26875,23.904577,1.0187718,28.135777,6.367473,86.70077,135.76588,0.28063777,7.6902523,-59.318542,386.11237,23.242756,0,60,768.98376,17.983715,41.341324
9/14/2026 13:09,41836.72,43294.24,28.274744,23.902449,1.0187778,28.141254,6.451743,87.843,137.5558,1.2725054,7.7044163,-60.124397,388.81604,23.23741,0,60,768.98376,18.235388,41.9109
9/14/2026 13:39,41949.426,43394.484,28.348175,23.838228,1.0188279,28.206415,6.4495864,87.88062,137.6102,1.0969938,7.7040973,-60.110092,389.7697,23.256517,0,60,768.98376,18.408028,42.301826
9/14/2026 14:09,42008.87,43455.027,28.392265,23.804497,1.018861,28.24577,6.3971486,87.189865,136.5283,0.6099965,7.6830025,-58.908463,394.89093,23.257624,0,60,768.98376,18.47068,42.44117
9/14/2026 14:39,42071.098,43510.492,28.4329,23.769287,1.0188886,28.28182,5.8947988,80.37652,125.857216,1.7467408,7.6201143,-55.327415,405.18585,23.26798,0,60,768.98376,18.429754,42.34745
9/14/2026 15:09,41947.504,43199.12,28.21182,23.839321,1.0186611,28.07943,6.655212,90.97433,142.39845,1.0110934,7.7104836,-60.520172,382.55038,23.483078,0,60,768.98376,18.269526,41.99453
9/14/2026 15:39,41744.766,42836.2,27.952456,23.9551,1.0184134,27.84353,6.683273,91.5162,143.20056,0.459017,7.6973763,-59.809685,376.44687,23.66601,0,60,768.98376,18.020575,41.4399
9/14/2026 16:09,41295.58,42321.793,27.580551,24.215668,1.0181144,27.509165,6.6394305,90.82445,142.1019,0.21473162,7.6722474,-58.38871,376.22754,23.730473,0,60,768.98376,17.711563,40.75278
9/14/2026 16:39,40185.855,41170.72,26.747797,24.884378,1.0174816,26.760967,6.512527,88.6899,138.75804,0.29229385,7.6304107,-56.004524,377.24796,23.74757,0,60,768.98376,17.35847,39.9771
9/14/2026 17:09,38303.71,39308.016,25.405317,26.107132,1.0164932,25.55021,6.2636814,84.51779,132.2506,0.23161049,7.569846,-52.53315,382.5218,23.662323,0,60,768.98376,16.990553,39.17931
9/14/2026 17:39,35189.62,36204.54,23.190228,28.417469,1.0148602,23.53295,6.118218,81.3218,127.278755,0.33590406,7.498674,-48.451424,388.0531,23.532309,0,60,768.98376,16.63625,38.436497
9/14/2026 18:09,29071.164,30012.951,18.854235,34.398346,1.0116435,19.508419,5.9888062,77.39647,121.17217,0.24928112,7.3776927,-41.52775,402.2199,23.357103,0,60,768.98376,16.30305,37.79658
9/14/2026 18:39,24122.56,25081.152,15.479909,41.454967,1.0091996,16.30275,5.9138207,74.469215,116.66113,0.33522642,7.249824,-34.19876,417.47394,22.998976,0,60,768.98376,15.983375,37.155285
9/14/2026 19:09,22852.514,23878.604,14.66735,43.75886,1.0086527,15.521092,5.6889596,70.97759,111.23812,0.046910524,7.1840973,-30.431747,428.02158,22.750202,0,60,768.98376,15.670437,36.46034
9/14/2026 19:39,20080.938,21172.59,12.858533,49.798473,1.0074052,13.762183,5.401563,66.13769,103.730286,0.0478674,7.11564,-26.49784,432.5277,22.300539,0,60,768.98376,15.446088,35.990086
9/14/2026 20:09,17606.102,18787.201,11.2846155,56.798492,1.006365,12.211681,5.350337,64.19903,100.78595,0.036108527,7.069378,-23.822784,439.59442,21.708523,0,60,768.98376,15.264972,35.612255
9/14/2026 20:39,14764.682,15933.565,9.432715,67.729195,1.0050989,10.356818,5.2308183,61.447533,96.54932,0.045613334,7.022707,-21.138191,439.19864,21.15917,0,60,768.98376,15.2243,35.56211
9/14/2026 21:09,11382.071,12423.585,7.2042794,87.85747,1.0035415,8.075331,5.174794,59.37295,93.36729,0.039873917,7.000789,-19.879341,440.08557,20.610807,0,60,768.98376,15.298187,35.78612
9/14/2026 21:39,22346.121,23898.152,14.6674595,44.750496,1.0089422,15.533799,3.637449,44.423504,69.7524,0.047464214,6.9091787,-14.834404,448.8546,21.599815,0,60,768.98376,15.506526,36.07508
9/14/2026 22:09,41002.402,42650.7,27.800486,24.388815,1.0184922,27.722954,5.649976,76.362045,119.63094,0.86600345,7.5234737,-49.772263,407.29346,22.97663,0,60,768.98376,15.776413,36.354076
9/14/2026 22:39,41141.207,42778.496,27.893726,24.30653,1.0185573,27.806023,6.1217422,82.81143,129.73041,0.79846,7.6153092,-55.003166,401.14227,22.996145,0,60,768.98376,16.069286,37.014633
9/14/2026 23:09,40631.848,42401.996,27.61591,24.611237,1.0183977,27.561298,6.415255,86.362625,135.33537,0.45952973,7.661669,-57.606697,392.94543,22.8143,0,60,768.98376,16.388685,37.74406
9/14/2026 23:39,41131.074,42894.227,27.973803,24.31252,1.018659,27.881247,6.5909514,88.96519,139.40579,0.69485265,7.7064757,-60.162544,387.1137,22.847921,0,60,768.98376,16.737991,38.525307
9/15/2026 0:09,41120.594,42899,27.976776,24.318714,1.0186663,27.884352,6.683117,90.1812,141.31566,0.8565246,7.716096,-60.70614,384.95844,22.829544,0,60,768.98376,17.10417,39.353283
9/15/2026 0:39,41315.242,43062.21,28.09654,24.204142,1.018744,27.990437,6.5465174,88.47235,138.62695,1.1898848,7.7045317,-60.05764,385.83102,22.875994,0,60,768.98376,17.472965,40.185936
9/15/2026 1:09,41314.12,43061.68,28.096142,24.2048,1.018744,27.990091,6.3729653,86.12548,134.94986,1.6340773,7.686433,-59.02767,386.1219,22.87525,0,60,768.98376,17.773653,40.867516
9/15/2026 1:39,41347.74,43113.793,28.133461,24.18512,1.0187776,28.023966,6.39367,86.39327,135.374,0.8864991,7.6858325,-58.989525,390.94272,22.855358,0,60,768.98376,18.004076,41.38743
9/15/2026 2:09,41470.547,43223.13,28.213497,24.113499,1.0188321,28.095034,6.3782663,86.25859,135.15799,1.6864009,7.6847506,-58.932304,394.50946,22.877104,0,60,768.98376,18.169567,41.760414
9/15/2026 2:39,41479.863,43262.957,28.241495,24.108084,1.018863,28.120924,6.1934967,83.721176,131.18988,2.06322,7.6508455,-56.996346,402.59186,22.842134,0,60,768.98376,18.233932,41.90545
9/15/2026 3:09,41544.312,43320.766,28.283817,24.070684,1.0188919,28.158497,5.9990973,81.128944,127.12556,1.7259169,7.6434336,-56.57673,398.29077,22.85304,0,60,768.98376,18.194649,41.81496
9/15/2026 3:39,41105.188,43054.613,28.084282,24.32783,1.0188029,27.985498,5.6889973,76.54058,119.980865,1.8251343,7.6003203,-54.08287,394.06125,22.629427,0,60,768.98376,18.00489,41.38848
9/15/2026 4:09,40960.242,42994.61,28.037745,24.413918,1.018797,27.946495,5.381488,72.24594,113.26894,2.429811,7.556279,-51.560402,399.60687,22.522682,0,60,768.98376,17.79617,40.91623
9/15/2026 4:39,40778.668,42890.566,27.959412,24.522625,1.0187653,27.878868,5.1555214,69.0563,108.286194,1.3875544,7.5165534,-49.28589,402.16748,22.42203,0,60,768.98376,17.54687,40.352726
9/15/2026 5:09,40097.402,42384.367,27.585562,24.939272,1.0185497,27.549839,5.0142055,66.720825,104.66638,0.7106613,7.4854426,-47.478676,404.56598,22.17499,0,60,768.98376,17.260126,39.711807
9/15/2026 5:39,38256.957,40747.727,26.394077,26.139036,1.0177487,26.486023,4.9270916,64.66814,101.507675,0.051498964,7.446976,-45.23754,405.56256,21.799654,0,60,768.98376,16.958538,39.05967
9/15/2026 6:09,35212.383,37883.387,24.332472,28.399101,1.0163171,24.624203,4.7787375,61.416836,96.47878,0.043133963,7.3669233,-40.631294,410.02576,21.308592,0,60,768.98376,16.65546,38.425034
9/15/2026 6:39,30166.838,32985.8,20.86538,33.148983,1.01389,21.440771,4.752282,58.983486,92.76662,0.043304466,7.2700887,-35.057068,412.32886,20.52566,0,60,768.98376,16.376947,37.882393
9/15/2026 7:09,25159.785,27949.48,17.377867,39.745968,1.0114292,18.167164,4.8416567,58.03739,91.378624,0.036012273,7.1720023,-29.444695,422.13263,19.774237,0,60,768.98376,16.133045,37.41651
9/15/2026 7:39,23501.242,26247.703,16.217701,42.55094,1.0106087,17.061007,4.901917,58.075447,91.471275,0.043981098,7.1265974,-26.865005,427.35876,19.521662,0,60,768.98376,15.908159,36.932735
,,,,,,,,,,,,,,,,,,,
Log Notes,,,,,,,,,,,,,,,,,,,
2026-06-08 11:39:17 Started,,,,,,,,,,,,,,,,,,,
2026-06-22 11:45:59 Paused,,,,,,,,,,,,,,,,,,,
2026-06-22 11:46:42 Resumed,,,,,,,,,,,,,,,,,,,
2026-06-22 11:49:17 Paused,,,,,,,,,,,,,,,,,,,
"2026-06-22 11:54:51 pH Calibrated (Sensor: pH/ORP, Serial Number: 1310280)",,,,,,,,,,,,,,,,,,,
2026-06-22 11:57:34 Resumed,,,,,,,,,,,,,,,,,,,
2026-07-20 10:44:22 Paused,,,,,,,,,,,,,,,,,,,
2026-07-20 10:45:46 Resumed,,,,,,,,,,,,,,,,,,,
2026-07-20 10:48:54 Paused,,,,,,,,,,,,,,,,,,,
"2026-07-20 10:56:16 pH Calibrated (Sensor: pH/ORP, Serial Number: 1310280)",,,,,,,,,,,,,,,,,,,
2026-07-20 11:01:57 Resumed,,,,,,,,,,,,,,,,,,,
2026-08-17 09:05:12 Paused,,,,,,,,,,,,,,,,,,,
2026-08-17 09:06:36 Resumed,,,,,,,,,,,,,,,,,,,
2026-08-17 09:07:50 Paused,,,,,,,,,,,,,,,,,,,
"2026-08-17 09:16:44 pH Calibrated (Sensor: pH/ORP, Serial Number: 1310280)",,,,,,,,,,,,,,,,,,,
2026-08-17 09:19:16 Resumed,,,,,,,,,,,,,,,,,,,
