Location Properties,,,,,,,,,,,,,,,,,
Location Name = Gold star beach,,,,,,,,,,,,,,,,,
Location ID = 5bc79c43-29a4-4b20-9721-fc073a17e972,,,,,,,,,,,,,,,,,
Latitude = 40.897864489864006 °,,,,,,,,,,,,,,,,,
Longitude = -73.4351165123915 °,,,,,,,,,,,,,,,,,
,,,,,,,,,,,,,,,,,
Report Properties,,,,,,,,,,,,,,,,,
Start Time = 2026-08-19 11:07:54,,,,,,,,,,,,,,,,,
Duration = 33.23:00:00,,,,,,,,,,,,,,,,,
Readings = 1631,,,,,,,,,,,,,,,,,
Time Offset = -04:00:00,,,,,,,,,,,,,,,,,
,,,,,,,,,,,,,,,,,
Instrument Properties,,,,,,,,,,,,,,,,,
Device Model = Aqua TROLL 600,,,,,,,,,,,,,,,,,
Device SN = 1005052,,,,,,,,,,,,,,,,,
Device Firmware = 2.45,,,,,,,,,,,,,,,,,
,,,,,,,,,,,,,,,,,
Log Properties,,,,,,,,,,,,,,,,,
Log Name = Log_0426GOLD_1005052,,,,,,,,,,,,,,,,,
Log Type = Linear,,,,,,,,,,,,,,,,,
Log File Number = 1,,,,,,,,,,,,,,,,,
Log ID = df3be925-0d7d-45d2-a4e2-29f3423057ed,,,,,,,,,,,,,,,,,
Log Wrapping Enabled = True,,,,,,,,,,,,,,,,,
Interval = 00:30:00,,,,,,,,,,,,,,,,,
,,,,,,,,,,,,,,,,,
,,,,,,,,,,,,,,,,,
Date Time,Actual Conductivity (µS/cm) (1024259),Specific Conductivity (µS/cm) (1024259),Salinity (PSU) (1024259),Resistivity (Ω⋅cm) (1024259),Density (g/cm³) (1024259),Total Dissolved Solids (ppt) (1024259),pH (pH) (1057264),pH mV (mV) (1057264),ORP (mV) (1057264),RDO Concentration (mg/L) (1003691),RDO Saturation (%Sat) (1003691),Oxygen Partial Pressure (Torr) (1003691),Chlorophyll-a Fluorescence (RFU) (994333),Temperature (°C) (1005052),External Voltage (V) (1005052),Battery Capacity (%) (1005052),Barometric Pressure (mm Hg) (1005052)
8/19/2026 11:07,80.43123,75.6984,0.034923892,12432.981,0.9961855,0.049203962,7.503148,-52.165985,126.99604,7.489731,96.02132,147.28905,0.006141552,28.273413,0.207,99,761.1353
8/19/2026 11:37,41832.074,41940.05,27.328018,23.905102,1.0175972,27.261032,7.5611157,-54.888725,182.63817,5.7650657,81.18074,125.41527,0.50880146,24.86521,0.072,99,761.1278
8/19/2026 12:07,41656.746,41730.094,27.176617,24.005716,1.0174706,27.124561,7.6349816,-59.11827,206.11285,6.4443345,90.73498,140.16406,0.78709245,24.907974,0.054,99,761.1278
8/19/2026 12:37,41673.008,41779.176,27.211405,23.996347,1.0175087,27.156464,7.6156816,-58.00724,213.6278,6.0439067,85.05335,131.3976,0.374668,24.866953,0.045,99,761.1278
8/19/2026 13:07,41407.004,41622.984,27.095495,24.150503,1.0174619,27.054941,7.5439425,-53.8826,218.83011,5.7044616,80.03046,123.670334,0.21950293,24.728325,0.045,99,761.1278
8/19/2026 13:37,41647.746,41875.97,27.278564,24.010902,1.0176038,27.21938,7.543318,-53.84445,212.7266,5.4673986,76.76649,118.62963,0.27327272,24.714659,0.045,99,761.1278
8/19/2026 14:07,41869.402,41884.05,27.289665,23.88379,1.017534,27.224634,7.679851,-61.69796,216.0597,6.6591673,93.94015,145.09482,1.0358698,24.98169,0.045,99,761.1278
8/19/2026 14:37,42019.613,42063.19,27.41893,23.79841,1.017642,27.341076,7.662296,-60.687065,217.27084,6.4668093,91.237045,140.92947,0.34025863,24.94576,0.045,99,761.1278
8/19/2026 15:07,42147.77,42119.863,27.4618,23.726048,1.0176481,27.37791,7.6992574,-62.818527,224.22314,6.8897986,97.37829,150.38988,0.43890995,25.034687,0.045,99,761.1278
8/19/2026 15:37,42278.08,42137.7,27.47742,23.65292,1.0176185,27.389505,7.7376704,-65.04536,210.68573,7.2291684,102.43092,158.15045,0.75751114,25.17442,0.054,99,761.1278
8/19/2026 16:07,42284.69,42249.973,27.556435,23.649221,1.0177169,27.462482,7.6966414,-62.670708,224.36618,6.791874,96.05975,148.35118,0.49557155,25.043018,0.045,99,761.1278
8/19/2026 16:37,42226.387,42319.92,27.604124,23.681875,1.0177994,27.507948,7.6641,-60.777664,224.25652,6.5182714,91.96211,142.06615,0.4619823,24.884283,0.045,99,761.1278
8/19/2026 17:07,42252.055,42307.09,27.595747,23.667488,1.0177791,27.499609,7.671105,-61.187744,183.92563,6.3238497,89.2885,137.92331,0.33688498,24.931896,0.054,99,761.1278
8/19/2026 17:37,42215.344,42324.105,27.606783,23.68807,1.0178069,27.51067,7.630957,-58.879852,202.15512,6.037305,85.14988,131.5471,0.6210833,24.86546,0.045,99,761.1278
8/19/2026 18:07,42217.87,42307.176,27.594965,23.686651,1.017791,27.499666,7.6539025,-60.195923,193.96304,6.309243,89.01646,137.51424,1.0977086,24.889484,0.045,99,761.1278
8/19/2026 18:37,42240.246,42279.754,27.576267,23.674105,1.0177588,27.481842,7.635249,-59.142113,183.90656,5.8977575,83.29077,128.65393,0.87958115,24.951075,0.054,99,761.1278
8/19/2026 19:07,42272.688,42225.387,27.538877,23.655935,1.017699,27.4465,7.67065,-61.187744,192.07,6.1731143,87.32345,134.8551,0.9890532,25.058647,0.054,99,761.1278
8/19/2026 19:37,42230.676,42275.99,27.57339,23.67947,1.0177588,27.479391,7.5975676,-56.98681,208.17279,5.42016,76.535095,118.22052,1.4786202,24.943884,0.054,99,761.1278
8/19/2026 20:07,42141.023,42115.42,27.458523,23.729847,1.0176463,27.375025,7.666993,-60.973167,220.57533,6.408213,90.56548,139.86905,5.10148,25.031824,0.045,99,761.1278
8/19/2026 20:37,42401.62,42072.184,27.434233,23.584003,1.0175163,27.34692,7.7526817,-65.956116,228.55759,7.1137486,101.180984,156.14883,3.2223268,25.40996,0.054,99,761.1278
8/19/2026 21:07,42396.04,42113.7,27.463293,23.587109,1.0175557,27.373905,7.733332,-64.83555,225.06714,7.044159,100.10596,154.50763,3.8038247,25.351007,0.054,99,761.1278
8/19/2026 21:37,42478.305,42030.504,27.406626,23.54143,1.0174516,27.319828,7.770177,-66.99085,221.80557,7.57723,108.030685,166.67114,3.751875,25.557814,0.054,99,761.1278
8/19/2026 22:07,42293.58,41778.76,27.225443,23.64425,1.0172892,27.156195,7.767172,-66.838264,223.91797,7.3790565,105.25496,162.36063,1.6869808,25.645153,0.063,99,761.1278
8/19/2026 22:37,42208.723,41715.49,27.179089,23.691786,1.0172622,27.115068,7.782672,-67.72041,220.82329,7.4214444,105.78428,163.18556,1.8103299,25.619043,0.063,99,761.1278
8/19/2026 23:07,42453.527,41858.09,27.284723,23.555168,1.017304,27.20776,7.7833395,-67.78717,223.19794,7.967514,113.881386,175.6324,2.2341964,25.744774,0.063,99,761.1278
8/19/2026 23:37,42408.094,41824.65,27.260208,23.580404,1.0172898,27.18602,7.8178415,-69.76128,224.8335,8.058457,115.13671,177.57355,1.5201153,25.730356,0.063,99,761.1278
8/20/2026 0:07,42308.324,41771.28,27.2205,23.636011,1.017277,27.151333,7.884982,-73.59505,221.00449,8.655116,123.51254,190.51317,1.9050704,25.673124,0.063,99,761.1278
8/20/2026 0:37,42162.004,41716.547,27.178804,23.718039,1.0172797,27.115755,7.78882,-68.05897,224.58554,7.561048,107.663,166.10349,1.7221849,25.559067,0.054,99,761.1278
8/20/2026 1:07,42146.96,41712.926,27.175926,23.726503,1.0172819,27.113401,7.78921,-68.07804,234.61342,7.5678663,107.731995,166.21463,1.5642228,25.544783,0.054,99,761.1278
8/20/2026 1:37,42024.31,41665.867,27.140137,23.795752,1.017283,27.082813,7.764352,-66.633224,216.12643,7.0003276,99.47096,153.4976,4.8085213,25.450407,0.063,99,761.1278
8/20/2026 2:07,41809.695,41514.316,27.028893,23.917898,1.0172226,26.984306,7.800975,-68.712234,222.37778,7.625158,108.13575,166.89409,1.8732328,25.372517,0.054,99,761.1278
8/20/2026 2:37,42185.34,42010.598,27.385965,23.704918,1.0175369,27.306889,7.638242,-59.366226,218.56308,6.158225,87.27673,134.74146,1.5823362,25.217773,0.054,99,761.1278
8/20/2026 3:07,42193.766,42061.54,27.421942,23.700184,1.0175798,27.340002,7.6352587,-59.185028,227.99492,6.327129,89.60637,138.35234,0.683321,25.16459,0.054,99,761.1278
8/20/2026 3:37,42218.85,42126.945,27.468466,23.686102,1.0176297,27.382515,7.644938,-59.728622,216.72726,6.272252,88.77559,137.08295,1.7010939,25.114223,0.054,99,761.1278
8/20/2026 4:07,42215.496,42143.434,27.479965,23.687984,1.0176457,27.393232,7.633601,-59.075356,224.18976,6.115508,86.5257,133.61517,1.2045825,25.089525,0.054,99,761.1278
8/20/2026 4:37,42214.793,42173.707,27.501205,23.68838,1.017673,27.412909,7.615639,-58.04062,225.1339,6.091354,86.13687,133.0246,1.6273243,25.051006,0.054,99,761.1278
8/20/2026 5:07,42157.11,42229.52,27.53898,23.72079,1.0177426,27.449188,7.593175,-56.729317,225.94452,5.7918463,81.7199,126.23737,0.99866295,24.910227,0.045,99,761.1278
8/20/2026 5:37,42163.703,42264.23,27.563496,23.717081,1.0177714,27.47175,7.5899534,-56.53858,220.71362,5.42855,76.55854,118.27217,2.5190141,24.87547,0.054,99,761.1278
8/20/2026 6:07,42107.203,42272.926,27.568203,23.748905,1.0177987,27.477402,7.5664344,-55.179596,223.50311,5.355509,75.42474,116.538506,1.2521914,24.794746,0.045,99,761.1278
8/20/2026 6:37,42097.684,42273.72,27.568516,23.754276,1.0178025,27.477917,7.5165625,-52.32811,217.90027,4.7023997,66.21197,102.30637,1.7462057,24.781982,0.045,99,761.1278
8/20/2026 7:07,42105.977,42318.19,27.599907,23.749598,1.0178392,27.506826,7.5091863,-51.898956,200.30022,4.7130384,66.32238,102.4856,0.8479552,24.737448,0.045,99,761.1278
8/20/2026 7:37,42084.832,42299.2,27.586063,23.76153,1.0178295,27.49448,7.528395,-52.99568,194.91196,4.8093166,67.66858,104.56641,0.8242197,24.734665,0.045,99,761.1278
8/20/2026 8:07,42113.266,42266.55,27.563873,23.745487,1.0177908,27.473259,7.526825,-52.919388,212.48817,4.724427,66.55287,102.82762,0.42419034,24.810125,0.045,99,761.1278
8/20/2026 8:37,41922.9,42056.965,27.412203,23.853313,1.0176699,27.337027,7.544362,-53.925514,200.56725,5.4550433,76.809265,118.669075,0.80396825,24.833101,0.045,99,761.1278
8/20/2026 9:07,41952.777,41994.594,27.369202,23.836325,1.0176039,27.296486,7.587544,-56.414604,214.25723,6.067975,85.58896,132.2046,1.24694,24.947866,0.045,99,761.1278
8/20/2026 9:37,41798.418,41820.48,27.243387,23.92435,1.017502,27.183311,7.662952,-60.72998,212.05902,6.2207775,87.718605,135.48778,1.1164598,24.972378,0.054,99,761.1278
8/20/2026 10:07,41850.96,41871.137,27.280165,23.894314,1.0175289,27.21624,7.651516,-60.076714,217.05627,6.375975,89.92945,138.90196,0.8898087,24.974773,0.045,99,761.1278
8/20/2026 10:37,41904.23,41857.26,27.271713,23.86394,1.0174979,27.20722,7.6447153,-59.70478,207.3574,6.0283775,85.1465,131.49318,0.78991526,25.058748,0.045,99,761.1278
8/20/2026 11:07,41784.94,41488.996,27.010561,23.932066,1.0172085,26.967848,7.7162533,-63.8628,211.20071,7.034476,99.75026,153.95186,6.1114273,25.373465,0.054,99,761.1278
8/20/2026 11:37,41970.855,41608.562,27.098684,23.826057,1.0172504,27.045567,7.725606,-64.41593,214.02359,7.4245152,105.483444,162.77397,1.0473729,25.45587,0.063,99,761.1278
8/20/2026 12:07,42108.562,41946.016,27.33882,23.748138,1.0175059,27.26491,7.633626,-59.099197,212.91257,5.680273,80.46068,124.22217,1.2910359,25.202888,0.054,99,761.1278
8/20/2026 12:37,42047.32,41653.957,27.132275,23.782728,1.017264,27.075071,7.717467,-63.958168,205.28317,7.370845,104.81041,161.72313,1.1722636,25.49443,0.054,99,761.1278
8/20/2026 13:07,42067.324,41738.41,27.192064,23.77142,1.0173334,27.129967,7.7385125,-65.14549,222.05829,6.756444,95.97113,148.1079,4.0721455,25.412582,0.054,99,761.1278
8/20/2026 13:37,42141.348,41950.176,27.342503,23.729664,1.0174981,27.267614,7.6333356,-59.08966,224.68091,5.8902245,83.48781,128.88675,1.0438435,25.238592,0.054,99,761.1278
8/20/2026 14:07,41998.695,41777.508,27.217962,23.810263,1.017393,27.15538,7.6726995,-61.34987,217.19455,6.6303554,93.974434,145.0649,5.2191505,25.277193,0.063,99,761.1278
8/20/2026 14:37,42136.59,41959.176,27.348715,23.732344,1.0175079,27.273464,7.614976,-58.03585,193.31932,6.325084,89.62801,138.3705,1.2717109,25.221373,0.054,99,761.1278
8/20/2026 15:07,42299.613,42088.07,27.44305,23.640879,1.0175664,27.357244,7.677417,-61.616898,211.77292,6.544773,92.85762,143.34483,0.9349857,25.263151,0.054,99,761.1278
8/20/2026 15:37,42493.11,42226.78,27.545044,23.533228,1.0176234,27.447407,7.718998,-64.01062,197.37244,6.8417983,97.24065,150.09132,1.3221265,25.330215,0.054,99,761.1278
8/20/2026 16:07,42507.04,42254.297,27.564714,23.525515,1.0176432,27.465292,7.72756,-64.496994,180.48764,6.9031205,98.09431,151.41397,1.1932245,25.313166,0.036,99,761.1278
8/20/2026 16:37,42498.652,42330.594,27.618172,23.530157,1.0177146,27.514887,7.725874,-64.377785,193.93921,7.06418,100.231346,154.74431,1.0910912,25.207863,0.054,99,761.1278
8/20/2026 17:07,42509.23,42329.52,27.617657,23.524303,1.01771,27.514189,7.713402,-63.667297,210.87646,7.044455,99.976105,154.34595,1.6226014,25.222279,0.054,99,761.1278
8/20/2026 17:37,42439.77,42320.02,27.60935,23.562805,1.0177257,27.508013,7.7120943,-63.5767,215.82126,6.9310293,98.23574,151.68094,1.7365762,25.148148,0.054,99,761.1278
8/20/2026 18:07,42410.17,42322.484,27.610376,23.579248,1.0177381,27.509615,7.6978183,-62.75177,216.30287,6.734949,95.392006,147.30132,2.663132,25.108475,0.054,99,761.1278
8/20/2026 18:37,42343.832,42284.773,27.582298,23.61619,1.0177274,27.485104,7.660508,-60.61077,209.47456,6.275143,88.81087,137.14832,1.096862,25.073124,0.045,99,761.1278
8/20/2026 19:07,41770.555,41440.363,26.97611,23.94031,1.0171696,26.936235,7.851768,-71.63048,175.25673,7.9307847,112.5227,173.64961,1.888467,25.417164,0.054,99,761.1278
8/20/2026 19:37,41659.477,41463.64,26.98992,24.004143,1.0172304,26.951366,7.8113956,-69.27967,171.11778,7.426547,105.06847,162.1998,1.1521459,25.247278,0.054,99,761.1278
8/20/2026 20:07,41621.332,41518.145,27.027248,24.026142,1.0172929,26.986794,7.761516,-66.399574,171.8855,7.0083838,98.972786,152.82428,1.7076566,25.130125,0.054,99,761.1278
8/20/2026 20:37,41832.566,41768.707,27.2079,23.904821,1.0174437,27.14966,7.720603,-64.04877,187.55435,6.600566,93.22871,143.96875,0.92562574,25.080048,0.054,99,761.1278
8/20/2026 21:07,41919.25,41871.633,27.282154,23.855389,1.0175055,27.216562,7.6778183,-61.597824,190.97806,6.3955545,90.33936,139.51239,2.3480234,25.059542,0.045,99,761.1278
8/20/2026 21:37,41511.445,41380.35,26.928116,24.089743,1.0172079,26.897228,7.7567086,-66.132545,193.77708,6.8664126,96.97318,149.72635,1.854014,25.165861,0.045,99,761.1278
8/20/2026 22:07,41314.598,41259.61,26.83894,24.20452,1.017169,26.818745,7.7463245,-65.517426,208.07742,6.7745457,95.46828,147.43013,0.98429304,25.069778,0.054,99,761.1278
8/20/2026 22:37,41160.773,41088.4,26.71549,24.294975,1.0170696,26.707458,7.757161,-66.14208,208.11081,6.545246,92.20798,142.38914,0.9984276,25.092222,0.054,99,761.1278
8/20/2026 23:07,41238.72,41172.656,26.776287,24.249056,1.0171177,26.762226,7.680565,-61.75995,203.77159,5.9128127,83.31536,128.65904,0.8774586,25.084005,0.054,99,761.1278
8/20/2026 23:37,40953.133,40947.574,26.61211,24.418156,1.0170166,26.615923,7.76408,-66.51878,207.61014,6.575974,92.449974,142.78621,1.157597,25.007109,0.054,99,761.1278
8/21/2026 0:07,40435.78,40556.105,26.326399,24.730572,1.0168492,26.361467,7.780653,-67.42954,212.60739,6.5716186,91.97851,142.10217,0.79537064,24.844666,0.045,99,761.1278
8/21/2026 0:37,39855.188,40019.516,25.938505,25.090837,1.0165746,26.012686,7.8350587,-70.524216,211.36284,7.1251397,99.40212,153.58871,0.9685601,24.785013,0.045,99,761.1278
8/21/2026 1:07,39749.76,39990.188,25.915556,25.157383,1.0165863,25.993622,7.812261,-69.19861,218.03856,6.9115977,96.24274,148.7351,1.0751423,24.685228,0.036,99,761.1278
8/21/2026 1:37,39970.645,40248.438,26.100693,25.01836,1.0167391,26.161486,7.7620125,-66.31851,220.63255,6.6717997,92.92629,143.62247,1.0931922,24.63864,0.036,99,761.1278
8/21/2026 2:07,40036.727,40324.51,26.155289,24.977066,1.0167836,26.210934,7.741684,-65.15503,229.61617,6.649714,92.627785,143.16443,1.2629371,24.626348,0.045,99,761.1278
8/21/2026 2:37,39881.44,40248.67,26.098652,25.07432,1.0167711,26.161638,7.7147655,-63.59577,229.04396,6.3594894,88.39543,136.6496,1.2955666,24.5223,0.045,99,761.1278
8/21/2026 3:07,40038.23,40391.633,26.202055,24.97613,1.0168433,26.254562,7.663068,-60.64892,226.53104,5.8742237,81.726685,126.33585,3.2528977,24.541916,0.045,99,761.1278
8/21/2026 3:37,40749.254,40950.277,26.609102,24.540327,1.0170915,26.617682,7.60208,-57.206154,222.2538,5.4128456,75.7481,117.04961,0.9141933,24.742989,0.045,99,761.1278
8/21/2026 4:07,41072.918,41318.6,26.874365,24.346943,1.0173069,26.857092,7.6096935,-57.63054,216.4936,5.627217,78.79275,121.76682,1.0998554,24.688684,0.045,99,761.1278
8/21/2026 4:37,40713.37,41342.81,26.882015,24.561954,1.017453,26.872826,7.576385,-55.63736,219.2688,5.521925,76.66836,118.59109,0.75659764,24.202887,0.036,99,761.1278
8/21/2026 5:07,40819.41,41451.664,26.960714,24.49815,1.0175127,26.94358,7.5896034,-56.390762,217.09918,5.512235,76.5664,118.4337,0.6102768,24.201422,0.036,99,761.1278
8/21/2026 5:37,40684.29,41340.727,26.879784,24.579514,1.0174611,26.871471,7.6188188,-58.050156,180.27783,5.8189406,80.74284,124.901375,0.75297076,24.168655,0.036,99,761.1278
8/21/2026 6:07,40474.746,41182.39,26.763885,24.706764,1.0173934,26.768555,7.5975523,-56.824684,180.07278,5.6200833,77.83829,120.42339,0.20196782,24.100357,0.036,99,761.1278
8/21/2026 6:37,40698.26,41365.05,26.89711,24.571074,1.0174779,26.887283,7.591929,-56.51474,179.72946,5.590859,77.568405,119.99364,0.658044,24.15604,0.036,99,761.1278
8/21/2026 7:07,40753.465,41441.055,26.95155,24.53779,1.0175259,26.936686,7.582559,-55.975914,181.6702,5.5369835,76.81172,118.828445,0.48107,24.131308,0.036,99,761.1278
8/21/2026 7:37,40589.36,41318.96,26.862066,24.637,1.0174744,26.857325,7.5806518,-55.856705,173.79285,5.473246,75.81414,117.297165,0.53736186,24.075506,0.036,99,761.1278
8/21/2026 8:07,40495.504,41236.414,26.802053,24.6941,1.0174338,26.803669,7.5747647,-55.51815,169.4107,5.4047365,74.81803,115.75945,1.3568274,24.059298,0.036,99,761.1278
8/21/2026 8:37,40488.793,41235.023,26.8009,24.698193,1.0174348,26.802765,7.57462,-55.508614,192.77097,5.5159864,76.34857,118.12897,0.41497734,24.052515,0.036,99,761.1278
8/21/2026 9:07,40541.887,41279.902,26.833588,24.665848,1.0174563,26.831936,7.522457,-52.537918,192.51346,4.919895,68.12438,105.40204,0.037173383,24.063963,0.036,99,761.1278
8/21/2026 9:37,40346.246,41104.812,26.70642,24.785454,1.017369,26.718128,7.5413775,-53.6108,201.8404,5.146809,71.176735,110.13069,0.03892076,24.0338,0.036,99,761.1278
8/21/2026 10:07,39497.293,40382.85,26.1818,25.318192,1.0170252,26.248856,7.5614624,-54.721832,204.41055,5.4770226,75.274086,116.50889,0.19001311,23.85188,0.027,99,761.1278
8/21/2026 10:37,40086.305,40852.574,26.523964,24.946177,1.017236,26.554173,7.490466,-50.706863,200.66739,4.6959367,64.85551,100.35284,0.030583015,24.017963,0.036,99,761.1278
8/21/2026 11:07,40137.973,40834.316,26.512661,24.914064,1.0172021,26.542307,7.505173,-51.560402,202.08835,5.01545,69.37245,107.324585,0.12504604,24.10718,0.036,99,761.1278
8/21/2026 11:37,38850.516,39495.598,25.549648,25.739685,1.0164658,25.672138,7.6657414,-60.720444,198.41194,6.3896456,87.95188,136.059,0.53571916,24.144869,0.036,99,761.1278
8/21/2026 12:07,40013.17,40595.844,26.34352,24.99177,1.0170343,26.387299,7.609682,-57.54471,198.72665,5.6407294,78.13929,120.85619,0.038865212,24.248531,0.036,99,761.1278
8/21/2026 12:37,39857.137,40466.15,26.249275,25.08961,1.0169736,26.302998,7.604621,-57.24907,206.27975,5.5366473,76.60704,118.49423,0.2694711,24.212044,0.036,99,761.1278
8/21/2026 13:07,39608.793,40234.445,26.081806,25.24692,1.016855,26.15239,7.642679,-59.41391,213.31787,6.324979,87.39055,135.18047,0.4018069,24.185854,0.036,99,761.1278
8/21/2026 13:37,39601.375,40204.777,26.061008,25.251648,1.0168312,26.133104,7.68272,-61.70273,218.7109,6.5362387,90.34373,139.74135,0.61297536,24.214226,0.036,99,761.1278
8/21/2026 14:07,39775.12,40360.297,26.17357,25.141344,1.0169083,26.234192,7.6494265,-59.809685,224.55692,6.39891,88.544,136.95084,0.16666321,24.240898,0.036,99,761.1278
8/21/2026 14:37,39907.598,40472.176,26.25478,25.057886,1.0169613,26.306915,7.600664,-57.034492,206.4848,6.0512652,83.8147,129.62915,0.24983925,24.269646,0.036,99,761.1278
8/21/2026 15:07,40407.395,40947.117,26.59827,24.747946,1.0172086,26.615625,7.5647483,-54.99363,225.16727,5.484222,76.1639,117.78754,0.037238177,24.309896,0.036,99,761.1278
8/21/2026 15:37,40238.29,40855.16,26.529818,24.851952,1.0171857,26.555855,7.60279,-57.144165,228.23334,5.7057076,79.06964,122.30394,0.081656925,24.209478,0.036,99,761.1278
8/21/2026 16:07,40558.68,41121.23,26.72352,24.655636,1.0173104,26.7288,7.631551,-58.79879,237.04053,6.1317334,85.178635,131.7352,0.19087502,24.283752,0.036,99,761.1278
8/21/2026 16:37,40578.473,41108.887,26.715431,24.643608,1.0172926,26.720778,7.657993,-60.315132,237.95605,6.5417466,90.93491,140.62712,0.6209487,24.32447,0.036,99,761.1278
8/21/2026 17:07,40470.918,41001.055,26.637497,24.7091,1.0172343,26.650684,7.6763053,-61.359406,237.38385,6.6924305,92.98567,143.79893,0.43140078,24.323046,0.045,99,761.1278
8/21/2026 17:37,40764.008,41281.6,26.840673,24.531445,1.0173815,26.83304,7.698299,-62.618256,206.65169,6.737801,93.758644,144.98882,0.58011657,24.343555,0.054,99,761.1278
8/21/2026 18:07,40874.523,41361.492,26.899279,24.465117,1.0174141,26.88497,7.7104373,-63.319206,194.24915,6.873023,95.73936,148.04077,0.7648504,24.383585,0.036,99,761.1278
8/21/2026 18:37,40845.387,41328.56,26.875546,24.482569,1.0173949,26.863564,7.708248,-63.19523,181.28873,6.822761,95.033424,146.94803,1.1742609,24.387903,0.036,99,761.1278
8/21/2026 19:07,40938.074,41438.707,26.954807,24.427137,1.0174606,26.93516,7.6940317,-62.379837,199.68987,6.664033,92.83139,143.54852,0.9116422,24.367472,0.036,99,761.1278
8/21/2026 19:37,40909.43,41408.117,26.932713,24.444242,1.0174434,26.915277,7.6717076,-61.10668,184.50737,6.431079,89.57815,138.51741,1.2824656,24.369463,0.036,99,761.1278
8/21/2026 20:07,40873.375,41352.46,26.892946,24.465805,1.0174065,26.879099,7.6956077,-62.475204,170.01152,6.6477814,92.61435,143.20601,1.2201815,24.39343,0.036,99,761.1278
8/21/2026 20:37,40859.28,41357.54,26.896122,24.474243,1.0174159,26.8824,7.6524844,-60.009956,177.00195,6.232096,86.787994,134.20297,0.52489567,24.36924,0.036,99,761.1278
8/21/2026 21:07,40839.805,41330.14,26.876505,24.485916,1.0173984,26.864592,7.654373,-60.11963,203.41873,6.2567906,87.13682,134.73996,1.263628,24.378853,0.036,99,761.1278
8/21/2026 21:37,40179.066,40655.52,26.389328,24.888582,1.0170292,26.426086,7.6607814,-60.486794,207.20004,6.3391447,88.04969,136.14961,0.9652405,24.386429,0.045,99,761.1278
8/21/2026 22:07,40392.438,40849.07,26.529583,24.757109,1.0171267,26.551895,7.6965322,-62.532425,216.43161,6.4775105,90.08848,139.29482,0.50909066,24.41474,0.036,99,761.1278
8/21/2026 22:37,40300.754,40748.02,26.456852,24.81343,1.0170687,26.486212,7.637746,-59.18026,192.76619,5.80123,80.66424,124.7206,0.08305814,24.42532,0.036,99,761.1278
8/21/2026 23:07,40567.55,41060.145,26.681177,24.650244,1.0172532,26.689095,7.5664697,-55.103302,200.89627,5.028238,69.94028,108.15028,0.82923967,24.37189,0.045,99,761.1278
8/21/2026 23:37,39884.62,40258.707,26.105707,25.07232,1.016779,26.16816,7.73418,-64.702034,200.38605,7.058208,98.09636,151.64868,0.6837823,24.513508,0.036,99,761.1278
8/22/2026 0:07,40151.457,40565.29,26.325806,24.905697,1.0169584,26.36744,7.6576576,-60.32467,196.00868,6.1462784,85.45857,132.12349,0.8606935,24.465883,0.036,99,761.1278
8/22/2026 0:37,40003.633,40361.055,26.179913,24.99773,1.0168283,26.234686,7.7061086,-63.10463,208.92621,6.661452,92.658295,143.23578,0.6193992,24.536354,0.036,99,761.1278
8/22/2026 1:07,39757.355,40053.7,25.959929,25.152578,1.0166407,26.034906,7.787335,-67.75856,219.97452,7.517044,104.56742,161.62234,0.8931477,24.612637,0.045,99,761.1278
8/22/2026 1:37,39679.684,40052.883,25.957445,25.201815,1.0166678,26.034374,7.7390304,-64.9786,221.72928,6.994355,97.12435,150.14642,0.60089546,24.512165,0.045,99,761.1278
8/22/2026 2:07,39424.023,39832.34,25.797808,25.365244,1.0165615,25.89102,7.63519,-59.041977,225.15775,6.197585,85.9083,132.81943,0.6467689,24.463306,0.036,99,761.1278
8/22/2026 2:37,40259.742,40701.133,26.423151,24.838709,1.0170414,26.455738,7.4608154,-49.085617,222.28241,3.9780595,55.309586,85.51692,0.90002,24.432215,0.036,99,761.1278
8/22/2026 3:07,39987.062,40368.234,26.18449,25.00809,1.0168405,26.239353,7.597281,-56.886673,227.45609,5.8959413,81.96864,126.71845,0.9077399,24.505638,0.045,99,761.1278
8/22/2026 3:37,40356.863,40720.902,26.439377,24.778933,1.0170249,26.468588,7.576142,-55.685043,230.70813,5.3123336,73.99665,114.38862,1.0807052,24.531944,0.045,99,761.1278
8/22/2026 4:07,40675.562,41049.68,26.676643,24.584785,1.0172062,26.682293,7.5224557,-52.61898,236.08685,4.932918,68.794,106.34784,0.70858073,24.522842,0.045,99,761.1278
8/22/2026 4:37,40468.496,40931.08,26.588676,24.710579,1.0171729,26.6052,7.54245,-53.739548,216.63666,5.2892776,73.57926,113.769646,0.5884166,24.408298,0.027,99,761.1278
8/22/2026 5:07,40136.64,40824.676,26.50592,24.91489,1.017194,26.536041,7.623678,-58.317184,229.69724,5.823712,80.56382,124.63611,0.69935805,24.117622,0.036,99,761.1278
8/22/2026 5:37,40254.188,40979.477,26.616737,24.842136,1.0172902,26.63666,7.6070137,-57.35874,229.60663,5.786195,80.03346,123.82564,0.5697496,24.07336,0.036,99,761.1278
8/22/2026 6:07,40372.098,41099.94,26.703728,24.769583,1.0173559,26.714962,7.603083,-57.13463,225.63458,5.5766435,77.17263,119.39954,1.2261381,24.072824,0.036,99,761.1278
8/22/2026 6:37,40387.637,41165.438,26.749725,24.760052,1.0174084,26.757534,7.5955935,-56.69594,229.51126,5.618667,77.69002,120.213615,0.93054456,24.010757,0.036,99,761.1278
8/22/2026 7:07,40499.324,41289.805,26.839315,24.69177,1.0174795,26.838373,7.5973115,-56.791306,221.7865,5.657267,78.24581,121.076515,0.5542546,23.997658,0.036,99,761.1278
8/22/2026 7:37,40470.24,41252.914,26.812847,24.709517,1.017457,26.814394,7.591005,-56.433678,203.92896,5.5883408,77.29314,119.60042,0.59765,24.006672,0.036,99,761.1278
8/22/2026 8:07,40372.36,41164.137,26.748411,24.769423,1.0174123,26.75669,7.5821795,-55.92823,194.11563,5.547483,76.68118,118.65645,0.4001239,23.992949,0.036,99,761.1278
8/22/2026 8:37,40238.094,41029.63,26.651186,24.852072,1.0173398,26.66926,7.5231047,-52.56176,182.52373,4.924606,68.02974,105.26981,0.033732217,23.989956,0.036,99,761.1278
8/22/2026 9:07,40409.082,41194.516,26.77054,24.746912,1.0174265,26.776434,7.5206413,-52.423477,188.39836,5.1147156,70.71899,109.428795,0.03482882,24.001757,0.036,99,761.1278
8/22/2026 9:37,40432.508,41213.53,26.784414,24.732574,1.0174352,26.788795,7.5326734,-53.110123,201.94054,5.288602,73.13692,113.16901,0.47611573,24.007818,0.027,99,761.1278
8/22/2026 10:07,40429.61,41205.54,26.77877,24.734346,1.0174291,26.783602,7.4632807,-49.157143,210.13736,4.294594,59.395294,91.904755,0.028410278,24.014097,0.036,99,761.1278
8/22/2026 10:37,40303.695,41068.598,26.68007,24.81162,1.0173517,26.69459,7.474128,-49.77703,206.1081,4.342075,60.0293,92.883934,0.61620784,24.024872,0.036,99,761.1278
8/22/2026 11:07,39964.938,40721.207,26.429384,25.021933,1.017162,26.468784,7.530017,-52.962303,191.9794,5.1281447,70.79837,109.54649,0.034696586,24.02765,0.036,99,761.1278
8/22/2026 11:37,39994.332,40698.953,26.414713,25.003544,1.0171322,26.454319,7.5358343,-53.305626,204.80156,5.3207054,73.53575,113.76836,0.03711784,24.093561,0.036,99,761.1278
8/22/2026 12:07,39626.926,40382.125,26.184809,25.235367,1.0169796,26.248383,7.4837627,-50.325394,203.02295,4.897349,67.50916,104.45837,0.030017404,24.020872,0.036,99,761.1278
8/22/2026 12:37,40008.676,40704.95,26.41926,24.99458,1.0171324,26.458218,7.4938045,-50.911903,181.84186,4.886968,67.55587,104.51472,0.107283406,24.10443,0.036,99,761.1278
8/22/2026 13:07,39591.6,40268.465,26.104977,25.257881,1.0168911,26.174503,7.569296,-55.217743,197.88742,5.725993,79.03346,122.26803,0.031694684,24.11996,0.036,99,761.1278
8/22/2026 13:37,39615.598,40287.26,26.118656,25.242582,1.0168995,26.18672,7.5834093,-56.023598,199.74709,5.6413207,77.8808,120.48323,0.4243277,24.127129,0.036,99,761.1278
8/22/2026 14:07,39682.617,40337.93,26.155607,25.199951,1.0169209,26.219656,7.595297,-56.705475,214.16187,5.788861,79.965775,123.70369,0.055454247,24.149445,0.036,99,761.1278
8/22/2026 14:37,39655.76,40305.324,26.132257,25.217016,1.0169014,26.19846,7.58415,-56.07128,218.3342,5.7677646,79.67317,123.249535,0.11481674,24.156225,0.036,99,761.1278
8/22/2026 15:07,39664.734,40286.406,26.119352,25.211311,1.0168815,26.186165,7.579097,-55.789948,227.87094,5.8484044,80.83197,125.033875,0.2973177,24.19208,0.036,99,761.1278
8/22/2026 15:37,40280.84,40889.688,26.554974,24.825699,1.0172015,26.578299,7.5172887,-52.27089,217.8049,5.0870147,70.51945,109.0764,0.14465082,24.220417,0.045,99,761.1278
8/22/2026 16:07,40266.973,40862.75,26.53586,24.834248,1.0171826,26.56079,7.5408196,-53.61557,221.10461,5.3688025,74.43884,115.13529,0.09729416,24.236652,0.036,99,761.1278
8/22/2026 16:37,40403.72,41011.934,26.643314,24.750196,1.0172671,26.657757,7.5356765,-53.31993,222.74971,5.108746,70.86043,109.603165,0.034519486,24.223547,0.036,99,761.1278
8/22/2026 17:07,40340.06,40967.945,26.611006,24.789255,1.0172503,26.629166,7.5533204,-54.32129,218.7109,5.444167,75.46455,116.73017,0.03227973,24.197578,0.036,99,761.1278
8/22/2026 17:37,40341.57,40993.42,26.628782,24.788326,1.0172724,26.645723,7.6700935,-60.973167,200.93918,6.4755754,89.7231,138.79329,1.0424385,24.167465,0.036,99,761.1278
8/22/2026 18:07,40466.867,41131.477,26.728218,24.711575,1.0173512,26.73546,7.648311,-59.728622,204.5536,6.162145,85.40889,132.12285,0.6974421,24.154024,0.036,99,761.1278
8/22/2026 18:37,40481.152,41154.184,26.744417,24.702854,1.0173663,26.75022,7.6424923,-59.394836,182.68585,6.057635,83.952896,129.87294,0.40520152,24.143774,0.036,99,761.1278
8/22/2026 19:07,40633.03,41309.758,26.856833,24.61052,1.0174514,26.851343,7.6714387,-61.044693,199.6565,6.42887,89.1531,137.91791,0.9994318,24.142319,0.036,99,761.1278
8/22/2026 19:37,40584.223,41294.7,26.84503,24.640118,1.0174547,26.841555,7.646831,-59.633255,202.8227,6.235978,86.407074,133.68039,1.0671425,24.099215,0.036,99,761.1278
8/22/2026 20:07,40640.113,41328.016,26.86975,24.60623,1.0174651,26.86321,7.639283,-59.20887,191.1354,6.143476,85.18104,131.77655,1.6560785,24.128536,0.036,99,761.1278
8/22/2026 20:37,40556.887,41240.12,26.806284,24.656725,1.0174162,26.80608,7.6302347,-58.693886,183.99239,5.9455295,82.412384,127.49245,1.7021462,24.132607,0.036,99,761.1278
8/22/2026 21:07,40666.91,41369.098,26.899086,24.590017,1.0174923,26.889914,7.6109843,-57.592392,187.99782,5.673558,78.65498,121.68445,5.017118,24.111324,0.036,99,761.1278
8/22/2026 21:37,40668.273,41388.617,26.912714,24.589193,1.0175089,26.902601,7.6103916,-57.554245,177.50262,5.819007,80.64575,124.769455,4.23168,24.088776,0.036,99,761.1278
8/22/2026 22:07,40564.156,41260.355,26.820574,24.652306,1.0174315,26.819231,7.5482264,-54.016113,196.60474,5.4308186,75.26282,116.435425,2.7476833,24.116581,0.036,99,761.1278
8/22/2026 22:37,40515.445,41205.53,26.781088,24.681946,1.0173998,26.783594,7.5772324,-55.67074,198.61697,5.112517,70.84383,109.59772,4.8746557,24.123173,0.036,99,761.1278
8/22/2026 23:07,40202.375,40893.434,26.555502,24.874153,1.0172321,26.580732,7.5612807,-54.75998,197.39151,5.546049,76.74133,118.72305,2.401081,24.115232,0.036,99,761.1278
8/22/2026 23:37,39917.06,40542.656,26.304016,25.051947,1.0170206,26.352728,7.62016,-58.131218,186.92017,5.8591895,81.0669,125.39728,3.5287046,24.192114,0.036,99,761.1278
8/23/2026 0:07,39653.652,40294.28,26.12453,25.218357,1.0168923,26.191282,7.606862,-57.36828,199.14627,5.6823053,78.50485,121.43969,1.5779215,24.167603,0.036,99,761.1278
8/23/2026 0:37,39431.797,40006.613,25.919024,25.360245,1.0167147,26.004297,7.663617,-60.620308,204.67282,6.6323333,91.65132,141.75513,1.8424648,24.247747,0.036,99,761.1278
8/23/2026 1:07,39392.777,40011.56,25.921448,25.385365,1.0167328,26.007513,7.6658297,-60.73475,213.66595,6.445437,88.98012,137.63818,1.5237179,24.19031,0.036,99,761.1278
8/23/2026 1:37,39757.457,40389.496,26.193392,25.152514,1.0169405,26.253174,7.5813923,-55.918694,220.98541,5.4326596,75.10286,116.174286,1.2345488,24.180702,0.036,99,761.1278
8/23/2026 2:07,39601.84,40161.91,26.031248,25.251352,1.0167928,26.105242,7.6160474,-57.911873,227.15569,5.9413047,82.186745,127.11126,0.86582375,24.269878,0.036,99,761.1278
8/23/2026 2:37,39752.03,40341.242,26.159729,25.155947,1.0168996,26.221807,7.600863,-57.03926,224.62369,5.56296,76.96301,119.039764,1.1606406,24.235306,0.036,99,761.1278
8/23/2026 3:07,39879.53,40422.85,26.21975,25.07552,1.0169274,26.274855,7.606092,-57.349205,220.01266,5.729472,79.37887,122.76257,1.3935099,24.296288,0.036,99,761.1278
8/23/2026 3:37,40089.184,40693.043,26.41311,24.944384,1.0170939,26.450478,7.5439568,-53.792,218.95886,5.281383,73.15783,113.15678,1.120866,24.22307,0.036,98,761.1278
8/23/2026 4:07,39994.227,40575.56,26.328913,25.003609,1.0170227,26.374113,7.564023,-54.941177,214.64348,5.241501,72.604515,112.2954,0.9315479,24.24989,0.036,98,761.1278
8/23/2026 4:37,40346.58,40926.164,26.582096,24.78525,1.0172111,26.602007,7.5178404,-52.309036,201.49707,4.7952733,66.52989,102.898315,1.592812,24.258549,0.036,98,761.1278
8/23/2026 5:07,40487.97,41166.28,26.75302,24.698696,1.0173745,26.758083,7.4957967,-51.031113,216.8703,4.65122,64.4573,99.71495,1.156339,24.137308,0.036,98,761.1278
8/23/2026 5:37,40283.56,40991.125,26.625631,24.824024,1.0172902,26.644232,7.4780173,-50.01068,214.44797,4.7178173,65.28542,101.00365,1.9350518,24.096258,0.036,98,761.1278
8/23/2026 6:07,40485.98,41284.203,26.835056,24.699907,1.0174792,26.834732,7.521187,-52.452087,189.98624,4.9195914,68.029526,105.26988,1.179341,23.987707,0.036,98,761.1278
8/23/2026 6:37,40499.684,41291.695,26.840643,24.691551,1.017481,26.839603,7.497813,-51.12171,189.32343,4.6999264,65.0032,100.585434,1.0648576,23.995766,0.036,98,761.1278
8/23/2026 7:07,40519.7,41367.48,26.893932,24.679354,1.0175408,26.888863,7.5240536,-52.604675,199.88538,4.8843246,67.49248,104.45036,0.61669034,23.927023,0.036,98,761.1278
8/23/2026 7:37,40513.81,41473.844,26.967762,24.682941,1.017636,26.958,7.54425,-53.73001,182.333,5.197485,71.67466,110.950455,0.52914816,23.788063,0.027,98,761.1278
8/23/2026 8:07,40486.594,41437.71,26.941862,24.699533,1.0176134,26.934513,7.5224442,-52.490234,183.2056,5.0804124,70.06245,108.45281,0.5493401,23.798277,0.036,98,761.1278
8/23/2026 8:37,39836.92,40795.977,26.477797,25.10234,1.0172718,26.517385,7.5153317,-52.080154,172.04285,5.0307307,69.156975,107.05679,0.46935382,23.769186,0.036,98,761.1278
8/23/2026 9:07,40486.07,41428.727,26.935604,24.699854,1.0176058,26.928673,7.4974575,-51.06926,170.12119,4.7711263,65.80686,101.86347,0.42619506,23.808704,0.027,98,761.1278
8/23/2026 9:37,40647.715,41599.062,27.058662,24.60163,1.0177003,27.03939,7.481313,-50.148964,172.95361,4.559465,62.92518,97.40393,0.20439973,23.802647,0.036,98,761.1278
8/23/2026 10:07,40651.492,41621.367,27.074286,24.599342,1.0177186,27.053888,7.484563,-50.330162,173.30646,4.667719,64.399315,99.68986,0.72974044,23.77998,0.027,98,761.1278
8/23/2026 10:37,40590.58,41542.793,27.017897,24.63626,1.0176704,27.002815,7.4647403,-49.204826,165.28607,4.402741,60.745182,94.02992,0.1442338,23.799934,0.027,98,761.1278
8/23/2026 11:07,40476.91,41375.49,26.898315,24.705442,1.0175623,26.894068,7.5258436,-52.695274,187.93582,5.1221657,70.70102,109.42853,1.8862683,23.862951,0.036,98,761.1278
8/23/2026 11:37,40260.28,41142.902,26.73055,24.838375,1.0174319,26.742886,7.4455957,-48.127174,179.33368,4.3657537,60.217106,93.19957,0.03355736,23.87683,0.027,98,761.1278
8/23/2026 12:07,40222.223,41039.137,26.657366,24.861877,1.0173537,26.675438,7.502615,-51.38874,197.75867,5.2194734,72.06489,111.52034,0.460549,23.957813,0.036,98,761.1278
8/23/2026 12:37,40044.043,40790.35,26.47957,24.972504,1.0171957,26.51373,7.5611825,-54.740906,189.538,5.779744,79.83745,123.52942,1.1765785,24.042086,0.036,98,761.1278
8/23/2026 13:07,39973.445,40632.254,26.367785,25.016607,1.0170804,26.410967,7.6332655,-58.870316,202.63672,6.5702834,90.87312,140.5765,0.5565351,24.151106,0.036,98,761.1278
8/23/2026 13:37,40316.22,40979.793,26.618622,24.803913,1.017269,26.636866,7.575631,-55.584908,198.46439,5.8405533,80.89818,125.14544,0.6780951,24.152214,0.036,98,761.1278
8/23/2026 14:07,39978,40642.82,26.375257,25.013758,1.0170882,26.417833,7.6165624,-57.91664,204.15784,6.3432436,87.7251,135.7085,1.0352252,24.143578,0.036,98,761.1278
8/23/2026 14:37,39835.926,40431.582,26.224693,25.102968,1.0169504,26.280529,7.6516438,-59.933662,203.05157,6.46828,89.51101,138.4496,0.755911,24.228666,0.036,98,761.1278
8/23/2026 15:07,39737.363,40243.547,26.091448,25.165234,1.0168177,26.158306,7.726226,-64.21089,209.48886,7.507077,104.01255,160.84612,1.4643161,24.341467,0.036,98,761.1278
8/23/2026 15:37,39614.22,40143.227,26.018583,25.243462,1.0167718,26.093098,7.7005124,-62.737465,208.44937,7.22014,99.94026,154.55766,1.3124909,24.310053,0.036,98,761.1278
8/23/2026 16:07,39677.22,40234.438,26.083576,25.203379,1.0168309,26.152384,7.6790714,-61.507225,203.97662,6.7917104,93.987015,145.3604,1.0130787,24.274904,0.036,98,761.1278
8/23/2026 16:37,40178.07,40747.895,26.453598,24.8892,1.0171115,26.486132,7.6445656,-59.537888,207.96776,6.5875626,91.34397,141.2745,0.8677242,24.267845,0.036,98,761.1278
8/23/2026 17:07,40291.594,40933.035,26.585432,24.819073,1.0172362,26.606474,7.6110034,-57.606697,213.32741,6.1298337,84.92956,131.37518,0.9571952,24.179552,0.036,98,761.1278
8/23/2026 17:37,40119.13,40641.746,26.378204,24.925766,1.0170379,26.417135,7.6370864,-59.12304,215.77359,6.4048734,88.864105,137.42415,1.4510407,24.326744,0.036,98,761.1278
8/23/2026 18:07,40448.58,40906.934,26.571337,24.722748,1.0171585,26.589508,7.6255026,-58.47931,218.35327,6.136785,85.368004,131.99637,1.4450101,24.41336,0.036,98,761.1278
8/23/2026 18:37,40539.883,41064.125,26.683235,24.667067,1.0172663,26.69168,7.54286,-53.749084,206.1081,5.3413606,74.24432,114.8143,1.2478119,24.331602,0.036,98,761.1278
8/23/2026 19:07,40520.797,41014.88,26.648422,24.678686,1.0172292,26.659672,7.569153,-55.25589,181.5939,5.178928,72.01952,111.36601,2.8169913,24.369299,0.036,98,761.1278
8/23/2026 19:37,40557.31,41079.855,26.69465,24.65647,1.0172741,26.701906,7.5932584,-56.624413,178.31326,5.75803,80.044525,123.78342,1.3466375,24.33402,0.036,98,761.1278
8/23/2026 20:07,40717.055,41304.117,26.855135,24.559732,1.0174177,26.847677,7.5830674,-56.028366,189.82887,5.670859,78.79727,121.87221,1.2807927,24.255857,0.036,98,761.1278
8/23/2026 20:37,40741.465,41421,26.93725,24.54502,1.0175124,26.923649,7.555007,-54.40712,185.647,5.254924,72.90537,112.78329,0.75595737,24.14107,0.036,98,761.1278
8/23/2026 21:07,40546.676,41143.47,26.738691,24.662933,1.0173342,26.743256,7.5466604,-53.949356,201.17282,5.3365307,74.08248,114.58328,1.130873,24.240566,0.036,98,761.1278
8/23/2026 21:37,40784.57,41534.188,27.017286,24.519077,1.0175973,26.997223,7.5110216,-51.88465,194.70691,4.9051123,67.98066,105.18137,1.1752845,24.05507,0.027,98,761.1278
8/23/2026 22:07,40787.207,41569.51,27.041971,24.517492,1.0176274,27.020184,7.451145,-48.46573,173.68317,4.2064276,58.264435,90.15482,0.41511044,24.014702,0.036,98,761.1278
8/23/2026 22:37,40748.258,41495.387,26.989267,24.540926,1.0175755,26.972002,7.5145288,-52.084923,188.19333,4.917857,68.14895,105.44134,1.5339566,24.057322,0.036,98,761.1278
8/23/2026 23:07,40651.15,41376.848,26.904055,24.59955,1.0175042,26.89495,7.4730406,-49.72458,201.98346,4.4378343,61.493355,95.13944,6.6310096,24.081738,0.036,98,761.1278
8/23/2026 23:37,40387.324,40934.45,26.588928,24.760244,1.0172042,26.607391,7.5547476,-54.421425,193.25732,4.5148787,62.687897,96.94864,1.6210766,24.300213,0.036,98,761.1278
8/24/2026 0:07,40379.95,40963,26.608614,24.764767,1.0172322,26.62595,7.403969,-45.814514,200.87242,4.591947,63.71444,98.544464,0.7384462,24.254787,0.036,98,761.1278
8/24/2026 0:37,40432.996,41011.3,26.643644,24.732275,1.0172565,26.657345,7.377194,-44.288635,205.0209,3.85552,53.513508,82.766045,0.69173825,24.26172,0.036,98,761.1278
8/24/2026 1:07,39983.8,40433.344,26.229721,25.010128,1.0168998,26.281673,7.4671245,-49.443245,189.38065,4.6792793,64.97091,100.45744,1.1759953,24.4179,0.045,98,761.1278
8/24/2026 1:37,40178.355,40443.535,26.241673,24.889023,1.0168399,26.288298,7.6264186,-58.579445,195.53662,6.3251333,88.19652,136.30771,1.6011184,24.656713,0.045,98,761.1278
8/24/2026 2:07,40151.918,40407.414,26.215853,24.90541,1.016817,26.26482,7.564922,-55.069923,203.73822,5.485655,76.49604,118.22189,1.5265446,24.668955,0.036,98,761.1278
8/24/2026 2:37,39883.137,40103.406,25.997583,25.073254,1.0166402,26.067215,7.6071086,-57.487488,200.02365,6.304202,87.867645,135.78516,1.0750977,24.712435,0.045,98,761.1278
8/24/2026 3:07,39823.023,40096.31,25.991186,25.111101,1.0166553,26.062601,7.560997,-54.84104,201.42078,5.9623575,82.99952,128.27902,0.97242284,24.64316,0.045,98,761.1278
8/24/2026 3:37,40280.75,40699.34,26.42244,24.825754,1.0170325,26.45457,7.449534,-48.446655,204.14352,4.660935,64.83707,100.24236,1.102024,24.461521,0.045,98,761.1278
8/24/2026 4:07,40183.383,40568.4,26.328772,24.885908,1.0169499,26.369461,7.5518413,-54.29268,209.86081,5.239555,72.900024,112.699486,1.6938581,24.503115,0.036,98,761.1278
8/24/2026 4:37,39911.07,40279.914,26.121126,25.055704,1.0167885,26.181944,7.446776,-48.298836,214.20479,4.310857,59.92584,92.63906,2.3583372,24.520576,0.036,98,761.1278
8/24/2026 5:07,39905.5,40281.25,26.12191,25.059202,1.0167917,26.182814,7.457996,-48.937798,203.5904,4.847532,67.37595,104.15789,2.6612098,24.511616,0.045,98,761.1278
8/24/2026 5:37,40399.312,40918.637,26.578226,24.752897,1.017186,26.597115,7.4576674,-48.890114,201.82132,4.379805,60.846302,94.09441,1.6273688,24.335516,0.045,98,761.1278
8/24/2026 6:07,40504.277,41155.305,26.74581,24.688751,1.0173593,26.750948,7.4514484,-48.508644,197.4249,4.151902,57.570118,89.0549,1.2709949,24.171791,0.036,98,761.1278
8/24/2026 6:37,40344.562,40937.723,26.590082,24.786488,1.017222,26.60952,7.4597783,-48.995018,192.20828,4.3717184,60.638084,93.78872,1.0083557,24.2414,0.036,98,761.1278
8/24/2026 7:07,40065.418,40951.348,26.592033,24.95918,1.01733,26.618376,7.523067,-52.537918,188.44128,5.0950327,70.20836,108.66515,0.8797591,23.867346,0.036,98,761.1278
8/24/2026 7:37,40279.395,41216.824,26.782463,24.82659,1.0174901,26.790937,7.510435,-51.808357,203.98618,4.9973273,68.8668,106.599915,0.6959484,23.809221,0.036,98,761.1278
8/24/2026 8:07,40434.4,41404.59,26.917362,24.731419,1.0176021,26.912983,7.4888544,-50.57335,218.153,4.821771,66.45676,102.87603,0.65400964,23.773193,0.027,98,761.1278
8/24/2026 8:37,40535.46,41495.406,26.983374,24.669758,1.0176475,26.972015,7.4739013,-49.72458,207.43848,4.595094,63.373978,98.101105,0.46962816,23.788805,0.027,98,761.1278
8/24/2026 9:07,40570.29,41549.332,27.021872,24.64858,1.0176829,27.007065,7.439126,-47.740936,202.15034,4.3034167,59.340992,91.861855,1.5532359,23.766314,0.036,98,761.1278
8/24/2026 9:37,40544.57,41522.86,27.002724,24.664215,1.0176684,26.989859,7.4162617,-46.43917,189.47601,3.9928176,55.052097,85.22249,0.03330772,23.76648,0.036,98,761.1278
8/24/2026 10:07,40597.793,41535.418,27.012964,24.631882,1.0176615,26.998022,7.4569836,-48.766136,196.75732,4.4957967,62.047188,96.04218,0.2710929,23.818108,0.027,98,761.1278
8/24/2026 10:37,40568.582,41527.723,27.006794,24.649616,1.0176646,26.993021,7.4383035,-47.69802,171.57077,4.168479,57.500008,89.00803,0.044963535,23.790764,0.027,98,761.1278
8/24/2026 11:07,40547.055,41498.727,26.986012,24.662704,1.0176466,26.974173,7.4168415,-46.477318,175.67635,3.959595,54.62043,84.549255,0.036715906,23.799341,0.027,98,761.1278
8/24/2026 11:37,40607.324,41561.688,27.03152,24.626099,1.0176814,27.015097,7.4082203,-45.986176,186.4195,3.7802737,52.159016,80.73936,0.034991324,23.79777,0.036,98,761.1278
8/24/2026 12:07,40532.336,41486.605,26.977163,24.67166,1.0176408,26.966293,7.3728857,-43.973923,190.30571,3.6663978,50.570152,78.28017,0.03520203,23.795713,0.027,98,761.1278
8/24/2026 12:37,40439.258,41331.223,26.866472,24.728445,1.0175363,26.865294,7.412879,-46.26274,185.91403,4.120957,56.87819,88.0329,0.1083206,23.870111,0.036,98,761.1278
8/24/2026 13:07,40384.72,41146.348,26.73637,24.76184,1.0173923,26.745127,7.572264,-55.37033,198.24506,5.6636195,78.33328,121.20456,0.9114914,24.030876,0.036,98,761.1278
8/24/2026 13:37,40311.45,40873.57,26.544552,24.806849,1.0171767,26.567822,7.659405,-60.386658,207.78656,6.9402046,96.30431,148.94295,1.2351228,24.279966,0.036,98,761.1278
8/24/2026 14:07,40229.383,40734.453,26.445572,24.857452,1.0170816,26.477396,7.683226,-61.75995,211.4296,6.958313,96.62069,149.41266,7.3589787,24.350834,0.036,98,761.1278
8/24/2026 14:37,40115.36,40320.062,26.154106,24.928108,1.0167515,26.20804,7.7215695,-64.02969,213.20343,7.6592226,106.88967,165.17384,2.0468976,24.73419,0.045,98,761.1278
8/24/2026 15:07,39536.625,39641.777,25.668047,25.293003,1.0163488,25.767155,7.6938057,-62.470436,223.43636,7.5336175,105.077774,162.33481,2.0570226,24.861122,0.045,98,761.1278
8/24/2026 15:37,40202.11,40246.99,26.105234,24.874317,1.0166545,26.160542,7.741645,-65.22179,224.11346,7.6109056,106.57003,164.61488,3.7090225,24.941618,0.045,98,761.1278
8/24/2026 16:07,40503.71,40747.418,26.461514,24.689096,1.0169967,26.48582,7.7194934,-63.900948,220.75653,7.63149,106.60193,164.74391,2.2769763,24.686865,0.045,98,761.1278
8/24/2026 16:37,40502.83,40745.965,26.460474,24.689634,1.0169957,26.484879,7.748129,-65.5365,226.1734,7.5862637,105.970726,163.76822,2.9695377,24.687586,0.045,98,761.1278
8/24/2026 17:07,40460.574,40747.04,26.460186,24.715418,1.0170116,26.485575,7.6611605,-60.55832,227.52286,7.454231,104.02524,160.7785,2.9618423,24.63192,0.045,98,761.1278
8/24/2026 17:37,40469.004,41308.71,26.851639,24.71027,1.0175064,26.850662,7.464429,-49.209595,225.7824,4.5289116,62.575775,96.839806,0.91423494,23.935728,0.027,98,761.1278
8/24/2026 18:07,40513.895,41172.23,26.757854,24.68289,1.0173709,26.76195,7.566396,-55.060387,221.61484,5.5733294,77.27274,119.53473,1.4456264,24.162838,0.036,98,761.1278
8/24/2026 18:37,40554.832,41226.566,26.796791,24.657974,1.0174048,26.797268,7.5845985,-56.095123,222.69249,5.4345593,75.344604,116.55547,1.4469557,24.146927,0.036,98,761.1278
8/24/2026 19:07,40739.582,41405.58,26.926458,24.546152,1.0174994,26.913626,7.607564,-57.406425,213.16052,5.962988,82.74791,128.00557,2.2808747,24.15787,0.036,98,761.1278
8/24/2026 19:37,40721.668,41362.18,26.895725,24.556952,1.0174673,26.885418,7.6742806,-61.216354,196.93375,6.4577775,89.64767,138.67105,3.109226,24.189247,0.036,98,761.1278
8/24/2026 20:07,40967.758,41680.617,27.124336,24.40944,1.0176638,27.092402,7.650828,-59.862137,196.33293,6.2464533,86.698875,134.13052,2.0274272,24.10456,0.036,98,761.1278
8/24/2026 20:37,40947.336,41731.97,27.159575,24.421614,1.0177159,27.12578,7.603611,-57.1537,181.26965,5.6893225,78.85881,122.021095,1.9191813,24.015617,0.036,98,761.1278
8/24/2026 21:07,40978.066,41757.527,27.178246,24.4033,1.0177279,27.142393,7.606683,-57.33013,188.6511,5.686058,78.83186,121.97783,2.027253,24.022703,0.036,98,761.1278
8/24/2026 21:37,40976.938,41788.598,27.199863,24.40397,1.0177555,27.16259,7.596021,-56.71501,195.2076,5.5988836,77.57886,120.047676,2.0202327,23.983088,0.027,98,761.1278
8/24/2026 22:07,41070.36,41950.01,27.314976,24.34846,1.0178653,27.267508,7.539953,-53.505898,199.43713,5.1887903,71.841705,111.186165,1.279658,23.902143,0.018,98,761.1278
8/24/2026 22:37,40979.777,41803.92,27.210619,24.40228,1.0177679,27.17255,7.56703,-55.060387,206.97116,5.3803363,74.53531,115.34119,1.922276,23.967825,0.027,98,761.1278
8/24/2026 23:07,40898.848,41672.79,27.117002,24.450567,1.0176804,27.087315,7.595537,-56.69594,192.39902,5.4094653,74.97737,116.01268,2.1440098,24.02765,0.036,98,761.1278
8/24/2026 23:37,40899.65,41701.4,27.136963,24.450089,1.0177051,27.10591,7.5190773,-52.33288,176.93042,4.924948,68.228485,105.57667,1.841682,23.993402,0.036,98,761.1278
8/25/2026 0:07,40897.992,41696.99,27.13384,24.451078,1.0177017,27.103043,7.483416,-50.30155,140.63835,4.4089437,61.082474,94.51838,1.132792,23.996758,0.036,98,761.1278
8/25/2026 0:37,40896,41701.312,27.1368,24.452269,1.0177063,27.105852,7.515074,-52.103996,168.01358,4.9654293,68.78382,106.43686,1.3863652,23.988928,0.036,98,761.1278
8/25/2026 1:07,40174.816,40972.934,26.61004,24.891214,1.0173117,26.632408,7.5289936,-52.895546,176.8589,5.4390635,75.105835,116.221466,2.6595592,23.98015,0.027,98,761.1278
8/25/2026 1:37,39870.246,40569.793,26.32164,25.08136,1.0170609,26.370367,7.6567097,-60.195923,188.90857,6.6139555,91.366615,141.3538,3.1009166,24.09722,0.036,98,761.1278
8/25/2026 2:07,40232.473,40823.33,26.507517,24.855545,1.0171596,26.535164,7.6930704,-62.298775,197.22461,6.769555,93.85417,145.16371,2.9129455,24.242226,0.027,98,761.1278
8/25/2026 2:37,39998.72,40624.32,26.362942,25.000801,1.0170646,26.405807,7.702532,-62.828064,196.2471,6.777603,93.808174,145.10551,2.7857468,24.193737,0.036,98,761.1278
8/25/2026 3:07,39447.715,40182.152,26.041256,25.35001,1.0168651,26.1184,7.698488,-62.565804,196.8956,7.0803895,97.559845,150.95033,3.4952517,24.04305,0.036,98,761.1278
8/25/2026 3:37,40066.375,40728.234,26.436985,24.958584,1.017133,26.473352,7.6668973,-60.7872,199.48483,6.2775984,86.85657,134.36353,2.8565392,24.14918,0.036,98,761.1278
8/25/2026 4:07,39357.598,40120.383,25.996012,25.408054,1.0168419,26.078249,7.7767925,-67.01946,207.56244,7.4361196,102.3653,158.3967,3.3242223,24.004585,0.036,98,761.1278
8/25/2026 4:37,38272.082,39088.152,25.252628,26.128706,1.0163094,25.4073,7.8006186,-68.35461,206.82812,7.7038875,105.41833,163.14975,4.3568316,23.906929,0.027,98,761.1278
8/25/2026 5:07,39272.035,39944.562,25.871813,25.463411,1.0167159,25.963966,7.662992,-60.55832,215.29198,6.3789735,87.92631,136.02602,3.0605402,24.118507,0.036,98,761.1278
8/25/2026 5:37,40132.094,40802.367,26.490284,24.917713,1.0171758,26.521538,7.6422544,-59.38053,216.63666,5.893578,81.554985,126.16434,3.141361,24.139935,0.036,98,761.1278
8/25/2026 6:07,40099.56,40768.184,26.465645,24.937931,1.0171568,26.49932,7.527905,-52.862167,218.6203,5.319604,73.60374,113.86359,2.3010602,24.141325,0.036,98,761.1278
8/25/2026 6:37,40514.676,41224.273,26.794119,24.682413,1.0174166,26.795778,7.496582,-51.06926,210.43777,4.7337465,65.572075,101.446655,1.6212322,24.098791,0.036,98,761.1278
8/25/2026 7:07,40603.043,41368.68,26.897055,24.628696,1.0175135,26.889643,7.50984,-51.813126,212.34512,4.9171977,68.07234,105.32786,1.4753219,24.031012,0.036,98,761.1278
8/25/2026 7:37,40515.152,41400.293,26.916641,24.682123,1.0175712,26.91019,7.5210166,-52.423477,211.81583,4.9313703,68.09589,105.393036,1.4218055,23.880625,0.036,98,761.1278
8/25/2026 8:07,40388.977,41395.93,26.910044,24.759232,1.0176097,26.907354,7.5505605,-54.078102,216.46976,5.3135943,73.17201,113.28083,1.5516424,23.726446,0.027,98,761.1278
8/25/2026 8:37,40411.508,41460.703,26.955719,24.745426,1.0176588,26.949457,7.5805497,-55.775642,218.72998,5.553398,76.42504,118.32787,1.5396401,23.675089,0.027,98,761.1278
8/25/2026 9:07,40417.723,41511.86,26.991455,24.741621,1.0177013,26.982708,7.5860105,-56.07605,206.68506,5.6990657,78.369484,121.35036,1.3003213,23.620045,0.027,98,761.1278
8/25/2026 9:37,40564.395,41645.83,27.08881,24.65216,1.0177691,27.069788,7.5737095,-55.379868,203.51886,5.5455294,76.32839,118.18556,1.0842724,23.64045,0.027,98,761.1278
8/25/2026 10:07,40592.48,41658.96,27.098751,24.635105,1.0177711,27.078325,7.570044,-55.174828,206.78043,5.5571833,76.519196,118.47693,1.1495156,23.659674,0.027,98,761.1278
8/25/2026 10:37,40622.094,41675.574,27.11116,24.617146,1.0177757,27.089125,7.5829744,-55.913925,191.45966,5.5634565,76.633835,118.650856,1.4354861,23.676537,0.027,98,761.1278
8/25/2026 11:07,40580.586,41621.43,27.072313,24.642324,1.0177424,27.053928,7.593483,-56.51474,164.17981,5.478049,75.45936,116.82947,1.8678449,23.690714,0.027,98,761.1278
8/25/2026 11:37,40523.125,41553.52,27.02344,24.677267,1.0177023,27.009789,7.6006503,-56.92482,163.05923,5.7733946,79.520996,123.11544,2.0181224,23.701738,0.036,98,761.1278
8/25/2026 12:07,40437.332,41453.56,26.951496,24.729624,1.0176439,26.944815,7.591889,-56.42891,174.10278,5.7399774,79.04861,122.380844,1.7159015,23.7165,0.027,98,761.1278
8/25/2026 12:37,40450.703,41434.066,26.938318,24.721449,1.0176224,26.932144,7.5698924,-55.184364,193.93921,5.410586,74.56052,115.42406,1.7301503,23.757423,0.027,98,761.1278
8/25/2026 13:07,40379.207,41265.94,26.8194,24.76522,1.0174994,26.822863,7.6859655,-61.81717,198.6456,6.856508,94.617355,146.4422,2.364331,23.874958,0.027,98,761.1278
8/25/2026 13:37,40502.06,41394.59,26.912306,24.690104,1.0175704,26.906485,7.615234,-57.787895,195.77026,6.1819015,85.34764,132.0961,1.9305562,23.871126,0.036,98,761.1278
8/25/2026 14:07,40740.82,41119.29,26.726862,24.545406,1.0172454,26.72754,7.837335,-70.59097,194.02982,8.828,123.13952,190.36168,3.0662837,24.518105,0.036,98,761.1278
8/25/2026 14:37,40783.76,41100.08,26.714537,24.519562,1.0172132,26.71505,7.8852806,-73.34709,209.49364,9.102004,127.12754,196.49765,3.1011105,24.597054,0.045,98,761.1278
8/25/2026 15:07,40813.445,41189.008,26.77735,24.50173,1.0172821,26.772854,7.8993025,-74.129105,217.86212,9.214452,128.57729,198.76622,3.3103697,24.522615,0.045,98,761.1278
8/25/2026 15:37,40669.8,41008.336,26.647654,24.588268,1.0171714,26.655418,7.976785,-78.56369,217.57602,9.792039,136.64345,211.21774,5.2532954,24.567785,0.045,98,761.1278
8/25/2026 16:07,40861.508,40993.418,26.641966,24.47291,1.0170904,26.645721,8.011035,-80.59025,223.7749,10.485995,146.99611,227.10732,3.5065048,24.831528,0.045,98,761.1278
8/25/2026 16:37,41085.473,41127.902,26.741356,24.339504,1.0171318,26.733135,8.010493,-80.59025,223.36006,10.404489,146.22647,225.86888,4.4351315,24.945984,0.054,98,761.1278
8/25/2026 17:07,40832.49,41201.297,26.78641,24.490303,1.0172864,26.780844,7.8875694,-73.46153,227.9234,8.961769,125.07685,193.35182,3.845811,24.531343,0.045,98,761.1278
8/25/2026 17:37,40768.066,41141.543,26.743078,24.529003,1.0172557,26.742002,7.874984,-72.74151,226.49765,8.651373,120.7008,186.58936,3.998114,24.524721,0.045,98,761.1278
8/25/2026 18:07,41011.71,41084.87,26.709501,24.38328,1.0171193,26.705168,7.9397616,-76.53713,221.82465,10.327855,145.02446,224.02899,4.6609774,24.906767,0.045,98,761.1278
8/25/2026 18:37,40864.723,41208.87,26.792513,24.470985,1.0172819,26.785767,7.8953686,-73.91453,229.65909,9.142739,127.67709,197.35977,4.8975935,24.562757,0.045,98,761.1278
8/25/2026 19:07,40380.098,40946.01,26.596798,24.764675,1.0172172,26.614908,7.79269,-67.98744,234.6611,8.32854,115.5967,178.78148,4.5612597,24.276386,0.036,98,761.1278
8/25/2026 19:37,40722.582,41275.453,26.835302,24.5564,1.0173903,26.829044,7.8035526,-68.6121,231.49966,7.715487,107.27588,165.90569,4.036844,24.298708,0.036,98,761.1278
8/25/2026 20:07,40925.145,41421.062,26.942156,24.434856,1.0174494,26.92369,7.885662,-73.31371,228.77693,8.6796255,120.912445,186.9693,4.1091614,24.373161,0.036,98,761.1278
8/25/2026 20:37,41030.277,41499.93,26.999933,24.372246,1.017483,26.974955,7.911839,-74.81575,227.3941,9.004557,125.55572,194.13687,3.877795,24.407488,0.036,98,761.1278
8/25/2026 21:07,41000.066,41566.656,27.04571,24.390203,1.0175525,27.018328,7.9257503,-75.57869,225.84439,9.065098,126.16557,195.12369,4.299723,24.286343,0.036,98,761.1278
8/25/2026 21:37,40967.645,41604.707,27.071394,24.409508,1.0175971,27.04306,7.8768845,-72.77012,197.87311,8.52428,118.473045,183.2564,4.3209677,24.19831,0.036,98,761.1278
8/25/2026 22:07,40942.13,41609.4,27.073984,24.424719,1.0176098,27.046108,7.850449,-71.25378,158.49591,8.231919,114.33549,176.86862,3.8916552,24.160393,0.036,98,761.1278
8/25/2026 22:37,40917.13,41604.613,27.069973,24.439642,1.0176142,27.043,7.823371,-69.704056,189.39972,7.9417934,110.2539,170.56273,4.188386,24.134855,0.036,98,761.1278
8/25/2026 23:07,40924.953,41628.805,27.08705,24.43497,1.0176327,27.058723,7.8096504,-68.917274,198.71712,7.8880816,109.48041,169.37236,3.6427164,24.114775,0.036,98,761.1278
8/25/2026 23:37,40937.473,41638.574,27.094198,24.427498,1.0176371,27.065073,7.796502,-68.16864,197.32953,7.634848,105.9769,163.95113,3.972798,24.11844,0.036,98,761.1278
8/26/2026 0:07,40913.598,41617.402,27.078793,24.441751,1.0176265,27.051311,7.7746005,-66.91933,200.17624,7.3298626,101.72765,157.37843,3.8162577,24.11459,0.036,98,761.1278
8/26/2026 0:37,40894.094,41561.816,27.039515,24.45341,1.0175843,27.01518,7.809555,-68.92204,158.13351,7.7304373,107.346214,166.05722,3.5830047,24.15886,0.036,98,761.1278
8/26/2026 1:07,40667.176,41389.04,26.912977,24.589855,1.0175097,26.902876,7.7003345,-62.680244,176.80646,7.210095,99.92168,154.59236,3.7256486,24.086864,0.036,98,761.1278
8/26/2026 1:37,40524.086,41171.094,26.75734,24.676682,1.0173664,26.76121,7.8465314,-71.03443,184.47876,8.054519,111.70163,172.78893,4.0788064,24.177217,0.036,98,761.1278
8/26/2026 2:07,40036.125,40665.28,26.392408,24.977442,1.0170878,26.432432,7.8555937,-71.554184,200.25253,8.53478,118.14124,182.74593,4.1605167,24.18997,0.036,98,761.1278
8/26/2026 2:37,40349.082,40977.88,26.618158,24.78371,1.017256,26.635622,7.8918614,-73.62366,206.58969,8.4675,117.37529,181.55893,4.077359,24.196608,0.036,98,761.1278
8/26/2026 3:07,40168.977,40903.64,26.561695,24.894835,1.0172526,26.587366,7.897728,-73.924065,203.11356,8.361516,115.59027,178.84271,4.234711,24.059643,0.036,98,761.1278
8/26/2026 3:37,39711.633,40456.285,26.238565,25.181538,1.0170156,26.296585,7.980083,-78.611374,191.62178,9.305807,128.3536,198.59868,4.953591,24.036314,0.036,98,761.1278
8/26/2026 4:07,39654.14,40414.516,26.208027,25.218048,1.0169988,26.269434,7.955998,-77.233315,212.46432,9.049272,124.7463,193.02469,4.4912996,24.01495,0.027,98,761.1278
8/26/2026 4:37,39549.9,40345.406,26.15726,25.284515,1.016974,26.224514,7.9786444,-78.51124,211.73477,9.252644,127.4066,197.15804,4.561227,23.967674,0.036,98,761.1278
8/26/2026 5:07,39220.594,40097.074,25.976152,25.496809,1.0168691,26.063099,7.94919,-76.80416,207.95822,9.174949,125.95615,194.95303,4.5238442,23.855553,0.027,98,761.1278
8/26/2026 5:37,39683.15,40475.96,26.25146,25.199614,1.0170429,26.309374,7.9188557,-75.10662,199.81384,8.510254,117.26153,181.45659,4.456483,23.974487,0.027,98,761.1278
8/26/2026 6:07,39840.062,40587.582,26.33319,25.100363,1.0170871,26.38193,7.8857827,-73.23742,208.57333,6.9562774,95.99791,148.5356,2.5392997,24.035734,0.036,98,761.1278
8/26/2026 6:37,40199.164,40910.613,26.567358,24.876139,1.0172484,26.5919,7.708858,-63.16662,213.25111,6.774527,93.703835,144.97179,2.4161234,24.089514,0.036,98,761.1278
8/26/2026 7:07,39444.215,40261.727,26.096354,25.35226,1.0169368,26.170122,7.6818886,-61.597824,213.7041,7.0416813,96.87582,149.9209,3.3462088,23.936913,0.027,98,761.1278
8/26/2026 7:37,40469.207,41299.984,26.845573,24.710146,1.0174987,26.84499,7.7352543,-64.640045,210.33765,6.991693,96.61934,149.5213,2.6200628,23.946823,0.036,98,761.1278
8/26/2026 8:07,40422.934,41297.754,26.842741,24.738432,1.0175124,26.84354,7.692186,-62.174797,221.30013,6.937284,95.77178,148.22469,3.2826874,23.89093,0.036,98,761.1278
8/26/2026 8:37,40515.805,41395.402,26.913256,24.681726,1.0175667,26.907011,7.722337,-63.89141,223.0835,6.8489733,94.58511,146.38898,2.7738864,23.887505,0.027,98,761.1278
8/26/2026 9:07,40430.043,41308.734,26.85058,24.734081,1.0175197,26.850677,7.702584,-62.766075,227.60867,6.982802,96.39657,149.19289,2.3107557,23.88632,0.036,98,761.1278
8/26/2026 9:37,40592.367,41475.35,26.97102,24.635174,1.0176108,26.958979,7.7573395,-65.88459,201.97868,7.371513,101.831314,157.6045,2.5218472,23.88537,0.027,98,761.1278
8/26/2026 10:07,40678.215,41504.34,26.993584,24.583183,1.0176071,26.977821,7.776224,-66.97655,127.072334,7.577119,104.819016,162.20726,2.4720545,23.957878,0.027,98,761.1278
8/26/2026 10:37,40716.13,41528.78,27.011644,24.560291,1.0176157,26.993708,7.77289,-66.79058,139.12677,7.6507926,105.881905,163.84686,2.5338163,23.975477,0.036,98,761.1278
8/26/2026 11:07,40761.387,41557.65,27.032993,24.533022,1.0176257,27.012472,7.782263,-67.32941,179.30031,7.7007303,106.62603,164.99193,2.335706,23.996838,0.036,98,761.1278
8/26/2026 11:37,40771.867,41572.88,27.043894,24.526716,1.0176356,27.022373,7.7735815,-66.833496,185.94742,7.6456804,105.85984,163.80803,2.1453624,23.991222,0.036,98,761.1278
8/26/2026 12:07,40774.74,41560,27.035,24.524988,1.0176233,27.014,7.7973537,-68.19248,185.00328,7.7444086,107.258095,165.9658,2.2927465,24.010752,0.036,98,761.1278
8/26/2026 12:37,40737.395,41542.258,27.021618,24.54747,1.0176204,27.002468,7.761552,-66.14685,158.78201,7.436364,102.93859,159.2893,2.6155853,23.985626,0.036,98,761.1278
8/26/2026 13:07,40733.31,41536.008,27.017153,24.549932,1.0176163,26.998405,7.7314973,-64.435005,180.51147,7.1206746,98.570564,152.5294,2.2418494,23.988201,0.036,98,761.1278
8/26/2026 13:37,40711.074,41522.95,27.00744,24.563341,1.0176123,26.989918,7.662245,-60.486794,194.94534,6.4178643,88.818085,137.44125,1.899748,23.976313,0.036,98,761.1278
8/26/2026 14:07,40705.066,41450.42,26.956766,24.566967,1.0175507,26.942774,7.7467923,-65.32192,198.55975,7.585857,105.103455,162.61766,2.8280327,24.058544,0.036,98,761.1278
8/26/2026 14:37,40710.387,41325.95,26.870182,24.563755,1.0174391,26.861866,7.890923,-73.57597,197.62039,8.81636,122.438255,189.38225,3.4108555,24.220144,0.036,98,761.1278
8/26/2026 15:07,40612.93,41135.484,26.73487,24.6227,1.0173042,26.738066,7.945011,-76.68972,187.6688,9.725022,135.2245,209.11513,3.8581626,24.334908,0.036,98,761.1278
8/26/2026 15:37,41063.14,41057.32,26.691454,24.352741,1.0170763,26.68726,8.038894,-82.23057,161.55719,10.652266,149.82613,231.40182,2.6176548,25.007421,0.045,98,761.1278
8/26/2026 16:07,41201.598,40956.01,26.623741,24.270903,1.0169351,26.621408,8.116569,-86.76052,183.62999,11.8075,166.89368,257.60916,3.3226526,25.313942,0.054,98,761.1278
8/26/2026 16:37,41116.008,40884.297,26.571583,24.321428,1.016901,26.574795,8.096909,-85.63042,205.51205,11.448773,161.7269,249.6424,3.9811718,25.296724,0.054,98,761.1278
8/26/2026 17:07,40713.43,41101.7,26.713892,24.56192,1.0172392,26.716105,7.914416,-74.98741,218.7109,9.349348,130.37308,201.54881,3.1612928,24.505417,0.054,98,761.1278
8/26/2026 17:37,40716.4,40977.293,26.627161,24.56013,1.0171272,26.63524,7.973907,-78.42541,216.1932,9.301936,130.01288,200.93112,4.0055304,24.66666,0.045,98,761.1278
8/26/2026 18:07,40803.31,41004.99,26.64863,24.507816,1.0171213,26.653244,7.984576,-79.05483,222.04877,9.81462,137.37671,212.28131,3.6662712,24.74249,0.045,98,761.1278
8/26/2026 18:37,41282.926,41035.57,26.681305,24.22309,1.016978,26.67312,8.113227,-86.569786,219.91254,11.798189,166.8212,257.4965,3.8658135,25.315594,0.054,98,761.1278
8/26/2026 19:07,40844.36,41117.55,26.728245,24.483185,1.0172076,26.726408,7.96888,-78.13454,231.5712,9.741952,136.20692,210.5096,4.18635,24.652136,0.045,98,761.1278
8/26/2026 19:37,41011.965,41245.66,26.82188,24.38313,1.0172633,26.809679,7.991521,-79.44107,234.26056,10.090638,141.28383,218.33488,3.9199405,24.703356,0.045,98,761.1278
8/26/2026 20:07,40941.83,41170.176,26.767414,24.424898,1.0172205,26.760614,8.009691,-80.480576,216.87508,9.884591,138.37085,213.83081,4.6724944,24.70961,0.045,98,761.1278
8/26/2026 20:37,41110.18,41311.61,26.870398,24.324875,1.0172877,26.852547,7.988489,-79.278946,139.24121,9.791234,137.22826,212.051,3.6409276,24.744719,0.045,98,761.1278
8/26/2026 21:07,41178.06,41343.84,26.894602,24.284779,1.0172927,26.873495,7.9730043,-78.406334,181.47469,9.913076,139.06482,214.8705,3.6262102,24.790062,0.045,98,761.1278
8/26/2026 21:37,41237.58,41433.902,26.959042,24.249727,1.0173523,26.932037,7.9947166,-79.63657,189.30435,9.658131,135.44824,209.29764,3.910154,24.751926,0.045,98,761.1278
8/26/2026 22:07,41281.91,41542.98,27.03642,24.223686,1.0174342,27.002937,7.9962645,-79.70333,193.4862,9.765527,136.82222,211.45306,3.3540163,24.670979,0.045,98,761.1278
8/26/2026 22:37,41232.344,41580.35,27.061295,24.252806,1.0174847,27.027227,7.9348817,-76.16997,132.04575,9.275913,129.73376,200.5393,3.2604122,24.561804,0.045,98,761.1278
8/26/2026 23:07,41237.06,41602.75,27.07707,24.250032,1.0175029,27.041788,7.934396,-76.13659,184.56459,9.107689,127.343445,196.85252,3.1198177,24.539787,0.045,98,761.1278
8/26/2026 23:37,41216.72,41621.246,27.089474,24.262,1.0175264,27.05381,7.9082956,-74.63455,192.11292,8.7460575,122.19214,188.90662,3.2590153,24.491138,0.045,98,761.1278
8/27/2026 0:07,41179.652,41591.2,27.06753,24.283838,1.0175124,27.03428,7.8724093,-72.58415,205.8363,8.72163,121.81596,188.3283,3.6000872,24.481936,0.045,98,761.1278
8/27/2026 0:37,41186.5,41575.66,27.056847,24.2798,1.0174962,27.02418,7.8563333,-71.67339,208.52567,8.23503,115.06886,177.88797,3.150997,24.509933,0.045,98,761.1278
8/27/2026 1:07,41181,41557.754,27.044191,24.283043,1.0174823,27.01254,7.8859243,-73.366165,184.00192,8.189973,114.46173,176.94424,2.8046684,24.525352,0.045,98,761.1278
8/27/2026 1:37,41164.23,41503.94,27.00617,24.292936,1.0174402,26.977562,7.8584957,-71.811676,197.10541,8.231399,115.10831,177.92838,3.6946244,24.571465,0.036,98,761.1278
8/27/2026 2:07,40866.508,41192.62,26.78121,24.469915,1.0172668,26.775204,7.85117,-71.39683,193.78186,7.2447624,101.20571,156.43437,3.1710784,24.585508,0.045,98,761.1278
8/27/2026 2:37,40736.19,41095.07,26.709845,24.548195,1.0172255,26.711796,7.9157543,-75.07324,206.69461,8.78641,122.60021,189.51921,3.552969,24.542782,0.036,98,761.1278
8/27/2026 3:07,40417.156,40820.44,26.510262,24.741968,1.0170925,26.533287,7.9384108,-76.351166,213.01746,9.077746,126.388535,195.39719,3.4511716,24.482748,0.036,98,761.1278
8/27/2026 3:37,40682.62,41051.4,26.678017,24.58052,1.0172052,26.683409,7.9564114,-77.39067,186.09047,9.034369,126.00846,194.79254,3.529343,24.529669,0.036,98,761.1278
8/27/2026 4:07,40433.41,40824.723,26.513662,24.732021,1.0170907,26.53607,7.9426026,-76.59435,202.52704,8.955968,124.72902,192.82607,2.587136,24.498156,0.036,98,761.1278
8/27/2026 4:37,40084.08,40520.61,26.292995,24.947561,1.0169423,26.338396,7.991183,-79.35047,213.03653,9.289143,129.06544,199.55316,3.416835,24.435966,0.036,98,761.1278
8/27/2026 5:07,40097.445,40461.83,26.252409,24.939245,1.016885,26.300188,8.039203,-82.11613,189.96716,9.998105,139.1086,215.0441,3.6022413,24.528502,0.036,98,761.1278
8/27/2026 5:37,39966.336,40420.66,26.220453,25.021057,1.0168947,26.27343,7.983107,-78.88317,199.27502,8.966473,124.47734,192.46802,3.549235,24.411522,0.036,97,761.1278
8/27/2026 6:07,40041.77,40450.86,26.243376,24.97392,1.016895,26.29306,8.0018835,-79.97036,194.81659,9.502898,132.07774,204.19743,3.6177843,24.47051,0.045,97,761.1278
8/27/2026 6:37,40022.746,40476.926,26.261042,24.985792,1.0169251,26.310001,7.947,-76.823235,201.47324,8.688719,120.65146,186.5521,3.1430027,24.412529,0.045,97,761.1278
8/27/2026 7:07,40263.55,40666.246,26.39895,24.836359,1.017009,26.43306,7.8566203,-71.68293,204.38194,7.941203,110.49174,170.82109,3.2826366,24.481544,0.036,97,761.1278
8/27/2026 7:37,40489.992,40865.027,26.543182,24.69746,1.0171067,26.56227,7.8267198,-69.98539,202.775,7.3108473,101.872536,157.48456,2.8533347,24.519505,0.045,97,761.1278
8/27/2026 8:07,40672.742,41161.145,26.754303,24.58649,1.0173063,26.754744,7.8245416,-69.82803,203.10402,7.576681,105.44474,163.04959,2.2923584,24.378765,0.045,97,761.1278
8/27/2026 8:37,40704.586,41267.707,26.829433,24.567257,1.0173897,26.824009,7.772588,-66.84303,200.09041,7.2916093,101.35562,156.75362,1.9272982,24.28557,0.036,97,761.1278
8/27/2026 9:07,40725.273,41282.53,26.840307,24.554777,1.0173956,26.833645,7.784429,-67.52014,208.18234,7.743125,107.653076,166.4907,2.4212239,24.293264,0.036,97,761.1278
8/27/2026 9:37,40759.414,41301.902,26.854708,24.53421,1.0174011,26.846237,7.811857,-69.088936,210.70956,7.611066,105.860886,163.71323,2.357434,24.312323,0.036,97,761.1278
8/27/2026 10:07,40824.6,41365.535,26.900793,24.495033,1.0174348,26.887598,7.838763,-70.62435,204.22935,8.034637,111.78776,172.87811,1.8829563,24.315346,0.027,97,761.1278
8/27/2026 10:37,40909.5,41441.98,26.956345,24.4442,1.0174732,26.937288,7.835871,-70.46223,205.24979,7.9911423,111.24132,172.02927,2.0374153,24.327288,0.036,97,761.1278
8/27/2026 11:07,40933.785,41488.402,26.989365,24.429697,1.017506,26.967463,7.8222733,-69.680214,208.03452,7.904896,110.00904,170.1322,1.8104789,24.300104,0.036,97,761.1278
8/27/2026 11:37,40915.027,41485.6,26.98692,24.440897,1.0175099,26.965641,7.813996,-69.20338,185.67563,7.7867284,108.32472,167.5336,1.7481186,24.27992,0.036,97,761.1278
8/27/2026 12:07,40965.03,41496.086,26.995548,24.411064,1.0175022,26.972456,7.8286715,-70.05215,184.55981,7.8695636,109.57857,169.45705,1.6893958,24.329964,0.036,97,761.1278
8/27/2026 12:37,40927.047,41482.047,26.98475,24.43372,1.0175027,26.963331,7.7961082,-68.18771,184.76486,7.5932045,105.66738,163.41786,1.828754,24.299513,0.036,97,761.1278
8/27/2026 13:07,40953.023,41533.58,27.021389,24.418222,1.0175393,26.996826,7.7799306,-67.25788,194.8309,7.421082,103.237274,159.66887,1.9228631,24.26817,0.036,97,761.1278
8/27/2026 13:37,40934.742,41497.49,26.995733,24.429127,1.0175138,26.973368,7.7800946,-67.27219,156.1451,7.500386,104.365,161.40652,2.1421025,24.289999,0.036,97,761.1278
8/27/2026 14:07,40823.766,41270.19,26.83426,24.495535,1.0173507,26.825624,7.786127,-67.64889,195.00732,7.4709735,104.121124,160.98645,1.6990166,24.433655,0.036,97,761.1278
8/27/2026 14:37,40870.777,41242.996,26.816488,24.46736,1.0173101,26.80795,7.783247,-67.50584,195.64629,7.3616004,102.754456,158.84555,2.718181,24.527489,0.045,97,761.1278
8/27/2026 15:07,40653.133,40979.008,26.626783,24.59835,1.0171511,26.636354,7.8405704,-70.791245,204.6299,7.6871333,107.28736,165.83537,2.559332,24.58365,0.036,97,761.1278
8/27/2026 15:37,40728.41,41045.535,26.675081,24.552885,1.017184,26.6796,7.835928,-70.528984,190.1865,7.581524,105.86448,163.6324,3.537675,24.595488,0.045,97,761.1278
8/27/2026 16:07,40567.055,40880.93,26.556208,24.650545,1.0170938,26.572605,7.87016,-72.48402,195.2362,8.257793,115.234276,178.11424,3.2306848,24.59802,0.045,97,761.1278
8/27/2026 16:37,40616.305,40973.805,26.622225,24.620655,1.0171593,26.632975,7.8389015,-70.68634,181.61774,7.901343,110.19613,170.34445,2.178638,24.543188,0.045,97,761.1278
8/27/2026 17:07,40371.07,40722.42,26.44079,24.770212,1.0170213,26.469576,7.92851,-75.8028,177.94131,8.624004,120.160706,185.74622,3.4829926,24.548275,0.045,97,761.1278
8/27/2026 17:37,40337.426,40691.65,26.418509,24.790873,1.0170056,26.449572,7.901547,-74.26262,181.6082,8.453696,117.764565,182.04358,3.7736206,24.544235,0.018,97,761.1278
8/27/2026 18:07,40270.484,40636.434,26.378353,24.832083,1.0169799,26.413683,7.9443035,-76.69926,171.99994,8.777163,122.208954,188.91943,4.2281313,24.528507,0.036,97,761.1278
8/27/2026 18:37,40383.223,40755.707,26.464293,24.762758,1.0170466,26.49121,7.8744965,-72.7129,193.16673,8.251527,114.932816,177.67377,2.7889538,24.521496,0.045,97,761.1278
8/27/2026 19:07,40423.426,40793.676,26.491768,24.73813,1.0170664,26.51589,7.7816706,-67.41524,206.98547,7.3115816,101.86232,157.46722,3.0911653,24.52481,0.045,97,761.1278
8/27/2026 19:37,40346.18,40722.453,26.44019,24.785494,1.01703,26.469595,7.834252,-70.41454,201.9739,7.6960797,107.17142,165.6771,3.531476,24.516235,0.045,97,761.1278
8/27/2026 20:07,40533.535,40944.12,26.599434,24.670929,1.017162,26.61368,7.8096075,-68.99834,204.89215,7.7658315,108.16328,167.22333,4.61333,24.474976,0.036,97,761.1278
8/27/2026 20:37,40710.54,41262.61,26.826035,24.563663,1.017383,26.820696,7.774957,-66.981316,203.42827,7.3255486,101.85008,157.5143,2.1032577,24.299507,0.036,97,761.1278
8/27/2026 21:07,40791.246,41366.34,26.900476,24.515064,1.0174471,26.88812,7.77841,-67.17205,192.48962,7.3631835,102.36796,158.32321,2.2236125,24.272123,0.036,97,761.1278
8/27/2026 21:37,40812.027,41389.36,26.917072,24.50258,1.0174602,26.903084,7.768804,-66.62369,190.16266,7.263462,100.98678,156.18777,1.9185328,24.269697,0.045,97,761.1278
8/27/2026 22:07,40816.01,41455.27,26.963135,24.500189,1.0175172,26.945925,7.749119,-65.48405,200.11902,7.196005,99.940475,154.59145,1.8408655,24.19265,0.036,97,761.1278
8/27/2026 22:37,40833.145,41491.344,26.988745,24.489908,1.0175431,26.969374,7.7466993,-65.340996,207.00931,7.12137,98.8781,152.95464,1.5989988,24.169449,0.036,97,761.1278
8/27/2026 23:07,40821.34,41476.168,26.977846,24.49699,1.0175337,26.959509,7.731964,-64.50176,215.4112,7.0862164,98.39079,152.19974,1.7955548,24.173403,0.036,97,761.1278
8/27/2026 23:37,40877.133,41546.63,27.028471,24.463554,1.0175768,27.00531,7.721992,-63.929558,213.47046,6.944637,96.42398,149.16199,1.5710744,24.156319,0.036,97,761.1278
8/28/2026 0:07,40854.785,41526.82,27.014053,24.476936,1.0175669,26.992434,7.7174053,-63.667297,215.58286,6.7984457,94.38055,146.00185,1.3730655,24.152716,0.036,97,761.1278
8/28/2026 0:37,40883.816,41553.72,27.03358,24.459557,1.0175807,27.009918,7.7053485,-62.98065,213.21297,6.687341,92.85367,143.639,1.3797079,24.15595,0.018,97,761.1278
8/28/2026 1:07,40851.582,41517.406,27.007408,24.478857,1.0175596,26.986313,7.6951275,-62.39891,190.61566,6.480887,89.98047,139.1932,1.5620762,24.160355,0.036,97,761.1278
8/28/2026 1:37,40835.438,41495.707,26.99185,24.488535,1.017546,26.97221,7.6918416,-62.212944,168.52856,6.538871,90.78803,140.44077,1.6683056,24.166924,0.036,97,761.1278
8/28/2026 2:07,40860.906,41528.65,27.015495,24.47327,1.0175664,26.993622,7.6569953,-60.224533,172.89162,6.454385,89.6133,138.6258,1.0693876,24.158165,0.036,97,761.1278
8/28/2026 2:37,40806.77,41472.55,26.974934,24.505737,1.0175354,26.957157,7.659667,-60.37712,192.0414,6.4279532,89.22778,138.02905,1.7459402,24.159504,0.036,97,761.1278
8/28/2026 3:07,40680.016,41362.082,26.894548,24.582094,1.0174814,26.885353,7.658661,-60.315132,195.26004,6.285864,87.180084,134.86708,1.8440834,24.136642,0.036,97,761.1278
8/28/2026 3:37,40200.703,40957.594,26.600075,24.875187,1.0172893,26.622437,7.671751,-61.039925,190.28186,6.5673842,90.76461,140.43907,1.7192166,24.032469,0.036,97,761.1278
8/28/2026 4:07,40037.965,40813.89,26.49577,24.976294,1.0172186,26.529028,7.6755333,-61.249733,196.10405,6.52052,90.01904,139.29253,1.7505385,24.004644,0.027,97,761.1278
8/28/2026 4:37,40285.277,41011.957,26.640165,24.822964,1.0173081,26.657772,7.6770453,-61.34987,189.38065,6.246615,86.412025,133.69463,1.5862728,24.072319,0.036,97,761.1278
8/28/2026 5:07,40054.613,40825.535,26.504309,24.965914,1.0172231,26.536598,7.6326632,-58.808327,168.85281,6.066231,83.76136,129.60802,1.1300644,24.011345,0.036,97,761.1278
8/28/2026 5:37,39959.766,40735.67,26.4393,25.025171,1.0171765,26.478188,7.6649957,-60.64892,187.83093,6.232611,86.01359,133.0951,1.4630963,24.002758,0.036,97,761.1278
8/28/2026 6:07,39919.156,40690.2,26.406609,25.05063,1.0171504,26.44863,7.657613,-60.2293,195.38403,6.111331,84.33172,130.49135,1.4108601,24.007896,0.036,97,761.1278
8/28/2026 6:37,39953.07,40735.668,26.439114,25.029366,1.0171788,26.478186,7.6404223,-59.247017,197.87311,5.9626484,82.2755,127.312836,1.2129176,23.994156,0.036,97,761.1278
8/28/2026 7:07,40033.203,40774.78,26.468462,24.979265,1.0171857,26.503609,7.616053,-57.868958,209.81789,5.9210577,81.792534,126.553116,1.1874993,24.047792,0.036,97,761.1278
8/28/2026 7:37,40194.812,40906.332,26.564262,24.878832,1.017246,26.589117,7.5745826,-55.513382,205.95074,5.241961,72.50421,112.17331,1.1238945,24.089327,0.036,97,761.1278
8/28/2026 8:07,40188.273,40894.11,26.555593,24.882881,1.0172375,26.581171,7.589953,-56.390762,208.42552,5.5384436,76.61063,118.52495,0.95055956,24.096333,0.036,97,761.1278
8/28/2026 8:37,40452.246,41094.324,26.701965,24.720507,1.0173234,26.711311,7.658249,-60.300827,212.8601,6.202977,86.00394,133.03653,1.2262541,24.181965,0.027,97,761.1278
8/28/2026 9:07,40521.914,41226.223,26.79567,24.678005,1.0174159,26.797045,7.6351805,-58.97045,189.16608,5.9973717,83.0865,128.54164,0.7527784,24.105549,0.027,97,761.1278
8/28/2026 9:37,40600.477,41295.703,26.84617,24.630253,1.0174501,26.842207,7.629698,-58.660507,204.65851,5.9460735,82.41847,127.50512,0.7637095,24.11857,0.036,97,761.1278
8/28/2026 10:07,40603.113,41275.043,26.83185,24.628653,1.017431,26.82878,7.6479154,-59.70478,209.76067,6.097137,84.54867,130.79366,0.9275838,24.147678,0.036,97,761.1278
8/28/2026 10:37,40697.96,41330.016,26.872684,24.571255,1.017447,26.864511,7.675666,-61.297417,193.58157,6.4438453,89.458336,138.37561,0.4828005,24.199326,0.036,97,761.1278
8/28/2026 11:07,40943.918,41536.926,27.023485,24.423653,1.0175455,26.999,7.6995544,-62.670708,201.06316,6.644331,92.40743,142.92334,0.5579562,24.252531,0.036,97,761.1278
8/28/2026 11:37,40977.68,41524.527,27.015726,24.403528,1.0175228,26.990942,7.707282,-63.123703,191.17355,6.71704,93.50936,144.61218,0.89516634,24.31051,0.036,97,761.1278
8/28/2026 12:07,41010.516,41524.363,27.016474,24.38399,1.0175115,26.990837,7.6988525,-62.651634,202.15988,6.6798434,93.05955,143.90544,0.35308692,24.352114,0.027,97,761.1278
8/28/2026 12:37,40987.395,41481.348,26.985844,24.397745,1.0174813,26.962875,7.695168,-62.446594,187.23488,6.67186,92.97188,143.76335,0.66191405,24.376554,0.036,97,761.1278
8/28/2026 13:07,41066.57,41536.355,27.026304,24.350706,1.0175028,26.998632,7.7195396,-63.843727,183.38681,6.8488836,95.5129,147.68399,1.1099377,24.40784,0.036,97,761.1278
8/28/2026 13:37,41004.957,41504.977,27.002796,24.387295,1.0174962,26.978235,7.6704545,-61.035156,191.58841,6.344254,88.40392,136.7017,0.6490886,24.369255,0.036,97,761.1278
8/28/2026 14:07,41007.23,41512.37,27.008022,24.385942,1.0175021,26.983042,7.6793375,-61.540604,177.2833,6.30381,87.83332,135.82097,0.8056463,24.362907,0.036,97,761.1278
8/28/2026 14:37,40987.418,41482.23,26.986464,24.397732,1.0174822,26.963451,7.63466,-58.994293,191.87451,5.8749275,81.86539,126.58953,0.60736126,24.375484,0.036,97,761.1278
8/28/2026 15:07,41087.066,41391.57,26.925705,24.33856,1.0173671,26.90452,7.717843,-63.791275,200.43373,7.2021904,100.745514,155.71446,0.87712437,24.614832,0.045,97,761.1278
8/28/2026 15:37,41056.996,41495.723,26.997686,24.356384,1.0174701,26.97222,7.694577,-62.42752,200.13333,6.6303244,92.51218,143.03392,0.90265656,24.446447,0.045,97,761.1278
8/28/2026 16:07,41103.37,41460.38,26.97419,24.328905,1.0174227,26.949247,7.751586,-65.70339,204.08154,7.2051954,100.70013,155.6635,0.8351143,24.549171,0.045,97,761.1278
8/28/2026 16:37,41479.19,41227.445,26.820198,24.108475,1.0170813,26.797838,7.762695,-66.50925,200.9964,7.5494766,106.83819,164.90852,1.0280453,25.3197,0.054,97,761.1278
8/28/2026 17:07,41774.297,41136.54,26.762823,23.938166,1.0168917,26.73875,7.8110228,-69.38934,207.14282,7.997382,114.101845,175.94882,1.293484,25.811699,0.054,97,761.1278
8/28/2026 17:37,41713.445,41215.8,26.817196,23.973085,1.0169863,26.79027,7.795354,-68.449974,208.6258,8.00437,113.885,175.67743,1.5098513,25.632153,0.063,97,761.1278
8/28/2026 18:07,41776.07,41218.29,26.82029,23.93715,1.0169657,26.791887,7.8070307,-69.13662,215.53993,8.002309,114.00705,175.83894,1.928654,25.708504,0.063,97,761.1278
8/28/2026 18:37,41733.13,41192.953,26.80158,23.961779,1.0169582,26.77542,7.7996297,-68.707466,210.5379,7.8646326,111.991554,172.73788,1.8587947,25.68656,0.063,97,761.1278
8/28/2026 19:07,41670.734,41176.44,26.788649,23.997658,1.0169659,26.764687,7.786879,-67.9636,218.11963,7.7965093,110.9026,171.07802,1.3045132,25.628494,0.063,97,761.1278
8/28/2026 19:37,41388.504,41264.62,26.844172,24.161299,1.0171472,26.822002,7.793255,-68.22109,216.53175,7.6665545,108.205536,167.07184,2.8232853,25.15718,0.054,97,761.1278
8/28/2026 20:07,41530.93,41253.664,26.839746,24.07844,1.0170864,26.814882,7.7976418,-68.51673,215.17276,7.6291018,108.03699,166.74843,1.6800474,25.351889,0.054,97,761.1278
8/28/2026 20:37,41431.03,41236.25,26.825275,24.136497,1.0171065,26.803562,7.775894,-67.248344,215.20139,7.6675406,108.37646,167.30649,2.0084035,25.247307,0.054,97,761.1278
8/28/2026 21:07,41096.984,41168.133,26.769766,24.332685,1.0171639,26.759287,7.780897,-67.45815,212.5311,7.5195446,105.63129,163.17487,2.1251495,24.909515,0.054,97,761.1278
8/28/2026 21:37,41379.133,41315.348,26.879482,24.16677,1.0171962,26.854977,7.7984796,-68.502426,183.27237,7.7029624,108.59766,167.70204,1.0565798,25.080833,0.054,97,761.1278
8/28/2026 22:07,41345.82,41284.41,26.85704,24.186241,1.0171803,26.834866,7.7435417,-65.36007,201.35403,7.513187,105.90312,163.54193,0.94720006,25.077879,0.054,97,761.1278
8/28/2026 22:37,41351.19,41285.742,26.858097,24.1831,1.0171795,26.835732,7.784046,-67.6775,187.02985,7.495877,105.669136,163.17896,0.8456952,25.082994,0.054,97,761.1278
8/28/2026 23:07,41457.438,41486.74,27.001366,24.121124,1.0173227,26.966381,7.78594,-67.75856,192.92831,7.4777,105.279854,162.61533,0.8093862,24.963024,0.045,97,761.1278
8/28/2026 23:37,41435.906,41532.043,27.032564,24.133657,1.0173707,26.995827,7.7765126,-67.20066,164.58987,7.310207,102.78978,158.79472,0.9836806,24.878809,0.054,97,761.1278
8/29/2026 0:07,41379.605,41514.91,27.019201,24.166494,1.0173751,26.984694,7.7596,-66.223145,195.21237,7.20893,101.27088,156.46298,0.7822906,24.829363,0.045,97,761.1278
8/29/2026 0:37,41363.02,41525.652,27.02631,24.176186,1.0173906,26.991674,7.7542253,-65.90843,167.3317,7.063456,99.17207,153.2304,0.72029614,24.79495,0.036,97,761.1278
8/29/2026 1:07,41342.54,41512.176,27.01638,24.188162,1.0173857,26.982916,7.7156153,-63.700676,162.00543,6.76354,94.94111,146.69559,0.5556101,24.78605,0.045,97,761.1278
8/29/2026 1:37,41280.383,41424.926,26.95382,24.22458,1.0173295,26.926203,7.7518854,-65.779686,160.93254,7.0965223,99.633766,153.93718,1.0237836,24.817318,0.045,97,761.1278
8/29/2026 2:07,40980.883,41221.89,26.80451,24.40162,1.0172529,26.79423,7.7589583,-66.15639,170.66956,7.1335406,99.853584,154.31287,0.73612946,24.693897,0.045,97,761.1278
8/29/2026 2:37,40935.33,41195.33,26.784819,24.428778,1.0172452,26.776964,7.7567987,-66.02764,157.42302,7.087383,99.154366,153.23938,1.0144697,24.669561,0.063,97,761.1278
8/29/2026 3:07,40775.9,41093.953,26.710062,24.52429,1.0172105,26.71107,7.7224283,-64.04877,173.5115,6.729236,93.98111,145.26472,0.3372474,24.594782,0.045,97,761.1278
8/29/2026 3:37,40785.24,41200.89,26.784925,24.518675,1.0173025,26.780579,7.710526,-63.34305,171.50879,6.6875963,93.23914,144.15106,0.6807993,24.471813,0.036,97,761.1278
8/29/2026 4:07,40625.203,41082.14,26.697996,24.615261,1.0172527,26.703392,7.696688,-62.54196,189.15652,6.692841,93.177605,144.07045,0.5711234,24.417667,0.036,97,761.1278
8/29/2026 4:37,40596.184,41114.613,26.719889,24.632858,1.0172915,26.724499,7.69405,-62.37507,197.16739,6.6674476,92.70954,143.36745,0.31858587,24.33982,0.045,97,761.1278
8/29/2026 5:07,40323.332,40874.36,26.545412,24.799538,1.0171732,26.568333,7.6656246,-60.744286,196.30908,6.581052,91.34361,141.2671,1.1373844,24.29419,0.036,97,761.1278
8/29/2026 5:37,40363.992,40957.48,26.60435,24.774557,1.0172328,26.622362,7.667821,-60.858727,201.5257,6.254824,86.76472,134.19873,0.5332216,24.241344,0.036,97,761.1278
8/29/2026 6:07,40095.113,40733.855,26.441654,24.940695,1.017128,26.477007,7.6284013,-58.59852,198.12584,6.323895,87.54527,135.4215,4.2524858,24.179014,0.036,97,761.1278
8/29/2026 6:37,40215.234,40875.207,26.543163,24.866198,1.0172114,26.568884,7.6800094,-61.535835,195.73688,6.326898,87.600525,135.51303,0.5069185,24.15466,0.036,97,761.1278
8/29/2026 7:07,39889.715,40575.44,26.32608,25.069118,1.0170591,26.374037,7.6703653,-60.977936,197.31046,6.359938,87.887474,135.96675,6.745299,24.115181,0.036,97,761.1278
8/29/2026 7:37,40039.867,40724.31,26.43355,24.975107,1.0171388,26.4708,7.6460886,-59.595108,196.68103,6.396591,88.45604,136.84514,0.98762864,24.120068,0.036,97,761.1278
8/29/2026 8:07,40283.047,40911.777,26.570404,24.824339,1.0172204,26.592655,7.658034,-60.29129,204.5393,6.4314804,89.12615,137.86278,1.3962792,24.195393,0.036,97,761.1278
8/29/2026 8:37,39962.367,40697.008,26.412504,25.023542,1.0171415,26.453056,7.654099,-60.038567,208.31586,6.5038786,89.82573,138.98067,1.2260383,24.054897,0.036,97,761.1278
8/29/2026 9:07,40404.086,41046.508,26.667395,24.749971,1.0172976,26.68023,7.682508,-61.683655,211.11966,6.4952307,90.03616,139.2742,7.811186,24.180569,0.036,97,761.1278
8/29/2026 9:37,40682.15,41425.367,26.938694,24.580807,1.0175365,26.926489,7.669725,-60.930252,174.32213,6.2998166,87.27931,135.03937,0.6132126,24.06067,0.036,97,761.1278
8/29/2026 10:07,40529.777,41207.676,26.782969,24.673218,1.0173967,26.78499,7.6733756,-61.154366,192.36087,6.4787354,89.80094,138.92104,0.87723476,24.138704,0.036,97,761.1278
8/29/2026 10:37,40738.824,41329.61,26.873486,24.54661,1.0174326,26.864246,7.707752,-63.13801,200.39558,6.7377553,93.624664,144.80624,1.0090511,24.2516,0.036,97,761.1278
8/29/2026 11:07,40833.203,41423.812,26.941656,24.489874,1.0174835,26.925478,7.7146015,-63.529015,170.64572,6.862492,95.39848,147.54921,0.8174005,24.253523,0.036,97,761.1278
8/29/2026 11:37,41054.586,41613.97,27.080172,24.357815,1.0175755,27.04908,7.712101,-63.3955,178.58505,6.785649,94.47577,146.11055,0.1614846,24.296219,0.036,97,761.1278
8/29/2026 12:07,41043.81,41582.168,27.057688,24.36421,1.0175512,27.02841,7.7120876,-63.40027,184.474,6.8284297,95.10231,147.07248,0.11218328,24.322155,0.036,97,761.1278
8/29/2026 12:37,41059.957,41547.28,27.03376,24.354628,1.0175147,27.005733,7.722882,-64.02969,164.41821,6.929175,96.59964,149.37039,0.17840952,24.385897,0.045,97,761.1278
8/29/2026 13:07,41092.977,41568.18,27.049208,24.335058,1.0175219,27.019318,7.7256646,-64.19182,162.3249,6.9832306,97.3883,150.58554,0.2625041,24.401474,0.036,97,761.1278
8/29/2026 13:37,41175.402,41627.16,27.092543,24.286345,1.0175458,27.057653,7.728224,-64.344406,165.9298,6.991887,97.58501,150.88118,0.785488,24.431805,0.036,97,761.1278
8/29/2026 14:07,41161.887,41611.86,27.081501,24.29432,1.0175369,27.047709,7.7195253,-63.848495,158.3624,6.8922534,96.19194,148.7267,0.34670526,24.433846,0.045,97,761.1278
8/29/2026 14:37,41129.06,41556.168,27.041756,24.31371,1.0174987,27.011509,7.703294,-62.9282,152.27795,6.7677107,94.47826,146.06949,0.1810538,24.461891,0.045,97,761.1278
8/29/2026 15:07,41072.207,41548.723,27.035088,24.347364,1.0175118,27.00667,7.6911554,-62.22248,174.07895,6.6315236,92.47294,142.98573,0.1865681,24.399538,0.036,97,761.1278
8/29/2026 15:37,41065.523,41474.375,26.982998,24.351328,1.0174481,26.958344,7.7144914,-63.57193,178.79486,6.8845577,96.1143,148.5928,0.52747005,24.483877,0.045,97,761.1278
8/29/2026 16:07,40910.22,41174.285,26.769506,24.443771,1.0172352,26.763287,7.809424,-69.031715,183.12454,8.072857,112.92112,174.51714,1.131653,24.664219,0.045,97,761.1278
8/29/2026 16:37,41480.7,41298.58,26.87009,24.107597,1.0171449,26.844076,7.8248796,-70.04738,192.37994,8.314902,117.52321,181.4326,1.1253968,25.230883,0.054,97,761.1278
8/29/2026 17:07,41407.848,41120.3,26.743486,24.150011,1.0170097,26.728197,7.8139954,-69.4561,190.2771,7.8416553,111.013466,171.33768,0.9473452,25.366117,0.045,97,761.1278
8/29/2026 17:37,41460.953,41124.02,26.747272,24.11908,1.0169941,26.730612,7.7904205,-68.12096,178.0796,7.826622,110.92333,171.17744,0.78170073,25.428963,0.054,97,761.1278
8/29/2026 18:07,41499.53,41216.133,26.812729,24.096657,1.0170637,26.790485,7.8170195,-69.62776,190.94943,8.09566,114.642426,176.9407,1.702205,25.359993,0.054,97,761.1278
8/29/2026 18:37,41502.97,41126.7,26.750078,24.094662,1.0169812,26.732355,7.831024,-70.45746,187.61635,8.481085,120.30435,185.636,1.4298332,25.479012,0.063,97,761.1278
8/29/2026 19:07,41212.773,40867.4,26.561905,24.264322,1.0168506,26.56381,7.8579082,-71.988106,190.92084,8.6229515,122.109146,188.43445,1.8102851,25.442469,0.054,97,761.1278
8/29/2026 19:37,41229.496,40940.6,26.613565,24.25448,1.0169111,26.611391,7.8837895,-73.451996,191.23553,8.858063,125.317535,193.41321,2.7922924,25.369448,0.054,97,761.1278
8/29/2026 20:07,41033.137,40876.164,26.56402,24.370548,1.0169237,26.569508,7.845923,-71.24424,198.22598,8.545759,120.513916,186.06044,2.1948926,25.201057,0.045,97,761.1278
8/29/2026 20:37,41478.434,41228.484,26.820915,24.108913,1.0170823,26.798515,7.7807,-67.539215,194.32068,7.547723,106.809555,164.86508,1.641826,25.317406,0.054,97,761.1278
8/29/2026 21:07,41280.52,41181.01,26.783112,24.2245,1.0171103,26.767658,7.7992134,-68.55488,195.12653,7.90719,111.50392,172.17484,1.5825907,25.126514,0.054,97,761.1278
8/29/2026 21:37,41050.26,41183.637,26.77948,24.36038,1.0171944,26.769365,7.8029914,-68.7027,194.64493,7.792906,109.32719,168.9096,1.9054466,24.830442,0.054,97,761.1278
8/29/2026 22:07,40973.758,41196.332,26.786472,24.405865,1.0172327,26.777617,7.8275757,-70.08076,147.43805,7.941745,111.20019,171.84029,1.4552741,24.71713,0.045,97,761.1278
8/29/2026 22:37,41047.95,41302.8,26.862701,24.361753,1.0173017,26.84682,7.8056984,-68.82191,160.19345,7.721506,108.0879,167.04347,1.4494772,24.676945,0.045,97,761.1278
8/29/2026 23:07,41081.92,41350.926,26.897177,24.341606,1.0173327,26.878103,7.8031807,-68.67409,182.32346,7.4756727,104.6352,161.71289,1.350807,24.659405,0.045,97,761.1278
8/29/2026 23:37,41088.496,41437.83,26.958061,24.337713,1.0174079,26.93459,7.779114,-67.276955,165.68184,7.491879,104.71449,161.86607,1.1950916,24.558624,0.045,97,761.1278
8/30/2026 0:07,41039.195,41478.594,26.985275,24.36695,1.0174611,26.961084,7.698007,-62.623024,181.427,7.2078605,100.56132,155.47908,1.0426362,24.445372,0.036,97,761.1278
8/30/2026 0:37,40941.773,41415.14,26.938456,24.42493,1.0174384,26.919842,7.723073,-64.044,192.2655,7.051764,98.28201,151.96739,1.0131006,24.401579,0.045,97,761.1278
8/30/2026 1:07,40981.207,41460.984,26.971474,24.401428,1.0174655,26.94964,7.7309575,-64.492226,197.15787,6.9866185,97.379845,150.57451,2.024817,24.394146,0.045,97,761.1278
8/30/2026 1:37,40925.047,41414.22,26.93738,24.434914,1.0174435,26.91924,7.715292,-63.59577,189.45694,6.726909,93.72123,144.92072,1.126693,24.381588,0.045,97,761.1278
8/30/2026 2:07,41049.836,41474.61,26.982761,24.360634,1.0174538,26.958496,7.736876,-64.845085,157.18936,6.858542,95.71728,147.98456,1.1830796,24.463783,0.036,97,761.1278
8/30/2026 2:37,40942.777,41410.727,26.935398,24.424332,1.0174341,26.916971,7.7293158,-64.40163,164.75201,6.991789,97.45605,150.68835,1.2480234,24.408367,0.036,97,761.1278
8/30/2026 3:07,40612.98,41227.926,26.799286,24.62267,1.0173861,26.798151,7.7169046,-63.652992,186.1763,6.923962,96.11657,148.66925,0.8224622,24.219072,0.036,97,761.1278
8/30/2026 3:37,40748.793,41317.496,26.865307,24.540604,1.0174185,26.856373,7.6911783,-62.19864,186.49101,6.7055817,93.21855,144.17072,1.0913717,24.27936,0.036,97,761.1278
8/30/2026 4:07,40594.633,41216.824,26.791069,24.633799,1.0173826,26.790937,7.681817,-61.650276,199.58496,6.668338,92.54838,143.15262,1.1040748,24.209654,0.036,97,761.1278
8/30/2026 4:37,40360.875,41056.016,26.672855,24.77647,1.0173209,26.686409,7.6763945,-61.32126,200.90103,6.5308285,90.425804,139.89413,1.046658,24.113537,0.036,97,761.1278
8/30/2026 5:07,40115.223,40878.71,26.542913,24.928192,1.0172491,26.571163,7.6436715,-59.43775,196.70486,6.4855947,89.588684,138.6222,0.70825446,24.02215,0.036,97,761.1278
8/30/2026 5:37,39863.727,40693.793,26.4076,25.085463,1.0171727,26.450966,7.6426487,-59.361458,186.8677,6.54125,90.1443,139.50473,1.2912791,23.932047,0.027,97,761.1278
8/30/2026 6:07,39975.28,40725.773,26.432837,25.01546,1.0171623,26.471754,7.6551733,-60.095787,195.17422,6.727983,92.89954,143.7417,1.416245,24.035189,0.036,97,761.1278
8/30/2026 6:37,39917.51,40702.414,26.415052,25.051662,1.0171617,26.45657,7.671735,-61.030388,198.45963,6.6382036,91.5784,141.70908,0.77757174,23.990372,0.027,97,761.1278
8/30/2026 7:07,39986.61,40797.64,26.483088,25.008371,1.0172219,26.518467,7.614096,-57.74021,208.94528,6.3595653,87.72041,135.74687,0.5998253,23.959192,0.036,97,761.1278
8/30/2026 7:37,39903.43,40726.684,26.431526,25.060503,1.017188,26.472345,7.687647,-61.92684,200.09995,6.6725187,91.98142,142.34529,0.96872187,23.94167,0.036,97,761.1278
8/30/2026 8:07,39796.184,40639.91,26.368347,25.128038,1.0171485,26.415943,7.674023,-61.14483,186.96307,6.794476,93.58145,144.82893,0.9120686,23.913036,0.036,97,761.1278
8/30/2026 8:37,39779.695,40610.695,26.347609,25.138453,1.0171285,26.396952,7.679491,-61.45954,189.72873,6.7224574,92.6041,143.31232,1.0555682,23.928661,0.036,97,761.1278
8/30/2026 9:07,39879.492,40720.3,26.426437,25.075544,1.0171906,26.468197,7.649475,-59.747696,196.08498,6.490241,89.43028,138.403,0.90246356,23.918934,0.036,97,761.1278
8/30/2026 9:37,40043.965,40775.883,26.469515,24.972551,1.017183,26.504324,7.684452,-61.769485,193.82,6.8027,93.99242,145.42606,0.9851207,24.060223,0.036,97,761.1278
8/30/2026 10:07,40424.008,41156.492,26.744486,24.737774,1.0173879,26.75172,7.654805,-60.081482,193.46237,6.387627,88.40897,136.78528,9.430022,24.068193,0.036,97,761.1278
8/30/2026 10:37,40477.42,41186.33,26.7667,24.705132,1.017396,26.771112,7.6487565,-59.742928,195.15991,6.506415,90.11318,139.41422,0.46434712,24.098839,0.036,97,761.1278
8/30/2026 11:07,40627.348,41271.402,26.829952,24.613962,1.0174195,26.826412,7.689023,-62.055588,200.50049,6.81591,94.573326,146.29196,0.36381072,24.182968,0.036,97,761.1278
8/30/2026 11:37,40819,41406.594,26.929277,24.498396,1.017473,26.914286,7.717097,-63.672066,193.35269,7.0354843,97.8023,151.26611,0.40180454,24.257023,0.036,97,761.1278
8/30/2026 12:07,40919.434,41459.38,26.968735,24.438267,1.0174853,26.948597,7.715363,-63.586235,184.86499,7.0527363,98.16934,151.81668,0.15997128,24.318144,0.036,97,761.1278
8/30/2026 12:37,40959.906,41482.562,26.985977,24.414118,1.0174919,26.963665,7.718623,-63.77697,180.57823,7.0323195,97.93294,151.44485,0.2019603,24.340345,0.027,97,761.1278
8/30/2026 13:07,40979.156,41479.543,26.984371,24.402649,1.0174826,26.961702,7.718518,-63.77697,173.26831,7.0212045,97.82528,151.27046,0.09445172,24.368406,0.036,97,761.1278
8/30/2026 13:37,41018.805,41520.52,27.014004,24.379063,1.0175053,26.988337,7.703226,-62.904358,168.53333,6.873477,95.78134,148.11017,0.27994978,24.367353,0.036,97,761.1278
8/30/2026 14:07,40977.125,41508.914,27.004818,24.40386,1.0175092,26.980795,7.703033,-62.885284,168.89572,6.8722577,95.695625,147.98807,0.37363157,24.32924,0.036,97,761.1278
8/30/2026 14:37,40948.25,41497.656,26.996202,24.421068,1.0175092,26.973476,7.6718497,-61.101913,153.88013,6.436792,89.592155,138.55516,0.30190665,24.306835,0.045,97,761.1278
8/30/2026 15:07,40866.895,41412.156,26.93442,24.469685,1.0174617,26.917902,7.6920667,-62.25586,162.73022,6.72289,93.54746,144.67104,0.47454467,24.310644,0.036,97,761.1278
8/30/2026 15:37,40861.836,41328.94,26.87623,24.472713,1.0173895,26.863811,7.7146072,-63.562393,160.82764,6.941814,96.72651,149.56035,0.7671072,24.408266,0.045,97,761.1278
8/30/2026 16:07,40886.844,41388.668,26.91855,24.457745,1.0174339,26.902634,7.665538,-60.753822,183.86841,6.501062,90.53891,140.00417,1.2996542,24.3652,0.036,97,761.1278
8/30/2026 16:37,40830.223,41290.92,26.848896,24.491661,1.0173668,26.8391,7.6553283,-60.181618,173.21109,6.081379,84.73528,131.01744,0.6044545,24.415842,0.036,97,761.1278
8/30/2026 17:07,40702.438,41129.16,26.732767,24.568554,1.0172675,26.733953,7.6857653,-61.92684,180.27783,7.04823,98.212006,151.84355,1.0518975,24.456799,0.036,97,761.1278
8/30/2026 17:37,40758.09,41145.95,26.7459,24.535006,1.017263,26.744867,7.749078,-65.550804,179.49104,7.4717274,104.211464,161.10422,1.2909662,24.50647,0.036,97,761.1278
8/30/2026 18:07,40686.492,41043.184,26.672386,24.578182,1.0171965,26.67807,7.762211,-66.308975,194.14902,7.6745114,107.06659,165.50615,1.5120702,24.544996,0.045,97,761.1278
8/30/2026 18:37,40572.246,40924.082,26.586433,24.64739,1.0171305,26.600653,7.7602706,-66.1993,195.4937,7.7582126,108.190674,167.24225,1.8396719,24.549883,0.045,97,761.1278
8/30/2026 19:07,40539.37,40897.492,26.567059,24.667377,1.0171183,26.58337,7.7458515,-65.374374,179.72946,7.441671,103.749664,160.37979,1.2446939,24.541544,0.036,97,761.1278
8/30/2026 19:37,40586.94,40928.434,26.58984,24.638466,1.0171293,26.603481,7.788785,-67.830086,186.69604,7.9136906,110.38631,170.63202,2.4836748,24.56316,0.045,97,761.1278
8/30/2026 20:07,40518.555,40857.06,26.538345,24.680052,1.0170894,26.557089,7.8089027,-68.97926,194.03458,8.190235,114.21627,176.55128,2.9228008,24.566229,0.045,97,761.1278
8/30/2026 20:37,40552.305,40891.496,26.56321,24.659512,1.0171084,26.579472,7.7916985,-67.99698,197.4249,8.08871,112.815796,174.38664,3.0099359,24.565714,0.045,97,761.1278
8/30/2026 21:07,40413.17,40766.34,26.47246,24.744408,1.0170456,26.498121,7.7834225,-67.52014,205.76477,7.5901675,105.77177,163.50418,1.9286536,24.546429,0.045,97,761.1278
8/30/2026 21:37,40483.617,40835.816,26.52266,24.70135,1.0170829,26.54328,7.7637844,-66.399574,206.275,7.386276,102.96355,159.16255,2.8629854,24.548439,0.036,97,761.1278
8/30/2026 22:07,40414.23,40773.734,26.477636,24.74376,1.0170518,26.502928,7.7422714,-65.169334,206.17963,7.351756,102.4381,158.3533,2.171145,24.538372,0.036,97,761.1278
8/30/2026 22:37,40722.7,41237.57,26.808897,24.55633,1.0173566,26.80442,7.6992917,-62.675476,162.91618,6.729728,93.63374,144.79489,1.4461731,24.346308,0.045,97,761.1278
8/30/2026 23:07,40797.457,41319.258,26.867807,24.511332,1.0174032,26.857517,7.62927,-58.67958,188.20285,6.689632,93.095024,143.96384,1.2807909,24.338821,0.036,97,761.1278
8/30/2026 23:37,40786.508,41290.457,26.847433,24.517912,1.0173815,26.838799,7.6721563,-61.130524,192.69943,6.560605,91.3243,141.21974,1.1643387,24.360998,0.036,97,761.1278
8/31/2026 0:07,40804.51,41348.938,26.888695,24.507093,1.0174271,26.87681,7.679527,-61.540604,198.0734,6.627283,92.19298,142.57632,1.1156368,24.310644,0.036,97,761.1278
8/31/2026 0:37,40874.207,41461.793,26.969229,24.465307,1.0175029,26.950165,7.6505365,-59.876442,144.04297,6.4795957,90.097,139.34843,0.7385482,24.258022,0.036,97,761.1278
8/31/2026 1:07,40893.47,41498.875,26.9956,24.453783,1.0175291,26.974268,7.6537914,-60.05764,196.36154,6.351487,88.295395,136.56747,0.5955101,24.236202,0.036,97,761.1278
8/31/2026 1:37,40882.727,41489.73,26.988941,24.460209,1.0175246,26.968325,7.615919,-57.897568,197.01004,6.0633574,84.28341,130.36264,0.7790203,24.23402,0.036,97,761.1278
8/31/2026 2:07,40889.6,41498.22,26.995045,24.456095,1.0175297,26.973843,7.6051383,-57.282448,199.05566,6.0146723,83.60682,129.31656,0.6535996,24.232141,0.036,97,761.1278
8/31/2026 2:37,40880.1,41491.26,26.98994,24.461779,1.0175269,26.96932,7.576802,-55.66597,193.09044,5.730336,79.647415,123.19323,0.6451579,24.228802,0.036,97,761.1278
8/31/2026 3:07,40864.375,41464.97,26.971188,24.471193,1.0175091,26.95223,7.6017613,-57.091713,189.56184,5.819028,80.88985,125.11198,0.7925723,24.241657,0.036,97,761.1278
8/31/2026 3:37,40859.703,41462.95,26.969656,24.473991,1.0175089,26.950918,7.602191,-57.115555,166.10146,5.7961454,80.56616,124.61211,1.0706763,24.23827,0.036,97,761.1278
8/31/2026 4:07,40809.066,41425.316,26.942068,24.504358,1.017493,26.926456,7.5553355,-54.4405,170.65048,5.7554326,79.96355,123.683975,0.9216103,24.221142,0.036,97,761.1278
8/31/2026 4:37,40844.77,41458.12,26.96589,24.482939,1.0175098,26.947779,7.5212035,-52.495003,181.53668,5.1350317,71.35911,110.37412,2.2845094,24.225418,0.045,97,761.1278
8/31/2026 5:07,40278.895,40979.28,26.617271,24.826899,1.0172814,26.636532,7.5351286,-53.26748,183.95424,5.182077,71.7176,110.95311,0.64502573,24.105167,0.036,97,761.1278
8/31/2026 5:37,40089.51,40875.113,26.539717,24.94418,1.0172548,26.568823,7.573557,-55.437088,177.90794,5.5167933,76.16666,117.86011,0.8912949,23.993742,0.036,97,761.1278
8/31/2026 6:07,39892.062,40751.06,26.448143,25.067644,1.0172133,26.48819,7.5509377,-54.130554,183.66336,5.808374,80.0129,123.833626,0.8593355,23.89638,0.036,97,761.1278
8/31/2026 6:37,39824.953,40663.504,26.385508,25.109884,1.0171593,26.431278,7.5419884,-53.625107,192.58975,5.5296216,76.17782,117.89309,0.3384642,23.920328,0.036,97,761.1278
8/31/2026 7:07,39838.42,40632.28,26.364195,25.101397,1.0171272,26.410984,7.5663304,-55.02224,191.01143,5.8196254,80.24336,124.17217,1.091236,23.977085,0.018,97,761.1278
8/31/2026 7:37,40055.617,40872.344,26.536875,24.965288,1.017264,26.567024,7.5756965,-55.55153,187.54005,5.658523,78.06732,120.80997,0.3791711,23.9538,0.036,96,761.1278
8/31/2026 8:07,40107.97,40922.22,26.572962,24.932701,1.0172899,26.599443,7.530485,-52.97661,197.39627,5.529122,76.3039,118.0801,0.15448353,23.958246,0.036,96,761.1278
8/31/2026 8:37,39988.734,40822.926,26.500702,25.007044,1.0172434,26.534903,7.5525875,-54.23069,198.97461,5.823202,80.28917,124.25362,0.5572101,23.930136,0.036,96,761.1278
8/31/2026 9:07,39617.477,40486.49,26.256975,25.241386,1.017075,26.316217,7.565486,-54.955482,206.38466,6.112525,84.080505,130.1337,0.47973016,23.876219,0.018,96,761.1278
8/31/2026 9:37,40104.703,40816.535,26.499407,24.93473,1.0171978,26.530746,7.6401815,-59.251785,202.55566,6.5226436,90.180595,139.52155,0.685762,24.08692,0.036,96,761.1278
8/31/2026 10:07,40035.11,40688.9,26.408806,24.978075,1.0171092,26.447784,7.622282,-58.24566,207.59106,6.0553455,83.782074,129.60513,0.7719157,24.158745,0.036,96,761.1278
8/31/2026 10:37,40553.414,41209.805,26.785082,24.658836,1.0173906,26.786373,7.6139765,-57.77359,149.66489,6.081702,84.33919,130.4652,0.29951614,24.166073,0.036,96,761.1278
8/31/2026 11:07,40651.008,41305.246,26.854172,24.599636,1.0174413,26.84841,7.5996585,-56.9582,163.68866,6.0323944,83.69539,129.46819,0.17161591,24.170727,0.036,96,761.1278
8/31/2026 11:37,40652.89,41242.035,26.810175,24.598497,1.0173848,26.807323,7.639604,-59.251785,171.3562,6.3385963,88.04701,136.17934,0.36175293,24.25209,0.036,96,761.1278
8/31/2026 12:07,40952.137,41505.46,27.001753,24.41875,1.0175148,26.97855,7.6578217,-60.300827,174.31259,6.5230265,90.78766,140.40521,0.34514636,24.302023,0.036,96,761.1278
8/31/2026 12:37,41045.07,41593.418,27.065567,24.363462,1.0175607,27.035723,7.658965,-60.367584,176.07689,6.496695,90.466446,139.90648,0.34025186,24.309765,0.027,96,761.1278
8/31/2026 13:07,41065.25,41569.836,27.049646,24.35149,1.0175328,27.020393,7.6673794,-60.858727,189.66199,6.5729094,91.60701,141.656,0.22435565,24.36449,0.036,96,761.1278
8/31/2026 13:37,41107.477,41568.5,27.049807,24.326475,1.0175172,27.019526,7.6790495,-61.535835,186.37657,6.7091713,93.595924,144.71683,0.39267755,24.419336,0.036,96,761.1278
8/31/2026 14:07,41089.816,41549.426,27.03603,24.336931,1.0175062,27.007126,7.6620793,-60.567856,175.39024,6.4882183,90.50871,139.94298,0.037001386,24.420853,0.036,96,761.1278
8/31/2026 14:37,41194.645,41496.387,27.001657,24.275,1.0174229,26.972652,7.6951947,-62.499046,169.62051,6.7529974,94.5105,146.07625,0.8452076,24.619291,0.045,96,761.1278
8/31/2026 15:07,41151.58,41517.1,27.015043,24.300406,1.0174564,26.986116,7.7117786,-63.42888,167.66548,6.921051,96.734566,149.53632,0.21236083,24.53905,0.045,96,761.1278
8/31/2026 15:37,41184.867,41512.5,27.012678,24.280764,1.0174408,26.983124,7.6915555,-62.28447,160.61783,6.802101,95.149895,147.0735,0.4606919,24.586784,0.045,96,761.1278
8/31/2026 16:07,41062.73,41490.008,26.993841,24.352983,1.0174631,26.968506,7.6506567,-59.924126,171.06056,6.338594,88.462036,136.76828,0.726412,24.460821,0.036,96,761.1278
8/31/2026 16:37,41033.895,41475.492,26.982964,24.370098,1.0174601,26.95907,7.6119485,-57.7116,181.24103,5.9639077,83.20103,128.6388,0.03543057,24.442556,0.045,96,761.1278
8/31/2026 17:07,41079.383,41512.67,27.010098,24.343111,1.0174774,26.983238,7.576984,-55.718422,185.3609,5.639283,78.69953,121.67644,0.48974183,24.453533,0.036,96,761.1278
8/31/2026 17:37,40833.863,41283.38,26.843725,24.489477,1.0173588,26.834196,7.592855,-56.619644,185.03189,6.33343,88.26642,136.47371,1.2047911,24.42992,0.045,96,761.1278
8/31/2026 18:07,39894.43,40089.695,25.988314,25.066156,1.0166237,26.058302,7.6735296,-61.28788,195.39355,7.078198,98.70634,152.52522,1.217409,24.74499,0.045,96,761.1278
8/31/2026 18:37,41231.453,41285.918,26.855377,24.253328,1.017222,26.835848,7.652755,-60.138702,179.95834,6.57034,92.37657,142.69368,0.5191345,24.930935,0.054,96,761.1278
8/31/2026 19:07,41315.67,41200.027,26.797237,24.20389,1.0171149,26.78002,7.6900907,-62.31785,193.98212,6.2819715,88.62419,136.84053,1.1214199,25.146957,0.054,96,761.1278
8/31/2026 19:37,41264.188,41160.06,26.768063,24.234089,1.0170972,26.754038,7.7204895,-64.053535,175.15182,7.034282,99.19622,153.1686,1.0860727,25.132454,0.054,96,761.1278
8/31/2026 20:07,35827.625,35767.996,22.90607,27.911423,1.0142072,23.249199,7.6513696,-60.09102,171.99994,6.924123,95.44539,147.38982,1.4214798,25.087288,0.045,96,761.1278
8/31/2026 20:37,41339.066,41232.242,26.82035,24.190193,1.0171356,26.800959,7.693967,-62.537193,190.25327,7.179844,101.28462,156.39232,1.414138,25.135645,0.054,96,761.1278
8/31/2026 21:07,41166.254,41101.098,26.724506,24.291742,1.0170789,26.715714,7.6342077,-59.108734,191.4072,6.924813,97.544655,150.63278,1.3832179,25.082994,0.054,96,761.1278
8/31/2026 21:37,41246.168,41191.98,26.789984,24.244677,1.0171324,26.774788,7.658022,-60.46772,174.91818,5.839665,82.26947,127.047646,0.97828645,25.068874,0.045,96,761.1278
8/31/2026 22:07,41211.79,41177.258,26.778875,24.264902,1.0171313,26.765219,7.634677,-59.127808,190.99713,6.610745,93.08642,143.759,1.3032645,25.043905,0.045,96,761.1278
8/31/2026 22:37,41069.496,41135.457,26.746254,24.348972,1.0171443,26.738049,7.6572294,-60.391426,194.27777,6.611862,92.87868,143.47333,1.0056014,24.916048,0.045,96,761.1278
8/31/2026 23:07,40859.44,41210,26.793165,24.474148,1.0172848,26.786499,7.6655283,-60.79197,187.61635,6.6456227,92.79234,143.43808,0.6199769,24.554628,0.045,96,761.1278
8/31/2026 23:37,41006.09,41381.62,26.916706,24.386621,1.0173864,26.898054,7.6838465,-61.831474,142.64107,6.6780443,93.26243,144.17278,0.9169289,24.52488,0.045,96,761.1278
9/1/2026 0:07,40941.8,41336.887,26.883837,24.424915,1.0173689,26.868977,7.6405783,-59.35669,172.78195,6.4203672,89.60751,138.52924,0.7064696,24.499596,0.045,96,761.1278
9/1/2026 0:37,41007.74,41451.887,26.965807,24.385641,1.0174482,26.943726,7.6568336,-60.272217,187.43515,6.3529987,88.61514,137.01057,0.7956508,24.439018,0.045,96,761.1278
9/1/2026 1:07,40945.16,41407.47,26.93319,24.42291,1.0174304,26.914854,7.655413,-60.186386,185.82822,6.475868,90.27489,139.58287,0.8795772,24.415453,0.036,96,761.1278
9/1/2026 1:37,40889.062,41390.61,26.919962,24.456417,1.0174348,26.903896,7.6512437,-59.93843,184.10683,6.362901,88.61604,137.03067,0.8787402,24.365582,0.045,96,761.1278
9/1/2026 2:07,40851.266,41379.492,26.911222,24.479046,1.0174379,26.89667,7.6292114,-58.674812,195.81795,6.2238317,86.623535,133.958,0.8704748,24.331654,0.036,96,761.1278
9/1/2026 2:37,40961.895,41502.086,26.999655,24.412933,1.0175085,26.976357,7.6112,-57.644844,188.1218,6.010097,83.6719,129.39659,0.3915931,24.318535,0.036,96,761.1278
9/1/2026 3:07,40848.312,41403.668,26.928015,24.480816,1.0174603,26.912384,7.610769,-57.616234,183.91609,5.936646,82.58531,127.72113,0.8958447,24.297737,0.045,96,761.1278
9/1/2026 3:37,40903.37,41456.69,26.966442,24.447863,1.0174884,26.94685,7.5647764,-54.99363,178.32756,5.600999,77.93804,120.5332,0.9267919,24.301207,0.036,96,761.1278
9/1/2026 4:07,40918.207,41472.945,26.978172,24.439,1.0174977,26.957415,7.577656,-55.72796,181.07414,5.6194763,78.19827,120.936,0.7768911,24.299688,0.036,96,761.1278
9/1/2026 4:37,40935.574,41452.434,26.96432,24.42863,1.0174735,26.944082,7.556352,-54.52156,182.08981,5.5241337,76.92941,118.96318,2.0900621,24.347185,0.036,96,761.1278
9/1/2026 5:07,40833.82,41371.5,26.905195,24.489504,1.017437,26.891476,7.5421457,-53.70617,188.1504,5.4649315,76.04251,117.59769,2.0242143,24.319561,0.036,96,761.1278
9/1/2026 5:37,40533.418,41073.793,26.689806,24.671001,1.017277,26.697966,7.5182633,-52.342415,178.34186,5.6201096,78.09388,120.771965,1.0453814,24.311195,0.045,96,761.1278
9/1/2026 6:07,40544.316,41077.496,26.692665,24.66437,1.0172766,26.700373,7.486301,-50.520897,196.84314,5.3676867,74.59958,115.36607,0.75088775,24.320429,0.036,96,761.1278
9/1/2026 6:37,40576.04,41076.105,26.692526,24.645086,1.0172644,26.699469,7.552207,-54.28791,196.04205,5.7285213,79.67314,123.20255,0.42750543,24.362608,0.036,96,761.1278
9/1/2026 7:07,40506.684,41014.98,26.64813,24.687284,1.0172342,26.659739,7.537365,-53.43914,186.1763,5.2807007,73.41138,113.52209,0.25749063,24.35115,0.027,96,761.1278
9/1/2026 7:37,40052.85,40597.152,26.345459,24.96701,1.0170214,26.38815,7.550741,-54.192543,174.16476,5.5951333,77.57576,119.97362,0.8679179,24.298044,0.045,96,761.1278
9/1/2026 8:07,39545.734,40163.832,26.031126,25.287178,1.0168144,26.106491,7.5427933,-53.720474,181.36978,5.577235,77.048164,119.18048,0.09346706,24.19427,0.036,96,761.1278
9/1/2026 8:37,39688.26,40287.02,26.120396,25.196367,1.0168737,26.186563,7.5252285,-52.723885,186.84387,5.665542,78.34617,121.1821,0.15116842,24.22187,0.036,96,761.1278
9/1/2026 9:07,40284.535,40792.918,26.4877,24.823421,1.0171144,26.515398,7.532445,-53.157806,194.59724,4.9037743,68.10455,105.31643,0.0381919,24.347511,0.036,96,761.1278
9/1/2026 9:37,40064.742,40591,26.341484,24.959602,1.0170118,26.38415,7.52074,-52.485466,196.55704,5.368691,74.46476,115.157425,0.08240776,24.321209,0.036,96,761.1278
9/1/2026 10:07,40285.348,40797.117,26.490646,24.822922,1.0171179,26.518126,7.524935,-52.728653,197.25323,5.4747868,76.03041,117.57387,0.037764303,24.343231,0.036,96,761.1278
9/1/2026 10:37,40209.965,40740.02,26.448942,24.869457,1.0170934,26.481012,7.5063686,-51.665306,204.29611,5.598654,77.698944,120.1595,0.037929717,24.318817,0.036,96,761.1278
9/1/2026 11:07,40473.67,40978.21,26.621656,24.70742,1.0172131,26.635838,7.5790615,-55.818558,202.87991,5.776815,80.30218,124.17695,0.058906592,24.35537,0.036,96,761.1278
9/1/2026 11:37,40545.797,41180.79,26.764666,24.66347,1.0173675,26.767513,7.572655,-55.422783,201.29681,5.63228,78.13412,120.86063,0.07272822,24.19269,0.036,96,761.1278
9/1/2026 12:07,40564.35,41205.652,26.782478,24.652187,1.0173831,26.783674,7.5692506,-55.22728,165.66754,5.5943727,77.60591,120.04523,0.063697085,24.18516,0.036,96,761.1278
9/1/2026 12:37,40591.47,41224.523,26.796345,24.63572,1.0173904,26.79594,7.5651174,-54.99363,185.28938,5.6611,78.552704,121.50734,0.43180624,24.196007,0.036,96,761.1278
9/1/2026 13:07,40703.59,41345.35,26.883522,24.567858,1.0174587,26.874477,7.581036,-55.89962,195.39833,5.772091,80.12062,123.9346,0.15352182,24.187332,0.036,96,761.1278
9/1/2026 13:37,40708.54,41366.664,26.898506,24.56487,1.0174757,26.88833,7.5619497,-54.807663,202.13605,5.674061,78.7385,121.80122,0.19624586,24.167038,0.036,96,761.1278
9/1/2026 14:07,40814.59,41469.656,26.973125,24.501043,1.0175302,26.955276,7.577905,-55.718422,201.43033,5.643858,78.36119,121.216225,0.037378468,24.17297,0.036,96,761.1278
9/1/2026 14:37,40836.16,41497.1,26.992842,24.4881,1.0175471,26.973116,7.561785,-54.798126,192.01279,5.6256022,78.10713,120.82477,0.03579769,24.166101,0.036,96,761.1278
9/1/2026 15:07,40833.836,41513.3,27.004066,24.489494,1.0175622,26.983646,7.5571756,-54.531097,179.6484,5.5569973,77.12844,119.31585,0.035508346,24.143066,0.036,96,761.1278
9/1/2026 15:37,40822.395,41507.387,26.999638,24.496359,1.0175608,26.979801,7.5648937,-54.969788,176.36299,5.5773907,77.399925,119.73737,0.14228632,24.135973,0.036,96,761.1278
9/1/2026 16:07,40750.254,41411.67,26.930983,24.539724,1.0175011,26.917587,7.563382,-54.888725,163.68866,5.595402,77.65716,120.12919,0.09189592,24.16378,0.036,96,761.1278
9/1/2026 16:37,40798.082,41410.62,26.931534,24.510956,1.0174838,26.916904,7.561593,-54.798126,165.51495,5.4857993,76.21871,117.89065,0.38024047,24.225557,0.027,96,761.1278
9/1/2026 17:07,40737.277,41306.87,26.857597,24.54754,1.017413,26.849466,7.552812,-54.306984,180.01556,5.5606484,77.29696,119.54685,0.743996,24.278044,0.036,96,761.1278
9/1/2026 17:37,40594.5,41199.42,26.778936,24.633879,1.0173672,26.779625,7.52545,-52.73819,180.57346,5.28951,73.43464,113.58322,0.12412257,24.23127,0.036,96,761.1278
9/1/2026 18:07,40738.867,41243.273,26.813292,24.546583,1.0173562,26.808128,7.5227942,-52.609444,191.43582,5.4383073,75.68527,117.036545,0.10015872,24.359688,0.045,96,761.1278
9/1/2026 18:37,40708.09,41166.9,26.759233,24.565142,1.0172992,26.758484,7.5237045,-52.671432,191.02097,5.667034,78.922455,122.02952,1.0952963,24.416485,0.027,96,761.1278
9/1/2026 19:07,40297.176,40606.43,26.358112,24.815636,1.0169436,26.394178,7.6147504,-57.902336,183.14838,6.2519994,87.15041,134.70502,0.85672474,24.60126,0.045,96,761.1278
9/1/2026 19:37,40257.754,40598.113,26.351341,24.839935,1.0169501,26.388775,7.607787,-57.497025,175.73357,5.9890194,83.42278,128.95308,0.9458566,24.561066,0.045,96,761.1278
9/1/2026 20:07,39958.895,40314.438,26.146347,25.025717,1.0168024,26.204384,7.631505,-58.846474,191.25461,6.289229,87.46713,135.21051,1.1030229,24.538258,0.036,96,761.1278
9/1/2026 20:37,39843.633,40234.223,26.087652,25.098112,1.0167717,26.152245,7.633086,-58.927536,187.63542,6.4282527,89.29785,138.05255,0.75093144,24.491734,0.045,96,761.1278
9/1/2026 21:07,39750.1,40172.156,26.042145,25.15717,1.0167494,26.111902,7.6383286,-59.218407,197.79205,6.4200306,89.09536,137.75024,0.9580652,24.44994,0.036,96,761.1278
9/1/2026 21:37,39900.402,40315.867,26.145872,25.062405,1.0168245,26.205315,7.610133,-57.611465,193.70079,6.229065,86.51235,133.75404,1.1804612,24.46046,0.036,96,761.1278
9/1/2026 22:07,39864.76,40324.492,26.150972,25.08481,1.0168449,26.21092,7.5491524,-54.121017,204.80634,5.7141266,79.283356,122.59059,0.65634686,24.403101,0.036,96,761.1278
9/1/2026 22:37,39771.027,40328.59,26.151428,25.143932,1.0168816,26.213583,7.484175,-50.39215,176.5585,5.3967304,74.71328,115.55136,1.0475974,24.27615,0.036,96,761.1278
9/1/2026 23:07,39745.766,40377.668,26.18487,25.159912,1.016934,26.245483,7.5106373,-51.88465,208.49228,5.6066127,77.50369,119.888084,1.4578456,24.18064,0.036,96,761.1278
9/1/2026 23:37,39762.133,40417.074,26.212677,25.149557,1.0169632,26.2711,7.563756,-54.9078,208.48274,5.7861977,79.958115,123.69137,1.0703082,24.151594,0.045,96,761.1278
9/2/2026 0:07,40470.176,41081.434,26.693462,24.709555,1.0173057,26.702932,7.50859,-51.77498,214.72455,5.2191563,72.40937,111.99954,0.7452343,24.220985,0.036,96,761.1278
9/2/2026 0:37,40469.797,41335.29,26.870148,24.709785,1.0175295,26.867939,7.553426,-54.273605,214.02835,5.619,77.602104,120.100914,0.48149145,23.903753,0.036,96,761.1278
9/2/2026 1:07,40499.38,41366.293,26.892548,24.691736,1.0175467,26.888092,7.5598745,-54.64077,214.68163,5.684757,78.51895,121.52009,0.9290849,23.902775,0.036,96,761.1278
9/2/2026 1:37,40494.477,41351.547,26.88215,24.694725,1.0175353,26.878506,7.561426,-54.73137,194.17763,5.6734195,78.3743,121.29358,0.34412345,23.914845,0.036,96,761.1278
9/2/2026 2:07,40535.88,41432.637,26.939722,24.669504,1.0175924,26.931213,7.5692005,-55.16529,178.92361,5.71139,78.858345,122.0533,0.13732515,23.86682,0.036,96,761.1278
9/2/2026 2:37,40465.75,41369.51,26.893847,24.712257,1.0175608,26.890182,7.568398,-55.117607,191.27846,5.680696,78.39915,121.34488,0.29681277,23.856226,0.036,96,761.1278
9/2/2026 3:07,40419.965,41337.188,26.870085,24.74025,1.0175481,26.869171,7.5609202,-54.688454,162.63486,5.654205,77.99827,120.72833,0.3340961,23.838282,0.027,96,761.1278
9/2/2026 3:37,40500.695,41420.105,26.930017,24.690933,1.0175933,26.923069,7.56896,-55.146217,160.67505,5.6536546,78.01703,120.757416,0.1755331,23.837845,0.018,96,761.1278
9/2/2026 4:07,40256.223,41222.36,26.785662,24.84088,1.0175029,26.794535,7.529809,-52.905083,168.23769,5.365043,73.88832,114.380264,0.034226254,23.772923,0.036,96,761.1278
9/2/2026 4:37,40440.72,41374.6,26.896688,24.727552,1.0175738,26.893492,7.5391297,-53.44391,160.42233,5.4081907,74.58966,115.45651,0.03795568,23.81825,0.027,96,761.1278
9/2/2026 5:07,40426.38,41348.14,26.877882,24.736324,1.0175555,26.876293,7.5327196,-53.081512,163.4121,5.352912,73.83813,114.29025,0.6975698,23.832844,0.027,96,761.1278
9/2/2026 5:37,40366.84,41279.797,26.82869,24.772808,1.0175157,26.83187,7.480945,-50.13466,178.99036,4.7511697,65.52993,101.42872,0.037240945,23.842077,0.036,96,761.1278
9/2/2026 6:07,40398.68,41306.742,26.848316,24.753284,1.0175285,26.849382,7.5041175,-51.455498,202.45074,4.9532313,68.33286,105.76585,0.12778917,23.849037,0.027,96,761.1278
9/2/2026 6:37,40114.594,41077.098,26.680754,24.928583,1.0174236,26.700115,7.4540143,-48.589706,205.2784,5.0885773,70.038826,108.42113,0.07455917,23.773214,0.036,96,761.1278
9/2/2026 7:07,40000.53,40993.094,26.619211,24.999668,1.0173888,26.645512,7.4574823,-48.78044,193.1572,4.6508174,63.944733,98.99465,0.03820788,23.732306,0.027,96,761.1278
9/2/2026 7:37,39621.03,40702.625,26.40695,25.23912,1.0172635,26.456707,7.4193764,-46.59176,185.11295,4.5769205,62.71482,97.11202,0.036017112,23.60874,0.036,96,761.1278
9/2/2026 8:07,39439.277,40580.734,26.317287,25.355434,1.0172187,26.377478,7.434354,-47.430992,206.151,5.008064,68.4882,106.067245,0.035762068,23.527328,0.027,96,761.1278
9/2/2026 8:37,39366.445,40518.99,26.272444,25.402344,1.0171896,26.337343,7.465499,-49.200058,209.47934,4.9961843,68.28806,105.760414,0.080715194,23.510761,0.027,96,761.1278
9/2/2026 9:07,39266.87,40438.332,26.213737,25.46676,1.0171529,26.284916,7.435651,-47.49775,216.63666,4.9307547,67.33822,104.29441,0.032353997,23.483295,0.027,96,761.1278
9/2/2026 9:37,39382.445,40536.73,26.285189,25.392025,1.0171996,26.348875,7.42619,-46.96369,193.06183,4.794108,65.52903,101.48767,0.031213751,23.509161,0.027,96,761.1278
9/2/2026 10:07,39168.996,40361.01,26.157417,25.530397,1.0171188,26.234657,7.447975,-48.19393,209.57947,5.140574,70.14409,108.64588,0.93973035,23.453724,0.027,96,761.1278
9/2/2026 10:37,39253.82,40457.973,26.226955,25.475227,1.0171746,26.297684,7.417238,-46.44394,200.70076,4.8306713,65.92778,102.11741,0.05365785,23.441727,0.018,96,761.1278
9/2/2026 11:07,39468.105,40571.957,26.312042,25.336914,1.0172012,26.371773,7.4405036,-47.78862,206.4848,4.7240767,64.65786,100.12667,0.03104862,23.575537,0.027,96,761.1278
9/2/2026 11:37,39642.16,40615.582,26.347202,25.225668,1.01718,26.400127,7.535424,-53.219795,192.76141,5.639193,77.43054,119.86963,0.12591265,23.745201,0.027,96,761.1278
9/2/2026 12:07,40168.58,41245.035,26.798922,24.89508,1.0175523,26.809273,7.5346026,-53.153038,203.38535,5.4518514,74.904884,115.982834,0.03174129,23.633556,0.027,96,761.1278
9/2/2026 12:37,40184.695,41239.684,26.795668,24.885096,1.0175421,26.805794,7.5209446,-52.38056,204.0863,5.5183525,75.85343,117.44589,0.028920064,23.660637,0.027,96,761.1278
9/2/2026 13:07,40184.594,41230.652,26.789394,24.885159,1.0175343,26.799925,7.5315504,-52.986145,211.27701,5.571103,76.59068,118.58508,0.032043785,23.67168,0.027,96,761.1278
9/2/2026 13:37,40323.918,41324.973,26.858885,24.799177,1.0175697,26.86123,7.563862,-54.836273,181.62727,5.7984548,79.832794,123.59154,0.03741842,23.731731,0.036,96,761.1278
9/2/2026 14:07,40346.67,41329.84,26.862917,24.785192,1.0175663,26.864395,7.568394,-55.098534,202.39352,5.813056,80.06796,123.95052,0.03836418,23.754538,0.027,96,761.1278
9/2/2026 14:37,40505.434,41491.258,26.97964,24.688046,1.0176538,26.969318,7.570567,-55.22251,204.62036,5.8326254,80.39349,124.45416,0.037227765,23.756033,0.027,96,761.1278
9/2/2026 15:07,40545.746,41536.395,27.012177,24.6635,1.0176798,26.998657,7.5791254,-55.708885,189.8241,5.8777485,81.02384,125.43105,0.08911476,23.7513,0.027,96,761.1278
9/2/2026 15:37,40523.273,41517.652,26.998505,24.677177,1.0176711,26.986473,7.57127,-55.26066,164.40392,5.790379,79.805756,123.54649,0.17960751,23.746033,0.018,96,761.1278
9/2/2026 16:07,40432.71,41438.707,26.941029,24.73245,1.0176325,26.93516,7.568729,-55.11284,168.12325,5.826256,80.249565,124.237366,0.13632673,23.728966,0.027,96,761.1278
9/2/2026 16:37,40501.684,41490.234,26.978819,24.690332,1.0176544,26.96865,7.569322,-55.150986,163.8937,5.7632613,79.43211,122.966644,0.03938729,23.752562,0.027,96,761.1278
9/2/2026 17:07,40465.918,41460.37,26.957037,24.712154,1.0176402,26.949242,7.550671,-54.08764,167.71317,5.537979,76.3064,118.12957,0.037421413,23.744207,0.027,96,761.1278
9/2/2026 17:37,40495.67,41483.57,26.974018,24.693996,1.0176505,26.964321,7.5338078,-53.129196,171.48018,5.3689294,73.99607,114.551125,0.037278417,23.753183,0.027,96,761.1278
9/2/2026 18:07,40353.367,41352.008,26.87851,24.78108,1.0175835,26.878805,7.5321035,-53.02906,172.1859,5.377036,74.044205,114.62925,0.03733819,23.735617,0.036,96,761.1278
9/2/2026 18:37,40419.3,41406.816,26.91848,24.740656,1.0176091,26.91443,7.4904275,-50.65918,189.93378,5.0742726,69.91054,108.226776,0.03570772,23.751358,0.027,96,761.1278
9/2/2026 19:07,39842.332,40838.05,26.507137,25.098932,1.0173068,26.544733,7.5201635,-52.347183,203.20416,5.716606,78.53548,121.584915,0.39123386,23.723448,0.036,96,761.1278
9/2/2026 19:37,39451.78,40493.984,26.257563,25.347399,1.0171386,26.32109,7.548954,-53.973198,189.70013,5.799793,79.46433,123.038536,0.49351,23.652502,0.036,96,761.1278
9/2/2026 20:07,39316.582,40388.348,26.180563,25.43456,1.0170922,26.252426,7.494285,-50.854683,201.55429,5.654034,77.37557,119.81335,0.19322748,23.610655,0.027,96,761.1278
9/2/2026 20:37,39362.695,40414.023,26.199648,25.404764,1.017099,26.269117,7.500403,-51.207542,200.55771,5.6622515,77.53419,120.05309,0.19560818,23.638016,0.027,96,761.1278
9/2/2026 21:07,39566.934,40599.34,26.333822,25.273628,1.0171915,26.389572,7.4888325,-50.554276,195.64151,5.023595,68.87933,106.64619,0.2380306,23.668633,0.027,96,761.1278
9/2/2026 21:37,39308.82,40362.156,26.162205,25.439583,1.017072,26.235401,7.5316696,-52.986145,200.97256,5.645579,77.283165,119.66537,0.19167933,23.63366,0.027,96,761.1278
9/2/2026 22:07,39543.504,40577.047,26.31771,25.288603,1.0171801,26.375082,7.4687314,-49.409866,205.31654,5.204757,71.35386,110.47796,0.07222544,23.666431,0.027,96,761.1278
9/2/2026 22:37,39321.203,40414.395,26.198729,25.431572,1.0171134,26.269356,7.4925222,-50.74978,213.58014,5.4132543,74.052956,114.673874,0.07757321,23.583794,0.027,96,761.1278
9/2/2026 23:07,39621.047,40615.926,26.34685,25.23911,1.0171877,26.400352,7.4912825,-50.702095,216.64142,5.5905523,76.72496,118.78321,0.37653905,23.717548,0.027,96,761.1278
9/2/2026 23:37,39709.86,40688.426,26.399616,25.182663,1.0172207,26.447477,7.5144143,-52.022934,212.63599,5.532074,75.97665,117.61979,0.48980734,23.740826,0.036,96,761.1278
9/3/2026 0:07,39755.72,40721.45,26.423807,25.153614,1.0172341,26.468943,7.5249133,-52.62375,221.17139,5.6565475,77.72104,120.3165,0.46827483,23.758347,0.027,96,761.1278
9/3/2026 0:37,39948.098,40909.195,26.55949,25.03248,1.0173331,26.590979,7.5139894,-52.00386,214.30016,5.516911,75.87714,117.45959,0.67360634,23.76998,0.036,96,761.1278
9/3/2026 1:07,40038.652,41107.35,26.69961,24.975866,1.0174758,26.719778,7.50526,-51.484108,216.8274,5.208436,71.52635,110.750465,0.038389865,23.63886,0.027,96,761.1278
9/3/2026 1:37,40081.574,41183.21,26.7535,24.94912,1.0175276,26.769087,7.50538,-51.484108,193.39561,5.224384,71.71774,111.0546,0.23327994,23.599497,0.027,96,761.1278
9/3/2026 2:07,40076.78,41175.324,26.747887,24.952105,1.0175223,26.76396,7.4943914,-50.85945,188.66539,5.2726536,72.38277,112.08366,0.034936566,23.603159,0.027,96,761.1278
9/3/2026 2:37,40111.062,41228.13,26.785526,24.930779,1.0175568,26.798285,7.504262,-51.41735,189.9147,5.1958203,71.316025,110.4361,0.17930795,23.581427,0.027,96,761.1278
9/3/2026 3:07,40195.586,41350.145,26.872683,24.878353,1.0176347,26.877596,7.5072436,-51.579475,195.74165,5.1508555,70.68014,109.4598,0.03456242,23.538141,0.027,96,761.1278
9/3/2026 3:37,40208.41,41384.32,26.896782,24.870419,1.0176603,26.899807,7.4981017,-51.054955,191.84113,5.104371,70.01987,108.44224,0.03617901,23.512335,0.027,96,761.1278
9/3/2026 4:07,40173.918,41359.434,26.878502,24.891771,1.0176501,26.883633,7.4800344,-50.024986,192.66129,4.9765196,68.243225,105.69312,0.0359824,23.499283,0.027,96,761.1278
9/3/2026 4:37,40259.465,41429.98,26.929974,24.83888,1.0176828,26.929487,7.483156,-50.206184,195.75119,4.863701,66.74132,103.36308,0.5259607,23.52079,0.027,96,761.1278
9/3/2026 5:07,40238.42,41415.234,26.919117,24.85187,1.0176771,26.9199,7.4782357,-49.92485,195.14084,4.911919,67.38854,104.367004,0.2577109,23.512306,0.027,96,761.1278
9/3/2026 5:37,40221.02,41393.805,26.90373,24.862621,1.0176642,26.905973,7.4519024,-48.42758,182.56187,4.547896,62.39367,96.63053,0.089014895,23.516632,0.027,96,761.1278
9/3/2026 6:07,40203.688,41381.79,26.894884,24.87334,1.0176597,26.898163,7.4513364,-48.394203,166.09192,4.5834856,62.87072,97.370575,0.031292547,23.509472,0.027,96,761.1278
9/3/2026 6:37,40067.945,41248.13,26.798153,24.957605,1.0175887,26.811285,7.4180784,-46.50116,187.76894,4.35069,59.63643,92.36271,0.036064606,23.502,0.027,96,761.1278
9/3/2026 7:07,39946.434,41135.75,26.716648,25.033524,1.0175315,26.738237,7.418122,-46.50116,211.8349,4.601116,63.021927,97.60876,0.15026039,23.486286,0.027,96,761.1278
9/3/2026 7:37,39751.047,40944.16,26.578108,25.15657,1.0174304,26.613705,7.408514,-45.952797,196.87177,4.5566597,62.350094,96.570274,0.034201782,23.474342,0.027,96,761.1278
9/3/2026 8:07,39074.25,40336.664,26.137823,25.592302,1.0171297,26.218832,7.407647,-45.88604,208.97865,4.7766075,65.06359,100.793106,0.031225396,23.361414,0.027,96,761.1278
9/3/2026 8:37,39356.902,40568.105,26.30617,25.408504,1.0172358,26.369268,7.4230375,-46.772957,205.95074,4.8007703,65.54394,101.523735,0.03562528,23.436853,0.027,96,761.1278
9/3/2026 9:07,38844.656,40014.41,25.908428,25.743567,1.0169265,26.009367,7.4419775,-47.855377,202.80362,4.8036904,65.47156,101.40581,0.029718528,23.469458,0.027,96,761.1278
9/3/2026 9:37,39356.008,40521.33,26.273764,25.40908,1.0171952,26.338865,7.4227104,-46.76342,183.62045,4.6636214,63.724545,98.69559,0.029710794,23.494333,0.027,96,761.1278
9/3/2026 10:07,39423.184,40563.47,26.304869,25.365786,1.0172092,26.366255,7.412642,-46.195984,195.25528,4.6856914,64.076,99.23397,0.03227121,23.528212,0.027,96,761.1278
9/3/2026 10:37,39598.527,40695.543,26.4014,25.253464,1.017265,26.452103,7.426471,-46.992302,206.99979,4.850398,66.436424,102.878494,0.036131114,23.588657,0.027,96,761.1278
9/3/2026 11:07,39802.09,40900.465,26.549286,25.12431,1.0173751,26.585302,7.4240265,-46.85402,206.28452,4.373211,59.956932,92.84395,0.028412022,23.593988,0.027,96,761.1278
9/3/2026 11:37,39953.86,41004.867,26.626055,25.028872,1.0174149,26.653164,7.4138784,-46.286583,200.52432,4.4225664,60.729156,94.02901,0.028545137,23.658047,0.027,96,761.1278
9/3/2026 12:07,39867.94,40892.754,26.545818,25.08281,1.017346,26.58029,7.411032,-46.129227,211.83014,4.581862,62.92068,97.417046,0.037158933,23.687904,0.018,96,761.1278
9/3/2026 12:37,39992.516,41005.35,26.627495,25.004679,1.0174023,26.653479,7.4480066,-48.236847,146.72757,4.8130407,66.148544,102.41111,0.031424694,23.706802,0.027,96,761.1278
9/3/2026 13:07,40098.75,41085.996,26.68649,24.938433,1.0174367,26.705898,7.485765,-50.39215,196.94328,4.9920974,68.67526,106.31628,0.03460679,23.74195,0.027,96,761.1278
9/3/2026 13:37,40127.96,41075.707,26.68017,24.920279,1.017418,26.699211,7.5044584,-51.465034,190.82547,5.2923007,72.86679,112.79505,0.03705108,23.791979,0.027,96,761.1278
9/3/2026 14:07,40445.36,41230.59,26.796637,24.724716,1.0174458,26.799885,7.5711837,-55.303574,197.82066,5.9221883,81.89754,126.72597,0.03346741,24.002888,0.036,96,761.1278
9/3/2026 14:37,40623.69,41339.492,26.877295,24.616177,1.0174806,26.870668,7.5892935,-56.352615,180.70697,6.0077205,83.251114,128.79918,0.05050909,24.093449,0.036,96,761.1278
9/3/2026 15:07,40769.39,41467.88,26.970676,24.528206,1.017544,26.954123,7.5826025,-55.975914,193.07614,5.8822155,81.59082,126.224815,0.052576695,24.118113,0.036,96,761.1278
9/3/2026 15:37,40777.883,41483,26.981438,24.523098,1.0175545,26.963951,7.5709176,-55.308342,197.60608,5.8582873,81.25253,125.7033,0.05280893,24.11007,0.036,96,761.1278
9/3/2026 16:07,40811.69,41639.2,27.091194,24.502783,1.0176803,27.06548,7.5541677,-54.326057,195.2362,5.586687,77.32952,119.66698,0.039198194,23.959513,0.036,96,761.1278
9/3/2026 16:37,40838.1,41558.953,27.036003,24.486937,1.0176009,27.013319,7.5673795,-55.103302,185.39905,5.749991,79.75002,123.38293,0.041932445,24.091873,0.036,96,761.1278
9/3/2026 17:07,40805.18,41549.742,27.028688,24.506693,1.017604,27.007334,7.5760117,-55.589676,159.16348,5.8058767,80.479195,124.51791,0.6146011,24.061792,0.027,96,761.1278
9/3/2026 17:37,40816.348,41560.52,27.036499,24.499987,1.0176097,27.014338,7.5704036,-55.270195,183.93517,5.679656,78.73416,121.81781,0.20469552,24.062529,0.036,96,761.1278
9/3/2026 18:07,40774.44,41509.535,26.99984,24.525167,1.0175791,26.9812,7.560916,-54.73137,169.07214,5.5583663,77.05041,119.210434,0.7465612,24.072823,0.036,96,761.1278
9/3/2026 18:37,40783.863,41533.066,27.016489,24.5195,1.0175966,26.996494,7.543735,-53.749084,171.36096,5.391567,74.72281,115.6129,0.038470205,24.055567,0.036,96,761.1278
9/3/2026 19:07,40746.203,41502.652,26.994278,24.542164,1.0175827,26.976725,7.4992523,-51.21231,197.82544,5.113099,70.842094,109.610535,0.18643932,24.04573,0.036,96,761.1278
9/3/2026 19:37,40599.72,41322.195,26.864595,24.630713,1.0174737,26.859426,7.5295877,-52.947998,194.53525,5.4868455,76.01589,117.60734,0.74029195,24.08461,0.036,96,761.1278
9/3/2026 20:07,40591.48,41227.68,26.798548,24.635712,1.0173932,26.79799,7.5362773,-53.34854,194.59724,5.606847,77.79546,120.33691,0.6124546,24.192072,0.036,96,761.1278
9/3/2026 20:37,40655.266,41248.023,26.814411,24.59706,1.0173893,26.811216,7.5075893,-51.722527,160.5177,5.155378,71.607544,110.75388,0.21516703,24.247612,0.036,96,761.1278
9/3/2026 21:07,40468.145,40837.547,26.523474,24.710794,1.0170897,26.544405,7.550347,-54.211617,191.52641,6.084785,84.788795,131.07315,0.40231267,24.526405,0.036,96,761.1278
9/3/2026 21:37,40626.195,40912.92,26.58,24.61466,1.0171015,26.5934,7.543743,-53.85399,197.24368,5.860621,81.84391,126.495384,0.72652495,24.633076,0.045,96,761.1278
9/3/2026 22:07,40519.42,40744.492,26.459858,24.679523,1.0169885,26.483921,7.553683,-54.43573,208.75455,6.157702,86.04995,132.97661,0.47480205,24.710787,0.045,96,761.1278
9/3/2026 22:37,40606.734,40859.688,26.54238,24.626457,1.0170609,26.558798,7.505951,-51.703453,192.85678,5.3966875,75.40501,116.53422,0.03540831,24.675875,0.045,96,761.1278
9/3/2026 23:07,40517.49,40772.09,26.479065,24.6807,1.0170139,26.501858,7.4941864,-51.031113,220.20816,5.4293838,75.83074,117.1928,0.3727544,24.673061,0.045,96,761.1278
9/3/2026 23:37,40569.074,40833.42,26.523117,24.649317,1.0170506,26.541723,7.499817,-51.350594,204.11491,5.444211,76.04103,117.52046,0.13996868,24.661055,0.045,96,761.1278
9/4/2026 0:07,40629.773,41086.81,26.701372,24.612494,1.0172552,26.706425,7.428433,-47.23549,202.77023,4.094893,57.010063,88.148506,0.035450026,24.417608,0.036,96,761.1278
9/4/2026 0:37,40674.957,41110.34,26.71894,24.585152,1.0172604,26.721722,7.4775724,-50.04406,213.16052,5.2075047,72.54282,112.159325,0.19309343,24.44552,0.027,96,761.1278
9/4/2026 1:07,40692.598,41146.31,26.744478,24.574493,1.0172862,26.7451,7.4669433,-49.43371,213.45615,4.7809706,66.58426,102.951096,0.20245226,24.42268,0.036,96,761.1278
9/4/2026 1:37,40651.383,41218.766,26.793919,24.59941,1.0173649,26.792198,7.488597,-50.644875,203.86696,4.970648,69.0719,106.82579,0.15870835,24.279312,0.045,96,761.1278
9/4/2026 2:07,40561.812,41157.664,26.748976,24.65373,1.0173415,26.752481,7.5337787,-53.215027,156.39783,5.266263,73.113075,113.083626,0.32502195,24.24203,0.036,96,761.1278
9/4/2026 2:37,40604.54,41263.598,26.823915,24.627789,1.0174205,26.821339,7.510354,-51.865578,178.3657,5.15469,71.49676,110.599556,0.14563642,24.163773,0.036,96,761.1278
9/4/2026 3:07,40636.414,41287.68,26.841547,24.60847,1.0174308,26.836992,7.5247083,-52.685738,196.40923,5.340763,74.09845,114.621994,0.09692863,24.174145,0.036,96,761.1278
9/4/2026 3:37,40659.613,41419.633,26.934082,24.594429,1.017539,26.922762,7.5237045,-52.604675,188.30777,5.2411556,72.58306,112.30556,0.083259314,24.039307,0.036,96,761.1278
9/4/2026 4:07,40643.168,41391.42,26.913992,24.604382,1.01752,26.904425,7.511863,-51.932335,207.74841,5.336387,73.91195,114.358734,0.20870231,24.053534,0.036,96,761.1278
9/4/2026 4:37,40653.305,41463.305,26.964325,24.598246,1.0175796,26.951147,7.5043974,-51.493645,201.61629,5.246142,72.58555,112.32208,0.63071626,23.97721,0.036,96,761.1278
9/4/2026 5:07,40642.266,41444.72,26.951078,24.604927,1.017567,26.939068,7.4958334,-51.00727,218.07193,5.2511945,72.66164,112.43797,0.44477272,23.986282,0.036,96,761.1278
9/4/2026 5:37,40533.28,41334.01,26.87102,24.671083,1.0175067,26.86711,7.476837,-49.92485,208.98819,5.18576,71.72253,110.98489,0.31134832,23.985748,0.036,96,761.1278
9/4/2026 6:07,40600.996,41377.45,26.90311,24.629938,1.017522,26.895344,7.464777,-49.242973,198.88878,4.741716,65.62974,101.55093,0.15276873,24.01753,0.036,96,761.1278
9/4/2026 6:37,40617.543,41402.914,26.921293,24.619904,1.0175387,26.911894,7.458448,-48.880577,207.81995,4.438065,61.421883,95.04182,0.44108054,24.006859,0.036,96,761.1278
9/4/2026 7:07,40608.406,41401.887,26.920326,24.625443,1.0175409,26.911226,7.474211,-49.77703,198.6885,4.7307334,65.46011,101.29232,0.03546241,23.996582,0.036,96,761.1278
9/4/2026 7:37,40586.09,41379.03,26.903801,24.638983,1.0175284,26.89637,7.461825,-49.071312,174.7656,4.476827,61.941025,95.84691,0.0583639,23.996708,0.036,96,761.1278
9/4/2026 8:07,40543.77,41341.83,26.876747,24.664701,1.01751,26.872189,7.42745,-47.11151,204.30565,4.596377,63.57703,98.37974,0.04555066,23.989326,0.036,96,761.1278
9/4/2026 8:37,40476.5,41233.766,26.79969,24.705694,1.017438,26.801949,7.450575,-48.43712,200.8772,4.5930295,63.557602,98.34089,0.2297649,24.038471,0.036,96,761.1278
9/4/2026 9:07,40398.113,41098.332,26.70331,24.753632,1.0173454,26.713915,7.411142,-46.200752,188.0026,4.544553,62.92875,97.35552,0.033049572,24.107977,0.036,96,761.1278
9/4/2026 9:37,30653.541,31154.326,19.655682,32.622658,1.0120279,20.25031,7.4616075,-49.085617,183.06256,5.2185645,69.46474,107.45726,0.098250486,24.15841,0.036,95,761.1278
9/4/2026 10:07,27351.277,27741.219,17.302502,36.561363,1.0102314,18.031792,7.500599,-51.32675,153.88013,5.5089407,72.48614,112.10936,0.037436444,24.264065,0.036,95,761.1278
9/4/2026 10:37,40552.977,41023.914,26.655546,24.659101,1.0172261,26.665545,7.3951387,-45.33291,178.67088,4.6240582,64.33945,99.48458,0.03508094,24.398977,0.045,95,761.1278
9/4/2026 11:07,40352.746,40700.39,26.424976,24.781462,1.017008,26.455256,7.4407535,-47.96028,184.54074,5.1231155,71.3811,110.34104,0.029721921,24.552797,0.045,95,761.1278
9/4/2026 11:37,40457.473,41029.336,26.656847,24.717312,1.0172641,26.669067,7.4499125,-48.43712,197.15787,5.240884,72.75846,112.529274,0.035605617,24.270266,0.036,95,761.1278
9/4/2026 12:07,40449.555,40977.383,26.620447,24.72215,1.0172206,26.635298,7.4520955,-48.570633,208.48274,5.1914835,72.12747,111.541954,0.038830306,24.325605,0.036,95,761.1278
9/4/2026 12:37,40536.55,40971.266,26.618433,24.669094,1.017185,26.631323,7.453844,-48.689842,197.65854,5.1970186,72.353905,111.86745,0.11088082,24.444487,0.036,95,761.1278
9/4/2026 13:07,40644.996,41021.336,26.656101,24.603275,1.0171916,26.663868,7.5386724,-53.544044,201.99298,5.976652,83.335365,128.82794,0.12943466,24.519672,0.036,95,761.1278
9/4/2026 13:37,40669.633,40812.137,26.510715,24.588371,1.0169959,26.52789,7.5426598,-53.82538,200.41466,6.2695837,87.80129,135.65569,0.05403006,24.817188,0.036,95,761.1278
9/4/2026 14:07,40458.18,40989.566,26.629164,24.71688,1.0172286,26.643219,7.4930696,-50.907135,213.00793,5.6240163,78.13479,120.83299,0.15806276,24.32126,0.027,95,761.1278
9/4/2026 14:37,40930.41,41286.387,26.848288,24.431713,1.017328,26.836151,7.61092,-57.673454,171.16547,6.2573724,87.389534,135.08797,0.38413638,24.548578,0.036,95,761.1278
9/4/2026 15:07,40980.05,41281.375,26.846039,24.402117,1.0173063,26.832893,7.616865,-58.026314,188.23624,6.4851727,90.67925,140.15503,0.13850015,24.617838,0.045,95,761.1278
9/4/2026 15:37,41244.902,41516.35,27.016876,24.24542,1.0174233,26.985628,7.708581,-63.271523,161.03745,7.265597,101.76146,157.27205,0.76628083,24.657675,0.036,95,761.1278
9/4/2026 16:07,41213.934,41464.555,26.979889,24.26364,1.017388,26.95196,7.7236805,-64.139366,166.81195,7.261573,101.7294,157.21483,0.44241878,24.683546,0.045,95,761.1278
9/4/2026 16:37,41239.598,41437.97,26.961943,24.248539,1.0173553,26.934679,7.7565722,-66.03241,170.12119,7.631749,107.02672,165.38086,1.1713417,24.749363,0.045,95,761.1278
9/4/2026 17:07,41277.934,41481.008,26.992981,24.226019,1.0173804,26.962656,7.748497,-65.56988,190.02914,7.5404387,105.75464,163.41695,1.3541276,24.743687,0.036,95,761.1278
9/4/2026 17:37,41254.45,41511.895,27.013998,24.239809,1.0174162,26.98273,7.702921,-62.95204,154.9244,7.137846,100.00106,154.54623,1.4068464,24.675304,0.045,95,761.1278
9/4/2026 18:07,41193.266,41462.43,26.97789,24.275812,1.0173932,26.950579,7.6883645,-62.117577,169.32965,6.9063497,96.71236,149.468,0.83710945,24.660116,0.045,95,761.1278
9/4/2026 18:37,41286.074,41539.195,27.033873,24.221243,1.0174294,27.000479,7.6998105,-62.77561,169.94476,7.124797,99.8394,154.29474,1.1672349,24.680965,0.045,95,761.1278
9/4/2026 19:07,41309.508,41589.453,27.069605,24.207502,1.017466,27.033144,7.7010193,-62.8376,165.65799,7.0049176,98.12264,151.65117,1.0084616,24.647585,0.045,95,761.1278
9/4/2026 19:37,41272.48,41551.688,27.04227,24.22922,1.0174452,27.008596,7.6595993,-60.47249,157.60898,6.6215544,92.73909,143.33055,1.0673556,24.648191,0.045,95,761.1278
9/4/2026 20:07,40877.305,41169.734,26.765507,24.463453,1.0172428,26.760328,7.6601715,-60.5011,187.3541,6.790847,94.92671,146.71713,1.2021933,24.628113,0.036,95,761.1278
9/4/2026 20:37,41145.01,41349.35,26.897638,24.304283,1.0173093,26.877079,7.6486664,-59.866905,187.7594,6.37643,89.376884,138.10991,0.65739256,24.74127,0.054,95,761.1278
9/4/2026 21:07,40931.07,41118.15,26.730803,24.431318,1.0171777,26.726797,7.6314826,-58.88939,191.80298,6.7807236,94.987144,146.7735,1.0301417,24.761793,0.045,95,761.1278
9/4/2026 21:37,41022.836,41088.242,26.712122,24.376667,1.0171185,26.707357,7.6757483,-61.450005,173.68317,7.086691,99.53036,153.74832,1.4478687,24.91666,0.045,95,761.1278
9/4/2026 22:07,40972.406,41054.016,26.686983,24.40667,1.0171056,26.68511,7.6457033,-59.728622,202.36969,6.8666224,96.39097,148.90468,0.6317092,24.895924,0.045,95,761.1278
9/4/2026 22:37,41079.344,41108.86,26.727892,24.343134,1.0171169,26.720758,7.6990232,-62.789917,202.00253,7.323547,102.94781,159.01344,1.2262958,24.96241,0.054,95,761.1278
9/4/2026 23:07,40983.574,41052.93,26.686487,24.400019,1.0171006,26.684404,7.637222,-59.247017,203.45688,6.7214427,94.37835,145.79121,0.9397789,24.911552,0.045,95,761.1278
9/4/2026 23:37,40846.004,40898.168,26.575043,24.482199,1.0170103,26.58381,7.6761055,-61.473846,186.9154,7.2946005,102.399925,158.17603,1.1542362,24.93322,0.045,95,761.1278
9/5/2026 0:07,40542.305,40704.96,26.432833,24.665594,1.016945,26.458225,7.620532,-58.2695,208.28723,6.7888136,94.987076,146.76527,0.84298164,24.790789,0.045,95,761.1278
9/5/2026 0:37,40686.09,40779.37,26.488243,24.578424,1.0169605,26.506592,7.62615,-58.608055,203.06587,6.900609,96.73202,149.43599,0.9874338,24.880234,0.045,95,761.1278
9/5/2026 1:07,40536.098,40714.793,26.439539,24.66937,1.016956,26.464617,7.592306,-56.653023,220.91866,6.284731,87.90594,135.82948,0.9669377,24.770212,0.045,95,761.1278
9/5/2026 1:37,40836.383,40978.047,26.63062,24.487967,1.0170857,26.635729,7.515447,-52.27089,195.80841,5.1045637,71.53727,110.52689,0.6784218,24.819002,0.045,95,761.1278
9/5/2026 2:07,40821.723,40984.117,26.634508,24.496761,1.0170962,26.639677,7.528883,-53.03383,210.07538,5.2406626,73.41237,113.42966,0.7239827,24.792543,0.045,95,761.1278
9/5/2026 2:37,40876.605,41028.85,26.667088,24.463871,1.0171169,26.668753,7.5406094,-53.70617,201.18237,5.712532,80.05574,123.69126,1.2316432,24.805723,0.054,95,761.1278
9/5/2026 3:07,40975.96,41173.234,26.770391,24.404552,1.0172112,26.762604,7.5809402,-55.999756,209.589,5.8681645,82.20427,127.02451,0.9534656,24.749147,0.045,95,761.1278
9/5/2026 3:37,41021.52,41325.57,26.87795,24.377449,1.0173311,26.86162,7.6694055,-61.02562,185.46104,6.792972,94.99529,146.8268,1.2364597,24.614794,0.045,95,761.1278
9/5/2026 4:07,40954.164,41251.137,26.824274,24.417542,1.0172883,26.81324,7.6469946,-59.747696,191.34521,6.4163837,89.71453,138.66258,1.9456669,24.623083,0.045,95,761.1278
9/5/2026 4:37,41008.348,41338.25,26.886478,24.385279,1.0173471,26.869864,7.636113,-59.11827,182.18994,6.4955406,90.788795,140.33376,1.1006567,24.582169,0.045,95,761.1278
9/5/2026 5:07,40973.195,41410.363,26.935936,24.4062,1.0174234,26.916737,7.6310678,-58.80356,181.84186,6.427888,89.65721,138.61961,1.5088868,24.447277,0.045,95,761.1278
9/5/2026 5:37,40976.21,41465.25,26.974325,24.404404,1.017471,26.952414,7.6193404,-58.12168,159.23022,6.2449045,87.02543,134.56682,0.99649936,24.382515,0.036,95,761.1278
9/5/2026 6:07,40926.664,41508.95,27.00351,24.433949,1.0175265,26.980818,7.6032696,-57.182312,169.08646,6.058539,84.27,130.3343,0.5763832,24.265553,0.036,95,761.1278
9/5/2026 6:37,40873.113,41491.473,26.989897,24.465961,1.0175294,26.969458,7.583103,-56.023598,159.93118,5.952221,82.71822,127.94509,0.89144367,24.219725,0.036,95,761.1278
9/5/2026 7:07,40895.406,41490.617,26.989899,24.452623,1.0175211,26.968903,7.5881076,-56.31447,168.28537,5.86768,81.58519,126.18578,0.5844399,24.248917,0.036,95,761.1278
9/5/2026 7:37,40871.91,41477.06,26.979813,24.46668,1.0175172,26.960089,7.5531135,-54.31652,162.67776,5.61649,78.07059,120.75268,0.88627815,24.236126,0.036,95,761.1278
9/5/2026 8:07,40899.062,41484.727,26.985882,24.450438,1.0175146,26.96507,7.5678334,-55.160522,179.82959,5.7517323,79.98791,123.71258,0.41225833,24.260862,0.036,95,761.1278
9/5/2026 8:37,40895.04,41463.316,26.970848,24.452845,1.0174972,26.951155,7.501296,-51.369667,192.2226,4.966808,69.09224,106.856636,0.2867861,24.28243,0.036,95,761.1278
9/5/2026 9:07,40794.645,41355.625,26.893095,24.513021,1.0174364,26.881155,7.5440793,-53.811073,199.41806,5.7479033,79.93265,123.62052,0.5241606,24.2898,0.036,95,761.1278
9/5/2026 9:37,40695.14,41256.336,26.821255,24.572958,1.0173827,26.816618,7.529622,-52.986145,176.70154,5.502522,76.486176,118.29078,0.4980688,24.287823,0.045,95,761.1278
9/5/2026 10:07,40305.047,40860.09,26.53501,24.81079,1.017167,26.559057,7.5869718,-56.257248,204.40579,6.0333867,83.72944,129.49272,0.4528497,24.288794,0.027,95,761.1278
9/5/2026 10:37,40392.453,40915.617,26.575943,24.7571,1.0171858,26.595152,7.5979514,-56.89144,186.96785,6.4799523,90.01353,139.20067,0.06798168,24.330551,0.036,95,761.1278
9/5/2026 11:07,40371.91,40840.266,26.522924,24.769697,1.017126,26.546173,7.6179447,-58.045387,193.92967,6.691398,93.034874,143.85458,0.3168167,24.399582,0.036,95,761.1278
9/5/2026 11:37,40499.258,40888.31,26.559647,24.69181,1.0171243,26.577402,7.653854,-60.11486,184.87454,7.29044,101.56641,157.01651,0.4281705,24.501833,0.045,95,761.1278
9/5/2026 12:07,40358.21,40677.934,26.409466,24.778105,1.0169861,26.440657,7.6590595,-60.429573,199.20349,7.41892,103.424194,159.8626,0.8322939,24.58849,0.036,95,761.1278
9/5/2026 12:37,40658.508,40708.008,26.43774,24.595098,1.0169061,26.460207,7.759434,-66.23745,205.82199,8.106545,113.71488,175.65306,1.0036955,24.936335,0.045,95,761.1278
9/5/2026 13:07,40591.934,40891.82,26.564425,24.635437,1.0170947,26.579683,7.625473,-58.517456,192.46579,6.7366447,94.04113,145.3517,0.07197108,24.616035,0.045,95,761.1278
9/5/2026 13:37,40722.113,40945.46,26.605074,24.556683,1.0170966,26.61455,7.648594,-59.85737,178.84732,6.3943124,89.43614,138.20851,0.62171197,24.71441,0.054,95,761.1278
9/5/2026 14:07,40782.152,40926.734,26.593466,24.52053,1.0170587,26.602379,7.6426487,-59.537888,193.20966,6.478379,90.76484,140.23502,0.29074907,24.815042,0.045,95,761.1278
9/5/2026 14:37,40811.79,40954.67,26.613699,24.502724,1.0170734,26.620537,7.760064,-66.24699,184.62659,7.9866133,111.913155,172.90921,1.1069448,24.817337,0.045,95,761.1278
9/5/2026 15:07,40668.504,40937.637,26.598297,24.589052,1.0171087,26.609465,7.7267075,-64.30626,195.98483,7.653968,106.94137,165.27817,1.402357,24.655802,0.045,95,761.1278
9/5/2026 15:37,41061.605,41277.285,26.845215,24.353651,1.0172741,26.830236,7.802827,-68.66932,177.92224,8.156116,114.25876,176.56366,1.4870541,24.726429,0.045,95,761.1278
9/5/2026 16:07,41164.99,41331.62,26.88574,24.292488,1.0172864,26.865555,7.8392158,-70.762634,190.07205,8.6308775,121.06902,187.06538,1.6399825,24.788921,0.045,95,761.1278
9/5/2026 16:37,41227.094,41401.5,26.936123,24.255894,1.0173271,26.910976,7.860205,-71.959496,154.88147,8.855833,124.239845,191.96812,1.8688657,24.779448,0.045,95,761.1278
9/5/2026 17:07,41247.594,41420,26.949574,24.24384,1.0173364,26.922998,7.8431673,-70.98675,154.17099,8.598701,120.64716,186.416,1.7117187,24.78207,0.045,95,761.1278
9/5/2026 17:37,41247.97,41404.703,26.938875,24.243618,1.0173225,26.913057,7.8522654,-71.51127,146.83246,8.706035,122.18772,188.78925,1.4221354,24.801811,0.045,95,761.1278
9/5/2026 18:07,41243.16,41423.31,26.951773,24.246445,1.017341,26.925152,7.810905,-69.14139,167.68456,8.248279,115.7123,178.79428,0.8215082,24.772308,0.045,95,761.1278
9/5/2026 18:37,41323.246,41563.66,27.051914,24.199453,1.0174382,27.01638,7.87817,-72.96562,153.09811,8.871857,124.36891,192.19748,1.4903238,24.697159,0.045,95,761.1278
9/5/2026 19:07,41308.824,41556.613,27.046629,24.207903,1.0174371,27.011799,7.867606,-72.36004,152.79294,8.755688,122.716446,189.64717,1.447512,24.687817,0.045,95,761.1278
9/5/2026 19:37,41349.465,41575.965,27.061176,24.18411,1.0174401,27.024378,7.8759236,-72.841644,148.14853,8.837388,123.930084,191.51295,2.0143402,24.714771,0.045,95,761.1278
9/5/2026 20:07,41304.742,41525.25,27.024597,24.210295,1.0174105,26.991413,7.8591127,-71.8832,155.29633,8.590214,120.45387,186.1385,1.8238347,24.721977,0.045,95,761.1278
9/5/2026 20:37,41309.13,41531.82,27.029299,24.207724,1.0174147,26.995684,7.853113,-71.53988,146.64172,8.619971,120.868744,186.78058,2.096252,24.719267,0.045,95,761.1278
9/5/2026 21:07,41135.375,41351.14,26.898655,24.309977,1.0173143,26.87824,7.82954,-70.1952,151.35287,8.34389,116.92567,180.68466,1.4816674,24.726812,0.045,95,761.1278
9/5/2026 21:37,41128.33,41254.402,26.830849,24.314142,1.0172303,26.815363,7.8259015,-70.014,176.9352,8.617246,120.94726,186.85913,1.6589755,24.840002,0.045,95,761.1278
9/5/2026 22:07,40894.086,41140.586,26.745571,24.453413,1.0172107,26.74138,7.671737,-61.17344,197.96371,6.634024,92.81808,143.44234,0.986881,24.686298,0.045,95,761.1278
9/5/2026 22:37,41225.312,41299.79,26.864939,24.25694,1.0172366,26.844862,7.8038564,-68.769455,196.76208,9.105804,127.97504,197.69205,2.3157756,24.905586,0.045,95,761.1278
9/5/2026 23:07,40934.02,41023.703,26.664875,24.429558,1.017092,26.665407,7.834392,-70.50991,204.13876,8.774532,123.135765,190.2238,1.5255442,24.885544,0.045,95,761.1278
9/5/2026 23:37,41020.59,41092.93,26.715345,24.378002,1.0171235,26.710403,7.8463974,-71.201324,192.72327,8.808153,123.69106,191.07347,2.5151734,24.907835,0.063,95,761.1278
9/6/2026 0:07,40870.938,40966.184,26.623167,24.467264,1.0170628,26.62802,7.883401,-73.308945,206.44188,9.358504,131.28308,202.81277,2.1671953,24.878271,0.045,95,761.1278
9/6/2026 0:37,40738.2,40852.367,26.540462,24.546986,1.0170076,26.554039,7.8745785,-72.79873,192.73282,9.107036,127.64044,197.1947,1.8734152,24.853682,0.045,95,761.1278
9/6/2026 1:07,40108.887,40440.816,26.23806,24.93213,1.0168623,26.286531,7.8174896,-69.470406,211.21503,8.539904,118.89686,183.78493,1.6926491,24.570272,0.045,95,761.1278
9/6/2026 1:37,40236.676,40546.31,26.314716,24.852947,1.0169113,26.3551,7.7989936,-68.421364,195.04071,8.143864,113.49196,175.42047,2.060326,24.600183,0.045,95,761.1278
9/6/2026 2:07,40598.043,40809.605,26.507208,24.63173,1.017019,26.526243,7.702056,-62.913895,202.36969,7.5267954,105.24328,162.63142,1.6127806,24.728579,0.036,95,761.1278
9/6/2026 2:37,40304.273,40569.19,26.332335,24.811264,1.0169078,26.369974,7.777134,-67.186356,210.64758,8.080645,112.73628,174.23344,1.9233807,24.658112,0.045,95,761.1278
9/6/2026 3:07,40320.73,40607.547,26.35947,24.801138,1.0169363,26.394905,7.7452602,-65.36007,208.75931,7.5156417,104.81875,162.00545,1.631756,24.630205,0.045,95,761.1278
9/6/2026 3:37,40718.78,40951.11,26.608944,24.558691,1.0171031,26.618221,7.6755176,-61.392784,185.67085,6.7881637,94.92818,146.69872,1.8495728,24.702969,0.036,95,761.1278
9/6/2026 4:07,40811.418,41185.387,26.774776,24.502947,1.0172796,26.770502,7.7694745,-66.719055,207.0427,7.573434,105.68072,163.37007,1.4096566,24.524597,0.045,95,761.1278
9/6/2026 4:37,40729.55,41248.188,26.816477,24.552198,1.0173637,26.811321,7.739014,-64.94045,208.95004,7.114931,98.989624,153.07855,2.2750108,24.341698,0.036,95,761.1278
9/6/2026 5:07,40631.906,41134.26,26.734514,24.6112,1.0172966,26.73727,7.6368012,-59.113503,212.09717,6.817587,94.83956,146.65569,1.1725425,24.360598,0.045,95,761.1278
9/6/2026 5:37,40782.184,41347.605,26.887177,24.520512,1.0174335,26.875944,7.723266,-64.02969,189.68106,7.2166686,100.344284,155.18994,1.6168228,24.284039,0.036,95,761.1278
9/6/2026 6:07,40751.9,41331.07,26.874847,24.538734,1.0174294,26.865196,7.7221622,-63.962936,206.58969,7.1574383,99.48299,153.86292,1.4401526,24.266336,0.036,95,761.1278
9/6/2026 6:37,40772.77,41433.043,26.94649,24.526173,1.0175123,26.931479,7.688166,-62.003136,186.18584,6.9134345,95.96146,148.44392,0.847946,24.165657,0.036,95,761.1278
9/6/2026 7:07,40781.06,41452.582,26.960327,24.521189,1.0175267,26.94418,7.688635,-62.026978,177.96039,6.8623185,95.23642,147.3261,0.5714086,24.15184,0.045,95,761.1278
9/6/2026 7:37,40756.742,41440.547,26.951284,24.535818,1.0175244,26.936356,7.6837573,-61.745644,168.25198,6.7888637,94.18607,145.70544,0.7409123,24.136084,0.036,95,761.1278
9/6/2026 8:07,40758.5,41433.867,26.946684,24.53476,1.0175179,26.932013,7.67502,-61.249733,159.11578,6.7062483,93.054535,143.95222,0.55348986,24.1466,0.036,95,761.1278
9/6/2026 8:37,40685.7,41365.566,26.897135,24.578661,1.0174825,26.887619,7.6691904,-60.915947,161.31401,6.6626043,92.41112,142.95874,0.7103959,24.139496,0.036,95,761.1278
9/6/2026 9:07,40679.87,41362.91,26.895124,24.582182,1.0174823,26.885891,7.6554866,-60.133934,167.73224,6.4782276,89.84641,138.9922,0.65935564,24.135426,0.036,95,761.1278
9/6/2026 9:37,40759.09,41406.164,26.927385,24.534405,1.0174934,26.914007,7.656744,-60.214996,167.63211,6.546263,90.8807,140.58028,0.47988698,24.181807,0.036,95,761.1278
9/6/2026 10:07,40752.7,41407.426,26.928091,24.538252,1.0174966,26.914827,7.6024137,-57.115555,194.15855,6.231718,86.499695,133.80582,0.49744794,24.172155,0.036,95,761.1278
9/6/2026 10:37,40621.27,41291.207,26.843592,24.617645,1.017439,26.839285,7.6026535,-57.12509,194.76413,6.313884,87.56442,135.45822,0.6626632,24.15054,0.036,95,761.1278
9/6/2026 11:07,39548.71,40330.64,26.146982,25.285275,1.0169613,26.214918,7.6860657,-61.84578,191.14972,7.676262,105.72602,163.60283,1.2333713,23.984924,0.036,95,761.1278
9/6/2026 11:37,39805.41,40500.797,26.271982,25.122213,1.0170224,26.32552,7.7785854,-67.14344,184.88406,8.280997,114.37053,176.9421,1.3640552,24.10106,0.036,95,761.1278
9/6/2026 12:07,40227.63,40839.816,26.518864,24.858538,1.0171758,26.54588,7.7939386,-68.04466,191.06865,7.9201126,109.76074,169.77478,0.94560033,24.215183,0.036,95,761.1278
9/6/2026 12:37,39994.58,40605.668,26.349863,25.00339,1.0170494,26.393684,7.828489,-70.014,189.7478,8.139897,112.691536,174.30902,1.0941044,24.212074,0.036,95,761.1278
9/6/2026 13:07,37869.598,38377.223,24.751192,26.406406,1.0158182,24.945194,7.8211565,-69.618225,169.77786,9.233015,126.87272,196.20966,1.0974147,24.307476,0.036,95,761.1278
9/6/2026 13:37,40108.016,40365.547,26.185614,24.932673,1.016795,26.237606,7.8933334,-73.82393,193.9249,9.152587,127.60194,197.20537,1.0019507,24.66597,0.036,95,761.1278
9/6/2026 14:07,40182.305,40336.37,26.167082,24.886576,1.0167422,26.218641,7.915036,-75.097084,203.62378,9.828696,137.33383,212.1919,1.2426969,24.800022,0.036,95,761.1278
9/6/2026 14:37,40468.7,40453.05,26.255247,24.710455,1.0167444,26.294483,7.9610195,-77.78168,194.09656,9.906058,139.01573,214.70024,1.2904738,25.020252,0.045,95,761.1278
9/6/2026 15:07,40546.28,40525.88,26.307909,24.663174,1.016782,26.341822,7.951901,-77.261925,200.05704,9.57272,134.39227,207.55713,1.0640167,25.026356,0.045,95,761.1278
9/6/2026 15:37,40244.79,40662.94,26.39617,24.847937,1.0170126,26.430912,7.772563,-66.88118,202.1122,8.084269,112.441414,173.84178,1.242426,24.461603,0.045,95,761.1278
9/6/2026 16:07,40540.19,40996.7,26.636246,24.66688,1.0172063,26.647854,7.728531,-64.35871,216.19797,6.9463205,96.6714,149.4727,0.36132365,24.417004,0.036,95,761.1278
9/6/2026 16:37,40498.04,40959.098,26.608965,24.692554,1.0171876,26.623413,7.7042356,-62.971115,214.04266,6.985538,97.19118,150.27818,0.7051658,24.410652,0.036,95,761.1278
9/6/2026 17:07,40787.566,41151.05,26.750204,24.517275,1.0172573,26.748182,7.812528,-69.179535,208.56857,8.073862,112.67347,174.17581,1.0076683,24.537544,0.036,95,761.1278
9/6/2026 17:37,40848.137,41192.285,26.78052,24.48092,1.017273,26.774986,7.8226166,-69.76128,164.02245,8.300014,115.90029,179.1556,0.8976397,24.562582,0.045,95,761.1278
9/6/2026 18:07,41052.598,41423.406,26.947075,24.358995,1.0174074,26.925215,7.8595843,-71.86413,174.67499,8.487329,118.56404,183.28387,0.8389541,24.531326,0.045,95,761.1278
9/6/2026 18:37,41051.383,41427.973,26.95023,24.359715,1.0174118,26.928183,7.844244,-70.98675,172.59122,8.382931,117.09307,181.01244,0.72583133,24.524075,0.045,95,761.1278
9/6/2026 19:07,41037.57,41462.133,26.973732,24.367914,1.017447,26.950386,7.8281183,-70.05215,179.40045,8.218517,114.69141,177.31964,0.8455862,24.463884,0.045,95,761.1278
9/6/2026 19:37,41031.05,41485.31,26.989746,24.371786,1.0174699,26.96545,7.808049,-68.8982,161.92436,8.04469,112.20286,173.48425,0.93576926,24.426708,0.036,95,761.1278
9/6/2026 20:07,41012.77,41480.117,26.985651,24.38265,1.0174714,26.962076,7.7897305,-67.84916,159.47818,7.8283095,109.15067,168.77025,0.8024336,24.410114,0.036,95,761.1278
9/6/2026 20:37,40977.35,41444.05,26.95955,24.403725,1.0174516,26.938635,7.815386,-69.31305,158.51021,8.113226,113.10698,174.88742,1.0678235,24.410423,0.036,95,761.1278
9/6/2026 21:07,41020.86,41484.62,26.989,24.377842,1.0174727,26.965004,7.7830267,-67.46769,165.84872,7.7145567,107.57547,166.33322,1.2226082,24.414703,0.036,95,761.1278
9/6/2026 21:37,41025.465,41492.035,26.994299,24.375105,1.0174776,26.969824,7.742676,-65.164566,170.28333,7.275919,101.45573,156.87189,1.3672136,24.411266,0.036,95,761.1278
9/6/2026 22:07,40977.406,41443.38,26.959084,24.403692,1.0174512,26.938196,7.719025,-63.815117,175.59052,7.066615,98.51754,152.32878,1.2470247,24.411331,0.036,95,761.1278
9/6/2026 22:37,40776.27,41228.08,26.803661,24.524067,1.0173297,26.798252,7.727493,-64.30149,196.66672,7.0508165,98.235466,151.88846,0.7455107,24.42624,0.045,95,761.1278
9/6/2026 23:07,40662.66,41138.34,26.738142,24.592587,1.0172894,26.739922,7.660669,-60.482025,210.80971,7.1133795,99.015274,153.10316,0.80938274,24.394611,0.036,95,761.1278
9/6/2026 23:37,40362.266,40878.98,26.549644,24.775616,1.0171638,26.571337,7.7642717,-66.3805,168.59055,7.772329,107.96429,166.95811,0.8964716,24.338215,0.036,95,761.1278
9/7/2026 0:07,39991.77,40654.28,26.383589,25.005146,1.0170934,26.425283,7.784092,-67.46769,187.00122,8.080992,111.769264,172.9032,0.8526562,24.146795,0.036,95,761.1278
9/7/2026 0:37,40237.36,40807.34,26.496515,24.852526,1.0171436,26.52477,7.764544,-66.3805,191.63132,7.4955897,103.96192,160.78944,0.6591977,24.268713,0.036,95,761.1278
9/7/2026 1:07,40168.63,40751.203,26.455656,24.89505,1.0171177,26.488283,7.780247,-67.27219,212.38803,8.199122,113.65887,175.7925,1.0059713,24.251524,0.036,95,761.1278
9/7/2026 1:37,40073.953,40678.285,26.402445,24.953865,1.0170861,26.440886,7.748169,-65.43636,208.93573,7.1855326,99.52639,153.94257,0.835343,24.22218,0.036,95,761.1278
9/7/2026 2:07,39967.36,40612.277,26.353743,25.020416,1.0170648,26.39798,7.763096,-66.2756,205.33562,7.895844,109.231735,168.97096,0.5917132,24.168594,0.027,95,761.1278
9/7/2026 2:37,39933.96,40565.152,26.320105,25.041342,1.0170346,26.36735,7.8333664,-70.2858,208.38737,8.089453,111.92148,173.1264,0.88115245,24.18534,0.036,95,761.1278
9/7/2026 3:07,39852.914,40523.22,26.288824,25.092268,1.0170257,26.340094,7.8263855,-69.87572,209.01202,7.8014007,107.819534,166.79703,0.86023074,24.133966,0.036,95,761.1278
9/7/2026 3:37,39840.543,40528.477,26.292145,25.10006,1.0170348,26.343512,7.7658296,-66.41865,195.97531,7.8720937,108.755104,168.25133,0.93443763,24.111303,0.036,95,761.1278
9/7/2026 4:07,39945.543,40614.21,26.354507,25.034082,1.0170741,26.399237,7.7335205,-64.582825,212.55493,7.2290535,99.953995,154.62788,0.48208952,24.138014,0.036,95,761.1278
9/7/2026 4:37,39992.035,40649.3,26.380135,25.004978,1.017089,26.422047,7.7659154,-66.43295,209.43164,7.5854225,104.92522,162.31369,0.9030252,24.153444,0.036,95,761.1278
9/7/2026 5:07,39943.53,40639.37,26.371944,25.035343,1.017097,26.41559,7.790957,-67.84916,214.90573,7.7312126,106.8432,165.29584,0.9309203,24.103542,0.036,95,761.1278
9/7/2026 5:37,40378.06,41125.09,26.721392,24.765926,1.0173761,26.731308,7.701395,-62.732697,207.59106,7.1399655,98.77535,152.82942,0.49975708,24.048962,0.045,95,761.1278
9/7/2026 6:07,40378.613,41146.15,26.736057,24.765585,1.0173944,26.744997,7.698645,-62.57057,212.76474,7.200899,99.582016,154.08469,0.78987586,24.023357,0.018,95,761.1278
9/7/2026 6:37,40448.066,41265.867,26.821253,24.72306,1.0174758,26.822813,7.716279,-63.562393,204.76819,7.0891843,97.979866,151.62245,0.64341956,23.962416,0.027,95,761.1278
9/7/2026 7:07,40194.094,41118.082,26.711456,24.879276,1.0174326,26.726753,7.686907,-61.860085,201.93576,6.776444,93.36972,144.52463,1.6573331,23.823475,0.036,95,761.1278
9/7/2026 7:37,40417.67,41380.04,26.899818,24.741653,1.0175864,26.897024,7.6762543,-61.244965,166.83102,6.5983324,90.9482,140.7868,0.09069663,23.782366,0.036,95,761.1278
9/7/2026 8:07,40366,41354.46,26.880575,24.773325,1.0175813,26.8804,7.654181,-59.981346,178.0939,6.5345798,90.00571,139.33633,1.0750688,23.748579,0.027,95,761.1278
9/7/2026 8:37,40414.86,41401.56,26.914694,24.743374,1.017606,26.911013,7.6491427,-59.695244,170.63141,6.3780932,87.87318,136.03409,0.03732557,23.75223,0.036,95,761.1278
9/7/2026 9:07,40426.727,41409.84,26.9208,24.73611,1.0176092,26.916395,7.656412,-60.110092,179.15726,6.4195457,88.45496,136.93356,0.16436347,23.757011,0.027,95,761.1278
9/7/2026 9:37,40398.84,41379.47,26.898891,24.753185,1.0175921,26.896656,7.634796,-58.879852,164.2084,6.3402824,87.35523,135.23056,0.18637513,23.759245,0.036,95,761.1278
9/7/2026 10:07,40169.312,41085.44,26.688084,24.894627,1.0174124,26.705536,7.7013597,-62.685013,176.20563,7.1035357,97.87904,151.50201,0.15650707,23.832558,0.036,95,761.1278
9/7/2026 10:37,40400.895,41330.168,26.864672,24.751926,1.0175484,26.864609,7.6282945,-58.522224,191.68854,6.241057,86.06753,133.22191,0.15530439,23.82282,0.027,95,761.1278
9/7/2026 11:07,40144.207,40990.906,26.62169,24.910194,1.0173379,26.644089,7.759554,-66.018105,198.83156,7.5826306,104.59896,161.8783,0.3909509,23.918547,0.036,95,761.1278
9/7/2026 11:37,40111.54,40939.285,26.584917,24.930483,1.0173038,26.610537,7.735191,-64.63528,139.60838,7.1841803,99.12175,153.39531,0.037477545,23.941422,0.036,95,761.1278
9/7/2026 12:07,40103.902,40906.137,26.56168,24.935228,1.0172772,26.58899,7.7587547,-65.984726,196.4283,7.283889,100.5402,155.5815,0.038322426,23.973213,0.036,95,761.1278
9/7/2026 12:37,40073.684,40827.6,26.506268,24.954033,1.0172184,26.537941,7.7451324,-65.22179,174.55579,7.6010866,104.99588,162.45872,0.038579874,24.033197,0.009,95,761.1278
9/7/2026 13:07,40063.855,40672.098,26.39788,24.960154,1.0170841,26.436865,7.769764,-66.6666,187.90723,7.9721956,110.40968,170.77794,0.03710147,24.217026,0.036,95,761.1278
9/7/2026 13:37,31758.535,32062.24,20.292269,31.487598,1.01241,20.840456,7.8651304,-72.17407,186.70082,8.914008,119.82199,185.23795,0.29679167,24.504065,0.036,95,761.1278
9/7/2026 14:07,39848.527,40226.53,26.082426,25.09503,1.016763,26.147245,7.8875027,-73.451996,190.45352,8.550838,118.81402,183.67827,0.38172084,24.508017,0.045,95,761.1278
9/7/2026 14:37,40426,40713.492,26.435932,24.736555,1.0169939,26.46377,7.8669324,-72.30759,192.47055,8.867559,123.727875,191.23094,0.4600944,24.630297,0.045,95,761.1278
9/7/2026 15:07,40367.29,40659.133,26.396584,24.772533,1.016966,26.428436,7.8300467,-70.19997,197.39627,8.201784,114.40051,176.81679,0.32894403,24.6242,0.045,95,761.1278
9/7/2026 15:37,40447.043,40646.66,26.389841,24.723686,1.0169265,26.42033,7.856854,-71.759224,185.21786,8.326899,116.38182,179.83882,0.57079583,24.74288,0.045,95,761.1278
9/7/2026 16:07,40702.082,40771.45,26.48308,24.568768,1.0169477,26.501442,7.838375,-70.74356,195.86563,8.6186285,120.8759,186.7236,0.40650484,24.910925,0.054,95,761.1278
9/7/2026 16:37,40737.37,40794.62,26.500107,24.547485,1.016956,26.516502,7.828883,-70.204735,192.53731,8.91758,125.11464,193.26567,0.8129093,24.926527,0.045,95,761.1278
9/7/2026 17:07,40680.875,40803.65,26.50506,24.581575,1.0169842,26.522373,7.934126,-76.19858,202.02637,9.691375,135.77675,209.76918,0.8688143,24.84247,0.045,95,761.1278
9/7/2026 17:37,40640.742,41117.66,26.723164,24.60585,1.0172788,26.72648,7.7959847,-68.20202,190.444,7.7668676,108.09878,167.1492,0.5789853,24.392733,0.045,95,761.1278
9/7/2026 18:07,40875.06,41300.67,26.85685,24.464796,1.01736,26.845436,7.8596334,-71.84982,174.16,8.533683,119.002815,183.98654,0.63069516,24.460459,0.036,95,761.1278
9/7/2026 18:37,40842.87,41320.27,26.869692,24.484077,1.0173885,26.858175,7.8455353,-71.02966,172.86777,8.449439,117.7022,181.9978,0.73162335,24.395102,0.027,95,761.1278
9/7/2026 19:07,40842.117,41325.887,26.87359,24.48453,1.0173937,26.861828,7.832614,-70.290565,141.42514,8.214559,114.416794,176.92038,1.0458518,24.38711,0.045,95,761.1278
9/7/2026 19:37,40894.688,41462.145,26.970024,24.453054,1.0174962,26.950394,7.8201685,-69.55624,172.55307,8.083618,112.45108,173.9142,0.7711959,24.28345,0.036,95,761.1278
9/7/2026 20:07,40894.703,41504.14,26.999311,24.453045,1.0175332,26.977692,7.797554,-68.25447,171.88072,7.8672876,109.360054,169.14998,0.6899503,24.231215,0.036,95,761.1278
9/7/2026 20:37,40873.496,41511.145,27.003628,24.465733,1.0175467,26.982243,7.785988,-67.5869,176.1484,7.789057,108.207855,167.37878,0.8836795,24.195765,0.036,95,761.1278
9/7/2026 21:07,40873.46,41523.117,27.011974,24.465754,1.0175573,26.990026,7.752008,-65.64617,162.52042,7.3222833,101.701775,157.3193,0.48411664,24.180859,0.036,95,761.1278
9/7/2026 21:37,40865.133,41529.414,27.016142,24.47074,1.0175657,26.994118,7.7474785,-65.38391,163.24043,7.374875,102.40162,158.40721,0.7079169,24.162542,0.036,95,761.1278
9/7/2026 22:07,40864.44,41540.035,27.023525,24.471153,1.0175751,27.001022,7.6807013,-61.573982,173.4209,6.4690285,89.80546,138.92552,0.51292396,24.1485,0.036,95,761.1278
9/7/2026 22:37,40854.22,41519.26,27.008766,24.477276,1.0175605,26.98752,7.652718,-59.981346,173.25879,6.3568482,88.26068,136.5326,0.5813831,24.161375,0.027,95,761.1278
9/7/2026 23:07,40799.09,41469.785,26.972797,24.510351,1.0175356,26.95536,7.7049403,-62.95681,176.55373,6.990539,97.02507,150.09267,0.8429353,24.153244,0.036,95,761.1278
9/7/2026 23:37,40784.97,41424.734,26.941025,24.518837,1.0175008,26.926077,7.6794577,-61.511993,191.20216,6.446155,89.5129,138.46204,1.280798,24.191412,0.036,95,761.1278
9/8/2026 0:07,40270.465,40986.836,26.622295,24.832094,1.0172911,26.641443,7.691306,-62.16526,201.41125,7.211556,99.77218,154.36159,0.5164128,24.084919,0.036,95,761.1278
9/8/2026 0:37,40223.703,41019.93,26.644049,24.860964,1.0173362,26.662954,7.774699,-66.895485,165.22885,6.7808657,93.65855,144.92964,0.61864555,23.98373,0.027,95,761.1278
9/8/2026 1:07,39981.316,40783.688,26.473248,25.011683,1.0172114,26.509398,7.6962476,-62.422752,203.60947,7.226781,99.6955,154.27528,0.18923575,23.969955,0.036,95,761.1278
9/8/2026 1:37,39918.145,40737.457,26.439411,25.051264,1.0171924,26.479347,7.6755743,-61.240196,197.0625,6.8536825,94.49202,146.22916,0.36605057,23.947014,0.036,95,761.1278
9/8/2026 2:07,39829.805,40624.715,26.358706,25.106827,1.0171235,26.406065,7.6717887,-61.030388,201.85947,6.8604836,94.58948,146.3724,0.40033647,23.975538,0.036,95,761.1278
9/8/2026 2:37,39817.367,40683.574,26.39924,25.11467,1.0171797,26.444323,7.6835,-61.678886,188.78937,6.877104,94.690094,146.55205,0.63639206,23.885271,0.027,95,761.1278
9/8/2026 3:07,39851.332,40705.37,26.415302,25.093264,1.0171871,26.458492,7.7484865,-65.38391,208.97388,7.5577245,104.100876,161.11241,0.5701855,23.901522,0.036,95,761.1278
9/8/2026 3:37,39915.34,40668.223,26.391235,25.053024,1.0171323,26.434345,7.792671,-67.93022,204.86832,8.012674,110.60337,171.13586,0.4686817,24.030745,0.036,95,761.1278
9/8/2026 4:07,39894.9,40642.598,26.372887,25.06586,1.0171168,26.417688,7.738508,-64.845085,212.1973,7.8008394,107.67948,166.60994,0.5022999,24.036812,0.036,95,761.1278
9/8/2026 4:37,39762.63,40592.45,26.334482,25.149242,1.0171183,26.385094,7.7638636,-66.26606,211.66324,7.5102205,103.4498,160.0966,0.48381624,23.9297,0.036,95,761.1278
9/8/2026 5:07,39782.477,40634.52,26.364227,25.136696,1.0171484,26.41244,7.7410336,-64.959526,206.76613,7.478768,102.98417,159.38393,0.42394748,23.902172,0.036,95,761.1278
9/8/2026 5:37,39674.727,40638.473,26.363993,25.204962,1.017189,26.415007,7.6911654,-62.088966,198.41194,6.9735236,95.78337,148.27802,0.34226465,23.75837,0.027,95,761.1278
9/8/2026 6:07,39956.84,40827.684,26.503138,25.027004,1.0172585,26.537996,7.713814,-63.405037,203.04202,7.125669,98.16765,151.93481,0.107381396,23.883259,0.027,95,761.1278
9/8/2026 6:37,40368.52,41327.113,26.861635,24.771778,1.0175565,26.862625,7.655557,-60.067177,198.38333,6.309723,86.9558,134.60587,0.15137722,23.78559,0.036,95,761.1278
9/8/2026 7:07,40379.082,41319.863,26.85689,24.765299,1.0175467,26.857912,7.655896,-60.09102,205.17825,6.760699,93.2052,144.27399,0.2621739,23.807945,0.036,94,761.1278
9/8/2026 7:37,40363.973,41320.574,26.856962,24.774569,1.0175524,26.858374,7.659485,-60.29129,199.60403,6.6489296,91.6319,141.84378,0.38650805,23.787918,0.036,94,761.1278
9/8/2026 8:07,40415.07,41457.125,26.95333,24.743246,1.0176545,26.947132,7.663709,-60.510635,190.29141,6.7215085,92.51364,143.23537,0.10937267,23.683996,0.027,94,761.1278
9/8/2026 8:37,40429.223,41454.527,26.951939,24.734585,1.0176475,26.945442,7.658021,-60.191154,190.34386,6.624413,91.21057,141.21255,0.03947511,23.705067,0.027,94,761.1278
9/8/2026 9:07,40428.098,41443.176,26.944014,24.735271,1.0176381,26.938065,7.654877,-60.014725,204.11014,6.3644195,87.64608,135.69095,0.032780427,23.717628,0.027,94,761.1278
9/8/2026 9:37,40466.188,41466.94,26.961617,24.71199,1.0176458,26.953512,7.5991096,-56.843758,190.13405,6.072864,83.66721,129.52661,0.036817554,23.73645,0.036,94,761.1278
9/8/2026 10:07,40489.53,41485.414,26.975122,24.697742,1.0176542,26.965519,7.637951,-59.056282,186.76282,6.444382,88.80312,137.47597,0.21134114,23.743162,0.027,94,761.1278
9/8/2026 10:37,40434.812,41421.86,26.929377,24.731165,1.017617,26.924208,7.633731,-58.817863,176.95427,6.3235826,87.12978,134.88321,0.034819275,23.752403,0.045,94,761.1278
9/8/2026 11:07,40435.348,41434.676,26.938305,24.730837,1.0176281,26.93254,7.612592,-57.611465,164.11304,6.0574718,83.445145,129.18263,0.032418676,23.73727,0.027,94,761.1278
9/8/2026 11:37,40447.17,41445.016,26.945831,24.723608,1.0176332,26.93926,7.6086483,-57.387352,172.51968,5.907531,81.38632,125.99486,0.032902878,23.739462,0.036,94,761.1278
9/8/2026 12:07,40337.008,41250.848,26.80773,24.79113,1.0175005,26.813051,7.584108,-56.009293,195.28389,6.342813,87.46903,135.38702,0.035313323,23.840147,0.036,94,761.1278
9/8/2026 12:37,40522.207,41299.402,26.846624,24.677826,1.0174801,26.844612,7.7174215,-63.638687,186.88678,7.575567,104.81381,162.18246,0.37850875,24.014734,0.036,94,761.1278
9/8/2026 13:07,40365.14,40811.418,26.502651,24.773851,1.0171027,26.527422,7.7949257,-68.14957,196.51889,8.477626,117.91394,182.31425,0.12285662,24.427483,0.036,94,761.1278
9/8/2026 13:37,40666.17,41056.984,26.6815,24.590464,1.017216,26.68704,7.773241,-66.92886,179.20972,7.853858,109.49156,169.26845,0.10783278,24.501637,0.036,94,761.1278
9/8/2026 14:07,40786.133,41137.24,26.74053,24.518137,1.0172457,26.739204,7.7293515,-64.435005,201.68304,7.7182174,107.73374,166.5349,0.035452142,24.553144,0.036,94,761.1278
9/8/2026 14:37,40779.97,41056.72,26.684172,24.521843,1.0171758,26.686867,7.760309,-66.223145,185.6327,7.3465133,102.68043,158.6955,0.032636505,24.647087,0.045,94,761.1278
9/8/2026 15:07,40918.492,41077.31,26.70196,24.438828,1.0171455,26.70025,7.7434487,-65.29331,195.07408,7.7353253,108.40944,167.50214,0.036006562,24.797579,0.045,94,761.1278
9/8/2026 15:37,40840.74,40904.316,26.579212,24.485355,1.0170178,26.587807,7.7786083,-67.32941,171.86642,8.1265745,114.0525,176.18054,0.09501013,24.918621,0.054,94,761.1278
9/8/2026 16:07,40859.46,40836.957,26.532574,24.474136,1.0169505,26.544024,7.8268766,-70.114136,185.4372,8.0909,113.739365,175.65968,0.03575437,25.028856,0.045,94,761.1278
9/8/2026 16:37,40421.133,40503.973,26.289673,24.739534,1.0168074,26.327583,7.756516,-66.06102,196.2042,7.253702,101.58912,156.93564,0.037157647,24.892921,0.054,94,761.1278
9/8/2026 17:07,40336.004,40450.188,26.250122,24.791746,1.0167896,26.292622,7.821095,-69.7422,198.66943,7.341089,102.71705,158.69043,0.036999624,24.85221,0.045,94,761.1278
9/8/2026 17:37,40904.07,41046.84,26.680326,24.447445,1.0171233,26.680447,7.817313,-69.51809,198.12106,8.098615,113.526886,175.4023,0.17619242,24.817894,0.045,94,761.1278
9/8/2026 18:07,40760.426,41064.797,26.689327,24.5336,1.01719,26.692118,7.7900105,-67.91115,205.85538,7.918063,110.6043,170.95338,0.048385475,24.611937,0.045,94,761.1278
9/8/2026 18:37,40958.703,41283.992,26.847332,24.414835,1.0173161,26.834595,7.8675323,-72.33143,196.60474,8.25443,115.3577,178.30855,0.5256577,24.58747,0.045,94,761.1278
9/8/2026 19:07,40936.52,41283.83,26.846659,24.428066,1.0173236,26.834488,7.8389173,-70.69111,192.8711,8.134767,113.62975,175.64685,0.5107669,24.559547,0.045,94,761.1278
9/8/2026 19:37,40964.574,41274.926,26.841145,24.411337,1.0173059,26.828703,7.855426,-71.64478,185.1368,8.576665,119.89623,185.31721,0.6854338,24.606329,0.045,94,761.1278
9/8/2026 20:07,41004.312,41452.77,26.966337,24.387678,1.0174502,26.9443,7.850137,-71.30146,189.49985,8.498664,118.53318,183.26958,0.79874855,24.433586,0.045,94,761.1278
9/8/2026 20:37,40968.96,41486.61,26.989038,24.408722,1.0174923,26.966297,7.8179865,-69.44656,183.57277,8.176207,113.8774,176.0995,0.3204294,24.34673,0.036,94,761.1278
9/8/2026 21:07,40977.566,41549.84,27.033386,24.403597,1.0175453,27.007397,7.785991,-67.60597,190.06729,7.865241,109.444305,169.26543,0.81094354,24.27889,0.036,94,761.1278
9/8/2026 21:37,40935.797,41542.664,27.027271,24.428497,1.0175532,27.002731,7.7834897,-67.453384,173.14911,7.9202175,110.12099,170.32571,1.0326567,24.23517,0.036,94,761.1278
9/8/2026 22:07,40950.043,41576.03,27.050924,24.419998,1.0175778,27.024422,7.7440276,-65.197945,192.6756,7.149582,99.37889,153.71738,0.5053408,24.2117,0.036,94,761.1278
9/8/2026 22:37,40942.098,41579.75,27.053303,24.424738,1.0175837,27.026836,7.701432,-62.766075,177.01149,6.98559,97.07583,150.15909,0.19448477,24.197088,0.036,94,761.1278
9/8/2026 23:07,40909.133,41517.758,27.009192,24.44442,1.0175405,26.986542,7.747209,-65.38391,204.0577,7.5472865,104.91989,162.2819,0.25197142,24.232492,0.036,94,761.1278
9/8/2026 23:37,40939.305,41544.54,27.028677,24.426405,1.0175537,27.00395,7.7377415,-64.845085,185.65178,7.3795567,102.60834,158.70517,0.5035464,24.237259,0.036,94,761.1278
9/9/2026 0:07,40925.598,41544.387,27.028202,24.434586,1.0175583,27.00385,7.743744,-65.18364,198.86493,7.1692276,99.653656,154.14,0.23987849,24.220179,0.036,94,761.1278
9/9/2026 0:37,40763.914,41385.33,26.912989,24.531502,1.0174731,26.900465,7.664073,-60.63938,191.41197,6.8921185,95.72805,148.06975,0.6316761,24.213858,0.036,94,761.1278
9/9/2026 1:07,40346.543,41026.1,26.651653,24.78527,1.0172995,26.666965,7.7280197,-64.26811,195.31726,7.3856287,102.28356,158.2332,1.7458677,24.132772,0.036,94,761.1278
9/9/2026 1:37,40173.492,40905.016,26.562777,24.892036,1.0172523,26.58826,7.7630877,-66.251755,171.58032,7.521539,103.98648,160.88795,0.8038752,24.063692,0.036,94,761.1278
9/9/2026 2:07,40327.06,41052.4,26.669436,24.797247,1.0173293,26.68406,7.7118406,-63.33351,202.91328,7.59448,105.07992,162.57635,0.058198128,24.074942,0.036,94,761.1278
9/9/2026 2:37,40306.2,41033.8,26.655931,24.81008,1.0173202,26.67197,7.675207,-61.244965,193.71986,5.6898427,78.715965,121.78762,0.0335562,24.071636,0.036,94,761.1278
9/9/2026 3:07,40120.516,40822.812,26.504196,24.924904,1.017198,26.53483,7.7297363,-64.35871,196.0802,7.0082006,96.91759,149.94121,0.033416543,24.099289,0.036,94,761.1278
9/9/2026 3:37,40206.21,40903.457,26.562569,24.871778,1.0172396,26.587248,7.6966605,-62.475204,178.11775,7.190617,99.48798,153.91556,0.037011128,24.107533,0.036,94,761.1278
9/9/2026 4:07,39964.375,40699.613,26.414366,25.022285,1.017143,26.45475,7.689829,-62.07466,215.96909,6.925193,95.64458,147.98392,0.038005926,24.054188,0.027,94,761.1278
9/9/2026 4:37,40120.633,40752.312,26.455162,24.924831,1.0171355,26.489004,7.6667566,-60.7872,203.97186,7.3027687,101.12094,156.41866,0.037125874,24.188457,0.036,94,761.1278
9/9/2026 5:07,40108.383,40763.55,26.462658,24.932444,1.0171497,26.496307,7.693462,-62.303543,215.36827,6.656528,92.12805,142.51584,0.03601498,24.158514,0.036,94,761.1278
9/9/2026 5:37,40088.492,40774.746,26.469917,24.944815,1.0171665,26.503586,7.7154408,-63.548088,205.55496,7.0721593,97.81645,151.32643,0.14383486,24.118828,0.036,94,761.1278
9/9/2026 6:07,40117.754,40804.875,26.491648,24.92662,1.017183,26.523169,7.668597,-60.8778,206.5754,7.1675897,99.14779,153.38618,0.03686754,24.118366,0.027,94,761.1278
9/9/2026 6:37,39990.676,40756.477,26.454586,25.005829,1.0171843,26.49171,7.654822,-60.071945,206.76135,6.860255,94.70621,146.54218,0.079813175,24.016249,0.027,94,761.1278
9/9/2026 7:07,40475.14,41232.105,26.798506,24.706524,1.0174371,26.800869,7.653152,-59.981346,197.27707,6.4904695,89.813896,138.96645,0.03266711,24.038816,0.036,94,761.1278
9/9/2026 7:37,40543.258,41360.574,26.889778,24.665014,1.0175266,26.884375,7.63751,-59.075356,202.22186,6.4780383,89.573105,138.61237,0.03767698,23.965408,0.036,94,761.1278
9/9/2026 8:07,40502.6,41308.164,26.85218,24.689772,1.0174946,26.850306,7.6534476,-59.986115,208.23479,6.6206303,91.54694,141.66333,0.034637224,23.978992,0.027,94,761.1278
9/9/2026 8:37,40586.95,41442.7,26.948145,24.638462,1.017584,26.937756,7.656339,-60.138702,205.97458,6.800084,93.9807,145.44525,0.07850422,23.9189,0.036,94,761.1278
9/9/2026 9:07,40653.656,41539.887,27.017645,24.598034,1.0176466,27.000927,7.645081,-59.490204,206.91872,6.6431046,91.789925,142.06404,0.035702843,23.883013,0.027,94,761.1278
9/9/2026 9:37,40662.555,41504.8,26.993473,24.592651,1.0176129,26.97812,7.6489906,-59.723854,204.3438,6.775428,93.694954,144.99817,0.056565806,23.937553,0.027,94,761.1278
9/9/2026 10:07,39957.914,40767.426,26.461313,25.02633,1.0172052,26.498827,7.652258,-59.91459,156.45981,6.849528,94.46889,146.1898,0.033919368,23.960373,0.036,94,761.1278
9/9/2026 10:37,40707.87,41515.28,27.00202,24.565273,1.0176067,26.984934,7.6511784,-59.85737,173.90729,6.709733,92.86331,143.69962,0.12242397,23.981752,0.036,94,761.1278
9/9/2026 11:07,40736.883,41566.14,27.038242,24.54778,1.0176414,27.017992,7.6497645,-59.771538,189.42833,6.5125103,90.1108,139.44695,0.46686873,23.95548,0.036,94,761.1278
9/9/2026 11:37,40747.57,41570.99,27.041908,24.54134,1.0176423,27.021141,7.6322455,-58.77495,173.19202,6.5271645,90.327194,139.77992,0.03067019,23.962957,0.036,94,761.1278
9/9/2026 12:07,40679.184,41464.277,26.965708,24.582598,1.0175717,26.95178,7.676606,-61.31172,183.52032,6.839347,94.68221,146.50706,0.4177133,24.008682,0.036,94,761.1278
9/9/2026 12:37,40687.69,41477.477,26.975138,24.577457,1.0175803,26.960361,7.658216,-60.26268,163.65527,6.811511,94.29274,145.9059,0.05749088,24.003075,0.036,94,761.1278
9/9/2026 13:07,40717.746,41412.055,26.930387,24.559317,1.0175127,26.917835,7.675276,-61.25927,198.48346,7.329276,101.64665,157.25093,0.062059496,24.122204,0.036,94,761.1278
9/9/2026 13:37,40838.633,41280.156,26.841602,24.486618,1.0173544,26.832102,7.7251844,-64.172745,185.50397,7.738459,107.86531,166.77354,0.035683826,24.440008,0.036,94,761.1278
9/9/2026 14:07,40710.42,41127.418,26.731756,24.563734,1.0172632,26.732822,7.740699,-65.06443,199.55157,8.014969,111.70649,172.70306,0.039284404,24.469154,0.045,94,761.1278
9/9/2026 14:37,40841.07,41188.473,26.77768,24.485157,1.017272,26.772507,7.7899733,-67.89684,190.43445,8.152873,113.83549,175.96526,0.5768004,24.558403,0.036,94,761.1278
9/9/2026 15:07,40896.438,41064.082,26.692179,24.452007,1.0171415,26.691654,7.7601852,-66.24699,204.11491,8.263236,115.77867,178.89206,0.15579258,24.786257,0.045,94,761.1278
9/9/2026 15:37,40776.54,40904.203,26.57759,24.523905,1.0170405,26.587732,7.8146496,-69.37027,199.91875,8.76138,122.78556,189.70044,0.53669596,24.836597,0.045,94,761.1278
9/9/2026 16:07,32982.453,33002.7,20.95573,30.31915,1.012777,21.451756,7.7838354,-67.63935,198.50253,8.47412,115.28061,178.06087,0.42490202,24.967882,0.054,94,761.1278
9/9/2026 16:37,41074.57,41064.26,26.69658,24.345964,1.0170785,26.69177,7.7713127,-66.93363,193.99643,7.874743,110.77379,171.08481,0.34722468,25.013145,0.045,94,761.1278
9/9/2026 17:07,41124.15,41142.895,26.75276,24.316612,1.0171316,26.742882,7.677953,-61.588287,208.63533,6.979324,98.1464,151.59319,0.03729823,24.976145,0.054,94,761.1278
9/9/2026 17:37,41118.12,41109.67,26.72937,24.320177,1.0171038,26.721287,7.700012,-62.856674,184.45493,7.5518336,106.24699,164.09413,0.12765267,25.010761,0.054,94,761.1278
9/9/2026 18:07,41102.117,41116.496,26.733772,24.329647,1.0171157,26.725721,7.7520013,-65.8226,204.56314,8.1297035,114.3222,176.5758,0.3521787,24.981691,0.063,94,761.1278
9/9/2026 18:37,41060.87,41161.33,26.764141,24.354086,1.0171705,26.754862,7.732148,-64.66389,199.8043,7.9948673,112.23222,173.38403,0.2781083,24.872221,0.045,94,761.1278
9/9/2026 19:07,40842.688,41134.69,26.740173,24.484186,1.0172234,26.73755,7.756207,-65.984726,202.60333,7.838116,109.55071,169.31966,0.7481808,24.62834,0.045,94,761.1278
9/9/2026 19:37,40894.99,41354.84,26.895164,24.452873,1.0174011,26.880646,7.780006,-67.29603,192.6136,7.75801,108.12906,167.18823,0.88349766,24.417818,0.036,94,761.1278
9/9/2026 20:07,40907.86,41403.164,26.929216,24.44518,1.0174395,26.912056,7.6942596,-62.394142,200.29068,7.6624794,106.73598,165.04779,0.21085201,24.373669,0.045,94,761.1278
9/9/2026 20:37,40880.266,41353.996,26.894192,24.461681,1.0174054,26.880096,7.7631936,-66.33282,203.02295,7.608876,106.01737,163.92851,0.33382028,24.400236,0.036,94,761.1278
9/9/2026 21:07,40782.55,41427.203,26.942675,24.52029,1.0175037,26.927683,7.7340097,-64.62097,196.41876,7.2945304,101.28387,156.67155,0.40203777,24.185284,0.036,94,761.1278
9/9/2026 21:37,40821.926,41554.984,27.032793,24.49664,1.0176029,27.01074,7.6900826,-62.093735,189.71443,7.073934,98.084175,151.75237,1.1334953,24.076406,0.036,94,761.1278
9/9/2026 22:07,40846.637,41603.188,27.067064,24.48182,1.0176369,27.042072,7.669938,-60.93979,192.36087,6.9993,97.0197,150.11325,0.07736499,24.047909,0.018,94,761.1278
9/9/2026 22:37,40814.223,41570.254,27.043228,24.501263,1.0176189,27.020666,7.6880116,-61.969757,181.44608,6.8141065,94.43954,146.12115,0.03880365,24.04781,0.036,94,761.1278
9/9/2026 23:07,40852,41621.133,27.07972,24.478605,1.0176508,27.053736,7.679449,-61.478615,183.87317,6.587823,91.298004,141.26437,0.23249201,24.032492,0.036,94,761.1278
9/9/2026 23:37,40828.098,41595.004,27.060856,24.492937,1.017636,27.036753,7.6563463,-60.162544,176.66817,6.604865,91.5278,141.61934,0.43739945,24.034685,0.027,94,761.1278
9/10/2026 0:07,40797.664,41600.645,27.063946,24.511208,1.0176512,27.040419,7.6406064,-59.256554,183.54892,6.2135153,86.03772,133.1356,0.038034994,23.989418,0.027,94,761.1278
9/10/2026 0:37,40832.85,41662.727,27.10817,24.490086,1.0176938,27.080772,7.650177,-59.79538,163.3501,6.424528,88.93168,137.62186,0.21631792,23.957129,0.036,94,761.1278
9/10/2026 1:07,40763.477,41561.08,27.035444,24.531765,1.0176281,27.0147,7.6505446,-59.82399,187.88338,6.5739837,91.02344,140.8491,0.18430601,23.995235,0.036,94,761.1278
9/10/2026 1:37,40662.38,41447.75,26.95374,24.592756,1.0175627,26.941038,7.5931764,-56.557655,171.72336,6.0374274,83.57388,129.31871,0.34608752,24.007936,0.036,94,761.1278
9/10/2026 2:07,40537.656,41387.656,26.908478,24.66842,1.0175524,26.901976,7.623087,-58.24566,185.29416,6.061477,83.76237,129.62994,0.4927717,23.924738,0.036,94,761.1278
9/10/2026 2:37,40404.375,41264.633,26.81919,24.749796,1.0174898,26.822012,7.6413918,-59.285164,178.46107,6.436759,88.87715,137.54958,0.08284088,23.908516,0.036,94,761.1278
9/10/2026 3:07,40322.254,41201.086,26.772722,24.800201,1.0174619,26.780706,7.6652565,-60.63938,196.25664,6.4932895,89.59416,138.66557,0.038590666,23.883228,0.036,94,761.1278
9/10/2026 3:37,40367.363,41191.355,26.767199,24.772488,1.0174378,26.774382,7.587,-56.19526,193.93445,6.0900154,84.129715,130.19185,0.038450688,23.95267,0.036,94,761.1278
9/10/2026 4:07,40493.156,41258.28,26.817213,24.695532,1.0174539,26.817883,7.574529,-55.499077,203.13739,5.987992,82.8554,128.202,0.031766344,24.029072,0.036,94,761.1278
9/10/2026 4:37,40462.016,41219.49,26.789364,24.714537,1.0174303,26.792667,7.6073847,-57.373047,207.51,6.492911,89.841446,139.0093,0.5740846,24.037874,0.036,94,761.1278
9/10/2026 5:07,40367.188,41155.453,26.74222,24.772594,1.0174063,26.751043,7.5707,-55.274963,203.25183,6.219227,85.96986,133.02872,0.039351497,23.997204,0.036,94,761.1278
9/10/2026 5:37,40385.617,41136.387,26.729456,24.76129,1.0173833,26.738651,7.6237626,-58.307648,188.5128,6.1988688,85.75331,132.68224,0.036255565,24.044464,0.036,94,761.1278
9/10/2026 6:07,40315.098,41114.562,26.712353,24.804604,1.0173882,26.724466,7.6409674,-59.275627,198.60745,6.4254975,88.78215,137.38423,0.03440963,23.981949,0.036,94,761.1278
9/10/2026 6:37,40223.79,41069.03,26.678192,24.86091,1.0173794,26.69487,7.606604,-57.30629,204.99707,6.553731,90.44144,139.967,0.27381042,23.92246,0.036,94,761.1278
9/10/2026 7:07,40215.05,41123.816,26.716032,24.866312,1.0174304,26.730482,7.5670176,-55.036545,213.05084,5.8136296,80.13321,124.03179,0.03825687,23.84302,0.036,94,761.1278
9/10/2026 7:37,40209.44,41093.957,26.695124,24.869781,1.0174062,26.711071,7.5998225,-56.910515,197.42012,6.18651,85.30774,132.03387,0.59725463,23.873075,0.036,94,761.1278
9/10/2026 8:07,40444.406,41386.203,26.904858,24.725298,1.0175827,26.901033,7.596355,-56.700706,190.56796,6.060375,83.57406,129.36562,0.035104986,23.808569,0.036,94,761.1278
9/10/2026 8:37,40483.11,41431.863,26.937702,24.70166,1.0176095,26.930712,7.586331,-56.1285,189.85748,6.1021004,84.15429,130.26555,0.03407178,23.801092,0.036,94,761.1278
9/10/2026 9:07,40484.78,41437.863,26.941923,24.70064,1.0176144,26.93461,7.5987425,-56.83422,196.78592,6.1861367,85.30748,132.05186,0.025871605,23.795795,0.027,94,761.1278
9/10/2026 9:37,40643.254,41594.32,27.055235,24.60433,1.0176976,27.036308,7.616723,-57.85942,192.54208,6.266925,86.4884,133.87817,0.029921506,23.802864,0.036,94,761.1278
9/10/2026 10:07,40677.504,41602.902,27.06217,24.583612,1.0176938,27.041885,7.6270785,-58.455467,186.61499,6.3504944,87.69563,135.73892,0.028057827,23.835417,0.018,94,761.1278
9/10/2026 10:37,40687.145,41580.855,27.047096,24.577787,1.0176712,27.027555,7.6273613,-58.47931,192.39426,6.3745914,88.08175,136.32692,0.029063057,23.874697,0.036,94,761.1278
9/10/2026 11:07,40678.887,41523.016,27.0066,24.582777,1.0176232,26.98996,7.642301,-59.342384,206.30359,6.467256,89.437126,138.40942,0.028449124,23.935646,0.036,94,761.1278
9/10/2026 11:37,40759.31,41609.824,27.069279,24.534273,1.0176721,27.046387,7.621646,-58.164597,154.96254,6.3318014,87.5865,135.54688,0.027746638,23.929827,0.036,94,761.1278
9/10/2026 12:07,40705.324,41559.39,27.03266,24.56681,1.0176462,27.013605,7.6120396,-57.616234,147.01843,6.1808476,85.47173,132.2755,0.02077992,23.924057,0.036,94,761.1278
9/10/2026 12:37,40677.516,41542.63,27.020218,24.583605,1.017641,27.002708,7.6107492,-57.53994,152.45914,6.190254,85.57413,132.43742,0.026159273,23.909704,0.036,94,761.1278
9/10/2026 13:07,40676.04,41546.75,27.023045,24.584497,1.0176451,27.005388,7.5562754,-54.43573,172.98221,5.560014,76.85352,118.94258,0.033631757,23.902756,0.036,94,761.1278
9/10/2026 13:37,40697.523,41537.28,27.017054,24.57152,1.0176295,26.999233,7.5754023,-55.532455,185.59456,6.058725,83.80135,129.68631,0.026990337,23.941517,0.036,94,761.1278
9/10/2026 14:07,40756.99,41476.156,26.976103,24.53567,1.0175556,26.959501,7.6343904,-58.922768,200.59586,6.431783,89.176094,137.96614,0.05199512,24.092182,0.036,94,761.1278
9/10/2026 14:37,40819.45,41539.26,27.021774,24.498125,1.0175898,27.00052,7.608872,-57.468414,175.5619,6.1766963,85.66257,132.53014,0.027190411,24.09275,0.036,94,761.1278
9/10/2026 15:07,41151.996,41208.48,26.799305,24.300158,1.0171806,26.785513,7.695061,-62.556267,178.14636,7.1523523,100.522705,155.27777,0.02693664,24.928238,0.045,94,761.1278
9/10/2026 15:37,41280.254,41381.535,26.923462,24.224657,1.0172905,26.897997,7.6971874,-62.66594,180.47809,7.3413525,103.151085,159.35501,0.02553843,24.871859,0.054,94,761.1278
9/10/2026 16:07,41173.195,41316.145,26.87512,24.287645,1.0172696,26.855494,7.690873,-62.294006,199.13196,7.089984,99.500046,153.73013,0.03133726,24.818853,0.045,94,761.1278
9/10/2026 16:37,41249.574,41341.27,26.894539,24.242674,1.0172653,26.871826,7.692554,-62.40368,192.67082,6.8909035,96.82607,149.58025,0.034822095,24.883873,0.045,94,761.1278
9/10/2026 17:07,41328.766,41322.94,26.883614,24.196222,1.0172209,26.859911,7.734804,-64.845085,177.67429,7.5780506,106.70323,164.79988,0.030592548,25.007378,0.054,94,761.1278
9/10/2026 17:37,41272.824,41188.836,26.788412,24.229017,1.0171201,26.772743,7.739596,-65.140724,181.39362,7.7106695,108.69864,167.84958,0.03511109,25.106758,0.036,94,761.1278
9/10/2026 18:07,41336.727,41207.043,26.802645,24.191563,1.0171138,26.784578,7.744709,-65.4459,201.96915,7.5988984,107.2393,165.57753,0.03899906,25.16477,0.054,94,761.1278
9/10/2026 18:37,41322.086,41348.37,26.901253,24.200134,1.0172461,26.87644,7.691917,-62.384605,195.80841,7.462632,105.01441,162.20418,0.12033452,24.966719,0.054,94,761.1278
9/10/2026 19:07,41267.72,41376.918,26.919922,24.232016,1.0172908,26.894997,7.700729,-62.86621,205.23071,7.211169,101.30208,156.50151,0.07081302,24.861828,0.054,94,761.1278
9/10/2026 19:37,41267.21,41321.574,26.881187,24.232313,1.0172415,26.859022,7.719494,-63.9534,183.21515,7.651529,107.593956,166.19983,0.415124,24.93112,0.045,94,761.1278
9/10/2026 20:07,40991.34,41343.453,26.889685,24.395397,1.0173577,26.873245,7.744049,-65.27424,194.50665,7.307327,102.08702,157.8059,0.1376149,24.554094,0.045,94,761.1278
9/10/2026 20:37,41080.41,41423.332,26.94773,24.342503,1.0173978,26.925165,7.75202,-65.732,184.68857,7.4932375,104.741806,161.90587,0.09486921,24.566572,0.045,94,761.1278
9/10/2026 21:07,41095.285,41455.914,26.97087,24.333693,1.0174216,26.946344,7.753191,-65.79399,201.95007,7.539619,105.363716,162.87393,0.1684793,24.54455,0.036,94,761.1278
9/10/2026 21:37,41046.008,41453.85,26.96817,24.362906,1.0174367,26.945004,7.7443986,-65.27901,190.3534,7.4827332,104.45818,161.49214,0.24024996,24.484894,0.045,94,761.1278
9/10/2026 22:07,41066.258,41560.676,27.043276,24.350891,1.0175245,27.014439,7.7434754,-65.20271,176.84937,7.4031696,103.197495,159.57512,0.4271262,24.377155,0.036,94,761.1278
9/10/2026 22:37,41038.055,41558.695,27.041157,24.367626,1.0175323,27.013151,7.726801,-64.24427,159.14441,7.2503076,101.00707,156.19766,0.10250826,24.344091,0.036,94,761.1278
9/10/2026 23:07,41055.824,41608.57,27.076431,24.35708,1.0175704,27.045572,7.702038,-62.823296,194.3779,7.137502,99.38672,153.70319,0.07111482,24.304482,0.036,94,761.1278
9/10/2026 23:37,41042.344,41608.285,27.075872,24.36508,1.0175747,27.045385,7.6945753,-62.394142,186.29074,6.723692,93.597046,144.75383,0.20075272,24.287872,0.036,94,761.1278
9/11/2026 0:07,40077.82,40656.27,26.387232,24.951456,1.0170653,26.426575,7.684578,-61.81717,200.5291,6.6509466,92.16713,142.55096,0.21239378,24.255089,0.036,94,761.1278
9/11/2026 0:37,41023.27,41613.395,27.078934,24.37641,1.0175858,27.048706,7.6572275,-60.25791,187.29688,6.3259845,88.01563,136.12943,0.03738049,24.257532,0.036,94,761.1278
9/11/2026 1:07,40979.613,41531.094,27.020363,24.402378,1.0175279,26.99521,7.674449,-61.249733,155.04361,6.656177,92.65518,143.2927,0.08433971,24.304777,0.036,94,761.1278
9/11/2026 1:37,40966.445,41512.61,27.00711,24.410221,1.0175161,26.983196,7.678522,-61.483383,151.0334,6.7999287,94.65975,146.39105,0.5030815,24.311172,0.036,94,761.1278
9/11/2026 2:07,40999.12,41565.492,27.044872,24.390766,1.0175518,27.01757,7.5940857,-56.66256,195.44125,5.4015646,75.17736,116.26688,0.036978852,24.286598,0.036,94,761.1278
9/11/2026 2:37,40989.805,41555.406,27.03759,24.39631,1.017546,27.011015,7.5588017,-54.650307,200.2287,5.7269864,79.70425,123.26782,0.3236225,24.287394,0.027,94,761.1278
9/11/2026 3:07,40830.793,41375.24,26.907724,24.49132,1.0174414,26.893906,7.5685062,-55.208206,196.84792,6.515114,90.643074,140.17932,0.037212256,24.31106,0.036,94,761.1278
9/11/2026 3:37,40860.676,41422.688,26.9416,24.473408,1.017473,26.924747,7.6222506,-58.2695,196.72394,6.7144284,93.39911,144.44722,0.2886502,24.289648,0.036,94,761.1278
9/11/2026 4:07,40738.1,41331.14,26.87453,24.547045,1.0174342,26.865242,7.637191,-59.113503,197.35812,6.359645,88.36694,136.67499,0.0324567,24.248772,0.036,94,761.1278
9/11/2026 4:37,40534.414,41180.9,26.764439,24.670395,1.0173715,26.767584,7.625812,-58.4507,192.91878,6.42948,89.17033,137.93552,0.031610113,24.178082,0.036,94,761.1278
9/11/2026 5:07,40437.78,41107.473,26.710735,24.72935,1.0173401,26.719856,7.613456,-57.74021,203.20892,6.119697,84.8017,131.18523,0.031777848,24.147058,0.036,94,761.1278
9/11/2026 5:37,40412.996,41090.805,26.698471,24.744514,1.0173337,26.709023,7.6063824,-57.3349,178.2608,6.170011,85.476845,132.23224,0.038854785,24.136366,0.036,94,761.1278
9/11/2026 6:07,40293.58,40971.723,26.612398,24.81785,1.0172697,26.63162,7.5903316,-56.419373,196.06113,6.1015205,84.48195,130.69386,0.039172653,24.13343,0.027,94,761.1278
9/11/2026 6:37,40138.535,40889.043,26.550728,24.913713,1.0172502,26.577879,7.5742455,-55.48477,195.1313,5.9820385,82.66102,127.89894,0.031177454,24.039017,0.036,94,761.1278
9/11/2026 7:07,40144.605,40897.688,26.556904,24.909946,1.0172557,26.583498,7.571662,-55.336952,179.88205,6.113042,84.46974,130.69824,0.032305636,24.035929,0.036,94,761.1278
9/11/2026 7:37,40145.41,40873.535,26.540133,24.909449,1.0172342,26.567799,7.567543,-55.10807,182.66678,5.977996,82.64134,127.861885,0.030135026,24.067324,0.036,94,761.1278
9/11/2026 8:07,40146,40925.8,26.576479,24.909082,1.01728,26.60177,7.500555,-51.279068,220.06035,5.6188183,77.603485,120.08155,0.029918991,24.002407,0.036,94,761.1278
9/11/2026 8:37,40596.74,41343.945,26.879665,24.63252,1.0174938,26.873564,7.572273,-55.3751,194.5591,5.8814235,81.44537,126.01461,0.03025151,24.05377,0.036,94,761.1278
9/11/2026 9:07,40642.22,41368.04,26.897678,24.604956,1.0174997,26.889225,7.5875764,-56.25248,201.26819,6.059091,83.95508,129.89116,0.03688276,24.081388,0.036,94,761.1278
9/11/2026 9:37,40699.477,41440.98,26.950037,24.570341,1.0175443,26.936638,7.612821,-57.68776,188.1647,6.3382845,87.821976,135.87836,0.02826044,24.063192,0.036,94,761.1278
9/11/2026 10:07,40738.465,41542.44,27.02178,24.546825,1.0176202,27.002586,7.609985,-57.51133,195.81317,6.4326887,89.046814,137.79259,0.026722485,23.986746,0.036,94,761.1278
9/11/2026 10:37,40749.31,41552.484,27.029076,24.540293,1.0176253,27.009115,7.6337485,-58.865547,168.93863,6.463351,89.47709,138.45808,0.09909837,23.988,0.036,94,761.1278
9/11/2026 11:07,40754.07,41534.742,27.016846,24.537426,1.0176082,26.997583,7.626873,-58.47931,192.57545,6.5132823,90.20625,139.57932,0.027943,24.015936,0.036,94,761.1278
9/11/2026 11:37,40816.094,41600.004,27.06401,24.50014,1.0176444,27.040003,7.6400204,-59.227943,156.49796,6.534336,90.518196,140.06267,0.03103493,24.013405,0.036,94,761.1278
9/11/2026 12:07,40837.957,41591.023,27.058346,24.487022,1.0176291,27.034164,7.6502604,-59.81922,172.90591,6.613289,91.67128,141.83687,0.03146232,24.052017,0.036,94,761.1278
9/11/2026 12:37,40835.18,41589.36,27.057112,24.48869,1.0176286,27.033083,7.6316066,-58.755875,152.66418,6.3811636,88.450615,136.85414,0.026010852,24.05058,0.036,94,761.1278
9/11/2026 13:07,40889.285,41604.19,27.068926,24.456285,1.0176233,27.042725,7.6558623,-60.14824,170.81738,6.5512424,90.89367,140.62132,0.026551537,24.100338,0.036,94,761.1278
9/11/2026 13:37,40883.305,41626.34,27.084206,24.459862,1.0176448,27.057121,7.6256146,-58.41732,163.25473,6.389915,88.608894,137.0953,0.028166167,24.065435,0.036,94,761.1278
9/11/2026 14:07,40119.74,40822.88,26.504221,24.925386,1.0171982,26.534872,7.6367955,-59.06105,167.00745,6.5515013,90.60006,140.16766,0.031662446,24.09821,0.036,94,761.1278
9/11/2026 14:37,40782.785,41501.87,26.994724,24.52015,1.0175694,26.976215,7.598749,-56.89144,182.83844,6.1397486,85.13705,131.71707,0.02156254,24.09285,0.036,94,761.1278
9/11/2026 15:07,40833.76,41527.836,27.014208,24.489538,1.017575,26.993093,7.6120253,-57.65438,192.6899,6.4033914,88.85277,137.45769,0.032194313,24.124947,0.036,94,761.1278
9/11/2026 15:37,40786.85,41455.61,26.96259,24.517706,1.0175275,26.946146,7.6156855,-57.868958,178.2608,6.215541,86.26666,133.44946,0.03166114,24.1554,0.036,94,761.1278
9/11/2026 16:07,40377.52,40533.305,26.309095,24.766256,1.0168495,26.346647,7.7087235,-63.30967,184.53122,7.458981,104.30463,161.15947,0.028667092,24.798773,0.045,94,761.1278
9/11/2026 16:37,41238.3,41237.86,26.821917,24.249302,1.0171766,26.80461,7.7761993,-67.2102,168.96725,7.9377184,111.715126,172.54285,0.033888943,25.000559,0.045,94,761.1278
9/11/2026 17:07,41203.145,41187.766,26.786024,24.269993,1.017144,26.772049,7.7571926,-66.12778,183.95424,7.767168,109.32845,168.85051,0.03751343,25.019548,0.054,94,761.1278
9/11/2026 17:37,41279.684,41242.754,26.826317,24.224993,1.0171664,26.80779,7.7510824,-65.784454,175.91,7.9179916,111.52963,172.24103,0.037884958,25.046877,0.054,94,761.1278
9/11/2026 18:07,41277.51,41269.8,26.845203,24.226267,1.0171913,26.82537,7.7463884,-65.50789,168.61916,7.4910603,105.459564,162.87833,0.15339701,25.009779,0.054,94,761.1278
9/11/2026 18:37,41193.004,41196.473,26.791878,24.275967,1.0171554,26.777708,7.7117453,-63.524246,181.65112,7.273518,102.34072,158.06569,0.038198214,24.99559,0.045,94,761.1278
9/11/2026 19:07,41184.8,41215.887,26.805264,24.280802,1.0171758,26.790327,7.7437415,-65.345764,189.4474,7.8485107,110.37243,170.48216,0.2728604,24.960514,0.054,94,761.1278
9/11/2026 19:37,41179.297,41255.082,26.832548,24.284048,1.0172127,26.815804,7.721349,-64.053535,171.70906,7.2655625,102.0899,157.70596,0.73946357,24.903826,0.045,94,761.1278
9/11/2026 20:07,41209.7,41361.16,26.90749,24.266132,1.0172971,26.884756,7.74082,-65.14549,186.90585,7.9192038,111.13731,171.71346,0.3201553,24.808277,0.045,94,761.1278
9/11/2026 20:37,41026.758,41230.33,26.811539,24.374336,1.0172442,26.799715,7.749674,-65.636635,169.2009,7.7722344,108.88845,168.26015,0.8046899,24.741499,0.045,94,761.1278
9/11/2026 21:07,41030.18,41401.47,26.931185,24.372303,1.0173956,26.910954,7.8037853,-68.678856,168.42842,8.198534,114.51747,177.02873,0.27125555,24.530468,0.045,94,761.1278
9/11/2026 21:37,41065.113,41512.863,27.009863,24.35157,1.0174824,26.98336,7.776594,-67.10529,158.60558,7.9211254,110.50885,170.86227,0.1519475,24.435299,0.036,94,761.1278
9/11/2026 22:07,40961.098,41419.84,26.942242,24.413408,1.017436,26.922895,7.727516,-64.30149,180.39227,7.6859245,107.15776,165.68567,0.77520066,24.420134,0.036,94,761.1278
9/11/2026 22:37,40997.33,41529.43,27.019663,24.391834,1.0175204,26.994131,7.7488422,-65.49835,162.63008,7.606133,105.92367,163.8052,0.6760563,24.329178,0.045,94,761.1278
9/11/2026 23:07,41021.438,41622.76,27.085424,24.377499,1.0175946,27.054796,7.72969,-64.38732,183.74443,7.338417,102.080925,157.88757,0.19631553,24.243614,0.036,94,761.1278
9/11/2026 23:37,41012.188,41629.55,27.089912,24.382996,1.0176038,27.059208,7.7045956,-62.95204,183.5537,7.1405725,99.296455,153.58652,0.25430843,24.223564,0.036,94,761.1278
9/12/2026 0:07,40982.625,41630.82,27.09002,24.400585,1.017615,27.060032,7.7129354,-63.419342,184.63135,7.189218,99.90498,154.5388,0.38326657,24.184813,0.036,94,761.1278
9/12/2026 0:37,40936.92,41600.58,27.067694,24.427826,1.017604,27.040377,7.695446,-62.417984,175.21858,6.9401846,96.39805,149.11955,0.11679134,24.164762,0.036,94,761.1278
9/12/2026 1:07,40935.496,41603.914,27.069979,24.428677,1.0176073,27.042543,7.6791577,-61.48815,179.88681,6.4317164,89.327545,138.18358,0.3118397,24.158836,0.036,94,761.1278
9/12/2026 1:37,41000.516,41595.22,27.065649,24.389936,1.0175774,27.036892,7.701398,-62.77561,181.97537,7.1118436,98.93156,153.01427,0.20618023,24.251448,0.036,94,761.1278
9/12/2026 2:07,40981.543,41599.277,27.067974,24.401228,1.0175875,27.03953,7.6954007,-62.42752,184.1116,7.010571,97.474556,150.76878,0.116796516,24.222534,0.036,94,761.1278
9/12/2026 2:37,40795.816,41494.5,26.989937,24.512318,1.0175586,26.971426,7.6826506,-61.678886,155.21527,6.9595885,96.54612,149.36128,0.0369254,24.118433,0.036,94,761.1278
9/12/2026 3:07,40666.426,41443.617,26.950981,24.59031,1.0175579,26.93835,7.6664467,-60.73475,189.64291,6.7381053,93.288376,144.3478,0.03755766,24.01817,0.036,94,761.1278
9/12/2026 3:37,40553.64,41365.094,26.89321,24.658699,1.0175273,26.887312,7.631876,-58.755875,185.31323,6.59725,91.23541,141.18282,0.037880767,23.97294,0.036,93,761.1278
9/12/2026 4:07,40316.703,41189.96,26.764835,24.803616,1.0174539,26.773474,7.6118207,-57.59716,171.79013,6.7169266,92.6866,143.45003,0.034439284,23.89001,0.036,93,761.1278
9/12/2026 4:37,40067.24,40998.652,26.624945,24.958046,1.0173709,26.649124,7.5762506,-55.556297,173.47812,6.6105037,91.01725,140.88658,0.19047834,23.810566,0.036,93,761.1278
9/12/2026 5:07,40334.016,41253.312,26.809362,24.792969,1.0175036,26.814653,7.6017146,-57.01065,199.85675,6.314482,87.06857,134.76886,0.03338902,23.833286,0.027,93,761.1278
9/12/2026 5:37,40153.586,41100.535,26.69813,24.904375,1.0174309,26.71535,7.582754,-55.923462,178.2179,5.9341226,81.714584,126.49073,0.048714105,23.793726,0.027,93,761.1278
9/12/2026 6:07,39879.367,40908.824,26.557291,25.075624,1.0173562,26.590736,7.5744095,-55.42755,169.11984,6.161471,84.610245,130.99922,0.03547612,23.682478,0.027,93,761.1278
9/12/2026 6:37,39891.24,40915.19,26.562048,25.068161,1.0173577,26.594873,7.5945754,-56.57673,147.8052,6.2324057,85.59762,132.5262,0.030782841,23.689724,0.027,93,761.1278
9/12/2026 7:07,40052.293,41069.023,26.673395,24.96736,1.0174376,26.694864,7.5811253,-55.81379,182.3616,6.1412654,84.420784,130.70087,0.53639114,23.703838,0.027,93,761.1278
9/12/2026 7:37,39869.492,40997.777,26.618715,25.081835,1.0174372,26.648556,7.5974436,-56.71501,194.11563,6.196919,84.941574,131.54109,0.036073174,23.559128,0.027,93,761.1278
9/12/2026 8:07,39891.406,40975.113,26.603626,25.068056,1.0174102,26.633823,7.597925,-56.75316,198.87924,6.2821307,86.18772,133.45755,0.036932826,23.615294,0.027,93,761.1278
9/12/2026 8:37,39826.66,40976.203,26.60252,25.108809,1.0174329,26.634533,7.5537,-54.221153,192.92831,5.84302,80.043655,123.96227,0.02917446,23.531208,0.027,93,761.1278
9/12/2026 9:07,40046.918,41002.945,26.627354,24.97071,1.0173815,26.651915,7.6358986,-58.94661,200.8152,6.3977046,88.039856,136.2855,0.027517347,23.779263,0.027,93,761.1278
9/12/2026 9:37,40633.59,41508.844,26.995478,24.610182,1.017626,26.98075,7.6317244,-58.732033,154.0184,6.6174226,91.444145,141.52554,0.028846884,23.896023,0.036,93,761.1278
9/12/2026 10:07,40374.016,41224.566,26.790485,24.768406,1.0174649,26.795969,7.630721,-58.67958,181.3221,6.7473283,93.168724,144.18842,0.027746977,23.919783,0.036,93,761.1278
9/12/2026 10:37,40581.566,41380.582,26.90476,24.64173,1.0175313,26.897379,7.663622,-60.567856,168.85281,6.9242277,95.790665,148.22752,0.029326394,23.989058,0.036,93,761.1278
9/12/2026 11:07,40769.914,41526.715,27.01168,24.527891,1.0175958,26.992365,7.6822453,-61.64074,167.62733,7.042784,97.58786,150.99292,0.025167441,24.045843,0.036,93,761.1278
9/12/2026 11:37,40914.566,41644.918,27.098,24.441174,1.0176505,27.069197,7.6806087,-61.55491,171.17978,7.0270786,97.48007,150.81622,0.03554047,24.081802,0.036,93,761.1278
9/12/2026 12:07,40898.35,41572.17,27.046848,24.450863,1.017592,27.021912,7.695328,-62.408447,178.73764,7.1538014,99.330086,153.65894,0.028605636,24.151388,0.036,93,761.1278
9/12/2026 12:37,41003.504,41639.19,27.096407,24.388159,1.0176152,27.065474,7.6896267,-62.093735,146.75616,7.101394,98.715675,152.69463,0.023324983,24.200703,0.036,93,761.1278
9/12/2026 13:07,40987.75,41600.207,27.068789,24.397533,1.0175862,27.040134,7.697383,-62.54196,163.2309,7.1489162,99.41021,153.7609,0.02267921,24.229189,0.036,93,761.1278
9/12/2026 13:37,40995.973,41629.69,27.089582,24.39264,1.0176095,27.0593,7.6882806,-62.01744,155.71118,7.0849166,98.48672,152.33984,0.025519703,24.202995,0.036,93,761.1278
9/12/2026 14:07,40863.09,41411.906,26.934147,24.471962,1.0174627,26.91774,7.7371435,-64.82601,152.7977,7.581169,105.48171,163.12871,0.038408484,24.306145,0.036,93,761.1278
9/12/2026 14:37,40870.223,41538.7,27.022757,24.467691,1.017572,27.000156,7.674981,-61.249733,141.69693,6.924792,96.14732,148.73369,0.03131068,24.157442,0.036,93,761.1278
9/12/2026 15:07,40892.75,41566.14,27.04249,24.454212,1.0175886,27.017992,7.658105,-60.286522,148.64444,6.7787848,94.12134,145.60112,0.026051525,24.151806,0.036,93,761.1278
9/12/2026 15:37,40885.3,41556.285,27.03542,24.458668,1.0175824,27.011585,7.6048145,-57.24907,172.52922,6.5210533,90.54371,140.06598,0.028115079,24.154636,0.036,93,761.1278
9/12/2026 16:07,40827.133,41483.293,26.98297,24.493515,1.017538,26.96414,7.637459,-59.113503,183.54892,6.7908473,94.28968,145.85619,0.13870858,24.17186,0.036,93,761.1278
9/12/2026 16:37,40709.53,41329.555,26.872671,24.564272,1.0174427,26.86421,7.6566277,-60.214996,159.07288,7.188687,99.8255,154.40736,0.03734272,24.214558,0.036,93,761.1278
9/12/2026 17:07,40189.008,40721.74,26.435677,24.882425,1.0170846,26.46913,7.7010794,-62.770844,171.26083,7.8126683,108.40988,167.65437,0.16402929,24.31507,0.036,93,761.1278
9/12/2026 17:37,40618.83,41036.55,26.666048,24.619125,1.0172143,26.67376,7.74547,-65.33623,159.31607,8.22028,114.52061,177.05455,0.40744966,24.467052,0.045,93,761.1278
9/12/2026 18:07,40878.93,41185.457,26.776522,24.46248,1.017256,26.770548,7.803463,-68.678856,169.09122,7.685686,107.40879,166.01479,0.27951148,24.610336,0.045,93,761.1278
9/12/2026 18:37,40893.484,41215.848,26.79811,24.453773,1.0172781,26.790302,7.8046284,-68.740845,173.85007,8.152224,113.90341,176.05965,0.3043551,24.590506,0.045,93,761.1278
9/12/2026 19:07,40880.145,41219.652,26.80042,24.461754,1.0172862,26.792774,7.8535795,-71.53034,190.71103,8.608691,120.23733,185.85753,0.894966,24.568768,0.036,93,761.1278
9/12/2026 19:37,40819.492,41126.71,26.73402,24.4981,1.0172244,26.732363,7.798708,-68.40706,176.53465,8.342229,116.55284,180.14862,1.026194,24.608898,0.045,93,761.1278
9/12/2026 20:07,40796.715,41156.12,26.753977,24.511778,1.0172588,26.75148,7.8023157,-68.59779,177.8698,8.069142,112.62031,174.09196,0.940754,24.542788,0.036,93,761.1278
9/12/2026 20:37,40778.83,41156.48,26.753775,24.52253,1.0172652,26.751713,7.799485,-68.4309,180.43042,8.122425,113.31794,175.17796,1.3991969,24.51958,0.045,93,761.1278
9/12/2026 21:07,40769.81,41166.08,26.760242,24.527954,1.0172769,26.75795,7.765827,-66.50448,198.96507,7.9270086,110.55025,170.90692,0.8563915,24.496014,0.036,93,761.1278
9/12/2026 21:37,40665.3,41122.707,26.727316,24.59099,1.0172747,26.72976,7.7958846,-68.20202,158.20503,8.113276,112.9717,174.67592,1.0124111,24.417643,0.036,93,761.1278
9/12/2026 22:07,40801.1,41453.082,26.961208,24.509142,1.0175203,26.944504,7.749432,-65.49835,165.05241,7.6605334,106.36064,164.52727,0.41720292,24.176538,0.036,93,761.1278
9/12/2026 22:37,40774.29,41436.75,26.949108,24.525259,1.017515,26.933887,7.7369385,-64.7831,182.77646,7.4853415,103.89628,160.7192,0.4770392,24.16297,0.036,93,761.1278
9/12/2026 23:07,40862.008,41533.777,27.019102,24.47261,1.0175706,26.996956,7.7307863,-64.43024,189.86224,7.350374,102.04645,157.86049,0.1639892,24.153189,0.036,93,761.1278
9/12/2026 23:37,40764.297,41463.81,26.967709,24.531271,1.0175422,26.951475,7.7324305,-64.51607,168.32352,7.4631186,103.515076,160.14307,0.5348912,24.116732,0.036,93,761.1278
9/13/2026 0:07,40860.215,41612.79,27.07413,24.473684,1.0176406,27.048313,7.712675,-63.376427,186.27167,7.1994176,99.80687,154.42422,0.09029166,24.053131,0.036,93,761.1278
9/13/2026 0:37,40855.156,41622.855,27.081,24.476715,1.0176512,27.054857,7.7068048,-63.037872,215.24905,7.1453094,99.02801,153.2244,0.28887406,24.034336,0.036,93,761.1278
9/13/2026 1:07,40825.785,41603.55,27.066746,24.494324,1.0176444,27.042309,7.6914563,-62.160492,198.97937,6.970784,96.57916,149.43889,0.3042659,24.021221,0.036,93,761.1278
9/13/2026 1:37,40861.82,41642.21,27.094677,24.472723,1.017666,27.067436,7.674645,-61.20205,173.08713,6.81491,94.43066,146.11514,0.16099736,24.01883,0.036,93,761.1278
9/13/2026 2:07,40832.938,41618.844,27.077599,24.490034,1.0176554,27.05225,7.6748395,-61.211586,166.87393,6.696293,92.76571,143.54088,0.08905207,24.011341,0.036,93,761.1278
9/13/2026 2:37,40825.668,41584.477,27.053452,24.494394,1.0176275,27.02991,7.6756396,-61.264038,165.9584,6.6753244,92.51657,143.14667,0.07173188,24.04464,0.036,93,761.1278
9/13/2026 3:07,40757.92,41542.2,27.02214,24.535109,1.0176133,27.00243,7.6775165,-61.364174,177.1593,6.8341656,94.64599,146.45024,0.07844529,24.011568,0.027,93,761.1278
9/13/2026 3:37,40579.426,41438.82,26.945234,24.64303,1.0175831,26.935234,7.671508,-61.001778,173.1062,6.915556,95.56706,147.90161,0.05983534,23.914196,0.036,93,761.1278
9/13/2026 4:07,40647.633,41474.047,26.971642,24.601679,1.0175909,26.95813,7.601633,-57.029724,182.333,5.9307923,82.03228,126.94509,0.029684862,23.956753,0.027,93,761.1278
9/13/2026 4:37,40455.58,41341.14,26.87383,24.71847,1.0175395,26.871742,7.6230783,-58.236122,144.73915,6.4902263,89.596306,138.6701,0.03798746,23.87849,0.036,93,761.1278
9/13/2026 5:07,40597.74,41439.047,26.945904,24.631914,1.017577,26.93538,7.578765,-55.72319,205.6694,5.6543865,78.17058,120.97343,0.035233792,23.93705,0.036,93,761.1278
9/13/2026 5:37,40317.043,41246.58,26.8042,24.803406,1.0175035,26.810276,7.5903707,-56.362152,161.58582,6.3706245,87.81968,135.9347,0.038706325,23.8201,0.027,93,761.1278
9/13/2026 6:07,40441.316,41343.82,26.875301,24.727188,1.0175467,26.873484,7.569818,-55.19867,199.8949,5.6592,78.09533,120.87446,0.030548634,23.857111,0.018,93,761.1278
9/13/2026 6:37,40279.03,41201.81,26.77202,24.826813,1.0174772,26.781176,7.5751905,-55.499077,191.55978,6.3020835,86.86997,134.46286,0.047838073,23.827404,0.027,93,761.1278
9/13/2026 7:07,40263.19,41169.23,26.748934,24.83658,1.017454,26.76,7.5670857,-55.041313,204.31042,6.488986,89.46656,138.47694,0.035713237,23.847769,0.027,93,761.1278
9/13/2026 7:37,40203.965,41085.4,26.689018,24.873169,1.0174006,26.70551,7.5759497,-55.55153,197.01958,6.170265,85.0864,131.69041,0.07045276,23.876772,0.027,93,761.1278
9/13/2026 8:07,40175.758,41050.727,26.664135,24.890633,1.0173796,26.682972,7.5397587,-53.491592,191.19263,6.0702157,83.70548,129.55145,0.036729388,23.884066,0.027,93,761.1278
9/13/2026 8:37,40177.61,41084.273,26.6875,24.889484,1.0174086,26.704779,7.545829,-53.830147,197.57748,5.839869,80.483955,124.57433,0.032428168,23.844587,0.036,93,761.1278
9/13/2026 9:07,40055.504,40957.79,26.596233,24.965359,1.0173391,26.622564,7.5558696,-54.40235,187.26825,6.016208,82.87362,128.27264,0.035380002,23.846615,0.027,93,761.1278
9/13/2026 9:37,40210.613,41106.54,26.703892,24.869057,1.0174168,26.719252,7.5173163,-52.2089,192.38472,5.759454,79.40309,122.898186,0.036318697,23.85889,0.036,93,761.1278
9/13/2026 10:07,40268.51,41123.02,26.716959,24.8333,1.0174116,26.729961,7.5498834,-54.073334,196.09451,6.113473,84.36927,130.57216,0.029009046,23.912077,0.036,93,761.1278
9/13/2026 10:37,40212.41,41088.766,26.691593,24.867945,1.0174006,26.707699,7.581788,-55.885315,177.14023,5.9450674,81.99152,126.89892,0.030467818,23.88333,0.027,93,761.1278
9/13/2026 11:07,40027.695,40920.105,26.569286,24.982702,1.0173155,26.59807,7.602468,-57.058334,195.81795,6.189899,85.27053,131.97984,0.03233416,23.858187,0.027,93,761.1278
9/13/2026 11:37,40274.773,41183.832,26.759405,24.82944,1.0174628,26.769491,7.6408634,-59.24225,162.4012,6.551954,90.33462,139.82141,0.029553372,23.844337,0.027,93,761.1278
9/13/2026 12:07,40178.184,41081.258,26.685429,24.88913,1.0174057,26.702818,7.6278687,-58.50315,199.27025,6.43786,88.73121,137.33842,0.34952614,23.84908,0.036,93,761.1278
9/13/2026 12:37,40345.95,41242.715,26.802326,24.785635,1.0174903,26.807764,7.6293325,-58.58898,177.40726,6.4711704,89.269966,138.16922,0.026299717,23.861588,0.036,93,761.1278
9/13/2026 13:07,40348.16,41244.598,26.803701,24.784277,1.0174912,26.80899,7.6266513,-58.436394,188.303,6.422827,88.604576,137.13924,0.029364562,23.86206,0.027,93,761.1278
9/13/2026 13:37,40317.1,41200.18,26.771946,24.80337,1.0174628,26.780117,7.617304,-57.907104,178.49922,6.4177036,88.54219,137.03877,0.029435728,23.87781,0.036,93,761.1278
9/13/2026 14:07,40263.16,41129.01,26.72097,24.8366,1.0174187,26.733858,7.6089478,-57.435036,164.56604,6.3288946,87.32206,135.14548,0.032545988,23.897797,0.036,93,761.1278
9/13/2026 14:37,40204.93,41043.258,26.659756,24.872572,1.0173632,26.678118,7.628089,-58.53176,145.52116,6.4878488,89.53562,138.5631,0.033943657,23.930605,0.036,93,761.1278
9/13/2026 15:07,40241.324,41096.19,26.697557,24.850077,1.0173973,26.712524,7.585213,-56.085587,165.47203,5.9398427,81.96222,126.84723,0.026742943,23.91091,0.036,93,761.1278
9/13/2026 15:37,40263.6,41102.562,26.702597,24.836329,1.0173953,26.716665,7.637043,-59.041977,161.56197,6.4310894,88.77514,137.38602,0.0373381,23.931343,0.036,93,761.1278
9/13/2026 16:07,40255.56,41112.625,26.709373,24.84129,1.017407,26.723206,7.56153,-54.736137,183.5823,6.1323633,84.62093,130.96248,0.02233517,23.908545,0.036,93,761.1278
9/13/2026 16:37,40284.57,41144.996,26.732687,24.8234,1.0174253,26.744247,7.559365,-54.61216,180.88818,5.5617247,76.75235,118.78549,0.021770101,23.905127,0.036,93,761.1278
9/13/2026 17:07,40245.5,41093.57,26.695839,24.847498,1.0173936,26.710821,7.558649,-54.574013,192.96646,5.616106,77.505936,119.94867,0.022268374,23.919502,0.036,93,761.1278
9/13/2026 17:37,40230.98,40966.07,26.606789,24.856466,1.0172864,26.627947,7.5485725,-54.02565,181.05507,6.112264,84.51965,130.76962,0.025749713,24.060532,0.036,93,761.1278
9/13/2026 18:07,40095.73,40774.914,26.47022,24.940311,1.0171641,26.503695,7.572198,-55.384636,166.98361,5.5872498,77.29075,119.57027,0.026730504,24.12791,0.036,93,761.1278
9/13/2026 18:37,40055.848,40517.895,26.290384,24.965143,1.0169498,26.336632,7.6329765,-58.903694,171.54694,6.804965,94.49376,146.10947,0.034367118,24.402956,0.045,93,761.1278
9/13/2026 19:07,40109.066,40614.137,26.358728,24.932018,1.0170169,26.399189,7.6411047,-59.35669,167.57011,6.747446,93.642914,144.8084,0.5383573,24.34891,0.045,93,761.1278
9/13/2026 19:37,39962.793,40452.527,26.242533,25.023275,1.0169243,26.294144,7.661606,-60.52971,176.45836,7.0998764,98.498535,152.3122,0.15991724,24.366156,0.036,93,761.1278
9/13/2026 20:07,39866,40325.145,26.15146,25.084032,1.016845,26.211346,7.631051,-58.79402,186.01418,6.461567,89.655594,138.6283,0.26177981,24.403872,0.045,93,761.1278
9/13/2026 20:37,39981,40400.75,26.206972,25.01188,1.0168718,26.260489,7.669224,-60.982704,151.00003,6.6191845,91.95563,142.1709,0.14753139,24.45604,0.045,93,761.1278
9/13/2026 21:07,40224.926,40900.652,26.561121,24.860207,1.0172306,26.585424,7.5746,-55.52292,174.78467,5.5128074,76.31027,118.051895,0.03838721,24.13502,0.036,93,761.1278
9/13/2026 21:37,40104.445,40746.414,26.450634,24.93489,1.017136,26.485168,7.6367784,-59.075356,188.34592,6.7139926,92.94411,143.77383,0.30344465,24.175121,0.036,93,761.1278
9/13/2026 22:07,40099.96,40746.973,26.450901,24.93768,1.0171379,26.485533,7.6297755,-58.674812,203.6047,6.653126,92.0912,142.45619,0.22740397,24.168652,0.036,93,761.1278
9/13/2026 22:37,40136.875,40870.234,26.537611,24.914745,1.0172342,26.565653,7.6512346,-59.876442,183.35818,6.6861596,92.41884,142.99132,0.06566791,24.060543,0.036,93,761.1278
9/13/2026 23:07,40112.33,40860.06,26.529865,24.92999,1.0172336,26.559038,7.6580777,-60.26268,178.7901,6.5554132,90.57777,140.14755,0.3609164,24.041899,0.036,93,761.1278
9/13/2026 23:37,40157.28,40903.465,26.561258,24.902084,1.0172565,26.587254,7.6420856,-59.35192,178.70903,6.610857,91.3652,141.36513,0.1054407,24.044893,0.036,93,761.1278
9/14/2026 0:07,40204.46,40959.855,26.60175,24.872862,1.0172899,26.623905,7.6355953,-58.97999,190.4726,6.5405264,90.39756,139.87064,0.18376793,24.034437,0.036,93,761.1278
9/14/2026 0:37,40289.543,41085.12,26.691175,24.820335,1.017371,26.70533,7.652585,-59.93843,180.95493,6.664562,92.081024,142.48792,0.038280405,23.986172,0.036,93,761.1278
9/14/2026 1:07,40287.305,41086.125,26.691813,24.821714,1.0173728,26.705982,7.6454024,-59.52835,195.7798,6.6677904,92.11928,142.54817,0.14496636,23.982063,0.036,93,761.1278
9/14/2026 1:37,40327.035,41138.11,26.729055,24.79726,1.0174049,26.73977,7.615741,-57.83558,169.33917,6.1624503,85.13437,131.74295,0.06687888,23.967758,0.036,93,761.1278
9/14/2026 2:07,40353.727,41158.453,26.74394,24.780859,1.0174137,26.752995,7.618473,-57.992935,193.23349,6.1797414,85.39345,132.1418,0.035287492,23.976337,0.027,93,761.1278
9/14/2026 2:37,40388.664,41194.66,26.770084,24.759422,1.0174335,26.77653,7.5943723,-56.619644,173.35892,6.0884833,84.14402,130.20856,0.044119414,23.975624,0.036,93,761.1278
9/14/2026 3:07,40382.57,41182.63,26.761545,24.763159,1.0174252,26.76871,7.61117,-57.578087,191.93173,6.0734553,83.94287,129.89558,0.036729604,23.982878,0.036,93,761.1278
9/14/2026 3:37,40345.844,41151.594,26.738947,24.7857,1.0174104,26.748537,7.60651,-57.311058,147.52866,5.975503,82.566765,127.76802,0.26786685,23.974869,0.036,93,761.1278
9/14/2026 4:07,40347.53,41161.973,26.746216,24.784664,1.017419,26.755283,7.563276,-54.84581,182.59048,5.847477,80.78576,125.01445,0.03864663,23.96407,0.036,93,761.1278
9/14/2026 4:37,40191.027,41004.957,26.63275,24.881176,1.0173343,26.653221,7.565212,-54.955482,162.01973,5.7549815,79.451416,122.95031,0.035892937,23.960756,0.036,93,761.1278
9/14/2026 5:07,39835.234,40698.984,26.410421,25.103405,1.017187,26.454342,7.5120335,-51.91326,189.77643,5.7424903,79.07773,122.38797,0.033637848,23.888855,0.036,93,761.1278
9/14/2026 5:37,40224.21,41049.938,26.664925,24.86065,1.0173625,26.68246,7.4989653,-51.178932,170.81738,5.168087,71.344765,110.40814,0.034983248,23.94685,0.036,93,761.1278
9/14/2026 6:07,40151.87,40982.73,26.616224,24.90544,1.0173281,26.638775,7.5248547,-52.65236,192.03662,5.3257756,73.49036,113.7302,0.034716602,23.938562,0.027,93,761.1278
9/14/2026 6:37,39583.45,40571.746,26.315159,25.263084,1.0171616,26.371635,7.524432,-52.59037,191.0162,5.6886888,78.06747,120.8601,0.031833097,23.724646,0.027,93,761.1278
9/14/2026 7:07,39545.23,40510.938,26.271933,25.2875,1.0171214,26.332111,7.512621,-51.9228,208.48752,5.3645344,73.63608,113.99409,0.025389893,23.751925,0.036,93,761.1278
9/14/2026 7:37,39109.453,40120.664,25.989412,25.569265,1.0169284,26.078432,7.535879,-53.2341,193.57681,5.501934,75.304375,116.59165,0.038644847,23.680407,0.027,93,761.1278
9/14/2026 8:07,38769.254,39790.28,25.751385,25.793636,1.0167557,25.863684,7.51769,-52.194595,186.20013,5.6982203,77.85131,120.54015,0.029633805,23.656532,0.027,93,761.1278
9/14/2026 8:37,38786.246,39786.332,25.749125,25.782335,1.0167463,25.861116,7.534779,-53.17211,194.39221,5.668184,77.47755,119.955574,0.033208836,23.683958,0.027,93,761.1278
9/14/2026 9:07,39103.574,40086.19,25.965393,25.57311,1.0169002,26.056025,7.4811497,-50.125122,183.78258,5.377476,73.63785,114.00404,0.026544034,23.71662,0.027,93,761.1278
9/14/2026 9:37,39093.387,40106.418,25.97911,25.579775,1.0169214,26.069172,7.48579,-50.382614,187.9263,5.0242705,68.759026,106.45823,0.02938083,23.677563,0.018,93,761.1278
9/14/2026 10:07,39399.645,40345,26.15286,25.38094,1.0170255,26.22425,7.4247017,-46.920776,195.27911,4.6704135,64.08849,99.20993,0.029112492,23.773205,0.027,93,761.1278
9/14/2026 10:37,39921.453,40794.47,26.47909,25.049189,1.0172416,26.516405,7.5316525,-53.02906,183.94946,5.5658054,76.66222,118.65149,0.030091459,23.879562,0.027,93,761.1278
9/14/2026 11:07,39948.004,40853.664,26.520935,25.03254,1.0172844,26.554882,7.610486,-57.51133,159.90735,6.349531,87.41617,135.30539,0.03258711,23.839352,0.027,93,761.1278
9/14/2026 11:37,40123.973,40984.254,26.61651,24.922756,1.017339,26.639765,7.618899,-58.002472,144.61041,6.495813,89.57659,138.63393,0.22912231,23.90102,0.027,93,761.1278
9/14/2026 12:07,40139.344,40973.23,26.609274,24.913212,1.0173241,26.6326,7.608656,-57.4255,148.05794,6.2323904,85.99105,133.07669,0.026857188,23.934452,0.036,93,761.1278
9/14/2026 12:37,40346.9,41181.055,26.75947,24.785053,1.0174359,26.767685,7.639944,-59.20887,152.32086,6.6246243,91.48982,141.5851,0.029577726,23.939486,0.036,93,761.1278
9/14/2026 13:07,40315.203,41138.617,26.72909,24.804539,1.0174094,26.7401,7.6473494,-59.633255,156.4455,6.4680567,89.33175,138.24222,0.039078515,23.952065,0.036,93,761.1278
9/14/2026 13:37,40377.6,41190.703,26.76703,24.766207,1.0174339,26.773956,7.6335726,-58.851242,146.52252,6.432186,88.87817,137.53668,0.035930444,23.966496,0.036,93,761.1278
9/14/2026 14:07,40421.793,41233.51,26.798023,24.73913,1.0174565,26.801783,7.645029,-59.50451,148.74936,6.544033,90.44419,139.95935,0.02912381,23.969322,0.036,93,761.1278
9/14/2026 14:37,40390.46,41161.77,26.747252,24.758322,1.017404,26.75515,7.665189,-60.663223,151.70097,6.8067074,94.129425,145.64899,0.032723874,24.018927,0.036,93,761.1278
9/14/2026 15:07,40381.8,41148.68,26.73791,24.76363,1.0173955,26.746641,7.6634126,-60.563087,155.15805,6.7545533,93.41183,144.53722,0.028177958,24.02425,0.036,93,761.1278
9/14/2026 15:37,40292.836,40963.652,26.606768,24.818308,1.0172628,26.626375,7.7304916,-64.41116,152.48776,7.432042,102.91762,159.21123,0.03920265,24.142624,0.027,93,761.1278
9/14/2026 16:07,40366.83,41054.07,26.671667,24.772816,1.0173172,26.685146,7.7129974,-63.409805,158.4816,7.250376,100.40575,155.33086,0.036292292,24.123566,0.036,93,761.1278
9/14/2026 16:37,40301.777,40931.125,26.584368,24.812801,1.017231,26.605232,7.7507825,-65.579414,167.02652,7.486126,103.74868,160.48143,0.035046563,24.194988,0.036,93,761.1278
9/14/2026 17:07,40276.07,40941.875,26.591164,24.828638,1.0172493,26.61222,7.6673174,-60.811043,180.63545,6.7045116,92.84427,143.6264,0.028945783,24.148579,0.036,93,761.1278
9/14/2026 17:37,40218.773,40808.97,26.49717,24.86401,1.0171517,26.52583,7.719408,-63.80081,162.20093,7.375141,102.24505,158.14166,0.038226284,24.242805,0.036,93,761.1278
9/14/2026 18:07,40183.266,40789.805,26.482897,24.88598,1.017147,26.513374,7.684868,-61.826706,169.71112,6.9383063,96.145386,148.71318,0.099398755,24.221474,0.036,93,761.1278
9/14/2026 18:37,40053.043,40698.953,26.416273,24.966892,1.0171117,26.454319,7.7640977,-66.33282,170.94612,7.608359,105.29332,162.87846,0.3954203,24.169086,0.036,93,761.1278
9/14/2026 19:07,39871.61,40602.69,26.34453,25.080503,1.0170896,26.391748,7.783863,-67.43431,169.44885,7.8186126,107.94615,167.01631,0.41999838,24.057293,0.036,93,761.1278
9/14/2026 19:37,39746.457,40544.926,26.301048,25.159475,1.0170819,26.354202,7.7390194,-64.85939,157.80927,7.2725544,100.22625,155.09686,0.47744662,23.968931,0.036,93,761.1278
9/14/2026 20:07,39703.375,40538.04,26.295097,25.186775,1.0170907,26.349726,7.7564435,-65.841675,187.13951,7.0737743,97.402756,150.74045,0.6200047,23.922009,0.036,93,761.1278
9/14/2026 20:37,39457.535,40425.13,26.210012,25.343702,1.0170761,26.276333,7.7722855,-66.70475,183.93994,7.630706,104.69593,162.07852,0.649352,23.746834,0.036,93,761.1278
9/14/2026 21:07,39125.76,40221.355,26.05956,25.558607,1.0170114,26.143883,7.7572126,-65.8083,185.43243,7.7741065,106.245636,164.52838,0.857697,23.573868,0.027,93,761.1278
9/14/2026 21:37,39454.336,40460.332,26.23431,25.345757,1.0171082,26.299215,7.718361,-63.624382,170.28809,6.9233503,94.92251,146.96118,0.7255196,23.698235,0.027,93,761.1278
9/14/2026 22:07,39541.64,40523.613,26.280626,25.289795,1.0171338,26.34035,7.6250935,-58.321953,186.13339,6.7348433,92.41659,143.073,0.41480038,23.7313,0.027,93,761.1278
9/14/2026 22:37,39352.363,40494.24,26.254902,25.411434,1.0171728,26.321255,7.69513,-62.265396,192.42287,6.691398,91.47002,141.66,0.48533493,23.52364,0.027,93,761.1278
9/14/2026 23:07,39476.875,40565.598,26.307888,25.331285,1.0171927,26.367638,7.653805,-59.928894,193.43376,6.4611845,88.46147,136.98334,0.30169296,23.594837,0.027,93,761.1278
9/14/2026 23:37,39776.95,40906.375,26.552664,25.140188,1.0173887,26.589144,7.6495066,-59.67617,183.62521,6.45176,88.39381,136.8884,0.5418949,23.554451,0.036,93,761.1278
9/15/2026 0:07,39772.29,40932.49,26.570633,25.143135,1.017413,26.60612,7.6235733,-58.193207,198.83156,5.9660244,81.69159,126.517815,0.41233703,23.51601,0.036,93,761.1278
9/15/2026 0:37,39920.574,41103.754,26.693699,25.04974,1.0175124,26.717442,7.6985126,-62.451363,192.38472,6.7945275,93.064125,144.13663,0.56589097,23.49292,0.027,93,761.1278
9/15/2026 1:07,39989.137,41213.242,26.771643,25.006792,1.0175846,26.788607,7.6952524,-62.25586,202.67963,6.9519134,95.18144,147.4284,0.42761406,23.444933,0.027,93,761.1278
9/15/2026 1:37,39930.418,41237.08,26.786428,25.043564,1.017625,26.8041,7.6750035,-61.08284,171.06056,6.813,93.11574,144.25519,0.29463106,23.341019,0.027,93,761.1278
9/15/2026 2:07,39848.676,41215.438,26.768978,25.094936,1.0176333,26.790035,7.662196,-60.338974,148.04364,6.626735,90.43673,140.1238,0.03900487,23.2638,0.027,93,761.1278
9/15/2026 2:37,39740.754,41145.117,26.717014,25.163086,1.0176083,26.744326,7.637961,-58.951378,145.23984,6.515958,88.81805,137.62799,0.07870464,23.212988,0.027,93,761.1278
9/15/2026 3:07,39794.875,41206.242,26.760979,25.128864,1.0176431,26.784058,7.643185,-59.247017,147.6574,6.4385395,87.77517,136.0135,0.035760902,23.206738,0.027,93,761.1278
9/15/2026 3:37,39870.49,41274.875,26.810814,25.081207,1.0176775,26.828669,7.642808,-59.227943,146.68942,6.4563155,88.06127,136.45401,0.03748304,23.218573,0.027,93,761.1278
9/15/2026 4:07,39835.24,41243.9,26.788284,25.103401,1.0176624,26.808535,7.6521454,-59.757233,152.77863,6.555714,89.394905,138.52216,0.031902045,23.211815,0.027,93,761.1278
9/15/2026 4:37,39859.88,41298.316,26.826723,25.087883,1.0177011,26.843906,7.586227,-56.004524,170.47406,5.7090235,77.81738,120.58959,0.024485027,23.176418,0.027,93,761.1278
9/15/2026 5:07,39370.22,40990.812,26.598854,25.39991,1.0175973,26.644028,7.57806,-55.49431,186.00464,6.1552954,83.422806,129.33107,0.03483264,22.930079,0.018,93,761.1278
9/15/2026 5:37,39270.617,40983.633,26.590748,25.46433,1.0176238,26.63936,7.619286,-57.811737,185.13202,6.2223186,84.14882,130.48302,0.10679145,22.811646,0.018,93,761.1278
9/15/2026 6:07,38727.285,40616.832,26.320341,25.821589,1.0174873,26.40094,7.601974,-56.78177,175.52376,6.1168985,82.2282,127.55827,0.03530082,22.56433,0.018,93,761.1278
9/15/2026 6:37,38344.25,40342.727,26.119188,26.079529,1.017378,26.222773,7.6023407,-56.772232,170.58372,6.0663767,81.2227,126.031784,0.037402928,22.406414,0.018,93,761.1278
9/15/2026 7:07,38399.348,40376.508,26.14423,26.042109,1.0173888,26.24473,7.5692616,-54.90303,165.87735,6.017641,80.62526,125.09853,0.03431796,22.436228,0.018,93,761.1278
9/15/2026 7:37,37904.094,40025.188,25.886475,26.382374,1.0172509,26.016373,7.586285,-55.828094,163.38348,5.88763,78.46629,121.79131,0.057961654,22.225443,0.018,93,761.1278
9/15/2026 8:07,37690.383,39949.08,25.827023,26.531967,1.0172557,25.966902,7.5644965,-54.559708,190.54413,6.033869,80.11765,124.392365,0.033956308,22.039824,0.018,93,761.1278
9/15/2026 8:37,37551.18,39794.484,25.716389,26.630322,1.0171697,25.866415,7.5525904,-53.887367,160.86102,6.545312,86.86649,134.86884,0.037343264,22.048574,0.009,93,761.1278
9/15/2026 9:07,37516.312,39728.43,25.66999,26.655071,1.0171249,25.82348,7.597705,-56.447983,176.57758,6.7359285,89.43081,138.84198,0.1281463,22.084764,0.009,93,761.1278
9/15/2026 9:37,37841.56,39907.49,25.803665,26.425972,1.0171709,25.939869,7.640361,-58.903694,174.75128,6.6354485,88.4928,137.33934,0.09006216,22.289637,0.018,93,761.1278
9/15/2026 10:07,38019.83,39957.46,25.843857,26.302065,1.017155,25.972351,7.608969,-57.15847,174.09325,6.5953155,88.250786,136.92464,0.21742648,22.461132,0.018,93,761.1278
9/15/2026 10:37,38205,40017.754,25.891287,26.174585,1.0171455,26.01154,7.72005,-63.490868,174.42703,7.287561,97.83432,151.75124,0.50160295,22.628336,0.018,93,761.1278
9/15/2026 11:07,38306.95,40101.434,25.952099,26.104923,1.0171835,26.065933,7.7194366,-63.462257,198.38333,7.4703317,100.37534,155.68506,0.19665554,22.65714,0.018,93,761.1278
9/15/2026 11:37,39145.312,40949.254,26.563004,25.545843,1.0176353,26.617016,7.621542,-57.91664,192.2226,6.6852107,90.20322,139.89919,0.28223446,22.693552,0.018,93,761.1278
9/15/2026 12:07,39307.94,41059.945,26.644623,25.440151,1.0176771,26.688965,7.687848,-61.69319,188.46036,6.8833284,93.041115,144.28285,0.082703345,22.765999,0.018,93,761.1278
9/15/2026 12:37,39309.227,41056.387,26.64221,25.43932,1.0176736,26.686651,7.6826158,-61.397552,197.53934,6.933867,93.73305,145.35435,0.039167203,22.77198,0.027,93,761.1278
9/15/2026 13:07,39391.97,41076.754,26.658907,25.385885,1.0176641,26.69989,7.7227306,-63.69114,163.14507,7.4064164,100.275185,155.47803,0.36223882,22.852587,0.018,93,761.1278
9/15/2026 13:37,39780.406,41225.74,26.774035,25.138004,1.0176648,26.79673,7.740432,-64.76402,156.32153,7.511615,102.33493,158.58646,0.037950896,23.164452,0.018,93,761.1278
9/15/2026 14:07,39900.848,41318.832,26.842182,25.062124,1.0177054,26.85724,7.743807,-64.964294,165.33852,7.597347,103.61505,160.55942,0.03621147,23.203238,0.018,93,761.1278
9/15/2026 14:37,39957.254,41331.33,26.852552,25.026745,1.0176976,26.865362,7.7370462,-64.59236,184.07822,7.5116935,102.55546,158.90193,0.0359782,23.259407,0.027,93,761.1278
9/15/2026 15:07,39865.67,41262.836,26.80233,25.084238,1.0176687,26.820843,7.73524,-64.48269,179.26694,7.563736,103.17697,159.87389,0.035224766,23.227217,0.027,93,761.1278
9/15/2026 15:37,39871.598,41183.297,26.747395,25.08051,1.0175978,26.769144,7.7749295,-66.76197,164.50406,8.043363,109.89018,170.24474,0.088977985,23.332445,0.027,93,761.1278
9/15/2026 16:07,39994.812,41319.574,26.845537,25.003242,1.017675,26.857723,7.770444,-66.50448,155.94482,7.7150345,105.443214,163.35858,0.038400825,23.321394,0.027,93,761.1278
9/15/2026 16:37,39950.723,41299.6,26.830364,25.030836,1.0176724,26.844742,7.724346,-63.877106,160.77518,7.363532,100.57449,155.82423,0.034134157,23.29001,0.027,93,761.1278
9/15/2026 17:07,39887.875,41261.105,26.801796,25.070274,1.0176598,26.819717,7.7049217,-62.766075,177.09732,6.87571,93.84185,145.40132,0.033553872,23.257513,0.027,93,761.1278
9/15/2026 17:37,39939.473,41290.676,26.823843,25.037888,1.0176684,26.83894,7.668909,-60.725212,175.39978,6.828997,93.26455,144.49947,0.054907974,23.286695,0.018,93,761.1278
9/15/2026 18:07,39817.21,41135.49,26.71264,25.114767,1.0175744,26.738068,7.7201147,-63.643456,199.47052,7.3011556,99.71169,154.47876,0.39006358,23.322136,0.027,93,761.1278
9/15/2026 18:37,39812.438,41001.637,26.619738,25.117779,1.0174599,26.651064,7.7834773,-67.28172,177.26898,8.1067,110.9669,171.86775,0.28441238,23.481483,0.027,93,761.1278
9/15/2026 19:07,39717.426,40864.75,26.522093,25.177866,1.0173726,26.562088,7.8422084,-70.63389,192.64221,8.571706,117.367,181.76471,0.039247356,23.530043,0.018,93,761.1278
9/15/2026 19:37,39597.594,40762.375,26.447681,25.254059,1.0173236,26.495544,7.893703,-73.5569,171.19885,9.241727,126.42851,195.80719,0.3519955,23.503931,0.027,93,761.1278
9/15/2026 20:07,39394.348,40599.246,26.328808,25.384352,1.0172502,26.389511,7.9136577,-74.67747,186.04755,9.610555,131.24979,203.29494,0.84121615,23.446186,0.018,93,761.1278
9/15/2026 20:37,39407.453,40612.715,26.338516,25.37591,1.0172575,26.398266,7.879869,-72.75581,184.1116,8.992417,122.81508,190.23024,0.851407,23.446234,0.027,93,761.1278
9/15/2026 21:07,39046.555,40386.227,26.171251,25.610455,1.0171824,26.251049,7.8641315,-71.816444,188.41266,8.877343,120.733284,187.06584,0.9770288,23.263273,0.027,93,761.1278
9/15/2026 21:37,38901.477,40324.996,26.12462,25.705965,1.017178,26.211246,7.8847494,-72.96085,187.64972,8.920021,121.04038,187.57808,0.9597367,23.151768,0.027,93,761.1278
9/15/2026 22:07,39006.125,40392.992,26.17472,25.637,1.0172018,26.255445,7.840308,-70.44792,193.56728,8.704573,118.25776,183.24968,0.875699,23.20239,0.027,93,761.1278
9/15/2026 22:37,39092.363,40517.92,26.263617,25.580444,1.0172813,26.336649,7.7765446,-66.81442,169.46317,7.7172313,104.81458,162.431,0.3657823,23.157934,0.027,93,761.1278
9/15/2026 23:07,38888.637,40376.895,26.16005,25.714453,1.0172274,26.244982,7.7480984,-65.17887,196.82407,7.790413,105.580025,163.64209,0.54634905,23.070202,0.027,93,761.1278
9/15/2026 23:37,39479.754,40812.23,26.478735,25.32944,1.0174067,26.52795,7.7504325,-65.36007,180.59253,7.745866,105.58332,163.58443,0.6909955,23.290632,0.018,93,761.1278
9/16/2026 0:07,39433.145,40888.49,26.530077,25.359377,1.0174884,26.577517,7.7788115,-66.9384,179.35753,7.641212,103.90216,161.02301,0.611113,23.136494,0.027,92,761.1278
9/16/2026 0:37,39516.777,41069.785,26.658012,25.305708,1.0176171,26.69536,7.766344,-66.20407,185.7233,7.553889,102.57799,159.00282,0.27746758,23.020218,0.018,92,761.1278
9/16/2026 1:07,39419.29,40969.562,26.585703,25.368292,1.017563,26.630217,7.762403,-65.97996,192.10815,7.6848474,104.310234,161.68832,0.3354302,23.018867,0.018,92,761.1278
9/16/2026 1:37,39554.824,41154.26,26.717606,25.281366,1.0176774,26.75027,7.7508564,-65.312386,174.7656,7.6525755,103.851875,160.99269,0.31849623,22.965212,0.027,92,761.1278
9/16/2026 2:07,39494.266,41089.906,26.671217,25.320131,1.0176419,26.708439,7.7405205,-64.725876,185.47534,7.6564593,103.87986,161.03561,0.1543009,22.966864,0.018,92,761.1278
9/16/2026 2:37,39598.49,41247.844,26.783672,25.253489,1.0177435,26.811098,7.7141266,-63.214302,194.73076,7.207097,97.74121,151.53514,0.11064143,22.906466,0.018,92,761.1278
9/16/2026 3:07,39572.45,41227.1,26.76851,25.270107,1.017734,26.797617,7.714996,-63.261986,203.45688,7.2157297,97.83595,151.68402,0.03942387,22.898687,0.018,92,761.1278
9/16/2026 3:37,39623.37,41281.85,26.80797,25.23763,1.0177646,26.833204,7.6693087,-60.66799,185.68039,7.0164347,95.15204,147.52344,0.08327325,22.89662,0.027,92,761.1278
9/16/2026 4:07,39666.855,41314.812,26.832132,25.209965,1.0177786,26.854628,7.6716905,-60.806274,199.84245,6.9360533,94.100204,145.88892,0.033729717,22.911633,0.018,92,761.1278
9/16/2026 4:37,39663.203,41311.344,26.829617,25.212286,1.0177768,26.852375,7.669088,-60.658455,177.95087,6.754575,91.636314,142.0691,0.03582306,22.911224,0.018,92,761.1278
9/16/2026 5:07,39630.125,41297.73,26.819162,25.23333,1.0177759,26.843525,7.629447,-58.403015,185.45627,6.433923,87.241325,135.26118,0.034735776,22.885859,0.018,92,761.1278
9/16/2026 5:37,39460.977,41174.496,26.728617,25.341492,1.0177253,26.763424,7.628832,-58.35533,186.04755,6.6313224,89.76688,139.19226,0.032996524,22.821152,0.018,92,761.1278
9/16/2026 6:07,39192.375,40995.566,26.59647,25.515167,1.0176595,26.647118,7.624808,-58.102608,193.09998,6.6520023,89.77845,139.23955,0.031542987,22.697117,0.018,92,761.1278
9/16/2026 6:37,38711.562,40686.63,26.367863,25.832075,1.0175519,26.44631,7.660041,-60.05287,179.90588,6.85708,92.02824,142.78613,0.03875273,22.458464,0.018,92,761.1278
9/16/2026 7:07,38333.605,40449.15,26.191936,26.086771,1.017472,26.291946,7.6795187,-61.11622,184.70288,6.9454355,92.7891,144.01378,0.03429929,22.261711,0.009,92,761.1278
9/16/2026 7:37,38213.816,40368.66,26.13261,26.168545,1.0174423,26.23963,7.671642,-60.658455,172.20975,7.0778527,94.42929,146.57309,0.0324339,22.20528,0.009,92,761.1278
9/16/2026 8:07,38207.766,40352.504,26.121317,26.17269,1.0174308,26.229128,7.6532445,-59.61895,193.47668,6.702596,89.43643,138.82043,0.03211022,22.217276,0.018,92,761.1278
9/16/2026 8:37,37971.633,40122.082,25.955206,26.33545,1.0173113,26.079353,7.6471815,-59.27086,174.83234,6.8166323,90.83179,140.99171,0.034925614,22.19384,0.018,92,761.1278
9/16/2026 9:07,38139.953,40260.92,26.056156,26.219225,1.0173748,26.1696,7.6489477,-59.38053,191.28323,6.723822,89.7254,139.26334,0.024644459,22.241852,0.018,92,761.1278
9/16/2026 9:37,38055.152,40163.71,25.986586,26.27765,1.0173196,26.106413,7.689742,-61.69319,179.08096,6.829478,91.114174,141.41664,0.030782992,22.251354,0.009,92,761.1278
9/16/2026 10:07,38103.63,40193.848,26.0089,26.244219,1.0173295,26.126001,7.6849327,-61.426163,187.16812,7.0545716,94.17359,146.1588,0.033783577,22.277306,0.009,92,761.1278
9/16/2026 10:37,38458.94,40484.29,26.220295,26.001757,1.0174614,26.314789,7.621613,-57.85942,165.48157,6.1969857,82.981834,128.76694,0.027849546,22.380735,0.018,92,761.1278
9/16/2026 11:07,39023.043,40814.246,26.465952,25.625885,1.0175596,26.52926,7.6189904,-57.77359,196.55704,6.5054755,87.742584,136.08089,0.032936685,22.702265,0.018,92,761.1278
9/16/2026 11:37,38609.637,40519.668,26.249619,25.90027,1.0174426,26.337784,7.6259685,-58.135986,191.53595,6.545867,87.90752,136.37587,0.027249804,22.53202,0.018,92,761.1278
9/16/2026 12:07,38884.57,40697.49,26.381012,25.717142,1.0175048,26.45337,7.644244,-59.199333,197.38197,6.589623,88.77884,137.69609,0.024337927,22.66774,0.018,92,761.1278
9/16/2026 12:37,39061.176,40867,26.503555,25.600868,1.0175923,26.56355,7.678642,-61.154366,181.07414,6.1274843,82.63907,128.16924,0.026605556,22.6865,0.018,92,761.1278
9/16/2026 13:07,39216.684,40995.63,26.597298,25.499352,1.0176517,26.64716,7.6846256,-61.502457,189.74304,6.6869726,90.30095,140.04256,0.021817103,22.72809,0.018,92,761.1278
9/16/2026 13:37,39273.28,41020.324,26.616158,25.462605,1.0176544,26.66321,7.7095976,-62.9282,183.41064,7.4281487,100.396286,155.68768,0.0232185,22.770176,0.018,92,761.1278
9/16/2026 14:07,39380.652,41057.59,26.645313,25.39318,1.0176514,26.687433,7.740422,-64.697266,168.6716,7.6643386,103.77582,160.90338,0.027744677,22.861595,0.018,92,761.1278
9/16/2026 14:37,39725.457,41190.94,26.748272,25.172775,1.0176529,26.774113,7.7561474,-65.65094,173.7547,7.760456,105.658195,163.7442,0.028030844,23.137287,0.027,92,761.1278
9/16/2026 15:07,38811.535,40197.207,26.033705,25.765535,1.0170974,26.128185,7.775893,-66.78581,150.15125,7.9436955,107.81902,167.07613,0.025854306,23.19519,0.027,92,761.1278
9/16/2026 15:37,39816.023,41214.08,26.767052,25.115517,1.0176429,26.789152,7.774352,-66.70475,156.6124,7.913533,107.92052,167.22499,0.027425505,23.223991,0.027,92,761.1278
9/16/2026 16:07,39016.246,40378.42,26.164957,25.630348,1.0171857,26.245974,7.7410884,-64.816475,151.09062,7.5699177,102.89436,159.43419,0.024587533,23.233757,0.027,92,761.1278
9/16/2026 16:37,39782.87,41194.62,26.752571,25.136446,1.0176371,26.776503,7.741448,-64.83078,169.90662,7.5854487,103.40406,160.23178,0.03251954,23.205746,0.027,92,761.1278
9/16/2026 17:07,39664.332,41161.855,26.72626,25.211569,1.017648,26.755207,7.7397747,-64.71157,159.07288,7.531283,102.448364,158.78133,0.02856474,23.095217,0.027,92,761.1278
9/16/2026 17:37,39697.457,41193.35,26.749075,25.19053,1.0176642,26.775679,7.7055974,-62.770844,162.4012,7.422689,100.990616,156.52106,0.030941367,23.098742,0.027,92,761.1278
9/16/2026 18:07,39514.414,41001.227,26.610527,25.30722,1.0175588,26.650799,7.7123027,-63.152313,177.34052,7.231611,98.31702,152.37663,0.037445746,23.101433,0.027,92,761.1278
9/16/2026 18:37,39592.316,41022.605,26.6277,25.257425,1.0175515,26.664694,7.7389665,-64.68296,156.01636,7.5099707,102.24467,158.44382,0.026418926,23.174562,0.027,92,761.1278
9/16/2026 19:07,39413.89,40834.73,26.492313,25.371765,1.0174482,26.542576,7.752547,-65.45544,174.4032,7.594654,103.323494,160.11456,0.029938508,23.178276,0.018,92,761.1278
9/16/2026 19:37,39431.277,40816.977,26.480562,25.360579,1.0174271,26.531034,7.756318,-65.67955,151.47687,7.776576,105.874855,164.05563,0.035703376,23.222563,0.027,92,761.1278
9/16/2026 20:07,38695.723,40152.297,25.999231,25.84265,1.0170976,26.098993,7.7332063,-64.33964,186.6293,8.096811,109.69041,170.00392,0.03475947,23.10072,0.027,92,761.1278
9/16/2026 20:37,39286.426,40683.594,26.383955,25.454084,1.0173599,26.444338,7.7215753,-63.700676,177.94609,7.3674536,100.212166,155.28673,0.027934078,23.201973,0.018,92,761.1278
9/16/2026 21:07,39176.227,40589.777,26.315796,25.525684,1.0173154,26.383354,7.713111,-63.214302,182.96242,7.345214,99.82533,154.6941,0.029410228,23.176683,0.027,92,761.1278
9/16/2026 21:37,38975.23,40436.734,26.203997,25.657322,1.0172503,26.283878,7.7584453,-65.77492,165.76767,7.7901106,105.673416,163.7762,0.034481075,23.107695,0.018,92,761.1278
9/16/2026 22:07,38931.25,40404.2,26.1802,25.686306,1.0172367,26.26273,7.7256036,-63.905716,174.9897,7.484023,101.47777,157.2781,0.07378593,23.091341,0.018,92,761.1278
9/16/2026 22:37,39024.938,40485.895,26.239449,25.624641,1.017276,26.315832,7.710337,-63.04264,181.43176,7.454977,101.15338,156.77008,0.030735215,23.110704,0.018,92,761.1278
9/16/2026 23:07,38897.062,40392.812,26.171295,25.708881,1.0172384,26.25533,7.7264733,-63.94863,185.32275,7.5091314,101.75836,157.72118,0.03287509,23.061253,0.027,92,761.1278
9/16/2026 23:37,39040.508,40521.04,26.264189,25.614422,1.0173013,26.338675,7.6962395,-62.236786,182.5285,6.925945,93.94897,145.61046,0.027675157,23.08705,0.018,92,761.1278
9/17/2026 0:07,39084.746,40564.453,26.295527,25.585428,1.0173242,26.366896,7.705881,-62.78515,183.93039,7.2455993,98.308304,152.36613,0.029881591,23.09016,0.018,92,761.1278
9/17/2026 0:37,39280.92,40738.26,26.421581,25.457651,1.0174091,26.47987,7.6672187,-60.596466,181.75125,6.793535,92.30261,143.04886,0.0249013,23.127052,0.018,92,761.1278
9/17/2026 1:07,39443.645,40905.543,26.542194,25.352627,1.0174997,26.588602,7.7007008,-62.499046,193.77708,7.209481,98.02528,151.9173,0.030023985,23.128878,0.018,92,761.1278
9/17/2026 1:37,39521.676,41070.848,26.658901,25.30257,1.0176165,26.696053,7.664479,-60.420036,175.7145,6.893671,93.6213,145.11813,0.03157243,23.025158,0.027,92,761.1278
9/17/2026 2:07,39498.008,41049.93,26.643705,25.317732,1.0176063,26.682455,7.6989202,-62.37507,193.6531,7.198459,97.74414,151.50992,0.028803581,23.020641,0.036,92,761.1278
9/17/2026 2:37,39553.42,41110.395,26.687231,25.282263,1.0176401,26.721758,7.6995206,-62.408447,196.22803,7.2144156,97.979164,151.87514,0.030787468,23.017122,0.018,92,761.1278
9/17/2026 3:07,39561.523,41147.51,26.713146,25.277084,1.0176694,26.745882,7.690498,-61.888695,201.85947,6.782805,92.0736,142.72972,0.03546245,22.981989,0.018,92,761.1278
9/17/2026 3:37,39597.31,41188.62,26.742691,25.254242,1.017693,26.772604,7.681362,-61.368942,188.1647,6.9896965,94.89029,147.09723,0.028918087,22.977236,0.018,92,761.1278
9/17/2026 4:07,39606.004,41213.426,26.76012,25.248697,1.0177115,26.788729,7.6517034,-59.68094,193.52913,6.709407,91.06293,141.16882,0.0269332,22.95799,0.018,92,761.1278
9/17/2026 4:37,39607.797,41215.504,26.761614,25.247555,1.0177126,26.790077,7.6198754,-57.873726,163.07355,6.6404037,90.126816,139.71768,0.024443587,22.957731,0.018,92,761.1278
9/17/2026 5:07,39620.05,41228.582,26.771032,25.239746,1.0177199,26.79858,7.6291146,-58.398247,178.29419,6.5201955,88.49938,137.19489,0.028521098,22.95733,0.018,92,761.1278
9/17/2026 5:37,39640.61,41248.89,26.785728,25.226656,1.0177306,26.811779,7.5980372,-56.63395,189.16608,6.4417725,87.44439,135.55908,0.024101906,22.958654,0.018,92,761.1278
9/17/2026 6:07,39579.934,41186.58,26.74073,25.265327,1.0176969,26.771276,7.571923,-55.150986,193.04276,6.042938,82.00763,127.13108,0.0212011,22.957647,0.018,92,761.1278
9/17/2026 6:37,39589.688,41193.63,26.745913,25.259104,1.0176997,26.775858,7.6206183,-57.91664,187.1109,6.41681,87.08984,135.00882,0.03136909,22.96143,0.027,92,761.1278
9/17/2026 7:07,39572.555,41178.38,26.73483,25.270039,1.0176923,26.765947,7.5587354,-54.40235,183.35818,5.5873055,75.82266,117.54281,0.023500666,22.958284,0.018,92,761.1278
9/17/2026 7:37,39436.9,41054.887,26.645224,25.356964,1.0176306,26.685677,7.63221,-58.56991,191.20694,6.5348577,88.60123,137.35765,0.028267352,22.936632,0.018,92,761.1278
9/17/2026 8:07,38775,40489.336,26.23406,25.789812,1.0173621,26.31807,7.6209803,-57.902336,201.3874,6.5140476,87.86781,136.25638,0.024528405,22.783226,0.018,92,761.1278
9/17/2026 8:37,38990.383,40679.797,26.3722,25.64735,1.0174549,26.441868,7.643267,-59.17549,199.79953,6.200779,83.7727,129.89671,0.024478208,22.825676,0.018,92,761.1278
9/17/2026 9:07,39181.785,40802.2,26.462687,25.522064,1.0174971,26.52143,7.647132,-59.41391,206.67554,6.455515,87.40835,135.51202,0.020548927,22.92074,0.018,92,761.1278
9/17/2026 9:37,39060.86,40695.31,26.385117,25.601076,1.0174451,26.45195,7.609164,-57.253838,197.7873,6.277003,84.91731,131.65543,0.02397526,22.89722,0.027,92,761.1278
9/17/2026 10:07,39107.156,40693.305,26.385183,25.570768,1.0174279,26.450647,7.585018,-55.89485,194.31114,6.3679028,86.24275,133.69615,0.016502531,22.95926,0.018,92,761.1278
9/17/2026 10:37,39197.664,40768.727,26.44007,25.511724,1.017463,26.499674,7.6282716,-58.35533,195.87039,6.4339614,87.20107,135.17639,0.022301754,22.982412,0.018,92,761.1278
9/17/2026 11:07,39278.785,40818.67,26.477089,25.459036,1.0174792,26.532139,7.589586,-56.16665,199.87582,6.2108583,84.25927,130.60654,0.018571796,23.024864,0.027,92,761.1278
9/17/2026 11:37,39300.73,40815.395,26.475494,25.44482,1.0174692,26.530006,7.590318,-56.214333,169.25812,6.217289,84.39412,130.80829,0.0209861,23.057064,0.018,92,761.1278
9/17/2026 12:07,39011.082,40535.79,26.273474,25.633741,1.0173239,26.348263,7.5893145,-56.152344,199.15103,6.575626,89.11211,138.1273,0.02149753,23.03069,0.018,92,761.1278
9/17/2026 12:37,39415.574,40864.98,26.513287,25.370682,1.0174738,26.562237,7.6478577,-59.49974,186.88678,6.6252394,90.089294,139.61484,0.02276961,23.143028,0.027,92,761.1278
9/17/2026 13:07,39388.97,40886.516,26.527367,25.38782,1.0175012,26.576235,7.670905,-60.796738,203.96233,6.62617,90.01181,139.50941,0.026054893,23.08236,0.027,92,761.1278
9/17/2026 13:37,39591.523,41024.918,26.629276,25.257933,1.0175537,26.666197,7.6418853,-59.165955,136.4994,6.5516405,89.19204,138.21768,0.028026741,23.1707,0.027,92,761.1278
9/17/2026 14:07,39915.242,41188.465,26.752275,25.053085,1.0175878,26.772503,7.723496,-63.848495,192.8997,7.1527853,97.81085,151.51807,0.033579953,23.381561,0.027,92,761.1278
9/17/2026 14:37,40016.023,41251.004,26.79862,24.98999,1.0176085,26.813154,7.7088814,-63.028336,204.58221,7.3023224,99.972755,154.85318,0.026379224,23.432556,0.027,92,761.1278
9/17/2026 15:07,40075.633,41265.125,26.810165,24.952818,1.0176009,26.82233,7.720316,-63.69114,155.93529,7.269222,99.62895,154.30475,0.019609213,23.490808,0.027,92,761.1278
9/17/2026 15:37,40105.938,41310.18,26.842323,24.933964,1.0176299,26.851616,7.7052903,-62.832832,161.71933,7.3384366,100.56595,155.76064,0.034051277,23.473755,0.027,92,761.1278
9/17/2026 16:07,40074.72,41305.125,26.837889,24.953388,1.017636,26.848331,7.6988745,-62.4609,182.62387,7.414831,101.55011,157.29425,0.024156583,23.440409,0.018,92,761.1278
9/17/2026 16:37,40033.797,41271.453,26.813334,24.978895,1.0176203,26.826445,7.688181,-61.850548,153.36514,7.1394143,97.74607,151.40483,0.022086382,23.429935,0.027,92,761.1278
9/17/2026 17:07,40056.887,41312.547,26.842516,24.964497,1.0176483,26.853155,7.6996627,-62.499046,157.54224,7.100387,97.191605,150.55164,0.025229575,23.40868,0.027,92,761.1278
9/17/2026 17:37,40042,41351.53,26.869104,24.973778,1.017687,26.878496,7.689007,-61.879158,161.96251,6.9774413,95.410385,147.80981,0.020965105,23.341976,0.027,92,761.1278
9/17/2026 18:07,40053.03,41339.81,26.861307,24.9669,1.0176733,26.870876,7.681355,-61.450005,157.39441,6.917345,94.63197,146.5966,0.016804324,23.370325,0.027,92,761.1278
9/17/2026 18:37,40037.152,41276.363,26.81684,24.9768,1.0176234,26.829636,7.65381,-59.895515,175.63342,6.8251796,93.442825,144.73973,0.01918997,23.42815,0.027,92,761.1278
9/17/2026 19:07,39928.934,41079.42,26.67707,25.044495,1.0174884,26.701624,7.7016306,-62.63733,195.16467,7.332355,100.49352,155.63197,0.031063898,23.533693,0.027,92,761.1278
9/17/2026 19:37,39975.49,41187.582,26.75344,25.01533,1.017567,26.771929,7.6516876,-59.781075,183.49648,6.932378,94.928116,147.0323,0.022417298,23.459234,0.027,92,761.1278
9/17/2026 20:07,39782.723,40818.246,26.491714,25.13654,1.0173098,26.53186,7.712596,-63.290596,187.95013,7.879543,108.14162,167.43523,0.033834822,23.671774,0.027,92,761.1278
9/17/2026 20:37,39823.215,40836.797,26.505733,25.110981,1.0173123,26.543919,7.73963,-64.83555,197.10065,8.039682,110.40451,170.93007,0.03571879,23.700506,0.027,92,761.1278
9/17/2026 21:07,39723.36,40752.66,26.444548,25.174105,1.0172725,26.48923,7.740723,-64.89277,198.46916,7.824995,107.3751,166.24667,0.09013351,23.677628,0.027,92,761.1278
9/17/2026 21:37,39694.848,40717.55,26.419394,25.192186,1.0172515,26.466408,7.7129655,-63.314438,193.25732,7.47524,102.57413,158.81136,0.031217227,23.684975,0.027,92,761.1278
9/17/2026 22:07,39673.094,40724.82,26.42382,25.206,1.0172652,26.471134,7.6975203,-62.42752,191.98895,7.0389895,96.52715,149.45897,0.028457798,23.647894,0.027,92,761.1278
9/17/2026 22:37,39649.83,40703.92,26.40867,25.22079,1.0172548,26.45755,7.6718955,-60.9684,159.00134,7.0670433,96.89707,150.03275,0.027910367,23.644156,0.027,92,761.1278
9/17/2026 23:07,39594.645,40646.395,26.367226,25.255941,1.0172234,26.420158,7.6793485,-61.392784,196.1422,7.2469454,99.34204,153.81819,0.03335112,23.645254,0.027,92,761.1278
9/17/2026 23:37,39515.227,40604.5,26.335928,25.3067,1.0172137,26.392925,7.712882,-63.290596,194.74506,7.426228,101.69169,157.47026,0.032310892,23.595474,0.027,92,761.1278
9/18/2026 0:07,39601.516,40690.28,26.397839,25.251558,1.0172594,26.448683,7.6268063,-58.39348,190.53937,6.309343,86.43381,133.84245,0.02789826,23.59909,0.027,92,761.1278
9/18/2026 0:37,39534.473,40618.5,26.346178,25.29438,1.0172193,26.402025,7.692324,-62.122345,184.2022,7.026051,96.229805,149.01057,0.028736213,23.602722,0.027,92,761.1278
9/18/2026 1:07,39814.594,40930.766,26.570663,25.116419,1.0173973,26.604998,7.5834036,-55.918694,157.42302,6.2021775,85.00999,131.64395,0.033071913,23.572266,0.036,92,761.1278
9/18/2026 1:37,39733.324,40852.36,26.51396,25.167791,1.0173563,26.554035,7.687599,-61.84578,180.99307,7.064098,96.7812,149.87419,0.058039315,23.565855,0.027,92,761.1278
9/18/2026 2:07,39852.473,41092.523,26.683914,25.092546,1.0175254,26.71014,7.645454,-59.41868,201.51138,6.4767866,88.59243,137.22859,0.032620013,23.42005,0.027,92,761.1278
9/18/2026 2:37,39806.406,41155.17,26.725956,25.121584,1.0175952,26.750862,7.6324267,-58.65097,199.35132,6.1122994,83.42554,129.25598,0.027754493,23.284151,0.027,92,761.1278
9/18/2026 3:07,39797.863,41185.344,26.746595,25.126978,1.0176241,26.770473,7.614974,-57.649612,205.6265,6.177571,84.254684,130.55156,0.029822286,23.236197,0.027,92,761.1278
9/18/2026 3:37,39822.21,41219.816,26.77121,25.111614,1.0176458,26.792881,7.569285,-55.05085,189.24713,5.961773,81.306625,125.98606,0.028257547,23.224808,0.027,92,761.1278
9/18/2026 4:07,39845.93,41255.758,26.796824,25.096666,1.017669,26.816244,7.572016,-55.203438,196.20895,6.2206373,84.82831,131.44618,0.030336305,23.210844,0.018,92,761.1278
9/18/2026 4:37,39841.8,41307.36,26.832438,25.099268,1.0177149,26.849785,7.6141205,-57.582855,202.19327,6.1830554,84.23072,130.53572,0.02721201,23.142443,0.018,92,761.1278
9/18/2026 5:07,39885.887,41377.613,26.882433,25.071526,1.0177609,26.895449,7.5708275,-55.117607,203.52364,5.9718795,81.33393,126.053,0.03764417,23.112486,0.018,92,761.1278
9/18/2026 5:37,39883.434,41377.68,26.882408,25.073067,1.0177618,26.89549,7.5739436,-55.294037,172.51968,5.9615865,81.18911,125.82925,0.018433705,23.1093,0.027,92,761.1278
9/18/2026 6:07,39862.75,41348.164,26.86133,25.086077,1.0177431,26.876307,7.5499897,-53.93505,193.40039,5.851292,79.691284,123.50577,0.024853338,23.119133,0.027,92,761.1278
9/18/2026 6:37,39852.523,41346.3,26.859722,25.092514,1.0177451,26.875095,7.532565,-52.94323,182.1947,5.018869,68.340546,105.916306,0.02356762,23.108461,0.027,92,761.1278
9/18/2026 7:07,39801.656,41277.242,26.810345,25.124582,1.0177022,26.830208,7.5867224,-56.023598,206.04134,5.445904,74.16054,114.93235,0.018498637,23.128366,0.027,92,761.1278
9/18/2026 7:37,39792.84,41251.188,26.792038,25.13015,1.0176827,26.813272,7.5409975,-53.429604,187.98828,5.811326,79.15753,122.67217,0.02424568,23.149065,0.027,92,761.1278
9/18/2026 8:07,39767.715,41224.11,26.772522,25.146027,1.0176675,26.795671,7.5513167,-54.016113,194.23007,5.6101904,76.41088,118.415375,0.015691629,23.15033,0.018,92,761.1278
9/18/2026 8:37,39725.195,41162.562,26.728611,25.172941,1.0176284,26.755665,7.501483,-51.18847,173.85959,5.329234,72.593475,112.495285,0.019281952,23.171766,0.027,92,761.1278
9/18/2026 9:07,39460.58,40835.445,26.494223,25.341747,1.0174333,26.543041,7.528804,-52.752495,200.17148,5.653679,76.99878,119.30839,0.015008191,23.23725,0.018,92,761.1278
9/18/2026 9:37,38862.97,40199.508,26.03683,25.731436,1.0170819,26.12968,7.5667396,-54.912567,199.11288,5.8974156,80.13797,124.167725,0.025731033,23.259285,0.027,92,761.1278
9/18/2026 10:07,38998.8,40319.88,26.123991,25.641813,1.0171406,26.207922,7.580918,-55.72319,178.39432,6.1767616,84.01391,130.1675,0.020410517,23.284561,0.027,92,761.1278
9/18/2026 10:37,39136.19,40418.875,26.196472,25.551796,1.0171804,26.272268,7.6274567,-58.379173,174.93726,6.597845,89.865036,139.21979,0.01613756,23.338493,0.027,92,761.1278
9/18/2026 11:07,39364.934,40642.684,26.358011,25.40332,1.0172979,26.417746,7.5844626,-55.937767,197.24846,5.9993296,81.81158,126.73984,0.017177181,23.353996,0.027,92,761.1278
9/18/2026 11:37,39266.72,40487.805,26.24797,25.46686,1.0171963,26.317074,7.614342,-57.649612,181.48898,6.2785664,85.66705,132.697,0.025214152,23.420975,0.027,92,761.1278
9/18/2026 12:07,39288.53,40460.52,26.229727,25.45272,1.0171651,26.299337,7.647997,-59.576035,176.52988,6.7889867,92.72448,143.613,0.023863126,23.483444,0.027,92,761.1278
9/18/2026 12:37,39331.28,40466.516,26.235104,25.425055,1.0171556,26.303236,7.665346,-60.572624,187.42084,7.1513033,97.75888,151.39754,0.020956565,23.53122,0.027,92,761.1278
9/18/2026 13:07,39486.94,40588.89,26.324308,25.324827,1.0172096,26.382778,7.685625,-61.736107,191.83636,7.02914,96.21887,149.00006,0.023033617,23.578585,0.018,92,761.1278
9/18/2026 13:37,39607.21,40776.684,26.45787,25.247929,1.0173329,26.504845,7.6457644,-59.452057,195.99438,6.770433,92.61719,143.44304,0.020078305,23.498432,0.018,92,761.1278
9/18/2026 14:07,39719.773,40972.883,26.597094,25.176376,1.017466,26.632374,7.548927,-53.925514,191.21646,6.1914434,84.61518,131.07278,0.024682542,23.398752,0.027,92,761.1278
9/18/2026 14:37,39725.29,40987.016,26.607046,25.172882,1.0174763,26.64156,7.592483,-56.4003,194.33499,5.3349614,72.90067,112.92855,0.020119775,23.388294,0.027,92,761.1278
9/18/2026 15:07,40069.473,41119.94,26.709223,24.956656,1.0174763,26.727962,7.7161493,-63.490868,184.84592,7.03781,96.694405,149.71405,0.021478197,23.66249,0.027,92,761.1278
9/18/2026 15:37,40216.355,41182.766,26.757025,24.865505,1.0174817,26.768799,7.742541,-65.01675,177.8078,7.1838207,98.91779,153.12666,0.029671451,23.771395,0.036,92,761.1278
9/18/2026 16:07,40295.59,41238.79,26.798195,24.816612,1.017504,26.805212,7.754564,-65.70816,151.52931,7.579002,104.441376,161.66827,0.022098497,23.802532,0.027,92,761.1278
9/18/2026 16:37,40305.555,41237.184,26.797352,24.810476,1.0174991,26.804169,7.766565,-66.394806,133.7719,7.753154,106.86819,165.42044,0.024764158,23.817177,0.036,92,761.1278
9/18/2026 17:07,40403.008,41325.227,26.861294,24.750633,1.0175432,26.861399,7.793805,-67.949295,165.5817,8.000456,110.34552,170.79854,0.023568597,23.831614,0.036,92,761.1278
9/18/2026 17:37,40369.395,41253.43,26.810432,24.77124,1.0174917,26.81473,7.8132935,-69.06986,155.2105,8.127028,112.1502,173.57738,0.035274267,23.878044,0.027,92,761.1278
9/18/2026 18:07,40358.945,41283.62,26.831131,24.777655,1.0175217,26.834354,7.788715,-67.658424,164.36577,8.0253105,110.66083,171.28792,0.022446454,23.827324,0.027,92,761.1278
9/18/2026 18:37,40287.074,41190.58,26.764439,24.821857,1.0174645,26.773876,7.799753,-68.29262,147.5954,7.9335876,109.40096,169.3304,0.023392469,23.851585,0.036,92,761.1278
9/18/2026 19:07,40258.047,41132.176,26.72303,24.839754,1.0174233,26.735916,7.821543,-69.54193,170.99857,8.1964035,113.06949,174.99721,0.032889124,23.887348,0.027,92,761.1278
9/18/2026 19:37,40327.277,41254.613,26.81008,24.797112,1.0175071,26.8155,7.7256784,-64.06784,172.13821,7.2787905,100.347466,155.32541,0.025358763,23.82312,0.036,92,761.1278
9/18/2026 20:07,40308.04,41260.246,26.81345,24.808947,1.0175184,26.819159,7.635688,-58.937073,184.52644,6.879999,94.79906,146.74545,0.021057991,23.791723,0.036,92,761.1278
9/18/2026 20:37,40298.46,41220.11,26.78529,24.814844,1.0174866,26.793072,7.6001368,-56.92005,176.31055,6.5293655,90.012924,139.32726,0.024841176,23.829361,0.027,92,761.1278
9/18/2026 21:07,40324.28,41220.29,26.786133,24.798954,1.017478,26.793188,7.647332,-59.61418,187.09183,6.61764,91.28259,141.28421,0.026710736,23.861933,0.027,92,761.1278
9/18/2026 21:37,39810.52,40788.19,26.471653,25.118988,1.0172739,26.512325,7.756127,-65.784454,179.81052,7.614172,104.62315,161.96637,0.033623893,23.745052,0.027,92,761.1278
9/18/2026 22:07,39579.54,40595.49,26.331507,25.26558,1.0171839,26.387068,7.759526,-65.96565,184.07346,7.7767425,106.66652,165.14603,0.02331641,23.68973,0.027,92,761.1278
9/18/2026 22:37,39596.383,40582.723,26.323135,25.254831,1.0171669,26.37877,7.7846746,-67.4057,176.45836,7.8420453,107.628845,166.62468,0.025460288,23.727514,0.036,92,761.1278
9/18/2026 23:07,39449.734,40419.766,26.206074,25.348713,1.0170741,26.272848,7.7836895,-67.35325,195.44125,7.889885,108.24332,167.57115,0.031973906,23.743511,0.027,92,761.1278
9/18/2026 23:37,39735.17,40663.27,26.382872,25.16662,1.0171901,26.431126,7.736382,-64.67342,175.89569,7.507168,103.20931,159.7604,0.03036248,23.805027,0.027,92,761.1278
9/19/2026 0:07,39333.168,40352.94,26.156515,25.423836,1.0170555,26.229412,7.71819,-63.610077,179.4815,7.5264745,103.1066,159.63809,0.025290746,23.676891,0.027,92,761.1278
9/19/2026 0:37,39567.875,40664.34,26.378899,25.273027,1.0172483,26.431822,7.7274065,-64.115524,182.20425,7.6875334,105.28261,163.03288,0.028015563,23.58828,0.036,92,761.1278
9/19/2026 1:07,39246.34,40460.39,26.22841,25.480083,1.0171793,26.299255,7.668145,-60.710907,198.75049,6.9300313,94.55881,146.46811,0.027582327,23.429012,0.027,92,761.1278
9/19/2026 1:37,39265.402,40518.023,26.268839,25.467712,1.017223,26.336716,7.6844177,-61.626434,195.21713,6.93566,94.57764,146.50957,0.031814773,23.381403,0.027,92,761.1278
9/19/2026 2:07,39343.676,40617.234,26.33977,25.417046,1.017283,26.401203,7.6896176,-61.917305,196.11835,6.715506,91.57552,141.86476,0.030839022,23.358372,0.027,92,761.1278
9/19/2026 2:37,39299.688,40603.395,26.328896,25.445496,1.0172857,26.392206,7.682549,-61.507225,198.73141,6.897934,93.99137,145.61734,0.027781349,23.318937,0.027,92,761.1278
9/19/2026 3:07,39760,41004.74,26.620348,25.150906,1.0174801,26.65308,7.6765122,-61.182976,186.82956,6.6743617,91.246254,141.34164,0.029844224,23.410683,0.027,92,761.1278
9/19/2026 3:37,39977.746,41297.258,26.829552,25.013916,1.0176613,26.843218,7.7111206,-63.13324,187.66403,7.0167747,95.901085,148.57384,0.027370956,23.327143,0.027,92,761.1278
9/19/2026 4:07,39860.656,41195.594,26.755589,25.087395,1.0176122,26.777136,7.6572733,-60.067177,201.72595,6.2800403,85.75897,132.86682,0.030245926,23.303411,0.027,92,761.1278
9/19/2026 4:37,39879.98,41193.355,26.754616,25.075237,1.0176039,26.77568,7.6700087,-60.796738,196.90036,6.6114125,90.327515,139.93819,0.026800727,23.330723,0.027,92,761.1278
9/19/2026 5:07,39937.49,41277.92,26.814941,25.039131,1.0176579,26.83065,7.71181,-63.16662,163.47409,7.0090623,95.74115,148.33319,0.02392398,23.299824,0.027,92,761.1278
9/19/2026 5:37,39889.316,41297.848,26.827297,25.069368,1.017691,26.843601,7.7077675,-62.918663,144.38629,6.957219,94.89545,147.04488,0.01622897,23.214314,0.027,92,761.1278
9/19/2026 6:07,39834.164,41277.24,26.811346,25.104078,1.0176915,26.830204,7.7048297,-62.742233,147.295,6.928776,94.4236,146.32513,0.020147627,23.169603,0.027,92,761.1278
9/19/2026 6:37,39722.254,41200.68,26.754906,25.174805,1.0176624,26.780443,7.707444,-62.880516,150.33246,6.9565353,94.68939,146.74931,0.032447394,23.121284,0.027,92,761.1278
9/19/2026 7:07,39403.598,41046.49,26.638367,25.378393,1.0176343,26.680218,7.705063,-62.699318,144.87267,6.8774257,93.1885,144.47722,0.03241357,22.904444,0.018,92,761.1278
9/19/2026 7:37,39457.926,41112.688,26.685823,25.34345,1.0176734,26.723248,7.6906586,-61.879158,173.66885,6.7573786,91.567795,141.96739,0.020023,22.8927,0.018,92,761.1278
9/19/2026 8:07,39046.645,40881.47,26.513067,25.610395,1.0176094,26.572954,7.666248,-60.44388,188.70831,6.4478903,86.90833,134.79895,0.02173585,22.650179,0.018,92,761.1278
9/19/2026 8:37,39023.438,40827.957,26.475426,25.625626,1.0175712,26.538174,7.6597304,-60.081482,186.0714,6.5521226,88.35073,137.02786,0.017690888,22.68596,0.009,92,761.1278
9/19/2026 9:07,39010.746,40797.17,26.453787,25.633963,1.017549,26.518162,7.6447763,-59.23748,194.03458,6.5508904,88.35706,137.03271,0.017586077,22.707434,0.018,92,761.1278
9/19/2026 9:37,38903.54,40754.168,26.42068,25.704603,1.0175471,26.49021,7.6319604,-58.493614,181.73218,6.506675,87.6104,135.89421,0.017371459,22.622536,0.018,92,761.1278
9/19/2026 10:07,38794.81,40642.44,26.340176,25.776646,1.017487,26.417587,7.600525,-56.710243,200.68646,6.3560205,85.53786,132.68004,0.020287301,22.619862,0.009,92,761.1278
9/19/2026 10:37,38787.363,40574.047,26.292824,25.781593,1.0174309,26.37313,7.630365,-58.41732,188.97534,6.54323,88.1511,136.7163,0.016369518,22.694496,0.018,92,761.1278
9/19/2026 11:07,38804.45,40564.426,26.286737,25.77024,1.017417,26.366877,7.597469,-56.557655,205.22118,6.215052,83.777756,129.92604,0.015901227,22.72842,0.018,92,761.1278
9/19/2026 11:37,38777.316,40546.78,26.273716,25.788273,1.0174108,26.355408,7.644413,-59.218407,177.6886,6.656076,89.69468,139.1054,0.017545816,22.71518,0.018,92,761.1278
9/19/2026 12:07,38785.383,40509.504,26.248287,25.78291,1.0173761,26.331177,7.672533,-60.825348,189.90517,6.9915595,94.297134,146.22917,0.01761977,22.771679,0.018,92,761.1278
9/19/2026 12:37,38822.117,40490.844,26.236588,25.758512,1.0173479,26.319048,7.6609354,-60.181618,182.32822,7.0332174,94.97264,147.259,0.015469991,22.84228,0.018,92,761.1278
9/19/2026 13:07,38918.906,40540.145,26.273623,25.694452,1.0173582,26.351095,7.656087,-59.919357,207.09515,7.213633,97.54125,151.22519,0.018888406,22.90623,0.018,92,761.1278
9/19/2026 13:37,38984.035,40569.83,26.296133,25.651525,1.0173624,26.370388,7.6827083,-61.440468,192.23213,7.043944,95.33971,147.79999,0.024860859,22.953506,0.018,92,761.1278
9/19/2026 14:07,38994.027,40537.92,26.27442,25.644953,1.0173314,26.34965,7.7052717,-62.732697,192.75189,7.2348633,98.00346,151.91573,0.02068274,23.00601,0.027,92,761.1278
9/19/2026 14:37,39027.223,40533.21,26.27219,25.62314,1.0173163,26.346588,7.7505083,-65.312386,177.5074,7.4129786,100.50233,155.77614,0.02486241,23.05474,0.027,92,761.1278
9/19/2026 15:07,39089.945,40535.965,26.276001,25.582026,1.0172976,26.34838,7.8030005,-68.31169,185.64224,7.8086243,106.01511,164.29875,0.027818259,23.132326,0.018,92,761.1278
9/19/2026 15:37,39373.734,41064.7,26.650003,25.397642,1.0176597,26.692055,7.7391453,-64.62097,197.69193,7.406252,100.25248,155.4451,0.030409636,22.844082,0.018,92,761.1278
9/19/2026 16:07,39409.156,41119.336,26.68887,25.374813,1.017695,26.727568,7.742001,-64.77833,186.2526,6.951437,94.0809,145.88123,0.021745885,22.82248,0.018,92,761.1278
9/19/2026 16:37,39522.49,41215.445,26.758873,25.302052,1.0177405,26.790041,7.8040657,-68.30692,178.24173,7.645243,103.56271,160.57631,0.023736153,22.849432,0.018,92,761.1278
9/19/2026 17:07,39485.082,41125.223,26.69534,25.326021,1.0176753,26.731396,7.81977,-69.21291,149.59335,8.045589,109.06753,169.09355,0.023354981,22.911959,0.018,92,761.1278
9/19/2026 17:37,39490.016,41166.67,26.724136,25.322857,1.0177091,26.758337,7.7788734,-66.88118,143.51845,7.5570054,102.38023,158.73788,0.028241988,22.867617,0.018,92,761.1278
9/19/2026 18:07,39534,41202.574,26.750343,25.294683,1.0177256,26.781673,7.788738,-67.44385,157.69482,7.753923,105.08669,162.9308,0.032688636,22.879747,0.009,92,761.1278
9/19/2026 18:37,39602.11,41229.324,26.770987,25.25118,1.0177264,26.799063,7.7886057,-67.448616,155.6015,7.7458973,105.091545,162.92326,0.023225794,22.93364,0.018,92,761.1278
9/19/2026 19:07,39612.188,41235.723,26.775728,25.244757,1.0177286,26.80322,7.774476,-66.64753,149.65057,7.6088586,103.244286,160.05809,0.02416977,22.938635,0.018,92,761.1278
9/19/2026 19:37,39600.73,41230.945,26.772064,25.25206,1.0177283,26.800114,7.7888722,-67.46292,153.2793,7.7961283,105.766495,163.97072,0.02767325,22.929916,0.018,92,761.1278
9/19/2026 20:07,39602.965,41223.75,26.767159,25.250635,1.0177214,26.795437,7.7165985,-63.36212,189.33774,7.459882,101.22295,156.92369,0.03527624,22.94153,0.018,92,761.1278
9/19/2026 20:37,39549.71,41186.73,26.73989,25.284636,1.0177069,26.771374,7.7441483,-64.92138,181.26965,7.485363,101.51195,157.37776,0.034561824,22.919043,0.018,91,761.1278
9/19/2026 21:07,39490.56,41130.26,26.698997,25.322508,1.0176779,26.73467,7.6201982,-57.883263,198.00662,6.001698,81.36303,126.14149,0.021868195,22.91277,0.018,91,761.1278
9/19/2026 21:37,39265.434,40939.68,26.560244,25.467693,1.0175878,26.610792,7.7404323,-64.697266,192.03186,7.145936,96.704254,149.93965,0.027229212,22.858875,0.018,91,761.1278
9/19/2026 22:07,38980.434,40684.38,26.375042,25.653896,1.0174621,26.444847,7.718113,-63.419342,193.80093,7.410351,100.08249,155.1913,0.022618327,22.80722,0.018,91,761.1278
9/19/2026 22:37,38752.05,40533.56,26.263798,25.805086,1.0174078,26.346813,7.7218843,-63.610077,187.92152,7.470836,100.63877,156.08261,0.025201267,22.698877,0.018,91,761.1278
9/19/2026 23:07,38611.75,40406.85,26.172028,25.898851,1.0173452,26.264454,7.6941543,-62.031746,197.98755,7.2263775,97.25065,150.83424,0.023497587,22.67405,0.018,91,761.1278
9/19/2026 23:37,38617.67,40414.58,26.17755,25.89488,1.0173498,26.269476,7.6887813,-61.72657,165.76291,7.243151,97.476364,151.18483,0.02387267,22.672153,0.018,91,761.1278
9/20/2026 0:07,38526.05,40338.664,26.122345,25.956463,1.0173149,26.220133,7.6534796,-59.719086,174.65591,7.2696075,97.75768,151.62749,0.024964996,22.647388,0.018,91,761.1278
9/20/2026 0:37,38492.434,40314.54,26.104656,25.979132,1.0173053,26.20445,7.6688294,-60.58693,188.26485,7.3202386,98.40401,152.63353,0.022674235,22.633652,0.009,91,761.1278
9/20/2026 1:07,38433.547,40251.125,26.05913,26.018936,1.0172702,26.16323,7.649401,-59.485435,201.27296,7.2120657,96.92798,150.34354,0.021473253,22.63581,0.018,91,761.1278
9/20/2026 1:37,38482.438,40313.527,26.10364,25.98588,1.0173076,26.203793,7.6628184,-60.243607,203.58563,7.028404,94.46051,146.51968,0.022162475,22.621923,0.018,91,761.1278
9/20/2026 2:07,38703.855,40511.633,26.247147,25.83722,1.0174047,26.332561,7.634339,-58.636665,202.31247,6.6346917,89.31017,138.52113,0.02704602,22.663681,0.018,91,761.1278
9/20/2026 2:37,38898.67,40661.23,26.356474,25.707819,1.017469,26.4298,7.614523,-57.525635,188.20285,6.395953,86.25448,133.76656,0.021514475,22.730505,0.018,91,761.1278
9/20/2026 3:07,38784.082,40557.266,26.281162,25.783773,1.0174176,26.362225,7.6918325,-61.90777,204.21982,7.1819,96.77731,150.09074,0.025310723,22.71097,0.018,91,761.1278
9/20/2026 3:37,39090.266,40787.25,26.449484,25.581816,1.0175143,26.511713,7.7190666,-63.476562,188.36499,7.254377,98.043625,152.026,0.0304038,22.821692,0.027,91,761.1278
9/20/2026 4:07,39232.887,40947.395,26.564535,25.488821,1.0176052,26.615807,7.728614,-64.01539,205.89828,7.0784464,95.70581,148.40453,0.033567037,22.8078,0.018,91,761.1278
9/20/2026 4:37,39245.79,41109.78,26.676996,25.48044,1.0177398,26.72136,7.6828136,-61.37848,208.13464,7.1346736,96.21502,149.24011,0.020444,22.62608,0.009,91,761.1278
9/20/2026 5:07,39363.35,41200.957,26.743744,25.40434,1.0177797,26.780622,7.666195,-60.44388,216.14075,6.7940288,91.72038,142.25912,0.020506565,22.664864,0.018,91,761.1278
9/20/2026 5:37,39356.234,41202.92,26.74486,25.408936,1.0177836,26.7819,7.6540465,-59.752464,196.73825,6.69189,90.32362,140.09543,0.023479752,22.65344,0.018,91,761.1278
9/20/2026 6:07,39338.46,41189.586,26.735085,25.420416,1.017778,26.773232,7.680971,-61.278343,166.75473,6.8261266,92.1198,142.88292,0.028038532,22.64704,0.018,91,761.1278
9/20/2026 6:37,39286.39,41166.74,26.717613,25.454107,1.0177754,26.75838,7.6880064,-61.66935,176.41068,6.4527326,87.01175,134.96881,0.023467472,22.608566,0.018,91,761.1278
9/20/2026 7:07,39295.58,41175.62,26.72404,25.448156,1.01778,26.764154,7.6465516,-59.318542,189.42355,6.540095,88.19455,136.8033,0.019723944,22.60947,0.018,91,761.1278
9/20/2026 7:37,39279.7,41176.8,26.724329,25.458443,1.017786,26.764921,7.693632,-61.984062,180.91678,6.864908,92.53892,143.5473,0.01772779,22.58785,0.009,91,761.1278
9/20/2026 8:07,39333.305,41210.13,26.749086,25.423748,1.0177972,26.786583,7.680834,-61.264038,173.6307,6.7554913,91.122345,141.34332,0.027068129,22.615562,0.018,91,761.1278
9/20/2026 8:37,39327.355,41206.152,26.746145,25.427593,1.0177958,26.783998,7.6536026,-59.719086,170.92227,6.351538,85.66792,132.88338,0.020532435,22.612825,0.018,91,761.1278
9/20/2026 9:07,39271.527,41173.066,26.72149,25.463741,1.0177854,26.762493,7.6019983,-56.786537,196.82407,6.0268803,81.232475,126.00989,0.012534108,22.581987,0.018,91,761.1278
9/20/2026 9:37,39251.043,41152.516,26.70664,25.47703,1.0177746,26.749136,7.61142,-57.320595,172.65796,5.9005895,79.52184,123.356544,0.016819438,22.580864,0.018,91,761.1278
9/20/2026 10:07,37798.477,39710.555,25.667164,26.456093,1.0170168,25.811861,7.6117682,-57.320595,202.34108,6.68309,89.36256,138.64543,0.014155173,22.479034,0.018,91,761.1278
9/20/2026 10:37,38840.082,40825.395,26.46764,25.7466,1.0176284,26.536507,7.587458,-55.937767,173.45905,5.7864056,77.69751,120.552246,0.014887072,22.45396,0.018,91,761.1278
9/20/2026 11:07,38505.242,40591.043,26.295227,25.97049,1.0175371,26.384178,7.644499,-59.142113,211.20547,6.4005613,85.63525,132.90005,0.016899766,22.309647,0.018,91,761.1278
9/20/2026 11:37,38519.31,40571.15,26.282022,25.961006,1.0175158,26.371248,7.649314,-59.423447,204.19598,6.6845737,89.49677,138.88309,0.016610261,22.352154,0.018,91,761.1278
9/20/2026 12:07,38358.383,40431.78,26.180845,26.069921,1.0174493,26.280657,7.607532,-57.048798,190.37247,6.3345675,84.704285,131.45409,0.015053082,22.31511,0.009,91,761.1278
9/20/2026 12:37,38002.277,40168.043,25.987766,26.314213,1.0173404,26.109228,7.599161,-56.54812,209.02158,6.4824367,86.36866,134.06764,0.017196627,22.17709,0.009,91,761.1278
9/20/2026 13:07,38384.984,40443.547,26.189823,26.051853,1.0174506,26.288305,7.594251,-56.300163,181.67496,6.0897274,81.46388,126.42104,0.03596042,22.335096,0.009,91,761.1278
9/20/2026 13:37,38351.465,40415.22,26.169235,26.074623,1.0174375,26.269892,7.62584,-58.088303,182.83368,6.647517,88.901306,137.96489,0.018385725,22.326504,0.018,91,761.1278
9/20/2026 14:07,38348.72,40412.176,26.167051,26.07649,1.0174357,26.267916,7.6090918,-57.139397,204.79678,6.148222,82.223206,127.60118,0.020804394,22.326685,0,91,761.1278
9/20/2026 14:37,38811.75,40768.523,26.427547,25.765392,1.0175892,26.49954,7.5674124,-54.807663,196.41876,5.8173146,78.14091,121.23351,0.017578926,22.487062,0.018,91,761.1278
9/20/2026 15:07,38865.957,40814.625,26.461088,25.729458,1.017611,26.529507,7.6328917,-58.522224,212.8935,6.1787305,83.03155,128.81833,0.014434256,22.500294,0.018,91,761.1278
9/20/2026 15:37,38876.37,40802.312,26.452951,25.722565,1.017597,26.521503,7.6158037,-57.559013,210.02292,6.1597853,82.81536,128.47684,0.017259901,22.528704,0.018,91,761.1278
9/20/2026 16:07,38929.062,40850.84,26.488115,25.68775,1.0176215,26.553045,7.6045895,-56.92482,212.97931,6.587326,88.59458,137.44058,0.014566275,22.536976,0.018,91,761.1278
9/20/2026 16:37,39040.13,40988.777,26.586805,25.61467,1.0177032,26.642706,7.6512737,-59.566498,216.5842,6.2577,84.17027,130.58266,0.022931924,22.51094,0.018,91,761.1278
9/20/2026 17:07,39070.176,41080.21,26.650803,25.59497,1.0177711,26.702139,7.63294,-58.512688,225.10529,6.3184953,84.9083,131.7437,0.025103454,22.438244,0.018,91,761.1278
9/20/2026 17:37,39067.68,41085.965,26.654682,25.596605,1.017777,26.705877,7.642903,-59.075356,169.51561,6.649745,89.34548,138.63077,0.02295497,22.428091,0.018,91,761.1278
9/20/2026 18:07,39138.42,41146.203,26.698551,25.55034,1.0178053,26.745033,7.617268,-57.62577,183.03394,6.526546,87.739586,136.13512,0.023075636,22.445223,0.018,91,761.1278
9/20/2026 18:37,39158.9,41163.6,26.711222,25.53698,1.0178137,26.756342,7.6231394,-57.959557,180.57346,6.3846765,85.846436,133.19662,0.017983327,22.450216,0.018,91,761.1278
9/20/2026 19:07,39200.69,41194.51,26.733929,25.509754,1.0178264,26.776432,7.623169,-57.964325,208.14896,6.455621,86.836235,134.72884,0.018109597,22.46596,0.018,91,761.1278
9/20/2026 19:37,39228.344,41215.574,26.749365,25.491772,1.0178356,26.790125,7.6200237,-57.787895,199.01752,6.4266768,86.469635,134.15787,0.022916004,22.475624,0.018,91,761.1278
9/20/2026 20:07,39245.69,41222.242,26.754543,25.480505,1.0178357,26.794458,7.5942364,-56.328773,208.76407,6.208254,83.55434,129.63174,0.018911181,22.4896,0.018,91,761.1278
9/20/2026 20:37,39216.434,41198.71,26.73735,25.499514,1.0178251,26.779161,7.616136,-57.56855,209.86557,6.280687,84.50753,131.1125,0.021683967,22.480888,0.018,91,761.1278
9/20/2026 21:07,39218.938,41201.14,26.739098,25.497887,1.0178263,26.78074,7.574161,-55.189133,222.66864,6.0077553,80.83634,125.41664,0.028587654,22.481133,0.018,91,761.1278
9/20/2026 21:37,39170.613,41159.598,26.708857,25.529343,1.0178064,26.75374,7.553252,-54.00181,179.4815,5.519831,74.24327,115.18974,0.02132397,22.469965,0.018,91,761.1278
9/20/2026 22:07,39072.88,41083.066,26.652857,25.5932,1.0177728,26.703993,7.5889406,-56.01883,195.25528,5.82263,78.245766,121.406105,0.014627885,22.438229,0.018,91,761.1278
9/20/2026 22:37,39074.867,41082.758,26.652708,25.591898,1.017772,26.703793,7.5510736,-53.873062,186.99646,5.334338,71.6878,111.23022,0.020519221,22.44114,0.018,91,761.1278
9/20/2026 23:07,38405.715,40511.184,26.236986,26.037792,1.0175015,26.33227,7.564474,-54.602623,201.36833,6.10543,81.61373,126.66537,0.021090796,22.278927,0.009,91,761.1278
9/20/2026 23:37,37925.39,40093.45,25.933998,26.36756,1.017302,26.060741,7.5349407,-52.90985,192.27505,6.0659866,80.78293,125.39878,0.025367303,22.168842,0.009,91,761.1278
9/21/2026 0:07,37771.305,39974.38,25.847132,26.475124,1.0172508,25.983347,7.584718,-55.718422,193.53867,6.1147275,81.31078,126.22942,0.020835299,22.114546,0.018,91,761.1278
9/21/2026 0:37,38284.39,40419.414,26.16985,26.120306,1.0174627,26.272621,7.5394473,-53.17688,174.93726,5.820237,77.70863,120.613525,0.019345727,22.234465,0.009,91,761.1278
9/21/2026 1:07,37861.15,40055.848,25.906025,26.4123,1.017291,26.036303,7.578262,-55.356026,205.11151,5.9587607,79.288086,123.085915,0.01634506,22.131363,0.009,91,761.1278
9/21/2026 1:37,38005.586,40157.695,25.980783,26.311922,1.0173306,26.102503,7.550606,-53.801537,190.1865,6.078014,81.0022,125.73389,0.014548622,22.194164,0.009,91,761.1278
9/21/2026 2:07,38077.543,40243.887,26.042356,26.2622,1.0173806,26.158527,7.557803,-54.20685,199.72324,6.0875916,81.14039,125.951004,0.01808943,22.181654,0.009,91,761.1278
9/21/2026 2:37,38031.96,40235.164,26.034803,26.293674,1.0173879,26.152857,7.550886,-53.806305,198.90308,6.0522585,80.59514,125.11462,0.017372267,22.133081,0.009,91,761.1278
9/21/2026 3:07,37880.383,40132.582,25.959267,26.398888,1.0173498,26.08618,7.564425,-54.559708,209.38397,6.119343,81.34754,126.29738,0.023893198,22.061834,0.009,91,761.1278
9/21/2026 3:37,37816.527,40081.44,25.922024,26.443464,1.0173271,26.052937,7.5548034,-54.011345,205.01614,6.046024,80.32589,124.71538,0.016036056,22.04148,0.009,91,761.1278
9/21/2026 4:07,37998.605,40252.766,26.045721,26.316755,1.0174135,26.164299,7.5399766,-53.17688,198.34518,5.8577056,77.91746,120.97072,0.017478758,22.068058,0.009,91,761.1278
9/21/2026 4:37,37845.21,40105.453,25.93947,26.423422,1.0173382,26.068544,7.5608435,-54.354668,192.20352,6.036396,80.21754,124.54552,0.018900186,22.049349,0.009,91,761.1278
9/21/2026 5:07,38667.74,40817.31,26.456266,25.861353,1.0176771,26.531252,7.5878267,-55.918694,200.63876,6.0319014,80.68092,125.225136,0.022560548,22.242764,0.009,91,761.1278
9/21/2026 5:37,38795.715,41002.65,26.588087,25.776043,1.0177932,26.651722,7.565464,-54.64077,202.0073,5.8457932,78.16555,121.3332,0.01688581,22.18198,0.009,91,761.1278
9/21/2026 6:07,38379.848,40655.5,26.33519,26.05534,1.0176321,26.426075,7.5678535,-54.75521,188.74646,6.0571237,80.707954,125.30283,0.022123102,22.069424,0.018,91,761.1278
9/21/2026 6:37,38787.598,41083.473,26.64336,25.781437,1.0178639,26.704258,7.605406,-56.881905,150.79974,6.137219,81.92893,127.19743,0.022896348,22.07418,0.018,91,761.1278
9/21/2026 7:07,38746.24,41067.17,26.63071,25.808956,1.0178633,26.69366,7.604086,-56.800842,149.20712,6.105816,81.45487,126.46831,0.012597661,22.041069,0.009,91,761.1278
9/21/2026 7:37,38621.52,40998.453,26.579103,25.892302,1.0178447,26.648996,7.5999646,-56.552887,146.60358,6.146459,81.859055,127.1117,0.017634349,21.964598,0.009,91,761.1278
9/21/2026 8:07,38687.723,41019.297,26.595758,25.847994,1.0178413,26.662542,7.603133,-56.74362,146.51299,6.132753,81.77233,126.96475,0.01306456,22.024038,0.009,91,761.1278
9/21/2026 8:37,38736.062,41074.06,26.635082,25.815737,1.0178723,26.698137,7.6014624,-56.648254,144.18602,6.0997195,81.34419,126.30087,0.017060343,22.019817,0.009,91,761.1278
9/21/2026 9:07,38750.863,41091.766,26.647764,25.805876,1.0178825,26.709648,7.5949836,-56.28109,144.22417,6.028339,80.394844,124.82735,0.010600504,22.017399,0.009,91,761.1278
9/21/2026 9:37,38358.88,40871.38,26.482517,26.069584,1.0178205,26.566397,7.592828,-56.114197,140.42377,6.1111197,81.07264,125.92787,0.011410327,21.7815,0,91,761.1278
9/21/2026 10:07,38735.363,41090.906,26.646624,25.816202,1.0178866,26.70909,7.520061,-52.03724,181.80371,5.44691,72.61571,112.752266,0.009880549,21.99868,0.009,91,761.1278
9/21/2026 10:37,38292.566,40785.887,26.42152,26.114729,1.0177695,26.510828,7.545132,-53.420067,180.57823,5.7092214,75.73858,117.639244,0.012552181,21.799377,0.009,91,761.1278
9/21/2026 11:07,38056.207,40572.668,26.26692,26.276922,1.0176648,26.372234,7.5425835,-53.26748,189.94331,5.959883,78.92562,122.5987,0.012527852,21.752691,0.009,91,761.1278
9/21/2026 11:37,38092.793,40542.066,26.247274,26.251684,1.0176276,26.352343,7.549901,-53.696632,187.31595,6.0707927,80.508415,125.04029,0.021552157,21.837008,0.009,91,761.1278
9/21/2026 12:07,38112.582,40511.81,26.227253,26.238054,1.0175958,26.332676,7.5224776,-52.15645,203.52364,6.1185803,81.22459,126.13986,0.01465698,21.899323,0.009,91,761.1278
9/21/2026 12:37,38139.812,40474.543,26.202675,26.219322,1.0175557,26.308453,7.5647764,-54.564476,187.3541,6.3180933,83.98393,130.40799,0.015613168,21.979898,0.009,91,761.1278
9/21/2026 13:07,38165.87,40496.973,26.218967,26.20142,1.0175664,26.323032,7.5686316,-54.78382,198.50731,6.6318917,88.17364,136.91223,0.013041835,21.986265,0.009,91,761.1278
9/21/2026 13:37,38274.496,40519.695,26.238342,26.127058,1.0175508,26.337803,7.5959725,-56.352615,172.43385,6.673117,88.913,138.03487,0.015190852,22.09895,0.009,91,761.1278
9/21/2026 14:07,38371.71,40550.13,26.262579,26.060865,1.0175456,26.357584,7.596432,-56.39553,197.03387,7.0048637,93.49581,145.12846,0.014637667,22.187351,0.009,91,761.1278
9/21/2026 14:37,38501.535,40540.094,26.260082,25.97299,1.0174952,26.35106,7.667773,-60.47249,185.62317,7.3110447,97.89865,151.91745,0.018003508,22.367275,0.018,91,761.1278
9/21/2026 15:07,38599.44,40557.113,26.27504,25.90711,1.0174778,26.362123,7.7059183,-62.656403,184.62659,7.698702,103.29481,160.26291,0.02072004,22.4728,0.018,91,761.1278
9/21/2026 15:37,38649.19,40575.434,26.289284,25.873762,1.0174773,26.374033,7.659756,-60.048103,184.19266,6.9710965,93.61018,145.22697,0.021503385,22.5145,0.018,91,761.1278
9/21/2026 16:07,38672.65,40569.355,26.285881,25.858068,1.0174644,26.37008,7.6655917,-60.386658,193.25732,6.861946,92.20515,143.03815,0.018299185,22.552238,0.018,91,761.1278
9/21/2026 16:37,38663.03,40587.77,26.298233,25.8645,1.0174834,26.38205,7.6293,-58.321953,186.42902,6.435211,86.42283,134.0759,0.019935401,22.51719,0.018,91,761.1278
9/21/2026 17:07,38740.676,40620.676,26.32343,25.812662,1.0174861,26.403439,7.6257286,-58.131218,185.1368,6.9186783,93.02897,144.31017,0.020800902,22.576868,0.018,91,761.1278
9/21/2026 17:37,38891.86,41012.023,26.597832,25.712322,1.0177704,26.657816,7.621157,-57.816505,180.74036,6.4617724,86.580956,134.37135,0.02344449,22.293398,0.018,91,761.1278
9/21/2026 18:07,38306.27,40317.293,26.100454,26.105387,1.0173686,26.206242,7.6820846,-61.28788,189.51892,6.9506927,93.02265,144.34589,0.018888298,22.388485,0.009,91,761.1278
9/21/2026 18:37,39207.438,41249.34,26.771938,25.505365,1.017871,26.81207,7.698167,-62.203407,168.4332,6.9886203,93.92902,145.74754,0.01636895,22.408302,0.018,91,761.1278
9/21/2026 19:07,39177.78,41222.938,26.752743,25.524672,1.017858,26.794909,7.707948,-62.75654,148.64922,7.1155515,95.61439,148.36407,0.016607268,22.402508,0.018,91,761.1278
9/21/2026 19:37,39170.402,41281.832,26.79307,25.52948,1.0179102,26.83319,7.717675,-63.290596,142.37404,7.1710315,96.243065,149.35956,0.019815171,22.32216,0.018,91,761.1278
9/21/2026 20:07,39157.87,41265.523,26.7814,25.53765,1.0179005,26.822592,7.7057943,-62.618256,148.49663,7.066124,94.835,147.17348,0.022319661,22.3259,0.018,91,761.1278
9/21/2026 20:37,39111.44,41258.688,26.775114,25.567966,1.0179094,26.818148,7.705816,-62.60872,137.82977,7.076897,94.889465,147.27036,0.021608887,22.27521,0.018,91,761.1278
9/21/2026 21:07,39126.73,41264.81,26.779852,25.557976,1.0179098,26.822126,7.6934814,-61.912537,145.03003,6.947241,93.17383,144.6048,0.016737504,22.287247,0.018,91,761.1278
9/21/2026 21:37,39096.52,41244.496,26.764835,25.577724,1.0179021,26.808924,7.685789,-61.473846,135.45514,6.7823696,90.93199,141.12874,0.01957,22.273344,0.009,91,761.1278
9/21/2026 22:07,38942.086,41074.65,26.642641,25.67916,1.0178075,26.69852,7.6753206,-60.88257,148.15808,6.7452526,90.38361,140.2757,0.018123312,22.281715,0.009,91,761.1278
9/21/2026 22:37,38939.465,41093.94,26.655828,25.680887,1.0178246,26.711061,7.6514263,-59.523582,162.6873,6.1987553,83.02726,128.86429,0.02777989,22.255072,0.018,91,761.1278
9/21/2026 23:07,38834.285,41005.27,26.591215,25.750443,1.017783,26.653425,7.6234875,-57.935715,189.19467,6.2815433,84.06356,130.47853,0.015222064,22.22806,0.009,91,761.1278
9/21/2026 23:37,39101.316,41234.023,26.75779,25.574587,1.0178918,26.802114,7.613755,-57.39689,173.46382,6.24798,83.79204,130.04332,0.016806507,22.292038,0.018,91,761.1278
9/22/2026 0:07,38668.45,40852.797,26.48068,25.860876,1.0177069,26.554317,7.6151633,-57.458878,179.43382,6.3306966,84.62497,131.35587,0.018532215,22.200592,0.018,91,761.1278
9/22/2026 0:37,38402.65,40677.523,26.3511,26.039871,1.0176435,26.44039,7.5961475,-56.357384,171.31805,6.3356857,84.431305,131.08296,0.012597221,22.07201,0.009,91,761.1278
9/22/2026 1:07,37959.426,40340.598,26.104534,26.343918,1.0175003,26.221388,7.5584326,-54.192543,188.07889,6.2447643,82.85606,128.67137,0.015123365,21.909595,0.009,91,761.1278
9/22/2026 1:37,38095.8,40504,26.221304,26.249613,1.0175947,26.3276,7.562804,-54.43573,162.62054,6.076618,80.646965,125.24533,0.017407259,21.887129,0.009,91,761.1278
9/22/2026 2:07,37864.484,40342.586,26.102516,26.409973,1.017532,26.222681,7.5623817,-54.392815,187.08229,6.172561,81.71015,126.91763,0.016775157,21.783955,0.009,91,761.1278
9/22/2026 2:37,37869.145,40337.2,26.098993,26.406723,1.0175261,26.21918,7.510068,-51.436424,162.41074,5.7902207,76.66494,119.07863,0.017428774,21.796568,0.009,91,761.1278
9/22/2026 3:07,37801.35,40325.062,26.088251,26.45408,1.0175374,26.21129,7.4984026,-50.764084,161.82422,5.8084784,76.799385,119.3015,0.017062088,21.723343,0.009,91,761.1278
9/22/2026 3:37,37982.625,40473.195,26.196167,26.327827,1.0176046,26.307577,7.522097,-52.113533,172.3957,5.5986185,74.145195,115.168304,0.022487387,21.778204,0.009,91,761.1278
9/22/2026 4:07,37899.67,40422.605,26.158539,26.385452,1.0175884,26.274694,7.5204697,-52.013397,146.71326,6.087781,80.53839,125.10797,0.017943935,21.732254,0.009,91,761.1278
9/22/2026 4:37,37573.547,40221.137,26.008888,26.61447,1.0175222,26.14374,7.5276093,-52.38533,191.39767,6.017443,79.27966,123.18786,0.019195937,21.553621,0.009,91,761.1278
9/22/2026 5:07,37933.293,40400.85,26.144865,26.362066,1.0175594,26.260553,7.59436,-56.204796,200.49095,5.730773,75.90581,117.89846,0.017031478,21.802254,0.009,91,761.1278
9/22/2026 5:37,37980.484,40447.242,26.178314,26.329311,1.0175835,26.290709,7.583384,-55.584908,180.3732,6.312335,83.632454,129.89862,0.016532153,21.806961,0.009,91,761.1278
9/22/2026 6:07,38539.043,41141.457,26.67423,25.947712,1.0179905,26.741947,7.6157455,-57.39212,174.02173,6.388977,84.709816,131.59714,0.01651899,21.688208,0.009,91,761.1278
9/22/2026 6:37,37805.62,40358.51,26.11128,26.451094,1.0175643,26.233032,7.6149864,-57.349205,177.24991,6.3004923,83.262695,129.34903,0.018382981,21.688204,0.009,91,761.1278
9/22/2026 7:07,38429.457,41062.914,26.61636,26.021706,1.0179586,26.690893,7.609071,-57.005882,186.78189,6.2578354,82.8737,128.7542,0.016461728,21.642294,0,91,761.1278
9/22/2026 7:37,38377.7,41084.312,26.629093,26.056799,1.0179925,26.704803,7.606346,-56.83422,164.67572,6.198572,81.95815,127.35036,0.01883485,21.550812,0.009,91,761.1278
9/22/2026 8:07,38421.023,41139.145,26.668268,26.027416,1.0180248,26.740444,7.624861,-57.878494,149.34064,6.3748846,84.293236,130.98082,0.011162804,21.540764,0,91,761.1278
9/22/2026 8:37,38425.75,41171.562,26.690645,26.024216,1.0180503,26.761515,7.626915,-57.988167,142.05933,6.392655,84.4893,131.29225,0.0175245,21.508276,0.009,91,761.1278
9/22/2026 9:07,38392.44,41154.113,26.677444,26.046793,1.0180461,26.750174,7.634164,-58.39348,163.11646,6.486247,85.685715,133.156,0.013771689,21.486618,0,91,761.1278
9/22/2026 9:37,38300.105,41094.203,26.632946,26.109589,1.0180247,26.711231,7.6298532,-58.140755,145.21121,6.4370975,84.94226,132.01038,0.018652538,21.440182,0.009,91,761.1278
9/22/2026 10:07,38043.703,40882.957,26.478725,26.285559,1.0179279,26.573923,7.617032,-57.401657,148.22482,6.445498,84.8581,131.89542,0.016326932,21.36396,0.009,91,761.1278
,,,,,,,,,,,,,,,,,
Log Notes,,,,,,,,,,,,,,,,,
2026-04-07 13:31:40 Hardware Reset,,,,,,,,,,,,,,,,,
2026-04-08 11:02:28 Started,,,,,,,,,,,,,,,,,
2026-05-04 11:31:47 Paused,,,,,,,,,,,,,,,,,
2026-05-04 11:32:53 Resumed,,,,,,,,,,,,,,,,,
2026-05-04 11:35:15 Paused,,,,,,,,,,,,,,,,,
"2026-05-04 11:41:30 pH Calibrated (Sensor: pH/ORP, Serial Number: 1057264)",,,,,,,,,,,,,,,,,
2026-05-04 11:44:08 Resumed,,,,,,,,,,,,,,,,,
2026-05-04 11:45:13 Paused,,,,,,,,,,,,,,,,,
2026-05-04 13:00:40 Resumed,,,,,,,,,,,,,,,,,
2026-05-26 10:00:41 Paused,,,,,,,,,,,,,,,,,
"2026-05-26 10:16:18 pH Calibrated (Sensor: pH/ORP, Serial Number: 1057264)",,,,,,,,,,,,,,,,,
2026-05-26 10:19:58 Resumed,,,,,,,,,,,,,,,,,
2026-06-16 11:19:35 Paused,,,,,,,,,,,,,,,,,
2026-06-16 11:20:31 Resumed,,,,,,,,,,,,,,,,,
2026-06-16 11:21:29 Paused,,,,,,,,,,,,,,,,,
"2026-06-16 11:28:52 pH Calibrated (Sensor: pH/ORP, Serial Number: 1057264)",,,,,,,,,,,,,,,,,
2026-06-16 11:31:45 Resumed,,,,,,,,,,,,,,,,,
2026-07-14 10:16:23 Paused,,,,,,,,,,,,,,,,,
"2026-07-14 10:23:18 pH Calibrated (Sensor: pH/ORP, Serial Number: 1057264)",,,,,,,,,,,,,,,,,
2026-07-14 10:26:06 Resumed,,,,,,,,,,,,,,,,,
2026-08-19 10:38:44 Paused,,,,,,,,,,,,,,,,,
"2026-08-19 11:00:18 pH Calibrated (Sensor: pH/ORP, Serial Number: 1057264)",,,,,,,,,,,,,,,,,
2026-08-19 11:07:54 Hardware Reset,,,,,,,,,,,,,,,,,
