Location Properties,,,,,,,,,,,,,,,,,
Location Name = Fence Creek,,,,,,,,,,,,,,,,,
Location ID = eedcb52e-0ba7-465c-8a88-f9905ba2800d,,,,,,,,,,,,,,,,,
,,,,,,,,,,,,,,,,,
Report Properties,,,,,,,,,,,,,,,,,
Start Time = 2026-05-12 14:48:06,,,,,,,,,,,,,,,,,
Duration = 112.18:26:02,,,,,,,,,,,,,,,,,
Readings = 5413,,,,,,,,,,,,,,,,,
Time Offset = -04:00:00,,,,,,,,,,,,,,,,,
,,,,,,,,,,,,,,,,,
Instrument Properties,,,,,,,,,,,,,,,,,
Device Model = Aqua TROLL 600,,,,,,,,,,,,,,,,,
Device SN = 1005046,,,,,,,,,,,,,,,,,
Device Firmware = 2.45,,,,,,,,,,,,,,,,,
,,,,,,,,,,,,,,,,,
Log Properties,,,,,,,,,,,,,,,,,
Log Name = LOG_0326FENC_1005046,,,,,,,,,,,,,,,,,
Log Type = Linear,,,,,,,,,,,,,,,,,
Log File Number = 1,,,,,,,,,,,,,,,,,
Log ID = bc6c4267-cd6a-4e47-a025-85d14721e7ce,,,,,,,,,,,,,,,,,
Log Wrapping Enabled = True,,,,,,,,,,,,,,,,,
Interval = 00:30:00,,,,,,,,,,,,,,,,,
,,,,,,,,,,,,,,,,,
,,,,,,,,,,,,,,,,,
Date Time,Actual Conductivity (µS/cm) (1026324),Specific Conductivity (µS/cm) (1026324),Salinity (PSU) (1026324),Resistivity (Ω⋅cm) (1026324),Density (g/cm³) (1026324),Total Dissolved Solids (ppt) (1026324),RDO Concentration (mg/L) (1003555),RDO Saturation (%Sat) (1003555),Oxygen Partial Pressure (Torr) (1003555),pH (pH) (1111279),pH mV (mV) (1111279),ORP (mV) (1111279),Chlorophyll-a Fluorescence (RFU) (1007125),Temperature (°C) (1005046),External Voltage (V) (1005046),Battery Capacity (%) (1005046),Barometric Pressure (mm Hg) (1005046)
5/12/2026 14:48,25081.443,30693.377,19.12794,39.870113,1.0136931,19.950695,10.031486,112.17939,176.52385,7.832308,-58.09307,96.34495,0.037162054,15.427301,0,87,764.40656
5/12/2026 15:18,25448.93,31139.611,19.433332,39.294384,1.0139259,20.240747,9.740582,109.14074,171.74138,7.686124,-50.03929,133.84819,0.03873143,15.432074,0,87,764.40656
5/12/2026 15:48,25935.748,31528.457,19.710623,38.55682,1.014083,20.493498,9.906366,111.82531,175.90982,7.7633114,-54.34513,135.30255,0.03871652,15.712773,0,87,764.40656
5/12/2026 16:18,22796.572,26374.082,16.268877,43.866245,1.0110073,17.143152,10.470229,120.94601,189.75267,7.782856,-55.8424,127.8162,0.0675133,17.89817,0,87,764.40656
5/12/2026 16:48,32981.43,42131.09,26.999374,30.320093,1.0200865,27.385208,10.225337,115.66822,182.36314,8.028499,-68.473816,117.38777,0.70508105,13.629782,0,87,764.40656
5/12/2026 17:18,32856.223,42883.664,27.467964,30.435635,1.0206119,27.874382,10.570576,117.76023,185.82126,8.0372925,-68.74561,123.996735,0.40262273,12.75765,0,87,764.40656
5/12/2026 17:48,32639.652,42951.434,27.489895,30.63758,1.0206884,27.918432,10.674151,118.11307,186.43613,8.035762,-68.58349,124.21608,0.45503843,12.430362,0,87,764.40656
5/12/2026 18:18,32349.58,42940.535,27.453924,30.912302,1.0207219,27.911348,10.653967,117.007324,184.75008,8.027646,-68.05897,128.27873,0.23390393,12.086787,0,87,764.40656
5/12/2026 18:48,32322.943,43005.055,27.491844,30.937777,1.0207675,27.953287,10.587221,116.07557,183.29436,8.02218,-67.73949,123.467445,0.4642694,11.995184,0,87,764.40656
5/12/2026 19:18,32119.398,43019.62,27.479828,31.133833,1.0208037,27.962753,10.509985,114.57982,180.97552,8.014816,-67.276955,131.80255,11.216318,11.734142,0,87,764.40656
5/12/2026 19:48,31955.418,43106.746,27.516943,31.293598,1.0208801,28.019386,10.436133,113.12441,178.72142,8.005583,-66.70952,130.15271,0.5135289,11.455968,0,87,764.40656
5/12/2026 20:18,31889.422,43096.48,27.50337,31.35836,1.0208817,28.012712,10.318699,111.67128,176.43677,7.9987793,-66.32328,134.12952,0.692913,11.385039,0,87,764.40656
5/12/2026 20:48,31947.586,43102.223,27.513262,31.30127,1.0208782,28.016445,10.229991,110.87446,175.16766,7.9959536,-66.185,131.94562,1.031422,11.45053,0,87,764.40656
5/12/2026 21:18,31994.19,43049.79,27.485466,31.255676,1.020839,27.982363,10.146196,110.19269,174.07436,7.9927897,-66.03718,135.76508,0.6412645,11.55447,0,87,764.40656
5/12/2026 21:48,32172.697,43088.836,27.528894,31.082256,1.0208414,28.007744,9.775299,106.60779,168.38362,7.9530053,-63.915253,127.05326,0.32185382,11.736109,0,87,764.40656
5/12/2026 22:18,32299.715,42953.117,27.456749,30.960026,1.0207368,27.919527,9.475787,103.909775,164.0805,7.9144626,-61.879158,123.77739,0.09333435,12.014451,0,87,764.40656
5/12/2026 22:48,32060.062,41970.094,26.812374,31.191456,1.020127,27.280561,9.092793,100.62766,158.80498,7.85964,-59.022903,104.12216,0.07209601,12.637631,0,87,764.40656
5/12/2026 23:18,29866.055,38267.54,24.270721,33.48283,1.0180069,24.873901,8.676657,96.24973,151.76686,7.755565,-53.505898,91.86268,0.046848726,13.505444,0,87,764.40656
5/12/2026 23:48,27210.146,34253.52,21.521862,36.750996,1.0157566,22.264788,8.208349,90.88735,143.2043,7.614392,-45.895576,77.13318,0.28768,14.234306,0,87,764.40656
5/13/2026 0:18,25229.662,31458.816,19.619322,39.635887,1.0142213,20.44823,7.848874,86.60732,136.40291,7.502154,-39.79206,81.11954,0.14196205,14.632996,0,87,764.40656
5/13/2026 0:48,23977.457,29826.408,18.510258,41.70584,1.0133519,19.387165,7.4938145,82.29767,129.60144,7.3804517,-33.11634,103.65963,0.38870597,14.732997,0,87,764.40656
5/13/2026 1:18,22014.344,27322.607,16.820284,45.42493,1.012039,17.759695,7.252863,78.98455,124.371155,7.2976065,-28.572083,117.86461,0.456261,14.828221,0,87,764.40656
5/13/2026 1:48,21233.027,26396.248,16.195875,47.09644,1.0115728,17.157562,6.881121,74.54161,117.383995,7.2108154,-23.794174,169.78741,0.61725134,14.758937,0,87,764.40656
5/13/2026 2:18,19687.99,24525.96,14.945113,50.792385,1.0106299,15.9418745,6.7405596,72.32838,113.909355,7.1594915,-20.96653,176.65387,0.6226746,14.672295,0,87,764.40656
5/13/2026 2:48,19793.418,24743.074,15.084936,50.521847,1.0107629,16.082998,6.3467593,67.953415,107.035965,7.1630707,-21.152496,179.68655,0.7539237,14.526593,0,87,764.40656
5/13/2026 3:18,18620.688,23296.482,14.125368,53.70371,1.0100334,15.142714,6.3508987,67.54759,106.40069,7.1418457,-19.984245,177.04486,0.6257475,14.491715,0,87,764.40656
5/13/2026 3:48,17918.396,22502.822,13.597861,55.808567,1.0096561,14.626835,6.03615,63.778442,100.48035,7.1201544,-18.782616,164.69955,0.8011047,14.33368,0,87,764.40656
5/13/2026 4:18,17480.402,21930.09,13.222912,57.20692,1.0093611,14.254559,5.908571,62.343178,98.21469,7.121927,-18.882751,157.40395,0.7655155,14.376791,0,87,764.40656
5/13/2026 4:48,18083.16,22661.88,13.704978,55.300068,1.0097231,14.730223,5.636715,59.708393,94.05939,7.096775,-17.504692,158.7677,0.8250056,14.421725,0,87,764.40656
5/13/2026 5:18,15717.259,19850.402,11.859313,63.624325,1.0083617,12.902761,5.546955,57.69565,90.919525,7.078876,-16.503334,157.00818,0.7110297,14.098712,0,87,764.40656
5/13/2026 5:48,29732.574,40612.465,25.723652,33.633144,1.0195687,26.398104,9.076548,96.26574,152.15137,7.7838764,-54.569244,133.1091,1.0484508,10.974066,0,87,764.40656
5/13/2026 6:18,30655.283,42048.504,26.714624,32.620804,1.020364,27.331528,9.313222,99.05371,156.57945,7.8608704,-58.71296,133.37613,1.0345192,10.813912,0,87,764.40656
5/13/2026 6:48,31062.684,42623.215,27.116774,32.19297,1.0206788,27.70509,9.452267,100.758995,159.27702,7.8866944,-60.110092,132.64656,1.1188152,10.799678,0,87,764.40656
5/13/2026 7:18,31023.723,42557.086,27.071358,32.2334,1.0206416,27.662107,9.49144,101.17223,159.9287,7.8900805,-60.29606,136.73306,0.8648761,10.811038,0,87,764.40656
5/13/2026 7:48,31056.092,42565.06,27.07999,32.199802,1.020643,27.667288,9.577547,102.16825,161.49866,7.9013844,-60.915947,137.82977,0.7630668,10.8437,0,87,764.40656
5/13/2026 8:18,31015.742,42492.52,27.030449,32.24169,1.0206021,27.620138,9.574303,102.13584,161.44527,7.901763,-60.93979,141.75891,0.5784361,10.859195,0,87,764.40656
5/13/2026 8:48,31108.568,42574.6,27.09186,32.145485,1.020643,27.673492,9.573768,102.26004,161.63596,7.9016027,-60.93979,141.48712,0.72449905,10.899672,0,87,764.40656
5/13/2026 9:18,31138.521,42595.16,27.107988,32.114563,1.0206525,27.686855,9.503773,101.56344,160.53232,7.8967824,-60.682297,148.53,0.6379415,10.918026,0,87,764.40656
5/13/2026 9:48,31230.701,42569.516,27.102411,32.019775,1.0206258,27.670185,9.576772,102.643265,162.21996,7.906878,-61.25927,146.9946,0.83938986,11.054451,0,87,764.40656
5/13/2026 10:18,31311.678,42507.285,27.072662,31.936966,1.0205768,27.629736,9.627362,103.51499,163.57533,7.9086304,-61.388016,146.26025,0.6027833,11.210424,0,87,764.40656
5/13/2026 10:48,30960.521,41739.02,26.555967,32.2992,1.0201309,27.130363,9.426366,101.61163,160.52934,7.8704453,-59.370995,139.03618,0.66834164,11.4798155,0,87,764.40656
5/13/2026 11:18,29666.031,39577.16,25.074406,33.708588,1.0189142,25.725153,9.048629,97.485405,153.95375,7.802465,-55.75657,130.53894,0.16409501,11.88872,0,87,764.40656
5/13/2026 11:48,26711.203,34817.5,21.83383,37.437473,1.0162526,22.631376,8.418689,90.641014,143.02089,7.6129675,-45.5904,124.91703,0.44147208,12.810341,0,87,764.40656
5/13/2026 12:18,24301.57,31180.82,19.376322,41.149605,1.0142485,20.267534,7.9165087,85.08467,134.16937,7.419575,-35.10952,129.53758,0.2991073,13.448984,0,87,764.40656
5/13/2026 12:48,22281.38,28189.543,17.37468,44.880524,1.0126084,18.323204,7.9131184,85.03086,134.00563,7.3374944,-30.679703,132.6561,0.5859643,14.026856,0,87,764.40656
5/13/2026 13:18,20770.676,25817.143,15.808523,48.1448,1.0112747,16.781143,7.9557457,85.9905,135.41205,7.295203,-28.4338,135.00214,0.25263023,14.765988,0,87,764.40656
5/13/2026 13:48,20650.672,25438.549,15.567398,48.424576,1.0110205,16.535057,8.120006,88.33197,139.04147,7.2376947,-25.305748,147.56203,0.4525502,15.145893,0,87,764.40656
5/13/2026 14:18,20385.332,24933.682,15.2393465,49.05488,1.0107131,16.206894,8.078726,88.2597,138.88075,7.2426634,-25.606155,151.34811,0.1571384,15.449325,0,87,764.40656
5/13/2026 14:48,19860.113,24023.074,14.645931,50.35218,1.0101691,15.614999,8.214608,90.30463,142.02116,7.2608147,-26.650429,151.05247,0.42900842,15.927217,0,87,764.40656
5/13/2026 15:18,19740.02,23719.48,14.4514065,50.658512,1.0099651,15.417663,8.198649,90.55689,142.36996,7.3378353,-30.932426,156.40259,0.188562,16.216131,0,87,764.40656
5/13/2026 15:48,20363.193,24434.621,14.928786,49.10821,1.0103178,15.8825035,8.54929,94.82009,149.06186,7.291728,-28.390884,168.7956,0.5429697,16.276157,0,87,764.40656
5/13/2026 16:18,20465.012,24487.912,14.9674,48.863888,1.0103234,15.917143,8.671348,96.43733,151.58224,7.2850413,-28.033257,168.40935,0.3467527,16.398897,0,87,764.40656
5/13/2026 16:48,19713.787,23485.979,14.305213,50.72592,1.0097804,15.265886,8.928068,99.28156,156.01714,7.2577267,-26.540756,153.53203,0.17205513,16.590858,0,87,764.40656
5/13/2026 17:18,32435.852,41901.887,26.804245,30.830084,1.0200225,27.236225,9.220312,103.1855,162.75717,7.9501643,-64.082146,125.39387,2.7250028,13.1722765,0,87,764.40656
5/13/2026 17:48,32707.91,42872.625,27.446651,30.573645,1.0206265,27.867207,9.286632,103.07164,162.66982,7.95108,-64.00108,126.15204,3.167221,12.586858,0,87,764.40656
5/13/2026 18:18,32598.957,42878.61,27.439787,30.675829,1.0206463,27.871098,9.350867,103.47678,163.3307,7.959257,-64.41593,128.25488,3.0336936,12.448246,0,87,764.40656
5/13/2026 18:48,32606.973,42948.05,27.48452,30.668287,1.0206908,27.916233,9.336717,103.23003,162.94957,7.956334,-64.24427,124.91703,2.9532232,12.393662,0,87,764.40656
5/13/2026 19:18,32558.574,42999.71,27.51237,30.713875,1.0207314,27.949812,9.318252,102.81162,162.30537,7.959749,-64.406395,132.52258,2.5442603,12.286976,0,87,764.40656
5/13/2026 19:48,32458.191,43101.152,27.566254,30.808865,1.0208114,28.015749,9.432542,103.6332,163.63513,7.9709735,-64.96906,133.71468,2.0898583,12.071735,0,87,764.40656
5/13/2026 20:18,32327.266,43093.79,27.54815,30.93364,1.0208243,28.010962,9.583151,104.934944,165.71376,7.973976,-65.09781,134.80664,2.7444336,11.919406,0,87,764.40656
5/13/2026 20:48,32283.53,43108.785,27.553041,30.975548,1.0208397,28.02071,9.611047,105.093864,165.97488,7.9697876,-64.85462,128.94153,2.441279,11.852627,0,87,764.40656
5/13/2026 21:18,32241.922,43061.016,27.518673,31.01552,1.0208143,27.98966,9.498652,103.82673,163.97473,7.9598274,-64.31103,138.46397,27.567284,11.845531,0,87,764.40656
5/13/2026 21:48,32298.186,43111.406,27.556215,30.96149,1.0208396,28.022413,9.439596,103.25512,163.06863,7.953863,-63.991547,138.42583,2.8443692,11.868042,0,87,764.40656
5/13/2026 22:18,32360.162,43095.285,27.55249,30.902193,1.0208209,28.011934,9.084443,99.5588,157.21817,7.916177,-61.96022,138.85022,2.0515394,11.958007,0,87,764.40656
5/13/2026 22:48,32506.25,43095.566,27.567625,30.763315,1.0208013,28.01212,8.369427,92.077896,145.38095,7.821539,-56.843758,126.2331,1.6042881,12.135232,0,87,764.40656
5/13/2026 23:18,32462.21,42831.254,27.396292,30.80505,1.0206348,27.840315,7.900383,87.17455,137.61472,7.7420235,-52.547455,125.780106,3.9517758,12.3251,0,87,764.40656
5/13/2026 23:48,32064.387,42019.35,26.843956,31.187248,1.0201589,27.31258,7.5955806,84.001305,132.57144,7.6768703,-49.0427,116.75358,11.434548,12.596136,0,87,764.40656
5/14/2026 0:18,30494.768,39528.863,25.123203,32.79251,1.0187504,25.693762,7.373056,81.41594,128.43686,7.5895376,-44.345856,113.34419,1.4343458,13.034329,0,87,764.40656
5/14/2026 0:48,27981.219,35810.36,22.562849,35.73826,1.0166827,23.276733,7.027684,77.21235,121.74278,7.4553165,-37.078857,88.739395,1.3847152,13.553519,0,87,764.40656
5/14/2026 1:18,25921.566,32969.375,20.616537,38.577915,1.015139,21.430096,6.839958,74.64496,117.66431,7.3564587,-31.695366,101.07994,1.2947029,13.80794,0,87,764.40656
5/14/2026 1:48,25104.701,31817.1,19.83418,39.833176,1.014511,20.681114,6.5022373,70.833855,111.64001,7.261871,-26.526451,104.82788,1.7074275,13.954542,0,87,764.40656
5/14/2026 2:18,23403.49,29579.432,18.315798,42.72867,1.0133238,19.22663,6.362155,68.824295,108.45998,7.1995087,-23.117065,107.04517,1.0907182,14.068496,0,87,764.40656
5/14/2026 2:48,22756.83,28763.285,17.763409,43.942852,1.0128999,18.696136,6.126663,66.04847,104.08574,7.1580353,-20.842552,88.377,1.2647452,14.066822,0,87,764.40656
5/14/2026 3:18,21280.975,26904.236,16.511902,46.99033,1.0119405,17.487755,6.0628324,64.84337,102.18765,7.1362224,-19.64569,96.912384,0.75928116,14.057054,0,87,764.40656
5/14/2026 3:48,21003.541,26596.658,16.303423,47.61102,1.0117922,17.287828,6.021014,64.22186,101.21524,7.0989943,-17.60006,104.29382,1.3025414,13.989843,0,87,764.40656
5/14/2026 4:18,20215.205,25606.018,15.64134,49.467716,1.0112859,16.643911,5.831107,61.925858,97.59794,7.086483,-16.913414,109.51042,1.1261162,13.977531,0,87,764.40656
5/14/2026 4:48,19630.002,24818.62,15.120031,50.94243,1.0108724,16.132103,5.562462,58.97871,92.94571,7.0719657,-16.121864,111.346245,1.0639148,14.054371,0,87,764.40656
5/14/2026 5:18,18950.588,23940.496,14.538932,52.76881,1.0104204,15.561323,5.549535,58.671913,92.45906,7.0420227,-14.4815445,121.25969,0.6984196,14.087454,0,87,764.40656
5/14/2026 5:48,17551.918,22293.094,13.44671,56.97383,1.0096195,14.490512,5.352876,55.94683,88.18491,7.0217285,-13.332367,104.09355,1.4680827,13.865203,0,87,764.40656
5/14/2026 6:18,31243.613,42315.207,26.945583,32.006542,1.0204631,27.504885,9.025054,97.151184,153.50693,7.8145895,-56.300163,109.48658,3.585244,11.30127,0,87,764.40656
5/14/2026 6:48,31517.445,42804.938,27.2807,31.72846,1.020741,27.82321,9.081872,97.74382,154.45792,7.8457212,-57.969093,111.77063,3.1972253,11.193926,0,87,764.40656
5/14/2026 7:18,31559.719,42982.203,27.39578,31.68596,1.0208483,27.938433,9.084493,97.616196,154.27074,7.856142,-58.512688,119.44771,2.609651,11.086431,0,87,764.40656
5/14/2026 7:48,31607.535,43055.887,27.446985,31.638025,1.0208894,27.986328,9.116946,97.98062,154.84769,7.8638153,-58.927536,120.67795,2.102762,11.078787,0,87,764.40656
5/14/2026 8:18,31633.842,43131.17,27.496786,31.611715,1.0209339,28.035261,9.0908375,97.65653,154.34026,7.855689,-58.47931,124.94564,2.0277083,11.043634,0,87,764.40656
5/14/2026 8:48,31666.316,43190.91,27.537607,31.579296,1.0209677,28.074091,9.211818,98.95221,156.38983,7.8739324,-59.466362,122.34211,1.7924508,11.029889,0,87,764.40656
5/14/2026 9:18,31694.373,43227.04,27.563244,31.551342,1.0209874,28.097576,9.304185,99.96487,157.99005,7.890974,-60.391426,127.55871,1.4870976,11.031787,0,87,764.40656
5/14/2026 9:48,31788.062,43251.47,27.588942,31.45835,1.020992,28.113455,9.309435,100.236275,158.40636,7.890439,-60.38189,128.71265,1.7325388,11.123512,0,87,764.40656
5/14/2026 10:18,31785.428,43184.656,27.547007,31.460958,1.0209501,28.070026,9.275,99.96048,157.96272,7.8857393,-60.138702,132.19357,1.8367025,11.179854,0,87,764.40656
5/14/2026 10:48,31900.455,43104.355,27.50949,31.347515,1.0208853,28.017832,9.27335,100.37571,158.58934,7.874822,-59.59034,124.79305,1.5506055,11.391362,0,87,764.40656
5/14/2026 11:18,31922.121,42832.215,27.341467,31.326239,1.0207083,27.84094,9.165196,99.68203,157.45488,7.838172,-57.65438,131.4354,1.1073371,11.664033,0,87,764.40656
5/14/2026 11:48,31638.344,42238.812,26.939688,31.607218,1.0203633,27.455229,8.953193,97.53886,154.04211,7.7911754,-55.13668,127.658844,1.3382504,11.860466,0,87,764.40656
5/14/2026 12:18,29720.934,39308.004,24.911854,33.64632,1.0187298,25.550203,8.38534,90.90976,143.52385,7.6659455,-48.384666,116.438866,0.8439049,12.230568,0,87,764.40656
5/14/2026 12:48,26686.43,34859.285,21.857588,37.47223,1.0162857,22.658537,7.792767,83.762024,132.1775,7.489428,-38.83362,103.998184,1.0698756,12.724984,0,87,764.40656
5/14/2026 13:18,24182.783,31328.611,19.457958,41.351734,1.0143787,20.363596,7.293099,77.775375,122.69089,7.3544846,-31.504631,108.38032,0.82767415,13.057972,0,87,764.40656
5/14/2026 13:48,22593.334,29111.186,17.96524,44.26084,1.013192,18.92227,7.0056734,74.366234,117.28758,7.2682457,-26.812553,111.866,1.2515244,13.277746,0,87,764.40656
5/14/2026 14:18,20819.734,26641.727,16.317564,48.031353,1.0118771,17.317122,6.996455,73.95304,116.603134,7.204875,-23.36979,122.01309,1.0653521,13.558685,0,87,764.40656
5/14/2026 14:48,19986.97,25445.969,15.527451,50.032593,1.0112342,16.539879,6.947064,73.39813,115.70365,7.1524253,-20.513535,118.60371,1.2447013,13.767911,0,87,764.40656
5/14/2026 15:18,17952.93,22681.28,13.708142,55.701214,1.0097831,14.742832,6.9838896,73.4552,115.75576,7.121754,-18.854141,125.43678,1.0365485,14.085377,0,87,764.40656
5/14/2026 15:48,18508.717,23330.414,14.138603,54.0286,1.0100975,15.164769,7.0965095,74.98787,118.15947,7.121381,-18.839836,124.65477,1.7748115,14.179577,0,87,764.40656
5/14/2026 16:18,17562.61,22001.238,13.271218,56.939148,1.0093879,14.300805,7.5137424,79.40524,125.08599,7.140525,-19.907951,133.71945,1.127664,14.437461,0,87,764.40656
5/14/2026 16:48,17095.08,21314.682,12.826518,58.49636,1.0090126,13.854544,7.2149897,76.35777,120.26,7.134288,-19.578934,134.59683,1.1769394,14.6352415,0,87,764.40656
5/14/2026 17:18,16550.328,20531.799,12.320342,60.421764,1.0085877,13.34567,7.134098,75.603905,119.04546,7.101247,-17.77649,137.56752,1.0338825,14.847262,0,87,764.40656
5/14/2026 17:48,29307.777,37183.81,23.538208,34.120636,1.0173676,24.169476,10.066751,112.106,176.69635,7.8819013,-60.505867,112.94842,0.55393165,13.91029,0,87,764.40656
5/14/2026 18:18,31491.213,41318.957,26.34623,31.75489,1.019783,26.85732,10.446379,115.04995,181.58109,7.9745827,-65.27424,120.09621,0.3402164,12.547081,0,87,764.40656
5/14/2026 18:48,31849.357,42647.918,27.218262,31.397808,1.0205994,27.721148,10.329599,112.449585,177.6094,7.9813776,-65.460205,117.25426,0.50104856,11.743322,0,87,764.40656
5/14/2026 19:18,32022.838,43409.664,27.71365,31.227713,1.0210649,28.216282,10.258404,110.883095,175.20987,7.9838343,-65.48405,126.78146,0.6130798,11.266448,0,87,764.40656
5/14/2026 19:48,32007.56,43557.234,27.804058,31.242619,1.0211601,28.312202,10.124903,109.15058,172.49484,7.973486,-64.888,129.22287,0.7642089,11.117231,0,87,764.40656
5/14/2026 20:18,31870.13,43635.8,27.837446,31.377342,1.0212249,28.363272,10.042464,107.73697,170.29544,7.9669094,-64.47792,131.68811,0.90085715,10.883069,0,87,764.40656
5/14/2026 20:48,31832.957,43677.645,27.859194,31.413984,1.0212551,28.39047,9.950956,106.58213,168.48177,7.9580145,-63.97724,114.31217,1.1891658,10.801874,0,87,764.40656
5/14/2026 21:18,31887.252,43555.02,27.789145,31.360495,1.0211723,28.310762,9.95242,106.95035,169.03868,7.9587917,-64.058304,124.3639,0.7932814,10.974567,0,87,764.40656
5/14/2026 21:48,31917.951,43596.97,27.818731,31.330332,1.0211953,28.33803,9.9514475,106.95991,169.05379,7.9597588,-64.110756,127.46334,0.70508856,10.974556,0,87,764.40656
5/14/2026 22:18,31895.787,43572.13,27.80075,31.352102,1.0211822,28.321884,9.88987,106.27495,167.9719,7.9537134,-63.78174,132.16972,0.8288824,10.969774,0,87,764.40656
5/14/2026 22:48,31898.508,43573.344,27.801819,31.349428,1.0211825,28.322674,9.71775,104.431015,165.05717,7.9338393,-62.704086,128.11185,0.76411456,10.971975,0,87,764.40656
5/14/2026 23:18,31887.426,43556.332,27.78998,31.360323,1.0211731,28.311617,9.436976,101.40967,160.28157,7.8966513,-60.687065,132.5369,0.470012,10.973623,0,87,764.40656
5/14/2026 23:48,31883.453,43466.355,27.7335,31.364231,1.0211169,28.253132,9.019767,97.04819,153.37819,7.8334394,-57.27291,126.338005,0.557377,11.0481825,0,87,764.40656
5/15/2026 0:18,31794.342,43132.168,27.515255,31.452137,1.0209157,28.03591,8.606614,92.85412,146.72542,7.75537,-53.071976,118.079185,0.7792633,11.23757,0,87,764.40656
5/15/2026 0:48,30963.309,41616.19,26.479633,32.29629,1.0200517,27.050526,8.118339,87.6923,138.52448,7.633187,-46.49639,94.91444,0.66909623,11.597942,0,87,764.40656
5/15/2026 1:18,28967.389,38447.723,24.301632,34.52158,1.018282,24.99102,7.7236958,83.16579,131.31517,7.4804173,-38.256645,85.16312,1.5746408,12.090194,0,87,764.40656
5/15/2026 1:48,26666.322,34984.54,21.933493,37.500484,1.0163739,22.73995,7.284605,78.047226,123.17991,7.3172197,-29.416084,86.96556,3.6455193,12.551395,0,87,764.40656
5/15/2026 2:18,25824.678,33760.28,21.100187,38.722652,1.0157067,21.944183,6.99721,74.804695,118.04632,7.236834,-25.043488,79.97513,1.2294726,12.693333,0,87,764.40656
5/15/2026 2:48,25255.959,32991.113,20.57496,39.594616,1.0152963,21.444223,6.785124,72.34766,114.165535,7.188299,-22.397041,79.13113,1.5423957,12.724512,0,87,764.40656
5/15/2026 3:18,24147.023,31499.4,19.560108,41.41297,1.0145046,20.474611,6.492328,68.86868,108.66995,7.123062,-18.839836,91.0902,1.0902642,12.779411,0,87,764.40656
5/15/2026 3:48,23621.912,30811.25,19.09272,42.333576,1.0141436,20.027313,6.236762,65.970634,104.09661,7.086112,-16.822815,93.49823,3.564479,12.783516,0,87,764.40656
5/15/2026 4:18,23054.113,30084.273,18.599224,43.37621,1.0137662,19.55478,6.0607014,63.885925,100.80887,7.0519786,-14.958382,94.475746,3.4164414,12.765328,0,86,764.40656
5/15/2026 4:48,22530.748,29405.584,18.140364,44.38379,1.0134134,19.11363,5.814045,61.102795,96.417786,7.0232387,-13.365746,87.275505,0.69645804,12.759499,0,86,764.40656
5/15/2026 5:18,22288.094,29094.87,17.930452,44.867004,1.0132531,18.911665,5.6319623,59.101055,93.25985,7.0127926,-12.779236,96.1113,0.673333,12.751255,0,86,764.40656
5/15/2026 5:48,21622.248,28215.62,17.33961,46.24866,1.0127953,18.340153,5.4659376,57.16506,90.20365,6.9722457,-10.504723,103.63102,3.16723,12.765546,0,86,764.40656
5/15/2026 6:18,20807.582,27151.031,16.626385,48.059406,1.0122453,17.64817,5.23294,54.487537,85.978485,6.968335,-10.2853775,118.79921,1.4737426,12.767765,0,86,764.40656
5/15/2026 6:48,29016.803,39605.52,25.023882,34.46279,1.0190212,25.743587,8.590519,90.763054,143.45065,7.7144313,-50.807,89.5834,0.6956474,11.002375,0,86,764.40656
5/15/2026 7:18,31569.55,43579.188,27.7675,31.676092,1.0212214,28.326471,9.278438,98.824005,156.24858,7.8685727,-59.080124,105.17597,0.4104629,10.571626,0,86,764.40656
5/15/2026 7:48,31657.549,43698.168,27.851519,31.588043,1.0212864,28.40381,9.341667,99.555466,157.40479,7.882472,-59.833527,112.40482,0.28094345,10.5737915,0,86,764.40656
5/15/2026 8:18,31691.041,43741.734,27.882437,31.554659,1.02131,28.432129,9.445301,100.68487,159.19016,7.898923,-60.725212,113.4491,0.3672134,10.5760975,0,86,764.40656
5/15/2026 8:48,31750.416,43790.805,27.919817,31.495651,1.0213345,28.464024,9.532598,101.70284,160.79576,7.909812,-61.32126,109.78699,0.1646821,10.604583,0,86,764.40656
5/15/2026 9:18,31872.691,43784.312,27.930038,31.37482,1.0213176,28.459805,9.66627,103.47708,163.57976,7.9238973,-62.117577,119.4191,0.07884893,10.756422,0,86,764.40656
5/15/2026 9:48,31914.941,43825.676,27.960608,31.333286,1.021339,28.486689,9.734004,104.2555,164.80827,7.930435,-62.475204,121.31214,0.04007109,10.770931,0,86,764.40656
5/15/2026 10:18,31935.195,43770.465,27.928637,31.313414,1.0213023,28.450802,9.66407,103.64808,163.83789,7.9219637,-62.031746,123.99197,0.1980531,10.8432455,0,86,764.40656
5/15/2026 10:48,32114.793,43772.254,27.950163,31.138298,1.0212837,28.451965,9.728693,104.83899,165.68983,7.9251475,-62.25109,118.13164,0.39178464,11.056504,0,86,764.40656
5/15/2026 11:18,32353.123,43746.086,27.960289,30.908916,1.0212395,28.434956,9.832361,106.66964,168.5374,7.9309273,-62.63256,124.06826,0.09189986,11.364716,0,86,764.40656
5/15/2026 11:48,33021.035,43654.176,27.972713,30.283726,1.0210949,28.375214,10.091467,111.57148,176.14082,7.935412,-63.07125,124.06349,0.17465878,12.247293,0,86,764.40656
5/15/2026 12:18,33427.375,43408.293,27.856186,29.9156,1.0208741,28.21539,10.260818,115.07877,181.55417,7.9278083,-62.81376,124.70245,0.055307828,12.961721,0,86,764.40656
5/15/2026 12:48,33200.953,42572.086,27.301125,30.119617,1.0203489,27.671856,10.022579,113.22375,178.53696,7.87347,-59.952736,115.58056,0.036498863,13.47519,0,86,764.40656
5/15/2026 13:18,31093.201,39249.41,24.997042,32.161373,1.01845,25.512117,9.398023,106.06859,167.14417,7.718612,-51.59378,119.73381,0.0350824,14.120175,0,86,764.40656
5/15/2026 13:48,28128.393,35011.152,22.069593,35.551266,1.0160874,22.75725,8.778018,98.48308,155.09428,7.5295553,-41.308403,121.831894,0.16409776,14.70745,0,86,764.40656
5/15/2026 14:18,25553.654,31593.215,19.726355,39.133347,1.0142355,20.535591,8.422235,93.68657,147.49513,7.385025,-33.397675,126.35231,0.34539923,14.991286,0,86,764.40656
5/15/2026 14:48,23601.555,28931.11,17.92542,42.37009,1.0127864,18.805222,8.210188,91.00453,143.215,7.2823744,-27.785301,120.85438,0.6228611,15.355216,0,86,764.40656
5/15/2026 15:18,22535.447,27367.29,16.880861,44.374535,1.0119102,17.788736,8.326408,92.46386,145.44557,7.255741,-26.35479,128.85094,0.31397426,15.756262,0,86,764.40656
5/15/2026 15:48,21961.717,26492.096,16.300146,45.53378,1.0114099,17.219862,8.252053,91.85834,144.44467,7.2202005,-24.41883,133.32367,0.5428897,16.046663,0,86,764.40656
5/15/2026 16:18,21123.03,25398.387,15.570257,47.341694,1.010825,16.508951,8.204496,91.18496,143.36232,7.216016,-24.199486,135.04982,0.42929235,16.186811,0,86,764.40656
5/15/2026 16:48,21719.387,26060.824,16.016882,46.041817,1.0111482,16.939535,8.191666,91.45954,143.77861,7.19189,-22.873878,131.34003,0.6980096,16.278082,0,86,764.40656
5/15/2026 17:18,21199.402,25419.72,15.587765,47.171143,1.0108148,16.52282,8.035599,89.53749,140.75214,7.205911,-23.651123,137.31479,0.57231915,16.307573,0,86,764.40656
5/15/2026 17:48,20261.494,24283.826,14.82959,49.354702,1.0102321,15.784487,7.904061,87.70359,137.86597,7.182156,-22.33982,134.94016,0.595263,16.327835,0,86,764.40656
5/15/2026 18:18,17211.062,20631.885,12.417659,58.102165,1.0083929,13.410726,8.164916,89.26609,140.32356,7.1527486,-20.713806,137.12883,0.6361057,16.31923,0,86,764.40656
5/15/2026 18:48,32007.78,41776.26,26.684666,31.242405,1.0200065,27.15457,9.943744,110.23539,173.94734,7.9214664,-62.422752,111.57513,0.63008857,12.757668,0,86,764.40656
5/15/2026 19:18,32427.855,42964.582,27.477032,30.837685,1.0207268,27.926977,10.212651,112.351974,177.3874,7.9650893,-64.668655,120.19634,0.56405216,12.160094,0,86,764.40656
5/15/2026 19:48,32494.129,43449.156,27.789112,30.77479,1.021032,28.241953,10.157256,111.105286,175.47726,7.9657164,-64.62097,123.47221,0.52260244,11.799243,0,86,764.40656
5/15/2026 20:18,32500.512,43596.125,27.88216,30.768745,1.0211257,28.337482,10.068811,109.91012,173.60915,7.960623,-64.315796,127.05326,0.70948124,11.674912,0,86,764.40656
5/15/2026 20:48,32477.312,43659.71,27.919615,30.790726,1.0211693,28.378813,10.0440645,109.46706,172.92252,7.962466,-64.39686,124.54033,0.7672624,11.590245,0,86,764.40656
5/15/2026 21:18,32442.012,43643.605,27.905716,30.824228,1.0211633,28.368343,9.937706,108.233635,170.9784,7.951968,-63.819885,131.95514,0.79041535,11.562272,0,86,764.40656
5/15/2026 21:48,32466.242,43682.805,27.93291,30.801224,1.0211856,28.393824,9.840894,107.183975,169.32112,7.9433966,-63.352585,128.48854,0.6282332,11.556391,0,86,764.40656
5/15/2026 22:18,32351.488,43669.977,27.912457,30.910479,1.0211914,28.385487,9.894429,107.46181,169.77916,7.9509335,-63.734055,131.96945,0.8127051,11.430241,0,86,764.40656
5/15/2026 22:48,32321.127,43679.023,27.914804,30.939516,1.0212007,28.391365,9.848713,106.86476,168.84254,7.948308,-63.581467,140.13766,0.83290696,11.385816,0,86,764.40656
5/15/2026 23:18,32294.285,43654.42,27.896471,30.96523,1.0211883,28.375374,9.767939,105.95254,167.40276,7.94089,-63.176155,135.0689,1.1271567,11.375459,0,86,764.40656
5/15/2026 23:48,32336.24,43680.848,27.917597,30.925055,1.0212001,28.392551,9.532437,103.47142,163.47878,7.9146256,-61.75518,131.95038,0.7621805,11.402316,0,86,764.40656
5/16/2026 0:18,32324.25,43643.363,27.892824,30.936525,1.0211776,28.368187,9.107525,98.883934,156.2282,7.862947,-58.951378,130.18608,0.413848,11.42122,0,86,764.40656
5/16/2026 0:48,32278.232,43526.62,27.814703,30.98063,1.0211086,28.292305,8.687122,94.37149,149.09247,7.7978306,-55.422783,116.58192,0.4263542,11.469871,0,86,764.40656
5/16/2026 1:18,31952.15,42879.617,27.374355,31.296799,1.0207351,27.871752,8.229111,89.507164,141.38379,7.701667,-50.230026,111.021996,0.3571885,11.657558,0,86,764.40656
5/16/2026 1:48,30346.455,40321.348,25.60722,32.952778,1.0192993,26.208876,7.825042,84.87532,134.01968,7.5679135,-43.01548,91.35246,0.44436082,12.047909,0,86,764.40656
5/16/2026 2:18,27606.674,36263.27,22.813236,36.223125,1.0170616,23.571127,7.359807,79.20481,125.012764,7.3893538,-33.345222,86.50303,0.537334,12.501815,0,86,764.40656
5/16/2026 2:48,26565.838,34755.727,21.782576,37.64233,1.0162385,22.59122,7.025178,75.37577,118.95099,7.2842426,-27.627945,85.463524,0.4469439,12.662753,0,86,764.40656
5/16/2026 3:18,25928.305,33934.383,21.217052,38.56789,1.0158045,22.057348,6.8039227,72.720604,114.7625,7.225984,-24.447441,81.04324,0.20037499,12.647739,0,86,764.40656
5/16/2026 3:48,25129.361,32910.74,20.514278,39.794086,1.0152669,21.39198,6.5650826,69.820045,110.18786,7.1754265,-21.686554,83.15086,2.076843,12.621003,0,86,764.40656
5/16/2026 4:18,24406.42,31992.328,19.885542,40.972828,1.0147878,20.795013,6.3233232,66.93381,105.636444,7.122772,-18.811226,84.7435,2.3585832,12.585524,0,86,764.40656
5/16/2026 4:48,24059.473,31594.81,19.611118,41.56367,1.0145881,20.536629,6.0863767,64.215004,101.35255,7.093485,-17.209053,81.772804,22.22349,12.513128,0,86,764.40656
5/16/2026 5:18,23448.146,30854.602,19.10429,42.647293,1.0142105,20.05549,5.910045,62.048744,97.94098,7.072936,-16.083717,89.38789,3.3388045,12.432262,0,86,764.40656
5/16/2026 5:48,23478.941,30929.105,19.152529,42.59136,1.0142547,20.103918,5.676705,59.56068,94.01757,7.036247,-14.081001,96.731186,0.7260097,12.388547,0,86,764.40656
5/16/2026 6:18,22639.889,29860.547,18.427092,44.16983,1.0137029,19.409357,5.566682,58.079906,91.68433,7.0341043,-13.961792,100.951195,0.36863485,12.339651,0,86,764.40656
5/16/2026 6:48,21876.736,28894.066,17.77325,45.71066,1.013207,18.781143,5.486975,56.94597,89.89895,7.0079722,-12.488365,102.915764,0.5400825,12.284604,0,86,764.40656
5/16/2026 7:18,22175.873,29280.14,18.033628,45.09405,1.0134059,19.032091,5.520821,57.406086,90.62428,7.0309057,-13.785362,113.09147,0.42101264,12.296811,0,86,764.40656
5/16/2026 7:48,22209.406,29240.111,18.012222,45.025967,1.0133712,19.006073,5.964755,62.167522,98.13042,7.0224233,-13.303757,117.936134,0.5876707,12.411137,0,86,764.40656
5/16/2026 8:18,31141.086,41778.938,26.599966,32.11192,1.020133,27.15631,9.368001,101.42253,160.20341,7.8284206,-57.12509,96.850395,2.8706367,11.668987,0,86,764.40656
5/16/2026 8:48,32030.477,43234.54,27.605015,31.220266,1.0209525,28.102451,9.646502,104.56969,165.20963,7.8982716,-60.87303,104.613304,0.033457372,11.432143,0,86,764.40656
5/16/2026 9:18,32200.156,43309.164,27.67003,31.05575,1.0209793,28.150957,9.798186,106.57373,168.35501,7.92027,-62.098503,113.25359,0.031940363,11.570432,0,86,764.40656
5/16/2026 9:48,32398.824,43225.207,27.63827,30.865318,1.0208998,28.096384,9.883307,108.20756,170.88702,7.9258366,-62.470436,115.9811,0.032063376,11.886671,0,86,764.40656
5/16/2026 10:18,32751.48,43424.344,27.80009,30.53297,1.0209818,28.225824,9.980691,109.957535,173.61147,7.939732,-63.28106,119.06147,0.029070979,12.131903,0,86,764.40656
5/16/2026 10:48,33060.43,43528.848,27.897295,30.24764,1.0210075,28.29375,10.057367,111.52178,176.03569,7.9444656,-63.60054,115.47089,0.027198981,12.408703,0,86,764.40656
5/16/2026 11:18,33226.703,43529.797,27.91427,30.096275,1.0209843,28.294369,10.085448,112.31575,177.25551,7.9460998,-63.734055,122.532845,0.031160848,12.607823,0,86,764.40656
5/16/2026 11:48,33406.56,43551.535,27.945494,29.934242,1.0209724,28.308498,10.177284,113.82916,179.61018,7.9535074,-64.18228,123.0669,0.18044418,12.804091,0,86,764.40656
5/16/2026 12:18,33679.05,43437.383,27.898214,29.692049,1.0208547,28.234299,10.24877,115.63884,182.38832,7.9484997,-64.00585,118.76583,0.030384347,13.238068,0,86,764.40656
5/16/2026 12:48,34418.766,43288.477,27.867186,29.053919,1.0206296,28.137508,10.286905,118.55025,186.78317,7.9371624,-63.614845,117.611885,0.03135388,14.272367,0,86,764.40656
5/16/2026 13:18,34807.406,42946.457,27.676147,28.729517,1.020319,27.915197,10.16266,118.91075,187.18898,7.8939795,-61.416626,120.5349,0.027923174,15.077683,0,86,764.40656
5/16/2026 13:48,31763.307,38146.465,24.334984,31.482868,1.0175135,24.795202,9.229945,108.30952,170.27533,7.6691794,-49.242973,123.95859,0.0351198,16.239117,0,86,764.40656
5/16/2026 14:18,28347.795,33352.97,21.021786,35.27611,1.0147892,21.67943,8.723831,102.15625,160.42654,7.453651,-37.45079,126.9722,0.038535103,17.143095,0,86,764.40656
5/16/2026 14:48,25963.107,30151.553,18.833405,38.51619,1.0129956,19.598509,8.525788,99.67441,156.414,7.323079,-30.274391,124.70722,0.085218064,17.727062,0,86,764.40656
5/16/2026 15:18,24482.264,27988.027,17.374926,40.845898,1.0117298,18.192217,8.593867,101.00538,158.35472,7.2713823,-27.470589,134.54437,0.040996656,18.441917,0,86,764.40656
5/16/2026 15:48,23850.732,26936.566,16.67363,41.927433,1.0110725,17.508768,8.667569,102.560936,160.67163,7.2311993,-25.281906,139.78958,0.18874797,19.002132,0,86,764.40656
5/16/2026 16:18,22848.783,25581.992,15.766143,43.766006,1.0102928,16.628296,8.75765,103.8806,162.64758,7.212903,-24.294853,142.7698,0.18408246,19.406223,0,86,764.40656
5/16/2026 16:48,23171.488,25653.07,15.823555,43.156487,1.0102146,16.674496,9.021484,108.14257,169.19281,7.232824,-25.453568,140.84816,0.50797856,19.935274,0,86,764.40656
5/16/2026 17:18,22637.438,24941.822,15.348157,44.17461,1.0098017,16.212185,8.833804,106.05735,165.87537,7.218933,-24.695396,147.48096,0.28824493,20.162806,0,86,764.40656
5/16/2026 17:48,22289.697,24414.756,14.998308,44.863777,1.0094712,15.869592,9.003192,108.447205,169.54292,7.239438,-25.868416,141.39651,0.5093264,20.442934,0,86,764.40656
5/16/2026 18:18,22091.793,24082.506,14.778756,45.26568,1.0092509,15.653628,8.962601,108.29044,169.23967,7.234488,-25.610924,144.51027,0.4828797,20.672134,0.009,86,764.40656
5/16/2026 18:48,22063.611,24103.7,14.7914715,45.323498,1.0092851,15.667405,8.754618,105.577545,165.02554,7.23856,-25.830269,144.36722,0.6947109,20.568693,0,86,764.40656
5/16/2026 19:18,22582.607,24813.275,15.263776,44.281868,1.0097072,16.128628,8.754288,105.31293,164.67943,7.2119284,-24.313927,150.47073,0.7191473,20.29329,0.009,86,764.40656
5/16/2026 19:48,33850.336,42145.96,27.081316,29.541803,1.01994,27.394875,9.300312,107.584915,169.4305,7.925397,-63.061714,124.71676,1.805509,14.694719,0,86,764.40656
5/16/2026 20:18,34287.223,43238.49,27.823843,29.165384,1.0206183,28.105017,9.800715,112.66022,177.52368,7.9700336,-65.39345,127.96402,2.03199,14.161216,0,86,764.40656
5/16/2026 20:48,34136.273,43352.29,27.884384,29.294352,1.0207225,28.178988,9.860596,112.71448,177.66277,7.969242,-65.283775,124.30191,1.8701154,13.869935,0,86,764.40656
5/16/2026 21:18,34063.844,43364.684,27.886068,29.35664,1.020743,28.187044,9.671135,110.32411,173.91267,7.9564238,-64.55898,132.27463,2.2467284,13.7706995,0,86,764.40656
5/16/2026 21:48,33679.9,43462.816,27.91456,29.691301,1.0208716,28.250832,9.648981,108.83079,171.65431,7.94493,-63.80558,134.83047,2.7253466,13.215337,0,86,764.40656
5/16/2026 22:18,33744.473,43355.48,27.851736,29.634483,1.0207891,28.181063,9.426953,106.68003,168.23224,7.9404554,-63.60054,138.55457,2.4030437,13.39376,0,86,764.40656
5/16/2026 22:48,33690.867,43395.7,27.872618,29.681635,1.0208248,28.207205,9.44501,106.67082,168.23485,7.9429636,-63.71498,127.87342,2.3017724,13.291321,0,86,764.40656
5/16/2026 23:18,33463.89,43396.145,27.85187,29.882957,1.0208604,28.207493,9.540333,107.119225,168.98769,7.94888,-63.97724,135.08319,1.9597595,13.017062,0,86,764.40656
5/16/2026 23:48,33416.703,43443.65,27.877718,29.925154,1.0208992,28.238373,9.522476,106.71036,168.35922,7.9447536,-63.729286,140.10907,2.2242732,12.916049,0,86,764.40656
5/17/2026 0:18,33501.36,43400.043,27.857866,29.849535,1.0208573,28.21003,9.296345,104.47427,164.8084,7.925674,-62.71839,141.73508,1.8149807,13.058637,0,86,764.40656
5/17/2026 0:48,33700.355,43431.83,27.896616,29.673277,1.0208476,28.230688,8.903306,100.521164,158.53947,7.8823676,-60.396194,131.2685,122.41726,13.268944,0,86,764.40656
5/17/2026 1:18,33799.21,43377.883,27.871046,29.586489,1.0207955,28.195625,8.337325,94.44889,148.93727,7.807294,-56.324005,135.46466,1.0582159,13.438785,0,86,764.40656
5/17/2026 1:48,33936.504,43332.957,27.854471,29.466795,1.0207427,28.166424,7.664528,87.193275,137.46701,7.7009196,-50.53997,125.21267,1.0588682,13.646955,0,86,764.40656
5/17/2026 2:18,33404.656,42309.56,27.150408,29.935946,1.0201352,27.501215,7.298857,83.24275,131.19391,7.6091294,-45.56656,102.148056,0.7696558,13.980617,0,86,764.40656
5/17/2026 2:48,31133.129,38897.215,24.774874,32.120125,1.018196,25.28319,6.8644686,78.05483,122.94407,7.4502807,-36.931038,84.114075,1.6366186,14.549465,0,86,764.40656
5/17/2026 3:18,28757.973,35526.14,22.442738,34.772964,1.0163118,23.091991,6.3584576,71.96954,113.300766,7.2936974,-28.37658,97.94235,0.5306418,15.025534,0,86,764.40656
5/17/2026 3:48,27988.95,34448.062,21.701733,35.728386,1.0157126,22.391241,6.0470767,68.35461,107.59112,7.2160683,-24.118423,94.885826,0.50514764,15.183091,0,86,764.40656
5/17/2026 4:18,27548.545,33910.758,21.32952,36.299557,1.0154283,22.041994,5.8246584,65.682396,103.3857,7.1796985,-22.115707,87.84294,0.38327193,15.177155,0,86,764.40656
5/17/2026 4:48,26983.354,33221.203,20.852945,37.059887,1.0150646,21.593782,5.495773,61.78282,97.24853,7.137959,-19.817352,86.02619,0.43410808,15.169262,0,86,764.40656
5/17/2026 5:18,26375.865,32495.812,20.35209,37.91345,1.0146865,21.122278,5.208773,58.34165,91.83497,7.0990133,-17.671585,92.17262,0.5234833,15.139771,0,86,764.40656
5/17/2026 5:48,26249.389,32390.855,20.27711,38.096127,1.014642,21.054056,4.933567,55.158123,86.83022,7.0675473,-15.935898,95.01934,0.45263517,15.07304,0,86,764.40656
5/17/2026 6:18,25693.879,31762.621,19.842667,38.919777,1.0143237,20.645704,4.816424,53.62067,84.41702,7.04977,-14.953613,94.56158,0.563264,14.996568,0,86,764.40656
5/17/2026 6:48,25752.732,31844.258,19.89814,38.83083,1.0143684,20.698769,4.548095,50.63827,79.722755,7.0442343,-14.6484375,101.7189,0.7555723,14.9847555,0,86,764.40656
5/17/2026 7:18,24945.072,30803.424,19.188198,40.088078,1.0138131,20.022226,4.2140865,46.77123,73.629974,6.994373,-11.839867,105.79109,0.6178315,15.042665,0,86,764.40656
5/17/2026 7:48,25303.656,31179.023,19.44859,39.51998,1.0139953,20.266367,4.3875933,48.86661,76.9209,6.9845295,-11.286736,120.2631,0.6529221,15.134047,0,86,764.40656
5/17/2026 8:18,25151.67,30927.928,19.280336,39.758793,1.0138496,20.103153,4.4763227,49.89338,78.52953,7.0144644,-12.984276,127.17724,0.67997843,15.22172,0,86,764.40656
5/17/2026 8:48,25518.09,31349.783,19.570532,39.187885,1.0140644,20.377357,4.670004,52.186462,82.13516,7.0172973,-13.1464,134.5682,0.611493,15.260721,0,86,764.40656
5/17/2026 9:18,32987.34,42826.6,27.444086,30.314661,1.020554,27.83729,9.6477375,107.94632,170.30003,7.896609,-61.11145,110.59761,0.47452474,12.971387,0,86,764.40656
5/17/2026 9:48,33245.836,43402.926,27.835472,30.078955,1.0208977,28.211903,9.781208,109.19448,172.30649,7.9299793,-62.885284,118.26038,0.31187186,12.747719,0,86,764.40656
5/17/2026 10:18,33254.16,43497.027,27.896116,30.071426,1.0209588,28.273067,9.972096,111.188354,175.46568,7.9502106,-63.972473,121.08326,0.19571753,12.670979,0,86,764.40656
5/17/2026 10:48,33389.65,43534,27.932709,29.949402,1.0209633,28.2971,10.012055,111.96224,176.66502,7.9565816,-64.349174,119.46201,0.19587664,12.799926,0,86,764.40656
5/17/2026 11:18,33409.39,43479.902,27.900133,29.931704,1.0209244,28.261936,10.012327,112.11584,176.8948,7.9577622,-64.43024,125.64182,0.48975438,12.873663,0,86,764.40656
5/17/2026 11:48,33655.996,43515.137,27.94581,29.712387,1.0209104,28.28484,10.044856,113.13513,178.45703,7.9592905,-64.57329,127.596855,0.6573869,13.137799,0,86,764.40656
5/17/2026 12:18,33806.36,43482.273,27.938604,29.580233,1.0208647,28.263477,10.060961,113.811745,179.48671,7.9562387,-64.45408,130.87273,0.70122427,13.349452,0,86,764.40656
5/17/2026 12:48,34268.52,43476.926,27.976158,29.181301,1.0207851,28.260002,10.217236,116.956505,184.34135,7.9676795,-65.20748,125.784874,1.0376086,13.911002,0,86,764.40656
5/17/2026 13:18,34823.9,43391.33,27.967018,28.715912,1.0206279,28.204363,10.2787285,119.47548,188.16292,7.9672627,-65.3553,131.29234,0.28975102,14.662528,0,86,764.40656
5/17/2026 13:48,35825.96,43406.297,28.052805,27.91272,1.0204437,28.214092,10.228671,121.847176,191.6434,7.9476585,-64.54468,129.75693,0.22261828,15.856712,0,86,764.40656
5/17/2026 14:18,35870.734,42124.043,27.20828,27.87788,1.0194944,27.380629,9.845833,119.88086,188.24158,7.868515,-60.46295,127.56348,0.04082059,17.227755,0,86,764.40656
5/17/2026 14:48,32396.098,36624.54,23.371168,30.867916,1.0161699,23.80595,8.736551,107.48209,168.39192,7.5993347,-45.809746,126.43337,0.16805273,18.9553,0,86,764.40656
5/17/2026 15:18,29402.05,32537.59,20.53973,34.011234,1.0137823,21.149435,8.250578,101.731255,159.15762,7.4145365,-35.624504,133.91971,0.22548844,19.954626,0,86,764.40656
5/17/2026 15:48,27874.39,30374.56,19.05892,35.875225,1.0124824,19.743464,8.090066,100.26959,156.70009,7.331265,-31.042099,138.86452,0.5291583,20.690506,0,86,764.40656
5/17/2026 16:18,26659.648,28650.98,17.886612,37.509872,1.0114307,18.623138,8.083505,100.76068,157.30513,7.2870975,-28.629303,145.79773,0.31765962,21.361092,0.009,86,764.40656
5/17/2026 16:48,26535.861,28336.996,17.676691,37.684853,1.0111943,18.419048,8.060954,100.93982,157.50734,7.2502203,-26.583672,146.55591,0.5567795,21.672186,0.009,86,764.40656
5/17/2026 17:18,25366.309,26932.486,16.722313,39.42237,1.010403,17.506117,8.0584135,100.87791,157.33907,7.22184,-25.010109,153.31744,0.41291088,21.955395,0.018,86,764.40656
5/17/2026 17:48,25447.088,26842.344,16.66542,39.297226,1.0102781,17.447525,8.015788,100.9126,157.31009,7.2309914,-25.553703,155.01498,0.6719207,22.278553,0.018,86,764.40656
5/17/2026 18:18,24682.064,25854.21,15.998765,40.51525,1.0096866,16.805237,7.8165417,98.65514,153.70203,7.2237883,-25.177002,149.30249,0.54138875,22.626347,0.027,86,764.40656
5/17/2026 18:48,24392.553,25517.943,15.771802,40.99612,1.0094992,16.586662,7.722245,97.45286,151.81236,7.2146583,-24.666786,146.45576,0.6487752,22.690998,0.027,86,764.40656
5/17/2026 19:18,23993.04,25111.707,15.496895,41.678757,1.0092983,16.32261,7.4155407,93.39366,145.49466,7.194262,-23.51284,153.57495,0.7867908,22.667662,0.027,86,764.40656
5/17/2026 19:48,24466.205,25749.926,15.925244,40.872707,1.0096922,16.737452,7.276746,91.404,142.46117,7.182992,-22.854805,154.5763,0.8864155,22.389875,0.018,86,764.40656
5/17/2026 20:18,22308.768,23571.223,14.455249,44.825424,1.0086339,15.321295,7.1511445,88.744644,138.36061,7.160512,-21.572113,156.96526,1.0004784,22.195854,0.018,86,764.40656
5/17/2026 20:48,33851.734,41881.64,26.909998,29.540585,1.019754,27.223066,9.652109,112.14348,176.55838,7.9137583,-62.479973,130.47696,0.6396861,14.961856,0,86,764.40656
5/17/2026 21:18,33870.99,42550.863,27.344933,29.523792,1.020218,27.658062,10.083741,115.94741,182.67307,7.9634676,-65.0692,137.27664,0.75310504,14.319989,0,86,764.40656
5/17/2026 21:48,33627.074,42706.01,27.4244,29.737942,1.0203679,27.758907,10.1765785,115.99406,182.83217,7.9760303,-65.65571,139.52731,0.7840278,13.869551,0,86,764.40656
5/17/2026 22:18,33397.254,42908.17,27.533865,29.942581,1.0205437,27.890312,10.131656,114.43091,180.45497,7.974703,-65.47451,143.66626,1.1793791,13.394895,0,86,764.40656
5/17/2026 22:48,33326.95,43074.004,27.63347,30.005747,1.0206665,27.998102,10.113437,113.7207,179.3781,7.9745817,-65.41252,141.87813,1.2544712,13.152553,0,86,764.40656
5/17/2026 23:18,33469.277,43038.074,27.623526,29.878147,1.0206195,27.974749,9.959818,112.47007,177.36905,7.9634323,-64.84985,148.23914,1.0924908,13.359511,0,86,764.40656
5/17/2026 23:48,33452.85,43238.94,27.750456,29.892818,1.0207571,28.105312,9.9412365,111.861084,176.44516,7.9567957,-64.43977,145.50687,1.0373447,13.150481,0,86,764.40656
5/18/2026 0:18,33392.18,43196.297,27.717604,29.947132,1.0207381,28.077593,9.890833,111.193405,175.39781,7.95737,-64.463615,142.04979,1.1695176,13.11693,0,86,764.40656
5/18/2026 0:48,33407.863,43227.363,27.738894,29.933073,1.0207562,28.097786,9.842209,110.63799,174.5234,7.9513044,-64.12983,131.2399,1.4147767,13.106837,0,86,764.40656
5/18/2026 1:18,33441.152,43198.875,27.723782,29.903276,1.020732,28.07927,9.615457,108.23006,170.71382,7.92809,-62.875748,124.21608,1.0548595,13.17387,0,86,764.40656
5/18/2026 1:48,33545.574,43209.754,27.740322,29.810192,1.0207229,28.086342,9.198054,103.793785,163.69756,7.8810654,-60.329437,110.92663,1.1905137,13.290189,0,86,764.40656
5/18/2026 2:18,33587.75,43087.848,27.666086,29.772758,1.0206339,28.007101,8.580793,97.118805,153.14474,7.797384,-55.78518,110.14938,4.8040366,13.456437,0,86,764.40656
5/18/2026 2:48,33681.84,42853.383,27.523893,29.68959,1.020459,27.854698,7.897935,89.93836,141.77353,7.6799917,-49.419403,101.80473,2.5545888,13.794689,0,86,764.40656
5/18/2026 3:18,32945.17,41372.875,26.509377,30.353462,1.019572,26.892368,7.4304285,85.02463,133.95267,7.563801,-43.13469,102.47707,3.3936908,14.335018,0,86,764.40656
5/18/2026 3:48,30544.46,37580.785,23.885988,32.73916,1.0173846,24.427511,6.657703,76.2937,120.08548,7.3583484,-31.952858,101.69506,2.0766692,15.19728,0,86,764.40656
5/18/2026 4:18,29095.5,35429.63,22.40436,34.369576,1.0161597,23.029259,6.0934606,69.82151,109.84376,7.2235045,-24.56665,97.1365,2.2791378,15.639763,0,86,764.40656
5/18/2026 4:48,28526.889,34645.266,21.863956,35.054646,1.0157229,22.519423,5.743853,65.75048,103.42573,7.1597924,-21.061897,94.23733,2.4100375,15.753888,0,86,764.40656
5/18/2026 5:18,28106.03,34128.383,21.505634,35.579556,1.0154471,22.183449,5.485258,62.662373,98.56729,7.1248603,-19.135475,97.27478,2.4938657,15.761167,0,86,764.40656
5/18/2026 5:48,27737.986,33669.848,21.188698,36.051643,1.0152014,21.8854,5.168579,58.948444,92.72374,7.079895,-16.655922,99.62559,2.3650448,15.776058,0,86,764.40656
5/18/2026 6:18,27349.324,33201.09,20.86446,36.563976,1.0149541,21.580708,4.963883,56.497448,88.868805,7.0575113,-15.420914,100.746155,2.1048615,15.772135,0,86,764.40656
5/18/2026 6:48,27268.703,33111.4,20.802084,36.672077,1.0149084,21.52241,4.791739,54.505535,85.73665,7.0406656,-14.491081,101.480484,0.7439018,15.76148,0,86,764.40656
5/18/2026 7:18,26809.977,32530.92,20.402964,37.29955,1.0145968,21.145098,4.70044,53.37076,83.94866,7.0309567,-13.957024,106.41098,0.78463334,15.792581,0,86,764.40656
5/18/2026 7:48,26838.973,32523.73,20.400232,37.25925,1.0145835,21.140425,4.581648,52.080383,81.9137,7.010183,-12.769699,107.81288,0.6237994,15.848795,0,86,764.40656
5/18/2026 8:18,26324.14,31718.62,19.8556,37.987946,1.0141171,20.617102,4.455166,50.727947,79.76371,7.0027666,-12.359619,126.6098,0.36257455,16.095657,0,86,764.40656
5/18/2026 8:48,26472.617,31809.777,19.92268,37.774883,1.0141442,20.676357,4.7424493,54.15202,85.13573,7.0229125,-13.508797,138.59271,0.10930432,16.215517,0,86,764.40656
5/18/2026 9:18,26299.268,31407.396,19.655733,38.023872,1.013885,20.414808,5.1124873,58.599644,92.09875,7.0532885,-15.22541,136.5614,0.19799766,16.484766,0,86,764.40656
5/18/2026 9:48,32666.863,37626.19,24.047249,30.61206,1.0168835,24.457026,8.359723,101.57464,159.31921,7.7139072,-52.046776,134.33932,0.10174975,18.099205,0,86,764.40656
5/18/2026 10:18,34901.395,42197.844,27.193403,28.652151,1.0197653,27.428598,9.845481,116.87899,183.81017,7.9308796,-63.638687,131.16837,0.03586285,15.947094,0,86,764.40656
5/18/2026 10:48,34499.234,42459.28,27.335104,28.98615,1.0200348,27.598532,10.057617,117.68895,185.24379,7.960086,-65.078735,126.85299,0.030154373,15.184561,0,86,764.40656
5/18/2026 11:18,34397.453,42387.15,27.280394,29.07192,1.0200039,27.551645,10.060079,117.55145,185.03828,7.948956,-64.45408,129.92383,0.03086769,15.131237,0,86,764.40656
5/18/2026 11:48,34438.867,42526.227,27.374107,29.03696,1.020094,27.642048,10.146327,118.417175,186.41905,7.9603186,-65.05966,130.36252,0.030535897,15.043274,0,86,764.40656
5/18/2026 12:18,34400.05,42544.527,27.383026,29.069725,1.0201145,27.653942,10.193583,118.8165,187.06122,7.968737,-65.50789,131.20651,0.031803664,14.977268,0,86,764.40656
5/18/2026 12:48,34423.402,42582.04,27.409235,29.050005,1.0201364,27.678326,10.224121,119.17084,187.62085,7.9771805,-65.97042,126.0376,0.03341486,14.968686,0,86,764.40656
5/18/2026 13:18,34521.16,42576.906,27.413412,28.967741,1.0201138,27.67499,10.313312,120.51838,189.7163,7.979952,-66.15162,131.62137,0.044165604,15.094,0,86,764.40656
5/18/2026 13:48,34963.867,42569.72,27.441635,28.600956,1.02002,27.670319,10.258426,121.234436,190.72571,7.9748883,-65.99903,129.47083,0.04074651,15.645649,0,86,764.40656
5/18/2026 14:18,35858.76,42505.953,27.46076,27.887188,1.0197809,27.62887,10.208257,123.4766,193.98677,7.965077,-65.722466,130.92517,0.035753816,16.812428,0,86,764.40656
5/18/2026 14:48,37040.562,42524.52,27.543798,26.99743,1.0195144,27.64094,10.067262,125.270615,196.44781,7.930603,-64.12983,124.59278,0.034579184,18.248175,0,86,764.40656
5/18/2026 15:18,37507.566,42238.562,27.37603,26.661287,1.0191734,27.455067,9.815697,124.096054,194.37262,7.884637,-61.75995,130.93472,0.03386663,19.135784,0,86,764.40656
5/18/2026 15:48,35874.48,39136.04,25.205622,27.874968,1.0171508,25.438425,8.902632,114.283325,178.61508,7.705993,-52.056313,136.81888,0.039034817,20.6367,0,86,764.40656
5/18/2026 16:18,33190.008,35505.36,22.655865,30.12955,1.0149772,23.078484,8.207873,105.63849,164.86183,7.5079484,-41.07952,144.78207,0.039753623,21.585793,0.009,86,764.40656
5/18/2026 16:48,31106.662,32905.273,20.843403,32.147453,1.0134647,21.38843,7.866997,101.20925,157.80891,7.3931675,-34.685135,145.18738,0.06889469,22.138203,0.018,86,764.40656
5/18/2026 17:18,29236.219,30611.604,19.257782,34.20415,1.0121357,19.897541,7.740536,99.59414,155.15938,7.327942,-31.061172,152.52591,0.039797824,22.647635,0.018,86,764.40656
5/18/2026 17:48,28478.285,29643.664,18.59356,35.114475,1.0115579,19.268381,7.685655,99.03832,154.21657,7.2797403,-28.367043,149.85562,0.19192186,22.941734,0.027,86,764.40656
5/18/2026 18:18,27743.13,28753.88,17.984156,36.04496,1.0110415,18.690022,7.5978923,97.95101,152.46634,7.2576265,-27.136803,154.65259,0.20857142,23.159594,0.027,86,764.40656
5/18/2026 18:48,27337.021,28295.469,17.670397,36.58043,1.0107877,18.392056,7.5053725,96.70093,150.50302,7.241339,-26.221275,156.48842,0.31946102,23.226551,0.027,86,764.40656
5/18/2026 19:18,26081.516,26960.436,16.758486,38.34133,1.010084,17.524284,7.2637725,93.21073,145.05417,7.1986914,-23.813248,142.0021,0.23941597,23.293177,0.027,86,764.40656
5/18/2026 19:48,25390.69,26234.104,16.26446,39.384514,1.0097063,17.052166,7.024061,89.9173,139.92319,7.177008,-22.587776,144.45782,0.23530345,23.316778,0.036,86,764.40656
5/18/2026 20:18,25325.37,26199.46,16.24023,39.4861,1.009705,17.02965,6.357192,81.27513,126.48884,7.1588945,-21.557808,162.80174,0.22248347,23.253246,0.027,86,764.40656
5/18/2026 20:48,25465.252,26390.75,16.369211,39.269196,1.0098255,17.153988,6.4481196,82.364784,128.20453,7.1578293,-21.49105,160.24112,0.44524252,23.163923,0.027,86,764.40656
5/18/2026 21:18,28763.07,32649.69,20.58593,34.766804,1.0140964,21.222298,7.2657914,87.600685,137.2789,7.472391,-38.704872,159.86443,0.5132648,18.76754,0.018,86,764.40656
5/18/2026 21:48,33036.188,41945.93,26.885397,30.269836,1.0199507,27.264854,10.057142,114.27271,180.11722,7.950671,-64.26811,143.2705,0.44296828,13.87905,0,86,764.40656
5/18/2026 22:18,33007.07,42078.49,26.967907,30.29654,1.0200464,27.351017,10.103491,114.46428,180.44978,7.9656277,-65.050125,140.419,0.16690737,13.712918,0,86,764.40656
5/18/2026 22:48,32310.742,41673.047,26.647161,30.94946,1.0198891,27.08748,10.132326,113.43574,178.9136,7.9789352,-65.67001,132.81345,0.3172718,13.237646,0,86,764.40656
5/18/2026 23:18,32172.48,41679.582,26.638708,31.082464,1.019916,27.091728,10.149061,113.19008,178.55775,7.9844027,-65.927505,136.24191,0.16539009,13.057605,0,86,764.40656
5/18/2026 23:48,32108.846,41708.523,26.651201,31.144066,1.0199456,27.11054,10.109528,112.50318,177.49286,7.9842467,-65.89413,140.24258,0.18043064,12.949682,0,85,764.40656
5/19/2026 0:18,32404.23,41847.418,26.766682,30.860168,1.019991,27.20082,9.985273,111.75091,176.26532,7.967205,-65.01675,136.99054,0.12706651,13.185467,0,85,764.40656
5/19/2026 0:48,32221.58,42202.938,26.975294,31.0351,1.0202568,27.43191,9.901854,109.64614,173.04082,7.960044,-64.496994,132.30801,0.8172936,12.61735,0,85,764.40656
5/19/2026 1:18,32110.803,42360.74,27.064219,31.142168,1.0203768,27.53448,9.802295,107.95009,170.41019,7.950467,-63.910484,136.56616,1.1578374,12.331529,0,85,764.40656
5/19/2026 1:48,32181.576,42327.33,27.050095,31.07368,1.0203446,27.512764,9.748698,107.62062,169.87108,7.9366,-63.180923,133.64792,1.4221964,12.450393,0,85,764.40656
5/19/2026 2:18,32274.158,42204.406,26.981276,30.98454,1.0202497,27.432865,9.531535,105.691666,166.78976,7.921685,-62.417984,132.97559,0.76010334,12.681188,0,85,764.40656
5/19/2026 2:48,32418.887,42050.746,26.897396,30.846216,1.020125,27.332985,9.139328,101.98685,160.89247,7.8768306,-60.038567,129.32777,0.40857312,13.007682,0,85,764.40656
5/19/2026 3:18,32489.605,41827.445,26.761683,30.779076,1.0199636,27.18784,8.585816,96.33941,151.93768,7.7951093,-55.63259,137.19083,0.58425224,13.31169,0,85,764.40656
5/19/2026 3:48,32656.262,41653.742,26.665442,30.621998,1.0198175,27.074932,7.913842,89.4482,141.0158,7.6715245,-48.937798,128.83664,11.515624,13.69076,0,85,764.40656
5/19/2026 4:18,32008.832,40198.363,25.678587,31.241377,1.0189332,26.128937,7.358731,83.77091,131.97768,7.5306196,-41.31317,123.615265,17.600372,14.333614,0,85,764.40656
5/19/2026 4:48,30036.504,36884.234,23.40242,33.292824,1.0169972,23.974752,6.5559163,75.030655,118.08664,7.3221626,-29.969215,116.71066,0.20547257,15.2798605,0,85,764.40656
5/19/2026 5:18,29053.889,35291.316,22.312855,34.4188,1.0160681,22.939356,5.9734497,68.556076,107.83982,7.1956773,-23.040771,111.68957,0.040583894,15.746539,0,85,764.40656
5/19/2026 5:48,28663.945,34722.51,21.922405,34.88703,1.015745,22.569632,5.6672297,65.041985,102.29824,7.141759,-20.074844,110.7645,7.9976335,15.864645,0,85,764.40656
5/19/2026 6:18,28406.867,34387.832,21.69122,35.202755,1.0155622,22.35209,5.4834204,62.880913,98.89598,7.1134686,-18.515587,113.23452,7.8275013,15.893886,0,85,764.40656
5/19/2026 6:48,28259.838,34136.95,21.521017,35.385906,1.015413,22.189016,5.251385,60.269833,94.77928,7.0809712,-16.727448,114.51244,0.3403875,15.986246,0,85,764.40656
5/19/2026 7:18,28056.42,33786.113,21.283327,35.642467,1.0152037,21.960974,5.157576,59.26855,93.19005,7.062786,-15.730858,116.10985,0.055499766,16.121088,0,85,764.40656
5/19/2026 7:48,28118.023,33738.656,21.2567,35.564377,1.015151,21.930126,5.106861,58.861595,92.53316,7.0502925,-15.048981,119.69566,34.27616,16.27784,0,85,764.40656
5/19/2026 8:18,28130.643,33570.61,21.14952,35.548424,1.0150197,21.820896,5.1557856,59.671005,93.77909,7.0488615,-14.9822235,128.27873,39.49217,16.515944,0,85,764.40656
5/19/2026 8:48,28224.436,33424.01,21.06065,35.430294,1.0148803,21.725609,5.235983,60.97832,95.79445,7.05397,-15.282631,130.14316,0.75268644,16.855284,0,85,764.40656
5/19/2026 9:18,28363.031,33405.19,21.056372,35.257164,1.0148253,21.713373,5.333518,62.41208,98.017685,7.048319,-14.9822235,136.73782,0.55805653,17.097414,0,85,764.40656
5/19/2026 9:48,28461.514,33195.33,20.92599,35.135166,1.0146315,21.576963,5.389418,63.56237,99.76977,7.028153,-13.885498,131.14929,19.916723,17.533777,0,85,764.40656
5/19/2026 10:18,28442.89,32986.367,20.789536,35.15817,1.0144717,21.44114,5.723441,67.78506,106.36328,7.070939,-16.274452,153.58447,19.634361,17.788588,0,85,764.40656
5/19/2026 10:48,32775.65,39544.867,25.312397,30.510456,1.0183046,25.704163,9.635295,113.284676,178.13881,7.8121195,-57.10125,138.63564,69.106285,16.037788,0,85,764.40656
5/19/2026 11:18,32765.61,41112.484,26.327164,30.519804,1.0194249,26.723114,10.159463,116.20566,183.07022,7.9429345,-63.9534,135.84613,0.028373512,14.370399,0,85,764.40656
5/19/2026 11:48,32796.848,41217.227,26.397112,30.490736,1.0194918,26.791197,10.226291,116.86185,184.11684,7.959884,-64.86893,130.11456,0.030318938,14.304047,0,85,764.40656
5/19/2026 12:18,32758.07,41250.89,26.4156,30.526829,1.0195223,26.81308,10.299145,117.50657,185.14879,7.968917,-65.345764,129.54712,0.029757282,14.22083,0,85,764.40656
5/19/2026 12:48,32476.89,41413.594,26.496267,30.791124,1.019685,26.918835,10.508586,118.678894,187.09607,7.9917917,-66.48064,125.77057,0.03705366,13.702015,0,85,764.40656
5/19/2026 13:18,32476.516,41493.812,26.547533,30.791481,1.0197396,26.970978,10.487535,118.28275,186.48668,7.996745,-66.73336,128.28351,0.03999906,13.622163,0,85,764.40656
5/19/2026 13:48,32645.566,41664.617,26.671469,30.63203,1.0198268,27.082,10.495182,118.569435,186.93024,7.9964695,-66.72859,127.6207,0.6515627,13.666603,0,85,764.40656
5/19/2026 14:18,32900.848,41627.566,26.669525,30.394354,1.0197563,27.057919,10.559154,120.175606,189.39302,7.9953003,-66.747665,131.464,0.21437305,14.024188,0,85,764.40656
5/19/2026 14:48,33329.24,41531.375,26.642399,30.003687,1.0196096,26.995394,10.622834,122.46552,192.87247,8.00285,-67.31033,127.6207,0.3501598,14.660076,0,85,764.40656
5/19/2026 15:18,34284.49,41396.598,26.62522,29.16771,1.0193175,26.90779,10.576853,125.27168,196.99574,7.9896383,-66.895485,130.31482,0.037229367,16.005014,0,85,764.40656
5/19/2026 15:48,35547.66,41350.656,26.675074,28.131247,1.0189903,26.877928,10.346184,126.61011,198.70174,7.9473915,-64.930916,131.44493,0.038299773,17.65255,0,85,764.40656
5/19/2026 16:18,36059.6,41027.23,26.48739,27.731865,1.0186113,26.6677,9.940968,123.89341,194.1813,7.8819027,-61.507225,132.79915,0.03569339,18.660667,0,85,764.40656
5/19/2026 16:48,35808.85,39541.797,25.476892,27.926056,1.0175023,25.70217,9.204308,117.07464,183.13481,7.730739,-53.339005,132.93744,0.040821824,20.057327,0,85,764.40656
5/19/2026 17:18,34513.945,37091.555,23.771685,28.973795,1.0158789,24.10951,8.387779,108.212425,168.93849,7.53547,-42.595863,142.34067,0.03725267,21.361618,0,85,764.40656
5/19/2026 17:48,33102.656,35123.18,22.395576,30.209057,1.0146757,22.830067,7.740977,100.21504,156.29694,7.3923807,-34.623146,148.15808,0.05777892,21.988127,0.009,85,764.40656
5/19/2026 18:18,31772.346,33510.473,21.269283,31.473911,1.0137479,21.781807,7.285529,94.21225,146.86368,7.3112044,-30.078888,150.11787,0.09071785,22.284391,0.018,85,764.40656
5/19/2026 18:48,31214.266,32825.363,20.793028,32.036633,1.0133502,21.336485,7.0212426,90.785675,141.48793,7.260753,-27.246475,146.40332,0.2619575,22.43032,0.018,85,764.40656
5/19/2026 19:18,30096.65,31580.482,19.927876,33.226288,1.0126691,20.527313,6.8125033,87.821724,136.84366,7.2060127,-24.166107,152.9026,0.2883682,22.540012,0.027,85,764.40656
5/19/2026 19:48,29990.062,31500.975,19.871792,33.34438,1.0126402,20.475634,6.5585723,84.441795,131.58832,7.1645255,-21.820068,152.34947,0.48465005,22.488798,0.027,85,764.40656
5/19/2026 20:18,29507.203,31004.547,19.52709,33.89003,1.012385,20.152956,6.0904245,78.23316,121.9167,7.1501865,-21.009445,150.20847,0.38633686,22.471502,0.027,85,764.40656
5/19/2026 20:48,28677.299,30166.027,18.946095,34.87079,1.0119613,19.60792,5.5643163,71.162796,110.90862,7.1195846,-19.278526,139.11247,0.13235357,22.41617,0.018,85,764.40656
5/19/2026 21:18,28774.785,30275.5,19.02153,34.752647,1.0120212,19.679075,5.2742634,67.468704,105.153305,7.1145277,-18.992424,170.74585,0.052628137,22.404783,0.018,85,764.40656
5/19/2026 21:48,28944.86,30451.588,19.143309,34.54845,1.0121118,19.793531,5.0609293,64.79099,100.97919,7.0972004,-18.014908,153.59879,0.19364999,22.409452,0.027,85,764.40656
5/19/2026 22:18,27686.963,30545.428,19.164238,36.118084,1.012705,19.854528,5.446479,66.797844,104.4824,7.1760197,-22.287369,167.1505,0.62306273,20.100483,0.018,85,764.40656
5/19/2026 22:48,31555.291,39090.52,24.931265,31.690407,1.0182451,25.408836,8.998109,103.16737,162.43604,7.8652477,-59.800148,143.88084,1.6592057,14.907665,0,85,764.40656
5/19/2026 23:18,31230.162,39218.85,24.988508,32.02033,1.0184021,25.492252,9.497066,107.65733,169.60945,7.9167547,-62.508583,138.95035,1.7516154,14.335333,0,85,764.40656
5/19/2026 23:48,31279.355,39601.797,25.237303,31.969969,1.0186589,25.741169,9.684647,109.18857,172.08257,7.9340987,-63.385963,135.80798,1.5283724,13.997217,0,85,764.40656
5/20/2026 0:18,31485.102,40093.508,25.568264,31.761053,1.0189592,26.060781,9.652818,108.515656,171.06398,7.931839,-63.209534,138.64041,1.4116994,13.758729,0,85,764.40656
5/20/2026 0:48,31639.037,40605.324,25.907593,31.606524,1.0192809,26.39346,9.743139,109.0346,171.93755,7.939052,-63.533783,138.47827,1.3541592,13.438976,0,85,764.40656
5/20/2026 1:18,31850.09,41290.125,26.361732,31.397085,1.0197073,26.838581,9.806785,109.12068,172.14294,7.9434166,-63.681602,137.50552,1.5081018,13.030002,0,85,764.40656
5/20/2026 1:48,31990.94,41770.703,26.679548,31.25885,1.0200053,27.150957,9.748415,108.03081,170.47118,7.941359,-63.505173,139.7419,1.298215,12.741899,0,85,764.40656
5/20/2026 2:18,32036.973,42021.938,26.842945,31.213936,1.0201647,27.314259,9.7069025,107.26732,169.2959,7.9369445,-63.22384,139.73712,1.1538093,12.559522,0,85,764.40656
5/20/2026 2:48,32072.373,42057.26,26.8687,31.179483,1.0201828,27.33722,9.574691,105.84701,167.05263,7.9237905,-62.508583,135.54573,1.4673007,12.570067,0,85,764.40656
5/20/2026 3:18,32080.336,41697.652,26.641644,31.171743,1.0199428,27.103474,9.265028,103.04438,162.574,7.886666,-60.55832,136.88087,1.1108902,12.924396,0,85,764.40656
5/20/2026 3:48,32091.46,41327.17,26.407192,31.160936,1.0196924,26.862661,8.732724,97.74707,154.15956,7.8171225,-56.83422,132.8373,0.866487,13.299583,0,85,764.40656
5/20/2026 4:18,32078.104,40789.316,26.06288,31.173912,1.0193287,26.513056,7.9865146,90.17095,142.1367,7.7019343,-50.6258,132.4892,0.6541293,13.818533,0,85,764.40656
5/20/2026 4:48,31889.871,40054.77,25.576887,31.35792,1.018856,26.0356,7.4837356,85.12981,134.1194,7.6018715,-45.223236,123.86799,0.7080079,14.327573,0,85,764.40656
5/20/2026 5:18,31228.182,38534.05,24.548782,32.022358,1.0179182,25.047134,6.8512273,78.63311,123.78459,7.454777,-37.24575,120.74947,0.67367864,15.07355,0,85,764.40656
5/20/2026 5:48,29573.71,35633.5,22.566755,33.813816,1.0161904,23.161774,5.824874,67.428116,106.02269,7.235148,-25.248528,121.27876,41.277267,16.096397,0,85,764.40656
5/20/2026 6:18,28288.26,33603.2,21.179808,35.350353,1.0150001,21.84208,5.1958523,60.390247,94.8863,7.1113935,-18.453598,120.32032,0.48200473,16.718971,0,85,764.40656
5/20/2026 6:48,27823.64,32882.22,20.68875,35.94066,1.0145772,21.373442,4.9252696,57.333763,90.05906,7.0684333,-16.088486,119.92931,0.49981356,16.945587,0,85,764.40656
5/20/2026 7:18,27488.646,32323.082,20.310032,36.378654,1.0142406,21.010002,4.723477,55.103535,86.531975,7.03423,-14.204979,126.56212,0.38147053,17.169317,0,85,764.40656
5/20/2026 7:48,27362.328,32000.918,20.09563,36.546597,1.0140253,20.800596,4.6582274,54.532463,85.60936,7.018589,-13.318062,127.391815,0.41525352,17.410902,0,85,764.40656
5/20/2026 8:18,27222.639,31573.299,19.812468,36.73413,1.0137283,20.522644,4.6892157,55.208206,86.628944,7.008684,-12.769699,137.54367,0.44074762,17.785572,0,85,764.40656
5/20/2026 8:48,27360.564,31439.076,19.732458,36.548954,1.013574,20.4354,4.8288608,57.297474,89.85794,7.006692,-12.674332,138.65471,0.40881628,18.207987,0,85,764.40656
5/20/2026 9:18,27371.64,31243.908,19.606447,36.534164,1.0134103,20.30854,4.946068,58.99148,92.47742,7.01196,-12.989044,144.27185,0.36272776,18.511168,0,85,764.40656
5/20/2026 9:48,27617.365,31326.516,19.671322,36.209103,1.0133939,20.362236,4.999732,59.990726,94.00714,7.0310874,-14.1096115,150.96188,0.47496405,18.800896,0,85,764.40656
5/20/2026 10:18,27728.656,31076.416,19.513159,36.063774,1.0131447,20.19967,5.2720656,63.883152,100.02943,7.038971,-14.576912,158.68665,0.4232814,19.35986,0,85,764.40656
5/20/2026 10:48,28115.484,31115.352,19.554226,35.56759,1.013036,20.22498,5.710222,69.996506,109.50926,7.0712476,-16.412735,147.41898,0.2674658,19.952295,0.009,85,764.40656
5/20/2026 11:18,28095.662,30420.67,19.096851,35.59268,1.0124353,19.773436,6.4474792,80.392006,125.57668,7.070544,-16.431808,166.01086,0.31858942,20.998507,0.018,85,764.40656
5/20/2026 11:48,35093.81,41584.82,26.802643,28.495054,1.0192739,27.030134,9.847019,118.66905,186.43045,7.9005938,-62.155724,141.76369,0.08160201,16.827705,0,85,764.40656
5/20/2026 12:18,33702.035,42486.195,27.289192,29.671799,1.020204,27.616026,10.301094,118.05529,186.02225,7.993704,-66.69521,135.4599,0.37396815,14.175218,0,85,764.40656
5/20/2026 12:48,33707.48,42549.598,27.330523,29.667006,1.0202466,27.65724,10.435848,119.49451,188.30092,8.009065,-67.52491,127.25353,0.26423255,14.120035,0,85,764.40656
5/20/2026 13:18,33721.977,42482.5,27.288467,29.654253,1.0201979,27.613625,10.540924,120.87307,190.45665,8.01792,-68.03036,127.67315,0.18670593,14.203409,0,85,764.40656
5/20/2026 13:48,33707.652,42625.145,27.379221,29.666855,1.0202986,27.706345,10.611644,121.36124,191.25705,8.022335,-68.2354,126.748085,0.3176976,14.04674,0,85,764.40656
5/20/2026 14:18,33772.016,42584.027,27.35813,29.610315,1.0202588,27.679619,10.577453,121.250496,191.05884,8.020864,-68.182945,124.783516,0.5114061,14.165849,0,85,764.40656
5/20/2026 14:48,34147.598,42581.145,27.386965,29.284637,1.0201882,27.677744,10.515308,121.70984,191.68837,8.015733,-68.011284,122.036934,0.570347,14.630459,0,85,764.40656
5/20/2026 15:18,34174.875,42512.77,27.344791,29.261263,1.0201353,27.6333,10.557502,122.41809,192.78291,8.013823,-67.93022,135.40268,0.7836261,14.731581,0,85,764.40656
5/20/2026 15:48,34608.254,42553.723,27.404915,28.89484,1.0200802,27.65992,10.647336,124.74277,196.33792,8.015868,-68.1591,135.89383,1.0441835,15.224281,0,85,764.40656
5/20/2026 16:18,35295.074,42514.95,27.429111,28.332565,1.019911,27.634718,10.61851,126.64395,199.12961,8.011824,-68.1448,123.758316,0.45745242,16.10892,0,85,764.40656
5/20/2026 16:48,36341.72,42499.082,27.48633,27.516584,1.0196643,27.624403,10.331888,126.46928,198.54053,7.9767985,-66.50925,119.77196,0.32121795,17.414541,0,85,764.40656
5/20/2026 17:18,36603.97,41603.77,26.902452,27.319443,1.0189161,27.04245,9.712202,121.45213,190.34282,7.88797,-61.855316,129.51373,0.15839331,18.70803,0,85,764.40656
5/20/2026 17:48,34502.555,37464.23,24.022705,28.98336,1.0161972,24.35175,8.499642,108.80649,169.99744,7.6375012,-48.251152,140.26642,0.22847636,20.861074,0,85,764.40656
5/20/2026 18:18,32079.703,34111.27,21.682192,31.172358,1.0141647,22.172325,7.776859,100.06751,156.09367,7.449401,-37.822723,149.53613,0.2147734,21.881828,0.009,85,764.40656
5/20/2026 18:48,30272.717,31874.018,20.129007,33.033043,1.0128653,20.718113,7.192153,92.535736,144.2299,7.332769,-31.30436,151.56746,0.80299824,22.369715,0.018,85,764.40656
5/20/2026 19:18,28000.547,29259.646,18.326248,35.71359,1.0114079,19.01877,6.852,87.84719,136.8357,7.2690988,-27.747154,151.55316,0.6806533,22.747019,0.018,85,764.40656
5/20/2026 19:48,27477.14,28716.402,17.952745,36.39389,1.0111283,18.66566,6.5555077,83.85484,130.61842,7.2302,-25.548935,159.06812,1.2270244,22.740566,0.027,85,764.40656
5/20/2026 20:18,25542.129,26652.021,16.542837,39.151005,1.0100462,17.323812,6.1400323,78.01579,121.50678,7.194133,-23.517609,158.80109,1.1705517,22.819695,0.027,85,764.40656
5/20/2026 20:48,26134.229,27342.885,17.011877,38.263996,1.0104342,17.772877,5.74534,73.01939,113.75086,7.157177,-21.419525,146.09337,1.2385832,22.68567,0.027,85,764.40656
5/20/2026 21:18,24733.459,25866.021,16.007734,40.43106,1.0096725,16.812916,5.2754207,66.68572,103.880325,7.13976,-20.43724,151.01433,1.1128163,22.707556,0.027,85,764.40656
5/20/2026 21:48,23397.572,24405.975,15.022841,42.739475,1.0088979,15.863884,5.149735,64.881386,101.04748,7.1010427,-18.258095,132.22694,1.0621276,22.836763,0.027,85,764.40656
5/20/2026 22:18,22945.363,23957.057,14.720442,43.58179,1.0086826,15.572086,4.698898,59.04606,91.966896,7.092234,-17.757416,145.70236,1.1024656,22.789036,0.036,85,764.40656
5/20/2026 22:48,22668.637,23663.191,14.523279,44.11381,1.0085316,15.381075,4.7401624,59.508327,92.68525,7.076949,-16.89434,150.09402,0.8281459,22.799498,0.027,85,764.40656
5/20/2026 23:18,23098.555,25045.629,15.429834,43.29275,1.009681,16.27966,5.197836,63.351448,98.968834,7.145684,-20.647049,142.17377,0.81616956,20.929785,0.018,85,764.40656
5/20/2026 23:48,33081.184,42028.34,26.942137,30.228664,1.0199993,27.31842,9.394267,106.72386,168.22296,7.8916016,-61.02562,135.76984,0.5766433,13.854245,0,85,764.40656
5/21/2026 0:18,33088.277,42445.49,27.210062,30.222183,1.0202818,27.589567,9.610271,108.46564,171.03711,7.924423,-62.737465,130.17654,0.74830276,13.457986,0,85,764.40656
5/21/2026 0:48,33065.57,42511.465,27.250212,30.242939,1.0203302,27.632452,9.648698,108.72007,171.45393,7.93612,-63.357353,124.5594,0.72324556,13.36668,0,85,764.40656
5/21/2026 1:18,33032.984,42505.152,27.243242,30.272772,1.0203313,27.62835,9.753886,109.82245,173.19832,7.9488983,-64.04877,125.78964,0.701286,13.332589,0,85,764.40656
5/21/2026 1:48,33037.89,42547.46,27.270708,30.268276,1.0203589,27.65585,9.680463,108.936485,171.80695,7.9422383,-63.676834,126.31893,0.7864006,13.298165,0,85,764.40656
5/21/2026 2:18,32990.96,42536.055,27.259161,30.311333,1.0203588,27.648436,9.656243,108.549995,171.20537,7.939638,-63.524246,128.34549,0.67534447,13.251305,0,85,764.40656
5/21/2026 2:48,32977.402,42552.383,27.268345,30.323795,1.0203719,27.659048,9.586485,107.69954,169.86943,7.932269,-63.114166,126.09959,0.8382894,13.219041,0,85,764.40656
5/21/2026 3:18,32950.3,42556.375,27.268415,30.348736,1.0203791,27.661644,9.54714,107.17437,169.04732,7.9254417,-62.732697,127.859116,0.91266704,13.18189,0,85,764.40656
5/21/2026 3:48,32971.2,42556.535,27.270428,30.3295,1.0203758,27.661747,9.436236,105.987335,167.17076,7.9099894,-61.893463,125.255585,1.2217026,13.207451,0,85,764.40656
5/21/2026 4:18,33013.08,42500.855,27.238695,30.291025,1.0203316,27.625557,9.188186,103.40632,163.08292,7.8842936,-60.510635,122.55669,0.6997905,13.3121805,0,85,764.40656
5/21/2026 4:48,33123.082,42410.105,27.190508,30.190428,1.0202521,27.56657,8.492469,95.99146,151.35513,7.773758,-54.507256,120.334625,0.39584836,13.535005,0,85,764.40656
5/21/2026 5:18,33149.93,42227.863,27.07608,30.165976,1.0201237,27.44811,7.860736,89.17439,140.57642,7.6658726,-48.63739,119.48109,0.23112568,13.744763,0,85,764.40656
5/21/2026 5:48,32816.53,41420.96,26.529749,30.472446,1.0196291,26.923624,7.4232454,84.58583,133.29082,7.5792437,-43.95008,114.58397,0.31855726,14.124016,0,85,764.40656
5/21/2026 6:18,31387.578,38830.754,24.751526,31.859737,1.0180956,25.23999,6.619559,75.899826,119.49617,7.409873,-34.76143,108.418465,0.092158906,14.964269,0,85,764.40656
5/21/2026 6:48,28912.787,34907.887,22.057451,34.586773,1.015819,22.690126,5.6477,65.059525,102.30885,7.2168045,-24.228096,105.080605,0.19381715,16.008347,0,85,764.40656
5/21/2026 7:18,26870.162,31977.637,20.053402,37.216003,1.014157,20.785463,4.9556713,57.114246,89.74777,7.102697,-17.967224,110.09693,0.09255111,16.637688,0,85,764.40656
5/21/2026 7:48,25425.447,30020.07,18.72125,39.330673,1.0130676,19.513046,4.4421687,51.14106,80.32759,7.028108,-13.856888,111.23657,0.448646,16.98682,0,85,764.40656
5/21/2026 8:18,24390.164,28711.074,17.832222,41.000134,1.0123619,18.662199,4.252271,48.823112,76.67413,7.0068526,-12.636185,112.55264,0.41163266,17.120611,0,85,764.40656
5/21/2026 8:48,24313.076,28667.582,17.800522,41.13013,1.0123531,18.633928,4.256445,48.79011,76.629234,7.003476,-12.440681,114.50291,0.41273147,17.047302,0,85,764.40656
5/21/2026 9:18,23867.24,28170.652,17.461573,41.898434,1.012104,18.310925,4.3103495,49.262276,77.37513,7.011884,-12.917519,119.52877,0.39743462,17.001978,0,85,764.40656
5/21/2026 9:48,23849.068,28118.486,17.427534,41.93036,1.0120679,18.277016,4.251288,48.62455,76.36889,7.0013804,-12.321472,116.46271,0.56551963,17.050434,0,85,764.40656
5/21/2026 10:18,23279.574,27415.36,16.952457,42.956112,1.0116953,17.819983,4.338399,49.5296,77.78543,7.0122247,-12.94136,124.32575,0.3912252,17.101753,0,85,764.40656
5/21/2026 10:48,22899.547,26948.73,16.637846,43.668987,1.011449,17.516674,4.4090567,50.272533,78.94913,7.020403,-13.408661,136.01779,0.2341381,17.133242,0,85,764.40656
5/21/2026 11:18,22542.322,26494.863,16.333069,44.361,1.0112053,17.22166,4.4497,50.699814,79.61459,6.9924903,-11.820793,147.83383,0.4403113,17.189453,0,85,764.40656
5/21/2026 11:48,23123.639,27145.08,16.773417,43.24579,1.0115294,17.644302,4.5220428,51.71705,81.20649,7.049731,-15.068054,159.34944,0.1374735,17.243654,0,85,764.40656
5/21/2026 12:18,20492.752,23800.74,14.53932,48.79774,1.0097287,15.470481,5.573383,63.495,99.63999,7.0718637,-16.322136,161.07559,0.34142193,17.723206,0,85,764.40656
5/21/2026 12:48,33282.945,42357.566,27.170824,30.045418,1.0201893,27.53242,10.346538,117.53672,185.28008,7.979959,-65.85121,138.3686,0.5856976,13.783326,0,85,764.40656
5/21/2026 13:18,33142.848,42687.387,27.369635,30.172422,1.0204362,27.746801,10.3355055,116.3684,183.52887,7.98864,-66.21361,136.38496,0.4583592,13.293634,0,85,764.40656
5/21/2026 13:48,33125.023,42761.207,27.415154,30.188658,1.0204886,27.794785,10.299547,115.774284,182.6085,7.985017,-65.99426,133.55255,0.34219104,13.201637,0,85,764.40656
5/21/2026 14:18,33079.043,42721.22,27.385412,30.230621,1.0204692,27.768793,10.364068,116.433395,183.65141,7.99966,-66.79058,131.51645,0.360341,13.18325,0,85,764.40656
5/21/2026 14:48,33087.688,42746.836,27.402552,30.222723,1.0204848,27.785442,10.410467,116.93349,184.44273,8.00565,-67.11483,127.00558,0.55294544,13.169541,0,85,764.40656
5/21/2026 15:18,33077.44,42705.07,27.374956,30.232084,1.0204585,27.758297,10.454663,117.47617,185.29378,8.009808,-67.34848,129.81891,0.51404834,13.196617,0,85,764.40656
5/21/2026 15:48,33147.67,42719.395,27.390524,30.168032,1.0204569,27.767607,10.415213,117.22119,184.87833,8.004874,-67.09576,129.33255,0.55034727,13.269091,0,85,764.40656
5/21/2026 16:18,33182.656,42687.99,27.373634,30.136225,1.0204301,27.747192,10.328635,116.41081,183.58698,7.9993324,-66.809654,128.70312,0.4772492,13.341888,0,85,764.40656
5/21/2026 16:48,33296.695,42695.76,27.388857,30.03301,1.0204167,27.752245,10.461214,118.24127,186.44902,8.010705,-67.46292,126.1425,0.5403508,13.474318,0,85,764.40656
5/21/2026 17:18,33463.91,42664.7,27.383715,29.88294,1.0203676,27.732054,10.449693,118.6838,187.10243,8.010044,-67.481995,131.50215,0.4405746,13.709245,0,85,764.40656
5/21/2026 17:48,33710.734,42624.094,27.378805,29.664143,1.0202973,27.705662,10.1898985,116.549126,183.6726,7.976836,-65.74154,132.31754,0.30427447,14.051545,0,85,764.40656
5/21/2026 18:18,33495.203,41994.305,26.954763,29.85502,1.019901,27.296299,9.802285,112.63264,177.435,7.9183073,-62.60872,135.37885,0.16999641,14.403822,0,85,764.40656
5/21/2026 18:48,31373.693,38589.83,24.595322,31.873837,1.0179263,25.083387,8.861968,102.021645,160.5788,7.7400875,-52.97184,131.95038,0.21481435,15.209644,0,85,764.40656
5/21/2026 19:18,28804.576,34880.953,22.033176,34.716705,1.0158268,22.67262,7.9874854,91.76052,144.31877,7.532816,-41.656494,137.09068,0.1770953,15.879411,0,85,764.40656
5/21/2026 19:48,27026.477,32423.125,20.347631,37.000755,1.0144545,21.075033,7.3955946,84.78529,133.28519,7.389731,-33.807755,138.46875,0.31811932,16.285631,0,85,764.40656
5/21/2026 20:18,25205.793,30062.31,18.735954,39.67342,1.0131711,19.540503,6.890256,78.62766,123.56758,7.2847047,-28.028488,143.16083,0.3668493,16.54197,0,85,764.40656
5/21/2026 20:48,24500.322,29181.701,18.137056,40.81579,1.0127017,18.968107,6.563432,74.71541,117.41095,7.223837,-24.666786,133.9531,0.5440909,16.600958,0,85,764.40656
5/21/2026 21:18,23920.56,28507.422,17.677732,41.805042,1.0123563,18.529825,6.237753,70.77502,111.2222,7.169053,-21.634102,130.53418,0.47146195,16.575886,0,85,764.40656
5/21/2026 21:48,23627.629,28163.611,17.444176,42.323334,1.0121797,18.306349,5.973077,67.664795,106.335556,7.1529446,-20.742416,125.8564,0.49138162,16.56763,0,85,764.40656
5/21/2026 22:18,22681.738,27020.033,16.671364,44.088333,1.0115849,17.563023,5.8356915,65.83442,103.45586,7.1345515,-19.726753,124.06826,0.33969557,16.593796,0,85,764.40656
5/21/2026 22:48,22097.918,26339.59,16.212194,45.25313,1.0112395,17.120733,5.716205,64.274635,101.00779,7.125014,-19.197464,127.96402,0.41872868,16.568697,0,85,764.40656
5/21/2026 23:18,22119.465,26403.205,16.25328,45.20905,1.0112834,17.162083,5.3227215,59.78871,93.96523,7.1140532,-18.587112,153.28407,0.28406698,16.505592,0,85,764.40656
5/21/2026 23:48,22454.121,26805.096,16.523819,44.535255,1.0114906,17.423313,5.223499,58.765804,92.35805,7.1130233,-18.529892,145.84541,0.3148933,16.501625,0,85,764.40656
5/22/2026 0:18,18727.16,22522.424,13.65758,53.39838,1.0093665,14.639576,5.1807256,56.902603,89.46409,7.0673914,-15.98835,148.61107,0.18664008,16.177465,0,85,764.40656
5/22/2026 0:48,32365.979,42159.94,26.961805,30.89664,1.0202061,27.403963,9.208717,102.43588,161.6276,7.8659577,-59.40914,135.48851,0.25088722,12.837437,0,85,764.40656
5/22/2026 1:18,32657.941,42629.74,27.287733,30.620424,1.0204735,27.70933,9.464585,105.310135,166.17622,7.9072466,-61.645508,134.46808,0.39763567,12.753065,0,85,764.40656
5/22/2026 1:48,32689,42698.184,27.334154,30.59133,1.0205141,27.75382,9.533823,106.05284,167.35237,7.9177456,-62.212944,132.17926,127.88991,12.726855,0,85,764.40656
5/22/2026 2:18,32662.805,42691.863,27.327635,30.615864,1.0205138,27.749712,9.524004,105.880936,167.08534,7.919947,-62.327385,131.92654,0.48487082,12.700662,0,85,764.40656
5/22/2026 2:48,32648.812,42728.258,27.349375,30.628984,1.02054,27.773369,9.4884205,105.38598,166.3124,7.919103,-62.270164,127.96879,0.3937134,12.649401,0,85,764.40656
5/22/2026 3:18,32613.812,42722.766,27.342512,30.661856,1.0205415,27.769798,9.459816,104.980125,165.6779,7.9168944,-62.14142,130.4245,0.47013935,12.611651,0,85,764.40656
5/22/2026 3:48,32627.328,42743.566,27.357002,30.649155,1.0205532,27.783318,9.372251,104.01146,164.14963,7.9089527,-61.707497,132.78008,0.52541995,12.608756,0,85,764.40656
5/22/2026 4:18,32580.438,42721.99,27.338776,30.693264,1.0205461,27.769293,9.331492,103.46608,163.29471,7.9056916,-61.52153,129.19426,0.8482103,12.571477,0,85,764.40656
5/22/2026 4:48,32584.562,42742.062,27.3519,30.689379,1.0205586,27.782341,9.213863,102.14062,161.20493,7.894557,-60.91118,128.30258,0.845197,12.5577755,0,85,764.40656
5/22/2026 5:18,32461.797,42702.348,27.314747,30.805443,1.0205504,27.756527,9.1399,101.05479,159.50833,7.8861685,-60.429573,125.13161,0.5340049,12.444378,0,85,764.40656
5/22/2026 5:48,32383.895,42722.43,27.31974,30.879547,1.0205747,27.769579,8.788945,96.94286,153.03436,7.841034,-57.94525,119.986534,0.040541098,12.330201,0,85,764.40656
5/22/2026 6:18,32226.383,42574.227,27.21046,31.030476,1.0205001,27.673248,8.471091,93.26309,147.2331,7.7860303,-54.93641,121.31691,0.041062333,12.274651,0,85,764.40656
5/22/2026 6:48,31770.822,41815.492,26.686659,31.47542,1.0200684,27.180069,8.210392,90.38039,142.66231,7.7181673,-51.264763,118.985176,0.04063719,12.423345,0,85,764.40656
5/22/2026 7:18,29987.516,39091.945,24.801573,33.34721,1.0185434,25.409765,7.6296844,83.67735,132.03357,7.566866,-43.0727,116.60099,0.037504278,12.806393,0,85,764.40656
5/22/2026 7:48,27980.893,36055.62,22.71677,35.738674,1.0168515,23.436153,7.1175046,77.81659,122.72968,7.4115076,-34.646988,116.119385,0.03794139,13.274764,0,85,764.40656
5/22/2026 8:18,26765.494,34183.73,21.443138,37.361538,1.0158055,22.219425,6.8375177,74.73516,117.82686,7.3240585,-29.902458,119.19975,0.038732864,13.638181,0,85,764.40656
5/22/2026 8:48,25879.166,32768.367,20.487581,38.64112,1.0150062,21.299438,6.711694,73.47072,115.79136,7.2665033,-26.783943,123.41976,0.040368404,13.992703,0,85,764.40656
5/22/2026 9:18,25305.82,31811.225,19.845592,39.5166,1.0144581,20.677296,6.8803997,75.49138,118.93866,7.2591286,-26.407242,132.13158,0.0379095,14.2931795,0,85,764.40656
5/22/2026 9:48,24953.473,31056.559,19.347652,40.07458,1.0139982,20.186762,6.9877734,77.101776,121.421844,7.220257,-24.309158,140.03278,0.03899956,14.711244,0,85,764.40656
5/22/2026 10:18,24337.914,29955.564,18.615356,41.088154,1.0133479,19.471117,7.2150826,80.0265,125.96306,7.222307,-24.461746,138.88359,0.06205594,15.18153,0,85,764.40656
5/22/2026 10:48,25175.906,30517.492,19.022833,39.720516,1.0135325,19.83637,7.7680774,87.53996,137.6877,7.2661524,-26.936531,140.59067,0.040363174,15.835938,0,85,764.40656
5/22/2026 11:18,24617.973,29488.012,18.337862,40.620728,1.0129054,19.167208,7.8443155,88.95972,139.83632,7.2417297,-25.634766,126.9722,0.09929256,16.353235,0,85,764.40656
5/22/2026 11:48,24831.94,29326.688,18.247334,40.270718,1.0127085,19.062347,8.370479,96.06931,150.89874,7.311493,-29.554367,142.06886,0.12889731,16.975666,0,85,764.40656
5/22/2026 12:18,24988.818,29323.604,18.253658,40.0179,1.0126537,19.060343,8.739397,100.878914,158.39752,7.3828616,-33.540726,150.6853,0.15116861,17.26043,0,85,764.40656
5/22/2026 12:48,25021.912,29009.342,18.05446,39.96497,1.0123861,18.856073,9.058669,105.56946,165.64859,7.3646517,-32.59182,151.08585,0.040873118,17.80349,0,85,764.40656
5/22/2026 13:18,35701.51,39680.664,25.56568,28.01002,1.017646,25.792433,9.58129,121.23252,189.7232,7.9811387,-67.28649,145.97415,0.74430525,19.749771,0,85,764.40656
5/22/2026 13:48,36971.066,42462.82,27.498573,27.048178,1.0194846,27.600834,10.252255,127.490685,199.93443,8.049302,-70.729256,140.39993,0.781838,18.228748,0,85,764.40656
5/22/2026 14:18,36256.79,42325.85,27.36587,27.581041,1.0195545,27.511805,10.472407,128.29057,201.37991,8.044272,-70.27149,136.13701,0.39556658,17.492723,0,85,764.40656
5/22/2026 14:48,35855.348,42435.246,27.413706,27.889843,1.0197294,27.582909,10.436421,126.372215,198.51913,8.036607,-69.69929,129.56143,0.30297863,16.881813,0,85,764.40656
5/22/2026 15:18,35601.164,42542.547,27.468077,28.088968,1.0198649,27.652657,10.4003315,124.92992,196.35384,8.041124,-69.84711,133.39043,0.30361918,16.457417,0,85,764.40656
5/22/2026 15:48,35441.473,42631.844,27.516132,28.215532,1.0199647,27.7107,10.334603,123.471695,194.12793,8.043331,-69.89956,132.1268,0.39495832,16.169533,0,85,764.40656
5/22/2026 16:18,34912.28,42693.47,27.518856,28.643215,1.020119,27.750755,10.34362,121.83953,191.71837,8.042297,-69.67068,134.68742,0.36794096,15.457743,0,85,764.40656
5/22/2026 16:48,34723.965,42686.176,27.500038,28.798555,1.0201513,27.746016,10.338401,121.217735,190.78763,8.046483,-69.84711,129.73785,0.17309134,15.234083,0,85,764.40656
5/22/2026 17:18,34879.94,42706.73,27.525135,28.669773,1.0201349,27.759375,10.298394,121.18259,190.696,8.039933,-69.527626,132.52258,0.32744443,15.404799,0,85,764.40656
5/22/2026 17:48,35074.68,42722.074,27.54947,28.510595,1.0201064,27.769348,10.259126,121.27989,190.80103,8.043109,-69.75651,133.1377,0.4385776,15.628097,0,85,764.40656
5/22/2026 18:18,35554.746,42672.633,27.550749,28.12564,1.01997,27.737213,10.067927,120.54314,189.50185,8.037037,-69.57531,132.1745,0.3160702,16.266905,0,85,764.40656
5/22/2026 18:48,36082.64,42693.992,27.599716,27.714157,1.0198692,27.751095,9.836404,119.26582,187.35323,8.010557,-68.25924,129.92383,0.2360712,16.89244,0,85,764.40656
5/22/2026 19:18,36333.69,42512.258,27.49462,27.522665,1.0196761,27.632969,9.511494,116.378914,182.70544,7.974404,-66.370964,135.8652,0.2763653,17.390776,0,84,764.40656
5/22/2026 19:48,36000.273,41519.453,26.813372,27.777567,1.019006,26.987644,9.035763,111.49804,174.89749,7.9062963,-62.732697,138.21124,0.3843007,18.040316,0,84,764.40656
5/22/2026 20:18,33585.883,38337.48,24.565935,29.774414,1.0171832,24.919363,8.422581,103.47513,162.21182,7.7601943,-54.69799,136.74736,0.2596378,18.510927,0,84,764.40656
5/22/2026 20:48,31321.428,35623.902,22.658308,31.927025,1.0156928,23.155537,8.010741,97.61184,152.98619,7.6208286,-46.96369,136.80458,0.27954587,18.676706,0,84,764.40656
5/22/2026 21:18,29598.635,33654.723,21.282202,33.785343,1.0146434,21.87557,7.7107444,93.212135,146.08797,7.519128,-41.298866,137.40063,0.20800686,18.690018,0,84,764.40656
5/22/2026 21:48,28257.354,32184.943,20.259388,35.38902,1.013884,20.920214,7.440549,89.26216,139.91225,7.4339027,-36.54003,146.88492,0.1394991,18.610893,0,84,764.40656
5/22/2026 22:18,27047.355,30876.807,19.353401,36.97219,1.0132188,20.069925,7.213716,85.89999,134.6611,7.3729134,-33.130646,150.26093,0.22461976,18.50662,0,84,764.40656
5/22/2026 22:48,26706.096,30617.775,19.169851,37.444633,1.0131232,19.901554,6.846553,81.128746,127.21453,7.3075914,-29.473305,134.35364,0.25243485,18.311075,0,84,764.40656
5/22/2026 23:18,25404.197,29281.164,18.247128,39.363575,1.0124753,19.032757,6.5823264,77.199776,121.09236,7.2445736,-25.94471,120.37754,0.12786365,18.06781,0,84,764.40656
5/22/2026 23:48,24930.777,28818.943,17.92813,40.111065,1.0122613,18.732313,6.4718323,75.56303,118.54531,7.2444415,-25.925636,122.003555,0.3868295,17.936281,0,84,764.40656
5/23/2026 0:18,24665.64,28506.402,17.715408,40.54223,1.0120972,18.529161,6.4490323,75.21503,117.99786,7.2143126,-24.251938,129.50897,0.08889909,17.9459,0,84,764.40656
5/23/2026 0:48,23949.25,27718.229,17.17795,41.75496,1.0117025,18.016848,6.092006,70.73182,110.97392,7.202654,-23.598671,127.801895,0.15846404,17.880905,0,84,764.40656
5/23/2026 1:18,23262.9,27072.816,16.734467,42.9869,1.0114182,17.59733,5.8666644,67.60031,106.09463,7.183006,-22.48764,128.98445,0.16111846,17.632017,0,84,764.40656
5/23/2026 1:48,32662.324,42349.445,27.109985,30.616314,1.0202861,27.52714,8.962918,100.18525,158.0478,7.8607106,-59.161186,123.4436,0.6160921,13.023951,0,84,764.40656
5/23/2026 2:18,32726.672,42754.99,27.373827,30.556116,1.0205461,27.790743,9.158496,101.887764,160.78094,7.898904,-61.182976,128.73172,0.64408857,12.719734,0,84,764.40656
5/23/2026 2:48,32710.512,42806.676,27.40508,30.571213,1.0205827,27.824339,9.258895,102.87709,162.35274,7.9099197,-61.769485,122.40887,0.5013887,12.651573,0,84,764.40656
5/23/2026 3:18,32642.488,42767.395,27.373579,30.63492,1.0205668,27.798805,9.265282,102.82685,162.28065,7.9155226,-62.065125,128.3598,0.4839896,12.605047,0,84,764.40656
5/23/2026 3:48,32670.344,42820.758,27.410109,30.608799,1.0205979,27.833494,9.274962,102.92377,162.43605,7.91576,-62.07466,129.06552,0.54527646,12.589309,0,84,764.40656
5/23/2026 4:18,32620.023,42816.797,27.402704,30.656017,1.0206027,27.830917,9.333592,103.44343,163.26517,7.9190497,-62.241554,131.1636,0.64858264,12.531468,0,84,764.40656
5/23/2026 4:48,32592.145,42812.703,27.39739,30.68224,1.020604,27.828257,9.281271,102.79438,162.24545,7.913663,-61.941147,123.147964,0.63084626,12.501189,0,84,764.40656
5/23/2026 5:18,32572.613,42789.387,27.380713,30.700638,1.0205915,27.8131,9.192775,101.79882,160.6744,7.903792,-61.40232,130.35774,0.5398632,12.499012,0,84,764.40656
5/23/2026 5:48,32592.594,42812.58,27.397352,30.681818,1.0206039,27.828175,9.086359,100.63704,158.8403,7.8897924,-60.63938,127.94495,0.7631101,12.501858,0,84,764.40656
5/23/2026 6:18,32566.805,42796.48,27.38464,30.706114,1.020597,27.817713,9.071049,100.42425,158.50693,7.8906436,-60.682297,135.14519,0.4432731,12.485299,0,84,764.40656
5/23/2026 6:48,32579.672,42807.6,27.392935,30.693987,1.0206026,27.824942,8.882474,98.35301,155.23695,7.8715625,-59.64279,125.84686,0.28371835,12.490686,0,84,764.40656
5/23/2026 7:18,32555.5,42733.992,27.34396,30.716776,1.0205575,27.777096,8.525143,94.445015,149.06319,7.823245,-57.01542,129.04167,0.15514241,12.529705,0,84,764.40656
5/23/2026 7:48,32283.484,42140.496,26.941656,30.975592,1.020206,27.391323,8.259726,91.70581,144.70895,7.766173,-53.944588,120.94021,0.05985811,12.753492,0,84,764.40656
5/23/2026 8:18,30476.438,39169.098,24.894053,32.812233,1.0185103,25.459913,7.566833,84.04521,132.53929,7.603025,-45.137405,113.39188,0.07973171,13.38081,0,84,764.40656
5/23/2026 8:48,28817.33,36541.824,23.092249,34.70134,1.0170202,23.752186,6.964614,77.38154,121.96245,7.445636,-36.59725,105.58605,0.040201336,13.932578,0,84,764.40656
5/23/2026 9:18,27640.543,34734.195,21.857836,36.178738,1.0160009,22.577229,6.631336,73.69011,116.09897,7.3476343,-31.266212,108.37555,0.03992053,14.3075,0,84,764.40656
5/23/2026 9:48,26644.746,33239.8,20.840834,37.53085,1.0151625,21.60587,6.459756,71.786285,113.062904,7.28116,-27.647018,111.03153,0.042093378,14.612127,0,84,764.40656
5/23/2026 10:18,25755.955,32006.56,20.000559,38.825974,1.0144868,20.804264,6.3828053,70.80398,111.496216,7.249736,-25.935173,115.74268,0.045917936,14.775318,0,84,764.40656
5/23/2026 10:48,25958.219,32171.518,20.11859,38.523445,1.0145558,20.911488,6.3604136,70.7718,111.431854,7.2199845,-24.309158,111.40823,0.15085019,14.888458,0,84,764.40656
5/23/2026 11:18,24694.02,30554.156,19.014713,40.495636,1.0136962,19.860203,6.4361053,71.232925,112.14936,7.2111225,-23.827553,122.42794,0.13664599,14.958373,0,84,764.40656
5/23/2026 11:48,24722.936,30552.695,19.015757,40.448273,1.0136874,19.859253,6.630479,73.46287,115.653656,7.217285,-24.170876,118.4082,0.28514588,15.009945,0,84,764.40656
5/23/2026 12:18,24114.402,29758.426,18.477003,41.468994,1.0132631,19.342978,6.6448984,73.47084,115.658554,7.231057,-24.933815,143.05591,0.2036155,15.070086,0,84,764.40656
5/23/2026 12:48,24351.436,30025.396,18.660065,41.065342,1.0133964,19.516508,6.7672763,74.963745,118.00402,7.2578583,-26.41201,155.797,0.18647647,15.1061735,0,84,764.40656
5/23/2026 13:18,24209.348,29788.518,18.502125,41.30636,1.0132589,19.362535,6.7716722,75.07586,118.169014,7.2366652,-25.253296,157.95708,0.09604558,15.194103,0,84,764.40656
5/23/2026 13:48,24190.953,29696.74,18.443342,41.33777,1.0131949,19.302881,6.6812954,74.198326,116.77493,7.2285423,-24.814606,162.50134,0.17845209,15.293175,0,84,764.40656
5/23/2026 14:18,31716.77,39812.445,25.407595,31.529062,1.0187207,25.87809,10.106669,114.90782,181.02882,7.9437838,-63.996315,144.44827,0.37307385,14.353646,0,84,764.40656
5/23/2026 14:48,32796.008,42109.777,26.969347,30.491516,1.0201033,27.371355,10.3723135,116.799034,184.18486,8.003967,-67.08145,137.72488,0.040666733,13.419984,0,84,764.40656
5/23/2026 15:18,32783.945,42341.105,27.11589,30.502735,1.0202612,27.521719,10.233672,114.77301,181.03265,7.996263,-66.604614,138.4449,0.053461634,13.18229,0,84,764.40656
5/23/2026 15:48,32815.125,42530.52,27.23946,30.473753,1.020383,27.644836,10.121984,113.27093,178.68835,7.991021,-66.28513,141.5491,0.19160618,13.040131,0,84,764.40656
5/23/2026 16:18,32780.945,42610.2,27.286976,30.505527,1.0204417,27.69663,10.061327,112.348465,177.25345,7.985496,-65.956116,145.90263,0.13608319,12.922594,0,84,764.40656
5/23/2026 16:48,32769.027,42669.074,27.32329,30.51662,1.0204827,27.734898,9.986071,111.36924,175.72046,7.9821253,-65.755844,144.26709,0.3398882,12.852396,0,84,764.40656
5/23/2026 17:18,32702.586,42622.152,27.287174,30.57862,1.0204617,27.7044,9.957503,110.93856,175.04724,7.981846,-65.732,149.65057,0.29664573,12.815044,0,84,764.40656
5/23/2026 17:48,32738.633,42621.223,27.289997,30.544952,1.0204555,27.703794,9.997411,111.490814,175.91096,7.982616,-65.784454,150.58994,0.22103928,12.860199,0,84,764.40656
5/23/2026 18:18,32740.863,42588.83,27.269611,30.542871,1.0204335,27.682737,9.920923,110.701164,174.65941,7.9745307,-65.35053,154.7861,0.24806035,12.893532,0,84,764.40656
5/23/2026 18:48,32731.523,42602.832,27.277634,30.551588,1.0204445,27.691841,9.891184,110.31773,174.05858,7.976555,-65.45544,150.58517,0.4752397,12.868823,0,84,764.40656
5/23/2026 19:18,32743.355,42547.152,27.24334,30.540548,1.0204054,27.65565,9.77164,109.11481,172.14943,7.9659724,-64.89277,154.00409,0.29784167,12.936027,0,84,764.40656
5/23/2026 19:48,32776.098,42445.844,27.181911,30.510038,1.0203327,27.589798,9.520337,106.572266,168.11566,7.9323363,-63.085556,149.85562,0.16222835,13.072579,0,84,764.40656
5/23/2026 20:18,32585.047,42021.77,26.89419,30.688923,1.0200789,27.31415,9.303221,104.32485,164.54288,7.8919744,-60.915947,137.41971,0.20202492,13.242539,0,84,764.40656
5/23/2026 20:48,31693.08,40570.008,25.889835,31.55263,1.0192474,26.370504,8.913287,99.9557,157.60434,7.80526,-56.233406,118.11733,0.2116389,13.544229,0,84,764.40656
5/23/2026 21:18,29547.824,37497.56,23.75656,33.84344,1.0175376,24.373413,8.282915,92.34599,145.55302,7.631548,-46.782494,116.18614,0.23313169,13.900174,0,84,764.40656
5/23/2026 21:48,27912.148,35230.375,22.192001,35.826694,1.016292,22.899744,7.864825,87.24547,137.48186,7.5030885,-39.772987,111.255646,0.33318102,14.124348,0,84,764.40656
5/23/2026 22:18,26446.729,33297.977,20.8628,37.81186,1.0152514,21.643684,7.4780955,82.45337,129.91644,7.3968062,-33.955574,118.25085,0.23748346,14.227448,0,84,764.40656
5/23/2026 22:48,25453.025,32043.383,20.001755,39.28806,1.0145892,20.828197,7.1812296,78.76756,124.10834,7.330925,-30.341148,114.63642,0.148574,14.231945,0,84,764.40656
5/23/2026 23:18,24654.037,31058.574,19.327396,40.56131,1.0140764,20.188074,6.9666786,76.05181,119.83289,7.2856994,-27.856827,112.23793,0.29015744,14.203752,0,84,764.40656
5/23/2026 23:48,24572.342,30976.76,19.270359,40.696163,1.0140376,20.134893,6.7194366,73.28354,115.4744,7.2214293,-24.328232,114.92252,0.3822943,14.175438,0,84,764.40656
5/24/2026 0:18,23887.105,30168.857,18.717104,41.86359,1.0136267,19.609756,6.149414,66.7301,105.15646,7.1950307,-22.873878,108.48522,0.3915403,14.098441,0,84,764.40656
5/24/2026 0:48,23510.762,29727.979,18.415771,42.533714,1.0134039,19.323187,6.023606,65.17746,102.71485,7.1973615,-22.997856,120.49675,0.41768533,14.050425,0,84,764.40656
5/24/2026 1:18,22821.104,28882.072,17.84151,43.81909,1.0129694,18.773346,5.9628587,64.24076,101.24261,7.200373,-23.15998,137.41971,0.21306525,14.012969,0,84,764.40656
5/24/2026 1:48,23184.6,29351.3,18.158405,43.13208,1.0132152,19.078346,5.7636347,62.199314,98.02665,7.1924777,-22.726059,156.703,0.58054435,14.000011,0,84,764.40656
5/24/2026 2:18,23305.127,29494.719,18.256073,42.90901,1.0132878,19.171568,5.7054005,61.62485,97.11998,7.189589,-22.568703,160.02655,0.41376513,14.012866,0,84,764.40656
5/24/2026 2:48,29819.229,39613.016,25.112072,33.535408,1.0189147,25.74846,8.2122965,88.81331,140.23682,7.6708684,-48.623085,126.862526,0.9900423,12.0556755,0,84,764.40656
5/24/2026 3:18,31965.404,42428.74,27.092514,31.283821,1.0204418,27.578682,8.762228,96.016335,151.60588,7.8357186,-57.606697,129.8523,0.91662985,12.088502,0,84,764.40656
5/24/2026 3:48,32183.787,42645.273,27.251003,31.071545,1.0205524,27.719427,9.008589,98.957016,156.23927,7.87617,-59.82399,130.52463,0.8770204,12.156332,0,84,764.40656
5/24/2026 4:18,32120.133,42583.312,27.205524,31.133121,1.0205209,27.679153,9.05761,99.423096,156.97815,7.8766007,-59.843063,133.34274,0.8411157,12.135559,0,84,764.40656
5/24/2026 4:48,32108.297,42591.508,27.20949,31.144598,1.0205278,27.68448,9.060996,99.415924,156.97005,7.8758106,-59.79538,133.01373,0.84811145,12.113411,0,84,764.40656
5/24/2026 5:18,32056.53,42522.79,27.160961,31.194893,1.0204904,27.639814,9.144651,100.30333,158.37122,7.8751974,-59.762,138.40198,1.3231086,12.113455,0,84,764.40656
5/24/2026 5:48,32089.348,42568.81,27.193268,31.162989,1.0205158,27.669725,9.215971,101.10104,159.63107,7.879584,-60.00042,141.02936,1.4360394,12.111154,0,84,764.40656
5/24/2026 6:18,31973.91,42462.426,27.114576,31.2755,1.0204625,27.600578,9.266956,101.51609,160.29283,7.882466,-60.14824,143.34679,1.5472972,12.067699,0,84,764.40656
5/24/2026 6:48,31912.88,42395.984,27.06657,31.33531,1.0204277,27.55739,9.147905,100.15277,158.14215,7.8734994,-59.657097,142.87949,1.7913018,12.054112,0,84,764.40656
5/24/2026 7:18,31794.533,42275.92,26.979015,31.451948,1.0203661,27.47935,9.089606,99.38639,156.93707,7.8628607,-59.070587,146.97075,1.4250171,12.019471,0,84,764.40656
5/24/2026 7:48,31562.365,42039.008,26.806486,31.683304,1.0202441,27.325356,8.974244,97.87785,154.56453,7.8498015,-58.345795,147.01843,1.1218326,11.952228,0,84,764.40656
5/24/2026 8:18,31218.158,41624.43,26.511236,32.03264,1.0200227,27.05588,8.77417,95.433365,150.70999,7.817104,-56.557655,144.5961,0.738342,11.9107895,0,84,764.40656
5/24/2026 8:48,30827.688,41096.2,26.140564,32.438374,1.0197345,26.71253,8.543666,92.723885,146.43018,7.771697,-54.08764,135.25009,0.91457206,11.918051,0,84,764.40656
5/24/2026 9:18,29082.266,38671.11,24.451986,34.385216,1.0184107,25.136223,8.311696,89.44318,141.23631,7.686137,-49.448013,131.14929,0.59272045,12.01786,0,84,764.40656
5/24/2026 9:48,26205.01,34675.473,21.700005,38.16064,1.0162508,22.539057,7.9570994,84.50752,133.4188,7.5275555,-40.841103,123.19565,0.56834674,12.2105665,0,84,764.40656
5/24/2026 10:18,23556.912,30969.156,19.183868,42.450386,1.0142658,20.129951,7.4940186,78.78019,124.346436,7.364067,-31.962395,116.31966,0.55847096,12.468963,0,84,764.40656
5/24/2026 10:48,21225.904,27794.744,17.051134,47.112244,1.0125953,18.066586,7.2088156,75.031494,118.41178,7.2622843,-26.426315,106.38237,0.6364824,12.626495,0,84,764.40656
5/24/2026 11:18,18328.4,23944.875,14.495897,54.560135,1.0106114,15.564169,7.223584,74.14289,116.999016,7.195121,-22.768974,108.76179,0.6766685,12.719448,0,84,764.40656
5/24/2026 11:48,16161.922,21056.484,12.608163,61.87383,1.0091401,13.686714,7.3436093,74.67038,117.818886,7.1648316,-21.123886,111.112595,1.0185584,12.829887,0,84,764.40656
5/24/2026 12:18,14167.79,18406.053,10.898949,70.58264,1.0078063,11.963934,7.524737,75.889656,119.72946,7.1389256,-19.717216,111.62281,0.8936347,12.944261,0,84,764.40656
5/24/2026 12:48,12372.954,16021.107,9.381752,80.82144,1.0066179,10.41372,7.7358174,77.51051,122.27068,7.1310787,-19.2976,110.52132,1.073909,13.078054,0,84,764.40656
5/24/2026 13:18,11257.114,14529.822,8.444359,88.83271,1.0058769,9.444385,7.9095464,79.012985,124.624916,7.1289134,-19.187927,111.989975,1.1265496,13.207289,0,84,764.40656
5/24/2026 13:48,10899.629,14018.224,8.126429,91.74625,1.0056106,9.111845,7.9778967,79.79088,125.83376,7.1261206,-19.044876,109.820366,1.2781156,13.352504,0,84,764.40656
5/24/2026 14:18,10689.462,13723.093,7.9432383,93.55008,1.0054586,8.920011,8.00874,80.136566,126.36964,7.1158347,-18.486977,115.418434,1.2711473,13.426162,0,84,764.40656
5/24/2026 14:48,28489.604,36810.8,23.23429,35.100525,1.0172701,23.927021,9.372628,102.56507,161.77974,7.8545084,-58.851242,120.69225,1.9967062,13.164755,0,84,764.40656
5/24/2026 15:18,31258.652,40549.426,25.837994,31.991142,1.0193077,26.357126,9.525821,105.59082,166.5786,7.933049,-63.109398,125.76103,2.055337,13.004076,0,84,764.40656
5/24/2026 15:48,31551.125,40983.79,26.139957,31.694592,1.0195508,26.639462,9.586749,106.345764,167.77846,7.9462743,-63.819885,123.57235,1.9860481,12.94995,0,84,764.40656
5/24/2026 16:18,31378.703,40735.83,25.96703,31.868748,1.0194129,26.478289,9.516447,105.504616,166.44756,7.935092,-63.214302,121.860504,1.7508351,12.973686,0,84,764.40656
5/24/2026 16:48,31554.357,41008.5,26.155907,31.691343,1.0195667,26.655525,9.592445,106.374344,167.82683,7.943039,-63.638687,117.2781,1.6398426,12.929789,0,84,764.40656
5/24/2026 17:18,31861.03,41545.52,26.52466,31.386305,1.019876,27.004587,9.568445,106.05325,167.34198,7.947866,-63.872337,124.44496,1.782567,12.795523,0,84,764.40656
5/24/2026 17:48,31775.02,41589.49,26.54432,31.471264,1.0199186,27.033167,9.52529,105.25304,166.10335,7.948745,-63.886642,125.50354,1.5992821,12.644796,0,84,764.40656
5/24/2026 18:18,31911.398,41877.54,26.739523,31.336765,1.0200883,27.2204,9.48638,104.71967,165.27809,7.942443,-63.519478,128.24059,1.4255558,12.540157,0,84,764.40656
5/24/2026 18:48,31997.904,42064.844,26.866272,31.252047,1.020199,27.342148,9.3523655,103.16956,162.84238,7.9249783,-62.5515,123.69633,1.7123505,12.47018,0,84,764.40656
5/24/2026 19:18,31941.445,41944.547,26.78477,31.307287,1.020128,27.263956,9.301723,102.653305,162.02083,7.918683,-62.217712,128.81757,1.8042597,12.513927,0,84,764.40656
5/24/2026 19:48,31913.908,41891.836,26.74879,31.334301,1.0200974,27.229692,9.207804,101.62787,160.39993,7.9083915,-61.659813,129.54712,1.972948,12.529681,0,84,764.40656
5/24/2026 20:18,31370.357,41011.65,26.140678,31.877228,1.0195982,26.657572,9.077065,100.146324,158.03717,7.8614445,-59.132576,131.9027,1.5678098,12.691799,0,84,764.40656
5/24/2026 20:48,29965.582,38927.016,24.695755,33.37162,1.0184366,25.302559,8.701558,95.65367,150.9103,7.7469983,-52.933693,126.55258,1.2496148,12.947058,0,84,764.40656
5/24/2026 21:18,28397.84,36687.477,23.148932,35.213947,1.0172035,23.84686,8.220367,89.91797,141.83026,7.611308,-45.557022,134.42993,0.97842884,13.170011,0,84,764.40656
5/24/2026 21:48,25859.953,33268.406,20.798029,38.66983,1.0153618,21.624464,7.8613296,85.04729,134.12486,7.473602,-38.051605,130.78214,0.8159428,13.340976,0,84,764.40656
5/24/2026 22:18,22554.438,28936.34,17.85484,44.337173,1.0130773,18.808622,7.480771,79.6514,125.60121,7.319706,-29.644966,122.385025,0.6166041,13.452892,0,84,764.40656
5/24/2026 22:48,18208.13,23306.74,14.10344,54.92052,1.0101768,15.149382,7.1380067,74.40031,117.309784,7.1631675,-21.08574,108.51383,0.75497544,13.5465355,0,84,764.40656
5/24/2026 23:18,13999.954,17893.385,10.585952,71.4288,1.0074631,11.6307,6.803199,69.47181,109.53207,7.035671,-14.1096115,105.13306,0.5609641,13.607826,0,84,764.40656
5/24/2026 23:48,11540.795,14740.426,8.584266,86.64915,1.0059199,9.581277,6.5588274,66.18995,104.35486,6.971678,-10.504723,106.101036,0.5252874,13.635337,0,84,764.40656
5/25/2026 0:18,9838.045,12563.815,7.225556,101.64621,1.004874,8.16648,6.3742623,63.79624,100.58035,6.922875,-7.7581406,107.87487,0.5190868,13.641148,0,84,764.40656
5/25/2026 0:48,8560.922,10931.951,6.2209415,116.80985,1.0041004,7.105768,6.2276974,61.947285,97.66497,6.8956785,-6.2274933,105.900764,0.5846628,13.64451,0,84,764.40656
5/25/2026 1:18,7409.3994,9462.028,5.3274145,134.9637,1.003413,6.1503186,6.1301193,60.63723,95.599785,6.8708563,-4.8303604,109.148026,0.65282,13.642239,0,84,764.40656
5/25/2026 1:48,6341.534,8098.425,4.509306,157.69055,1.0027827,5.263976,6.0751905,59.78953,94.26336,6.861622,-4.310608,109.84421,0.6770906,13.641766,0,84,764.40656
5/25/2026 2:18,5441.5483,6949.2134,3.8287833,183.77122,1.0022583,4.5169888,6.0612736,59.40094,93.65078,6.8455253,-3.4046173,112.77676,0.53857285,13.641112,0,84,764.40656
5/25/2026 2:48,4596.5947,5870.3193,3.1982596,217.55235,1.001772,3.8157077,6.053149,59.088795,93.15875,6.8484907,-3.5715103,108.709335,0.6540343,13.639944,0,84,764.40656
5/25/2026 3:18,4034.3882,5152.2544,2.7836192,247.86906,1.0014518,3.3489654,5.964036,58.07031,91.55296,6.835613,-2.8467178,114.741325,0.59211415,13.640499,0,84,764.40656
5/25/2026 3:48,29245.28,38368.49,24.278751,34.193554,1.0181849,24.939516,8.22064,89.37858,141.06396,7.673429,-48.8472,117.640495,1.6075118,12.550852,0,84,764.40656
5/25/2026 4:18,31667.766,41847.887,26.69693,31.577852,1.0201048,27.201126,8.571395,94.041275,148.46313,7.8011193,-55.75657,128.22151,1.251735,12.263618,0,84,764.40656
5/25/2026 4:48,31838.596,42225.363,26.95168,31.40842,1.020327,27.446486,8.751705,95.88281,151.39046,7.8363853,-57.649612,124.845505,1.1216549,12.12125,0,84,764.40656
5/25/2026 5:18,31847.02,42301.24,27.000273,31.400112,1.0203751,27.495806,8.820835,96.545586,152.4454,7.849744,-58.36487,125.27466,1.1841359,12.060866,0,84,764.40656
5/25/2026 5:48,31841.5,42323,27.013397,31.405556,1.02039,27.50995,8.861737,96.94524,153.0803,7.857114,-58.760643,123.08121,0.9281722,12.033773,0,84,764.40656
5/25/2026 6:18,31770.367,42248.11,26.959068,31.475872,1.0203513,27.461271,8.8748,97.01704,153.19627,7.8563075,-58.71296,123.22426,0.79594386,12.015447,0,84,764.40656
5/25/2026 6:48,31830.7,42337.742,27.021568,31.416212,1.0204012,27.519533,8.917261,97.50151,153.96252,7.8640475,-59.132576,117.75494,0.8117041,12.0067,0,84,764.40656
5/25/2026 7:18,31761.893,42221.64,26.941566,31.48427,1.0203352,27.444065,8.896563,97.27347,153.5992,7.8600197,-58.918,125.70381,0.8148467,12.029616,0,84,764.40656
5/25/2026 7:48,31750.6,42152.312,26.896835,31.495468,1.0202917,27.399004,8.807202,96.373695,152.17126,7.84503,-58.112144,124.47357,0.85273325,12.080367,0,84,764.40656
5/25/2026 8:18,31774.432,42110.96,26.873219,31.471846,1.0202614,27.372124,8.873313,97.22398,153.50415,7.853878,-58.608055,125.70858,0.6998575,12.148724,0,84,764.40656
5/25/2026 8:48,31694.385,41904.785,26.735409,31.55133,1.020138,27.238111,8.730821,95.77188,151.19818,7.836633,-57.68776,123.45791,0.67145276,12.243082,0,84,764.40656
5/25/2026 9:18,31326.611,41299.113,26.317745,31.921741,1.0197947,26.844423,8.468806,92.87982,146.61665,7.792735,-55.31788,122.64252,0.67838687,12.357583,0,84,764.40656
5/25/2026 9:48,29933.36,39275.016,24.911543,33.407543,1.0186743,25.52876,8.114489,88.56779,139.78484,7.716012,-51.169395,119.81964,0.75827706,12.546994,0,84,764.40656
5/25/2026 10:18,23503.387,30395.887,18.82767,42.54706,1.0138814,19.757328,7.592357,80.76958,127.4055,7.4832797,-38.552284,109.68685,0.517769,13.127873,0,84,764.40656
5/25/2026 10:48,17547.42,22288.328,13.443528,56.988434,1.0096173,14.487413,7.23896,75.65537,119.250275,7.225131,-24.504662,100.46959,0.38778812,13.86345,0,84,764.40656
5/25/2026 11:18,15434.006,19359.67,11.548077,64.79199,1.0080756,12.583786,7.2860107,76.09853,119.883835,7.14233,-20.003319,107.03087,0.53441,14.383489,0,84,764.40656
5/25/2026 11:48,13488.629,16777.365,9.894941,74.13652,1.0067483,10.905288,7.3757324,76.830124,120.99069,7.0957317,-17.466545,113.43956,0.5467591,14.737057,0,84,764.40656
5/25/2026 12:18,12044.416,14899.354,8.706251,83.026024,1.0057986,9.68458,7.4510846,77.42846,121.902374,7.0472836,-14.8153305,117.5642,0.5077099,14.967807,0,84,764.40656
5/25/2026 12:48,11224.624,13804.153,8.020623,89.08984,1.0052311,8.9727,7.63047,79.37643,124.93498,7.0337143,-14.081001,114.26926,0.6267767,15.216432,0,84,764.40656
5/25/2026 13:18,10456.924,12779.56,7.3836126,95.63042,1.0046977,8.306714,7.8275456,81.569786,128.34875,7.017538,-13.170242,121.82236,0.4949189,15.484494,0,84,764.40656
5/25/2026 13:48,9729.607,11786.746,6.771426,102.77907,1.0041637,7.661385,8.081974,84.575584,133.02113,7.0179067,-13.208389,123.83461,0.583767,15.862314,0,84,764.40656
5/25/2026 14:18,9031.137,10848.766,6.196593,110.728035,1.00366,7.0516977,8.311916,87.34342,137.31595,7.014002,-13.003349,126.91021,0.5726164,16.228142,0,84,764.40656
5/25/2026 14:48,8484.096,10092.417,5.736735,117.8676,1.0032315,6.560071,8.591579,90.83586,142.73375,7.008549,-12.712479,126.6861,0.6134278,16.656576,0,84,764.40656
5/25/2026 15:18,7946.131,9343.829,5.2844234,125.84741,1.0027922,6.073489,8.900792,94.84455,148.93958,7.0100803,-12.822151,135.20718,0.53810203,17.168318,0,84,764.40656
5/25/2026 15:48,6965.271,8026.0293,4.4940524,143.56943,1.0020164,5.2169194,9.567598,103.37504,162.14716,7.050236,-15.13958,136.14655,0.6753872,18.080378,0,84,764.40656
5/25/2026 16:18,32793.76,40491.094,25.928253,30.493605,1.0189825,26.319212,10.098684,116.82834,183.917,7.948431,-64.406395,132.25555,0.08257199,15.047154,0,84,764.40656
5/25/2026 16:48,33048.977,41802.344,26.794254,30.258123,1.0198499,27.171522,10.2152195,116.38112,183.41063,7.9827247,-66.06102,126.49059,0.040258944,14.036701,0,84,764.40656
5/25/2026 17:18,33012.53,41966.52,26.89659,30.291527,1.0199691,27.278238,10.232821,116.15756,183.09743,7.9924717,-66.54739,136.73782,0.08177895,13.829301,0,84,764.40656
5/25/2026 17:48,32841.082,42098.027,26.965845,30.449667,1.0200878,27.363718,10.277291,115.888756,182.73705,7.999671,-66.86211,137.95853,0.3204835,13.487423,0,84,764.40656
5/25/2026 18:18,32667.848,42206.67,27.019577,30.611137,1.0201896,27.434338,10.3137455,115.56559,182.28549,8.007055,-67.191124,140.01846,0.39742658,13.167395,0,84,764.40656
5/25/2026 18:48,32631.809,42234.7,27.03412,30.644945,1.0202141,27.452555,10.284105,115.0717,181.51921,8.009194,-67.29126,133.31413,0.47779799,13.095826,0,84,764.40656
5/25/2026 19:18,32607.625,42233.152,27.030903,30.667673,1.0202171,27.45155,10.269501,114.83748,181.1548,8.009579,-67.305565,142.1976,0.4594146,13.0673275,0,84,764.40656
5/25/2026 19:48,32511.219,42320.09,27.077185,30.758614,1.0202901,27.508059,10.142637,112.971405,178.24623,8.000408,-66.7572,143.83792,0.66410345,12.865017,0,84,764.40656
5/25/2026 20:18,32568.387,42310.062,27.076176,30.704622,1.0202746,27.501541,9.960639,111.13054,175.32802,7.9846144,-65.9132,144.73915,0.7477304,12.945294,0,84,764.40656
5/25/2026 20:48,32533.125,42185.91,26.993946,30.737902,1.0201973,27.420841,9.987506,111.54804,175.9739,7.9873533,-66.08009,136.90948,0.7369608,13.020137,0,84,764.40656
5/25/2026 21:18,32698.21,42078.11,26.940357,30.582712,1.0200981,27.35077,9.605083,107.93521,170.2226,7.9395847,-63.53855,140.18536,0.51839703,13.328985,0,84,764.40656
5/25/2026 21:48,32743.797,41698.32,26.701544,30.540136,1.0198327,27.103907,9.01985,102.11144,160.96869,7.8471513,-58.56991,133.62885,0.37671798,13.756784,0,84,764.40656
5/25/2026 22:18,30366.291,37875.53,24.06177,32.93125,1.0176343,24.619095,8.5963335,97.459465,153.49673,7.7208843,-51.808357,121.19293,0.3005276,14.619845,0,84,764.40656
5/25/2026 22:48,27124.814,33210.152,20.855507,36.86661,1.0150201,21.5866,8.120701,91.73737,144.35999,7.552228,-42.657852,101.67122,0.20095836,15.406425,0,84,764.40656
5/25/2026 23:18,23698.316,28631.652,17.743351,42.19709,1.012526,18.610575,7.8313103,87.822426,138.10918,7.4129243,-35.0523,101.86672,0.34556404,15.978872,0,84,764.40656
5/25/2026 23:48,20028.92,24012.324,14.648503,49.927803,1.0100965,15.60801,7.438909,82.42951,129.57738,7.2525764,-26.230812,98.06633,0.44018197,16.314661,0,84,764.40656
5/26/2026 0:18,17113.477,20474.965,12.316684,58.43348,1.0082997,13.308727,7.0683923,77.365616,121.60412,7.1368546,-19.841194,100.19302,0.36837834,16.404425,0,84,764.40656
5/26/2026 0:48,14553.477,17412.275,10.330146,68.712105,1.006784,11.317979,6.7023807,72.48089,113.92633,7.065095,-15.873909,99.663734,0.39141095,16.404034,0,84,764.40656
5/26/2026 1:18,12791.646,15333.215,9.000382,78.17602,1.0057844,9.966589,6.456114,69.139626,108.685074,7.0104866,-12.807846,105.843544,0.44627413,16.321688,0,84,764.40656
5/26/2026 1:48,12230.578,14697.472,8.596207,81.76228,1.0054958,9.553357,6.317224,67.33402,105.86037,6.9780765,-10.962486,110.07786,0.49101046,16.212315,0,84,764.40656
5/26/2026 2:18,10484.341,12633.423,7.299446,95.38034,1.0045266,8.211725,6.1583433,64.965454,102.150764,6.952367,-9.498596,111.20796,0.53571606,16.093676,0,84,764.40656
5/26/2026 2:48,10367.025,12527.451,7.2321453,96.45969,1.004497,8.142843,5.917352,62.238255,97.87652,6.9238653,-7.87735,106.53019,0.6326211,15.970925,0,84,764.40656
5/26/2026 3:18,9230.371,11179.186,6.396578,108.338005,1.0038753,7.2664704,5.8326807,60.9119,95.8015,6.9218106,-7.7581406,107.81765,0.66566265,15.873026,0,84,764.40656
5/26/2026 3:48,9521.599,11555.373,6.6276574,105.02438,1.0040673,7.5109925,5.6265626,58.733864,92.385254,6.8680334,-4.7063828,110.90279,0.70212436,15.78521,0,84,764.40656
5/26/2026 4:18,8097.956,9855.765,5.584631,123.48795,1.0032902,6.4062467,5.5887036,57.81952,90.959816,6.869667,-4.796982,110.23998,0.6063503,15.66213,0,84,764.40656
5/26/2026 4:48,23489.11,29903.295,18.522703,42.57292,1.0135357,19.437141,7.2645116,78.193085,123.26211,7.397097,-33.917427,102.17667,0.491862,13.769758,0,84,764.40656
5/26/2026 5:18,31999.057,41958.09,26.798908,31.250921,1.0201284,27.272758,8.900211,98.35369,155.22589,7.8369846,-57.77359,124.90749,0.6269588,12.572947,0,84,764.40656
5/26/2026 5:48,32243.31,42373.07,27.085052,31.014185,1.0203656,27.542496,9.022282,99.69358,157.35388,7.8649445,-59.280396,132.01236,0.4237179,12.483703,0,84,764.40656
5/26/2026 6:18,32242.303,42362.547,27.0783,31.015154,1.0203589,27.535656,9.124137,100.83304,159.15108,7.882835,-60.25791,136.5137,0.5494378,12.492354,0,84,764.40656
5/26/2026 6:48,32313.633,42399.13,27.108387,30.946692,1.0203724,27.559435,9.196294,101.76495,160.61382,7.8944283,-60.90164,123.968124,0.6293286,12.546055,0,84,764.40656
5/26/2026 7:18,32249.207,42240.93,27.00201,31.008514,1.0202775,27.456604,9.229091,102.21,161.30553,7.896691,-61.039925,135.32639,0.56094706,12.615639,0,84,764.40656
5/26/2026 7:48,32331.082,42206.07,26.987766,30.929989,1.0202422,27.433947,9.328372,103.59362,163.46805,7.9078693,-61.678886,133.77667,0.5176647,12.750217,0,84,764.40656
5/26/2026 8:18,32498.95,42274.875,27.04731,30.770226,1.020262,27.47867,9.392484,104.657616,165.12428,7.9160366,-62.155724,135.16904,0.49092308,12.89284,0,84,764.40656
5/26/2026 8:48,32567.613,42286.79,27.061304,30.70535,1.0202591,27.486414,9.439603,105.35459,166.21204,7.920719,-62.42752,129.98105,0.6600272,12.966517,0,84,764.40656
5/26/2026 9:18,32612.46,42168.727,26.990332,30.663126,1.0201731,27.409674,9.562908,107.060776,168.87592,7.9228377,-62.58011,135.13089,0.7396347,13.135093,0,84,764.40656
5/26/2026 9:48,32802.367,42069.652,26.944275,30.485605,1.0200751,27.345274,9.656056,108.82233,171.59804,7.923168,-62.670708,135.22148,0.6112537,13.466787,0,84,764.40656
5/26/2026 10:18,32850.258,41690.22,26.705475,30.441162,1.0198084,27.098642,9.71075,110.258125,173.78592,7.9078736,-61.92684,135.56958,0.35308266,13.898468,0,84,764.40656
5/26/2026 10:48,31842.064,39963.707,25.514631,31.404999,1.0188019,25.97641,9.30484,105.87516,166.7974,7.828057,-57.644844,126.38569,0.41495833,14.359921,0,84,764.40656
5/26/2026 11:18,28236.387,34872.953,21.98953,35.415295,1.015962,22.66742,8.795104,99.29441,156.3161,7.704616,-50.988197,130.51987,0.42637995,15.036285,0,84,764.40656
5/26/2026 11:48,23537.285,28331.172,17.544735,42.485783,1.0123422,18.415262,8.261121,92.83596,145.9659,7.5297165,-41.52298,130.27667,0.321447,16.140894,0,84,764.40656
5/26/2026 12:18,21309.94,25174.975,15.4405,46.92646,1.0105717,16.363733,8.163565,92.09425,144.65744,7.3432827,-31.313896,137.45786,0.3594757,16.96194,0,84,764.40656
5/26/2026 12:48,19437.453,22509.838,13.684035,51.44707,1.0090508,14.631395,8.280048,94.09272,147.63092,7.258047,-26.67427,131.6452,0.48199877,17.853888,0,84,764.40656
5/26/2026 13:18,18344.615,20845.447,12.599679,54.51191,1.0080438,13.5495405,8.414437,96.64453,151.4615,7.2049427,-23.794174,138.65948,0.4656708,18.718836,0,84,764.40656
5/26/2026 13:48,17876.832,20013.31,12.062791,55.938324,1.0074857,13.008652,8.562929,99.37583,155.59337,7.1673117,-21.748543,138.67856,0.6586226,19.410843,0,84,764.40656
5/26/2026 14:18,16300.322,17948.852,10.724975,61.34848,1.0062982,11.666754,8.839291,103.32993,161.60287,7.1702776,-21.972656,145.67853,0.4671732,20.191313,0.009,84,764.40656
5/26/2026 14:48,16911.115,18458.428,11.060306,59.132706,1.0064555,11.997978,9.177986,108.37323,169.38458,7.178133,-22.444725,143.12268,0.43598363,20.61116,0.018,84,764.40656
5/26/2026 15:18,16659.842,17977.074,10.752276,60.02458,1.0060939,11.685099,9.310955,110.90996,173.20325,7.231774,-25.501251,149.02115,0.5449655,21.16372,0.018,83,764.40656
5/26/2026 15:48,16008.871,17107.84,10.192615,62.465366,1.0055591,11.120096,9.035308,108.24311,168.91296,7.182163,-22.7499,148.73505,0.59847766,21.636765,0.027,83,764.40656
5/26/2026 16:18,12886.043,13417.584,7.8401856,77.60334,1.003473,8.72143,9.331217,112.97774,175.92694,7.1545076,-21.28601,152.26364,0.4781978,22.925903,0.027,83,764.40656
5/26/2026 16:48,34475.65,39812.066,25.592072,29.005981,1.0180879,25.877844,11.198275,137.02011,214.94804,8.014779,-68.75038,132.28416,0.08331142,17.982185,0,83,764.40656
5/26/2026 17:18,34785.195,41341.402,26.622288,28.747862,1.0191648,26.871912,11.0248,132.37703,207.9988,8.047921,-70.28103,143.88084,0.07010276,16.69702,0,83,764.40656
5/26/2026 17:48,34152.03,42152.23,27.108822,29.280836,1.019886,27.39895,10.902651,127.08814,200.06499,8.044549,-69.69929,147.44281,0.040474895,15.063194,0,83,764.40656
5/26/2026 18:18,33658.996,42253.273,27.13532,29.70974,1.0200506,27.464628,10.745228,123.47166,194.52104,8.041607,-69.3655,151.35765,0.3294888,14.350836,0,83,764.40656
5/26/2026 18:48,33318.098,42370.473,27.182154,30.013718,1.020192,27.540808,10.527157,119.673195,188.64203,8.032046,-68.712234,145.59746,0.5338731,13.81423,0,83,764.40656
5/26/2026 19:18,33176.64,42346.984,27.154795,30.14169,1.0202003,27.525541,10.392452,117.75108,185.64091,8.024004,-68.2354,152.98843,0.43487385,13.662174,0,83,764.40656
5/26/2026 19:48,33102.25,42393.03,27.177734,30.209427,1.020244,27.55547,10.235013,115.656265,182.36342,8.012836,-67.59167,153.90396,0.5951462,13.525745,0,83,764.40656
5/26/2026 20:18,32986.83,42384.54,27.162008,30.31513,1.0202574,27.54995,10.032727,113.04316,178.26717,7.995984,-66.63799,157.28473,0.5395015,13.39136,0,83,764.40656
5/26/2026 20:48,32932.125,42413.094,27.175312,30.365486,1.0202857,27.568512,9.859734,110.88377,174.87839,7.9830484,-65.90843,151.16214,0.9211327,13.296401,0,83,764.40656
5/26/2026 21:18,32959.188,42369.89,27.15016,30.340553,1.0202521,27.540428,9.787227,110.22287,173.82309,7.9769807,-65.59372,159.06812,0.803618,13.371294,0,83,764.40656
5/26/2026 21:48,33136.508,42407.062,27.189753,30.178196,1.0202478,27.56459,9.645198,109.0646,171.96489,7.9590545,-64.65435,154.79088,0.7282632,13.554516,0,83,764.40656
5/26/2026 22:18,33344.27,42363.887,27.180166,29.99016,1.020183,27.536528,9.116928,103.72341,163.49374,7.8861246,-60.725212,146.13629,0.46277192,13.852978,0,83,764.40656
5/26/2026 22:48,33625.777,42209.684,27.10446,29.73909,1.0200263,27.436295,8.619187,99.0265,156.0091,7.7941194,-55.78041,129.45651,0.35948786,14.3527,0,83,764.40656
5/26/2026 23:18,33375.637,41089.79,26.359894,29.961975,1.0192887,26.708363,8.241983,95.84115,150.8574,7.70557,-51.06449,117.89322,0.30350122,15.170738,0,83,764.40656
5/26/2026 23:48,31921.006,38292.85,24.440458,31.327333,1.0175838,24.890354,7.848885,92.25265,145.0237,7.5814495,-44.403076,103.52135,0.31427252,16.288073,0,83,764.40656
5/27/2026 0:18,28268.836,32954.51,20.75979,35.374645,1.0145001,21.420433,7.580242,89.350006,140.24303,7.423827,-35.848618,99.196434,0.21414536,17.555698,0,83,764.40656
5/27/2026 0:48,25677.916,29578.227,18.45102,38.94397,1.012624,19.225847,7.116279,83.61048,131.1431,7.2713675,-27.43721,92.72575,0.2812356,18.096113,0,83,764.40656
5/27/2026 1:18,23358.342,26772.502,16.54776,42.811256,1.0111274,17.402126,6.6097283,77.12295,120.931244,7.160282,-21.276474,98.73867,0.36076623,18.323305,0,83,764.40656
5/27/2026 1:48,21929.031,25136.182,15.444989,45.60165,1.0102903,16.338518,6.2584333,72.539635,113.74499,7.093968,-17.585754,101.737976,0.4145912,18.319843,0,83,764.40656
5/27/2026 2:18,20926.934,24041.93,14.710157,47.78531,1.0097543,15.6272545,6.045523,69.62265,109.185936,7.058509,-15.60688,108.14667,0.47563434,18.216486,0,83,764.40656
5/27/2026 2:48,20591.736,23694.133,14.476682,48.56317,1.0095922,15.401186,5.7118244,65.594696,102.87878,7.0145807,-13.122559,104.03633,0.6037204,18.144753,0,83,764.40656
5/27/2026 3:18,19298.709,22252.951,13.517507,51.816936,1.0088834,14.464418,5.425415,61.83187,96.98924,6.9905424,-11.744499,106.253624,0.52302796,18.049355,0,83,764.40656
5/27/2026 3:48,19270.854,22269.945,13.526937,51.891838,1.0089116,14.475465,5.2109165,59.27242,92.9866,6.98043,-11.162758,108.50906,0.55742496,17.94922,0,83,764.40656
5/27/2026 4:18,18460.088,21360.828,12.925578,54.17092,1.0084667,13.884539,5.00094,56.61284,88.82103,6.971537,-10.652542,119.9913,0.55889994,17.890198,0,83,764.40656
5/27/2026 4:48,17647.527,20428.633,12.312647,56.66516,1.0080044,13.278612,4.9857554,56.21405,88.1974,6.9469194,-9.2458725,124.32575,0.5419751,17.872377,0,83,764.40656
5/27/2026 5:18,16392.957,19034.48,11.399982,61.00181,1.0073388,12.372413,4.552615,50.909286,79.88864,6.9238586,-7.9250336,123.3387,0.59144145,17.734255,0,83,764.40656
5/27/2026 5:48,30439.11,38638.996,24.554451,32.852474,1.0181537,25.115347,7.832206,87.7338,138.28502,7.6602926,-48.356056,98.39535,0.69428587,13.889112,0,83,764.40656
5/27/2026 6:18,32714.344,42194.254,27.015911,30.56763,1.0201737,27.426266,8.719765,97.844826,154.32332,7.828599,-57.44934,126.44768,0.52750313,13.237014,0,83,764.40656
5/27/2026 6:48,32866.336,42359.324,27.13502,30.42627,1.0202601,27.533562,9.073813,101.95636,160.80342,7.878714,-60.195923,131.11115,0.60271907,13.266688,0,83,764.40656
5/27/2026 7:18,32911.66,42359.664,27.139345,30.384369,1.020253,27.533783,9.119229,102.58851,161.79147,7.8846025,-60.52971,141.8972,0.51222825,13.322384,0,83,764.40656
5/27/2026 7:48,32957.16,42385.633,27.160038,30.34242,1.020263,27.550661,9.117866,102.65322,161.8885,7.8873587,-60.687065,143.61382,0.54733366,13.353663,0,83,764.40656
5/27/2026 8:18,32958.68,42392.21,27.16438,30.34102,1.0202672,27.554937,9.150306,103.01181,162.45473,7.897749,-61.2545,146.20303,0.5419331,13.349224,0,83,764.40656
5/27/2026 8:48,33043.668,42440.117,27.202633,30.262983,1.0202856,27.586075,9.155351,103.21951,162.7727,7.897867,-61.273575,140.72418,0.669583,13.40812,0,83,764.40656
5/27/2026 9:18,33110.67,42405.676,27.186575,30.201742,1.0202512,27.563688,9.15715,103.47815,163.16164,7.896805,-61.240196,149.8747,0.65645474,13.523956,0,83,764.40656
5/27/2026 9:48,33199.125,42439.03,27.215755,30.121275,1.020259,27.585371,9.1710205,103.81931,163.68687,7.8975496,-61.297417,149.49799,1.023521,13.600947,0,83,764.40656
5/27/2026 10:18,33304.1,42386.223,27.19105,30.02633,1.0202053,27.551044,9.300417,105.66245,166.56229,7.9016314,-61.559677,149.60767,0.7504718,13.781644,0,83,764.40656
5/27/2026 10:48,33487.105,42336.36,27.174618,29.86224,1.020139,27.518635,9.381713,107.18047,168.90746,7.9064693,-61.883926,135.61725,0.70074713,14.056411,0,83,764.40656
5/27/2026 11:18,33668.67,41963.258,26.948618,29.7012,1.0198468,27.27612,9.328461,107.7266,169.66154,7.8780184,-60.448647,143.61859,0.16142198,14.651146,0,83,764.40656
5/27/2026 11:48,32928.945,40426.035,25.896133,30.36842,1.0189081,26.276922,9.020947,104.85481,165.02328,7.7960105,-56.066513,139.24599,0.2672338,15.290469,0,83,764.40656
5/27/2026 12:18,30707.975,37078.418,23.573317,32.56483,1.0169798,24.100971,8.662995,100.71298,158.37605,7.680698,-49.83902,138.32568,0.2348455,16.004711,0,83,764.40656
5/27/2026 12:48,27019.967,31922.596,20.026613,37.009666,1.0140692,20.749687,7.820307,90.6953,142.46048,7.467336,-38.18512,123.233795,0.31192848,16.959232,0,83,764.40656
5/27/2026 13:18,23971.688,27825.053,17.247126,41.715878,1.0117834,18.086285,7.510548,87.011665,136.5391,7.3027763,-29.149055,131.25897,0.40071255,17.749453,0,83,764.40656
5/27/2026 13:48,22080.334,25234.205,15.513627,45.28917,1.0103128,16.402233,7.400435,86.042015,134.89278,7.2112365,-24.123192,138.03958,0.4187625,18.456337,0,83,764.40656
5/27/2026 14:18,20031.934,22562.854,13.741273,49.92029,1.0088207,14.665855,7.395071,86.20222,135.02083,7.1487207,-20.689964,142.622,0.54832184,19.127121,0,83,764.40656
5/27/2026 14:48,20314.83,22761.732,13.877305,49.225124,1.008869,14.795127,7.4349995,87.151665,136.46144,7.1082845,-18.44883,141.69217,0.5831909,19.371689,0,83,764.40656
5/27/2026 15:18,19644.604,21901.002,13.309566,50.904564,1.0083864,14.235651,7.4192724,87.07053,136.28929,7.1242285,-19.35482,152.47345,0.5388192,19.605907,0.009,83,764.40656
5/27/2026 15:48,18697.84,20638.97,12.48233,53.482113,1.0076536,13.415331,7.4498587,87.797775,137.3346,7.121374,-19.226074,152.77863,0.7735234,20.075827,0.009,83,764.40656
5/27/2026 16:18,18181.27,19962.96,12.040889,55.00166,1.0072622,12.9759245,7.6355696,90.18822,141.02162,7.1370783,-20.122528,155.0579,0.5079426,20.327234,0.009,83,764.40656
5/27/2026 16:48,19426.83,21309.947,12.928716,51.4752,1.0079228,13.851465,8.1219635,96.52103,150.9135,7.119835,-19.159317,152.07767,0.63150626,20.373404,0.018,83,764.40656
5/27/2026 17:18,34147.066,39986.094,25.688547,29.285093,1.0183045,25.990963,9.789396,118.39867,185.8847,7.923574,-63.54332,144.91081,0.303697,17.354633,0,83,764.40656
5/27/2026 17:48,34683.66,42157.887,27.151806,28.83202,1.0197824,27.402626,10.045491,118.67893,186.69006,7.9801226,-66.30421,148.983,0.29648992,15.7177305,0,83,764.40656
5/27/2026 18:18,34225.074,42250.59,27.178377,29.218344,1.0199412,27.462885,10.168154,118.55733,186.63728,7.994586,-66.94794,154.88625,0.56887406,15.054955,0,83,764.40656
5/27/2026 18:48,33966.75,42292.4,27.185411,29.440556,1.0200205,27.49006,10.084951,116.73284,183.83745,7.993078,-66.781044,153.23163,0.6001915,14.693236,0,83,764.40656
5/27/2026 19:18,33723.242,42347.17,27.201227,29.65314,1.0201039,27.525661,9.886661,113.62162,179.00551,7.976338,-65.779686,163.36917,0.6779734,14.337782,0,83,764.40656
5/27/2026 19:48,33690.16,42379.973,27.219671,29.682257,1.0201327,27.546982,9.785131,112.299576,176.93628,7.971603,-65.50312,165.61508,0.703226,14.2646475,0,83,764.40656
5/27/2026 20:18,33590.625,42372.258,27.20643,29.77021,1.0201453,27.541967,9.669836,110.70485,174.44475,7.9586954,-64.76879,169.88278,0.8880527,14.149237,0,83,764.40656
5/27/2026 20:48,33605.99,42424.9,27.241636,29.756601,1.0201788,27.576185,9.522007,108.96331,171.70631,7.9462233,-64.07738,161.53812,1.1442672,14.116696,0,83,764.40656
5/27/2026 21:18,33508.957,42427.05,27.234837,29.842768,1.0201973,27.577583,9.329989,106.49445,167.83704,7.9341955,-63.39073,172.14775,1.1991079,13.994855,0,83,764.40656
5/27/2026 21:48,33498.016,42464.723,27.25815,29.852514,1.020225,27.60207,9.219659,105.141396,165.71321,7.9237847,-62.80899,174.7036,1.4125857,13.944681,0,83,764.40656
5/27/2026 22:18,33579.883,42470.86,27.26905,29.779736,1.020215,27.606058,9.153181,104.59487,164.83563,7.9136662,-62.274933,174.13617,1.3174225,14.039634,0,83,764.40656
5/27/2026 22:48,33691.938,42424.223,27.248375,29.68069,1.0201628,27.575745,8.828874,101.257256,159.54517,7.8670545,-59.757233,159.68799,1.051061,14.223427,0,83,764.40656
5/27/2026 23:18,33823.95,42343.14,27.206833,29.56485,1.0200826,27.523043,8.215466,94.66721,149.12343,7.7721834,-54.597855,153.69891,0.73281896,14.466275,0,83,764.40656
5/27/2026 23:48,34021.312,42238.934,27.155045,29.39334,1.0199726,27.455307,7.5922246,88.07924,138.69402,7.657892,-48.379898,134.6159,0.84134847,14.814092,0,83,764.40656
5/28/2026 0:18,33825.34,41549.066,26.691866,29.563635,1.0195237,27.006893,7.322185,85.485565,134.54292,7.5761538,-43.95485,117.20657,0.6850801,15.267325,0,83,764.40656
5/28/2026 0:48,32553.809,39335.64,25.161133,30.718372,1.0182023,25.568167,7.009329,82.22857,129.31314,7.455521,-37.403107,99.35379,0.6012318,15.973332,0,83,764.40656
5/28/2026 1:18,29828.607,35384.402,22.42149,33.524864,1.0159355,22.999863,6.668519,78.185875,122.83809,7.293162,-28.51963,99.39194,0.5901217,16.779444,0,83,764.40656
5/28/2026 1:48,27877.645,32695.354,20.571272,35.871037,1.0144151,21.25198,6.2182593,72.82301,114.34132,7.1625943,-21.328926,99.73526,0.59505725,17.285263,0,83,764.40656
5/28/2026 2:18,27043.275,31608.297,19.825777,36.977768,1.0138137,20.545393,5.869991,68.64416,107.75926,7.093895,-17.528534,101.02272,0.5441282,17.438494,0,83,764.40656
5/28/2026 2:48,26174.791,30551.24,19.10082,38.204697,1.0132482,19.858305,5.5411777,64.59544,101.39565,7.0463977,-14.896393,100.11196,0.7870686,17.500029,0,83,764.40656
5/28/2026 3:18,25606.617,29906.857,18.658413,39.052406,1.0129172,19.439459,5.319486,61.811707,97.02945,7.0218005,-13.504028,102.46754,0.48669878,17.471848,0,83,764.40656
5/28/2026 3:48,25575.143,29917.002,18.66329,39.100468,1.0129359,19.446053,5.1091466,59.286644,93.07395,7.005133,-12.550354,103.56426,0.6701646,17.401562,0,83,764.40656
5/28/2026 4:18,24644.105,28842.174,17.92883,40.577656,1.0123811,18.747414,4.797001,55.394527,86.96614,6.9794755,-11.086464,106.2727,0.64822483,17.379417,0,83,764.40656
5/28/2026 4:48,24341.688,28548.514,17.72629,41.081787,1.0122466,18.556534,4.5455813,52.3288,82.162834,6.964313,-10.21862,105.30949,0.6346112,17.284967,0,83,764.40656
5/28/2026 5:18,23561.275,27671.879,17.129417,42.442524,1.0118049,17.986721,4.2015433,48.134636,75.58335,6.947616,-9.264946,118.76106,0.67365044,17.222614,0,83,764.40656
5/28/2026 5:48,23420.934,27526.258,17.029945,42.696846,1.0117357,17.892067,3.9075854,44.712273,70.2121,6.9334073,-8.454323,115.02743,0.79167277,17.191513,0,83,764.40656
5/28/2026 6:18,25111.84,30506.13,19.011673,39.821854,1.0135425,19.828985,5.3469143,60.13624,94.59578,7.107421,-18.172264,99.1106,0.51793826,15.742069,0,83,764.40656
5/28/2026 6:48,32835.277,41999.293,26.902187,30.45505,1.0200219,27.29954,8.496478,95.94675,151.27837,7.808368,-56.409836,116.615295,0.53737634,13.576202,0,83,764.40656
5/28/2026 7:18,33195.453,42489.77,27.247936,30.124607,1.0202941,27.618351,8.6810255,98.183205,154.80904,7.844447,-58.379173,136.0035,0.7756848,13.547516,0,83,764.40656
5/28/2026 7:48,33261.668,42531.59,27.280577,30.064638,1.0203112,27.645535,8.878092,100.51857,158.48466,7.8736453,-59.986115,143.8713,0.85254186,13.588805,0,83,764.40656
5/28/2026 8:18,33348.984,42535.695,27.290876,29.98592,1.0202993,27.648203,9.034824,102.519135,161.62198,7.889705,-60.887337,148.54431,0.76463956,13.692329,0,83,764.40656
5/28/2026 8:48,33370.176,42458.74,27.243328,29.966879,1.0202432,27.59818,9.124204,103.71804,163.49533,7.899847,-61.46431,143.13698,0.87976396,13.792863,0,83,764.40656
5/28/2026 9:18,33470.62,42486.297,27.269682,29.876947,1.0202447,27.616093,9.205426,104.86829,165.29207,7.910169,-62.05082,152.06337,0.85057545,13.88995,0,83,764.40656
5/28/2026 9:48,33640.047,42527.906,27.310879,29.726475,1.0202436,27.64314,9.339532,106.79259,168.29587,7.92281,-62.78038,153.80383,0.94999397,14.05817,0,83,764.40656
5/28/2026 10:18,33793.68,42512.855,27.314001,29.591331,1.0202057,27.633356,9.351291,107.3774,169.18149,7.919565,-62.646866,156.703,0.73968154,14.262037,0,83,764.40656
5/28/2026 10:48,34074.297,42485.562,27.31916,29.347633,1.0201352,27.615616,9.491799,109.82639,172.97168,7.9341416,-63.529015,149.71255,1.0460956,14.634586,0,83,764.40656
5/28/2026 11:18,34365.594,42458.336,27.324295,29.098871,1.0200604,27.59792,9.566993,111.57064,175.64517,7.928086,-63.28106,156.25,0.93363327,15.020716,0,83,764.40656
5/28/2026 11:48,34964.4,42395.27,27.327349,28.600521,1.0198945,27.556925,9.571597,113.44032,178.42783,7.911064,-62.51812,155.75409,0.76544785,15.82325,0,83,764.40656
5/28/2026 12:18,34675.797,41528.227,26.73813,28.838558,1.019327,26.993347,9.337595,111.45499,175.19522,7.8599625,-59.809685,156.37398,0.6814845,16.360914,0,83,764.40656
5/28/2026 12:48,32945.508,38949.36,24.933886,30.353151,1.0178226,25.317083,8.703115,103.91195,163.22661,7.7235355,-52.371025,147.65262,0.55783015,16.929577,0,83,764.40656
5/28/2026 13:18,30296.145,35631.38,22.60915,33.0075,1.0159966,23.160397,8.141666,96.28992,151.21078,7.5595937,-43.325424,144.78207,0.5756294,17.160517,0,83,764.40656
5/28/2026 13:48,27763.514,32120.412,20.193588,36.018497,1.0139936,20.87827,7.7106867,91.19081,143.06963,7.3810215,-33.512115,145.27798,0.7185293,17.898289,0,83,764.40656
5/28/2026 14:18,25771.91,29425.389,18.356949,38.801937,1.0124632,19.126503,7.516777,88.96564,139.46828,7.2716274,-27.489662,144.50073,0.60472035,18.499437,0,83,764.40656
5/28/2026 14:48,24480.393,27512.746,17.069422,40.84902,1.0113212,17.883286,7.513679,89.51004,140.182,7.220768,-24.719238,148.33926,0.5545211,19.229513,0,83,764.40656
5/28/2026 15:18,22973.738,25586.63,15.773768,43.52796,1.0102421,16.63131,7.485375,89.21782,139.64091,7.1693773,-21.882057,159.82628,0.45035756,19.65343,0,83,764.40656
5/28/2026 15:48,22444.146,24887.664,15.306747,44.555046,1.0098408,16.176983,7.4787,89.24601,139.64375,7.127679,-19.564629,162.05788,0.64998883,19.859589,0,83,764.40656
5/28/2026 16:18,21742.578,23979.562,14.70154,45.992706,1.0093235,15.586716,7.4981456,89.598816,140.1436,7.131887,-19.817352,170.87936,0.6088613,20.115856,0,83,764.40656
5/28/2026 16:48,21181.564,23192.893,14.1806345,47.210865,1.008849,15.07538,7.5873795,90.98398,142.23793,7.148569,-20.775795,163.13553,0.5004856,20.459593,0,83,764.40656
5/28/2026 17:18,20812.518,22750.176,13.886563,48.048008,1.0086076,14.787614,7.7098193,92.43562,144.48979,7.143705,-20.508766,171.75198,0.5721873,20.54078,0,83,764.40656
5/28/2026 17:48,30553.184,35345.25,22.436523,32.729813,1.015701,22.974413,9.630432,115.44553,181.12216,7.7839594,-55.90439,160.8801,0.5244983,17.901636,0,83,764.40656
5/28/2026 18:18,34355.965,42201.703,27.156446,29.107027,1.0198807,27.431107,10.045138,117.608246,185.0999,7.9736047,-65.841675,166.111,0.49680752,15.266466,0,83,764.40656
5/28/2026 18:48,34134.902,42388.656,27.261106,29.295528,1.0200559,27.552626,9.922232,115.16515,181.3466,7.9772534,-65.93704,155.58719,0.7351246,14.805441,0,83,764.40656
5/28/2026 19:18,33950.906,42399.434,27.253492,29.454294,1.0200982,27.559631,9.693818,111.96549,176.3533,7.962795,-65.08827,170.72678,0.7712885,14.567517,0,83,764.40656
5/28/2026 19:48,33707.625,42489.438,27.291748,29.666878,1.020205,27.618134,9.451907,108.33295,170.70189,7.944406,-63.991547,176.11981,1.0480707,14.178938,0,83,764.40656
5/28/2026 20:18,33441.984,42498.3,27.274939,29.902533,1.020258,27.623896,9.215554,104.885635,165.32736,7.926627,-62.942505,181.76079,1.1421238,13.843021,0,83,764.40656
5/28/2026 20:48,33263.105,42551.74,27.293617,30.06334,1.0203246,27.65863,9.0494995,102.43003,161.50128,7.913431,-62.160492,169.4107,1.8190632,13.571186,0,83,764.40656
5/28/2026 21:18,33203.176,42587.66,27.311296,30.117601,1.0203589,27.68198,8.941228,100.98876,159.24619,7.903927,-61.616898,185.11772,1.4070126,13.46299,0,83,764.40656
5/28/2026 21:48,33073.1,42657.723,27.344334,30.236052,1.0204275,27.72752,8.92356,100.33543,158.25165,7.9015913,-61.440468,187.77371,1.6555796,13.236303,0,83,764.40656
5/28/2026 22:18,33090.7,42615.785,27.319143,30.219973,1.0203964,27.70026,8.890718,100.07886,157.83737,7.8985596,-61.28788,194.01074,1.5445166,13.297868,0,83,764.40656
5/28/2026 22:48,33098.258,42602.914,27.311611,30.21307,1.0203865,27.691895,8.76431,98.69539,155.65213,7.883917,-60.49156,187.17288,1.7484931,13.319436,0,83,764.40656
5/28/2026 23:18,33093.477,42613.8,27.318132,30.217436,1.0203946,27.69897,8.572269,96.50425,152.19894,7.8569527,-59.013367,191.29753,1.50446,13.303171,0,83,764.40656
5/28/2026 23:48,33172.98,42609.754,27.32272,30.145016,1.0203788,27.69634,8.095204,91.32906,144.02248,7.7893753,-55.336952,180.60684,0.9866859,13.404723,0,83,764.40656
5/29/2026 0:18,33250.445,42523.742,27.274563,30.074785,1.0203078,27.640432,7.5916276,85.93871,135.4979,7.703827,-50.68779,159.69276,0.86238587,13.582544,0,83,764.40656
5/29/2026 0:48,33287.75,42224.688,27.085892,30.04108,1.0200975,27.446047,7.212677,82.12203,129.43587,7.6062636,-45.399666,128.85094,0.8261076,13.918749,0,83,764.40656
5/29/2026 1:18,32661.41,40982.246,26.234924,30.617172,1.019354,26.63846,7.0352745,80.42415,126.70015,7.533652,-41.484833,123.02399,0.7286016,14.369887,0,83,764.40656
5/29/2026 1:48,30664.166,37916.78,24.110516,32.611355,1.0175995,24.645908,6.8510394,78.27917,123.23931,7.4055796,-34.52778,113.072395,0.89256436,14.985487,0,83,764.40656
5/29/2026 2:18,28088.896,34312.773,21.622314,35.601257,1.0155882,22.303305,6.516359,74.10579,116.601845,7.255381,-26.311874,110.292435,0.51615894,15.503318,0,83,764.40656
5/29/2026 2:48,27183.168,33088.992,20.78228,36.78747,1.0149146,21.507845,6.2080045,70.45498,110.838356,7.1778226,-22.04895,106.306076,0.90597045,15.655339,0,83,764.40656
5/29/2026 3:18,26616.469,32411.139,20.314384,37.570724,1.0145597,21.067242,5.9422026,67.224236,105.757744,7.133827,-19.62185,107.83672,0.60613984,15.639454,0,83,764.40656
5/29/2026 3:48,26101.996,31831.35,19.913256,38.311245,1.0142651,20.690378,5.6934953,64.17051,100.960815,7.099825,-17.74311,105.53837,0.9229116,15.576393,0,83,764.40656
5/29/2026 4:18,25627.93,31317.473,19.557325,39.019928,1.01401,20.356358,5.5000486,61.744263,97.15322,7.0731874,-16.269684,107.536316,0.7571578,15.488319,0,83,764.40656
5/29/2026 4:48,25423.783,31137.74,19.43052,39.33325,1.0139318,20.239532,5.2712545,59.013947,92.86714,7.05009,-14.99176,104.70867,0.80601615,15.392365,0,83,764.40656
5/29/2026 5:18,25153.084,30850.057,19.231369,39.756557,1.0137908,20.052536,5.0642614,56.557056,89.006905,7.043481,-14.624596,115.29446,0.761053,15.331595,0,83,764.40656
5/29/2026 5:48,24907.51,30624.836,19.073406,40.148533,1.0136905,19.906143,4.716813,52.511585,82.65006,7.023308,-13.484955,119.11392,0.8791622,15.225696,0,83,764.40656
5/29/2026 6:18,24587.35,30252.299,18.818083,40.67132,1.0135005,19.663996,4.4626107,49.573673,78.02854,7.0149903,-13.012886,127.5444,0.6397707,15.195978,0,83,764.40656
5/29/2026 6:48,25319.383,31102.264,19.401285,39.495434,1.0139338,20.21647,4.442262,49.59482,78.05581,6.98764,-11.467934,130.9681,0.65462804,15.26538,0,83,764.40656
5/29/2026 7:18,32624.59,42093.51,26.943516,30.651726,1.0201205,27.360783,8.274048,92.7737,146.32709,7.7765017,-54.597855,120.75901,0.8557222,13.222531,0,83,764.40656
5/29/2026 7:48,32967.895,42558.32,27.271267,30.33254,1.0203775,27.662907,8.570897,96.25668,151.82378,7.837014,-57.902336,142.64584,0.7546262,13.201685,0,83,764.40656
5/29/2026 8:18,33011.977,42574.57,27.285667,30.292036,1.0203813,27.67347,8.722068,98.0425,154.63457,7.8578863,-59.051514,153.99457,0.82817495,13.240413,0,83,764.40656
5/29/2026 8:48,33103.773,42565.445,27.288157,30.208036,1.0203604,27.66754,8.8838825,100.11608,157.88602,7.878348,-60.195923,147.11856,0.7364118,13.362029,0,83,764.40656
5/29/2026 9:18,33298.082,42540.79,27.289679,30.03176,1.0203114,27.651512,9.13465,103.5062,163.18929,7.906862,-61.8124,161.00406,0.61581206,13.624768,0,83,764.40656
5/29/2026 9:48,33461.984,42580.984,27.32979,29.884659,1.0203109,27.67764,9.232022,104.98861,165.49907,7.9180584,-62.4609,163.86032,0.73538893,13.787612,0,83,764.40656
5/29/2026 10:18,33520.387,42550.7,27.315353,29.832592,1.0202801,27.657955,9.238334,105.2706,165.92638,7.9168735,-62.417984,168.5524,0.7754616,13.888755,0,83,764.40656
5/29/2026 10:48,33600.88,42543.953,27.317888,29.761126,1.0202614,27.65357,9.054325,103.39997,162.96019,7.8963637,-61.31649,162.64438,0.7448146,13.994351,0,83,764.40656
5/29/2026 11:18,33740.64,42496,27.298727,29.637848,1.0202037,27.6224,9.13082,104.73079,165.01999,7.902899,-61.7218,171.76628,0.84183425,14.213199,0,83,764.40656
5/29/2026 11:48,34144.977,42534.066,27.356236,29.286884,1.0201558,27.647144,9.421775,109.12815,171.86473,7.917672,-62.63256,172.94406,0.9848756,14.673702,0,83,764.40656
5/29/2026 12:18,34789.96,42503.3,27.385498,28.743925,1.020008,27.627146,9.605165,113.14151,178.02353,7.9267874,-63.314438,173.14911,0.672188,15.498627,0,83,764.40656
5/29/2026 12:48,35454.527,42464.895,27.407017,28.205143,1.0198402,27.60218,9.641761,115.54504,181.62521,7.906043,-62.355995,165.96794,0.53773415,16.356745,0,83,764.40656
5/29/2026 13:18,35421.555,41997.23,27.096088,28.231398,1.019504,27.2982,9.411825,113.5698,178.42497,7.8518553,-59.452057,167.39845,0.4452355,16.802408,0,83,764.40656
5/29/2026 13:48,33089.914,38631.84,24.733702,30.22069,1.0175452,25.110697,8.8049345,106.15982,166.64162,7.6934443,-50.80223,167.46997,0.54930824,17.489275,0,83,764.40656
5/29/2026 14:18,29933.736,34666.863,21.960667,33.407124,1.0153497,22.533463,8.327778,99.44814,156.03398,7.5123377,-40.802956,169.88278,0.577703,17.85174,0,83,764.40656
5/29/2026 14:48,27879.46,32016.88,20.132183,35.8687,1.0138721,20.810974,8.104422,96.44358,151.24442,7.3950677,-34.332275,161.1042,0.604058,18.234228,0,83,764.40656
5/29/2026 15:18,26294.076,29910.055,18.693354,38.03138,1.0126805,19.441536,8.004464,95.24442,149.27702,7.3035164,-29.28257,166.54968,0.3983948,18.670414,0,83,764.40656
5/29/2026 15:48,25377.572,28707.246,17.876446,39.404873,1.0120021,18.65971,7.981327,94.980896,148.812,7.284499,-28.247833,176.66817,0.57397217,18.92737,0,83,764.40656
5/29/2026 16:18,24430.13,27560.82,17.09833,40.93306,1.0113833,17.914534,7.8757353,93.51875,146.49594,7.235394,-25.520325,184.65996,0.6076936,19.052773,0,83,764.40656
5/29/2026 16:48,24705.95,27848.822,17.295015,40.47608,1.0115237,18.101736,7.7783732,92.53986,144.9548,7.2294374,-25.191307,178.68518,0.7414232,19.091372,0,83,764.40656
5/29/2026 17:18,23550.535,26462.172,16.35727,42.46188,1.0107788,17.20041,7.8044624,92.59958,145.01859,7.2314296,-25.315285,177.39296,0.55671245,19.239256,0,83,764.40656
5/29/2026 17:48,22852.607,25623.488,15.792849,43.758682,1.0103284,16.655268,7.8212895,92.66656,145.10338,7.2236767,-24.8909,176.90659,0.663224,19.338306,0,83,764.40656
5/29/2026 18:18,23484.375,26752.652,16.540567,42.581505,1.0110604,17.389223,7.9222536,92.94336,145.68362,7.367151,-32.8207,171.33713,0.8156168,18.60385,0,83,764.40656
5/29/2026 18:48,34129.3,42025.676,27.024757,29.300337,1.019801,27.316689,9.061993,105.79015,166.51895,7.8933043,-61.397552,162.73975,1.373296,15.162615,0,83,764.40656
5/29/2026 19:18,34076.18,42406.152,27.267832,29.346012,1.0200794,27.564,9.149369,106.00538,166.9392,7.915771,-62.537193,176.09119,1.3999583,14.715542,0,83,764.40656
5/29/2026 19:48,33104.043,41195.414,26.407557,30.20779,1.0194176,26.77702,9.244712,106.54606,167.79051,7.931123,-63.381195,183.44403,1.4051881,14.716526,0,83,764.40656
5/29/2026 20:18,34126.527,42364.777,27.244955,29.302717,1.0200408,27.537106,9.26675,107.57572,169.39331,7.944676,-64.1489,192.914,1.5112113,14.818852,0,83,764.40656
5/29/2026 20:48,33943.527,42166.99,27.102278,29.460697,1.019937,27.408543,9.209863,106.757706,168.11053,7.940111,-63.89141,189.29004,1.7141153,14.789459,0,83,764.40656
5/29/2026 21:18,33786.168,42179.766,27.098093,29.597912,1.0199759,27.416847,9.062743,104.605606,164.75856,7.9231586,-62.913895,202.60333,1.7592947,14.581371,0,83,764.40656
5/29/2026 21:48,33953.203,42506.754,27.323135,29.452303,1.0201726,27.62939,9.01182,103.91445,163.69034,7.9206715,-62.75177,205.13058,1.8452092,14.464502,0,83,764.40656
5/29/2026 22:18,33997.87,42530.96,27.342417,29.413607,1.0201811,27.645124,8.91337,102.85701,162.01923,7.9089136,-62.11281,209.20276,1.7419597,14.495683,0,83,764.40656
5/29/2026 22:48,33913.367,42523.395,27.330656,29.486898,1.0201913,27.640207,8.904424,102.54365,161.5422,7.9091196,-62.10327,190.74918,1.9508586,14.399084,0,83,764.40656
5/29/2026 23:18,33831.406,42477.418,27.294228,29.558334,1.0201744,27.610321,8.848747,101.763466,160.3226,7.9040403,-61.8124,211.22932,2.0081947,14.343261,0,83,764.40656
5/29/2026 23:48,33873.652,42493.18,27.307875,29.52147,1.0201776,27.620567,8.710375,100.255615,157.94096,7.890174,-61.059,209.42212,1.9178079,14.379844,0,83,764.40656
5/30/2026 0:18,33905.57,42485.477,27.3055,29.49368,1.0201664,27.61556,8.376135,96.4995,152.01608,7.849697,-58.846474,207.7341,1.2457198,14.426744,0,83,764.40656
5/30/2026 0:48,33945.94,42490.64,27.31212,29.458603,1.0201626,27.618917,7.8897033,90.98207,143.31767,7.7805014,-55.05562,181.74649,0.91551524,14.47141,0,83,764.40656
5/30/2026 1:18,33923.918,42379.086,27.238152,29.477728,1.0200891,27.546406,7.319849,84.51504,133.11885,7.6803007,-49.567223,176.37729,0.7513871,14.554308,0,83,764.40656
5/30/2026 1:48,33822.473,42067.78,27.02846,29.566141,1.0198907,27.344057,6.814141,78.86915,124.20154,7.5680785,-43.43033,151.01433,0.74954945,14.738189,0,83,764.40656
5/30/2026 2:18,32791.984,40541.055,25.960447,30.495256,1.0190184,26.351686,6.533229,75.511955,118.88183,7.4619875,-37.63199,130.11932,0.70965743,14.992601,0,83,764.40656
5/30/2026 2:48,30377.158,37262.39,23.66941,32.91947,1.0171927,24.220554,6.3154807,72.46502,114.04288,7.326491,-30.212402,110.936165,0.7320375,15.325814,0,83,764.40656
5/30/2026 3:18,28532.947,34876.168,22.012106,35.047203,1.0158918,22.669508,6.092807,69.41798,109.228966,7.221938,-24.466515,115.680695,0.70862573,15.477571,0,83,764.40656
5/30/2026 3:48,27957.56,34223.004,21.556206,35.7685,1.0155551,22.244953,5.923395,67.214,105.76845,7.1792808,-22.110939,115.680695,0.7537754,15.414816,0,83,764.40656
5/30/2026 4:18,27309.523,33545.043,21.080761,36.617264,1.0152199,21.80428,5.7318964,64.657585,101.76239,7.139654,-19.917488,112.457275,0.703021,15.267801,0,83,764.40656
5/30/2026 4:48,26730.424,32962.766,20.671843,37.410557,1.0149392,21.425798,5.5763574,62.53153,98.43445,7.1131787,-18.44883,108.566284,0.72758305,15.100931,0,83,764.40656
5/30/2026 5:18,26159.762,32392.62,20.272028,38.226646,1.0146664,21.055202,5.4911437,61.20427,96.36362,7.0918827,-17.266273,111.57513,0.47774792,14.925867,0,83,764.40656
5/30/2026 5:48,25808.334,32122.691,20.077314,38.747173,1.0145584,20.87975,5.3773794,59.59639,93.85421,7.082143,-16.71791,106.63509,0.7645112,14.708379,0,83,764.40656
5/30/2026 6:18,26224.701,32603.44,20.40953,38.13199,1.0148041,21.192236,5.2573905,58.44412,92.03477,7.103864,-17.914772,119.953156,0.65074694,14.756745,0,83,764.40656
5/30/2026 6:48,25601.223,32007.836,19.990337,39.060635,1.014527,20.805092,5.184804,57.208225,90.11139,7.094669,-17.39502,120.978355,0.53141755,14.520543,0,83,764.40656
5/30/2026 7:18,25100.844,31587.893,19.690815,39.8393,1.0143474,20.53213,5.750574,62.975334,99.22402,7.1081777,-18.119812,124.58801,0.6155228,14.247903,0,83,764.40656
5/30/2026 7:48,31746.926,40595.29,25.910612,31.499113,1.0192552,26.386938,8.314559,93.338745,147.16457,7.7294154,-52.08969,118.01243,0.9812743,13.588207,0,83,764.40656
5/30/2026 8:18,33272.17,42479.953,27.248405,30.055147,1.0202745,27.61197,8.562371,97.05049,153.00697,7.834047,-57.83081,150.9285,1.7360352,13.651521,0,83,764.40656
5/30/2026 8:48,33333.91,42609.36,27.336802,29.999481,1.0203519,27.696083,8.724376,98.841354,155.83807,7.863663,-59.44252,155.45845,1.5203954,13.602841,0,83,764.40656
5/30/2026 9:18,33361.082,42623.33,27.348152,29.975046,1.0203568,27.705164,8.876337,100.61168,158.62604,7.8874493,-60.749054,165.51018,1.3750912,13.622795,0,83,764.40656
5/30/2026 9:48,33427.418,42663.09,27.379488,29.915562,1.0203727,27.731009,8.906078,101.058754,159.32394,7.8943353,-61.135292,171.72336,1.3196492,13.666011,0,82,764.40656
5/30/2026 10:18,33437.02,42621.625,27.353712,29.906971,1.0203428,27.704056,8.928301,101.40316,159.85852,7.89544,-61.206818,178.63751,1.3397256,13.717713,0,82,764.40656
5/30/2026 10:48,33554.848,42625.64,27.366507,29.801952,1.0203254,27.706667,8.987972,102.38641,161.38536,7.902897,-61.645508,173.19202,1.3936143,13.858567,0,82,764.40656
5/30/2026 11:18,33599.848,42607.36,27.358612,29.76204,1.0203052,27.694784,9.093148,103.735275,163.4992,7.9171386,-62.441826,181.57483,1.4178039,13.931548,0,82,764.40656
5/30/2026 11:48,33754.254,42631.586,27.387308,29.625896,1.0202947,27.710531,9.112061,104.32554,164.40128,7.916393,-62.437057,184.93652,1.5654365,14.0977125,0,82,764.40656
5/30/2026 12:18,33951.66,42613.234,27.39187,29.45364,1.0202466,27.698603,9.228236,106.22395,167.34721,7.9243956,-62.93297,187.90245,1.1715246,14.358105,0,82,764.40656
5/30/2026 12:48,34231.64,42624.863,27.422016,29.21274,1.0202029,27.706161,9.327183,108.11342,170.26355,7.929665,-63.295364,179.81529,1.059899,14.690622,0,82,764.40656
5/30/2026 13:18,34526.906,42574.453,27.41225,28.96292,1.0201108,27.673393,9.370188,109.5177,172.39755,7.9265423,-63.214302,189.00871,0.8271521,15.103515,0,82,764.40656
5/30/2026 13:48,33922.06,41518.965,26.679401,29.479343,1.0194824,26.987328,9.236267,108.15652,170.19485,7.88175,-60.81581,186.944,0.7306325,15.420192,0,82,764.40656
5/30/2026 14:18,31311.82,38064.98,24.252016,31.936821,1.0175606,24.742237,9.12689,105.920006,166.62059,7.789858,-55.80902,184.50737,0.43386152,15.711447,0,82,764.40656
5/30/2026 14:48,29098.875,35157.52,22.229856,34.36559,1.0159572,22.852388,9.056117,104.36805,164.129,7.7055726,-51.207542,183.62999,0.54491574,15.977562,0,82,764.40656
5/30/2026 15:18,27057.578,32533.428,20.42001,36.95822,1.01453,21.146729,8.989885,102.904755,161.7882,7.6245403,-46.76819,189.98624,0.42993313,16.187717,0,82,764.40656
5/30/2026 15:48,25889.041,30991.3,19.366482,38.62638,1.0136855,20.144346,9.018805,102.97623,161.8638,7.568859,-43.7212,192.5993,0.638602,16.380354,0,82,764.40656
5/30/2026 16:18,24756.072,29536.814,18.37669,40.39413,1.0129,19.198929,9.039011,102.89009,161.70038,7.545615,-42.45758,197.91125,0.65764713,16.525808,0,82,764.40656
5/30/2026 16:48,24903.355,29716.371,18.498997,40.15523,1.0129945,19.315641,8.989335,102.38894,160.91386,7.5468373,-42.524338,181.17429,0.7280147,16.52015,0,82,764.40656
5/30/2026 17:18,23878.463,28419.375,17.619709,41.878742,1.0123,18.472595,9.209488,104.579544,164.33409,7.5767837,-44.198036,178.48969,0.72391945,16.634436,0,82,764.40656
5/30/2026 17:48,23713.441,28150.463,17.440561,42.170177,1.0121403,18.297802,9.161108,104.15471,163.64415,7.5619984,-43.39695,198.70282,0.93496203,16.747747,0,82,764.40656
5/30/2026 18:18,23458.424,27794.154,17.201477,42.62861,1.0119406,18.0662,9.228189,104.944916,164.86867,7.575548,-44.15989,198.41672,0.7011798,16.832756,0,82,764.40656
5/30/2026 18:48,22937.3,27163.174,16.775234,43.59711,1.011611,17.656063,9.190194,104.29019,163.83572,7.559556,-43.27774,192.8711,0.9314274,16.854786,0,82,764.40656
5/30/2026 19:18,29912.035,36798.617,23.338667,33.43136,1.0169641,23.9191,9.096105,103.89711,163.53209,7.9230323,-63.04264,197.14832,1.3610042,15.201971,0,82,764.40656
5/30/2026 19:48,33684.973,42733.207,27.446873,29.686829,1.0203764,27.776585,9.215359,105.149414,165.73102,7.95131,-64.31103,200.14285,1.3106529,13.914251,0,82,764.40656
5/30/2026 20:18,33658.645,42906.15,27.555792,29.71005,1.0204991,27.888998,9.259889,105.29699,165.99731,7.9556913,-64.50653,202.37445,0.934675,13.715776,0,82,764.40656
5/30/2026 20:48,33567.523,42920.867,27.557207,29.790699,1.0205244,27.898563,9.218537,104.55637,164.8507,7.948977,-64.110756,198.51208,0.9711189,13.590541,0,82,764.40656
5/30/2026 21:18,33482.555,42846.11,27.501736,29.866299,1.0204878,27.849972,9.108073,103.1987,162.7154,7.937001,-63.447952,210.56175,0.8813819,13.558153,0,82,764.40656
5/30/2026 21:48,33487.887,42864.734,27.514147,29.861544,1.0204995,27.862078,9.077534,102.83648,162.14612,7.934608,-63.314438,213.19867,0.7864839,13.546891,0,82,764.40656
5/30/2026 22:18,33418.387,42837.797,27.490696,29.923647,1.0204927,27.844568,9.0217705,102.06443,160.93837,7.9266567,-62.86621,215.59238,0.7779561,13.48767,0,82,764.40656
5/30/2026 22:48,33392.66,42833.457,27.485611,29.946701,1.020494,27.841747,9.008002,101.84762,160.60092,7.927202,-62.890053,203.23276,0.68198377,13.460363,0,82,764.40656
5/30/2026 23:18,33376.465,42822.734,27.477297,29.961231,1.0204893,27.834776,8.88749,100.46003,158.41437,7.9163485,-62.294006,214.12372,0.86365056,13.450783,0,82,764.40656
5/30/2026 23:48,33328.31,43042.324,27.613363,30.004522,1.0206449,27.97751,8.923044,100.38865,158.34378,7.919153,-62.389374,217.18025,0.92359287,13.184022,0,82,764.40656
5/31/2026 0:18,33291.074,43048.1,27.613613,30.038082,1.0206547,27.981266,8.848585,99.445755,156.86438,7.911766,-61.974525,225.48676,1.2598095,13.133295,0,82,764.40656
5/31/2026 0:48,33206.285,42978.188,27.561138,30.11478,1.0206211,27.935822,8.709125,97.76994,154.22665,7.8970823,-61.163902,209.08356,1.1988095,13.09587,0,82,764.40656
5/31/2026 1:18,33007.03,42900.824,27.493198,30.296576,1.0206003,27.885536,8.370868,93.59888,147.67155,7.856194,-58.894157,214.35738,0.5321616,12.925645,0,82,764.40656
5/31/2026 1:48,32812.64,42929.613,27.492952,30.476059,1.0206487,27.90425,7.9513855,88.41644,139.53072,7.7925296,-55.365562,203.78589,0.44990048,12.661561,0,82,764.40656
5/31/2026 2:18,32570.64,42866.19,27.429129,30.702497,1.0206423,27.863026,7.454159,82.44219,130.13193,7.6994467,-50.24433,181.3221,0.4474645,12.425194,0,82,764.40656
5/31/2026 2:48,32250.111,42463.9,27.143143,31.007645,1.0204244,27.601534,7.2082963,79.54916,125.56755,7.621319,-45.981407,148.93532,0.46745136,12.406873,0,82,764.40656
5/31/2026 3:18,30919.508,40626.453,25.854813,32.34204,1.0194132,26.407194,7.0833535,77.67844,122.60495,7.5349517,-41.28456,134.12476,0.35445708,12.490488,0,82,764.40656
5/31/2026 3:48,28634.398,37496.633,23.67675,34.92303,1.0177068,24.372812,6.921894,75.09435,118.51107,7.412422,-34.618378,128.09753,0.469988,12.625786,0,82,764.40656
5/31/2026 4:18,27709.99,36279.543,22.832819,36.088066,1.0170541,23.581703,6.7412567,72.760475,114.82703,7.3353295,-30.412674,125.0124,0.2807085,12.633039,0,82,764.40656
5/31/2026 4:48,27273.936,35795.992,22.492287,36.665043,1.016808,23.267395,6.625455,71.20984,112.39033,7.2989793,-28.419495,120.27264,0.19697282,12.535449,0,82,764.40656
5/31/2026 5:18,26825.764,35313.305,22.15176,37.277596,1.0165653,22.953648,6.4493494,68.993195,108.90409,7.25582,-26.054382,120.53013,0.2910136,12.416248,0,82,764.40656
5/31/2026 5:48,26470.71,34946.2,21.891846,37.777603,1.0163838,22.71503,6.29836,67.10367,105.93289,7.223115,-24.261475,121.53149,0.21681233,12.302113,0,82,764.40656
5/31/2026 6:18,26126.766,34579.62,21.633598,38.274925,1.0162009,22.476753,6.2018614,65.82623,103.926,7.1994658,-22.964478,126.06621,0.32186127,12.201771,0,82,764.40656
5/31/2026 6:48,25988.527,34469.688,21.552935,38.478516,1.0161525,22.405298,6.1501083,65.12617,102.828735,7.1857576,-22.211075,125.2985,0.32230726,12.117962,0,82,764.40656
5/31/2026 7:18,25824.94,34273.586,21.41688,38.72226,1.0160513,22.277832,6.122003,64.73961,102.22068,7.188681,-22.368431,135.5648,0.23364508,12.093921,0,82,764.40656
5/31/2026 7:48,25819.96,34249.242,21.401434,38.729725,1.0160362,22.262007,6.080278,64.32045,101.556946,7.1702666,-21.367073,139.0028,0.30313557,12.114352,0,82,764.40656
5/31/2026 8:18,29123.383,37859.266,23.948378,34.33667,1.0178648,24.608522,7.764317,84.90304,133.95293,7.5080643,-39.87789,118.47973,0.099816255,12.9190445,0,82,764.40656
5/31/2026 8:48,33232.305,42987.516,27.5695,30.091202,1.0206233,27.941887,8.997937,101.06567,159.4219,7.8965564,-61.14006,147.2187,0.19494212,13.11878,0,82,764.40656
5/31/2026 9:18,33378.273,43114.305,27.663942,29.959608,1.0206854,28.024298,9.0528965,101.86675,160.67633,7.911593,-61.974525,164.9046,0.5351387,13.1770115,0,82,764.40656
5/31/2026 9:48,33491.71,43096.176,27.66274,29.858133,1.020655,28.012514,9.175139,103.575,163.3457,7.9256253,-62.77561,171.02719,0.04037113,13.331875,0,82,764.40656
5/31/2026 10:18,33532.746,43083.32,27.658228,29.821596,1.0206397,28.004158,9.22434,104.26188,164.41884,7.933308,-63.209534,178.24173,0.09962442,13.393885,0,82,764.40656
5/31/2026 10:48,33698.613,43089.465,27.67702,29.674812,1.0206169,28.008152,9.336855,105.97516,167.08778,7.9423614,-63.74836,170.61234,0.075252466,13.589608,0,82,764.40656
5/31/2026 11:18,33974.86,43055.047,27.67896,29.433529,1.0205467,27.98578,9.40704,107.588776,169.56815,7.942519,-63.83896,186.59592,0.057319112,13.958264,0,82,764.40656
5/31/2026 11:48,34226.914,43084.14,27.71904,29.216774,1.0205227,28.00469,9.416497,108.34096,170.70421,7.9412174,-63.829422,189.38065,0.0734436,14.23666,0,82,764.40656
5/31/2026 12:18,34420.195,43042.496,27.707993,29.052711,1.020459,27.977623,9.419584,108.98014,171.66135,7.9324636,-63.409805,196.25664,0.14376268,14.512007,0,82,764.40656
5/31/2026 12:48,34511.727,43058.46,27.725748,28.975658,1.0204533,27.987999,9.462063,109.69737,172.77344,7.937721,-63.71975,179.677,0.33612546,14.60778,0,82,764.40656
5/31/2026 13:18,34942.23,43047.176,27.75217,28.618666,1.020364,27.980665,9.635379,112.94089,177.77855,7.9435396,-64.15844,190.72055,0.18848146,15.142382,0,82,764.40656
5/31/2026 13:48,35353.203,43066.848,27.795717,28.28598,1.0202967,27.99345,9.70511,114.8909,180.75081,7.946877,-64.44931,193.45761,0.12746665,15.622584,0,82,764.40656
5/31/2026 14:18,35729.195,43020.77,27.792164,27.988316,1.0201857,27.963501,9.662179,115.532906,181.65541,7.929302,-63.591003,194.61632,0.0556289,16.126196,0,82,764.40656
5/31/2026 14:48,35752.375,42691.004,27.57618,27.97017,1.0199406,27.749153,9.530454,114.63079,180.15948,7.8945713,-61.750412,176.96857,0.03961077,16.490503,0,82,764.40656
5/31/2026 15:18,34140.4,40254.73,25.865425,29.290812,1.0185084,26.165575,9.167736,110.33342,173.28842,7.7681594,-54.864883,184.62659,0.08224023,17.047588,0,82,764.40656
5/31/2026 15:48,31312.148,36722.55,23.379005,31.936487,1.0165565,23.869658,8.950219,106.60914,167.38957,7.6113634,-46.215057,191.0448,0.068720095,17.28629,0,82,764.40656
5/31/2026 16:18,29048.496,34007.676,21.484308,34.42519,1.0150939,22.10499,8.902064,104.99437,164.83789,7.4965467,-39.858818,195.04071,0.12485162,17.36517,0,82,764.40656
5/31/2026 16:48,27577.467,32166.055,20.213535,36.26149,1.0140891,20.907936,8.92392,104.7927,164.48688,7.424139,-35.862923,183.8255,0.07416001,17.53125,0,82,764.40656
5/31/2026 17:18,26034.074,30206.664,18.872347,38.411198,1.0130165,19.63433,9.009986,105.44465,165.46031,7.371076,-32.94468,197.44397,0.10412227,17.767817,0,82,764.40656
5/31/2026 17:48,25740.963,29800.725,18.597055,38.848587,1.0127851,19.370472,8.951551,104.7936,164.41762,7.3415236,-31.313896,211.5345,0.19386652,17.867523,0,82,764.40656
5/31/2026 18:18,24902.89,28812.389,17.922592,40.15598,1.0122658,18.728054,8.890479,103.71632,162.72145,7.3190727,-30.069351,219.66934,0.4011946,17.895912,0,82,764.40656
5/31/2026 18:48,24842.281,28713.39,17.8563,40.253952,1.0122054,18.663704,8.893147,103.79935,162.84212,7.3221626,-30.24578,200.23822,0.41402754,17.941416,0,82,764.40656
5/31/2026 19:18,21610.879,25116.754,15.41848,46.27299,1.0104041,16.32589,8.203168,93.891014,147.34503,7.2250834,-24.82891,197.80159,0.044511665,17.691984,0,82,764.40656
5/31/2026 19:48,33790.09,41758.305,26.825201,29.594477,1.0196793,27.142899,8.858038,102.96326,162.09659,7.8658166,-59.8526,191.00189,0.61037314,15.009558,0,82,764.40656
5/31/2026 20:18,34333.73,42835.348,27.566694,29.125877,1.0203307,27.842976,9.068618,105.03495,165.42995,7.9156723,-62.508583,200.8009,0.57713,14.608795,0,82,764.40656
5/31/2026 20:48,34297.43,42862.203,27.581179,29.156704,1.0203563,27.860434,9.164049,105.997284,166.95822,7.9342685,-63.51471,194.36836,0.6448314,14.538161,0,82,764.40656
5/31/2026 21:18,34166.43,42754.434,27.500753,29.268496,1.0203053,27.790382,9.13652,105.50839,166.19785,7.9352703,-63.557625,211.06244,0.527308,14.483345,0,82,764.40656
5/31/2026 21:48,34164.027,42836.055,27.55339,29.270554,1.0203624,27.843435,9.117577,105.146416,165.64217,7.9346476,-63.505173,218.91116,0.7090927,14.400684,0,82,764.40656
5/31/2026 22:18,34116.227,42921.137,27.604471,29.311565,1.02043,27.898739,9.08363,104.48616,164.62653,7.9354763,-63.519478,224.52832,0.7124306,14.259602,0,82,764.40656
5/31/2026 22:48,34082.176,42978.17,27.63847,29.340849,1.0204753,27.935812,9.035923,103.7535,163.48872,7.931085,-63.257217,216.00723,0.66245514,14.162894,0,82,764.40656
5/31/2026 23:18,34020.934,42975.24,27.631418,29.393667,1.020484,27.933907,9.025907,103.48128,163.07195,7.931373,-63.257217,225.5249,0.5632454,14.091116,0,82,764.40656
5/31/2026 23:48,34073.508,42989.79,27.64524,29.348314,1.0204848,27.943363,8.806162,101.07423,159.2705,7.908484,-62.012672,226.35938,0.646414,14.141119,0,82,764.40656
6/1/2026 0:18,34023.625,42976.57,27.632505,29.391342,1.0204844,27.93477,8.777927,100.643135,158.59912,7.9074554,-61.945915,233.3641,0.62218255,14.093112,0,82,764.40656
6/1/2026 0:48,34026.51,42977.4,27.633286,29.38885,1.0204844,27.93531,8.696135,99.711296,157.13022,7.8995333,-61.511993,219.69318,0.7776271,14.095834,0,82,764.40656
6/1/2026 1:18,34012.727,42969.074,27.626755,29.400759,1.0204812,27.929897,8.494492,97.37793,153.45457,7.874527,-60.138702,230.85117,0.6387525,14.087063,0,82,764.40656
6/1/2026 1:48,34034.55,42990.207,27.642231,29.381907,1.020492,27.943634,8.014617,91.89729,144.81691,7.8112955,-56.672096,222.50175,0.48207617,14.09327,0,82,764.40656
6/1/2026 2:18,34017.125,42915.508,27.59256,29.396957,1.0204437,27.895079,7.4065166,84.98733,133.92068,7.7137527,-51.33152,201.56384,0.27703744,14.144157,0,82,764.40656
6/1/2026 2:48,33906.465,42659.2,27.417833,29.4929,1.0202867,27.72848,6.9548573,79.90422,125.89591,7.6163225,-46.00525,167.02652,0.35857585,14.257688,0,82,764.40656
6/1/2026 3:18,33297.95,41724.066,26.764359,30.03188,1.0197501,27.120644,6.7743044,77.78499,122.53505,7.541318,-41.913986,144.54364,0.46573162,14.426774,0,82,764.40656
6/1/2026 3:48,31286.352,38942.504,24.81573,31.96282,1.0181963,25.312628,6.5520854,74.76184,117.73743,7.411826,-34.837723,127.43473,0.51238567,14.70673,0,82,764.40656
6/1/2026 4:18,28917.896,35808.973,22.634573,34.58066,1.0164787,23.275833,6.301114,71.25721,112.19172,7.2794003,-27.580261,123.47221,0.41862515,14.924612,0,82,764.40656
6/1/2026 4:48,27997.314,34612.098,21.806671,35.717712,1.0158299,22.497864,6.030007,67.94211,106.96409,7.208902,-23.708344,120.68272,0.81226337,14.99414,0,82,764.40656
6/1/2026 5:18,27551.162,34067.684,21.429354,36.29611,1.0155424,22.143995,5.822185,65.436806,103.0209,7.168178,-21.467209,125.575066,0.26539555,14.985255,0,82,764.40656
6/1/2026 5:48,27181.543,33625.95,21.123236,36.78967,1.0153112,21.856867,5.598869,62.783974,98.846466,7.1364794,-19.721985,123.83938,0.5942393,14.965981,0,82,764.40656
6/1/2026 6:18,26845.254,33239.59,20.855015,37.250534,1.015113,21.605734,5.447919,60.943344,95.95256,7.1122527,-18.38684,125.90885,0.51907736,14.928213,0,82,764.40656
6/1/2026 6:48,26730.818,33143.125,20.78596,37.410004,1.0150712,21.543032,5.3578315,59.83903,94.219795,7.09888,-17.647743,117.76924,0.3874356,14.870514,0,82,764.40656
6/1/2026 7:18,26538.654,32893.43,20.614662,37.680885,1.0149369,21.38073,5.2997837,59.14629,93.12755,7.095395,-17.457008,127.34413,0.31869033,14.88519,0,82,764.40656
6/1/2026 7:48,26245.74,32497.865,20.344427,38.10142,1.0147215,21.123611,5.3159003,59.279293,93.33266,7.0798306,-16.60347,136.63292,0.42344886,14.927448,0,82,764.40656
6/1/2026 8:18,26214.828,32374.428,20.264359,38.14635,1.0146388,21.043379,5.3140564,59.365364,93.456795,7.0817075,-16.713142,132.9851,0.23387101,15.038679,0,82,764.40656
6/1/2026 8:48,26318.498,31938.873,19.995316,37.99609,1.0142862,20.76027,6.375717,72.20418,113.573135,7.1564646,-20.8807,128.088,0.28478062,15.786759,0,82,764.40656
6/1/2026 9:18,34555.59,42612.17,27.439014,28.938877,1.020132,27.697912,9.082302,106.16533,167.12082,7.8842716,-60.887337,155.15327,0.044781886,15.1011715,0,82,764.40656
6/1/2026 9:48,34696.31,42862.453,27.61285,28.82151,1.0202813,27.860596,8.995819,105.1052,165.46588,7.8940964,-61.411858,168.13754,0.038114954,15.025143,0,82,764.40656
6/1/2026 10:18,34836.883,42828.13,27.601206,28.70521,1.0202296,27.838285,8.9413,104.89524,165.09784,7.8846397,-60.93502,177.96039,0.03800461,15.230954,0,82,764.40656
6/1/2026 10:48,34925.41,42872.754,27.637012,28.632448,1.0202439,27.86729,9.004313,105.79349,166.49982,7.895997,-61.573982,180.09186,0.053106364,15.294738,0,82,764.40656
6/1/2026 11:18,34926.047,42907.61,27.659838,28.631926,1.0202684,27.889946,9.136862,107.29263,168.86555,7.914053,-62.561035,191.25461,0.040841106,15.260867,0,82,764.40656
6/1/2026 11:48,34782.867,42958.266,27.681955,28.749786,1.020332,27.922873,9.212592,107.70752,169.56064,7.930364,-63.409805,195.95146,0.040524505,15.036111,0,82,764.40656
6/1/2026 12:18,34861.684,42959.348,27.688711,28.684788,1.0203176,27.923576,9.254801,108.41311,170.65361,7.9357023,-63.724518,202.77023,0.049523223,15.1311,0,82,764.40656
6/1/2026 12:48,34891.96,42970.14,27.698061,28.659897,1.0203193,27.930592,9.289651,108.88512,171.39157,7.942613,-64.110756,191.4978,0.20117998,15.157321,0,82,764.40656
6/1/2026 13:18,35072.56,42944.785,27.695103,28.51232,1.0202658,27.91411,9.350291,110.13592,173.3131,7.941017,-64.07738,209.52701,0.3686411,15.402596,0,82,764.40656
6/1/2026 13:48,35541.125,42960.53,27.739367,28.13642,1.0201817,27.924345,9.397261,111.9545,176.06342,7.9397335,-64.12983,210.80017,0.20583841,15.957965,0,82,764.40656
6/1/2026 14:18,36303.75,42964.883,27.793554,27.545364,1.0200198,27.927174,9.417672,114.30147,179.55684,7.9262123,-63.586235,211.15303,0.05364485,16.882896,0,82,764.40656
6/1/2026 14:48,36995.164,42939.61,27.819174,27.03056,1.019841,27.910746,9.277615,114.53775,179.73257,7.897542,-62.184334,201.39218,0.060958985,17.751972,0,82,764.40656
6/1/2026 15:18,37153.227,42384.598,27.456,26.915564,1.0193787,27.54999,9.11462,113.98658,178.68353,7.846921,-59.53312,204.9923,0.12784718,18.537895,0,82,764.40656
6/1/2026 15:48,36183.316,40669.227,26.253334,27.637047,1.0182972,26.434998,8.899654,111.954956,175.33417,7.766508,-55.184364,205.03522,0.2536147,19.225008,0,82,764.40656
6/1/2026 16:18,33919.973,37770.984,24.204475,29.481155,1.0166335,24.55114,8.686746,108.8514,170.36871,7.648356,-48.661232,203.48071,0.26442245,19.661942,0,82,764.40656
6/1/2026 16:48,31713.129,35098.934,22.328451,31.532682,1.0151397,22.814308,8.608894,107.26632,167.81842,7.5438056,-42.858124,201.02501,0.1212282,19.9495,0,82,764.40656
6/1/2026 17:18,29768.205,32743.434,20.689886,33.592888,1.0138265,21.283232,8.576093,106.41672,166.41788,7.4654098,-38.50937,212.80289,0.17221051,20.242676,0,82,764.40656
6/1/2026 17:48,28623.78,31417.42,19.77203,34.93599,1.0131065,20.421324,8.553071,105.76181,165.36882,7.4247527,-36.244392,215.25383,0.45934525,20.344498,0,82,764.40656
6/1/2026 18:18,27027.154,29651.467,18.554586,36.999825,1.0121796,19.273455,8.4748125,104.0886,162.74738,7.388288,-34.20353,211.06244,0.26396447,20.366213,0,82,764.40656
6/1/2026 18:48,26129.293,28783.66,17.955547,38.271225,1.0117729,18.70938,8.379581,102.17924,159.80783,7.369195,-33.111572,195.55092,0.4901462,20.17184,0,82,764.40656
6/1/2026 19:18,24782.213,27456.834,17.044918,40.35152,1.0111476,17.846943,8.377203,101.07742,158.14723,7.388151,-34.14154,222.29672,0.31076118,19.8999,0,82,764.40656
6/1/2026 19:48,23839.186,26448.277,16.359259,41.947742,1.0106434,17.19138,8.269631,99.25313,155.30742,7.3353524,-31.180382,214.3526,0.42426503,19.835138,0,82,764.40656
6/1/2026 20:18,31167.068,37607.523,23.946093,32.085148,1.0172591,24.44489,8.170084,95.25415,149.78671,7.766449,-54.57878,201.60675,0.7403374,16.033802,0,82,764.40656
6/1/2026 20:48,34090.582,42986.938,27.64483,29.333614,1.0204798,27.94151,9.024685,103.63225,163.29738,7.9296002,-63.176155,199.11288,1.2026247,14.164668,0,82,764.40656
6/1/2026 21:18,33859.637,43282.414,27.815186,29.53369,1.0207211,28.13357,9.076903,103.139366,162.61467,7.9348216,-63.33828,216.06921,0.91825825,13.601856,0,82,764.40656
6/1/2026 21:48,33797.36,43398.816,27.8843,29.58811,1.0208099,28.209232,9.037925,102.34757,161.3963,7.931821,-63.13324,223.64139,0.61903703,13.416871,0,82,764.40656
6/1/2026 22:18,33753.367,43440.875,27.907257,29.626675,1.0208453,28.23657,9.02068,101.97077,160.81693,7.9295783,-62.99019,232.46765,0.5621402,13.324376,0,82,764.40656
6/1/2026 22:48,33704.164,43484.92,27.930943,29.669924,1.0208826,28.265198,9.027866,101.853836,160.64851,7.9327726,-63.142776,215.7116,0.57123923,13.223928,0,82,764.40656
6/1/2026 23:18,33565.83,43315.52,27.80984,29.792204,1.0207907,28.155087,9.143637,103.06379,162.55827,7.941354,-63.610077,235.19516,0.20010713,13.215421,0,82,764.40656
6/1/2026 23:48,33565.133,43346.09,27.829323,29.792822,1.0208113,28.17496,9.126524,102.82045,162.17917,7.943043,-63.695908,237.63657,0.18871154,13.185968,0,82,764.40656
6/2/2026 0:18,33527.496,43333.875,27.818037,29.826265,1.020809,28.167019,9.081364,102.23176,161.25603,7.936727,-63.34305,241.92334,0.14656916,13.151925,0,82,764.40656
6/2/2026 0:48,33549.797,43372.266,27.844639,29.80644,1.0208312,28.191973,8.898457,100.170715,158.00642,7.9187937,-62.360764,221.52423,0.43515858,13.142989,0,82,764.40656
6/2/2026 1:18,33493.33,43348.97,27.824505,29.856693,1.0208244,28.17683,8.840561,99.410126,156.81384,7.909992,-61.86962,241.189,0.524671,13.096554,0,82,764.40656
6/2/2026 1:48,33426.273,43386.645,27.842274,29.916586,1.0208598,28.20132,8.762681,98.30656,155.09062,7.9005013,-61.326027,237.49829,0.41608614,12.980508,0,82,764.40656
6/2/2026 2:18,33279.258,43400.72,27.837275,30.048746,1.0208914,28.210468,8.314039,92.89909,146.58673,7.843517,-58.174133,219.3451,0.09633717,12.790075,0,82,764.40656
6/2/2026 2:48,33174.812,43478.344,27.876518,30.14335,1.020958,28.260923,7.683208,85.51566,134.96187,7.747588,-52.900314,185.79483,0.20687874,12.59263,0,82,764.40656
6/2/2026 3:18,32986.2,43221.01,27.694738,30.315708,1.0208157,28.093658,7.4409146,82.741035,130.58173,7.6883883,-49.672127,167.53674,0.28120956,12.601998,0,82,764.40656
6/2/2026 3:48,32350.844,42094.926,26.919117,30.911095,1.0201652,27.361702,7.18235,79.94631,126.137314,7.612937,-45.599937,138.54027,0.24203844,12.880689,0,82,764.40656
6/2/2026 4:18,30501.963,39061.387,24.827995,32.784775,1.0184323,25.389902,6.836592,76.135956,120.04877,7.4752407,-38.166046,128.97015,0.23076218,13.527357,0,82,764.40656
6/2/2026 4:48,28668.941,36365.043,22.968555,34.880955,1.0169275,23.637278,6.518176,72.346405,114.02799,7.350492,-31.380653,124.71676,0.14733103,13.919651,0,82,764.40656
6/2/2026 5:18,27349.94,34577.08,21.73641,36.563152,1.0159544,22.475101,6.2644267,69.19916,109.05205,7.270307,-26.99852,131.77872,0.0994121,14.05679,0,82,764.40656
6/2/2026 5:48,26470.75,33458.355,20.965315,37.777546,1.0153601,21.74793,6.0275226,66.27769,104.44709,7.215773,-24.00875,133.46194,0.4193154,14.065714,0,82,764.40656
6/2/2026 6:18,25878.916,32738.594,20.468937,38.641495,1.0149851,21.280087,5.8631625,64.22467,101.21549,7.1807814,-22.087097,135.96057,0.16527879,14.029906,0,82,764.40656
6/2/2026 6:48,25575.963,32434.055,20.255293,39.099213,1.0148392,21.082136,5.7975674,63.2889,99.7511,7.165003,-21.214485,133.09955,0.24324356,13.929462,0,82,764.40656
6/2/2026 7:18,25082.676,31825.08,19.837473,39.868156,1.0145218,20.686302,5.7533426,62.615578,98.69205,7.1471095,-20.2322,143.10837,0.32070827,13.907948,0,82,764.40656
6/2/2026 7:48,25022.738,31671.08,19.736898,39.963654,1.0144264,20.586203,5.775779,62.954628,99.21605,7.1401086,-19.8555,149.04498,0.2689735,14.009509,0,82,764.40656
6/2/2026 8:18,25020.328,31556.566,19.665272,39.967503,1.0143447,20.511768,5.9033494,64.51365,101.65764,7.135578,-19.61708,144.10495,0.17163794,14.155617,0,82,764.40656
6/2/2026 8:48,24756.277,31042.53,19.32484,40.393795,1.0140388,20.177643,6.0114346,65.88899,103.79843,7.13658,-19.688606,150.93326,0.17504835,14.397671,0,82,764.40656
6/2/2026 9:18,24486.223,30512.898,18.97456,40.83929,1.0137217,19.833384,6.2847633,69.11092,108.84376,7.1422415,-20.017624,159.8978,0.04629486,14.659036,0,82,764.40656
6/2/2026 9:48,33785.95,41886.3,26.907946,29.598103,1.0197704,27.226095,9.110061,105.657814,166.36316,7.8472495,-58.80356,148.11993,0.057696328,14.87492,0,82,764.40656
6/2/2026 10:18,34412.594,43178.754,27.795645,29.05913,1.020555,28.06619,9.404248,108.54829,171.00674,7.9329443,-63.405037,166.5783,0.06493943,14.37067,0,82,764.40656
6/2/2026 10:48,34399.68,43309.164,27.878965,29.070038,1.0206472,28.150957,9.413237,108.39434,170.78958,7.9435062,-63.9534,168.48564,0.038856175,14.229412,0,82,764.40656
6/2/2026 11:18,34290.973,43303.383,27.866083,29.162193,1.0206623,28.147198,9.436808,108.37731,170.78519,7.9497547,-64.26811,182.14226,0.08222142,14.103532,0,82,764.40656
6/2/2026 11:48,34377.07,43359.977,27.909925,29.089157,1.0206863,28.183987,9.428872,108.42619,170.8534,7.9528546,-64.44931,190.49644,0.09360408,14.153377,0,82,764.40656
6/2/2026 12:18,34420.895,43353.97,27.909723,29.052122,1.0206743,28.18008,9.467687,109.00348,171.7525,7.956004,-64.63528,199.64218,0.08559489,14.212055,0,82,764.40656
6/2/2026 12:48,34510.684,43364.125,27.923788,28.976534,1.0206655,28.186682,9.476217,109.331406,172.25137,7.9581194,-64.77356,192.4324,0.17253816,14.310729,0,82,764.40656
6/2/2026 13:18,34546.766,43332.336,27.906183,28.94627,1.0206372,28.16602,9.480385,109.5335,172.55624,7.9566855,-64.71157,208.56857,0.20745859,14.384889,0,82,764.40656
6/2/2026 13:48,34930.42,43371.805,27.962814,28.62834,1.0205945,28.191673,9.542361,111.24589,175.17416,7.9603224,-65.00721,213.29404,0.90426743,14.810033,0,82,764.40656
6/2/2026 14:18,35215.37,43280.76,27.92551,28.39669,1.0204761,28.132496,9.699371,114.04379,179.49455,7.9641743,-65.317154,214.93436,0.4718488,15.243429,0,82,764.40656
6/2/2026 14:48,36176.84,43378.758,28.059174,27.641994,1.0203507,28.196194,9.658814,116.09653,182.5027,7.9538603,-64.98814,203.08972,0.3660549,16.30764,0,82,764.40656
6/2/2026 15:18,36750.457,43200.344,27.978327,27.210546,1.0200932,28.080223,9.612627,117.48479,184.48938,7.935089,-64.144135,212.5311,0.28608862,17.183153,0,82,764.40656
6/2/2026 15:48,36383.02,42308.195,27.361597,27.48535,1.019511,27.500328,9.467938,116.37615,182.6371,7.889451,-61.717033,210.90508,0.3164878,17.667645,0,82,764.40656
6/2/2026 16:18,35316.98,40432.992,26.050945,28.314991,1.0183463,26.281445,9.3351755,115.40876,180.95213,7.8273854,-58.41255,208.23001,0.25202706,18.375362,0,82,764.40656
6/2/2026 16:48,32753.32,36877.965,23.55612,30.531256,1.0162655,23.970676,9.136223,112.92938,176.88011,7.704751,-51.722527,196.49982,0.39280027,19.144201,0,82,764.40656
6/2/2026 17:18,30366.418,33860.61,21.451893,32.931114,1.0145597,22.009396,9.003114,110.85577,173.52184,7.595657,-45.70484,215.81174,0.111875944,19.597202,0,82,764.40656
6/2/2026 17:48,28985.393,32195.928,20.29816,34.500137,1.0136411,20.927353,8.942164,109.7349,171.72273,7.5330825,-42.233467,223.39343,0.35049015,19.779125,0,82,764.40656
6/2/2026 18:18,27506.984,30493.814,19.123558,36.354404,1.0127288,19.82098,8.920445,108.903046,170.3982,7.4833255,-39.463043,231.58073,0.112124026,19.871794,0.009,82,764.40656
6/2/2026 18:48,26649.037,29544.959,18.470991,37.524807,1.0122353,19.204224,8.778034,106.744804,167.02214,7.4427648,-37.1933,219.62166,0.34201625,19.868196,0,82,764.40656
6/2/2026 19:18,25707.475,28523.484,17.77072,38.899193,1.0117134,18.540264,8.644046,104.607506,163.68669,7.4061956,-35.1429,232.92065,0.36446196,19.831099,0,82,764.40656
6/2/2026 19:48,25370.04,28171.754,17.529802,39.416573,1.0115398,18.31164,8.478939,102.3891,160.22415,7.3923807,-34.365654,221.24768,0.33678976,19.793133,0,82,764.40656
6/2/2026 20:18,24600.545,27323.803,16.952187,40.649506,1.011105,17.760471,8.218677,98.88674,154.74594,7.3734775,-33.307076,183.32959,0.34735408,19.78188,0,82,764.40656
6/2/2026 20:48,26010.54,28961.904,18.067019,38.445953,1.011977,18.825237,7.875796,95.17384,148.96072,7.319472,-30.274391,178.25127,0.39975646,19.664654,0,82,764.40656
6/2/2026 21:18,32624.883,39872.96,25.515303,30.651451,1.0185761,25.917425,8.750907,101.87349,160.29666,7.8207703,-57.468414,179.677,0.3639954,15.48276,0,82,764.40656
6/2/2026 21:48,34107.066,42210.156,27.143026,29.319437,1.0199358,27.436602,9.207871,107.107895,168.6327,7.919963,-62.818527,191.34045,0.4577737,14.949204,0,82,764.40656
6/2/2026 22:18,34236.418,42783.605,27.525316,29.208664,1.0203128,27.809343,9.082533,105.02332,165.42369,7.9192414,-62.68978,201.89285,0.32899758,14.540461,0,82,764.40656
6/2/2026 22:48,34331.176,43119.625,27.750647,29.128044,1.0205287,28.027758,8.990395,103.65427,163.30388,7.9184303,-62.599182,196.67148,0.59574306,14.329029,0,82,764.40656
6/2/2026 23:18,34329.633,43240.504,27.828712,29.129353,1.0206124,28.106327,9.031328,103.92448,163.74998,7.923332,-62.84237,217.01337,0.385594,14.210632,0,82,764.40656
6/2/2026 23:48,34317.594,43292.49,27.861298,29.139572,1.0206503,28.140118,8.958365,102.969315,162.2559,7.919591,-62.623024,224.0467,0.6241309,14.14616,0,82,764.40656
6/3/2026 0:18,34242.316,43282.816,27.84868,29.203632,1.0206566,28.133831,8.926233,102.42006,161.40408,7.9181767,-62.527657,231.69995,0.45373937,14.064375,0,82,764.40656
6/3/2026 0:48,34174.69,43272.934,27.836546,29.26142,1.0206616,28.127407,8.852052,101.41049,159.8251,7.911767,-62.160492,224.67613,0.5350025,13.992014,0,82,764.40656
6/3/2026 1:18,34111.273,43237.082,27.807981,29.31582,1.0206479,28.104103,8.779601,100.47478,158.35733,7.906281,-61.850548,237.84637,0.4352052,13.949508,0,82,764.40656
6/3/2026 1:48,34126.79,43274.22,27.83325,29.302492,1.0206707,28.128242,8.687444,99.4017,156.66876,7.895211,-61.240196,244.565,0.78107846,13.932834,0,82,764.40656
6/3/2026 2:18,34105.516,43268.402,27.827677,29.32077,1.0206703,28.124462,8.586958,98.20763,154.79001,7.8835454,-60.596466,245.02277,0.48272118,13.91264,0,82,764.40656
6/3/2026 2:48,34116.574,43329.363,27.867912,29.311266,1.0207101,28.164087,8.175279,93.436646,147.27696,7.8293347,-57.616234,216.11691,0.31878906,13.867941,0,81,764.40656
6/3/2026 3:18,34098.625,43333.23,27.868845,29.326696,1.0207157,28.166601,7.5889564,86.690605,136.64728,7.7405806,-52.747726,199.26547,0.27997267,13.842578,0,81,764.40656
6/3/2026 3:48,34044.16,43210.473,27.785057,29.373613,1.0206411,28.086807,7.377286,84.31745,132.8996,7.694732,-50.24433,174.42227,0.22517411,13.893624,0,81,764.40656
6/3/2026 4:18,33611.258,42476.78,27.275513,29.751936,1.0202135,27.609907,7.165634,81.94126,129.13042,7.6331224,-46.896935,146.71802,0.102097966,14.072537,0,81,764.40656
6/3/2026 4:48,32250.914,40282.73,25.75204,31.006872,1.0189447,26.183775,6.9092517,79.05732,124.52157,7.5307198,-41.35132,126.891136,0.2596946,14.56094,0,81,764.40656
6/3/2026 5:18,30340.764,37491.6,23.813986,32.958958,1.017366,24.369543,6.541013,74.644226,117.512955,7.3984103,-34.136772,130.37204,0.19331275,15.014046,0,81,764.40656
6/3/2026 5:48,28827.586,35426.23,22.38388,34.688995,1.0162227,23.02705,6.2572603,71.12084,111.937164,7.301613,-28.834343,129.88568,0.27374756,15.247936,0,81,764.40656
6/3/2026 6:18,27633.707,33889.89,21.322077,36.18769,1.0153917,22.028429,6.0373745,68.297806,107.48356,7.2366147,-25.262833,131.1922,0.16218132,15.334908,0,81,764.40656
6/3/2026 6:48,26828.72,32883.473,20.628246,37.273487,1.0148553,21.374256,5.8976407,66.4681,104.60116,7.193467,-22.888184,130.09071,0.21497896,15.359817,0,81,764.40656
6/3/2026 7:18,26687.068,32698.77,20.50161,37.471333,1.0147554,21.2542,5.881906,66.25902,104.27042,7.187387,-22.554398,140.30933,0.07626095,15.374294,0,81,764.40656
6/3/2026 7:48,26352.135,32202.465,20.164759,37.94759,1.014475,20.931602,5.8730235,66.17663,104.12744,7.1558175,-20.823479,140.33795,0.16567639,15.488306,0,81,764.40656
6/3/2026 8:18,25873.414,31475.098,19.672846,38.64971,1.0140601,20.458813,6.1550655,69.42035,109.2074,7.1681013,-21.514893,150.85696,0.12354421,15.682099,0,81,764.40656
6/3/2026 8:48,25898.018,31353.818,19.597483,38.612995,1.0139612,20.379982,6.245471,70.70547,111.20258,7.1815596,-22.273064,151.44348,0.28806993,15.889657,0,81,764.40656
6/3/2026 9:18,25976.229,31297.006,19.566193,38.496735,1.0138953,20.343054,6.5404563,74.34562,116.89929,7.1953406,-23.050308,156.33583,0.11556,16.098999,0,81,764.40656
6/3/2026 9:48,26071.71,31257.63,19.546867,38.355747,1.0138369,20.31746,6.975371,79.62455,125.16818,7.2265224,-24.790764,163.02585,0.1522701,16.313667,0,81,764.40656
6/3/2026 10:18,30884.469,36037.883,22.907385,32.378735,1.0161465,23.424623,8.585759,102.43275,160.78627,7.5670657,-43.792725,161.42368,0.038834713,17.513094,0,81,764.40656
6/3/2026 10:48,35088.375,43132.51,27.819004,28.499468,1.0203959,28.036133,9.409251,110.543304,173.98656,7.9306927,-63.471794,165.40527,0.039030276,15.235695,0,81,764.40656
6/3/2026 11:18,35012.832,43218.758,27.869534,28.560957,1.0204715,28.092194,9.382906,109.87631,172.97052,7.9421434,-64.06307,177.27374,0.037267666,15.059187,0,81,764.40656
6/3/2026 11:48,34993.36,43248.336,27.887314,28.57685,1.020496,28.11142,9.398845,109.95805,173.10919,7.9454756,-64.23473,186.49101,0.04010319,15.006604,0,81,764.40656
6/3/2026 12:18,35148.297,43227.027,27.885303,28.45088,1.0204511,28.097569,9.454401,111.07266,174.82372,7.948529,-64.44931,196.64764,0.03848042,15.215145,0,81,764.40656
6/3/2026 12:48,35655.367,43186.297,27.89593,28.046268,1.0203207,28.071093,9.564498,113.85626,179.07242,7.951579,-64.76402,191.19739,0.03736871,15.870031,0,81,764.40656
6/3/2026 13:18,35881.223,43185.68,27.911394,27.86973,1.0202731,28.070692,9.566872,114.51781,180.05554,7.9492574,-64.697266,208.46844,0.038472295,16.144464,0,81,764.40656
6/3/2026 13:48,36017.895,43172.086,27.911816,27.763977,1.0202342,28.061857,9.602926,115.35839,181.3389,7.9512057,-64.845085,213.80424,0.039524086,16.323906,0,81,764.40656
6/3/2026 14:18,36112.22,43146.95,27.901583,27.691458,1.0201957,28.045517,9.559867,115.15157,180.98375,7.94719,-64.65435,222.13936,0.039258752,16.46381,0,81,764.40656
6/3/2026 14:48,36457.77,43190.16,27.952969,27.428995,1.0201516,28.073605,9.776909,118.67367,186.43517,7.9549785,-65.169334,208.86899,0.1129876,16.838854,0,81,764.40656
6/3/2026 15:18,36774.37,43168.598,27.958672,27.192852,1.0200642,28.05959,9.79616,119.85781,188.20132,7.950925,-65.03582,219.49768,0.07062517,17.244911,0,81,764.40656
6/3/2026 15:48,37544.133,43242.188,28.053568,26.63532,1.0199382,28.107422,9.781205,121.739586,190.94739,7.942761,-64.77356,216.66049,0.06752751,18.10101,0,81,764.40656
6/3/2026 16:18,37967.09,43165.77,28.02541,26.3386,1.0197752,28.05775,9.583708,120.62021,189.04245,7.906334,-62.875748,209.85126,0.060351815,18.69449,0,81,764.40656
6/3/2026 16:48,37054.008,41162.46,26.627167,26.987635,1.0184464,26.755598,9.160148,116.68813,182.60498,7.821265,-58.350563,192.37042,0.11007433,19.77431,0,81,764.40656
6/3/2026 17:18,34562.223,37689.297,24.176653,28.933325,1.0163659,24.498045,8.863285,113.132645,176.8115,7.685957,-50.935745,210.79541,0.045642525,20.656029,0,81,764.40656
6/3/2026 17:48,32030.531,34454.29,21.910513,31.220213,1.0144825,22.395288,8.779009,111.941826,174.77298,7.5701027,-44.53659,217.40436,0.088259496,21.316906,0.009,81,764.40656
6/3/2026 18:18,30287.83,32373.01,20.462412,33.01656,1.0133089,21.042456,8.761494,111.4162,173.8671,7.505642,-40.955544,223.5365,0.046712045,21.627693,0.009,81,764.40656
6/3/2026 18:48,28805.447,30621.701,19.252281,34.715656,1.012327,19.904106,8.7199955,110.65356,172.60309,7.4558897,-38.189888,223.48404,0.103475235,21.894627,0.018,81,764.40656
6/3/2026 19:18,26962.027,28651.252,17.895796,37.0892,1.0112988,18.623314,8.667257,109.15704,170.26367,7.408195,-35.505295,238.32797,0.22461858,21.913183,0.009,81,764.40656
6/3/2026 19:48,26888.107,28637.057,17.88432,37.191162,1.0113183,18.614086,8.354754,104.99894,163.80702,7.3614388,-32.85885,240.7503,0.414096,21.802464,0.009,81,764.40656
6/3/2026 20:18,25260.152,27072.31,16.810722,39.588043,1.0105851,17.597002,8.124931,100.89578,157.48276,7.330686,-31.094551,245.9097,0.43792263,21.495409,0.009,81,764.40656
6/3/2026 20:48,24852.328,26682.924,16.544653,40.23768,1.0104059,17.3439,7.967728,98.628914,153.96574,7.3164363,-30.283928,228.68156,0.42139712,21.408087,0.009,81,764.40656
6/3/2026 21:18,24154.277,26031.148,16.099867,41.400536,1.0101153,16.920246,7.8901443,97.08164,151.5937,7.287672,-28.648376,207.17145,0.24016747,21.225082,0.009,81,764.40656
6/3/2026 21:48,23285.5,25597.455,15.791715,42.94518,1.0101118,16.638346,6.9860687,84.267456,131.77463,7.2505174,-26.473999,198.3595,0.6758522,20.271217,0.009,81,764.40656
6/3/2026 22:18,34267.52,41299.51,26.560436,29.182154,1.0192504,26.844683,8.675569,102.87704,161.76393,7.854517,-59.452057,204.98276,2.1459417,16.085434,0,81,764.40656
6/3/2026 22:48,34772.707,42407.402,27.321522,28.758186,1.0199429,27.564812,9.030472,106.49179,167.54617,7.908668,-62.332153,202.83699,1.2459335,15.574233,0,81,764.40656
6/3/2026 23:18,34716.89,42452.09,27.346655,28.804422,1.0199863,27.593859,9.025467,106.20586,167.11781,7.913441,-62.57057,221.08078,0.8070167,15.460205,0,81,764.40656
6/3/2026 23:48,34593.418,42372.31,27.28542,28.907232,1.0199542,27.542002,9.021884,105.97082,166.76144,7.9160614,-62.699318,229.97379,0.89168036,15.388258,0,81,764.40656
6/4/2026 0:18,34417.668,42293.523,27.220919,29.054844,1.0199335,27.490791,8.995425,105.32543,165.77135,7.9147873,-62.599182,240.57388,0.6428721,15.250314,0,81,764.40656
6/4/2026 0:48,34255.688,42194.465,27.144178,29.192232,1.0198954,27.426401,9.051969,105.7223,166.4146,7.9225483,-63.004494,226.81714,0.6564514,15.149352,0,81,764.40656
6/4/2026 1:18,34155.656,42124.14,27.090822,29.277727,1.0198655,27.380692,9.047884,105.52603,166.11542,7.9217205,-62.947273,246.04321,0.5747825,15.095987,0,81,764.40656
6/4/2026 1:48,34146.805,42141.176,27.101234,29.285316,1.0198792,27.391766,9.004398,104.96577,165.23862,7.9198394,-62.8376,250.96893,0.6087894,15.067824,0,81,764.40656
6/4/2026 2:18,34138.48,42139.36,27.099422,29.292458,1.0198796,27.390583,8.813977,102.727135,161.71602,7.9011564,-61.807632,258.15964,0.93063986,15.059312,0,81,764.40656
6/4/2026 2:48,34120.324,42162.67,27.113178,29.308044,1.0198997,27.405737,8.754591,101.94867,160.49867,7.8924956,-61.32126,241.14133,0.7025197,15.013313,0,81,764.40656
6/4/2026 3:18,34066.387,42155.562,27.10442,29.354448,1.0199052,27.401117,8.58488,99.84602,157.19875,7.8747835,-60.334206,247.78842,0.5390694,14.953472,0,81,764.40656
6/4/2026 3:48,34117.11,42299.72,27.201975,29.310806,1.0199969,27.494818,8.112387,94.251724,148.4042,7.8174324,-57.16324,234.47037,0.5383354,14.872062,0,81,764.40656
6/4/2026 4:18,34155.855,42370.07,27.250677,29.277557,1.0200388,27.540546,7.6921706,89.356094,140.69916,7.751609,-53.539276,206.9235,0.5216878,14.849824,0,81,764.40656
6/4/2026 4:48,33986.906,42070.676,27.043148,29.423096,1.019861,27.34594,7.427216,86.32569,135.91418,7.6956506,-50.47798,163.6362,0.44835332,14.939928,0,81,764.40656
6/4/2026 5:18,32451.809,39770.82,25.436636,30.814924,1.0185403,25.851034,7.0587196,81.93927,128.94748,7.5801253,-44.1885,144.639,0.33550036,15.364935,0,81,764.40656
6/4/2026 5:48,30347.008,36815.13,23.379301,32.95218,1.0168734,23.929832,6.601927,76.348206,120.089424,7.4318967,-36.0775,141.34885,0.42462656,15.801472,0,81,764.40656
6/4/2026 6:18,29066.783,35060.438,22.16537,34.40353,1.015893,22.789284,6.309365,72.78979,114.4595,7.338417,-30.946732,137.48645,0.43070468,16.049627,0,81,764.40656
6/4/2026 6:48,27964.17,33581.227,21.146246,35.760044,1.0150739,21.827799,6.088427,70.07832,110.17095,7.268487,-27.103424,130.37204,0.39361072,16.242525,0,81,764.40656
6/4/2026 7:18,26982.922,32321.887,20.2803,37.06048,1.0143895,21.009228,6.0111637,68.977196,108.42587,7.2293963,-24.952888,134.66835,0.29002967,16.351774,0,81,764.40656
6/4/2026 7:48,26678.373,31850.28,19.960768,37.483543,1.0141152,20.702682,5.9239717,68.04521,106.94226,7.19968,-23.322105,152.3304,0.14906445,16.498333,0,81,764.40656
6/4/2026 8:18,26090.4,30828.854,19.274248,38.328274,1.0134966,20.038755,6.147449,70.96192,111.465,7.186106,-22.60685,158.30518,0.13658856,16.95278,0,81,764.40656
6/4/2026 8:48,25954.072,30590.672,19.114439,38.5296,1.0133512,19.883936,6.192786,71.57552,112.41337,7.1812162,-22.34459,161.44275,0.21778524,17.064445,0,81,764.40656
6/4/2026 9:18,25863.994,30077.115,18.780632,38.663788,1.0129685,19.550125,6.711916,78.349464,122.95943,7.210009,-23.989677,172.21451,0.14357829,17.66611,0,81,764.40656
6/4/2026 9:48,26157.867,30237.225,18.898102,38.229416,1.0129992,19.654196,6.761869,79.41033,124.581,7.236548,-25.486946,162.1008,0.12115149,17.936556,0,81,764.40656
6/4/2026 10:18,26314.117,30401.814,19.011717,38.002415,1.0130804,19.761179,7.0372977,82.739944,129.80057,7.2265587,-24.933815,158.84875,0.09598621,17.960434,0,81,764.40656
6/4/2026 10:48,23284.566,26376.582,16.291761,42.946903,1.010814,17.144777,7.184768,84.59241,132.54753,7.2171335,-24.485588,173.09665,0.22725773,18.862524,0,81,764.40656
6/4/2026 11:18,35703.652,41429.695,26.736692,28.008339,1.0190116,26.929302,9.774619,119.91817,188.17264,7.9244523,-63.681602,173.49243,0.039924808,17.763817,0,81,764.40656
6/4/2026 11:48,35861.29,42562.445,27.49833,27.885221,1.0198219,27.665588,9.77304,118.11067,185.5692,7.9603076,-65.4459,180.25398,0.03801254,16.756916,0,81,764.40656
6/4/2026 12:18,35619.066,42672.98,27.55534,28.074852,1.0199564,27.737436,9.708991,116.42978,183.01837,7.966474,-65.693855,188.72739,0.039158233,16.345465,0,81,764.40656
6/4/2026 12:48,35647.258,42677.26,27.560074,28.052649,1.0199534,27.74022,9.782165,117.38051,184.50627,7.9750624,-66.17546,191.54549,0.08715421,16.375664,0,81,764.40656
6/4/2026 13:18,35797.992,42688.125,27.57731,27.934528,1.0199285,27.74728,9.84278,118.525925,186.26813,7.9802923,-66.50448,205.6408,0.03874943,16.54941,0,81,764.40656
6/4/2026 13:48,36427.203,42671.64,27.606398,27.452011,1.0197736,27.736567,9.997771,122.28664,191.9927,7.985796,-66.99085,211.88736,0.03796357,17.33838,0,81,764.40656
6/4/2026 14:18,36263.54,42686.758,27.606344,27.575907,1.0198228,27.746391,10.002455,121.82921,191.32607,7.9873857,-67.029,219.33078,0.04712816,17.121815,0,81,764.40656
6/4/2026 14:48,36323.906,42719.82,27.632078,27.530079,1.0198334,27.767883,9.923021,120.97394,189.97363,7.9794784,-66.599846,216.52222,0.040607575,17.161379,0,81,764.40656
6/4/2026 15:18,36608.492,42711.37,27.643837,27.316067,1.0197608,27.762392,10.164364,124.78946,195.87766,8.000511,-67.84916,228.67203,0.18479145,17.519032,0,81,764.40656
6/4/2026 15:48,36969.56,42693.516,27.653048,27.049282,1.0196608,27.750784,10.216876,126.56386,198.5454,7.990938,-67.424774,227.08417,0.24848655,17.980581,0,81,764.40656
6/4/2026 16:18,37366.203,42682.305,27.667595,26.762152,1.0195539,27.743498,10.148033,126.92827,198.98639,7.983213,-67.11006,228.8866,0.19457373,18.479034,0,81,764.40656
6/4/2026 16:48,38030.297,42684.773,27.7037,26.294825,1.0193849,27.745102,9.877984,125.49384,196.51952,7.9507456,-65.48405,205.34515,0.2414733,19.290943,0,81,764.40656
6/4/2026 17:18,38061.824,41931.344,27.194143,26.273045,1.0187786,27.255375,9.462077,121.831856,190.54538,7.886275,-62.069893,203.92896,0.22182114,20.168465,0,81,764.40656
6/4/2026 17:48,35567.773,38238.92,24.586334,28.11534,1.0165004,24.8553,8.923386,115.631836,180.52684,7.7353153,-53.830147,213.64212,0.29345617,21.342714,0.009,81,764.40656
6/4/2026 18:18,33004.195,35040.32,22.336586,30.29918,1.0146393,22.776209,8.812121,113.97961,177.7731,7.624913,-47.721863,224.15637,0.09281301,21.957695,0.009,81,764.40656
6/4/2026 18:48,31242.795,32994.64,20.907356,32.00738,1.0134916,21.446516,8.9055,114.78427,178.95149,7.5765586,-45.03727,211.85397,0.37130553,22.220165,0.009,81,764.40656
6/4/2026 19:18,29305.877,30846.344,19.416067,34.12285,1.0123237,20.050123,9.029943,115.73505,180.38458,7.534705,-42.700768,229.38728,0.26112843,22.38534,0.018,81,764.40656
6/4/2026 19:48,28416.785,29926.564,18.77991,35.190468,1.0118511,19.452267,9.007729,114.96892,179.19846,7.4980106,-40.626526,236.52077,0.30294257,22.358665,0.018,81,764.40656
6/4/2026 20:18,26918.559,28429.008,17.748108,37.14909,1.0111095,18.478855,8.850271,111.99573,174.60464,7.4570913,-38.29956,245.61404,0.41385755,22.218296,0.018,81,764.40656
6/4/2026 20:48,26949.943,28531.307,17.816422,37.10583,1.0111918,18.545351,8.488723,107.22523,167.2002,7.4034014,-35.25734,236.22513,0.4629844,22.098139,0.009,81,764.40656
6/4/2026 21:18,25644.328,27316.48,16.981516,38.994976,1.0106391,17.755713,8.251616,103.14496,160.91663,7.3881254,-34.360886,248.76117,0.36337325,21.795078,0.009,81,764.40656
6/4/2026 21:48,25163.656,26835.479,16.653214,39.739853,1.0104057,17.443062,8.276043,103.14381,160.92944,7.3630905,-32.94468,221.48132,0.25565517,21.738276,0.009,81,764.40656
6/4/2026 22:18,24655.85,26349.727,16.32177,40.558327,1.0101817,17.127323,8.005637,99.388504,155.09598,7.3243256,-30.751228,195.24097,0.2551755,21.634323,0.009,81,764.40656
6/4/2026 22:48,31060.46,35966.24,22.87005,32.19527,1.016041,23.378056,7.6954384,92.41246,144.9937,7.6251717,-47.073364,179.58163,1.3031907,17.858665,0,81,764.40656
6/4/2026 23:18,35046.09,42020.008,27.086458,28.533854,1.0196048,27.313005,8.771721,104.81846,164.77309,7.8732643,-60.534477,198.20213,1.1837758,16.310648,0,81,764.40656
6/4/2026 23:48,35224.996,42508.688,27.420132,28.388931,1.0199215,27.630648,8.887633,105.82652,166.41263,7.8979945,-61.84101,206.28929,1.1147586,16.029007,0,81,764.40656
6/5/2026 0:18,35048.207,42484.688,27.391953,28.53213,1.0199414,27.615046,8.866815,105.15478,165.3933,7.903324,-62.093735,218.83487,0.9697874,15.8356495,0,81,764.40656
6/5/2026 0:48,34974.906,42503.78,27.399239,28.591928,1.0199704,27.627459,8.823769,104.42002,164.25826,7.898218,-61.78856,212.03995,0.94168115,15.725953,0,81,764.40656
6/5/2026 1:18,34831.324,42499.742,27.386206,28.70979,1.0199971,27.624834,8.821899,104.02942,163.67596,7.8996677,-61.831474,236.0773,1.048519,15.553167,0,81,764.40656
6/5/2026 1:48,34831.43,42518.44,27.398443,28.709703,1.0200104,27.636988,8.772273,103.41323,162.70993,7.897145,-61.688423,239.92538,1.0198194,15.534425,0,81,764.40656
6/5/2026 2:18,34778.78,42506.613,27.386845,28.753164,1.0200126,27.629297,8.688745,102.31251,160.98767,7.8874865,-61.14483,250.72098,0.88099885,15.481515,0,81,764.40656
6/5/2026 2:48,34787.95,42531.72,27.403933,28.745586,1.0200287,27.645617,8.633342,101.64226,159.93556,7.8834734,-60.920715,227.06985,0.92711854,15.467515,0,81,764.40656
6/5/2026 3:18,34731.652,42484.52,27.368935,28.792181,1.0200063,27.614939,8.476778,99.7339,156.9366,7.8582015,-59.523582,254.34018,0.9917317,15.445714,0,81,764.40656
6/5/2026 3:48,34732.12,42523.723,27.394588,28.791792,1.0200342,27.640419,8.38595,98.60384,155.16513,7.8515964,-59.15165,255.22232,1.0374552,15.406833,0,81,764.40656
6/5/2026 4:18,34687.83,42514.16,27.385052,28.828556,1.0200363,27.634205,8.170137,95.97393,151.03427,7.8302097,-57.964325,251.73663,0.8718389,15.361905,0,81,764.40656
6/5/2026 4:48,34656.785,42530.426,27.393353,28.854378,1.020054,27.644777,7.771447,91.19513,143.5226,7.779414,-55.155754,201.86902,0.71664757,15.30735,0,81,764.40656
6/5/2026 5:18,34473.098,42231.08,27.18432,29.008127,1.0198779,27.450201,7.4793296,87.786674,138.14685,7.7215095,-51.98002,184.96513,0.58150274,15.382035,0,81,764.40656
6/5/2026 5:48,33212.652,40287.773,25.826492,30.109007,1.0187474,26.187054,7.0803046,83.11935,130.73927,7.6092386,-45.862198,152.62128,0.42961434,15.805516,0,81,764.40656
6/5/2026 6:18,31185.621,37371.207,23.793995,32.06606,1.0170795,24.291285,6.6742997,78.21126,122.943535,7.468221,-38.15174,142.58385,0.36233136,16.334167,0,81,764.40656
6/5/2026 6:48,29488.73,34996.395,22.150026,33.91126,1.0157323,22.747658,6.3323555,74.094284,116.412506,7.3499646,-31.661987,133.09003,0.38431638,16.760313,0,81,764.40656
6/5/2026 7:18,28041.7,33084.293,20.831257,35.66118,1.0146701,21.50479,6.1242533,71.45807,112.23506,7.2719927,-27.370453,140.19966,0.22878362,17.020075,0,81,764.40656
6/5/2026 7:48,27218.139,32011.35,20.094587,36.740204,1.0140783,20.807379,5.97265,69.57357,109.25623,7.219106,-24.45221,143.28957,0.35801992,17.160484,0,81,764.40656
6/5/2026 8:18,26405.209,30936.744,19.360342,37.871315,1.0134821,20.108883,5.8971457,68.622375,107.73962,7.186607,-22.66407,155.21527,0.31479925,17.331022,0,81,764.40656
6/5/2026 8:48,25988.031,30162.123,18.841429,38.47925,1.0129956,19.60538,6.00733,70.272896,110.271835,7.161974,-21.328926,155.46323,0.23179193,17.754528,0,81,764.40656
6/5/2026 9:18,25817.75,29769.146,18.580465,38.733044,1.0127325,19.349947,6.1436853,72.17465,113.21272,7.1619267,-21.348,150.7473,0.2622107,18.050545,0,81,764.40656
6/5/2026 9:48,25549.74,28917.055,18.019196,39.13934,1.012116,18.796085,6.7917223,80.854996,126.68433,7.168502,-21.777153,177.67429,0.4517115,18.903282,0,81,764.40656
6/5/2026 10:18,25779.748,29133.977,18.16914,38.79014,1.012214,18.937084,7.101824,84.73521,132.75134,7.194741,-23.245811,164.1655,0.2158202,18.97219,0,81,764.40656
6/5/2026 10:48,25882.576,29223.158,18.231173,38.636032,1.0122514,18.995054,7.4160385,88.59041,138.78296,7.2533183,-26.516914,165.04288,0.14698027,19.015034,0,81,764.40656
6/5/2026 11:18,25709.639,28912.213,18.022764,38.89592,1.0120509,18.792938,7.612238,91.14789,142.75278,7.2642927,-27.14634,181.00262,0.064315215,19.20058,0,81,764.40656
6/5/2026 11:48,33768.12,36267.844,23.1894,29.61373,1.0154308,23.574099,9.599246,123.48889,192.7787,7.81435,-58.283806,175.01355,0.13788815,21.391415,0.009,81,764.40656
6/5/2026 12:18,36475.867,42391.773,27.4228,27.415386,1.0195518,27.554653,9.716812,119.539314,187.59506,7.958561,-65.56034,186.78189,0.03975727,17.693554,0,81,764.40656
6/5/2026 12:48,36060.223,42519.508,27.48256,27.731388,1.0197451,27.63768,9.701288,117.89891,185.17099,7.971693,-66.14208,182.04689,0.059377037,17.046415,0,81,764.40656
6/5/2026 13:18,36090.695,42570.516,27.518322,27.707973,1.0197759,27.670835,9.709788,117.99152,185.32,7.970208,-66.05625,197.07202,0.040420085,17.03069,0,81,764.40656
6/5/2026 13:48,36097.38,42615.297,27.548458,27.702843,1.0198076,27.699944,9.829782,119.381714,187.51233,7.9831057,-66.76197,206.68983,0.1419885,16.99226,0,81,764.40656
6/5/2026 14:18,36072.383,42606.574,27.541092,27.722038,1.0198069,27.694273,9.871181,119.82841,188.21898,7.9887047,-67.06715,215.43027,0.120514534,16.970623,0,81,764.40656
6/5/2026 14:48,35928.5,42644.98,27.557318,27.833057,1.0198677,27.719238,9.863516,119.2399,187.34402,7.9894366,-67.05761,209.0311,0.4047089,16.754055,0,81,764.40656
6/5/2026 15:18,35972.32,42617.29,27.541811,27.799152,1.0198375,27.701237,9.829802,119.013626,186.96979,7.98625,-66.90025,227.70404,0.30330664,16.836546,0,81,764.40656
6/5/2026 15:48,36111.605,42649.49,27.572035,27.691929,1.0198299,27.722168,9.769943,118.629845,186.33553,7.9864516,-66.94317,234.11273,0.7013064,16.97417,0,81,764.40656
6/5/2026 16:18,36589.734,42583.39,27.557354,27.33007,1.0196689,27.679205,9.970442,122.60992,192.42917,7.99463,-67.54875,232.61548,0.38016155,17.630838,0,81,764.40656
6/5/2026 16:48,37027.17,42603.14,27.595762,27.007195,1.0195779,27.692041,10.002768,124.26684,194.89949,7.990757,-67.453384,221.27628,0.50708467,18.147558,0,81,764.40656
6/5/2026 17:18,37624.46,42602.523,27.627556,26.578453,1.0194266,27.69164,9.947655,125.34987,196.40497,7.9810357,-67.08145,223.7606,0.3724583,18.882252,0,81,764.40656
6/5/2026 17:48,38262.57,42431.824,27.543356,26.135202,1.0191226,27.580687,9.551378,122.51949,191.70807,7.9247904,-64.15844,209.49841,0.27111158,19.855616,0,81,764.40656
6/5/2026 18:18,37265.008,40315.96,26.061798,26.834826,1.0176969,26.205374,9.0683155,117.867035,184.10359,7.82765,-58.960915,207.59106,0.24247268,21.037905,0,81,764.40656
6/5/2026 18:48,34804.195,37109.434,23.793962,28.732168,1.0157956,24.121132,9.042711,117.50666,183.33623,7.7522087,-54.855347,197.587,0.2415562,21.747646,0.009,81,764.40656
6/5/2026 19:18,32725.781,34551.617,21.998585,30.556948,1.0143118,22.458551,9.2957735,120.60521,188.02243,7.7101927,-52.576065,217.09918,0.2538808,22.233315,0.009,81,764.40656
6/5/2026 19:48,31255.967,32868.496,20.823168,31.99389,1.0133727,21.364523,9.502286,122.889824,191.52138,7.6891212,-51.42212,224.03241,0.44836175,22.431414,0.018,81,764.40656
6/5/2026 20:18,29590.004,31057.166,19.56447,33.795197,1.0123986,20.187157,9.657103,124.20014,193.53275,7.68055,-50.95482,233.35934,0.47125208,22.526665,0.018,81,764.40656
6/5/2026 20:48,28886.334,30337.754,19.065985,34.618446,1.0120312,19.71954,9.521925,122.03841,190.17426,7.6376495,-48.527718,230.38864,0.4512799,22.495182,0.018,81,764.40656
6/5/2026 21:18,27495.23,28932.37,18.09615,36.369946,1.0113251,18.80604,9.694589,123.337975,192.23007,7.610719,-46.992302,235.95334,0.29382908,22.399351,0.018,81,764.40656
6/5/2026 21:48,27610.086,29090.096,18.203583,36.218647,1.0114224,18.908562,9.4008045,119.5363,186.32437,7.5902743,-45.82882,240.56912,0.5499738,22.336296,0.018,81,764.40656
6/5/2026 22:18,26907.762,28365.523,17.705946,37.163998,1.0110544,18.437592,9.201495,116.607124,181.7667,7.5365057,-42.791367,241.66583,0.32539043,22.309319,0.009,81,764.40656
6/5/2026 22:48,26842.168,28309.934,17.667517,37.254814,1.0110314,18.401459,8.6447115,109.478676,170.66159,7.5020776,-40.84587,201.27774,0.29359,22.285534,0.018,81,764.40656
6/5/2026 23:18,26315.773,28770.086,17.953314,38.000023,1.0116843,18.700556,7.7465806,95.10926,148.67065,7.448742,-37.612915,212.45956,0.40519327,20.533625,0.009,81,764.40656
6/5/2026 23:48,35258.41,42223.9,27.234999,28.362028,1.0197072,27.445534,8.462519,101.319786,159.26337,7.8448586,-58.97522,202.81792,0.7713907,16.363062,0,81,764.40656
6/6/2026 0:18,35258.008,42503.176,27.418804,28.36235,1.0199106,27.627064,8.58592,102.32723,160.90132,7.869234,-60.26268,211.63464,0.80256104,16.075298,0,81,764.40656
6/6/2026 0:48,35289.742,42534.125,27.441357,28.336845,1.0199262,27.64718,8.622609,102.79379,161.63354,7.877495,-60.720444,203.82404,0.61018616,16.082758,0,81,764.40656
6/6/2026 1:18,35284.06,42520.395,27.431938,28.341412,1.0199174,27.638258,8.609317,102.643616,161.3961,7.879195,-60.81581,227.36072,0.64796734,16.089785,0,81,764.40656
6/6/2026 1:48,35303.777,42554.566,27.455772,28.32558,1.0199379,27.66047,8.618883,102.75112,161.56714,7.882085,-60.973167,238.2183,0.6128923,16.07916,0,81,764.40656
6/6/2026 2:18,35269.51,42524.707,27.433754,28.3531,1.0199237,27.64106,8.699733,103.67688,163.02504,7.8906784,-61.445236,247.67398,0.5573285,16.067472,0,81,764.40656
6/6/2026 2:48,35276.9,42546.832,27.44882,28.347164,1.019938,27.655441,8.674167,103.35411,162.52003,7.8924575,-61.540604,242.3811,0.59051067,16.053978,0,81,764.40656
6/6/2026 3:18,35201.45,42532.016,27.43382,28.40792,1.0199434,27.64581,8.620875,102.55085,161.27151,7.8851557,-61.120987,257.79248,0.60580575,15.976226,0,81,764.40656
6/6/2026 3:48,35219.195,42559.7,27.453249,28.393608,1.0199596,27.663803,8.428725,100.26445,157.6771,7.8627214,-59.88121,262.4035,0.8528381,15.9698715,0,81,764.40656
6/6/2026 4:18,35189.555,42539.047,27.437607,28.417524,1.019951,27.650381,8.285411,98.52004,154.9366,7.8490443,-59.12304,264.32037,0.7167931,15.954423,0,81,764.40656
6/6/2026 4:48,35198.242,42552.043,27.446753,28.41051,1.0199586,27.658827,8.191556,97.40443,153.18257,7.836874,-58.4507,249.71484,0.6902372,15.951882,0,81,764.40656
6/6/2026 5:18,35144.723,42540.625,27.435486,28.453773,1.0199616,27.651405,7.8314424,93.01548,146.28947,7.7923164,-55.980682,238.77144,0.56395185,15.897639,0,81,764.40656
6/6/2026 5:48,35095.824,42528.17,27.423857,28.493418,1.0199628,27.643312,7.351593,87.22735,137.19377,7.718858,-51.91803,205.40237,0.46204188,15.85011,0,81,764.40656
6/6/2026 6:18,34669.18,41857.254,26.953777,28.844063,1.0195684,27.207216,7.09248,84.17801,132.37335,7.6520967,-48.26069,168.9577,0.3093211,16.008987,0,81,764.40656
6/6/2026 6:48,33006.55,39328.066,25.185886,30.297016,1.0180905,25.563244,6.7187476,79.796074,125.39741,7.5310655,-41.661263,142.12608,0.17274097,16.584394,0,81,764.40656
6/6/2026 7:18,31255.428,36709.812,23.367428,31.994444,1.0165621,23.861378,6.33322,75.33494,118.29484,7.393265,-34.11293,149.64581,0.21404013,17.220884,0,81,764.40656
6/6/2026 7:48,29995.143,34865.16,22.093292,33.33873,1.0154874,22.662355,6.0388236,71.939,112.89603,7.301773,-29.087067,149.01639,0.06272219,17.686832,0,81,764.40656
6/6/2026 8:18,28841.035,33175.727,20.932768,34.67282,1.0144981,21.564222,5.871624,70.10621,109.952545,7.2253094,-24.881363,154.85764,0.1244991,18.15924,0,81,764.40656
6/6/2026 8:48,28509.32,32586.738,20.533,35.07625,1.0141287,21.18138,5.846485,70.0328,109.795364,7.2023406,-23.627281,153.56064,0.066639535,18.44895,0,81,764.40656
6/6/2026 9:18,27773.568,31441.602,19.753212,36.005455,1.0134351,20.437042,5.8404016,70.2357,110.047615,7.166892,-21.686554,185.49442,0.10295262,18.892054,0,81,764.40656
6/6/2026 9:48,27879.87,31057.762,19.507177,35.868176,1.0130738,20.187546,6.1824913,75.319305,117.88919,7.1630797,-21.529198,187.41132,0.28790396,19.642828,0,81,764.40656
6/6/2026 10:18,27556.293,30412.363,19.072153,36.289352,1.0126395,19.768036,5.8414526,71.57939,111.96438,7.1392508,-20.227432,195.94193,0.15117979,20.083168,0,81,764.40656
6/6/2026 10:48,26834.46,29506.34,18.45271,37.265514,1.0121284,19.179123,6.2128234,76.106125,119.01436,7.122947,-19.32621,180.45901,0.11273648,20.259022,0,81,764.40656
6/6/2026 11:18,27631.271,30159,18.90876,36.19088,1.0123881,19.60335,7.09834,87.77045,137.18283,7.1981106,-23.565292,176.81122,0.06550329,20.611862,0.009,81,764.40656
6/6/2026 11:48,24378.451,25772.643,15.937842,41.019833,1.009758,16.752218,7.154902,89.51185,139.5632,7.158857,-21.476746,185.4372,0.2055535,22.167759,0.018,81,764.40656
6/6/2026 12:18,37630.207,40525.938,26.219097,26.574396,1.0177586,26.34186,9.76392,127.54202,199.14735,7.913556,-63.83419,189.78595,0.077946655,21.258966,0.009,81,764.40656
6/6/2026 12:48,38346.453,41969.715,27.232708,26.078032,1.0187285,27.280315,9.627037,124.702896,194.94576,7.915037,-63.74836,190.86838,0.036181923,20.480085,0,81,764.40656
6/6/2026 13:18,37938.414,42157.22,27.341877,26.35851,1.0189933,27.402193,9.755577,124.76788,195.25284,7.936844,-64.81171,204.07677,0.036810312,19.760567,0,81,764.40656
6/6/2026 13:48,38028.465,42175.387,27.358389,26.296091,1.018983,27.414001,9.698183,124.2582,194.42967,7.936908,-64.83555,214.26678,0.0353765,19.852058,0,81,764.40656
6/6/2026 14:18,37502.254,42275.88,27.400946,26.665064,1.0192039,27.479322,9.791722,123.6999,193.76486,7.956089,-65.73677,223.72246,0.0401296,19.088163,0,81,764.40656
6/6/2026 14:48,37051.07,42540.1,27.55483,26.989773,1.0195237,27.651066,9.779138,121.68476,190.8255,7.9703846,-66.342354,222.13936,0.12529272,18.2444,0,81,764.40656
6/6/2026 15:18,36936.664,42555.6,27.55882,27.07337,1.0195638,27.661142,9.845537,122.14466,191.58624,7.9796042,-66.81919,235.16655,0.22151643,18.08704,0,81,764.40656
6/6/2026 15:48,36511.184,42728.965,27.649687,27.388868,1.0197968,27.773827,9.72432,119.072586,186.93652,7.978655,-66.604614,240.79323,0.14916322,17.381323,0,81,764.40656
6/6/2026 16:18,36556.414,42679.27,27.619314,27.35498,1.0197489,27.741526,9.6913805,118.895355,186.63297,7.9734845,-66.342354,248.13652,0.2322973,17.488895,0,81,764.40656
6/6/2026 16:48,36902.406,42686.19,27.64429,27.098503,1.0196714,27.746025,9.736651,120.43564,188.95004,7.9747744,-66.50925,228.72925,0.3384687,17.905996,0,81,764.40656
6/6/2026 17:18,37361.203,42650.44,27.645893,26.765734,1.0195308,27.722786,9.720803,121.63414,190.6796,7.9700813,-66.38527,244.6413,0.31569025,18.507135,0,81,764.40656
6/6/2026 17:48,38421.727,42697.312,27.731127,26.026941,1.01929,27.753254,9.442051,121.02914,189.40288,7.9328494,-64.58759,243.95943,0.7206885,19.757217,0,81,764.40656
6/6/2026 18:18,39237.363,42720.797,27.783533,25.485912,1.0190821,27.768518,9.043223,118.06611,184.50098,7.87829,-61.740875,242.07593,0.0977405,20.730915,0.009,81,764.40656
6/6/2026 18:48,39837.035,42627.15,27.743351,25.10227,1.0188307,27.707645,8.523365,112.97975,176.32231,7.805492,-57.821274,216.465,0.26372814,21.573095,0.009,81,764.40656
6/6/2026 19:18,39910.984,42139.5,27.409973,25.05576,1.0184015,27.390675,8.020093,107.3733,167.39458,7.720599,-53.162575,215.91663,0.22941989,22.231194,0.009,81,764.40656
6/6/2026 19:48,39198.652,40974.05,26.581837,25.511082,1.017639,26.633135,7.612723,102.3462,159.42436,7.6312237,-48.20347,208.72116,0.28206056,22.731422,0.018,80,764.40656
6/6/2026 20:18,37093.867,38525.63,24.832317,26.958633,1.0162296,25.04166,7.4920897,100.28874,156.13351,7.544041,-43.325424,218.01949,0.38796583,23.054245,0.027,80,764.40656
6/6/2026 20:48,34575.55,35785.715,22.888119,28.92217,1.0147156,23.260714,7.6471634,101.54097,158.03519,7.4851933,-40.020943,213.40848,0.49648693,23.22948,0.027,80,764.40656
6/6/2026 21:18,32663.516,33785.8,21.479858,30.615198,1.013646,21.96077,7.656112,100.89477,157.02089,7.437852,-37.345886,226.86005,0.48741174,23.260857,0.027,80,764.40656
6/6/2026 21:48,31629.785,32814.105,20.796938,31.61577,1.0131723,21.329168,7.52861,98.557,153.42262,7.4114647,-35.834312,245.09906,0.6358124,23.110378,0.009,80,764.40656
6/6/2026 22:18,30332.295,31606.902,19.95195,32.968163,1.012595,20.544487,7.1055875,92.19586,143.57489,7.349344,-32.29618,228.6482,0.53881806,22.888643,0.036,80,764.40656
6/6/2026 22:48,29150.553,30413.742,19.123638,34.30467,1.0119879,19.768932,7.114882,91.770164,142.92732,7.3385806,-31.68106,236.97853,0.63965446,22.82547,0.027,80,764.40656
6/6/2026 23:18,27910.387,29229.404,18.303854,35.828957,1.0114198,18.999113,6.3815894,81.64183,127.19338,7.256109,-27.003288,234.02692,0.6257997,22.637362,0.018,80,764.40656
6/6/2026 23:48,31233.836,32685.854,20.69997,32.01656,1.0132157,21.245806,6.1874003,80.31654,125.12091,7.189863,-23.264885,225.66795,0.6188399,22.674168,0.018,80,764.40656
6/7/2026 0:18,33403.945,38076.18,24.383259,29.936584,1.017029,24.749517,7.2998867,89.69573,140.5985,7.6313086,-47.531128,195.5557,0.97469145,18.57552,0,80,764.40656
6/7/2026 0:48,35296.203,42072.105,27.137415,28.33166,1.0195875,27.346869,8.22885,98.862595,155.36302,7.8265195,-58.002472,217.78583,1.4087703,16.56783,0,80,764.40656
6/7/2026 1:18,35076.145,42295.19,27.269491,28.509405,1.0197986,27.491875,8.514345,101.35853,159.38026,7.874113,-60.52971,232.55348,1.0540706,16.063745,0,80,764.40656
6/7/2026 1:48,34922.605,42318.547,27.274076,28.634748,1.019848,27.507055,8.584644,101.76399,160.05746,7.8878,-61.240196,242.78165,1.0896212,15.849824,0,80,764.40656
6/7/2026 2:18,34823.68,42287.98,27.247013,28.716093,1.0198467,27.487186,8.555506,101.21727,159.21423,7.889534,-61.31649,252.32791,1.0468098,15.758576,0,80,764.40656
6/7/2026 2:48,34820.87,42310.652,27.261662,28.718409,1.0198636,27.501925,8.451001,99.93685,157.20494,7.8758044,-60.55355,240.38791,1.2161336,15.731999,0,80,764.40656
6/7/2026 3:18,34799.383,42324.75,27.269356,28.736141,1.0198781,27.511087,8.431326,99.62739,156.72546,7.870772,-60.26745,261.8265,1.1431216,15.691068,0,80,764.40656
6/7/2026 3:48,34818.03,42351.133,27.287968,28.72075,1.0198933,27.528236,8.311845,98.219376,154.51114,7.856779,-59.494972,268.4784,1.0871009,15.687304,0,80,764.40656
6/7/2026 4:18,34799.766,42340.676,27.279804,28.735826,1.0198895,27.521439,8.237495,97.3126,153.08675,7.8478312,-58.99906,272.36462,1.0142301,15.675348,0,80,764.40656
6/7/2026 4:48,34811.273,42346.992,27.284771,28.726326,1.0198917,27.525545,8.073168,95.38914,150.05952,7.8260994,-57.8022,254.25433,1.0735484,15.683157,0,80,764.40656
6/7/2026 5:18,34776.49,42307.047,27.256117,28.75506,1.0198703,27.499582,8.038755,94.96136,149.38702,7.8201423,-57.473183,273.39935,1.0397084,15.680747,0,80,764.40656
6/7/2026 5:48,34817.652,42319.6,27.267298,28.721064,1.0198706,27.507742,7.870455,93.05049,146.37457,7.8000336,-56.37169,266.6998,0.89014375,15.718904,0,80,764.40656
6/7/2026 6:18,34838.242,42278.492,27.241829,28.704088,1.0198368,27.48102,7.6372538,90.40086,142.19557,7.769889,-54.721832,248.12698,0.61253995,15.786289,0,80,764.40656
6/7/2026 6:48,34562.63,41616.094,26.788216,28.932983,1.0194162,27.05046,7.1809316,85.34078,134.18353,7.6785917,-49.743652,196.90036,0.4201533,16.126238,0,80,764.40656
6/7/2026 7:18,33392.07,39480.22,25.30977,29.94723,1.0181106,25.662142,6.4834895,77.581726,121.86713,7.507535,-40.40718,178.49445,0.36176836,16.926306,0,80,764.40656
6/7/2026 7:48,30927.52,35673.58,22.671188,32.333664,1.01585,23.187826,5.9443245,71.54323,112.22463,7.343859,-31.461716,170.91275,0.28313598,18.034485,0,80,764.40656
6/7/2026 8:18,29600.838,33619.67,21.259342,33.78283,1.0146142,21.852787,5.602142,67.780106,106.22189,7.2315187,-25.277138,163.38824,0.171664,18.741455,0,80,764.40656
6/7/2026 8:48,28183.479,31570.773,19.855228,35.48178,1.0133989,20.521004,5.2977567,64.35297,100.761826,7.1480556,-20.67089,155.1199,0.36147895,19.38261,0,80,764.40656
6/7/2026 9:18,27039.828,29884.92,18.70768,36.982483,1.0123795,19.425198,5.314607,64.90039,101.52708,7.1077294,-18.458366,173.03943,0.09262371,20.015623,0,80,764.40656
6/7/2026 9:48,26985.037,29556.406,18.490871,37.057575,1.0121125,19.211664,5.341664,65.68018,102.68199,7.097295,-17.900467,186.59116,0.5373754,20.445095,0.009,80,764.40656
6/7/2026 10:18,26272.605,28413.45,17.718718,38.06246,1.0113797,18.468742,5.604919,69.39823,108.39437,7.0958686,-17.857552,211.22932,0.33589444,21.055178,0.009,80,764.40656
6/7/2026 10:48,26045.209,27740.975,17.271177,38.39478,1.0108564,18.031633,5.866308,73.45862,114.60206,7.104973,-18.415451,228.45746,0.36224845,21.799551,0.018,80,764.40656
6/7/2026 11:18,25798.736,27072.678,16.825684,38.76159,1.0103326,17.59724,6.1808896,78.2556,121.9385,7.110155,-18.754005,196.49982,0.29980826,22.53632,0.027,80,764.40656
6/7/2026 11:48,25926.615,26974.643,16.764292,38.570404,1.0101746,17.533518,6.6351905,84.64107,131.79257,7.1384325,-20.38002,178.38478,0.24235217,22.965847,0.036,80,764.40656
6/7/2026 12:18,26114.088,27002.453,16.78695,38.293507,1.0101097,17.551594,7.176912,92.084854,143.306,7.1805153,-22.78328,176.26762,0.21093895,23.277515,0.045,80,764.40656
6/7/2026 12:48,33447.387,34693.355,22.115278,29.897701,1.0141629,22.55068,8.874277,117.07948,182.25343,7.818926,-58.88462,179.92496,0.44280544,23.119701,0.045,80,764.40656
6/7/2026 13:18,37172.3,42033.65,27.22088,26.901752,1.0191016,27.321873,8.875263,111.698555,175.00034,7.9146867,-63.3955,203.27568,0.8520088,18.944832,0,80,764.40656
6/7/2026 13:48,37091.86,42571.22,27.577963,26.960094,1.0195374,27.671293,9.093267,113.20243,177.51959,7.9429774,-64.82124,208.46367,0.6649206,18.261234,0,80,764.40656
6/7/2026 14:18,36676.86,42546.42,27.537788,27.265148,1.0196202,27.655174,9.106506,112.28972,176.19928,7.944487,-64.7974,215.83557,0.8001669,17.777136,0,80,764.40656
6/7/2026 14:48,36706.727,42560.242,27.548763,27.242964,1.0196235,27.664158,9.138715,112.74234,176.90448,7.9464583,-64.91184,205.79816,0.9494849,17.799221,0,80,764.40656
6/7/2026 15:18,36561.168,42640.277,27.593601,27.351423,1.0197186,27.71618,9.182851,112.74155,176.96274,7.951899,-65.15503,226.69315,0.9231961,17.535744,0,80,764.40656
6/7/2026 15:48,36282.44,42638.707,27.575592,27.56154,1.0197827,27.71516,9.123533,111.262344,174.7155,7.945707,-64.73541,231.80962,0.98128533,17.195148,0,80,764.40656
6/7/2026 16:18,36305.926,42640.92,27.578514,27.543713,1.019779,27.716599,9.097036,110.99853,174.2955,7.944396,-64.668655,239.92062,0.9600604,17.22167,0,80,764.40656
6/7/2026 16:48,36220.902,42648.684,27.578384,27.608368,1.0198042,27.721643,9.024627,109.87383,172.55348,7.939083,-64.349174,232.38182,0.9843007,17.10918,0,80,764.40656
6/7/2026 17:18,36464.824,42629.848,27.580854,27.423689,1.0197335,27.709402,8.952984,109.68227,172.1841,7.926291,-63.710213,250.90695,0.96618634,17.428402,0,80,764.40656
6/7/2026 17:48,36784.996,42670.977,27.627316,27.184998,1.0196884,27.736134,9.014906,111.221985,174.52365,7.9344397,-64.2395,255.84698,1.1350958,17.778076,0,80,764.40656
6/7/2026 18:18,37118.46,42652.906,27.63423,26.940773,1.0195932,27.72439,8.925838,111.03897,174.13948,7.9253674,-63.829422,257.7591,0.77535695,18.206524,0,80,764.40656
6/7/2026 18:48,37751.457,42694.49,27.696157,26.489044,1.0194653,27.751417,8.654556,109.21616,171.11266,7.8921394,-62.13665,238.12294,0.72220266,18.938387,0,80,764.40656
6/7/2026 19:18,37907.55,42368.81,27.483795,26.379969,1.0191691,27.539726,8.347007,106.2966,166.41136,7.848318,-59.804916,239.11476,0.55024004,19.487133,0,80,764.40656
6/7/2026 19:48,37338.94,41092.707,26.592722,26.78169,1.0183094,26.710258,8.005396,102.80426,160.7746,7.7922783,-56.815147,223.16933,0.602934,20.217346,0,80,764.40656
6/7/2026 20:18,35658.344,38615.234,24.844658,28.043928,1.0167866,25.099903,7.941994,102.404854,159.96385,7.7478375,-54.46911,229.47311,0.5600572,20.990934,0,80,764.40656
6/7/2026 20:48,33914.555,36310.633,23.223364,29.485865,1.0154166,23.601912,8.016247,103.437096,161.43668,7.71398,-52.666664,219.68365,0.54904646,21.545116,0.009,80,764.40656
6/7/2026 21:18,32382.916,34420.13,21.899338,30.88048,1.0143237,22.373083,8.123975,104.70346,163.3201,7.6721373,-50.373077,238.69514,0.4948843,21.90122,0.009,80,764.40656
6/7/2026 21:48,30973.508,32819.156,20.781717,32.285656,1.0134397,21.332453,8.081841,103.77901,161.83755,7.626832,-47.84584,243.90698,0.6265102,22.055658,0.009,80,764.40656
6/7/2026 22:18,29937.6,31726.549,20.020773,33.402813,1.0128675,20.622257,7.8532915,100.38453,156.54608,7.5777016,-45.075417,237.41245,0.56793916,22.047825,0.018,80,764.40656
6/7/2026 22:48,29474.09,31308.627,19.728603,33.928104,1.0126767,20.350609,7.502425,95.53335,149.00879,7.521479,-41.890144,195.89902,0.5209935,21.932186,0.009,80,764.40656
6/7/2026 23:18,28051.914,29904.623,18.754864,35.64819,1.0119867,19.438005,7.4866652,94.486465,147.41763,7.5028687,-40.81726,236.26804,0.44998473,21.756338,0.018,80,764.40656
6/7/2026 23:48,27923.256,29891.68,18.742393,35.812443,1.012029,19.429592,7.0208735,88.26688,137.75862,7.443966,-37.474632,218.33896,0.60885715,21.552254,0.009,80,764.40656
6/8/2026 0:18,27253.062,29231.95,18.28682,36.693123,1.0117093,19.000767,6.4339275,80.528305,125.70016,7.3806057,-33.898354,214.88666,0.53107214,21.455704,0,80,764.40656
6/8/2026 0:48,26614.867,28612.37,17.859882,37.572987,1.0114146,18.59804,6.690298,83.35609,130.13681,7.409496,-35.510063,163.78879,0.57304806,21.344893,0.009,80,764.40656
6/8/2026 1:18,34287.184,41011.57,26.372826,29.165417,1.0190356,26.65752,7.258899,86.54475,136.03018,7.664928,-49.037933,178.2179,0.5406253,16.415539,0.009,80,764.40656
6/8/2026 1:48,34965.832,43045.902,27.753138,28.599348,1.0203586,27.979837,7.787763,91.33978,143.77182,7.793136,-55.885315,193.6531,0.64420384,15.17234,0,80,764.40656
6/8/2026 2:18,34806.332,43188.44,27.833672,28.730404,1.0204893,28.072487,8.0484295,93.80916,147.7127,7.8315144,-57.930946,199.82816,0.6929027,14.838626,0,80,764.40656
6/8/2026 2:48,34747.582,43282.316,27.890047,28.77898,1.0205659,28.133505,8.194392,95.229,149.97475,7.852066,-59.02767,198.60745,0.753911,14.676043,0,80,764.40656
6/8/2026 3:18,34710.477,43285.184,27.888927,28.809746,1.0205748,28.13537,8.218902,95.42077,150.28445,7.855889,-59.227943,217.91458,0.61977327,14.628378,0,80,764.40656
6/8/2026 3:48,34688.4,43354.06,27.931864,28.828083,1.0206267,28.180138,8.256317,95.698456,150.73685,7.8618817,-59.537888,225.95883,0.7265076,14.535015,0,80,764.40656
6/8/2026 4:18,34644.805,43374.605,27.941631,28.864357,1.020649,28.193493,8.279796,95.834785,150.96323,7.8659754,-59.747696,235.27621,0.76683915,14.462554,0,80,764.40656
6/8/2026 4:48,34622.008,43374.664,27.939806,28.883362,1.0206529,28.193533,8.211898,94.99452,149.64401,7.8572216,-59.261322,228.12843,0.850547,14.434979,0,80,764.40656
6/8/2026 5:18,34594.008,43360.09,27.928062,28.90674,1.0206479,28.184057,8.164089,94.3964,148.7049,7.8504353,-58.88462,242.91516,0.7582048,14.415216,0,80,764.40656
6/8/2026 5:48,34604.266,43389.95,27.948254,28.89817,1.0206667,28.203468,8.02752,92.79808,146.18954,7.833647,-57.959557,252.74277,0.9089102,14.39885,0,80,764.40656
6/8/2026 6:18,34579.418,43359.05,27.92619,28.918936,1.0206497,28.183384,7.9892507,92.34266,145.47215,7.826874,-57.587624,254.53568,0.57702464,14.398599,0,80,764.40656
6/8/2026 6:48,34588.793,43309.164,27.894617,28.911098,1.0206136,28.150957,7.874587,91.11007,143.52136,7.811982,-56.78177,228.72449,0.49614772,14.458031,0,80,764.40656
6/8/2026 7:18,34673.027,43252.688,27.864819,28.840862,1.020559,28.114248,7.4954553,86.98436,136.99942,7.7517104,-53.50113,208.67348,0.22921413,14.61459,0,80,764.40656
6/8/2026 7:48,34186.96,42105.688,27.0812,29.250917,1.0198462,27.368696,7.1493134,83.47488,131.39493,7.6627464,-48.704147,185.65178,0.21296473,15.153515,0,80,764.40656
6/8/2026 8:18,32548.71,39178.938,25.058727,30.723183,1.0180887,25.46631,6.6424255,78.135155,122.851974,7.525316,-41.279793,187.29688,0.12775156,16.139822,0,80,764.40656
6/8/2026 8:48,31186.94,36716.086,23.367556,32.064705,1.0165852,23.865456,6.2206745,73.84291,115.96712,7.3940907,-34.14631,164.06537,0.16979438,17.115606,0,80,764.40656
6/8/2026 9:18,30010.05,34690.953,21.980375,33.32217,1.0153459,22.54912,5.951421,71.19519,111.693016,7.296349,-28.810501,169.25336,0.19666888,17.935524,0,80,764.40656
6/8/2026 9:48,28882.299,32786.105,20.68055,34.623283,1.0141686,21.310968,5.885752,70.99996,111.26418,7.235159,-25.482178,168.35213,0.16812582,18.766024,0,80,764.40656
6/8/2026 10:18,28766.664,32382.256,20.411201,34.76246,1.0138742,21.048466,5.9436703,72.120995,112.96078,7.216866,-24.495125,183.7492,0.21955648,19.154266,0,80,764.40656
6/8/2026 10:48,28230.9,31300.688,19.680288,35.42218,1.0131522,20.345446,6.0659747,74.289764,116.240685,7.194834,-23.322105,197.2866,0.29587483,19.865229,0,80,764.40656
6/8/2026 11:18,27888.062,30533.549,19.163885,35.857635,1.0126172,19.846807,6.385276,78.85145,123.27003,7.198578,-23.579597,214.96773,0.2462454,20.463772,0,80,764.40656
6/8/2026 11:48,28435.113,30338.418,19.053396,35.167786,1.0122226,19.71997,7.1379986,90.17444,140.69923,7.2266054,-25.258064,192.90448,0.39294723,21.715405,0.018,80,764.40656
6/8/2026 12:18,27732.63,29472.967,18.460152,36.058605,1.0117258,19.157429,7.38135,93.25974,145.4681,7.2406163,-26.06392,172.31464,0.22199494,21.908453,0.018,80,764.40656
6/8/2026 12:48,28308.434,29852.24,18.7276,35.32516,1.0118288,19.403955,7.450334,94.946846,148.00684,7.297496,-29.306412,168.96248,0.16413088,22.292412,0.027,80,764.40656
6/8/2026 13:18,28239.42,29788.916,18.68369,35.41149,1.0117997,19.362797,7.6957717,98.02149,152.80373,7.2953258,-29.182434,177.93655,0.1710042,22.276657,0.036,80,764.40656
6/8/2026 13:48,37442.16,42321.06,27.428373,26.70786,1.0192549,27.508688,9.660507,121.77599,190.78378,7.9518867,-65.47451,183.27237,0.16977067,18.96424,0.009,80,764.40656
6/8/2026 14:18,37130.477,43538.406,28.227245,26.932055,1.0202583,28.299965,9.437758,115.77122,181.77336,7.9506392,-65.03105,194.55432,0.051130746,17.294306,0,80,764.40656
6/8/2026 14:48,36943.48,43606.105,28.260588,27.068375,1.0203507,28.343967,9.448017,115.258934,181.03491,7.9558725,-65.255165,188.92764,0.039225385,17.000465,0,80,764.40656
6/8/2026 15:18,36829.23,43612.562,28.257526,27.152346,1.0203809,28.348166,9.441621,114.85576,180.43332,7.958523,-65.369606,206.87103,0.042453643,16.856745,0,80,764.40656
6/8/2026 15:48,36761.758,43647.652,28.276434,27.20218,1.0204213,28.370974,9.413695,114.26829,179.53586,7.96072,-65.46497,213.88531,0.047032043,16.740265,0,80,764.40656
6/8/2026 16:18,36613.35,43629.047,28.254272,27.31244,1.0204399,28.358881,9.483876,114.74551,180.32025,7.9665422,-65.751076,221.00449,0.118335515,16.580976,0,80,764.40656
6/8/2026 16:48,36415.367,43639.652,28.247936,27.460934,1.0204898,28.365774,9.433019,113.5691,178.52432,7.9656634,-65.64617,215.60669,0.23578472,16.33277,0,80,764.40656
6/8/2026 17:18,36164.887,43613.39,28.213234,27.65113,1.0205233,28.348705,9.366404,112.13301,176.32356,7.962732,-65.42206,233.04462,0.28591934,16.05839,0,80,764.40656
6/8/2026 17:48,36190.76,43645.426,28.236176,27.631361,1.0205411,28.369526,9.371271,112.20515,176.43721,7.9645486,-65.522194,237.20264,0.2626761,16.057562,0,80,764.40656
6/8/2026 18:18,36239.79,43626.176,28.226915,27.593979,1.0205169,28.357016,9.297668,111.48971,175.29628,7.9534373,-64.92615,244.57932,0.39300308,16.135553,0,80,764.40656
6/8/2026 18:48,36579.832,43652.58,28.267637,27.33747,1.0204643,28.374176,9.30462,112.44434,176.71756,7.953182,-64.99767,227.12231,0.47791174,16.51709,0,80,764.40656
6/8/2026 19:18,37233.56,43696.63,28.339201,26.857492,1.0203526,28.40281,9.056608,111.08827,174.42894,7.9212966,-63.3955,241.71353,0.15223992,17.25614,0,80,764.40656
6/8/2026 19:48,38001.27,43840.48,28.481525,26.31491,1.0202825,28.496311,8.577876,106.88437,167.66342,7.857547,-60.019493,229.23947,0.24019548,18.026585,0,80,764.40656
6/8/2026 20:18,38407.574,43851.926,28.512066,26.036531,1.0201931,28.503752,8.08274,101.64829,159.35034,7.7871194,-56.19526,215.99292,0.08646954,18.499838,0,80,764.40656
6/8/2026 20:48,38401.77,43321.938,28.153637,26.040466,1.0197856,28.15926,7.707428,97.74259,153.11234,7.720422,-52.580833,178.7424,0.14195462,19.053812,0,80,764.40656
6/8/2026 21:18,37505.902,41693.54,27.007473,26.66247,1.0187438,27.1008,7.626353,97.30855,152.28513,7.6668787,-49.710274,178.89977,0.19809955,19.741438,0,80,764.40656
6/8/2026 21:48,35701.94,39113.887,25.183569,28.009682,1.0171854,25.424026,7.743585,99.01616,154.80103,7.6154466,-46.94462,191.4978,0.50509083,20.43293,0,80,764.40656
6/8/2026 22:18,33881.844,36810.24,23.558666,29.514332,1.0158523,23.926655,7.889143,100.667694,157.2878,7.59094,-45.633316,198.78387,0.33432287,20.83488,0.009,80,764.40656
6/8/2026 22:48,32546.45,35250.445,22.461994,30.725317,1.0149844,22.91279,7.798135,99.14221,154.86905,7.5420465,-42.910576,193.52435,0.38434812,20.983868,0,80,764.40656
6/8/2026 23:18,31708.496,34364.766,21.839258,31.537289,1.0145208,22.3371,7.533824,95.378334,148.99657,7.4920263,-40.097237,199.87582,0.4383701,20.953074,0.009,80,764.40656
6/8/2026 23:48,31047.146,33732.902,21.394016,32.20908,1.0142144,21.926386,7.1193576,89.69278,140.14081,7.429373,-36.563873,178.68996,0.50912744,20.831503,0,80,764.40656
6/9/2026 0:18,30286.176,33006.836,20.88373,33.018364,1.0138648,21.454445,6.8849754,86.243004,134.78075,7.378618,-33.698082,206.51817,0.39458814,20.684443,0,80,764.40656
6/9/2026 0:48,29460.916,32359.99,20.42488,33.943275,1.0136094,21.033993,6.2984605,78.13105,122.17179,7.334281,-31.170845,200.12856,0.3861819,20.309517,0,80,764.40656
6/9/2026 1:18,28826.244,31782.117,20.019718,34.69061,1.0133458,20.658377,6.1483564,75.830635,118.60589,7.2953644,-28.972626,199.33224,0.5039931,20.130667,0,80,764.40656
6/9/2026 1:48,29075.55,32030.633,20.192942,34.393158,1.0134676,20.819912,5.668295,70.03302,109.53163,7.263452,-27.189255,147.35222,0.3837387,20.16974,0,80,764.40656
6/9/2026 2:18,26310.219,29059.076,18.141613,38.008045,1.0119433,18.8884,5.4414663,66.268036,103.66176,7.224984,-25.024414,168.9434,0.46515462,20.047356,0,80,764.40656
6/9/2026 2:48,34811.52,42528.14,27.40333,28.726124,1.0200214,27.643291,7.775148,91.598015,144.12549,7.7504535,-53.596497,170.89844,0.93006337,15.500134,0,80,764.40656
6/9/2026 3:18,35162.875,43474.438,28.047932,28.439085,1.0206227,28.258385,8.017891,93.86429,147.77507,7.818132,-57.225227,193.61496,0.9121758,14.990434,0,80,764.40656
6/9/2026 3:48,35223.152,43623.062,28.14958,28.390417,1.0207157,28.354992,8.114311,94.91441,149.4401,7.838245,-58.317184,198.77434,0.74990803,14.9185,0,80,764.40656
6/9/2026 4:18,35226.133,43652.6,28.169077,28.388016,1.020736,28.374191,8.134671,95.11567,149.761,7.844493,-58.65574,210.79063,0.8021529,14.893471,0,80,764.40656
6/9/2026 4:48,35216.87,43676.582,28.183979,28.395481,1.0207546,28.389778,8.104822,94.70976,149.1275,7.842539,-58.541298,203.85742,0.9569925,14.85917,0,80,764.40656
6/9/2026 5:18,35180.402,43661.453,28.171234,28.424917,1.0207508,28.379944,8.088234,94.45275,148.7275,7.8406515,-58.431625,226.61209,0.82039636,14.830066,0,80,764.40656
6/9/2026 5:48,35190.164,43703.125,28.199162,28.417032,1.020778,28.40703,8.049458,93.96183,147.95906,7.8376346,-58.259964,232.69177,0.7752025,14.801535,0,80,764.40656
6/9/2026 6:18,35177.492,43686.297,28.187191,28.427269,1.0207686,28.396093,7.9191484,92.43583,145.55594,7.8265295,-57.649612,244.14539,0.7909139,14.802587,0,80,764.40656
6/9/2026 6:48,35162.78,43667.23,28.173601,28.439161,1.020758,28.383701,7.837061,91.47139,144.03714,7.8140373,-56.962967,233.31642,0.75896645,14.803359,0,80,764.40656
6/9/2026 7:18,35187.12,43652.355,28.165838,28.419489,1.020743,28.374031,7.8734136,91.97238,144.81921,7.805816,-56.51951,236.97853,0.60854095,14.846915,0,80,764.40656
6/9/2026 7:48,35280.316,43667.406,28.182983,28.344418,1.0207362,28.383814,7.8564878,91.96497,144.7922,7.7985344,-56.13804,233.5596,0.6439165,14.944108,0,80,764.40656
6/9/2026 8:18,35182.67,43330.04,27.95522,28.423082,1.0205173,28.164524,7.6165023,89.411575,140.73936,7.7501435,-53.515434,200.0618,0.30886826,15.155471,0,80,764.40656
6/9/2026 8:48,33436.434,40382.082,25.903437,29.907495,1.0187664,26.248352,6.953099,81.974045,128.90964,7.590297,-44.846535,179.49582,0.23762377,15.994856,0,80,764.40656
6/9/2026 9:18,31295.25,36975.66,23.543308,31.953732,1.0167543,24.03418,6.4557033,76.47429,120.12306,7.4264517,-35.920143,182.6191,0.14810075,16.956772,0,80,764.40656
6/9/2026 9:48,29662.887,34397.516,21.770773,33.712162,1.0152179,22.358385,6.145447,73.22024,114.89103,7.291452,-28.524399,178.13683,0.28891626,17.793482,0,80,764.40656
6/9/2026 10:18,29108.521,33345.7,21.056717,34.354202,1.0145502,21.674704,6.1602583,73.876686,115.83735,7.25218,-26.392937,177.15454,0.15467702,18.347218,0,80,764.40656
6/9/2026 10:48,28823.484,32630.307,20.576012,34.69393,1.0140601,21.2097,6.1080637,73.81488,115.6556,7.2274365,-25.062561,182.79553,0.14519198,18.89187,0,80,764.40656
6/9/2026 11:18,28131.81,31423.402,19.756672,35.546947,1.0132929,20.425213,6.1296334,74.60426,116.79109,7.1989164,-23.522377,210.98137,0.23022468,19.515722,0,80,764.40656
6/9/2026 11:48,28370.754,31393.816,19.746866,35.247566,1.0131805,20.405981,6.256472,76.788704,120.134544,7.187715,-22.931099,216.76541,0.428752,19.958385,0,80,764.40656
6/9/2026 12:18,27978.201,30445.143,19.108957,35.74211,1.0125039,19.789343,7.163199,88.920105,138.94913,7.241238,-25.997162,221.66252,0.37260783,20.75764,0.009,80,764.40656
6/9/2026 12:48,27845.652,29976.969,18.796215,35.91225,1.0121387,19.485031,7.370514,92.21908,143.98901,7.28334,-28.409958,190.98282,0.4097071,21.277569,0.018,80,764.40656
6/9/2026 13:18,28465.135,30411.432,19.102644,35.130695,1.0122765,19.767431,8.037288,101.44009,158.29372,7.398085,-34.90448,181.036,0.372513,21.649273,0.018,80,764.40656
6/9/2026 13:48,28559.238,30160.656,18.939238,35.01494,1.012007,19.604427,8.902227,113.438416,176.85329,7.400015,-35.08091,189.51892,0.46713918,22.220093,0.036,80,764.40656
6/9/2026 14:18,28717.512,30483.922,19.158276,34.821957,1.0122377,19.81455,8.323,105.69744,164.85323,7.384133,-34.155846,195.46985,0.48901072,21.966198,0.045,80,764.40656
6/9/2026 14:48,38709.957,42482.812,27.598265,25.833147,1.0190393,27.613827,9.74004,126.13542,197.22325,7.959532,-66.21361,189.90517,0.050503198,20.350313,0.009,80,764.40656
6/9/2026 15:18,38245.27,43382.414,28.186377,26.147024,1.0198723,28.19857,9.379897,118.40576,185.54529,7.9351807,-64.50653,203.37582,0.04070669,18.800243,0,80,764.40656
6/9/2026 15:48,38250.773,43494.8,28.262558,26.143263,1.0199577,28.27162,9.390422,118.33939,185.46959,7.943158,-64.92615,203.70483,0.04007703,18.687603,0,80,764.40656
6/9/2026 16:18,37698.74,43487.945,28.227364,26.526087,1.0200876,28.267166,9.473928,117.87809,184.90775,7.9531646,-65.33623,213.90439,0.26099223,18.030254,0,80,764.40656
6/9/2026 16:48,37249.617,43535.465,28.232603,26.845913,1.0202287,28.298052,9.490714,116.7553,183.28484,7.9626827,-65.732,206.151,0.35020524,17.4406,0,80,764.40656
6/9/2026 17:18,36979.746,43515.145,28.202335,27.04183,1.0202751,28.284845,9.534887,116.5873,183.09053,7.9702888,-66.08486,224.123,0.53473824,17.136818,0,80,764.40656
6/9/2026 17:48,36606.945,43563.715,28.210535,27.31722,1.0203934,28.316416,9.460154,114.55883,180.0143,7.9705267,-65.984726,227.2272,0.59540033,16.639172,0,80,764.40656
6/9/2026 18:18,36323.184,43547.977,28.181015,27.530626,1.0204427,28.306185,9.280623,111.64725,175.50719,7.957631,-65.197945,233.16861,0.70367044,16.313915,0,80,764.40656
6/9/2026 18:48,36323.6,43559.72,28.188803,27.53031,1.0204512,28.313818,9.156369,110.13326,173.1295,7.951292,-64.845085,226.60255,0.597808,16.302645,0,80,764.40656
6/9/2026 19:18,36470.41,43535.34,28.182627,27.419489,1.0204022,28.297972,9.170636,110.73867,174.03969,7.945649,-64.57806,239.33887,0.77614015,16.503649,0,80,764.40656
6/9/2026 19:48,36843.16,43593.65,28.245861,27.14208,1.0203637,28.335873,9.105026,110.83133,174.10349,7.9384003,-64.26334,238.35182,0.6096359,16.892658,0,80,764.40656
6/9/2026 20:18,37447.52,43663.812,28.330412,26.704039,1.0202792,28.381477,8.6361885,106.52331,167.20013,7.882183,-61.28788,233.16861,0.4689603,17.54622,0,80,764.40656
6/9/2026 20:48,38110.55,43779.266,28.446594,26.239452,1.0202098,28.456522,7.9115644,98.928314,155.14378,7.7856007,-56.056976,201.7498,0.41586706,18.220732,0,80,764.40656
6/9/2026 21:18,38535.953,43604.723,28.351934,25.949793,1.0199708,28.34307,7.4759183,94.66811,148.32469,7.7171106,-52.371025,183.89224,0.27396956,18.913946,0,80,764.40656
6/9/2026 21:48,38280.047,42607.043,27.663141,26.12327,1.019257,27.694578,7.248999,92.75207,145.16649,7.653325,-48.942566,170.20703,0.39486152,19.682938,0,80,764.40656
6/9/2026 22:18,36795.402,40340.082,26.058994,27.177309,1.0178581,26.221054,7.219202,92.73034,144.98103,7.5897636,-45.4998,174.48425,0.32273993,20.399483,0,80,764.40656
6/9/2026 22:48,34959.746,37961.547,24.375774,28.604326,1.016465,24.675005,7.2719064,93.28093,145.7408,7.5497584,-43.325424,166.82625,0.3196352,20.859959,0,80,764.40656
6/9/2026 23:18,33356.816,36062.293,23.03628,29.97888,1.0153967,23.44049,7.266578,92.84741,145.01628,7.4981885,-40.459633,174.48901,0.31709757,21.072128,0.009,80,764.40656
6/9/2026 23:48,32499.133,35117.68,22.37135,30.770052,1.0148872,22.82649,7.0929255,90.31636,141.05789,7.451703,-37.851334,180.13477,0.46397635,21.09608,0.009,80,764.40656
6/10/2026 0:18,31706.94,34277.844,21.781153,31.538837,1.0144465,22.2806,6.7373223,85.456184,133.47186,7.406684,-35.31933,177.0401,0.38244247,21.073196,0,80,764.40656
6/10/2026 0:48,31092.285,33674.71,21.356882,32.16232,1.0141479,21.888561,6.643625,83.92066,131.09137,7.3547397,-32.39155,174.99924,0.35026422,20.984953,0.009,80,764.40656
6/10/2026 1:18,29901.963,32641.223,20.627306,33.44262,1.01369,21.216797,5.5972905,69.9051,109.26071,7.285175,-28.448105,178.22742,0.4374928,20.60627,0.009,80,764.40656
6/10/2026 1:48,29389.305,32197.338,20.31478,34.02598,1.0134957,20.92827,5.5554037,69.03054,107.92161,7.250681,-26.49784,160.67981,0.4078571,20.433863,0,80,764.40656
6/10/2026 2:18,29442.787,32225.531,20.335392,33.964176,1.0135002,20.946594,4.8371487,60.163906,94.05329,7.211654,-24.313927,173.769,0.2825248,20.478945,0.009,80,764.40656
6/10/2026 2:48,28918.107,31709.748,19.975534,34.58041,1.0132493,20.611338,4.809019,59.588543,93.16606,7.207105,-24.051666,144.39105,0.3961746,20.390717,0,80,764.40656
6/10/2026 3:18,27991.82,30647.824,19.242702,35.724724,1.012677,19.921087,4.885389,60.356247,94.356255,7.203683,-23.8657,162.79697,0.266295,20.462719,0,80,764.40656
6/10/2026 3:48,34070.89,40521.293,26.036581,29.350569,1.0187236,26.33884,7.056574,84.377235,132.5836,7.596086,-45.27092,161.51904,0.98825467,16.665678,0,80,764.40656
6/10/2026 4:18,35739.176,43376.402,28.026915,27.9805,1.0204401,28.194662,7.6898537,91.45265,143.85072,7.7814007,-55.356026,172.71996,1.3863064,15.781742,0,80,764.40656
6/10/2026 4:48,35779.117,43544.47,28.140244,27.949265,1.0205523,28.303905,7.9840894,94.79357,149.126,7.824356,-57.702065,170.5408,1.2277559,15.663274,0,80,764.40656
6/10/2026 5:18,35763.926,43556.324,28.146925,27.961136,1.020564,28.311611,8.007715,95.02094,149.48882,7.832853,-58.164597,186.42902,0.98434633,15.6333,0,80,764.40656
6/10/2026 5:48,35775.99,43614.86,28.186243,27.951708,1.0206033,28.349659,7.93549,94.10525,148.05545,7.827562,-57.86419,195.45078,0.91802526,15.590088,0,80,764.40656
6/10/2026 6:18,35766.33,43662.832,28.217016,27.959259,1.0206394,28.38084,8.047668,95.341446,150.01035,7.839714,-58.522224,204.59653,0.7643023,15.531319,0,80,764.40656
6/10/2026 6:48,35765.938,43663.95,28.217728,27.959564,1.0206404,28.381567,8.065576,95.551094,150.34048,7.843094,-58.70819,199.337,0.773,15.52975,0,80,764.40656
6/10/2026 7:18,35786.684,43644.215,28.206305,27.943356,1.020622,28.36874,7.908496,93.766556,147.5253,7.82762,-57.86419,220.84236,0.71173453,15.574026,0,80,764.40656
6/10/2026 7:48,35858.363,43649.754,28.215204,27.887497,1.0206118,28.372341,7.9591517,94.52438,148.704,7.8118486,-57.01065,223.03104,0.8659366,15.654558,0,80,764.40656
6/10/2026 8:18,36057.37,43637.523,28.22153,27.73358,1.0205629,28.36439,7.9634085,95.05221,149.49141,7.814148,-57.18708,227.41318,0.7612934,15.905382,0,80,764.40656
6/10/2026 8:48,36194.53,43591.92,28.201149,27.628483,1.0205015,28.33475,7.900782,94.6868,148.88042,7.8013954,-56.524277,205.37376,0.73918414,16.115374,0,80,764.40656
6/10/2026 9:18,36286.4,43365.094,28.057579,27.558535,1.0203174,28.187311,7.711714,92.95927,146.10582,7.7588935,-54.240227,203.01343,0.51022583,16.45367,0,80,764.40656
6/10/2026 9:48,35168.496,41355.5,26.655645,28.43454,1.0190855,26.881075,7.127627,86.39349,135.6686,7.63648,-47.58835,191.31183,0.40776694,17.16726,0,80,764.40656
6/10/2026 10:18,32281.49,37015.344,23.623947,30.977505,1.0165138,24.059975,6.365442,77.45396,121.45333,7.4059734,-34.947395,186.95355,0.17849422,18.304243,0,80,764.40656
6/10/2026 10:48,30759.266,34790.637,22.082596,32.51053,1.0151955,22.613913,6.127855,74.78072,117.16231,7.296716,-28.92971,168.84804,0.218049,18.933235,0,80,764.40656
6/10/2026 11:18,29855.77,33312.383,21.068789,33.49436,1.0142761,21.65305,6.075498,74.59583,116.76935,7.240904,-25.873184,171.15593,0.11775715,19.56735,0,80,764.40656
6/10/2026 11:48,29549.34,32636.623,20.610853,33.841705,1.0138139,21.213806,6.0285544,74.49521,116.531364,7.2122073,-24.309158,186.82004,0.41813445,20.047348,0,80,764.40656
6/10/2026 12:18,28596.799,31181.266,19.615484,34.96895,1.0129108,20.267824,6.169599,76.674034,119.830666,7.184356,-22.797585,199.29886,0.3027946,20.660456,0.009,80,764.40656
6/10/2026 12:48,74.348236,80.81718,0.037485637,13450.218,0.99806464,0.052531164,8.611702,95.69529,149.52452,7.2518616,-26.597977,119.776726,,20.80921,0.009,80,764.40656
6/10/2026 13:18,28178.193,30294.078,19.016062,35.488434,1.0122883,19.69115,6.54453,82.09006,128.1606,7.24427,-24.642944,115.623474,0.0379232,21.343203,0.027,79,764.40656
6/10/2026 13:48,27388.88,29135.77,18.227524,36.511166,1.0115623,18.938251,6.928976,87.34892,136.25876,7.226556,-23.636818,144.50073,0.022833964,21.860897,0.018,79,764.40656
6/10/2026 14:18,27375.86,28944.205,18.100712,36.528534,1.0113894,18.813734,6.6420403,84.13828,131.18594,7.256219,-25.420189,157.17029,0.02422419,22.16308,0.027,79,764.40656
6/10/2026 14:48,27160.322,28508.848,17.807272,36.818413,1.0110753,18.53075,6.60903,84.13328,131.09996,7.2467823,-24.8909,160.64166,0.028635448,22.523457,0.036,79,764.40656
6/10/2026 15:18,35050.242,34843.15,22.254845,28.530474,1.0136536,22.648046,10.038261,137.7885,213.63065,7.8768463,-62.890053,147.09473,0.032954205,25.311186,0.054,79,764.40656
6/10/2026 15:48,40687.81,42126.215,27.426308,24.577387,1.018144,27.38204,10.09323,137.53258,214.05775,7.9817023,-68.68839,143.1036,0.030297993,23.212297,0.027,79,764.40656
6/10/2026 16:18,40554.87,42873.023,27.939423,24.657951,1.018819,27.867466,9.978592,133.85567,208.70178,7.9606133,-67.19589,135.38837,0.031019766,22.1691,0.018,79,764.40656
6/10/2026 16:48,40343.203,43153.082,28.124943,24.787323,1.019115,28.049503,9.67573,128.5823,200.66684,7.9459186,-66.194534,146.81339,0.030592525,21.59088,0.009,79,764.40656
6/10/2026 17:18,40141.695,43320.055,28.231958,24.911753,1.0193107,28.158037,9.656983,127.40687,198.9673,7.951837,-66.44726,145.6213,0.029411193,21.158676,0.009,79,764.40656
6/10/2026 17:48,39545.004,43463.23,28.30466,25.287645,1.0195937,28.2511,9.553084,124.069016,194.01239,7.9530993,-66.32328,153.45573,0.033922143,20.280085,0,79,764.40656
6/10/2026 18:18,38670.48,43498.773,28.287104,25.859518,1.0198542,28.274202,9.476381,120.57722,188.84721,7.9590883,-66.428185,150.4612,0.03572371,19.188566,0,79,764.40656
6/10/2026 18:48,37860.484,43678.312,28.364473,26.412764,1.0201931,28.390903,9.320607,116.05715,182.05225,7.9524326,-65.77492,149.94144,0.035969984,18.026325,0,79,764.40656
6/10/2026 19:18,37601.89,43679.336,28.35005,26.594408,1.020255,28.391567,9.102611,112.65674,176.78917,7.940248,-64.992905,143.81885,0.03921487,17.7153,0,79,764.40656
6/10/2026 19:48,37563.566,43650.195,28.328253,26.62154,1.020242,28.372627,9.055759,112.0279,175.80594,7.9387574,-64.902306,155.46323,0.041070495,17.69942,0,79,764.40656
6/10/2026 20:18,37723.184,43655.574,28.341257,26.508898,1.0202086,28.376125,8.959446,111.24253,174.53178,7.9294,-64.39686,159.74998,0.20272645,17.8853,0,79,764.40656
6/10/2026 20:48,38156.887,43701.895,28.397089,26.207588,1.0201396,28.40623,8.610705,107.919136,169.21313,7.8919406,-62.30831,158.2384,0.039803103,18.356934,0,79,764.40656
6/10/2026 21:18,38844.965,43682.895,28.420795,25.743362,1.0199528,28.393883,7.9878964,101.74336,159.34686,7.8126016,-57.83081,147.94827,0.035836045,19.20151,0,79,764.40656
6/10/2026 21:48,39656.15,43627.14,28.42171,25.21677,1.0196943,28.357641,7.0515227,91.56638,143.19618,7.6760807,-49.991608,152.1492,0.031185752,20.234497,0,79,764.40656
6/10/2026 22:18,40094.836,43362.434,28.259174,24.940868,1.0193586,28.185581,6.6346445,87.38013,136.48073,7.587682,-44.908524,145.53546,0.03847113,21.054688,0,79,764.40656
6/10/2026 22:48,39794.28,42438.504,27.611885,25.129238,1.0186872,27.58503,6.273559,83.34293,130.03535,7.5043545,-40.078163,141.80183,0.033133574,21.737844,0.009,79,764.40656
6/10/2026 23:18,37744.11,39797.08,25.724714,26.4942,1.0171088,25.868101,6.1927743,82.20199,128.13826,7.4207735,-35.19535,133.16154,0.037398808,22.299166,0.018,79,764.40656
6/10/2026 23:48,35325.004,37036.668,23.761461,28.30856,1.0155501,24.073835,6.195529,81.72137,127.32948,7.3536487,-31.24237,149.53613,0.035827104,22.580345,0.018,79,764.40656
6/11/2026 0:18,34299.848,35922.875,22.973438,29.154648,1.0149409,23.349869,5.880695,77.29097,120.41559,7.2957535,-27.809143,157.73773,0.077666335,22.63451,0.018,79,764.40656
6/11/2026 0:48,33612.79,35226.953,22.481392,29.750582,1.0145787,22.89752,5.4074693,70.82609,110.349815,7.2391257,-24.442673,164.83783,0.03812651,22.60095,0.018,79,764.40656
6/11/2026 1:18,33247.46,34890.438,22.242973,30.077484,1.0144165,22.678783,5.0212584,65.59774,102.21521,7.195694,-21.858215,154.83856,0.6398602,22.534576,0.018,79,764.40656
6/11/2026 1:48,32808.027,34484.957,21.956137,30.480345,1.0142214,22.415222,4.6144896,60.09564,93.65436,7.163825,-19.960403,164.47067,0.086451605,22.454035,0.018,79,764.40656
6/11/2026 2:18,32622.172,34382.75,21.881647,30.653997,1.0142009,22.348787,4.1308193,53.64154,83.614845,7.130388,-17.967224,158.44345,0.08283212,22.319096,0.018,79,764.40656
6/11/2026 2:48,32369.219,34146.594,21.714954,30.893547,1.0140868,22.195286,4.0428953,52.406624,81.69587,7.1151624,-17.061234,163.60283,0.13806371,22.274797,0.018,79,764.40656
6/11/2026 3:18,32074.316,33902.37,21.541716,31.177593,1.0139817,22.036543,3.802453,49.15241,76.63525,7.0982933,-16.055107,160.03131,0.32462347,22.176905,0.018,79,764.40656
6/11/2026 3:48,31780.793,33606.176,21.333796,31.465546,1.0138303,21.844015,3.5923898,46.363438,72.28932,7.078211,-14.863014,169.81125,0.08389018,22.156183,0.027,79,764.40656
6/11/2026 4:18,34020.125,37931.16,24.316063,29.394365,1.0167329,24.655254,4.826625,60.452312,94.62503,7.269864,-26.00193,145.77866,0.45338947,19.601637,0.009,79,764.40656
6/11/2026 4:48,36150.426,43276.426,27.989748,27.662191,1.0202818,28.129677,7.4519186,89.65858,140.9306,7.7573347,-54.05903,157.19891,0.6477504,16.378935,0,79,764.40656
6/11/2026 5:18,36169.824,43638.91,28.230415,27.647356,1.0205407,28.365292,7.660927,91.68951,144.18048,7.797264,-56.31447,141.9592,0.32567418,16.038921,0,79,764.40656
6/11/2026 5:48,36196.652,43779.824,28.32521,27.626863,1.0206367,28.456886,7.7766895,92.9301,146.1495,7.8148737,-57.315826,147.8052,0.19803332,15.93133,0,79,764.40656
6/11/2026 6:18,36245.234,43895.72,28.40506,27.589834,1.0207101,28.532219,7.91943,94.57611,148.74786,7.831661,-58.279037,154.24728,0.059250843,15.874988,0,79,764.40656
6/11/2026 6:48,36281.41,43982.46,28.464806,27.562325,1.0207652,28.588598,8.055943,96.16069,151.2474,7.847337,-59.18026,162.04834,0.062823795,15.832793,0,79,764.40656
6/11/2026 7:18,36312.14,43995.406,28.475552,27.539,1.0207682,28.597015,8.10525,96.80158,152.25127,7.8527575,-59.49974,153.90396,0.06373959,15.856655,0,79,764.40656
6/11/2026 7:48,36353.516,43963.156,28.457256,27.507656,1.0207366,28.576052,7.9670634,95.29378,149.86575,7.8373575,-58.62236,163.55515,0.04008024,15.937626,0,79,764.40656
6/11/2026 8:18,36462.996,43983.03,28.478138,27.425064,1.0207286,28.58897,7.927398,95.0399,149.44727,7.830895,-58.2695,169.74927,0.041825607,16.048386,0,79,764.40656
6/11/2026 8:48,36571.33,43980.61,28.484127,27.343824,1.0207045,28.587397,7.9730077,95.8391,150.68088,7.8305216,-58.27427,171.98563,0.040205974,16.179739,0,79,764.40656
6/11/2026 9:18,36912.402,43975.79,28.50422,27.091166,1.020629,28.584263,8.108412,98.27118,154.4294,7.8322954,-58.460236,153.37944,0.06480725,16.59058,0,79,764.40656
6/11/2026 9:48,37335.9,43883.824,28.470493,26.783875,1.0204686,28.524487,8.069128,98.92306,155.3405,7.8051214,-56.996346,163.96523,0.034603786,17.187933,0,79,764.40656
6/11/2026 10:18,37835.145,43828.67,28.463934,26.430452,1.0203128,28.488636,7.864607,97.63653,153.19377,7.750625,-53.93982,156.63147,0.027730053,17.840364,0,79,764.40656
6/11/2026 10:48,37712.96,42895.816,27.829905,26.516083,1.019631,27.88228,7.4348545,93.42944,146.43169,7.662799,-48.947334,155.87329,17.262356,18.674122,0,79,764.40656
6/11/2026 11:18,36274.953,40065.547,25.85078,27.56723,1.0177888,26.042606,6.6042366,84.17178,131.66837,7.4629073,-37.407875,151.20984,0.03943949,20.046606,0,79,764.40656
6/11/2026 11:48,34385.246,37151.215,23.807251,29.082241,1.0159725,24.14829,6.198358,79.60106,124.32137,7.3357143,-30.026436,173.00606,0.029152427,21.102009,0.009,79,764.40656
6/11/2026 12:18,33301.27,35370.074,22.568426,30.028885,1.0148196,22.990547,6.1869545,80.103294,124.94053,7.2682137,-26.111603,178.80917,0.03586114,21.937681,0.018,79,764.40656
6/11/2026 12:48,32863.953,34393.67,21.896166,30.428476,1.0141183,22.355888,6.3827786,83.42413,129.96268,7.241436,-24.585724,175.88615,0.032072395,22.671375,0.027,79,764.40656
6/11/2026 13:18,32628.836,33635.97,21.377605,30.647738,1.0135224,21.86338,6.491613,85.762085,133.43015,7.2344494,-24.232864,180.57823,0.1058991,23.432348,0.045,79,764.40656
6/11/2026 13:48,32536.555,33008.645,20.950401,30.734661,1.0129752,21.455618,6.973548,93.25655,144.87701,7.245305,-24.94812,186.0714,0.03058529,24.251205,0.054,79,764.40656
6/11/2026 14:18,31935.371,32019.05,20.266586,31.313242,1.0122895,20.812384,6.9890456,94.11289,146.04053,7.2341695,-24.333,194.31114,0.03303923,24.86317,0.072,79,764.40656
6/11/2026 14:48,31415.387,31028.75,19.585316,31.831535,1.0115527,20.168688,7.4458055,101.269,156.90488,7.2503395,-25.367737,192.41333,0.031396218,25.652388,0.09,79,764.40656
6/11/2026 15:18,31469.432,30952.465,19.534409,31.776869,1.0114502,20.119102,7.60028,103.74125,160.6643,7.2883782,-27.67086,172.52922,0.030184517,25.874449,0.099,79,764.40656
6/11/2026 15:48,32360.992,31856.773,20.163973,30.901402,1.0119352,20.706903,7.6779485,105.09143,162.77025,7.2939286,-27.999878,175.68112,0.03437268,25.828676,0.108,79,764.40656
6/11/2026 16:18,39029.9,42644.855,27.722778,25.621384,1.0190796,27.719156,9.455274,123.017685,192.28775,7.930192,-65.03582,164.95705,0.03447902,20.561838,0.045,79,764.40656
6/11/2026 16:48,37882.316,43885.223,28.504644,26.397541,1.0203443,28.525396,9.269015,115.095436,180.58762,7.9407563,-65.050125,161.86714,0.083303,17.838402,0,79,764.40656
6/11/2026 17:18,37008.21,43402.438,28.128994,27.02103,1.0201848,28.211586,8.900955,109.10524,171.30869,7.9327335,-64.45885,153.24115,0.2744001,17.286694,0,79,764.40656
6/11/2026 17:48,36987.855,43704.527,28.328915,27.0359,1.0204135,28.407942,8.819387,107.53639,168.91493,7.9267993,-64.03923,160.40326,0.08611026,16.953733,0,79,764.40656
6/11/2026 18:18,37198.383,43795.727,28.40307,26.882889,1.0204341,28.467222,8.860882,108.42723,170.28082,7.9267683,-64.07261,153.58925,0.08896758,17.11314,0,79,764.40656
6/11/2026 18:48,36899.82,43904.805,28.45626,27.100403,1.02058,28.538122,8.824851,107.04069,168.19902,7.924605,-63.843727,133.1377,0.25273684,16.64663,0,79,764.40656
6/11/2026 19:18,36807.453,43944.76,28.47659,27.168411,1.0206289,28.564095,8.674205,104.91672,164.89114,7.912631,-63.114166,133.49057,0.19646567,16.496572,0,79,764.40656
6/11/2026 19:48,36837.78,43913.785,28.458086,27.146044,1.0205998,28.54396,8.661534,104.88977,164.83559,7.9098387,-62.966347,145.1397,0.32823396,16.563665,0,79,764.40656
6/11/2026 20:18,36808.785,43961.27,28.487621,27.167427,1.0206406,28.574825,8.580145,103.755615,163.06923,7.9058,-62.713623,140.75279,0.27328414,16.481691,0,79,764.40656
6/11/2026 20:48,36824.367,43924.56,28.464325,27.155931,1.0206106,28.550964,8.471537,102.53894,161.14638,7.8918247,-61.912537,157.5756,0.30663967,16.536905,0,79,764.40656
6/11/2026 21:18,36870.188,43966.926,28.495512,27.122183,1.0206318,28.5785,8.351267,101.126724,158.92465,7.878911,-61.163902,165.44342,0.61664504,16.54917,0,79,764.40656
6/11/2026 21:48,36996.45,43878.055,28.444872,27.029621,1.0205394,28.520735,7.877627,95.81122,150.52765,7.809661,-57.182312,171.8378,0.04072444,16.788754,0,79,764.40656
6/11/2026 22:18,37208.15,43737.12,28.364616,26.875834,1.0203885,28.429129,7.287793,89.28107,140.20013,7.7143545,-51.703453,169.3201,0.07127888,17.184422,0,79,764.40656
6/11/2026 22:48,37458.184,43536.273,28.245708,26.696436,1.0201811,28.298578,6.6196465,81.836334,128.42761,7.5899425,-44.527054,176.0149,0.036290936,17.690586,0,79,764.40656
6/11/2026 23:18,37380.34,42904.93,27.817947,26.752031,1.0197212,27.888205,6.1049285,76.105736,119.346466,7.48465,-38.45215,156.86035,0.04008973,18.258451,0,79,764.40656
6/11/2026 23:48,36443.066,41140.535,26.583023,27.440062,1.0185974,26.741348,5.767732,72.41951,113.44907,7.3902874,-33.016205,138.7453,0.03514609,19.021936,0,79,764.40656
6/12/2026 0:18,34328.855,37894.793,24.305212,29.130013,1.016609,24.631617,5.431354,68.62854,107.350174,7.2809753,-26.698112,136.94763,0.064657934,20.073244,0,79,764.40656
6/12/2026 0:48,32802.473,35678.555,22.758234,30.485506,1.0152601,23.191061,5.018163,63.66744,99.48528,7.1892486,-21.348,135.98442,0.038153037,20.779528,0,79,764.40656
6/12/2026 1:18,32089.68,34775.85,22.127748,31.162666,1.0147384,22.604303,4.576654,58.0417,90.67023,7.131549,-17.952919,129.61865,0.8633315,20.95589,0,79,764.40656
6/12/2026 1:48,31250.719,33776.49,21.430347,31.999264,1.0141782,21.954718,4.11794,52.13607,81.42854,7.0787196,-14.839172,135.95105,0.09562722,21.084875,0,79,764.40656
6/12/2026 2:18,30673.303,33112.81,20.967941,32.601643,1.0138139,21.523325,3.7307105,47.15643,73.64452,7.0386515,-12.47406,128.89862,0.7934585,21.1428,0.009,79,764.40656
6/12/2026 2:48,30299.719,32733.06,20.702415,33.003605,1.0136219,21.27649,3.4705863,43.771923,68.36261,7.0212474,-11.444092,145.24936,0.31632552,21.107908,0.009,79,764.40656
6/12/2026 3:18,30397.709,32879.875,20.803411,32.897217,1.0137135,21.37192,3.0875702,38.92054,60.791424,7.00337,-10.385513,136.00827,0.9229749,21.04754,0,79,764.40656
6/12/2026 3:48,29492.834,31854.617,20.091717,33.90654,1.0131576,20.705502,2.87268,36.10865,56.39327,6.97548,-8.821487,139.17923,0.92733,21.118189,0.009,79,764.40656
6/12/2026 4:18,29392.246,31766.172,20.02969,34.02258,1.0131184,20.648012,2.5343106,31.825548,49.70644,6.9610777,-8.020401,136.05118,0.57188785,21.08737,0.009,79,764.40656
6/12/2026 4:48,29259.596,31619.328,19.927929,34.176823,1.0130402,20.552563,1.8448638,23.156107,36.165855,6.949574,-7.381439,133.45242,1.1618849,21.092701,0.009,79,764.40656
6/12/2026 5:18,34086.508,39245.348,25.194733,29.33712,1.0177537,25.509476,5.6335554,68.94753,108.14119,7.393257,-33.08773,137.77733,0.37997672,18.11775,0,79,764.40656
6/12/2026 5:48,36682.645,43631.168,28.26028,27.260849,1.0204266,28.36026,7.496794,90.85134,142.75716,7.765848,-54.60739,145.04433,0.03633614,16.661991,0,79,764.40656
6/12/2026 6:18,36770.25,43870.027,28.424536,27.195898,1.0205823,28.515518,7.651496,92.57267,145.4855,7.798745,-56.495667,145.8168,0.040388048,16.526876,0,79,764.40656
6/12/2026 6:48,36688.97,43840.594,28.399555,27.25615,1.020578,28.496386,7.8924875,95.34673,149.85728,7.8256183,-58.045387,162.24861,0.037506226,16.45927,0,79,764.40656
6/12/2026 7:18,36757.17,43909.223,28.44963,27.205576,1.0206137,28.540995,7.9862146,96.53296,151.71935,7.8331165,-58.484077,163.51224,0.049149342,16.472115,0,79,764.40656
6/12/2026 7:48,36743.61,43891.98,28.437294,27.215616,1.020604,28.529789,8.066871,97.502396,153.24281,7.843279,-59.075356,166.8644,0.036336888,16.47315,0,79,764.40656
6/12/2026 8:18,36799.41,43926.27,28.463781,27.174349,1.0206171,28.552076,8.146729,98.54619,154.87732,7.8521824,-59.599876,170.44067,0.03762184,16.505447,0,79,764.40656
6/12/2026 8:48,36905.05,43912.062,28.46143,27.096561,1.0205841,28.542841,8.196379,99.418785,156.2225,7.8545547,-59.76677,180.33981,0.037024453,16.645592,0,79,764.40656
6/12/2026 9:18,37024.145,43924.043,28.47725,27.009401,1.0205672,28.550629,8.122579,98.78436,155.2012,7.84484,-59.227943,175.85278,0.037375174,16.775545,0,79,764.40656
6/12/2026 9:48,37143.617,43884.52,28.45872,26.922525,1.0205119,28.524939,8.242054,100.58399,157.9935,7.8496847,-59.547424,184.82208,0.037135225,16.95783,0,79,764.40656
6/12/2026 10:18,37814.695,43907.9,28.515852,26.444746,1.0203773,28.540134,8.345981,103.43362,162.31161,7.8439355,-59.370995,186.02371,0.032175995,17.73443,0,79,764.40656
6/12/2026 10:48,38793.582,43893.4,28.560797,25.77746,1.0201292,28.530708,8.4394,107.007744,167.65756,7.811529,-57.7116,188.84183,0.024145233,18.916945,0,79,764.40656
6/12/2026 11:18,39273.727,43747.45,28.4859,25.462315,1.0198919,28.435843,8.252632,106.036125,165.96619,7.766423,-55.203438,180.76419,0.03249976,19.645943,0,79,764.40656
6/12/2026 11:48,38772.676,42490.65,27.606358,25.791359,1.019028,27.618921,7.7198358,100.10493,156.50648,7.6635776,-49.28589,184.58366,0.028615445,20.418797,0,79,764.40656
6/12/2026 12:18,37022.113,39696.87,25.630838,27.010883,1.0172572,25.802965,7.0749283,92.45997,144.32103,7.497147,-39.61563,179.26216,0.0343306,21.472271,0.009,79,764.40656
6/12/2026 12:48,34651.41,36496.535,23.373457,28.858854,1.015318,23.722748,6.8393784,89.64145,139.7226,7.3783193,-32.68242,190.94943,0.029785495,22.353083,0.018,79,764.40656
6/12/2026 13:18,32871.586,34113.418,21.706982,30.42141,1.0138624,22.173721,6.9232755,91.082825,141.79164,7.315867,-29.04892,185.4372,0.13843231,23.094084,0.018,79,764.40656
6/12/2026 13:48,31588.723,32436.607,20.541454,31.656868,1.0128387,21.083796,7.1221075,93.97523,146.1569,7.2897806,-27.546883,201.60199,0.031198928,23.631428,0.027,79,764.40656
6/12/2026 14:18,31607.781,32197.871,20.38073,31.63778,1.0126054,20.928616,7.163407,95.12625,147.8385,7.287946,-27.475357,201.81656,0.03911021,24.040472,0.045,79,764.40656
6/12/2026 14:48,31450.596,31753.305,20.076817,31.7959,1.012249,20.639647,7.5726404,101.21109,157.16211,7.3176274,-29.292107,209.25046,0.033833344,24.500881,0.054,79,764.40656
6/12/2026 15:18,30508.371,30371.045,19.124453,32.77789,1.0113264,19.741179,7.4995136,100.994995,156.60771,7.312838,-29.07753,180.48286,0.081544295,25.236734,0.063,79,764.40656
6/12/2026 15:48,30229.898,29898.406,18.800442,33.079834,1.0109853,19.433964,7.879498,106.55804,165.1231,7.3467755,-31.147003,185.88066,0.032200664,25.580484,0.072,79,764.40656
6/12/2026 16:18,30357.07,29927.424,18.822098,32.941254,1.0109522,19.452826,7.440544,100.93616,156.35837,7.356964,-31.776428,167.68933,0.02946018,25.751637,0.081,79,764.40656
6/12/2026 16:48,27659.084,26846.998,16.709715,36.154488,1.0091294,17.45055,7.7049427,104.792336,162.05736,7.322144,-29.768944,178.52307,0.035258308,26.583698,0.081,79,764.40656
6/12/2026 17:18,39468.457,43603.164,28.396748,25.336689,1.019726,28.342056,8.636436,111.71684,174.75946,7.896781,-62.95204,147.62878,0.58526045,20.035295,0.009,79,764.40656
6/12/2026 17:48,38753.28,43826.11,28.513132,25.804266,1.0200874,28.486973,8.824207,111.90368,175.32292,7.91648,-63.872337,156.92233,0.5480205,18.939842,0,79,764.40656
6/12/2026 18:18,38433.695,43893.41,28.54149,26.018835,1.0202184,28.530716,8.804852,110.723206,173.5796,7.91597,-63.74359,160.63214,0.5757578,18.487656,0,79,764.40656
6/12/2026 18:48,38055.62,43896.09,28.522028,26.277327,1.0203116,28.53246,8.631148,107.589485,168.7679,7.9039664,-62.942505,168.18047,0.52896833,18.03392,0,79,764.40656
6/12/2026 19:18,38029.914,43890.66,28.516901,26.29509,1.0203136,28.528929,8.56817,106.74998,167.45645,7.899574,-62.680244,164.09396,0.54953915,18.008867,0,79,764.40656
6/12/2026 19:48,37631.55,43882.21,28.48766,26.573446,1.0204004,28.523438,8.5003605,104.93916,164.71446,7.8950863,-62.31785,165.37189,0.5723003,17.542313,0,79,764.40656
6/12/2026 20:18,37486.383,43912.984,28.499346,26.676353,1.0204564,28.54344,8.437485,103.7586,162.9034,7.894285,-62.22725,151.11923,0.56588864,17.337772,0,79,764.40656
6/12/2026 20:48,37389.383,43870.9,28.465206,26.74556,1.020447,28.516083,8.375906,102.834366,161.46703,7.891119,-62.026978,122.885704,0.66113085,17.264887,0,79,764.40656
6/12/2026 21:18,37421.824,43878.59,28.472364,26.722374,1.0204453,28.521084,8.332617,102.36871,160.72968,7.886346,-61.75518,124.65477,0.7007834,17.295774,0,79,764.40656
6/12/2026 21:48,37522.305,43836.707,28.450573,26.650814,1.0203913,28.49386,8.14637,100.38359,157.58067,7.8650002,-60.544014,151.72482,0.67903155,17.458447,0,79,764.40656
6/12/2026 22:18,37550.098,43870.594,28.474928,26.631088,1.0204103,28.515886,7.9820457,98.37042,154.42068,7.8475204,-59.523582,164.23703,0.6568355,17.456999,0,79,764.40656
6/12/2026 22:48,37654.926,43848.707,28.46665,26.55695,1.0203699,28.50166,7.631489,94.31409,148.02548,7.801679,-56.877136,176.09119,0.29667237,17.604528,0,79,764.40656
6/12/2026 23:18,37998.06,43889.926,28.514565,26.317135,1.0203207,28.528452,7.0233874,87.43992,137.1718,7.715953,-51.937103,173.64502,0.080152035,17.971626,0,79,764.40656
6/12/2026 23:48,38291.723,43796.793,28.468508,26.115305,1.0201792,28.467915,6.3744707,80.02094,125.45945,7.604651,-45.4998,158.41006,0.040277403,18.419071,0,79,764.40656
6/13/2026 0:18,38370.76,43331.03,28.158195,26.06151,1.0198005,28.16517,5.7284822,72.58347,113.70833,7.4683385,-37.59384,130.16223,0.03613908,19.006603,0,79,764.40656
6/13/2026 0:48,37231.25,41317.785,26.740398,26.859158,1.0185207,26.85656,5.5096292,70.29477,109.99662,7.370597,-31.94809,131.54984,0.038358927,19.821728,0,79,764.40656
6/13/2026 1:18,35744.42,39044.52,25.13845,27.976393,1.0171154,25.378939,5.204801,66.71099,104.27329,7.2750278,-26.392937,125.83256,0.43074313,20.574795,0,79,764.40656
6/13/2026 1:48,34940.656,37945.64,24.364307,28.619955,1.0164578,24.664667,4.891759,62.737988,98.02186,7.214516,-22.845268,135.51236,0.16096248,20.85383,0.009,79,764.40656
6/13/2026 2:18,34494.7,37417.812,23.991125,28.989962,1.0161608,24.321579,4.4851193,57.456646,89.762596,7.1561437,-19.402504,126.748085,1.0259565,20.909897,0,79,764.40656
6/13/2026 2:48,34124.496,37014.645,23.705425,29.304462,1.0159439,24.059519,4.1174083,52.659725,82.26827,7.1131845,-16.86573,129.05597,0.9171619,20.911976,0.009,79,764.40656
6/13/2026 3:18,33852.918,36743.773,23.512869,29.53955,1.0158061,23.883451,3.824062,48.824585,76.28042,7.0718684,-14.424324,113.62553,1.3593897,20.880836,0,79,764.40656
6/13/2026 3:48,33431.004,36314.56,23.208477,29.912354,1.0155852,23.604464,3.4880586,44.423714,69.408806,7.0488014,-13.06057,125.17452,0.9494957,20.842676,0,79,764.40656
6/13/2026 4:18,33289.055,36268.117,23.17189,30.039904,1.0155935,23.574276,3.2089097,40.75102,63.684322,7.0235367,-11.563301,110.52132,1.1790682,20.699478,0.009,79,764.40656
6/13/2026 4:48,32661.137,35658.61,22.739483,30.617428,1.0152912,23.178097,2.9895792,37.798405,59.079033,7.0164905,-11.143684,113.22498,0.7837907,20.598936,0,79,764.40656
6/13/2026 5:18,32385.867,35376.164,22.540056,30.877666,1.0151463,22.994507,2.884432,36.409542,56.91033,6.9784393,-8.969307,113.96408,0.65096796,20.574417,0,79,764.40656
6/13/2026 5:48,31902.229,34902.773,22.205452,31.345772,1.0149115,22.686804,2.590879,32.593754,50.951775,6.9836407,-9.255409,128.74603,0.29565164,20.499022,0,79,764.40656
6/13/2026 6:18,29525.39,32442.385,20.481735,33.869152,1.0136566,21.08755,2.2353747,27.729776,43.36153,6.95183,-7.4863434,110.59761,0.6402181,20.29251,0,78,764.40656
6/13/2026 6:48,36991.277,43555.562,28.229975,27.0334,1.0203025,28.311117,7.460011,91.18331,143.20058,7.761539,-54.4405,137.09068,0.4194544,17.10939,0,78,764.40656
6/13/2026 7:18,37167.324,43774.613,28.38703,26.905354,1.0204254,28.453499,7.7661114,94.99292,149.18564,7.8118887,-57.373047,146.57498,0.31872892,17.097445,0,78,764.40656
6/13/2026 7:48,37197.766,43766.758,28.38372,26.883335,1.0204128,28.448393,7.7304587,94.63675,148.61809,7.8137016,-57.487488,145.57838,0.16514985,17.141838,0,78,764.40656
6/13/2026 8:18,37290.473,43831.445,28.432693,26.816502,1.02044,28.490438,8.042352,98.570305,154.78676,7.8454432,-59.347153,140.58113,0.120838255,17.186903,0,78,764.40656
6/13/2026 8:48,37316.92,43806.953,28.418013,26.797495,1.0204158,28.47452,8.149855,99.98893,157.0034,7.8575916,-60.067177,147.02797,0.080778696,17.243418,0,78,764.40656
6/13/2026 9:18,37391.37,43846.918,28.449324,26.744139,1.0204288,28.500498,8.22983,101.083755,158.713,7.864615,-60.486794,143.91899,0.06354393,17.291664,0,78,764.40656
6/13/2026 9:48,37329.92,43759.46,28.387127,26.788162,1.0203775,28.44365,8.280336,101.6972,159.67299,7.872325,-60.93979,144.34814,0.12520728,17.307375,0,78,764.40656
6/13/2026 10:18,37525.09,43835.844,28.450165,26.648836,1.02039,28.493298,8.309174,102.39786,160.74173,7.87193,-60.949326,139.75143,0.18312268,17.46265,0,78,764.40656
6/13/2026 10:48,37839.67,43797.043,28.442976,26.42729,1.0202879,28.468077,8.410434,104.47607,163.9171,7.8750067,-61.216354,157.45639,0.12595603,17.878418,0,78,764.40656
6/13/2026 11:18,38737.008,43840.184,28.521797,25.815107,1.0201023,28.49612,8.542424,108.26564,169.63107,7.8662014,-60.915947,160.08853,0.04198923,18.905546,0,78,764.40656
6/13/2026 11:48,39803.85,43807.844,28.55195,25.123198,1.0197984,28.4751,8.661207,112.51391,175.96013,7.8388233,-59.576035,166.84055,0.02708781,20.214714,0,78,764.40656
6/13/2026 12:18,40393.266,43744.55,28.534164,24.756601,1.0195844,28.433958,8.475638,111.67238,174.4409,7.794265,-57.10125,174.27444,0.029377941,20.988987,0,78,764.40656
6/13/2026 12:48,40249.773,42918.56,27.959717,24.84486,1.0189488,27.897064,8.107039,107.93197,168.39851,7.7124786,-52.404404,179.74854,0.029024813,21.744368,0,78,764.40656
6/13/2026 13:18,38637.617,40572.848,26.287125,25.881514,1.0174788,26.37235,7.67689,102.61093,159.89812,7.5711894,-44.150352,171.8235,0.33807522,22.502739,0.018,78,764.40656
6/13/2026 13:48,36592.76,37875.94,24.372265,27.327808,1.0158354,24.619362,7.3945947,99.025475,154.12097,7.4443946,-36.711693,168.52856,0.029152576,23.226257,0.018,78,764.40656
6/13/2026 14:18,35381.47,36151.207,23.15873,28.263384,1.0147384,23.498283,7.419859,99.83781,155.2044,7.379076,-32.896996,175.82893,0.033049237,23.88523,0.036,78,764.40656
6/13/2026 14:48,34779.957,35178.887,22.479181,28.752192,1.0140809,22.866276,7.4708896,101.061806,156.95786,7.35066,-31.256676,177.84119,0.03179342,24.40628,0.045,78,764.40656
6/13/2026 15:18,34366.367,34440.652,21.96522,29.098217,1.0135581,22.386425,7.4983993,101.99654,158.26685,7.329899,-30.064583,146.12198,0.039208952,24.887072,0.054,78,764.40656
6/13/2026 15:48,34058.89,33806.727,21.5254,29.360909,1.0130833,21.974373,7.536187,103.159225,159.91586,7.3430495,-30.903816,145.0634,0.031118413,25.390526,0.063,78,764.40656
6/13/2026 16:18,33614.87,33070.625,21.013721,29.748737,1.0125624,21.495907,7.5297365,103.6186,160.47849,7.3301673,-30.179024,141.36792,0.033298526,25.861626,0.072,78,764.40656
6/13/2026 16:48,33792.02,33005.234,20.971851,29.592787,1.0124173,21.453403,7.307218,101.20762,156.62204,7.340701,-30.851364,128.70789,0.029546881,26.248072,0.072,78,764.40656
6/13/2026 17:18,33502.605,32475.752,20.604568,29.848425,1.0120214,21.10924,7.4863024,104.20248,161.12102,7.344439,-31.118393,162.6253,0.030220088,26.65545,0.081,78,764.40656
6/13/2026 17:48,31118.89,30303.156,19.088135,32.134823,1.0109595,19.697052,7.400224,101.69653,157.32652,7.348034,-31.309128,176.33438,0.031593893,26.40938,0.09,78,764.40656
6/13/2026 18:18,39207.273,43545.105,28.344927,25.505472,1.0197499,28.30432,8.612405,110.85291,173.47096,7.92023,-64.27765,151.69144,0.4084371,19.784452,0.009,78,764.40656
6/13/2026 18:48,38714.836,43772.926,28.475111,25.829891,1.0200558,28.452402,8.703265,110.36631,172.91183,7.924814,-64.36348,161.2091,0.3713259,18.950106,0,78,764.40656
6/13/2026 19:18,38696.348,43766.25,28.46962,25.842232,1.0200554,28.448061,8.770741,111.18684,174.20094,7.929179,-64.6162,155.6015,0.43217507,18.935053,0,78,764.40656
6/13/2026 19:48,38671.2,43785.59,28.481388,25.859037,1.0200766,28.460634,8.740135,110.70088,173.45157,7.9269304,-64.47315,168.83374,0.2496127,18.884539,0,78,764.40656
6/13/2026 20:18,38414.926,43895.254,28.541702,26.031548,1.0202245,28.531916,8.611384,108.24048,169.69296,7.92803,-64.44454,171.69952,0.36651832,18.46334,0,78,764.40656
6/13/2026 20:48,38211.336,43860.54,28.506975,26.170244,1.0202473,28.509352,8.484316,106.20137,166.54184,7.906159,-63.118935,173.00128,0.62960905,18.256588,0,78,764.40656
6/13/2026 21:18,37949.062,43843.39,28.480461,26.351112,1.020297,28.498205,8.284697,103.10118,161.74266,7.889472,-62.07943,146.65128,0.5503094,17.96123,0,78,764.40656
6/13/2026 21:48,37844.39,43800.785,28.445766,26.423996,1.0202895,28.47051,8.202413,101.897224,159.87068,7.8840566,-61.745644,137.4483,0.48884162,17.880194,0,78,764.40656
6/13/2026 22:18,37832.457,43858.395,28.483713,26.432331,1.0203358,28.507956,8.14313,101.04036,158.54137,7.879183,-61.445236,146.49869,0.5676076,17.806528,0,78,764.40656
6/13/2026 22:48,37816.3,43852.69,28.478935,26.443623,1.0203353,28.50425,8.043057,99.77022,156.5511,7.866337,-60.691833,173.16342,0.5880555,17.79311,0,78,764.40656
6/13/2026 23:18,37836.64,43826.57,28.462614,26.429407,1.0203109,28.48727,7.8541856,97.5137,153.00026,7.8469787,-59.571266,175.75264,0.5881639,17.844322,0,78,764.40656
6/13/2026 23:48,37867.09,43802.504,28.448242,26.408155,1.0202855,28.471628,7.5255637,93.53568,146.74712,7.8079324,-57.30152,185.19879,0.23695654,17.905548,0,78,764.40656
6/14/2026 0:18,38122.66,43857.844,28.500154,26.231117,1.0202667,28.507599,6.9386516,86.679115,135.94604,7.729907,-52.785873,177.89365,0.07186322,18.153528,0,78,764.40656
6/14/2026 0:48,38292.582,43809.03,28.476807,26.11472,1.0201883,28.47587,6.389436,80.19494,125.734215,7.634733,-47.25933,171.86165,0.047464516,18.40731,0,78,764.40656
6/14/2026 1:18,38337.92,43466.066,28.24778,26.083834,1.0199134,28.252943,5.7755976,72.96564,114.33573,7.5021653,-39.553642,151.43872,0.03772221,18.823013,0,78,764.40656
6/14/2026 1:48,37293.957,41731.836,27.023325,26.813995,1.0188324,27.125692,5.4488792,69.129295,108.2329,7.391527,-33.135414,154.9101,0.036000893,19.432318,0,78,764.40656
6/14/2026 2:18,36077.08,39936.113,25.754663,27.718431,1.0177422,25.958473,5.1026444,64.868324,101.48793,7.2925224,-27.365685,149.93192,0.07045077,19.940825,0,78,764.40656
6/14/2026 2:48,35423.65,39082.195,25.150415,28.229729,1.017244,25.403427,4.81454,61.168358,95.677246,7.232759,-23.860931,148.01501,0.040308263,20.09887,0,78,764.40656
6/14/2026 3:18,34927.582,38555.383,24.774517,28.630669,1.016965,25.060999,4.498212,56.995895,89.1541,7.179349,-20.713806,137.72011,0.51609296,20.073654,0,78,764.40656
6/14/2026 3:48,34599.703,38232.816,24.54369,28.901981,1.016802,24.851332,4.190991,52.98225,82.88179,7.143286,-18.587112,148.52048,0.16171025,20.024813,0,78,764.40656
6/14/2026 4:18,34275.297,37915.062,24.316513,29.175531,1.0166421,24.64479,3.8986864,49.1739,76.92995,7.107213,-16.460419,141.7923,0.3776823,19.973934,0,78,764.40656
6/14/2026 4:48,33980.45,37631.33,24.113667,29.428686,1.0165013,24.460365,3.6259036,45.63271,71.39546,7.082877,-15.025139,142.0021,0.28598046,19.920574,0,78,764.40656
6/14/2026 5:18,33710.543,37396.38,23.94475,29.66431,1.016393,24.307646,3.2992811,41.41766,64.80831,7.0435615,-12.70771,108.742714,0.29218912,19.83972,0,78,764.40656
6/14/2026 5:48,33437.14,37136.977,23.759487,29.906864,1.016266,24.139034,3.0818243,38.604813,60.411747,7.0310388,-11.968613,122.36118,0.051452696,19.783937,0,78,764.40656
6/14/2026 6:18,33085.547,36777.7,23.504364,30.224678,1.0160819,23.905504,2.956805,36.954937,57.83322,7.002436,-10.271072,125.107765,0.03724788,19.743925,0,78,764.40656
6/14/2026 6:48,32981.543,36711.008,23.455362,30.319988,1.0160601,23.862156,2.5684197,32.05339,50.166973,7.0077577,-10.595322,136.06071,0.03537398,19.68116,0,78,764.40656
6/14/2026 7:18,34676.09,39199.887,25.194876,28.838314,1.0175563,25.479927,5.090167,63.308926,99.18558,7.2508426,-24.82891,120.12482,0.12502679,18.95794,0,78,764.40656
6/14/2026 7:48,37607.42,43645.46,28.327684,26.590496,1.0202283,28.36955,7.6567407,94.825424,148.79906,7.7912927,-56.300163,155.63011,0.035617966,17.756918,0,78,764.40656
6/14/2026 8:18,37726.766,43832.406,28.46003,26.50638,1.0203409,28.491064,7.707596,95.43968,149.77252,7.8186426,-57.88803,154.29974,0.032660544,17.70706,0,78,764.40656
6/14/2026 8:48,37738.13,43775.926,28.422848,26.4984,1.0202959,28.454353,8.085576,100.236015,157.28488,7.8501463,-59.742928,157.06062,0.035115387,17.778791,0,78,764.40656
6/14/2026 9:18,37911.64,43823.348,28.464834,26.377123,1.0202906,28.485178,8.270343,102.865425,161.37784,7.8671274,-60.768127,153.38422,0.030396357,17.937248,0,78,764.40656
6/14/2026 9:48,37935.78,43785.68,28.440928,26.360338,1.0202565,28.460693,8.3344755,103.7834,162.80363,7.871697,-61.04946,149.37401,0.03075115,18.005075,0,78,764.40656
6/14/2026 10:18,38028.203,43813.605,28.46501,26.296272,1.0202557,28.478844,8.2652,103.09665,161.70917,7.873932,-61.19728,144.4149,0.0355816,18.086607,0,78,764.40656
6/14/2026 10:48,38186.24,43809.234,28.471025,26.187445,1.0202144,28.476004,8.295149,103.85753,162.86127,7.871934,-61.120987,149.02591,0.03249514,18.280006,0,78,764.40656
6/14/2026 11:18,38268.51,43831.05,28.490307,26.131144,1.0202111,28.490183,8.404216,105.3872,165.24344,7.877202,-61.445236,145.54501,0.03428229,18.355566,0,78,764.40656
6/14/2026 11:48,38898.344,43911.383,28.578442,25.708035,1.0201168,28.5424,8.496381,107.95745,169.12096,7.874724,-61.440468,166.97884,0.033844482,19.0229,0,78,764.40656
6/14/2026 12:18,39903.586,43862.53,28.593874,25.060404,1.019815,28.510647,8.630025,112.26049,175.54832,7.8607087,-60.8778,166.95976,0.028735487,20.274448,0,78,764.40656
6/14/2026 12:48,41127.37,43867.043,28.647852,24.314707,1.019474,28.513578,8.823869,117.91761,183.98256,7.8458652,-60.300827,173.00128,0.026025333,21.730158,0,78,764.40656
6/14/2026 13:18,41735.164,43803.293,28.625734,23.96061,1.0192403,28.47214,8.532086,115.65139,180.21138,7.7944527,-57.411194,175.18521,0.02885241,22.528065,0.018,78,764.40656
6/14/2026 13:48,41491.51,43120.92,28.143087,24.101315,1.0187387,28.028599,8.114804,110.65745,172.28558,7.707059,-52.309036,182.5428,0.025844686,23.021624,0.027,78,764.40656
6/14/2026 14:18,39818.57,40901.773,26.55067,25.11391,1.0173706,26.586153,7.5936933,103.68699,161.26645,7.543203,-42.648315,185.67563,0.035748053,23.613451,0.027,78,764.40656
6/14/2026 14:48,37596.426,38213.586,24.631403,26.598272,1.0157715,24.83883,7.2236342,98.4895,153.03368,7.392553,-33.73146,186.42902,0.027558245,24.154438,0.036,78,764.40656
6/14/2026 15:18,36187.473,36548.453,23.450638,27.633873,1.0147897,23.756495,7.0551877,96.099396,149.2296,7.315184,-29.144287,177.51694,0.037311453,24.482891,0.045,78,764.40656
6/14/2026 15:48,35303.46,35471.992,22.691605,28.325834,1.0141426,23.056795,7.0050726,95.453316,148.15189,7.278718,-26.988983,195.06454,0.029434307,24.751253,0.045,78,764.40656
6/14/2026 16:18,34835.504,34815.3,22.231441,28.706345,1.013717,22.629946,6.96406,95.11045,147.54143,7.255203,-25.606155,175.5333,0.034767583,25.030384,0.054,78,764.40656
6/14/2026 16:48,34609.508,34473.195,21.99243,28.893795,1.0134866,22.407578,6.8099775,93.16719,144.47784,7.234178,-24.36161,171.24176,0.029170688,25.207022,0.054,78,764.40656
6/14/2026 17:18,34514.38,34298.004,21.870514,28.973433,1.0133597,22.293703,6.8706093,94.13408,145.94235,7.242602,-24.876595,155.73978,0.084355675,25.330297,0.054,78,764.40656
6/14/2026 17:48,33680.02,33577.5,21.36143,29.691195,1.0130266,21.825377,6.4929295,88.438614,137.15755,7.2210298,-23.57006,156.59808,0.030478235,25.159853,0.054,78,764.40656
6/14/2026 18:18,33382.33,33360.586,21.207535,29.955969,1.0129471,21.684381,6.0405293,82.02358,127.23933,7.2050304,-22.602081,132.30324,0.031334024,25.034124,0.054,78,764.40656
6/14/2026 18:48,33433.633,33947.277,21.608295,29.910002,1.0134819,22.06573,5.2351565,70.21911,109.096306,7.204083,-22.482872,168.25676,0.036465324,24.20782,0.045,78,764.40656
6/14/2026 19:18,39903.47,43300.836,28.208958,25.060478,1.019363,28.145544,7.9293523,104.09081,162.62202,7.86516,-61.268806,146.50821,1.259795,20.892166,0.009,78,764.40656
6/14/2026 19:48,39541.48,43816.883,28.545992,25.289898,1.019876,28.480974,8.5028,109.790985,171.78271,7.9026537,-63.266754,156.703,0.7283422,19.8914,0,78,764.40656
6/14/2026 20:18,39302.63,43796.496,28.520685,25.44359,1.019923,28.467722,8.47183,108.83841,170.35667,7.905811,-63.3955,144.9585,0.78730494,19.62786,0,78,764.40656
6/14/2026 20:48,39213.67,43786.336,28.509434,25.50131,1.0199383,28.461119,8.348394,107.05394,167.58627,7.8988614,-62.966347,150.671,1.089029,19.532393,0,78,764.40656
6/14/2026 21:18,39120.22,43815.293,28.52451,25.56223,1.0199853,28.47994,8.292332,106.06057,166.06465,7.8960557,-62.770844,143.21805,1.3388813,19.389736,0,78,764.40656
6/14/2026 21:48,38967.684,43704.33,28.441528,25.66229,1.0199379,28.407814,8.180086,104.4479,163.55429,7.8837066,-62.031746,138.23032,1.0372794,19.32569,0,78,764.40656
6/14/2026 22:18,39023.934,43891.53,28.571432,25.6253,1.0200694,28.529495,8.199432,104.51603,163.6911,7.881665,-61.883926,147.11856,1.1078029,19.193686,0,78,764.40656
6/14/2026 22:48,38690.26,43856.027,28.53006,25.846296,1.0201262,28.506418,8.184654,103.594124,162.32777,7.88435,-61.96499,150.3563,0.9698629,18.833027,0,78,764.40656
6/14/2026 23:18,38528.03,43847.52,28.515638,25.955128,1.0201601,28.500889,8.116416,102.36248,160.438,7.8776956,-61.535835,154.72412,1.0703998,18.64828,0,78,764.40656
6/14/2026 23:48,38541.99,43831.812,28.505785,25.94573,1.0201446,28.490679,7.5184584,94.87527,148.69624,7.8637447,-60.725212,177.79828,1.3778173,18.681435,0,78,764.40656
6/15/2026 0:18,38665.527,43858.566,28.530468,25.862831,1.0201344,28.508068,7.7955527,98.60943,154.52373,7.8420935,-59.480667,183.22945,1.0619254,18.800825,0,78,764.40656
6/15/2026 0:48,38777.54,43822.574,28.511993,25.788124,1.0200784,28.484673,7.372184,93.547066,146.55646,7.7954917,-56.78177,187.88815,0.4527823,18.97256,0,78,764.40656
6/15/2026 1:18,38978.918,43793.887,28.502886,25.654894,1.0200049,28.466026,6.793421,86.64001,135.68456,7.7190723,-52.347183,179.25262,0.17436288,19.243656,0,78,764.40656
6/15/2026 1:48,38956.164,43589.555,28.362997,25.669878,1.0198511,28.33321,6.274923,80.24843,125.64124,7.627192,-46.982765,185.55164,0.16917516,19.43477,0,78,764.40656
6/15/2026 2:18,38714.22,43090.707,28.012291,25.830303,1.0195225,28.00896,5.5999036,71.79929,112.37334,7.485833,-38.70964,175.5476,0.20614097,19.682486,0,78,764.40656
6/15/2026 2:48,37691.836,41629.22,26.972385,26.530945,1.0186403,27.058992,5.1256976,65.76365,102.87265,7.3671002,-31.766891,160.36511,0.039051183,20.048052,0,78,764.40656
6/15/2026 3:18,36767.652,40400.625,26.098835,27.19782,1.0179156,26.260408,4.6905785,60.144012,94.04831,7.275216,-26.378632,145.39719,0.04053571,20.291954,0,78,764.40656
6/15/2026 3:48,36049.76,39508.242,25.464535,27.739435,1.0174028,25.680359,4.39134,56.227566,87.907814,7.2188935,-23.069382,137.51508,0.04674399,20.41685,0,78,764.40656
6/15/2026 4:18,35591.71,38978.996,25.087925,28.09643,1.0171086,25.336348,4.0849676,52.22137,81.64034,7.1704063,-20.213127,128.19766,0.22905639,20.450245,0,78,764.40656
6/15/2026 4:48,35098.023,38420.367,24.690771,28.491632,1.0168017,24.97324,3.8079977,48.587112,75.956184,7.1238008,-17.466545,126.46675,0.25162047,20.472593,0,78,764.40656
6/15/2026 5:18,34660.82,37941.004,24.350069,28.851019,1.0165433,24.661654,3.5548604,45.267254,70.76614,7.084256,-15.134811,122.470856,0.38599885,20.47357,0,78,764.40656
6/15/2026 5:48,34234.414,37471.957,24.017347,29.210373,1.0162902,24.356773,3.3073738,42.03563,65.71389,7.05215,-13.241768,123.22903,0.040648386,20.476488,0,78,764.40656
6/15/2026 6:18,33916.715,37116.81,23.766012,29.483988,1.0160972,24.125925,3.0351439,38.52551,60.225693,7.0161586,-11.119843,111.36532,0.24390785,20.486029,0,78,764.40656
6/15/2026 6:48,33577.785,36743.78,23.502184,29.781595,1.0158967,23.88346,2.8702357,36.377735,56.8679,6.999987,-10.1614,116.1623,0.040145922,20.488789,0,78,764.40656
6/15/2026 7:18,33434.39,36568.582,23.379023,29.909323,1.0157973,23.769579,2.7060037,34.28668,53.597122,6.9729695,-8.664131,110.69775,0.21003264,20.512709,0,78,764.40656
6/15/2026 7:48,32405.441,35343.37,22.518896,30.859015,1.0151119,22.97319,2.6693327,33.7364,52.726215,6.9550185,-7.67231,107.19299,0.03912598,20.64789,0,78,764.40656
6/15/2026 8:18,38071.38,43115.508,27.996988,26.26645,1.01971,28.02508,7.3772388,93.15206,145.95717,7.725808,-52.6762,118.94226,0.4130942,18.874813,0,78,764.40656
6/15/2026 8:48,38274.38,43660.656,28.375751,26.127138,1.0200793,28.379427,7.594505,95.5052,149.71182,7.794156,-56.619644,159.08719,0.47693154,18.541004,0,78,764.40656
6/15/2026 9:18,38315.95,43817.477,28.483793,26.098793,1.020189,28.481361,7.6759377,96.38098,151.10779,7.8160343,-57.878494,156.48364,0.56158626,18.426414,0,78,764.40656
6/15/2026 9:48,38184.06,43830.086,28.484934,26.18894,1.0202308,28.489555,7.860369,98.37643,154.27116,7.8377175,-59.113503,162.11032,0.54002273,18.255693,0,78,764.40656
6/15/2026 10:18,38162.824,43894.074,28.526808,26.203512,1.0202845,28.531147,7.9932137,99.888695,156.66158,7.8542557,-60.06241,161.63348,0.31368777,18.16387,0,78,764.40656
6/15/2026 10:48,38066.41,43856.598,28.496101,26.269878,1.0202792,28.506788,8.06105,100.57094,157.74731,7.861862,-60.49156,169.59668,0.14737846,18.087671,0,78,764.40656
6/15/2026 11:18,38025.133,43859.316,28.495556,26.298395,1.020291,28.508556,8.004985,99.771545,156.50407,7.859356,-60.334206,161.75748,0.18011752,18.035582,0,78,764.40656
6/15/2026 11:48,38017.79,43818.6,28.467775,26.303476,1.020262,28.482092,8.045318,100.32181,157.36041,7.8605423,-60.4105,158.82016,0.07841724,18.068981,0,78,764.40656
6/15/2026 12:18,38306.215,43888.777,28.531313,26.105425,1.020246,28.527706,8.0735855,101.23676,158.7389,7.860802,-60.482025,175.64774,0.40020227,18.340424,0,78,764.40656
6/15/2026 12:48,38992.996,43884.863,28.56533,25.645632,1.0200721,28.525162,8.234967,104.905975,164.30865,7.862847,-60.772896,182.60956,0.03967353,19.163847,0,78,764.40656
6/15/2026 13:18,40470.395,43952.562,28.68041,24.709421,1.0197313,28.569166,8.550181,112.468895,175.72191,7.85989,-60.949326,171.39911,0.036062494,20.852062,0,78,764.40656
6/15/2026 13:48,41452.562,43844.34,28.644232,24.12396,1.0193594,28.498821,8.61169,115.9415,180.77824,7.843474,-60.243607,179.1048,0.032202143,22.143896,0.009,78,764.40656
6/15/2026 14:18,41991.31,43585.734,28.482855,23.814451,1.0189778,28.330729,8.251819,112.8735,175.7167,7.779651,-56.638718,176.18655,0.03324489,23.084743,0.018,78,764.40656
6/15/2026 14:48,41260.016,42182.344,27.4823,24.23654,1.0180049,27.418522,7.8697853,108.49532,168.67216,7.669894,-50.239563,184.48352,0.029709008,23.855223,0.027,78,764.40656
6/15/2026 15:18,38782.285,39204.79,25.346432,25.78497,1.0162296,25.483112,7.425411,102.15966,158.65425,7.50548,-40.512085,181.6225,0.060818385,24.435766,0.036,78,764.40656
6/15/2026 15:48,36732.23,36834.84,23.660122,27.224049,1.0148411,23.942646,7.140673,98.01645,152.10046,7.3882785,-33.55503,191.73622,0.030129587,24.854156,0.045,78,764.40656
6/15/2026 16:18,35695.605,35574.035,22.769955,28.014652,1.0140786,23.123121,6.983541,95.91772,148.75127,7.326542,-29.892921,176.98288,0.03377678,25.178923,0.054,78,764.40656
6/15/2026 16:48,34967,34717.074,22.166677,28.598392,1.0135684,22.5661,6.904049,94.82831,147.00531,7.29376,-27.947426,183.31052,0.03450985,25.376905,0.054,78,764.40656
6/15/2026 17:18,34693.215,34378.945,21.929419,28.82408,1.0133609,22.346315,6.825414,93.788155,145.36394,7.2765856,-26.926994,173.57826,0.036004923,25.478605,0.054,78,764.40656
6/15/2026 17:48,34972.594,34653.156,22.122902,28.593819,1.0135049,22.524551,6.6884356,92.0132,142.61179,7.2941513,-27.980804,183.99716,0.03130539,25.482622,0.063,78,764.40656
6/15/2026 18:18,34705.688,34376.035,21.927662,28.81372,1.0133526,22.344423,6.5905027,90.596375,140.41046,7.2894297,-27.69947,157.79019,0.031625144,25.502073,0.054,78,764.40656
6/15/2026 18:48,34265.7,34058.684,21.7018,29.183702,1.0132364,22.138144,6.2885637,86.058784,133.42583,7.282157,-27.246475,171.17978,0.038001817,25.318235,0.054,78,764.40656
6/15/2026 19:18,33907.73,33847.164,21.55013,29.4918,1.0131873,22.000658,6.1770916,84.129456,130.4912,7.258217,-25.792122,164.9332,0.036298502,25.09369,0.054,78,764.40656
6/15/2026 19:48,33134.82,33503.63,21.299814,30.179731,1.0131894,21.777359,4.804261,64.5724,100.28339,7.1857767,-21.40522,175.85278,0.029256247,24.423664,0.045,78,764.40656
6/15/2026 20:18,37999.633,43698.586,28.386045,26.316044,1.0201751,28.404081,7.9669447,99.49195,156.03767,7.854798,-60.095787,143.32294,0.14340918,18.171986,0,78,764.40656
6/15/2026 20:48,38030.85,43836.004,28.480217,26.294441,1.020272,28.493404,8.128452,101.36116,158.99118,7.8822393,-61.678886,155.11035,0.2803481,18.066551,0,78,764.40656
6/15/2026 21:18,38049.85,43859.016,28.496778,26.281311,1.0202849,28.50836,8.076236,100.717896,157.98244,7.879716,-61.531067,141.387,0.35571492,18.065401,0,78,764.40656
6/15/2026 21:48,37951.773,43801.66,28.452589,26.34923,1.0202647,28.471079,8.030543,100.01075,156.88501,7.8796797,-61.51676,144.62471,0.48057947,18.007647,0,78,764.40656
6/15/2026 22:18,37956.344,43856.895,28.48995,26.346058,1.0203054,28.50698,8.026352,99.88186,156.69331,7.878643,-61.445236,135.86044,0.38886762,17.955969,0,78,764.40656
6/15/2026 22:48,37954.59,43889.91,28.512018,26.347275,1.0203309,28.528442,7.989585,99.36834,155.89505,7.8736343,-61.14483,152.25888,0.20754656,17.919792,0,78,764.40656
6/15/2026 23:18,38067.477,44043.83,28.621977,26.269144,1.0204206,28.628489,7.782711,96.81464,151.89334,7.8550386,-60.05287,160.75134,0.61075985,17.895758,0,78,764.40656
6/15/2026 23:48,38037.46,44110.99,28.665302,26.289873,1.0204781,28.672142,7.8061895,96.9368,152.10551,7.856142,-60.095787,174.75128,0.2932994,17.791237,0,78,764.40656
6/16/2026 0:18,37985.895,44108.31,28.660435,26.325562,1.020488,28.670403,7.79433,96.67794,151.7107,7.8530836,-59.905052,177.95087,0.4173295,17.73277,0,78,764.40656
6/16/2026 0:48,37963.418,44128.527,28.672659,26.341148,1.0205084,28.683542,7.6480117,94.78348,148.74684,7.839453,-59.099197,183.5394,0.431585,17.685442,0,78,764.40656
6/16/2026 1:18,37898.223,44157.05,28.687849,26.386461,1.0205449,28.702084,7.4517145,92.16984,144.66476,7.8163023,-57.725906,172.8964,0.22721715,17.579046,0,78,764.40656
6/16/2026 1:48,37802.832,44204.438,28.713749,26.453045,1.0206019,28.732883,6.961699,85.85425,134.77959,7.756543,-54.20685,168.04218,0.037014764,17.417896,0,78,764.40656
6/16/2026 2:18,37724.125,44256.28,28.74352,26.508236,1.0206583,28.766582,6.515715,80.14219,125.835396,7.696835,-50.697327,149.67441,0.035599712,17.272337,0,78,764.40656
6/16/2026 2:48,37510.28,44141.67,28.65352,26.659357,1.0206208,28.692087,6.0297513,73.926414,116.09552,7.5953293,-44.755936,133.21399,0.034102302,17.134571,0,78,764.40656
6/16/2026 3:18,36843.316,43169.492,27.963524,27.141964,1.020049,28.06017,5.6306653,69.00504,108.34088,7.4795623,-38.03253,112.62417,0.037551895,17.327606,0,78,764.40656
6/16/2026 3:48,35779.734,41626.52,26.872114,27.948782,1.0191422,27.057238,5.204844,63.761364,100.06781,7.364453,-31.352043,110.8551,0.033914417,17.64617,0,78,764.40656
6/16/2026 4:18,35113.043,40658.645,26.190046,28.479446,1.0185726,26.428118,4.9063616,60.10595,94.30526,7.293564,-27.23217,105.929375,0.039291583,17.858946,0,78,764.40656
6/16/2026 4:48,34626.547,40115.473,25.801851,28.879576,1.0182816,26.075058,4.6925178,57.327023,89.947784,7.248068,-24.571419,114.02607,0.03576612,17.836222,0,78,764.40656
6/16/2026 5:18,34239.547,39733.27,25.52665,29.205994,1.0180888,25.826626,4.4773726,54.52876,85.565506,7.210141,-22.349358,96.24004,0.04069458,17.760992,0,78,764.40656
6/16/2026 5:48,33915.65,39423.965,25.3036,29.484915,1.0179359,25.625578,4.309391,52.33512,82.1313,7.182973,-20.756721,99.96414,0.037086606,17.684814,0,78,764.40656
6/16/2026 6:18,33573.324,39085.59,25.060549,29.785553,1.0177661,25.405634,4.1562862,50.33477,78.99897,7.1570888,-19.24038,97.74208,0.03496788,17.616198,0,78,764.40656
6/16/2026 6:48,33199.695,38666.695,24.762943,30.120758,1.0175432,25.133352,3.9952743,48.280746,75.777054,7.128608,-17.576218,100.278854,0.03278268,17.597494,0,78,764.40656
6/16/2026 7:18,33199.344,38662.68,24.760267,30.121077,1.0175403,25.130741,3.9009993,47.144558,73.99339,7.120928,-17.12799,110.263824,0.03837825,17.601688,0,78,764.40656
6/16/2026 7:48,32862.688,38212.98,24.444904,30.429647,1.0172843,24.838436,4.0029106,48.34835,75.876205,7.1095104,-16.465187,117.42115,0.034447186,17.669506,0,78,764.40656
6/16/2026 8:18,32656.32,37798.004,24.16003,30.621944,1.0170199,24.568703,4.0328064,48.823776,76.601814,7.0979676,-15.802383,122.92385,0.030953396,17.877981,0,78,764.40656
6/16/2026 8:48,32853.684,37910.75,24.24507,30.437986,1.0170531,24.641987,4.050473,49.19431,77.169365,7.110643,-16.551018,142.6506,0.03348499,18.01602,0,78,764.40656
6/16/2026 9:18,36725.773,41827.77,27.059237,27.228834,1.019058,27.18805,7.150075,89.335556,140.0267,7.587449,-44.522285,111.26518,0.030673282,18.613808,0,78,764.40656
6/16/2026 9:48,38083.9,44125.496,28.67778,26.257816,1.0204782,28.681574,8.117638,100.89,158.30035,7.854286,-59.99565,140.7814,0.04086702,17.831491,0,78,764.40656
6/16/2026 10:18,38228.34,44264.91,28.779928,26.158604,1.0205495,28.772192,8.294538,103.208725,161.93257,7.8776026,-61.364174,148.53955,1.0403565,17.860016,0,78,764.40656
6/16/2026 10:48,38291.01,44212.1,28.748096,26.11579,1.020495,28.737867,8.41734,104.97479,164.67616,7.888884,-62.05082,152.82153,0.038751546,17.98824,0,78,764.40656
6/16/2026 11:18,38330.24,44219.535,28.755375,26.089064,1.0204914,28.742699,8.462531,105.62147,165.68227,7.8975496,-62.565804,147.6574,0.08523531,18.027058,0,78,764.40656
6/16/2026 11:48,38266.832,44175.883,28.722342,26.132292,1.0204734,28.714323,8.477443,105.72523,165.85155,7.901739,-62.804222,151.31473,0.23373502,17.99676,0,78,764.40656
6/16/2026 12:18,38496.934,44209.87,28.758411,25.976095,1.0204445,28.736418,8.485967,106.33718,166.75966,7.9051,-63.052177,159.43527,0.13943659,18.234392,0,78,764.40656
6/16/2026 12:48,38647.53,44209.562,28.766642,25.874874,1.020408,28.736216,8.494095,106.80763,167.45782,7.902811,-62.95681,170.08304,0.07093312,18.413055,0,78,764.40656
6/16/2026 13:18,38889.816,44213.65,28.782667,25.713673,1.0203522,28.738873,8.566671,108.31083,169.75029,7.9037223,-63.07125,169.10553,0.43481213,18.695732,0,78,764.40656
6/16/2026 13:48,39439.61,44225.14,28.819101,25.35522,1.0202231,28.746342,8.626995,110.42003,172.90385,7.9012094,-63.061714,172.79147,0.0350932,19.334639,0,78,764.40656
6/16/2026 14:18,40650.734,44339.656,28.954178,24.599802,1.0199933,28.820776,8.770877,115.11742,179.91664,7.893595,-62.89482,171.57555,0.031187626,20.644142,0,78,764.40656
6/16/2026 14:48,41610.445,44375.215,29.017994,24.032427,1.0197524,28.84389,8.77823,117.57791,183.45021,7.879737,-62.30831,169.89708,1.2834988,21.737991,0.009,78,764.40656
6/16/2026 15:18,42209.867,44312.984,28.996738,23.691143,1.0195247,28.80344,8.451068,114.77373,178.84766,7.8283854,-59.423447,158.17642,0.032010972,22.515156,0.018,78,764.40656
6/16/2026 15:48,41666.65,43414.535,28.35307,24.000011,1.0189333,28.219448,8.100422,110.34104,171.83102,7.7354355,-53.973198,157.67097,0.024415554,22.892126,0.018,78,764.40656
6/16/2026 16:18,39604.164,40939.67,26.570654,25.24987,1.0174757,26.610786,7.616691,103.42209,160.94534,7.576819,-44.603348,160.79903,0.035043273,23.292078,0.018,78,764.40656
6/16/2026 16:48,37631.25,38719.63,24.981058,26.573658,1.0162108,25.167759,7.273477,98.27326,152.86942,7.45177,-37.18853,170.57895,0.030481214,23.528315,0.027,78,764.40656
6/16/2026 17:18,36385.582,37293.523,23.96721,27.483414,1.0153918,24.24079,7.038337,94.87506,147.53172,7.378573,-32.84931,165.96794,0.03988212,23.72535,0.036,78,764.40656
6/16/2026 17:48,35661.32,36477.13,23.388887,28.041586,1.0149274,23.710135,6.820322,91.80028,142.72394,7.32953,-29.935837,175.17566,0.030212319,23.829063,0.036,78,764.40656
6/16/2026 18:18,35418.51,36188.48,23.185162,28.233824,1.0147582,23.522512,6.6230316,89.13072,138.55933,7.3126464,-28.934479,182.30914,0.034306087,23.88604,0.036,78,764.40656
6/16/2026 18:48,34968.934,35751.484,22.875103,28.596811,1.0145336,23.238466,6.263259,84.09141,130.73296,7.278242,-26.87931,183.99239,0.03468456,23.853998,0.036,78,764.40656
6/16/2026 19:18,35099.88,35922.996,22.995583,28.490128,1.0146394,23.349949,5.8945913,79.12084,123.01725,7.3294983,-29.931068,164.56128,0.035264608,23.800346,0.036,78,764.40656
6/16/2026 19:48,34629.13,35528.668,22.714413,28.877422,1.0144625,23.093634,5.8193088,77.8096,121.00576,7.260356,-25.79689,184.67426,0.034065228,23.674416,0.027,78,764.40656
6/16/2026 20:18,34444.77,35433.82,22.645008,29.031984,1.0144477,23.031984,5.554112,74.05443,115.19362,7.256152,-25.53463,186.61975,0.03449991,23.538607,0.027,78,764.40656
6/16/2026 20:48,33668.05,35362.434,22.574734,29.70175,1.0146782,22.98558,4.5076375,58.95498,91.870995,7.1877165,-21.381378,177.70767,0.033862453,22.491371,0.027,77,764.40656
6/16/2026 21:18,38813.027,43852.707,28.534258,25.764545,1.0200927,28.50426,7.8026614,99.04242,155.16357,7.8400793,-59.399605,167.44138,0.88996637,18.983093,0,77,764.40656
6/16/2026 21:48,38987.508,44170.223,28.758486,25.64924,1.0202945,28.710646,8.167405,103.56328,162.27415,7.889143,-62.25109,165.46725,0.933366,18.856804,0,77,764.40656
6/16/2026 22:18,38958.938,44223.664,28.793152,25.66805,1.0203428,28.745382,8.237807,104.30036,163.44908,7.9056554,-63.199997,176.62524,0.7575366,18.767132,0,77,764.40656
6/16/2026 22:48,38967.06,44204.535,28.780642,25.662703,1.020326,28.732948,8.171358,103.509254,162.20279,7.8973317,-62.71839,187.16812,0.77209336,18.796713,0,77,764.40656
6/16/2026 23:18,38900.664,44198.305,28.772861,25.706503,1.0203377,28.728897,8.11678,102.67275,160.90773,7.890112,-62.2797,183.38203,0.9126294,18.72457,0,77,764.40656
6/16/2026 23:48,38780.117,44153.64,28.736147,25.78641,1.020333,28.699867,8.035495,101.43684,158.99147,7.8758144,-61.421394,181.33163,1.2342849,18.628242,0,77,764.40656
6/17/2026 0:18,38701.77,44166.992,28.740894,25.838612,1.0203623,28.708544,7.9673767,100.375916,157.35117,7.8722095,-61.187744,177.98424,1.2784492,18.52147,0,77,764.40656
6/17/2026 0:48,38575.91,44124.69,28.70539,25.922915,1.0203606,28.68105,7.943475,99.852936,156.55333,7.8668046,-60.84919,180.66406,0.8506475,18.41611,0,77,764.40656
6/17/2026 1:18,38566.508,44160.703,28.729164,25.929234,1.0203903,28.704456,7.9235682,99.52496,156.04916,7.8641267,-60.682297,182.79076,1.2493371,18.367636,0,77,764.40656
6/17/2026 1:48,38520.76,44124.188,28.701984,25.960026,1.0203736,28.680721,7.754748,97.35813,152.65504,7.8483014,-59.752464,195.83702,1.0959096,18.351194,0,77,764.40656
6/17/2026 2:18,38486.598,44171.516,28.731972,25.98307,1.0204179,28.711485,7.4463186,93.343315,146.37723,7.816267,-57.85942,195.98007,0.7632675,18.26173,0,77,764.40656
6/17/2026 2:48,38417.535,44193.367,28.742775,26.02978,1.0204508,28.725689,6.902195,86.3555,135.43782,7.7537775,-54.183006,190.13405,0.16371565,18.157356,0,77,764.40656
6/17/2026 3:18,38349.316,44224.832,28.760038,26.076084,1.0204909,28.746141,6.345573,79.227875,124.27738,7.6745534,-49.529076,160.75134,0.16395041,18.04421,0,77,764.40656
6/17/2026 3:48,38189.82,44118.09,28.679008,26.184988,1.0204477,28.67676,5.791527,72.16508,113.210304,7.57177,-43.506622,145.78342,0.07673683,17.964777,0,77,764.40656
6/17/2026 4:18,37518.973,43196.94,28.021769,26.653181,1.0199099,28.078012,5.4280205,67.56799,105.9774,7.46369,-37.207603,123.319626,0.050468806,18.118128,0,77,764.40656
6/17/2026 4:48,35951.25,41179.992,26.583895,27.815445,1.0187578,26.766994,4.9206533,61.000046,95.646355,7.333666,-29.625893,114.917755,0.036821663,18.352207,0,77,764.40656
6/17/2026 5:18,34939.06,39904.844,25.678703,28.621264,1.0180368,25.93815,4.561961,56.391293,88.40438,7.2521806,-24.867058,104.289055,0.10207895,18.484781,0,77,764.40656
6/17/2026 5:48,34340.758,39255.45,25.21493,29.119917,1.0176929,25.516043,4.353024,53.618896,84.06254,7.2084293,-22.301674,107.69844,0.030483702,18.445148,0,77,764.40656
6/17/2026 6:18,34154.7,39095.03,25.09854,29.278547,1.0176185,25.41177,4.1810894,51.404713,80.59775,7.1813064,-20.709038,103.11127,0.03490715,18.383911,0,77,764.40656
6/17/2026 6:48,33993.15,38945.496,24.99073,29.417692,1.017546,25.314573,4.087221,50.178062,78.678825,7.162703,-19.61708,102.415085,0.032520372,18.342354,0,77,764.40656
6/17/2026 7:18,33824.863,38706.28,24.823093,29.56405,1.0174056,25.159082,4.0350327,49.540005,77.6727,7.1393476,-18.253326,106.11057,0.3191138,18.397154,0,77,764.40656
6/17/2026 7:48,33748.363,38502.75,24.683985,29.631067,1.0172675,25.026789,4.015844,49.394047,77.42963,7.1293507,-17.676353,124.49741,0.034520816,18.534986,0,77,764.40656
6/17/2026 8:18,33886.297,38513.08,24.697834,29.510454,1.0172368,25.0335,4.0559316,50.059044,78.45355,7.130308,-17.74311,130.85365,0.036856633,18.71019,0,77,764.40656
6/17/2026 8:48,33840.81,38242.46,24.51545,29.550121,1.0170356,24.857601,4.1413126,51.315327,80.39354,7.122801,-17.318726,146.8706,0.029360233,18.973894,0,77,764.40656
6/17/2026 9:18,34095.41,38030.246,24.385723,29.32946,1.0167904,24.71966,4.495153,56.304077,88.13422,7.1214566,-17.27581,153.23163,0.039511174,19.582935,0,77,764.40656
6/17/2026 9:48,33150.305,36660.934,23.429207,30.165636,1.0159657,23.829607,4.593856,57.652622,90.19283,7.100721,-16.078949,162.32968,5.4059863,19.986418,0,77,764.40656
6/17/2026 10:18,39243.297,43184.074,28.100416,25.48206,1.0194534,28.069649,8.398994,108.83237,170.20068,7.8147593,-58.15983,157.1846,0.030365184,20.222235,0.009,77,764.40656
6/17/2026 10:48,39423.69,43852.543,28.5647,25.365458,1.0199353,28.504154,8.557278,110.13838,172.3706,7.883528,-62.10327,162.84943,0.034373403,19.712347,0,77,764.40656
6/17/2026 11:18,39582.73,44003.156,28.674988,25.263542,1.0200121,28.602053,8.739875,112.62133,176.24942,7.906126,-63.438416,165.25269,0.033695064,19.74047,0.009,77,764.40656
6/17/2026 11:48,39771.09,44064.812,28.726023,25.143892,1.0200111,28.642128,8.78933,113.62638,177.78192,7.918266,-64.18705,176.59665,0.02790528,19.898373,0,77,764.40656
6/17/2026 12:18,39879.42,44099.348,28.754694,25.07559,1.0200098,28.664576,8.968377,116.15843,181.71948,7.936069,-65.255165,179.40521,0.032252878,19.989985,0,77,764.40656
6/17/2026 12:48,39598.477,44081.71,28.729296,25.253496,1.0200698,28.653112,8.927407,114.93474,179.88663,7.9383955,-65.32192,166.2302,0.036423683,19.675245,0,77,764.40656
6/17/2026 13:18,39244.113,44081.953,28.711912,25.48153,1.0201614,28.653269,8.787785,112.236565,175.76807,7.9240794,-64.38732,150.1608,0.040372256,19.254108,0,77,764.40656
6/17/2026 13:48,39460.12,44059.97,28.70774,25.342041,1.0200889,28.638979,8.691959,111.59443,174.69371,7.9183254,-64.110756,173.05374,0.039686896,19.534044,0,77,764.40656
6/17/2026 14:18,39822.062,44122.598,28.767887,25.111708,1.0200434,28.67969,8.726048,112.83341,176.54153,7.9185953,-64.20612,185.67085,0.11053228,19.896967,0,77,764.40656
6/17/2026 14:48,40362.523,44138.53,28.803457,24.775457,1.0199108,28.690046,8.831451,115.547356,180.62201,7.919592,-64.40163,185.30368,0.041027028,20.520994,0,77,764.40656
6/17/2026 15:18,41669.098,44271.492,28.948357,23.9986,1.0196499,28.77647,8.9209585,119.83932,186.92316,7.9080486,-64.024925,180.88818,0.03596262,21.922375,0,77,764.40656
6/17/2026 15:48,42665.516,44253.76,28.97074,23.438133,1.0193365,28.764944,8.85671,121.567474,189.23935,7.8902135,-63.22384,184.85547,0.030780949,23.12097,0.018,77,764.40656
6/17/2026 16:18,43233.168,44170.027,28.929573,23.130388,1.0190873,28.71052,8.368178,116.39923,180.94884,7.8226357,-59.35669,176.45358,0.031899963,23.889511,0.036,77,764.40656
6/17/2026 16:48,42663.83,43486.266,28.43366,23.43906,1.0186784,28.266073,7.8289275,108.81793,169.12654,7.7241106,-53.50113,170.97473,0.029279927,24.009811,0.036,77,764.40656
6/17/2026 17:18,40550.117,41286.46,26.838373,24.660841,1.0174594,26.8362,7.197579,99.22922,154.20782,7.552658,-43.27774,164.51836,0.035137855,24.066233,0.036,77,764.40656
6/17/2026 17:48,38223.05,38854.41,25.089834,26.162224,1.0161182,25.255367,6.717445,91.82033,142.6724,7.41197,-34.890175,175.82416,0.032403138,24.149248,0.036,77,764.40656
6/17/2026 18:18,37026.824,37646.78,24.226463,27.007446,1.0154712,24.470407,6.41471,87.23212,135.54597,7.3393116,-30.550957,181.97537,0.0369558,24.137815,0.036,77,764.40656
6/17/2026 18:48,36176.566,36849.043,23.656843,27.642202,1.0150688,23.951878,6.0866704,82.36559,128.00583,7.2866616,-27.399063,185.89973,0.034508128,24.044529,0.036,77,764.40656
6/17/2026 19:18,35690.484,36434.035,23.360117,28.018673,1.0148772,23.682121,5.726518,77.20541,120.01083,7.247513,-25.053024,171.5374,0.07052984,23.93151,0.036,77,764.40656
6/17/2026 19:48,35292.13,36136.395,23.146334,28.33493,1.0147593,23.488657,5.2761555,70.85144,110.16464,7.2241416,-23.646355,188.50803,0.03958539,23.776789,0.027,77,764.40656
6/17/2026 20:18,35074.098,36058.953,23.087776,28.511068,1.0147725,23.43832,4.8437176,64.78347,100.76679,7.1980104,-22.072792,185.68515,0.040783767,23.570032,0.027,77,764.40656
6/17/2026 20:48,34483.32,35622.133,22.774258,28.999527,1.0146035,23.154387,4.613203,61.32125,95.422386,7.170124,-20.394325,183.21515,0.036300763,23.326218,0.027,77,764.40656
6/17/2026 21:18,34353.125,35640.363,22.783096,29.109434,1.0146693,23.166235,4.2689576,56.527493,87.99596,7.1579523,-19.655228,178.6232,0.04883483,23.109034,0.036,77,764.40656
6/17/2026 21:48,35518.785,37845.47,24.317669,28.154116,1.0161828,24.599556,4.4402847,57.911716,90.35016,7.250011,-25.019646,155.73502,0.10391878,21.78123,0.018,77,764.40656
6/17/2026 22:18,39282.844,43868.473,28.568705,25.456406,1.0199847,28.514507,7.786381,99.87247,156.34529,7.8411984,-59.576035,173.31123,1.2403934,19.527159,0,77,764.40656
6/17/2026 22:48,39139.008,44000.562,28.651299,25.549957,1.020125,28.600367,8.024728,102.37912,160.3395,7.870949,-61.25927,162.60623,1.0068462,19.215263,0,77,764.40656
6/17/2026 23:18,39020.64,44015.28,28.655214,25.627462,1.0201665,28.609934,8.08894,102.897194,161.1858,7.879389,-61.7218,149.74118,0.8649411,19.058893,0,77,764.40656
6/17/2026 23:48,38913.35,43940.516,28.598972,25.69812,1.0201355,28.561335,8.028467,101.99983,159.79085,7.8756638,-61.49292,166.42093,0.66175514,19.01003,0,77,764.40656
6/18/2026 0:18,38936.945,44033.445,28.663166,25.682549,1.0202016,28.62174,7.98196,101.31408,158.7318,7.875508,-61.469078,183.97809,1.0224904,18.940233,0,77,764.40656
6/18/2026 0:48,38792.59,44087.984,28.692429,25.778118,1.0202795,28.65719,8.005308,101.1891,158.58534,7.877468,-61.535835,168.87665,0.70631343,18.711533,0,77,764.40656
6/18/2026 1:18,38786.77,44094.42,28.696459,25.781988,1.020286,28.661375,7.9392004,100.32997,157.2418,7.875727,-61.43093,156.22617,0.9153059,18.697899,0,77,764.40656
6/18/2026 1:48,38798.867,44102.777,28.702772,25.773949,1.0202893,28.666805,7.832395,98.99465,155.14786,7.859679,-60.49156,176.44406,0.69864255,18.703533,0,77,764.40656
6/18/2026 2:18,38774.055,44133.445,28.72217,25.790442,1.020319,28.686739,7.828073,98.83609,154.91219,7.859164,-60.448647,196.62857,0.9032112,18.642092,0,77,764.40656
6/18/2026 2:48,38816.312,44159.82,28.74229,25.762365,1.0203289,28.703884,7.637121,96.47821,151.21193,7.841021,-59.390068,204.50592,0.74959606,18.664719,0,77,764.40656
6/18/2026 3:18,38834.477,44179.18,28.75636,25.750315,1.0203394,28.716467,7.314718,92.41554,144.84416,7.8042383,-57.234764,195.0693,0.40497753,18.666079,0,77,764.40656
6/18/2026 3:48,38806.773,44156.69,28.739656,25.768698,1.0203288,28.701849,6.7991643,85.87796,134.59943,7.7395806,-53.44391,192.72327,0.05984919,18.656672,0,77,764.40656
6/18/2026 4:18,38813.73,44138.703,28.727861,25.764078,1.0203133,28.690157,6.2651496,79.16803,124.078186,7.6609,-48.83766,172.50061,0.07124126,18.683676,0,77,764.40656
6/18/2026 4:48,38748.965,43985.87,28.621017,25.80714,1.0202117,28.590816,5.5780797,70.55183,110.56184,7.5345063,-41.441917,143.14175,0.040811032,18.766552,0,77,764.40656
6/18/2026 5:18,38200.28,43175.586,28.044271,26.177818,1.0197235,28.06413,5.155317,65.22766,102.190414,7.428678,-35.262108,120.34416,0.08229304,18.966795,0,77,764.40656
6/18/2026 5:48,36779.46,41345.668,26.737747,27.189089,1.0186676,26.874685,4.5891943,57.88919,90.661964,7.2981386,-27.627945,105.50022,0.034069728,19.217813,0,77,764.40656
6/18/2026 6:18,35682.5,39944.875,25.742464,28.024942,1.0178628,25.964169,4.1797004,52.60691,82.366684,7.216016,-22.821426,105.60989,0.03733555,19.413275,0,77,764.40656
6/18/2026 6:48,35155.086,39314.44,25.294493,28.445387,1.0175107,25.554388,3.9677956,49.852116,78.04827,7.1756225,-20.451546,105.82924,0.03405651,19.460884,0,77,764.40656
6/18/2026 7:18,34902.73,39005.535,25.075634,28.651054,1.0173365,25.3536,3.7766886,47.418095,74.23423,7.143616,-18.572807,102.98252,0.39186576,19.492924,0,77,764.40656
6/18/2026 7:48,34813.492,38894.77,24.997274,28.724495,1.0172738,25.2816,3.6406207,45.69996,71.54309,7.1288357,-17.704964,107.483864,0.034916434,19.506218,0,77,764.40656
6/18/2026 8:18,34654.883,38688.734,24.851936,28.855963,1.0171548,25.147676,3.5045328,43.98279,68.85147,7.1060038,-16.365051,111.756325,0.039366998,19.54114,0,77,764.40656
6/18/2026 8:48,34505.586,38488.473,24.710978,28.980814,1.0170377,25.017508,3.391471,42.561157,66.62214,7.091446,-15.511513,120.100975,0.033901595,19.582062,0,77,764.40656
6/18/2026 9:18,34545.625,38504.305,24.723394,28.947226,1.0170385,25.027798,3.270835,41.077488,64.29651,7.083223,-15.029907,122.55669,0.04027381,19.617207,0,77,764.40656
6/18/2026 9:48,34354.027,38252.96,24.546406,29.10867,1.0168928,24.864426,3.2245266,40.488934,63.37108,7.074506,-14.519691,128.03555,0.032971896,19.66361,0,77,764.40656
6/18/2026 10:18,33838.984,37579.812,24.073044,29.551714,1.0165029,24.426878,3.251464,40.80874,63.860218,7.058838,-13.604164,118.522644,0.03238264,19.788294,0,77,764.40656
6/18/2026 10:48,38554.785,43685.652,28.407656,25.937119,1.0200287,28.395676,7.750327,98.05818,153.64944,7.773696,-55.480003,142.60292,1.1823874,18.8508,0,77,764.40656
6/18/2026 11:18,38731.85,44102.215,28.698767,25.818544,1.0203054,28.666441,7.84788,99.03947,155.2346,7.8139796,-57.797432,160.84195,1.3446405,18.624565,0,77,764.40656
6/18/2026 11:48,38725.242,44050.645,28.663548,25.82295,1.0202675,28.63292,7.9058633,99.8372,156.4753,7.8223677,-58.29811,169.76834,1.4764639,18.670538,0,77,764.40656
6/18/2026 12:18,38746.098,44105.062,28.701462,25.809052,1.020304,28.668291,7.9631987,100.52295,157.55685,7.8328114,-58.903694,181.45561,1.6509088,18.638506,0,77,764.40656
6/18/2026 12:48,38779.535,44074.633,28.682697,25.786797,1.0202725,28.648512,7.8805504,99.60356,156.1008,7.816864,-57.9834,195.83702,1.8210375,18.709982,0,77,764.40656
6/18/2026 13:18,38754.54,44137.223,28.72366,25.803429,1.0203266,28.689196,7.9794827,100.696915,157.83453,7.8429027,-59.490204,191.92218,1.5828118,18.615007,0,77,764.40656
6/18/2026 13:48,38758.016,44099.17,28.69813,25.801115,1.0202967,28.664463,7.985859,100.84579,158.05856,7.8390884,-59.275627,200.67691,1.6061397,18.658798,0,77,764.40656
6/18/2026 14:18,38752.246,44056.363,28.668877,25.804956,1.0202652,28.636637,8.059997,101.83737,159.60455,7.8612494,-60.58216,207.19528,1.518964,18.696657,0,77,764.40656
6/18/2026 14:48,38850.176,44014.633,28.64586,25.73991,1.0202087,28.60951,8.049775,102.003204,159.82968,7.8627157,-60.70137,212.93164,1.5377878,18.856804,0,77,764.40656
6/18/2026 15:18,38975.14,44025.656,28.659885,25.657381,1.020186,28.616676,7.991763,101.539215,159.0728,7.8613358,-60.64892,202.81314,1.8068982,18.993847,0,77,764.40656
6/18/2026 15:48,39365.1,44044.52,28.69253,25.403212,1.0201012,28.628939,8.121643,104.07449,162.94395,7.860012,-60.663223,221.09032,1.1837686,19.437546,0,77,764.40656
6/18/2026 16:18,40065.44,44056.746,28.734125,24.959166,1.0199261,28.636887,8.263237,107.54323,168.17601,7.855915,-60.591698,219.89822,0.6662851,20.256824,0,77,764.40656
6/18/2026 16:48,40882.28,44093.6,28.7946,24.460474,1.01973,28.660841,8.318375,110.1655,172.03444,7.836047,-59.609413,220.54672,0.47693217,21.186932,0,77,764.40656
6/18/2026 17:18,41354.105,43998.38,28.747318,24.181396,1.0195162,28.598948,8.229999,110.29071,172.04854,7.7998834,-57.60193,200.52432,0.51233375,21.853436,0.009,77,764.40656
6/18/2026 17:48,40975.402,43488.773,28.38053,24.404886,1.0192059,28.267702,7.788638,104.380196,162.79665,7.7171803,-52.723885,199.46098,0.45051208,21.97416,0.009,77,764.40656
6/18/2026 18:18,39714.582,42064.414,27.351261,25.179668,1.0183992,27.34187,7.141452,95.308846,148.62407,7.5783787,-44.51275,186.80573,0.3822226,22.075254,0.018,77,764.40656
6/18/2026 18:48,37692.453,39962.574,25.836325,26.53051,1.0172664,25.975674,6.532921,86.34518,134.65701,7.4209204,-35.17151,185.85205,0.06844772,22.025856,0.018,77,764.40656
6/18/2026 19:18,36760.26,39042.348,25.175165,27.203289,1.0167893,25.377527,6.1776476,81.20882,126.66447,7.3433647,-30.565262,170.91751,0.15642807,21.939709,0.009,77,764.40656
6/18/2026 19:48,36298.363,38625.402,24.874983,27.549452,1.0165871,25.10651,5.892705,77.1955,120.42299,7.3007884,-28.033257,190.3677,0.05461111,21.84574,0.018,77,764.40656
6/18/2026 20:18,35925.88,38318.438,24.653156,27.835089,1.0164497,24.906986,5.596693,73.06981,114.00803,7.2720656,-26.321411,189.04686,0.3326635,21.730951,0.009,77,764.40656
6/18/2026 20:48,35681.883,38156.094,24.534264,28.025427,1.0163927,24.801462,5.327373,69.34559,108.218994,7.246558,-24.8003,197.49641,0.051549893,21.605,0.009,77,764.40656
6/18/2026 21:18,35464.113,38019.03,24.4335,28.19752,1.0163487,24.71237,5.049361,65.539635,102.29949,7.221509,-23.3078,190.39154,0.15048043,21.48162,0.009,77,764.40656
6/18/2026 21:48,35350.844,37978.637,24.402021,28.287868,1.0163518,24.686115,4.841774,62.713593,97.90444,7.2112484,-22.69268,204.95415,0.10236152,21.377417,0.009,77,764.40656
6/18/2026 22:18,35196.55,37905.652,24.346958,28.411875,1.016341,24.638676,4.6082807,59.539295,92.96627,7.197129,-21.848679,199.96643,0.2759977,21.258137,0.009,77,764.40656
6/18/2026 22:48,36180.285,39894,25.730776,27.639362,1.0176778,25.9311,5.65336,72.10883,112.78541,7.3973174,-33.55503,156.09265,0.33528814,20.1262,0,77,764.40656
6/18/2026 23:18,38872.324,43831.33,28.522837,25.725243,1.0200613,28.490362,7.419929,94.34392,147.78372,7.795066,-56.777,182.04689,1.1954254,19.076527,0,77,764.40656
6/18/2026 23:48,39028.688,43974.777,28.628153,25.622179,1.020133,28.583605,7.478335,95.20841,149.13074,7.8237114,-58.465004,203.26614,1.2782513,19.111225,0,77,764.40656
6/19/2026 0:18,39002.273,44023.582,28.65989,25.63953,1.0201775,28.61533,7.4422936,94.61939,148.2251,7.823588,-58.441162,215.53993,1.5139041,19.028297,0,77,764.40656
6/19/2026 0:48,38973.047,44033.223,28.664902,25.658758,1.0201923,28.621595,7.4128747,94.168434,147.52774,7.818864,-58.15506,229.93564,1.3941038,18.98339,0,77,764.40656
6/19/2026 1:18,38951.844,44033.867,28.664232,25.672726,1.0201981,28.622013,7.379499,93.69816,146.79623,7.8161883,-57.992935,215.10602,1.2146084,18.957502,0,77,764.40656
6/19/2026 1:48,38849.47,44027.51,28.654541,25.740377,1.0202188,28.617882,7.3719707,93.39387,146.34251,7.8198304,-58.18367,239.53915,1.4059107,18.842447,0,77,764.40656
6/19/2026 2:18,38803.977,44049.05,28.666704,25.770555,1.0202467,28.631884,7.3125134,92.51302,144.97739,7.8170004,-58.002472,239.9397,1.2640486,18.765783,0,77,764.40656
6/19/2026 2:48,38714.883,44047.16,28.660635,25.82986,1.0202672,28.630653,7.34425,92.72829,145.33514,7.818573,-58.073997,248.70395,1.5348892,18.661867,0,77,764.40656
6/19/2026 3:18,38643.785,44048.14,28.65744,25.877382,1.0202855,28.631292,7.2908187,91.90238,144.0573,7.8090963,-57.501793,234.48944,1.4839112,18.576332,0,77,764.40656
6/19/2026 3:48,38619.027,44029.504,28.643505,25.893972,1.0202773,28.619177,7.1507306,90.11193,141.25262,7.7960253,-56.734085,253.71552,1.3562828,18.566338,0,77,764.40656
6/19/2026 4:18,38606.668,44076.703,28.674706,25.902262,1.0203165,28.649857,6.772992,85.26414,133.66504,7.7492623,-53.982735,241.80412,1.0726752,18.50248,0,77,764.40656
6/19/2026 4:48,38543.39,44085.6,28.677216,25.944786,1.0203387,28.655642,6.139368,77.16451,120.98121,7.658076,-48.627853,219.17819,0.4549058,18.418076,0,77,764.40656
6/19/2026 5:18,38477.81,44055.613,28.65334,25.989006,1.0203316,28.63615,5.5209184,69.31964,108.6885,7.549474,-42.262077,169.98291,0.37285888,18.371294,0,77,764.40656
6/19/2026 5:48,38218.31,43716.332,28.410215,26.16547,1.0201355,28.415617,5.302982,66.5424,104.32785,7.4861693,-38.56182,149.71733,0.19069302,18.4154,0,77,764.40656
6/19/2026 6:18,37221.24,42451.562,27.504658,26.866383,1.019413,27.593515,4.952964,61.97286,97.146164,7.389001,-32.88746,133.50964,0.040215574,18.549377,0,77,764.40656
6/19/2026 6:48,35163.73,39906.22,25.691185,28.438393,1.017977,25.939043,4.5100937,56.067795,87.86251,7.270299,-25.954247,137.03346,0.039874718,18.77797,0,77,764.40656
6/19/2026 7:18,34143.457,38623.906,24.784378,29.288189,1.0172515,25.10554,4.20309,52.11723,81.655136,7.2020297,-21.96312,129.08936,0.22348362,18.926598,0,77,764.40656
6/19/2026 7:48,33816.195,38150.957,24.453304,29.57163,1.0169699,24.798122,4.1441836,51.407654,80.52961,7.1761107,-20.451546,146.02661,0.03455674,19.051239,0,77,764.40656
6/19/2026 8:18,33551.95,37738.71,24.166092,29.804527,1.016718,24.530163,4.1615305,51.672596,80.92892,7.162623,-19.669533,154.09946,0.17150018,19.19158,0,77,764.40656
6/19/2026 8:48,33432.34,37487.555,23.993177,29.911158,1.0165519,24.36691,4.256728,52.94586,82.90634,7.1563687,-19.311905,171.5994,0.036152497,19.336391,0,77,764.40656
6/19/2026 9:18,33426.883,37327.652,23.886312,29.91604,1.0164243,24.262974,4.417122,55.106697,86.26654,7.1585054,-19.450188,178.75195,0.036701057,19.528751,0,77,764.40656
6/19/2026 9:48,33660.625,37439.312,23.971266,29.708302,1.0164433,24.335554,4.5795703,57.364555,89.77719,7.1687527,-20.065308,201.65921,0.032852992,19.715792,0,77,764.40656
6/19/2026 10:18,33704.02,37274.69,23.863054,29.670052,1.0162953,24.22855,4.807629,60.488373,94.629364,7.181076,-20.809174,223.18362,0.036131803,19.984634,0,77,764.40656
6/19/2026 10:48,33893.39,37143.98,23.783312,29.504278,1.0161275,24.143587,5.066451,64.234314,100.4256,7.2015023,-22.044182,232.39136,0.03333949,20.418154,0,77,764.40656
6/19/2026 11:18,34017.727,36965.92,23.668571,29.396439,1.0159383,24.02785,5.1238914,65.411674,102.2038,7.1866894,-21.20018,223.15503,0.033433557,20.824375,0.009,77,764.40656
6/19/2026 11:48,39720.66,42533.28,27.674326,25.175816,1.0187876,27.646631,7.922236,104.90192,163.72478,7.7899666,-56.95343,226.264,0.47312975,21.537827,0.009,77,764.40656
6/19/2026 12:18,40206.46,44066.098,28.746872,24.871624,1.0198953,28.642963,8.074545,105.40162,164.78857,7.885371,-62.360764,229.66385,0.970389,20.414268,0,77,764.40656
6/19/2026 12:48,39960.203,44085.625,28.749073,25.024899,1.0199772,28.655655,7.9682636,103.41373,161.75543,7.873061,-61.569214,238.50441,1.2094854,20.100657,0,77,764.40656
6/19/2026 13:18,39911.273,44076.766,28.74075,25.055578,1.0199833,28.649899,7.9430184,102.98815,161.1012,7.867242,-61.216354,223.67001,1.4050248,20.052073,0,77,764.40656
6/19/2026 13:48,39855.152,44043.582,28.715466,25.090858,1.019972,28.62833,8.060124,104.43097,163.36551,7.8793383,-61.922073,249.37152,1.2649239,20.021078,0,77,764.40656
6/19/2026 14:18,39991.758,44063.316,28.735264,25.005152,1.0199511,28.641155,8.11195,105.39011,164.83192,7.886685,-62.384605,248.1842,1.2547321,20.162176,0,77,764.40656
6/19/2026 14:48,39930.402,44057.285,28.72832,25.043575,1.0199628,28.637236,8.195017,106.334015,166.32439,7.8956695,-62.89959,256.3429,1.3312141,20.095766,0,77,764.40656
6/19/2026 15:18,39958.27,44102.773,28.760706,25.02611,1.0199914,28.666801,8.26518,107.23316,167.73473,7.9037437,-63.37166,236.7258,1.1810478,20.079906,0,77,764.40656
6/19/2026 15:48,39928.098,44103.42,28.759748,25.04502,1.02,28.667225,8.325406,107.94107,168.85101,7.9082513,-63.62915,261.29724,1.2389427,20.043394,0,77,764.40656
6/19/2026 16:18,40140.29,44119.65,28.780588,24.912626,1.019956,28.67777,8.313037,108.26297,169.29633,7.905284,-63.505173,258.1215,1.4678516,20.277765,0,77,764.40656
6/19/2026 16:48,40834.85,44139.43,28.82424,24.488886,1.0197806,28.69063,8.291688,109.61752,171.207,7.8979063,-63.242912,255.87082,0.66375744,21.080273,0,77,764.40656
6/19/2026 17:18,41809.81,44224.6,28.921028,23.917833,1.0195699,28.74599,8.141228,109.77897,171.17029,7.866721,-61.621666,233.77896,0.46831685,22.141209,0.009,77,764.40656
6/19/2026 17:48,42381.332,44286.03,28.98386,23.595295,1.0194504,28.785921,7.78405,106.14731,165.3406,7.8174057,-58.817863,241.38928,0.43932527,22.748217,0.018,77,764.40656
6/19/2026 18:18,42625.53,44240.508,28.960201,23.460117,1.0193375,28.756329,7.319632,100.40605,156.30685,7.752466,-55.02224,221.93433,0.4331419,23.08877,0.027,77,764.40656
6/19/2026 18:48,42083.633,43475.867,28.409136,23.762207,1.0188551,28.259314,6.8145742,93.56885,145.60382,7.6589913,-49.500465,210.08014,0.08892711,23.323397,0.027,77,764.40656
6/19/2026 19:18,39945.848,41114.85,26.702135,25.033892,1.0175135,26.724653,6.277617,85.63668,133.21652,7.5136747,-40.87448,197.01004,0.17936407,23.51138,0.027,77,764.40656
6/19/2026 19:48,37635.68,38706.23,24.97195,26.570532,1.0161973,25.15905,5.8223805,78.69618,122.411095,7.3915396,-33.602715,228.4479,0.038156766,23.551918,0.027,77,764.40656
6/19/2026 20:18,36709.965,37822.098,24.33863,27.24056,1.0157454,24.584364,5.4244676,72.93237,113.46381,7.321748,-29.435158,235.8675,0.11715723,23.460505,0.027,77,764.40656
6/19/2026 20:48,36034.434,37217.75,23.905787,27.751234,1.0154536,24.191538,5.0037556,66.958755,104.193275,7.2661366,-26.111603,243.24417,0.14169301,23.335373,0.027,77,764.40656
6/19/2026 21:18,35624.234,36908.176,23.682657,28.070778,1.0153284,23.990314,4.682439,62.403248,97.131,7.234718,-24.228096,226.83144,0.35054192,23.178667,0.027,77,764.40656
6/19/2026 21:48,35057.508,36435.86,23.344368,28.52456,1.0151168,23.68331,4.3821173,58.12063,90.48993,7.207999,-22.625923,241.7469,0.039935477,23.019398,0.027,77,764.40656
6/19/2026 22:18,35033.984,36556.99,23.426174,28.543713,1.0152328,23.762043,4.072307,53.84234,83.857635,7.192693,-21.70086,230.82257,0.09046605,22.81879,0.027,77,764.40656
6/19/2026 22:48,34626.492,36284.25,23.228567,28.879622,1.0151404,23.584763,3.8576667,50.752613,79.07362,7.1738462,-20.565987,243.56366,0.041084837,22.607954,0.018,77,764.40656
6/19/2026 23:18,34425.344,36286.836,23.22414,29.048367,1.0152155,23.586445,3.4941676,45.724995,71.275345,7.155707,-19.469261,224.185,0.055402573,22.31417,0.018,77,764.40656
6/19/2026 23:48,34274.723,36658.965,23.471016,29.17602,1.0155911,23.828327,3.0611308,39.592384,61.787884,7.1569104,-19.493103,183.81119,0.03878918,21.594845,0.009,77,764.40656
6/20/2026 0:18,38779.383,43964.133,28.607927,25.786898,1.0201874,28.576687,7.082947,89.67877,140.5244,7.773371,-55.45616,213.92822,0.5851507,18.825583,0,77,764.40656
6/20/2026 0:48,38800.14,44019.03,28.646185,25.773102,1.0202246,28.612371,7.229629,91.49975,143.38423,7.799016,-56.95343,234.66586,0.67566425,18.792679,0,77,764.40656
6/20/2026 1:18,38875.5,44068.855,28.68391,25.723143,1.0202442,28.644756,7.270972,92.10876,144.33125,7.808081,-57.492256,230.21222,0.5814604,18.830032,0,77,764.40656
6/20/2026 1:48,38875.645,44051.613,28.672243,25.723045,1.0202309,28.633549,7.362167,93.289764,146.1782,7.818428,-58.102608,253.0098,0.68785226,18.848282,0.009,77,764.40656
6/20/2026 2:18,38878.41,44090.117,28.69846,25.721216,1.0202599,28.658575,7.3325114,92.86332,145.51735,7.8161144,-57.959557,258.38852,0.7554516,18.811214,0.009,77,764.40656
6/20/2026 2:48,38873.61,44092.152,28.699577,25.724392,1.0202626,28.6599,7.3349504,92.88111,145.54678,7.8160596,-57.95479,266.18005,0.6566846,18.803387,0,77,764.40656
6/20/2026 3:18,38816.605,44087.35,28.693285,25.76217,1.0202731,28.656778,7.041581,89.05702,139.56622,7.786987,-56.238174,256.08063,0.7876561,18.740717,0,77,764.40656
6/20/2026 3:48,38694.918,44061.773,28.669436,25.843187,1.0202835,28.640154,6.9052677,87.12585,136.56148,7.766948,-55.041313,272.2931,0.6985021,18.62288,0,77,764.40656
6/20/2026 4:18,38583.887,44084.83,28.678936,25.917555,1.0203283,28.655138,6.753439,84.962685,133.19878,7.7541785,-54.26407,268.3592,0.94518816,18.46697,0,77,764.40656
6/20/2026 4:48,38626.758,44088.16,28.683542,25.88879,1.0203204,28.657305,6.739278,84.86344,133.03473,7.7525625,-54.178238,260.67258,0.48927468,18.51442,0,77,764.40656
6/20/2026 5:18,38515.566,44105.227,28.688906,25.963528,1.0203605,28.668398,6.454,81.04229,127.06993,7.7191534,-52.194595,218.63937,0.20552059,18.36468,0,77,764.40656
6/20/2026 5:48,38288.37,44114.7,28.68243,26.11759,1.020422,28.674555,5.8847284,73.49758,115.282646,7.624375,-46.601295,203.23276,0.034915213,18.085222,0,77,764.40656
6/20/2026 6:18,38153.438,44052.695,28.632944,26.209959,1.020407,28.63425,5.735103,71.47525,112.124664,7.582719,-44.150352,176.13889,0.038609147,17.988815,0,77,764.40656
6/20/2026 6:48,37603.24,43373.95,28.145369,26.593454,1.020024,28.193068,5.5360146,68.85247,108.00386,7.5240526,-40.72666,157.86649,0.035170186,18.034266,0,77,764.40656
6/20/2026 7:18,36147.227,41379.438,26.727867,27.66464,1.0188612,26.896633,5.094518,63.243404,99.16023,7.408386,-34.003258,149.25957,0.037919812,18.379858,0,77,764.40656
6/20/2026 7:48,34685.26,39421.926,25.343552,28.830688,1.0177286,25.62425,4.7289486,58.58979,91.82324,7.313684,-28.49102,163.48361,0.030511564,18.709267,0,77,764.40656
6/20/2026 8:18,33658.42,37992.6,24.340252,29.710247,1.0168897,24.69519,4.5863795,56.828747,89.02465,7.2621193,-25.496483,171.41818,0.03350759,19.027246,0,77,764.40656
6/20/2026 8:48,32997.43,36995.14,23.645306,30.305391,1.016286,24.04684,4.6618733,57.872105,90.61941,7.2360797,-23.994446,171.33713,0.033084463,19.342384,0,77,764.40656
6/20/2026 9:18,33153.707,37012.754,23.664097,30.16254,1.0162524,24.05829,4.877107,60.779568,95.14543,7.2404265,-24.266243,195.57953,0.0382354,19.541225,0,77,764.40656
6/20/2026 9:48,32908.57,36415.81,23.255339,30.38722,1.0158409,23.670277,5.2865405,66.241714,103.6341,7.2655196,-25.777817,232.07664,0.032559413,19.957546,0,77,764.40656
6/20/2026 10:18,32443.176,35409.496,22.564539,30.823124,1.0151548,23.016172,5.4609785,68.99372,107.83496,7.267855,-25.97332,243.392,0.0383235,20.614038,0,77,764.40656
6/20/2026 10:48,32836.54,35536.973,22.66462,30.45388,1.0151281,23.099031,5.789001,73.737915,115.17857,7.278626,-26.64566,256.96277,0.032927755,21.0215,0,77,764.40656
6/20/2026 11:18,32935.83,35242.875,22.47065,30.362072,1.0148404,22.907867,6.0477586,77.73414,121.31616,7.3054166,-28.281212,248.32248,0.032276373,21.572702,0.009,77,764.40656
6/20/2026 11:48,33098.793,35349.82,22.54809,30.212582,1.0148749,22.977385,6.4863744,83.55289,130.37785,7.3286214,-29.66404,238.13724,0.030743046,21.666044,0.018,76,764.40656
6/20/2026 12:18,33483.09,35543.92,22.69159,29.865822,1.0149056,23.10355,7.0101557,90.87091,141.72914,7.375344,-32.463074,252.64264,0.03722865,21.964403,0.027,76,764.40656
6/20/2026 12:48,34700.945,35557.99,22.736246,28.81766,1.0144613,23.112692,7.490936,100.28718,155.9441,7.501714,-40.192604,259.0561,0.09474973,23.73808,0.018,76,764.40656
6/20/2026 13:18,40353.625,44066.754,28.753813,24.780922,1.0198556,28.64339,8.024408,105.08825,164.25587,7.861706,-61.001778,237.3743,1.023257,20.588408,0.009,76,764.40656
6/20/2026 13:48,39974.812,44171.453,28.808437,25.015753,1.0200416,28.711445,8.100996,105.027306,164.29727,7.8735714,-61.58352,252.97165,0.80931526,20.02576,0,76,764.40656
6/20/2026 14:18,39802.812,44207.426,28.824871,25.123854,1.0201154,28.734827,8.073125,104.20545,163.06871,7.8773546,-61.75518,256.50977,0.9959179,19.7835,0,76,764.40656
6/20/2026 14:48,39889.074,44205.13,28.827415,25.06952,1.0200908,28.733334,8.127778,105.11714,164.47063,7.8794107,-61.89823,266.0179,1.0033965,19.888115,0,76,764.40656
6/20/2026 15:18,39769.11,44185.637,28.80839,25.145144,1.0201069,28.720663,8.110523,104.64543,163.76117,7.8772526,-61.745644,252.64264,1.0399742,19.76681,0,76,764.40656
6/20/2026 15:48,39574.965,44156.715,28.779257,25.2685,1.0201349,28.701864,7.9697285,102.4291,160.3384,7.8677464,-61.14483,273.0274,0.9810498,19.56748,0,76,764.40656
6/20/2026 16:18,39368.14,44165.305,28.774826,25.40125,1.0201949,28.707449,7.7631,99.29657,155.49059,7.8516827,-60.14824,272.79852,1.1172178,19.313173,0,76,764.40656
6/20/2026 16:48,39513.93,44157.504,28.776789,25.307531,1.0201513,28.70238,7.7569203,99.556274,155.85756,7.8508053,-60.133934,278.4872,1.0368912,19.494274,0,76,764.40656
6/20/2026 17:18,39692.074,44165.508,28.790949,25.193947,1.0201113,28.707579,7.8187475,100.73898,157.66368,7.8534217,-60.329437,250.22983,1.3737885,19.696966,0,76,764.40656
6/20/2026 17:48,40194.547,44233.66,28.861126,24.878996,1.0200322,28.75188,7.8237696,101.82925,159.24936,7.8524857,-60.38189,260.09558,0.6160869,20.219208,0,76,764.40656
6/20/2026 18:18,41070.45,44345.73,28.976143,24.348406,1.019882,28.824726,7.6349125,101.12211,157.92548,7.818804,-58.579445,252.18964,0.26335213,21.133093,0.009,76,764.40656
6/20/2026 18:48,41706.875,44484.79,29.097597,23.976862,1.0198148,28.915113,7.3731713,98.790726,154.1395,7.7753267,-56.123734,243.63518,0.2167508,21.730558,0.009,76,764.40656
6/20/2026 19:18,41921.312,44331.785,28.999512,23.854216,1.019626,28.815662,6.9951644,94.388466,147.1701,7.7195354,-52.895546,208.5924,0.11522717,22.15322,0.018,76,764.40656
6/20/2026 19:48,41112.094,43212.11,28.193775,24.323744,1.0189333,28.08787,6.542359,88.3442,137.67717,7.637817,-48.098564,211.20071,0.04109134,22.455612,0.018,76,764.40656
6/20/2026 20:18,38938.957,40611.79,26.323664,25.681223,1.0174134,26.397663,5.934688,79.827415,124.32332,7.501827,-40.078163,203.18985,0.1130113,22.843412,0.018,76,764.40656
6/20/2026 20:48,37156.684,38605.055,24.888664,26.91306,1.0162773,25.093287,5.4965973,73.57673,114.55084,7.400699,-34.08909,225.72517,0.1695608,23.035727,0.027,76,764.40656
6/20/2026 21:18,36001.51,37394.38,24.025652,27.776611,1.0156223,24.306347,5.056626,67.36783,104.88174,7.3296475,-29.864311,218.7109,0.45405424,23.049839,0.027,76,764.40656
6/20/2026 21:48,35131.125,36543.895,23.42009,28.464787,1.0151857,23.753532,4.653649,61.70061,96.07089,7.27589,-26.659966,212.68369,0.113040015,22.975937,0.027,76,764.40656
6/20/2026 22:18,34897.14,36401.75,23.316502,28.655643,1.0151454,23.661139,4.284083,56.62388,88.18722,7.245377,-24.83368,199.29886,0.26803586,22.835945,0.018,76,764.40656
6/20/2026 22:48,34221.195,35833.414,22.910402,29.221657,1.0148908,23.29172,3.917908,51.484203,80.20856,7.215064,-23.01693,226.42612,0.040963963,22.644394,0.018,76,764.40656
6/20/2026 23:18,33744.277,35465.316,22.646662,29.634655,1.0147412,23.052456,3.8159335,49.89992,77.764435,7.2075953,-22.559166,216.51746,0.18879794,22.459297,0.018,76,764.40656
6/20/2026 23:48,33083.87,35021.4,22.326368,30.22621,1.0145934,22.763908,3.3119798,42.95026,66.97333,7.181756,-20.999908,236.22513,0.09807941,22.103447,0.018,76,764.40656
6/21/2026 0:18,32956.816,34937.152,22.265554,30.342737,1.0145661,22.70915,3.2534752,42.12184,65.689156,7.1706605,-20.337105,216.95137,0.087271094,22.032316,0.018,76,764.40656
6/21/2026 0:48,32317.53,34324.645,21.833082,30.942959,1.0142639,22.311018,2.6581614,34.26914,53.45098,7.124824,-17.614365,205.6265,0.038249314,21.938513,0.018,76,764.40656
6/21/2026 1:18,38725.562,43862.785,28.536497,25.822737,1.0201225,28.51081,6.68287,84.64518,132.6292,7.7334723,-53.124428,204.06723,0.4298958,18.868046,0,76,764.40656
6/21/2026 1:48,38738.81,43990.88,28.62386,25.813908,1.0202181,28.594072,6.9074836,87.338936,136.87215,7.773456,-55.446625,232.69177,0.2868901,18.749216,0,76,764.40656
6/21/2026 2:18,38858.7,44124.863,28.72092,25.734262,1.0202916,28.681162,7.036557,89.02629,139.516,7.789636,-56.39553,243.09158,0.4364363,18.751472,0,76,764.40656
6/21/2026 2:48,38861.93,44127.52,28.72289,25.732124,1.0202929,28.682888,7.0568237,89.28572,139.92241,7.7934556,-56.619644,256.32382,0.6280706,18.752531,0,76,764.40656
6/21/2026 3:18,38860.117,44125.277,28.721275,25.733324,1.0202914,28.68143,7.0870275,89.66719,140.52017,7.796871,-56.819916,248.82317,0.46767607,18.752726,0,76,764.40656
6/21/2026 3:48,38833.61,44105.31,28.706343,25.75089,1.0202827,28.668451,7.191799,90.96642,142.55827,7.8032517,-57.19185,266.90485,0.47066963,18.742134,0,76,764.40656
6/21/2026 4:18,38802.13,44150.7,28.735352,25.771782,1.0203253,28.697954,6.906986,87.23883,136.73225,7.780182,-55.823326,268.2495,0.601625,18.657406,0,76,764.40656
6/21/2026 4:48,38728.98,44128.438,28.716331,25.820457,1.0203261,28.683483,6.71414,84.69126,132.75072,7.762077,-54.750443,276.6895,0.39887136,18.593832,0,76,764.40656
6/21/2026 5:18,38705.07,44133.414,28.718395,25.836409,1.0203358,28.68672,6.5419292,82.46731,129.27055,7.7456613,-53.782463,253.32451,0.4522357,18.560287,0,76,764.40656
6/21/2026 5:48,38640.152,44121.164,28.706562,25.879816,1.0203422,28.678757,6.570704,82.72313,129.68272,7.748143,-53.915977,254.89331,0.21633163,18.496004,0,76,764.40656
6/21/2026 6:18,38596.746,44155.234,28.727156,25.90892,1.0203788,28.700901,6.5547724,82.396355,129.18541,7.7431235,-53.606033,233.8314,0.100774474,18.409157,0,76,764.40656
6/21/2026 6:48,38443.55,44139.527,28.707981,26.012165,1.0204037,28.690693,6.1737356,77.35318,121.305016,7.6870112,-50.292015,211.30562,0.038166735,18.243729,0,76,764.40656
6/21/2026 7:18,38347.402,44027.633,28.62717,26.077385,1.0203418,28.617962,5.9186435,74.12327,116.23964,7.635101,-47.254562,182.44743,0.038475398,18.245281,0,76,764.40656
6/21/2026 7:48,37961.305,43380.6,28.16989,26.342613,1.0199418,28.197392,5.628035,70.57894,110.65002,7.5704265,-43.501854,179.89159,0.031193469,18.459454,0,76,764.40656
6/21/2026 8:18,36027.816,40718.254,26.278582,27.75633,1.0183784,26.466864,5.0085998,62.710987,98.2473,7.42274,-34.914017,170.35007,0.03274315,18.968979,0,76,764.40656
6/21/2026 8:48,34537.98,38632.72,24.809046,28.953632,1.0171442,25.111267,4.6051736,57.682705,90.309105,7.3195934,-28.910637,192.85202,0.03310553,19.450708,0,76,764.40656
6/21/2026 9:18,33705.87,37263.77,23.855825,29.668423,1.0162858,24.22145,4.418592,55.608356,86.99289,7.261243,-25.529861,203.00388,0.039844565,20.001114,0,76,764.40656
6/21/2026 9:48,33344.066,36508.035,23.334858,29.990343,1.0157763,23.730225,4.4102826,55.814102,87.25544,7.231691,-23.827553,237.4649,0.031972345,20.462563,0,76,764.40656
6/21/2026 10:18,33159.02,35900.61,22.920422,30.157707,1.0153269,23.335396,4.58804,58.506794,91.39035,7.2207794,-23.226738,243.7067,0.039520904,21.001776,0.009,76,764.40656
6/21/2026 10:48,33097.125,35476.824,22.633486,30.214106,1.0149853,23.059937,4.731183,60.774727,94.861084,7.215295,-22.940636,268.0397,0.03255243,21.488085,0.009,76,764.40656
6/21/2026 11:18,33061.367,35059.074,22.351051,30.246782,1.0146347,22.788397,4.950036,64.1003,99.967186,7.2183013,-23.15998,218.41525,0.03191678,22.016693,0.018,76,764.40656
6/21/2026 11:48,33161.598,34762.156,22.15375,30.155363,1.0143346,22.595402,5.1138744,66.8396,104.140724,7.2167416,-23.112297,270.77197,0.03125576,22.589367,0.027,76,764.40656
6/21/2026 12:18,33235.906,34628.58,22.065557,30.087942,1.0141864,22.508575,5.764718,75.7247,117.923515,7.280184,-26.90792,243.16312,0.03760641,22.894377,0.036,76,764.40656
6/21/2026 12:48,33561.85,34766.965,22.168303,29.795734,1.0141851,22.598526,6.9106007,91.30804,142.11987,7.341357,-30.574799,256.176,0.033883695,23.185204,0.054,76,764.40656
6/21/2026 13:18,40040.86,39088.918,25.29284,24.97449,1.0156486,25.407797,8.0203905,113.87958,176.22253,7.767604,-56.524277,231.53781,0.041052848,26.27504,0.063,76,764.40656
6/21/2026 13:48,41744.223,43879.973,28.679342,23.95541,1.0193019,28.521982,8.545193,115.70712,180.3212,7.892539,-63.21907,254.3068,0.035295445,22.451698,0.027,76,764.40656
6/21/2026 14:18,41057.973,44131.527,28.827856,24.355806,1.0197109,28.685493,8.567503,113.83202,177.71388,7.898364,-63.328743,253.54861,0.03684921,21.353647,0.009,76,764.40656
6/21/2026 14:48,41130.71,44182.902,28.866238,24.312733,1.0197324,28.718885,8.703122,115.72203,180.65617,7.9205065,-64.64481,261.89328,0.03942967,21.383204,0.018,76,764.40656
6/21/2026 15:18,41126.184,44183.227,28.86628,24.315409,1.0197339,28.719097,8.781897,116.757454,182.27425,7.9320564,-65.32669,248.76117,0.03725108,21.377483,0.018,76,764.40656
6/21/2026 15:48,41004.543,44158.06,28.844015,24.38754,1.0197479,28.702738,8.873838,117.71466,183.80202,7.9414454,-65.85598,270.97226,0.18162225,21.261036,0.009,76,764.40656
6/21/2026 16:18,40693.71,44185.316,28.849915,24.573822,1.0198573,28.720457,8.849448,116.5441,182.08606,7.9424696,-65.82737,272.67456,0.16137086,20.862728,0,76,764.40656
6/21/2026 16:48,40436.223,44177.63,28.83353,24.730303,1.0199219,28.715458,8.695274,113.88014,178.00385,7.9321165,-65.15026,279.25967,0.42416695,20.565968,0,76,764.40656
6/21/2026 17:18,40094.59,44215.703,28.844248,24.941021,1.0200447,28.740206,8.434399,109.56452,171.37134,7.915255,-64.058304,249.87698,0.44740874,20.12017,0,76,764.40656
6/21/2026 17:48,40070.008,44210.664,28.83967,24.956322,1.0200473,28.73693,8.291025,107.65193,168.38565,7.9034405,-63.357353,282.197,0.41453493,20.09647,0,76,764.40656
6/21/2026 18:18,40464.695,44226.633,28.868422,24.7129,1.0199535,28.747313,8.376949,109.69465,171.46657,7.9090676,-63.786507,269.79922,0.44361266,20.546572,0,76,764.40656
6/21/2026 18:48,41066.21,44305.492,28.948225,24.35092,1.0198505,28.79857,8.198671,108.64855,169.66948,7.892167,-62.92343,265.63644,0.1926226,21.172123,0,76,764.40656
6/21/2026 19:18,41783.78,44363.895,29.01672,23.932732,1.0196928,28.836533,7.7924457,104.782936,163.42984,7.844526,-60.26745,237.751,0.040326454,21.955078,0.009,76,764.40656
6/21/2026 19:48,42367.727,44461.035,29.105326,23.60287,1.0196012,28.899673,7.172074,97.49947,151.9248,7.7615867,-55.46093,243.83545,0.033892475,22.534979,0.009,76,764.40656
6/21/2026 20:18,42494.426,44314.36,29.007425,23.532497,1.0194399,28.804333,6.584238,89.96065,140.1033,7.677087,-50.497055,220.96158,0.037629157,22.849808,0.018,76,764.40656
6/21/2026 20:48,41882.914,43357.566,28.32035,23.876085,1.0188174,28.182419,6.008782,82.31076,128.10814,7.5724363,-44.33155,206.57062,0.037794184,23.219297,0.027,76,764.40656
6/21/2026 21:18,39686.477,40752.008,26.443048,25.1975,1.0172845,26.488806,5.4208198,73.99497,115.08228,7.427312,-35.743713,183.5823,0.0393529,23.631062,0.027,76,764.40656
6/21/2026 21:48,37494.75,38318.09,24.700825,26.6704,1.0159028,24.90676,4.8662453,66.04779,102.67749,7.3044305,-28.443336,215.94048,0.040303905,23.87503,0.036,76,764.40656
6/21/2026 22:18,36437.184,37229.562,23.924658,27.444492,1.0153152,24.199217,4.4261613,59.818874,92.99227,7.2337484,-24.228096,227.80418,0.25980806,23.885675,0.036,76,764.40656
6/21/2026 22:48,35762.977,36614.062,23.485262,27.961878,1.0150129,23.79914,4.0216475,54.116234,84.14267,7.189109,-21.557808,233.71219,0.16137752,23.782995,0.036,76,764.40656
6/21/2026 23:18,35459.223,36405.22,23.334463,28.201408,1.0149391,23.663391,3.7154357,49.82525,77.49064,7.165122,-20.11776,213.37985,0.12136126,23.63952,0.027,76,764.40656
6/21/2026 23:48,35097.65,36134.07,23.139675,28.491938,1.0148313,23.487146,3.425552,45.770893,71.202896,7.1431913,-18.80169,226.04942,0.14591585,23.49829,0.027,76,764.40656
6/22/2026 0:18,34885.53,36077.633,23.095455,28.665178,1.0148607,23.450462,3.0590942,40.697563,63.335934,7.1243696,-17.666817,230.11685,0.19355103,23.270014,0.027,76,764.40656
6/22/2026 0:48,34604.016,35922.863,22.982244,28.89838,1.0148278,23.349861,2.891051,38.304478,59.631516,7.1136613,-17.018318,237.79869,0.08019103,23.077833,0.027,76,764.40656
6/22/2026 1:18,34258.49,35738.652,22.847187,29.189846,1.0147927,23.230124,2.512931,33.121502,51.58451,7.0974536,-16.040802,212.07333,0.24540046,22.831604,0.027,76,764.40656
6/22/2026 1:48,33949.08,35530.3,22.696804,29.455881,1.0147227,23.094696,1.9950044,26.195553,40.808956,7.078498,-14.90593,191.96033,0.038330264,22.669975,0.018,76,764.40656
6/22/2026 2:18,38727.184,43720.945,28.440548,25.821655,1.0200125,28.418615,6.538889,83.01231,130.04361,7.710815,-51.822662,217.96227,0.18394431,19.019947,0,76,764.40656
6/22/2026 2:48,38908.45,44149.633,28.740343,25.701359,1.0202982,28.697262,6.901543,87.38307,136.93474,7.7787905,-55.766106,244.2646,0.30861646,18.784603,0,76,764.40656
6/22/2026 3:18,38918.617,44197.465,28.773264,25.694643,1.0203327,28.728354,6.956866,88.03753,137.9674,7.7881875,-56.3097,237.0739,0.29594207,18.746712,0,76,764.40656
6/22/2026 3:48,38918.797,44209.465,28.781391,25.694525,1.0203418,28.736153,7.0549397,89.26232,139.88918,7.7977457,-56.8676,261.8122,0.30009377,18.734411,0,76,764.40656
6/22/2026 4:18,38959.62,44236.434,28.801834,25.6676,1.0203524,28.753683,7.1150866,90.06882,141.14919,7.8081717,-57.48272,266.08945,0.21317029,18.75463,0,76,764.40656
6/22/2026 4:48,38944.715,44231.08,28.797417,25.677425,1.020352,28.7502,7.156676,90.572174,141.94034,7.812361,-57.725906,276.0315,0.3178297,18.742569,0,76,764.40656
6/22/2026 5:18,38898.004,44233.5,28.796535,25.70826,1.0203654,28.751776,7.0830765,89.542076,140.33699,7.8034434,-57.19185,265.32172,0.19990431,18.684755,0,76,764.40656
6/22/2026 5:48,38781.082,44194.3,28.763685,25.785769,1.020364,28.726295,6.7746544,85.4678,133.96912,7.7730865,-55.394173,284.3952,0.10071314,18.587078,0,76,764.40656
6/22/2026 6:18,38792.004,44221.52,28.782684,25.77851,1.0203823,28.743988,6.702008,84.53614,132.51149,7.7630434,-54.802895,287.25623,0.1696043,18.571728,0,76,764.40656
6/22/2026 6:48,38810.473,44213.39,28.778193,25.766241,1.0203714,28.738705,6.6931033,84.47022,132.40279,7.7586327,-54.55017,268.4355,0.10372517,18.602043,0,76,764.40656
6/22/2026 7:18,38851.17,44227.492,28.789934,25.73925,1.0203724,28.747871,6.739072,85.11046,133.40028,7.7624316,-54.779053,238.8668,0.03719727,18.63557,0,76,764.40656
6/22/2026 7:48,38780.277,44205.574,28.771261,25.786303,1.0203729,28.733624,6.355774,80.16751,125.663155,7.7128153,-51.86081,233.96014,0.033626948,18.574406,0,76,764.40656
6/22/2026 8:18,38700.887,44109.47,28.70199,25.839201,1.0203185,28.671156,5.96039,75.157616,117.80919,7.647033,-48.007965,224.44247,0.0328689,18.58025,0,76,764.40656
6/22/2026 8:48,38290.383,43467.48,28.246222,26.116219,1.0199267,28.253862,5.605337,70.73514,110.84946,7.57323,-43.711662,199.5039,0.033183936,18.764254,0,76,764.40656
6/22/2026 9:18,36165.426,40632.97,26.228083,27.650719,1.0182735,26.41143,4.7806544,60.15123,94.20123,7.396195,-33.388138,169.6682,0.036915805,19.24352,0,76,764.40656
6/22/2026 9:48,34446.527,38330.85,24.602726,29.030502,1.0169281,24.915054,4.2235565,53.081745,83.07702,7.2748322,-26.302338,189.3425,0.035273947,19.69441,0,76,764.40656
6/22/2026 10:18,33492.9,37013.562,23.679386,29.857075,1.0161473,24.058815,3.8979006,49.021736,76.686775,7.2078414,-22.387505,187.00122,0.13090311,20.019987,0,76,764.40656
6/22/2026 10:48,32781.598,36085.492,23.029566,30.50492,1.0156084,23.45557,3.7521868,47.17347,73.77533,7.1753855,-20.489693,206.14148,0.03502342,20.206415,0,76,764.40656
6/22/2026 11:18,32256.729,35406.51,22.555265,31.001284,1.0152153,23.014233,3.7387028,46.99249,73.47755,7.156536,-19.388199,200.6054,0.056326013,20.342377,0,76,764.40656
6/22/2026 11:48,31981.469,35049.73,22.306501,31.268106,1.0150083,22.782326,3.7264032,46.834526,73.22247,7.1511955,-19.078255,226.98402,0.043625653,20.41674,0,76,764.40656
6/22/2026 12:18,31347.473,34304.043,21.785337,31.900497,1.0145961,22.297628,3.6649683,45.982365,71.88257,7.136643,-18.224716,239.86816,0.03826069,20.487577,0,76,764.40656
6/22/2026 12:48,31182.61,34121.074,21.657328,32.069157,1.0144982,22.178698,3.5921292,45.03764,70.40534,7.131383,-17.914772,242.76733,0.061032664,20.491165,0,76,764.40656
6/22/2026 13:18,30664.125,33557.824,21.263424,32.611397,1.0142014,21.812586,3.3564248,41.980354,65.6266,7.120796,-17.290115,227.83755,0.039304715,20.485325,0,76,764.40656
6/22/2026 13:48,29322.922,32141.666,20.275545,34.103012,1.0134721,20.892082,3.2347076,40.165504,62.79669,7.094181,-15.716553,204.14828,0.05425261,20.408506,0,76,764.40656
6/22/2026 14:18,38273.977,43116.23,28.007906,26.127413,1.0196583,28.02555,8.320752,105.56073,165.3442,7.869582,-61.159134,247.22577,0.112352215,19.120054,0,76,764.40656
6/22/2026 14:48,38170.637,43211.848,28.067242,26.198149,1.0197593,28.0877,8.314286,105.06225,164.61499,7.904625,-63.16662,262.99475,0.18817715,18.892004,0,76,764.40656
6/22/2026 15:18,38057.016,43164.582,28.029371,26.276363,1.0197514,28.056978,8.288816,104.543945,163.82239,7.902344,-63.01403,246.23871,0.23431662,18.804829,0,76,764.40656
6/22/2026 15:48,37957.062,43080.734,27.967518,26.345558,1.0197121,28.002478,8.258335,104.05846,163.06862,7.902949,-63.04264,274.55328,0.3655521,18.7732,0,76,764.40656
6/22/2026 16:18,37690.03,42903.2,27.833654,26.532215,1.0196425,27.88708,8.272416,103.88602,162.8281,7.9094677,-63.3955,275.23517,0.6447858,18.638222,0,76,764.40656
6/22/2026 16:48,37622.113,42938.574,27.85382,26.580112,1.0196868,27.910074,8.357863,104.7307,164.17863,7.9226155,-64.139366,283.50354,0.68943816,18.517511,0,76,764.40656
6/22/2026 17:18,37588.996,42919.15,27.838963,26.60353,1.0196803,27.897448,8.259842,103.45464,162.18253,7.914792,-63.676834,264.12012,0.537521,18.497879,0,76,764.40656
6/22/2026 17:48,37823.742,43236.94,28.065628,26.438421,1.0198658,28.104013,7.9655733,99.803566,156.46988,7.88942,-62.179565,289.526,0.3826084,18.445105,0,76,764.40656
6/22/2026 18:18,37957.383,43406.527,28.187138,26.345335,1.0199627,28.214243,7.861842,98.54222,154.496,7.880364,-61.645508,289.47354,0.3780691,18.427359,0,76,764.40656
6/22/2026 18:48,37920.355,43353.81,28.149603,26.371061,1.0199313,28.179976,7.7224965,96.794136,151.75314,7.869901,-61.035156,288.08118,0.411727,18.438316,0,76,764.40656
6/22/2026 19:18,37875.625,43296.777,28.108755,26.402205,1.0198987,28.142906,7.654081,95.92447,150.38844,7.8600264,-60.458183,257.9975,0.25288633,18.444548,0,76,764.40656
6/22/2026 19:48,37600,42952.14,27.861755,26.595745,1.0197029,27.918892,7.3638296,92.2061,144.55276,7.8103294,-57.554245,274.72018,0.04023756,18.476068,0,76,764.40656
6/22/2026 20:18,37457.184,42747.918,27.71663,26.69715,1.0195816,27.786148,6.916779,86.605965,135.76535,7.7296686,-52.838326,269.15073,0.27998656,18.520111,0,76,764.40656
6/22/2026 20:48,37221.03,42397.92,27.468582,26.866531,1.0193717,27.55865,6.449873,80.7741,126.60839,7.6314135,-47.097206,262.19366,0.0393553,18.607203,0,76,764.40656
6/22/2026 21:18,37048.46,42116.11,27.269964,26.991674,1.0191982,27.375471,6.0720162,76.08651,119.24595,7.555576,-42.66739,234.02692,0.041638467,18.700228,0,76,764.40656
6/22/2026 21:48,36583.617,41468.387,26.810467,27.33464,1.0188161,26.954453,5.8062344,72.74015,113.980896,7.496369,-39.215088,226.12572,0.038516544,18.832724,0,76,764.40656
6/22/2026 22:18,35438.793,40055.05,25.80457,28.217665,1.0180184,26.035782,5.3348756,66.604256,104.34718,7.395922,-33.340454,189.62384,0.15527388,18.966082,0,76,764.40656
6/22/2026 22:48,33330.797,37549.4,24.02962,30.002283,1.0166318,24.407108,4.697168,58.19448,91.15272,7.2633657,-25.577545,166.893,0.03712913,19.1179,0,76,764.40656
6/22/2026 23:18,31840.004,35805.004,22.802351,31.407032,1.0156791,23.273252,4.27679,52.685783,82.514534,7.1870575,-21.104813,174.07895,0.40234467,19.20216,0,76,764.40656
6/22/2026 23:48,31169.502,35031.54,22.260292,32.08264,1.015261,22.7705,4.0068245,49.225655,77.09265,7.1522675,-19.06395,191.56934,0.040089786,19.228033,0,76,764.40656
6/23/2026 0:18,30751.324,34549.617,21.923344,32.518925,1.0150014,22.45725,3.7927723,46.517044,72.849045,7.130243,-17.77172,177.48355,0.047304224,19.244116,0,76,764.40656
6/23/2026 0:48,30280.682,34010.297,21.546879,33.024357,1.0147122,22.106693,3.594364,43.997406,68.90172,7.109115,-16.531944,185.90451,0.04079816,19.25857,0,76,764.40656
6/23/2026 1:18,30130.605,33838.63,21.427206,33.188847,1.0146202,21.995108,3.3538477,41.027485,64.25031,7.107812,-16.45565,192.71375,0.16983299,19.262846,0,76,764.40656
6/23/2026 1:48,29616.465,33256.934,21.022032,33.765003,1.0143112,21.617006,3.323603,40.564533,63.524773,7.088724,-15.335083,205.2021,0.085041605,19.268848,0,76,764.40656
6/23/2026 2:18,29254.197,32845.633,20.736153,34.18313,1.0140927,21.34966,3.0989554,37.76316,59.137257,7.08547,-15.144348,201.13467,0.080589406,19.275246,0,76,764.40656
6/23/2026 2:48,34248.38,38796.957,24.904907,29.198462,1.0173585,25.218023,6.523,80.84146,126.6703,7.4936194,-39.05773,189.84795,0.43494734,18.861748,0,76,764.40656
6/23/2026 3:18,37540.668,43003.508,27.89305,26.63778,1.019757,27.95228,7.323251,91.49315,143.45927,7.743475,-53.61557,253.61061,0.6327833,18.349085,0,76,764.40656
6/23/2026 3:48,37573.816,43177.242,28.01163,26.614279,1.0198815,28.065208,7.428571,92.619965,145.25365,7.7905426,-56.34308,274.1003,0.54103744,18.205378,0,76,764.40656
6/23/2026 4:18,36830.54,42593.7,27.57829,27.15138,1.0196189,27.685905,7.6462812,94.55976,148.35178,7.8440356,-59.41391,277.4048,0.07049565,17.915943,0,76,764.40656
6/23/2026 4:48,36461.07,42250.496,27.327637,27.426512,1.0194484,27.462824,7.736244,95.36269,149.62889,7.8601,-60.334206,284.6527,0.035032887,17.82585,0,76,764.40656
6/23/2026 5:18,36517.246,42313.855,27.37319,27.384321,1.0194827,27.504007,7.710014,95.068596,149.16707,7.8634386,-60.52971,269.61804,0.034677383,17.827705,0,76,764.40656
6/23/2026 5:48,36692.508,42479.176,27.493769,27.253521,1.0195655,27.611464,7.615331,94.04207,147.54878,7.849915,-59.747696,290.4892,0.035552736,17.867868,0,76,764.40656
6/23/2026 6:18,36920.008,42699.797,27.654411,27.085585,1.0196776,27.754868,7.4492626,92.160416,144.58807,7.8318906,-58.703423,291.3046,0.03899636,17.913158,0,76,764.40656
6/23/2026 6:48,36898.312,42666.945,27.631174,27.101511,1.019658,27.733515,7.3921103,91.45512,143.48001,7.8262334,-58.374405,296.85022,0.036858167,17.921389,0,76,764.40656
6/23/2026 7:18,36926.496,42695.652,27.652004,27.080826,1.0196729,27.752174,7.239156,89.58104,140.5391,7.8120255,-57.54471,276.90887,0.05693426,17.92551,0,76,764.40656
6/23/2026 7:48,36893.355,42630.91,27.606783,27.105152,1.0196317,27.71009,7.149399,88.494194,138.82893,7.799206,-56.800842,282.4831,0.036183625,17.953577,0,76,764.40656
6/23/2026 8:18,36847.363,42503.742,27.519045,27.138985,1.0195463,27.627434,7.085392,87.78882,137.70825,7.7920113,-56.39553,266.79517,0.03390873,18.032486,0,76,764.40656
6/23/2026 8:48,36765.418,42302.508,27.3797,27.199472,1.0194132,27.49663,6.818926,84.602684,132.69054,7.7481866,-53.85399,265.78427,0.0314539,18.146978,0,76,764.40656
6/23/2026 9:18,35840.625,40969.785,26.4374,27.901299,1.0186243,26.630362,6.2176514,77.14877,120.95213,7.6041737,-45.47596,233.96492,0.031767327,18.445356,0,76,764.40656
6/23/2026 9:48,34362.72,39112.79,25.121094,29.101307,1.0175751,25.423313,5.8147945,71.85441,112.62212,7.5126753,-40.14492,258.8606,0.031401362,18.641602,0,76,764.40656
6/23/2026 10:18,30526.027,34348.15,21.780409,32.75893,1.0149094,22.326296,4.935895,60.404682,94.60729,7.2824516,-26.70288,247.0398,0.2695155,19.174038,0,76,764.40656
6/23/2026 10:48,27994.088,31280.498,19.657516,35.72183,1.0132216,20.332323,4.478478,54.45881,85.25587,7.1742787,-20.375252,227.61345,0.039867982,19.49934,0,76,764.40656
6/23/2026 11:18,25188.166,28032.383,17.43262,39.701183,1.0114908,18.22105,4.2422256,51.095222,79.96869,7.1265407,-17.580986,187.19196,0.034677874,19.687862,0.009,76,764.40656
6/23/2026 11:48,23102.674,25649.238,15.818637,43.285034,1.0102417,16.672005,4.1484985,49.600304,77.61632,7.071066,-14.324188,211.13873,0.031474166,19.801872,0,76,764.40656
6/23/2026 12:18,20914.451,23051.387,14.081813,47.813828,1.0088474,14.983401,4.3256426,51.53094,80.59713,7.0510263,-13.160706,230.23605,0.033482287,20.146433,0,76,764.40656
6/23/2026 12:48,19678.83,21493.281,13.052528,50.81603,1.0079682,13.970633,4.632017,55.30509,86.444496,7.0542536,-13.370514,263.896,0.034361266,20.58013,0,76,764.40656
6/23/2026 13:18,18660.193,20288.078,12.259758,53.59001,1.0073179,13.187251,4.8984866,58.45905,91.34406,7.055135,-13.432503,267.7202,0.24581116,20.799034,0.009,76,764.40656
6/23/2026 13:48,17709.416,19192.205,11.5425005,56.467136,1.0067396,12.474934,4.9788485,59.34527,92.70675,7.0416927,-12.645721,293.0975,0.030559352,20.954975,0,76,764.40656
6/23/2026 14:18,17215.516,18563.416,11.134175,58.087135,1.0063738,12.06622,5.267769,62.930153,98.26998,7.050954,-13.203621,293.1404,0.03648152,21.1984,0.018,76,764.40656
6/23/2026 14:48,23079.48,25108.95,15.47011,43.328533,1.0097505,16.320818,6.4954014,78.94326,123.35704,7.2605147,-25.553703,273.15616,0.036760297,20.768244,0.009,76,764.40656
6/23/2026 15:18,37623.816,43030.63,27.915848,26.578909,1.019757,27.96991,8.001934,100.12413,156.9774,7.871102,-61.101913,268.63098,0.033782713,18.421452,0,76,764.40656
6/23/2026 15:48,37514.91,43081.336,27.94392,26.656069,1.0198227,28.002869,7.849915,97.88941,153.51157,7.8711987,-61.068535,283.0982,0.03132002,18.235214,0,76,764.40656
6/23/2026 16:18,37437.168,43160.562,27.99272,26.711422,1.0199021,28.054367,7.693577,95.641045,150.02066,7.86409,-60.61554,275.9886,0.034124244,18.057222,0,76,764.40656
6/23/2026 16:48,37369.645,43159.035,27.987822,26.759687,1.0199171,28.053373,7.6994934,95.564354,149.916,7.8668227,-60.75859,277.26172,0.032206915,17.976917,0,76,764.40656
6/23/2026 17:18,37336.156,43204.59,28.016422,26.78369,1.0199598,28.082983,7.669601,95.047905,149.12291,7.866404,-60.715675,249.33337,0.030319277,17.888538,0,76,764.40656
6/23/2026 17:48,37256.12,43212.95,28.017353,26.841227,1.0199851,28.088417,7.603355,94.03568,147.5549,7.863762,-60.539246,265.7175,0.033803344,17.782812,0,76,764.40656
6/23/2026 18:18,37245.36,43243.844,28.037388,26.848982,1.020011,28.1085,7.6445947,94.47467,148.25232,7.867433,-60.744286,260.5772,0.030877683,17.73754,0,76,764.40656
6/23/2026 18:48,37282.242,43244.195,28.0398,26.822422,1.0200025,28.108728,7.6773896,94.962364,149.0092,7.871029,-60.96363,255.46552,0.029999534,17.781824,0,76,764.40656
6/23/2026 19:18,37308.516,43236.83,28.036402,26.803532,1.0199907,28.10394,7.5895166,93.94512,147.4055,7.8628902,-60.49633,231.50444,0.033167727,17.821331,0,76,764.40656
6/23/2026 19:48,37216.89,43106.824,27.944012,26.86952,1.0199143,28.019438,7.499549,92.824646,145.64275,7.8506436,-59.785843,241.89471,0.03511249,17.846294,0,76,764.40656
6/23/2026 20:18,37291.977,43162.754,27.98583,26.81542,1.0199386,28.05579,7.3493547,91.04529,142.8449,7.834946,-58.875084,230.31235,0.034597706,17.878801,0,76,764.40656
6/23/2026 20:48,37272.082,42984.203,27.86504,26.829733,1.019808,27.939732,6.8455324,85.00954,133.34683,7.750881,-53.99227,239.89677,0.0302893,18.042469,0,76,764.40656
6/23/2026 21:18,37430.473,42937.35,27.842505,26.7162,1.0197335,27.909279,6.1998696,77.340034,121.27779,7.629532,-46.93508,207.17145,0.029498396,18.285141,0,76,764.40656
6/23/2026 21:48,37356.363,42668.56,27.657812,26.769201,1.0195459,27.734564,5.8535037,73.21308,114.7763,7.5575867,-42.75322,208.88806,0.028727015,18.481726,0,76,764.40656
6/23/2026 22:18,36818.94,41827.367,27.063847,27.159933,1.0190337,27.187788,5.649734,70.74936,110.87675,7.5028663,-39.582253,201.05362,0.032228686,18.730871,0,76,764.40656
6/23/2026 22:48,35066.547,39559.35,25.454361,28.517208,1.0177307,25.71358,5.30124,66.15675,103.63357,7.39567,-33.335686,194.99301,0.0306801,19.053864,0,76,764.40656
6/23/2026 23:18,32479.07,36449.086,23.258644,30.789059,1.016003,23.691906,4.9672236,61.468704,96.25725,7.2996345,-27.723312,150.4469,0.033742078,19.29741,0,76,764.40656
6/23/2026 23:48,30516.691,34149.043,21.648703,32.76895,1.0147486,22.196878,4.6141043,56.700222,88.77338,7.2192383,-23.012161,151.81064,0.032838825,19.431015,0,76,764.40656
6/24/2026 0:18,29530.547,33013.55,20.858332,33.86324,1.014138,21.458807,4.3730373,53.532925,83.809105,7.1781197,-20.599365,155.89714,0.032872796,19.47632,0,76,764.40656
6/24/2026 0:48,28764.498,32164.354,20.268337,34.765076,1.0136929,20.90683,4.1545467,50.670498,79.328964,7.146729,-18.754005,161.71455,0.030853812,19.465834,0,76,764.40656
6/24/2026 1:18,28114.701,31474.41,19.789328,35.56858,1.0133423,20.458366,3.9307168,47.754765,74.7699,7.1229277,-17.352104,164.2561,0.03511971,19.4113,0,76,764.40656
6/24/2026 1:48,27608.562,30962.445,19.433756,36.220646,1.0130918,20.12559,3.812336,46.145912,72.25928,7.107911,-16.465187,179.05713,0.030817019,19.328743,0,76,764.40656
6/24/2026 2:18,27007.05,30350.316,19.009766,37.027367,1.0127923,19.727707,3.5979314,43.36108,67.90766,7.0897307,-15.392303,182.46173,0.042164315,19.232677,0,76,764.40656
6/24/2026 2:48,26238.855,29583.857,18.479778,38.11142,1.0124253,19.229507,3.5032914,41.964275,65.734024,7.074105,-14.467239,190.97806,0.038167235,19.080185,0,75,764.40656
6/24/2026 3:18,25400.635,28841.379,17.963953,39.369095,1.0121076,18.746897,3.5556014,42.192787,66.121475,7.0737295,-14.429092,189.57138,0.15862179,18.753984,0,75,764.40656
6/24/2026 3:48,23997.215,27279.64,16.899712,41.6715,1.0113117,17.731766,3.2006524,37.701256,59.08698,7.053598,-13.246536,179.71039,0.032927614,18.700258,0,75,764.40656
6/24/2026 4:18,36092.527,41987.34,27.130672,27.706566,1.0193388,27.29177,6.6657767,81.79061,128.3626,7.724286,-52.366257,217.70477,0.030528612,17.649477,0,75,764.40656
6/24/2026 4:48,36409.97,42422.49,27.439386,27.465006,1.0195906,27.57462,7.138304,87.63288,137.5437,7.802416,-56.915283,244.48871,0.031635113,17.579605,0,75,764.40656
6/24/2026 5:18,36509.113,42545.668,27.527407,27.39042,1.0196598,27.654684,7.174529,88.11047,138.29472,7.812244,-57.487488,218.02426,0.027327007,17.571514,0,75,764.40656
6/24/2026 5:48,36552.55,42582.312,27.554432,27.357872,1.019677,27.678503,7.149238,87.83941,137.86667,7.814889,-57.644844,245.97168,0.024453847,17.586254,0,75,764.40656
6/24/2026 6:18,36683.336,42688.043,27.632736,27.260334,1.0197256,27.747229,7.2317467,88.9794,139.6472,7.826726,-58.345795,272.9702,0.028522532,17.635351,0,75,764.40656
6/24/2026 6:48,36743.508,42725.18,27.66109,27.215693,1.0197392,27.771366,7.302532,89.92596,141.12654,7.834771,-58.82263,284.1139,0.027596854,17.669977,0,75,764.40656
6/24/2026 7:18,36777.973,42734.215,27.669155,27.190187,1.0197378,27.777239,7.378801,90.92696,142.69156,7.8391485,-59.084892,246.47713,0.028026452,17.702682,0,75,764.40656
6/24/2026 7:48,36801.734,42676.402,27.631918,27.172632,1.0196885,27.739662,7.399144,91.31611,143.28568,7.832795,-58.732033,227.83755,0.025230939,17.792871,0,75,764.40656
6/24/2026 8:18,36894.855,42664.79,27.629538,27.10405,1.0196573,27.732113,7.3742085,91.229485,143.12637,7.8242006,-58.255196,252.78568,4.0344825,17.919436,0,75,764.40656
6/24/2026 8:48,37038.434,42615.984,27.605003,26.998981,1.019585,27.70039,7.4578743,92.65644,145.32188,7.825376,-58.369637,279.09277,3.595839,18.147682,0,75,764.40656
6/24/2026 9:18,37325.188,42694.547,27.673594,26.79156,1.0195737,27.751457,7.4573326,93.16426,146.06664,7.823075,-58.288574,248.79456,0.0273356,18.415592,0,75,764.40656
6/24/2026 9:48,37391.332,42393.504,27.474575,26.744165,1.0193245,27.555779,7.3295255,92.169945,144.42865,7.789484,-56.4003,224.33759,0.021647098,18.822313,0,75,764.40656
6/24/2026 10:18,36590.64,41206.836,26.634956,27.329393,1.0186095,26.784443,6.928207,87.20368,136.588,7.692515,-50.768852,226.46904,0.020869728,19.134819,0,75,764.40656
6/24/2026 10:48,34759.465,38749.977,24.897741,28.769142,1.0171732,25.187485,6.5999866,82.95903,129.8532,7.579109,-44.18373,248.73734,0.022961134,19.608326,0,75,764.40656
6/24/2026 11:18,32194.3,35438.188,22.573883,31.061398,1.0152627,23.03482,6.164095,77.29022,120.87519,7.429778,-35.476685,238.42334,0.025546804,20.207516,0,75,764.40656
6/24/2026 11:48,30541.75,33081.406,20.94245,32.742065,1.0138354,21.502914,5.98857,75.45658,117.87054,7.3317266,-29.77848,264.0581,0.02279999,20.980633,0,75,764.40656
6/24/2026 12:18,29821.002,31911.084,20.140018,33.533413,1.0130798,20.742205,6.00225,76.10461,118.773384,7.289145,-27.318,256.57178,0.02550046,21.570835,0.009,75,764.40656
6/24/2026 12:48,28795.193,30334.887,19.061563,34.72802,1.0120676,19.717676,6.0710406,77.59062,120.94128,7.2660027,-26.016235,287.07028,0.023207046,22.342592,0.009,75,764.40656
6/24/2026 13:18,28060.955,29161.232,18.262423,35.636707,1.0112867,18.954802,6.185404,79.6737,124.0455,7.247276,-24.962425,266.59967,0.033956803,23.024565,0.027,75,764.40656
6/24/2026 13:48,27353.299,27946.443,17.43904,36.558662,1.010436,18.165188,6.334874,82.49299,128.23991,7.2398996,-24.59526,294.72827,0.025138207,23.888779,0.036,75,764.40656
6/24/2026 14:18,26995.992,27210.826,16.942892,37.042534,1.0098727,17.687038,6.5632095,86.29622,133.98067,7.251932,-25.372505,292.62067,0.026242107,24.586641,0.045,75,764.40656
6/24/2026 14:48,26839.924,26859.799,16.706558,37.25793,1.0095913,17.45887,6.6998315,88.562355,137.40176,7.255541,-25.62046,307.5075,0.029317338,24.96126,0.063,75,764.40656
6/24/2026 15:18,26900.54,26847.252,16.69921,37.173977,1.0095459,17.450714,6.9293833,91.82478,142.42441,7.2634563,-26.106834,280.17044,0.033494934,25.10392,0.072,75,764.40656
6/24/2026 15:48,32906.715,32801.86,20.81747,30.388935,1.0126163,21.321209,8.072583,109.6297,170.01991,7.6948433,-51.956177,241.22238,0.1781707,25.16736,0.063,75,764.40656
6/24/2026 16:18,39572.89,42644.637,27.74508,25.269825,1.018923,27.719015,8.22031,108.28221,169.08253,7.91132,-64.06784,233.79326,0.033537872,21.228731,0.018,75,764.40656
6/24/2026 16:48,39311.637,42951.895,27.94479,25.437761,1.019248,27.918732,8.270195,107.74148,168.40944,7.916284,-64.21566,231.33755,0.036219716,20.562723,0,75,764.40656
6/24/2026 17:18,39168.234,43044.816,28.001993,25.530893,1.0193626,27.97913,8.2926445,107.51673,168.12766,7.918043,-64.258575,219.1925,0.03756142,20.284859,0,75,764.40656
6/24/2026 17:48,38909.816,43029.97,27.980145,25.700455,1.0194216,27.96948,8.183543,105.50306,165.05084,7.9109707,-63.77697,233.00171,0.04060887,19.986872,0,75,764.40656
6/24/2026 18:18,38719.44,43113.55,28.028065,25.826818,1.0195391,28.023808,8.129152,104.20168,163.09073,7.9066515,-63.45272,235.21423,0.03785823,19.663904,0,75,764.40656
6/24/2026 18:48,38588.977,43093.637,28.008247,25.914137,1.0195582,28.010864,8.098366,103.52931,162.06993,7.9047217,-63.30967,240.51666,0.06536847,19.527126,0,75,764.40656
6/24/2026 19:18,38578.332,43119.44,28.025248,25.921286,1.0195813,28.027637,8.138468,103.97258,162.77322,7.9073067,-63.45272,215.52563,0.040238343,19.486143,0,75,764.40656
6/24/2026 19:48,38325.77,43092.88,27.994719,26.092106,1.0196267,28.010372,8.003702,101.699425,159.2766,7.894608,-62.646866,236.47308,0.036871217,19.208164,0,75,764.40656
6/24/2026 20:18,38229.117,43124.055,28.01091,26.158072,1.0196761,28.030636,7.8464065,99.42671,155.74977,7.8822393,-61.888695,254.09222,0.039224915,19.057158,0,75,764.40656
6/24/2026 20:48,38287.67,43099.145,27.997034,26.118067,1.0196415,28.014444,7.7091537,97.86014,153.27498,7.8705134,-61.221123,275.1112,0.3496019,19.155115,0,75,764.40656
6/24/2026 21:18,38459.152,43134.285,28.029436,26.001614,1.0196242,28.037287,7.5397577,96.035774,150.38188,7.854968,-60.343742,252.56157,0.041037224,19.325367,0,75,764.40656
6/24/2026 21:48,38656.79,43159.535,28.05628,25.868677,1.019592,28.0537,6.7287083,86.061386,134.7227,7.7443795,-53.887367,256.33334,0.033042703,19.537804,0,75,764.40656
6/24/2026 22:18,38964.016,43269.793,28.145958,25.664705,1.0195973,28.125366,6.170902,79.34227,124.15974,7.6467295,-48.189163,257.18213,0.034513474,19.79005,0,75,764.40656
6/24/2026 22:48,39059.89,43129.742,28.055029,25.60171,1.0194602,28.034334,5.97711,77.19587,120.7538,7.609859,-46.06247,247.82181,0.03190741,20.059526,0,75,764.40656
6/24/2026 23:18,38690.895,42317.266,27.484516,25.845875,1.0189111,27.506222,5.766616,74.854225,117.012405,7.567495,-43.63537,218.46771,0.03266047,20.513357,0,75,764.40656
6/24/2026 23:48,37054.656,39975.62,25.821926,26.987162,1.0174798,25.984154,5.5040503,71.61897,111.84236,7.4783015,-38.461685,231.72855,0.030525101,21.174416,0,75,764.40656
6/25/2026 0:18,35090.35,37536.426,24.093126,28.497862,1.0160633,24.398678,5.1601467,66.97536,104.52286,7.3816013,-32.79209,202.25525,0.03174029,21.588202,0.009,75,764.40656
6/25/2026 0:48,33836.168,36084.84,23.068327,29.554174,1.0152496,23.455145,4.9006767,63.40169,98.92222,7.318677,-29.082298,184.70764,0.030544657,21.737366,0.009,75,764.40656
6/25/2026 1:18,32816.914,34996.734,22.301136,30.472092,1.0146694,22.747877,4.616432,59.45951,92.771225,7.269718,-26.183128,195.75119,0.036009353,21.73893,0.009,75,764.40656
6/25/2026 1:48,32104.11,34281.57,21.797253,31.14866,1.0143052,22.28302,4.378712,56.165718,87.64112,7.236392,-24.204254,214.81514,0.032824747,21.674507,0.009,75,764.40656
6/25/2026 2:18,31308.07,33509.992,21.25436,31.940647,1.0139246,21.781496,4.131037,52.709656,82.26328,7.2016654,-22.13955,206.58969,0.033804968,21.559717,0.009,75,764.40656
6/25/2026 2:48,30708.777,32969.777,20.873867,32.56398,1.0136752,21.430355,3.8551962,48.944836,76.40568,7.1756577,-20.589828,210.40916,0.03656344,21.409527,0,75,764.40656
6/25/2026 3:18,30163.92,32544.59,20.572483,33.15219,1.013508,21.153984,3.577449,45.137615,70.48874,7.152303,-19.192696,182.67632,0.04076495,21.170105,0.009,75,764.40656
6/25/2026 3:48,29410.014,31862.576,20.094145,34.002026,1.0131963,20.710674,3.5504196,44.504963,69.522224,7.134602,-18.134117,229.60663,0.036123272,20.969994,0,75,764.40656
6/25/2026 4:18,28830.203,31449.85,19.800941,34.68585,1.0130565,20.442404,3.4805384,43.284775,67.650185,7.134625,-18.115044,227.66113,0.03614506,20.638952,0,75,764.40656
6/25/2026 4:48,27883.959,30529.57,19.161121,35.862915,1.0126152,19.844221,3.5379987,43.689247,68.30034,7.1172605,-17.080307,235.25714,0.03826562,20.462965,0,75,764.40656
6/25/2026 5:18,36239.625,41642.17,26.908648,27.594105,1.0190395,27.067411,5.948519,73.680984,115.55177,7.6088824,-45.71438,208.46844,0.03239046,18.207466,0,75,764.40656
6/25/2026 5:48,37288.348,43207.105,28.01532,26.81803,1.019973,28.084618,6.922476,85.6884,134.44907,7.780449,-55.680275,271.9593,0.033957552,17.82797,0,75,764.40656
6/25/2026 6:18,37392.023,43274.273,28.06635,26.743671,1.019999,28.128279,7.094997,87.94436,137.97894,7.804336,-57.086945,271.86395,0.03235837,17.88327,0,75,764.40656
6/25/2026 6:48,37502.4,43307.51,28.09501,26.66496,1.0199978,28.149881,7.3359447,91.11944,142.94214,7.8310003,-58.665276,279.40274,0.032912116,17.98199,0,75,764.40656
6/25/2026 7:18,37555.254,43313.246,28.101887,26.627432,1.0199895,28.15361,7.3858767,91.84556,144.0704,7.8356934,-58.951378,259.55676,0.028072475,18.039875,0,75,764.40656
6/25/2026 7:48,37603.52,43294.047,28.09175,26.593256,1.0199631,28.14113,7.463028,92.93921,145.77095,7.843574,-59.428215,283.38434,0.030776715,18.118376,0,75,764.40656
6/25/2026 8:18,37725.355,43323.75,28.118572,26.507372,1.0199564,28.160437,7.5690155,94.483894,148.17117,7.8527846,-59.990883,283.81824,0.030220116,18.234434,0,75,764.40656
6/25/2026 8:48,37829.516,43320.227,28.121996,26.434385,1.0199281,28.158148,7.5812798,94.873886,148.75726,7.8520846,-59.976578,292.53006,0.031648688,18.36403,0,75,764.40656
6/25/2026 9:18,37952.457,43365.742,28.159403,26.348755,1.0199326,28.187733,7.625904,95.63663,149.93317,7.8566175,-60.26268,269.22702,0.032082148,18.464472,0,75,764.40656
6/25/2026 9:48,38093.746,43301.92,28.124004,26.251028,1.0198483,28.14625,7.7495975,97.60893,152.97623,7.8583803,-60.415268,287.2038,0.026887277,18.702833,0,75,764.40656
6/25/2026 10:18,38601.223,43346.715,28.18053,25.905914,1.0197533,28.175365,7.7064443,98.14139,153.6913,7.840878,-59.50451,281.71063,0.026771909,19.26819,0,75,764.40656
6/25/2026 10:48,38921.094,43312.734,28.173136,25.693008,1.0196426,28.153276,7.7525625,99.51103,155.74309,7.8330083,-59.127808,281.682,0.023674661,19.691425,0,75,764.40656
6/25/2026 11:18,38761.1,42497.82,27.610748,25.79906,1.0190369,27.623583,7.241294,93.86307,146.75269,7.7333665,-53.396225,262.1603,0.029137703,20.396473,0,75,764.40656
6/25/2026 11:48,37147.062,40445.043,26.144865,26.920029,1.017839,26.289278,6.8608975,88.71549,138.63503,7.626009,-47.121048,283.42725,0.02254935,20.730772,0.009,75,764.40656
6/25/2026 12:18,33894.777,36052.875,23.048698,29.50307,1.0152012,23.434368,6.129278,79.47457,123.974236,7.41271,-34.66606,280.42316,0.023826452,21.866009,0.009,75,764.40656
6/25/2026 12:48,32164.047,33835.8,21.499655,31.090614,1.0138878,21.99327,5.980243,77.61866,120.970825,7.3345046,-30.088425,289.33047,0.024792807,22.4132,0.018,75,764.40656
6/25/2026 13:18,31736.766,33035.184,20.948652,31.509197,1.0133318,21.47287,6.0179086,78.61006,122.4068,7.309702,-28.66745,273.40887,0.03130702,22.942196,0.018,75,764.40656
6/25/2026 13:48,30168.229,30867.127,19.451777,33.147453,1.011969,20.063631,6.152129,80.93532,125.83526,7.270786,-26.431084,306.67783,0.028551895,23.814547,0.036,75,764.40656
6/25/2026 14:18,29575.635,29903.367,18.791904,33.811615,1.0113049,19.43719,6.348993,84.12444,130.64783,7.2575073,-25.691986,307.24048,0.031474914,24.426195,0.045,75,764.40656
6/25/2026 14:48,29647.438,29641.318,18.617105,33.72973,1.01101,19.266857,6.4704814,86.54106,134.2531,7.2563457,-25.672913,315.423,0.029162418,25.010809,0.063,75,764.40656
6/25/2026 15:18,29482.926,29344.414,18.414413,33.91794,1.0107912,19.07387,6.9991045,93.89391,145.5935,7.2748647,-26.803017,304.1792,0.034048952,25.247133,0.072,75,764.40656
6/25/2026 15:48,29507.994,29164.688,18.293797,33.889122,1.0105954,18.957048,7.3060584,98.58205,152.75266,7.292989,-27.923584,318.8753,0.032461543,25.616302,0.081,75,764.40656
6/25/2026 16:18,28146.064,27144.889,16.915478,35.528946,1.0091809,17.644178,8.139768,111.502594,172.30876,7.362242,-32.219887,309.3004,0.03544241,26.93103,0.099,75,764.40656
6/25/2026 16:48,40667.46,39519.07,25.60565,24.589684,1.0158088,25.687395,9.687917,138.3796,214.02634,7.950655,-67.5869,287.37546,0.027247088,26.521421,0.09,75,764.40656
6/25/2026 17:18,42448.363,42462.383,27.709576,23.558035,1.0178498,27.600548,10.187303,143.42044,222.5033,8.025502,-71.72108,258.22162,0.028588332,24.982716,0.054,75,764.40656
6/25/2026 17:48,42248.87,42598.074,27.799803,23.669271,1.0180384,27.68875,10.291944,143.93636,223.47742,8.039042,-72.431564,277.70996,0.035922084,24.570805,0.045,75,764.40656
6/25/2026 18:18,42010.49,43039.523,28.102234,23.80358,1.0185032,27.97569,10.21011,140.99649,219.24213,8.030403,-71.71631,275.9218,0.038555637,23.748215,0.036,75,764.40656
6/25/2026 18:48,41611.11,43233.64,28.225372,24.032043,1.0187972,28.101866,9.715707,132.583,206.4173,8.008928,-70.26672,286.60773,0.039743233,23.03511,0.027,75,764.40656
6/25/2026 19:18,40953.824,43300.773,28.249638,24.417744,1.0190558,28.145504,9.320294,125.23532,195.26352,7.9911933,-69.00787,260.38647,0.04452763,22.162245,0.018,75,764.40656
6/25/2026 19:48,40308,43328.66,28.244534,24.808971,1.0192697,28.16363,9.156207,121.23135,189.26675,7.984082,-68.39752,291.96262,0.042044386,21.35,0.009,75,764.40656
6/25/2026 20:18,40224.137,43308.137,28.227076,24.860695,1.0192772,28.150288,8.9549265,118.384926,184.84552,7.9808416,-68.18771,286.42178,0.17428882,21.271694,0.009,75,764.40656
6/25/2026 20:48,39862.01,43322.254,28.221914,25.086542,1.0193921,28.159466,8.726752,114.41153,178.76631,7.9653354,-67.16728,294.0607,0.4237485,20.818213,0,75,764.40656
6/25/2026 21:18,39843.516,43364.73,28.250269,25.098186,1.0194317,28.187075,8.434599,110.45857,172.60811,7.936843,-65.46974,272.33124,0.5184503,20.74869,0,75,764.40656
6/25/2026 21:48,39957.64,43342.367,28.23972,25.026503,1.0193814,28.172539,8.368869,109.918755,171.72202,7.933807,-65.32669,271.66367,0.5240058,20.911375,0,75,764.40656
6/25/2026 22:18,40251.055,43394.42,28.287525,24.84407,1.0193399,28.206375,7.8250175,103.36296,161.40645,7.875422,-61.941147,269.92322,0.18879834,21.20748,0,75,764.40656
6/25/2026 22:48,40665.34,43432.59,28.330078,24.590967,1.019251,28.231182,6.8376894,91.0972,142.15062,7.73672,-53.82538,270.31897,0.038619667,21.664206,0.009,75,764.40656
6/25/2026 23:18,41042.113,43379.35,28.307217,24.365217,1.0190947,28.196579,6.451214,86.73947,135.23807,7.664544,-49.63875,248.31296,0.038994785,22.179106,0.018,75,764.40656
6/25/2026 23:48,41203.223,43016.92,28.061396,24.269947,1.0187405,27.960999,6.2031507,84.20521,131.15263,7.623094,-47.278404,254.39262,0.038697556,22.79254,0.018,75,764.40656
6/26/2026 0:18,40715.27,42115.5,27.419714,24.56081,1.0181258,27.375076,6.0306115,82.24001,127.989136,7.5789046,-44.722557,246.98257,0.038931493,23.2593,0.027,75,764.40656
6/26/2026 0:48,38469.117,39478.76,25.527786,25.994877,1.016586,25.661194,5.7582474,78.22974,121.66203,7.47685,-38.700104,232.27216,0.038305514,23.661026,0.027,75,764.40656
6/26/2026 1:18,36395.57,37301.777,23.973139,27.475872,1.0153955,24.246155,5.2834153,71.22503,110.75514,7.37177,-32.444,191.23553,0.04022332,23.728064,0.036,75,764.40656
6/26/2026 1:48,35023.27,35912.156,22.986221,28.552446,1.0146589,23.342901,4.9793725,66.71819,103.751434,7.309984,-28.758049,210.36148,0.03915729,23.704102,0.027,75,764.40656
6/26/2026 2:18,34170.24,35099.504,22.410263,29.265234,1.0142502,22.814676,4.5922375,61.22913,95.230835,7.2564435,-25.558472,216.56512,0.04021812,23.613863,0.036,75,764.40656
6/26/2026 2:48,33325.83,34318.9,21.858147,30.006756,1.0138699,22.307283,4.2201524,55.960484,87.05623,7.218368,-23.27919,239.2292,0.04106189,23.484997,0.027,75,764.40656
6/26/2026 3:18,32660.215,33692.996,21.416994,30.618292,1.0135622,21.900448,3.8816736,51.258987,79.75482,7.1838965,-21.219254,198.49301,0.115579985,23.395147,0.027,75,764.40656
6/26/2026 3:48,32050.47,33142.152,21.02906,31.20079,1.0133026,21.5424,3.570008,46.936977,73.04539,7.1495967,-19.168854,227.41794,0.14644903,23.275427,0.036,75,764.40656
6/26/2026 4:18,31784.76,32952.008,20.89391,31.461618,1.0132359,21.418806,3.358809,44.022575,68.52532,7.1348324,-18.281937,228.93906,0.14583491,23.14541,0.027,75,764.40656
6/26/2026 4:48,31117.74,32306.59,20.442068,32.13601,1.012915,20.999285,3.2504041,42.43558,66.063225,7.119036,-17.3378,245.1992,0.11959981,23.073353,0.018,75,764.40656
6/26/2026 5:18,30528.736,31775.486,20.0701,32.756023,1.0126688,20.654066,3.1819153,41.35662,64.39762,7.094703,-15.883446,228.36209,0.12210079,22.945747,0.009,75,764.40656
6/26/2026 5:48,29702.102,31208.197,19.66832,33.667652,1.0124909,20.28533,2.6120405,33.58095,52.33161,7.104126,-16.417503,243.68762,0.86226535,22.473318,0.018,75,764.40656
6/26/2026 6:18,37150.383,41420.676,26.80622,26.917624,1.0186253,26.923439,6.994704,88.91054,139.17009,7.749044,-54.17347,283.3748,0.37721905,19.60232,0,75,764.40656
6/26/2026 6:48,37728.49,42403.19,27.49827,26.50517,1.019244,27.562075,7.2434835,91.80277,143.77296,7.81438,-57.940483,294.56616,0.11222788,19.228058,0,75,764.40656
6/26/2026 7:18,37694.36,42572.96,27.61121,26.52917,1.0193855,27.672424,7.449397,94.07039,147.37071,7.841645,-59.494972,273.50427,0.07413424,19.00032,0,75,764.40656
6/26/2026 7:48,37133.926,41883.78,27.117968,26.929552,1.0189948,27.224459,7.516452,94.7504,148.4233,7.8372035,-59.247017,297.81818,0.04046473,19.062536,0,75,764.40656
6/26/2026 8:18,37307.406,42008.227,27.210575,26.804329,1.0190462,27.305347,7.4939556,94.65964,148.26498,7.8310013,-58.898926,297.16492,0.08135099,19.141237,0,75,764.40656
6/26/2026 8:48,37462.4,42121.574,27.294798,26.693432,1.0190936,27.379023,7.498974,94.89147,148.61418,7.8235416,-58.47454,304.3413,0.111679986,19.208765,0,75,764.40656
6/26/2026 9:18,37626.594,42185.027,27.34577,26.576948,1.0190997,27.420269,7.554635,95.86622,150.11273,7.823573,-58.50315,278.89728,0.06380181,19.342508,0,75,764.40656
6/26/2026 9:48,37696.684,42164.523,27.335321,26.527533,1.0190648,27.40694,7.419785,94.34383,147.70613,7.8120823,-57.849884,304.9135,0.086359605,19.452246,0,75,764.40656
6/26/2026 10:18,37773.715,42232.97,27.385365,26.473436,1.0190979,27.45143,7.415423,94.35105,147.71332,7.80804,-57.616234,270.83875,0.16161677,19.471882,0,75,764.40656
6/26/2026 10:48,37815.25,42187.844,27.356813,26.444357,1.0190511,27.422098,7.4685063,95.191895,149.00829,7.8094845,-57.721138,289.64044,0.07064378,19.573515,0,75,764.40656
6/26/2026 11:18,37822.273,42038.137,27.255697,26.439447,1.0189304,27.32479,7.3637543,94.110146,147.27803,7.796978,-57.020187,270.7529,0.040621873,19.749392,0,75,764.40656
6/26/2026 11:48,37869.63,41757.97,27.067755,26.406385,1.0186936,27.14268,7.0015054,90.0098,140.78459,7.7430305,-53.915977,288.98715,0.24908148,20.124811,0,75,764.40656
6/26/2026 12:18,36158.715,39054.91,25.16185,27.65585,1.0169944,25.385693,6.2652845,81.124596,126.69779,7.565895,-43.6306,281.0049,0.037875246,21.117434,0,75,764.40656
6/26/2026 12:48,33690.016,35707.684,22.808838,29.682384,1.0149739,23.209995,5.5811844,72.49913,113.06093,7.395953,-33.693314,277.75763,0.03276298,22.041615,0.009,75,764.40656
6/26/2026 13:18,31582.135,33044.547,20.950695,31.663471,1.0134025,21.478956,5.1363363,66.7805,104.0323,7.274568,-26.555061,246.00029,0.0347072,22.682941,0.018,75,764.40656
6/26/2026 13:48,29834.928,30787.492,19.390562,33.51776,1.0120409,20.01187,5.005619,65.31683,101.63038,7.210179,-22.78328,265.77948,0.03367803,23.380104,0.018,75,764.40656
6/26/2026 14:18,28673.75,29149.896,18.2687,34.875103,1.0109895,18.947433,5.0406637,66.256,102.950836,7.177008,-20.861626,277.06146,0.035131253,24.144794,0.036,75,764.40656
6/26/2026 14:48,27319.861,27379.54,17.060984,36.603405,1.0098782,17.7967,5.052532,66.83273,103.703804,7.148414,-19.202232,301.70917,0.032483038,24.885883,0.054,75,764.40656
6/26/2026 15:18,26219.516,25947.266,16.089619,38.13953,1.0089636,16.865723,5.32231,70.840576,109.7818,7.1341877,-18.39161,290.73715,0.040184725,25.549345,0.054,75,764.40656
6/26/2026 15:48,25039.883,24499.533,15.11238,39.93629,1.0080596,15.924697,5.5795345,74.64524,115.537895,7.126666,-17.97676,316.2813,0.0354278,26.154736,0.072,75,764.40656
6/26/2026 16:18,24356.076,23599.969,14.50864,41.057518,1.0074573,15.33998,5.755956,77.44833,119.747444,7.128124,-18.09597,319.3903,0.03724654,26.677406,0.09,75,764.40656
6/26/2026 16:48,23855.293,23055.125,14.143207,41.91942,1.0071435,14.985832,6.0795093,81.83295,126.48968,7.1321797,-18.348694,327.24857,0.03664567,26.817108,0.09,75,764.40656
6/26/2026 17:18,33405.45,32551.848,20.655264,29.935236,1.0121433,21.158703,8.2265,113.9821,176.34581,7.722983,-53.858757,282.80258,0.05774904,26.372921,0.081,75,764.40656
6/26/2026 17:48,38794.36,39640.48,25.648464,25.776943,1.0166146,25.766312,9.948633,135.78358,211.08551,8.00292,-70.10937,293.05936,0.5374324,23.88247,0.036,75,764.40656
6/26/2026 18:18,39330.6,40539.355,26.285501,25.425495,1.0172195,26.350582,10.242202,139.2064,216.57726,8.043266,-72.40772,287.11795,0.46606925,23.438911,0.036,75,764.40656
6/26/2026 18:48,38915.156,41063.473,26.634033,25.696928,1.0178065,26.691257,9.961733,132.83899,207.08536,8.041603,-72.021484,288.51508,0.3910741,22.260891,0.027,75,764.40656
6/26/2026 19:18,38457.438,41300.547,26.780155,26.002773,1.0181478,26.845354,9.619153,126.38011,197.29083,8.02566,-70.86754,268.54517,0.21791144,21.395838,0.009,75,764.40656
6/26/2026 19:48,38232.746,41347.266,26.803335,26.15559,1.0182542,26.875723,9.416929,122.973,192.07347,8.018811,-70.381165,294.55185,0.38151577,21.056238,0,75,764.40656
6/26/2026 20:18,38101.777,41436.832,26.85916,26.245495,1.0183665,26.93394,9.195135,119.52068,186.75842,8.005769,-69.5467,294.55185,0.41937396,20.786112,0,75,764.40656
6/26/2026 20:48,38023.02,41653.023,27.003126,26.299858,1.018565,27.074467,8.927486,115.393616,180.40422,7.9842005,-68.19248,300.6506,0.48336133,20.437243,0,75,764.40656
6/26/2026 21:18,37943.02,41875.176,27.150654,26.355309,1.0187669,27.218864,8.8124075,113.25882,177.1591,7.9732866,-67.46769,282.75967,0.5117821,20.083673,0,75,764.40656
6/26/2026 21:48,37911.953,41886.844,27.157183,26.376905,1.0187849,27.226448,8.689676,111.5776,174.5426,7.9623137,-66.809654,305.9578,0.6841201,20.031628,0.009,75,764.40656
6/26/2026 22:18,38013.06,41938.254,27.196648,26.30675,1.0187978,27.259865,8.478112,109.02487,170.53238,7.9440746,-65.751076,275.89322,0.5484798,20.099758,0.009,75,764.40656
6/26/2026 22:48,38046.855,41843.887,27.13401,26.28338,1.0187124,27.198526,8.215049,105.89652,165.60283,7.914049,-64.01539,274.4627,0.3653947,20.249065,0,75,764.40656
6/26/2026 23:18,38184.754,41709.938,27.048788,26.188463,1.0185646,27.11146,7.3786736,95.64336,149.49625,7.790615,-56.80561,246.9206,0.03988775,20.575045,0,75,764.40656
6/26/2026 23:48,38277.71,41501.883,26.910727,26.124865,1.0183678,26.976223,6.499051,84.73,132.36629,7.6305475,-47.421455,251.1406,0.037722796,20.932602,0,75,764.40656
6/27/2026 0:18,38411.977,41244.066,26.739763,26.033546,1.0181148,26.808643,6.202198,81.4811,127.19761,7.5559044,-43.082237,236.0773,0.040191155,21.404888,0.009,75,764.40656
6/27/2026 0:48,38065.082,40377.47,26.133507,26.270796,1.0174977,26.245356,5.9958525,79.349106,123.75137,7.5058413,-40.20214,229.78305,0.03867607,22.001612,0.009,75,764.40656
6/27/2026 1:18,36304.727,38000.12,24.448679,27.544622,1.0160464,24.700079,5.6093383,74.39684,115.9009,7.4020615,-34.127235,194.61154,0.03665837,22.664108,0.018,75,764.40656
6/27/2026 1:48,33552.992,34825.336,22.207636,29.8036,1.0142415,22.636467,5.136224,67.75944,105.48461,7.2903895,-27.532578,180.30167,0.038207594,23.087173,0.027,75,764.40656
6/27/2026 2:18,31816.775,32946.875,20.891283,31.42996,1.013218,21.41547,4.695869,61.611233,95.89401,7.214973,-23.055077,176.13889,0.047848,23.204157,0.027,75,764.40656
6/27/2026 2:48,30802.084,31888.87,20.15326,32.465336,1.0126592,20.727764,4.305887,56.266354,87.57327,7.1666465,-20.179749,183.07208,0.041525304,23.215685,0.027,75,764.40656
6/27/2026 3:18,30014.969,31103.488,19.60663,33.31671,1.0122606,20.217268,3.958643,51.5214,80.194855,7.13513,-18.30101,188.17902,0.08210512,23.167711,0.027,75,764.40656
6/27/2026 3:48,29351.127,30453.822,19.1555,34.070244,1.011938,19.794985,3.6324227,47.098743,73.31888,7.1076245,-16.66069,207.057,0.04513206,23.104254,0.027,75,764.40656
6/27/2026 4:18,28817.268,29944.178,18.802155,34.701416,1.0116917,19.463717,3.3342679,43.086422,67.0815,7.086931,-15.425682,207.59106,0.20622602,23.029648,0.027,75,764.40656
6/27/2026 4:48,28130.555,29285.287,18.346571,35.548534,1.0113736,19.035437,3.0526936,39.27693,61.160343,7.063998,-14.057159,214.09512,0.13122624,22.93558,0.018,75,764.40656
6/27/2026 5:18,27739.648,28950.826,18.114748,36.049484,1.0112321,18.818039,2.9083238,37.283676,58.06897,7.052305,-13.356209,208.81653,0.52744776,22.80965,0.027,75,764.40656
6/27/2026 5:48,27227.537,28476.834,17.78784,36.727524,1.011014,18.509943,2.728397,34.84314,54.277653,7.0333652,-12.226105,233.74081,0.2194634,22.70311,0.018,75,764.40656
6/27/2026 6:18,25807.588,27055.697,16.814737,38.748295,1.0103118,17.586205,2.631498,33.34468,51.95372,7.00639,-10.6191635,234.84708,0.22564226,22.584759,0.009,75,764.40656
6/27/2026 6:48,37004.54,41207.617,26.655392,27.023712,1.0184965,26.78495,6.8187246,86.68963,135.68263,7.7041006,-51.54133,266.70932,0.16986786,19.65981,0,75,764.40656
6/27/2026 7:18,37508.773,42255.344,27.387423,26.660429,1.0191863,27.465975,7.437788,94.0091,147.25063,7.832216,-58.965683,268.36395,0.14668204,19.118816,0,75,764.40656
6/27/2026 7:48,37463.473,42288.668,27.407616,26.692667,1.019224,27.487635,7.615651,96.100235,150.54535,7.8587027,-60.5011,290.2508,0.100435376,19.026104,0,75,764.40656
6/27/2026 8:18,37497.453,42332.3,27.438778,26.668478,1.0192493,27.515995,7.6507564,96.55058,151.25201,7.865468,-60.896873,291.20447,0.15712762,19.020325,0,75,764.40656
6/27/2026 8:48,37430.98,42352.125,27.448738,26.715837,1.0192821,27.528883,7.730743,97.373985,152.5637,7.8787637,-61.655045,298.47144,0.0638847,18.916445,0,75,764.40656
6/27/2026 9:18,37469.875,42406.02,27.487072,26.688107,1.0193139,27.563913,7.8481665,98.8553,154.88689,7.887583,-62.17003,281.49127,0.03976077,18.905655,0,75,764.40656
6/27/2026 9:48,37606.63,42431.812,27.511478,26.591057,1.0192983,27.580679,8.042025,101.58224,159.12872,7.9025126,-63.07602,302.701,0.037366584,19.046272,0,75,764.40656
6/27/2026 10:18,37848.62,42448.586,27.534912,26.421041,1.0192478,27.591581,8.075017,102.553696,160.58798,7.8938518,-62.627792,303.51163,0.038865097,19.32641,0,75,764.40656
6/27/2026 10:48,37890.566,42431.98,27.525732,26.391794,1.0192233,27.580788,8.002979,101.76732,159.34096,7.8931093,-62.599182,299.94965,0.03983155,19.396433,0,75,764.40656
6/27/2026 11:18,38150.723,42454.12,27.55325,26.211823,1.0191709,27.595179,8.16204,104.386,163.37247,7.899166,-63.0188,274.02402,0.042272482,19.692886,0,75,764.40656
6/27/2026 11:48,38390.44,42425.996,27.545275,26.048151,1.0190827,27.576899,8.243905,106.07369,165.93556,7.8950553,-62.847137,300.0927,0.029881274,20.019903,0,75,764.40656
6/27/2026 12:18,38854.992,42390.93,27.541824,25.73672,1.0189239,27.554106,8.20745,106.80903,166.93437,7.875047,-61.798096,293.0927,0.03571511,20.632849,0,75,764.40656
6/27/2026 12:48,39177.375,42207.125,27.429232,25.524937,1.0186802,27.434631,8.014042,105.395065,164.57092,7.824487,-58.937073,290.48444,0.03215221,21.241732,0,75,764.40656
6/27/2026 13:18,37217.85,39297.195,25.364815,26.868826,1.0168554,25.543177,7.5308356,99.62921,155.32198,7.6840954,-50.807,279.96063,0.3248267,22.22967,0.009,75,764.40656
6/27/2026 13:48,34620.754,36214.82,23.181238,28.884409,1.0150814,23.539635,6.902737,90.933205,141.65497,7.517092,-40.96508,296.55457,0.07423007,22.695448,0.018,75,764.40656
6/27/2026 14:18,32059.86,33139.664,21.027622,31.191652,1.0132964,21.540783,6.5589695,86.26281,134.24162,7.3893065,-33.44059,289.5212,0.035074055,23.29406,0.027,75,764.40656
6/27/2026 14:48,30793.273,31762.967,20.068441,32.474625,1.0125452,20.64593,6.3820157,83.63498,130.12776,7.3344164,-30.183792,299.83997,0.04021006,23.401619,0.027,75,764.40656
6/27/2026 15:18,29376.059,30207.812,18.99166,34.041325,1.0116926,19.635078,6.325407,82.614265,128.50417,7.2930956,-27.737617,295.99188,0.18502541,23.558407,0.027,75,764.40656
6/27/2026 15:48,28048.686,28780.883,18.009132,35.652294,1.0109241,18.707573,6.2599497,81.45987,126.6839,7.264285,-26.03054,317.36374,0.12141946,23.668041,0.027,75,764.40656
6/27/2026 16:18,27081.3,27767.164,17.314238,36.92585,1.0103916,18.048656,6.2183037,80.65208,125.419,7.2434316,-24.790764,320.11032,0.2404079,23.70678,0.036,75,764.40656
6/27/2026 16:48,26059.56,26713.338,16.594812,38.373634,1.0098478,17.36367,6.2879558,81.23696,126.32585,7.26557,-26.111603,326.67636,0.34790826,23.718647,0.036,75,764.40656
6/27/2026 17:18,24870.986,25409.334,15.710872,40.207493,1.0091375,16.516068,6.4716964,83.44692,129.72243,7.2433343,-24.8003,307.5552,0.45052767,23.890732,0.036,75,764.40656
6/27/2026 17:48,22595.672,22949.3,14.057105,44.256264,1.0078148,14.917046,7.1695957,92.07622,143.05852,7.262635,-25.978088,331.4209,0.34595558,24.19324,0.045,74,764.40656
6/27/2026 18:18,35373.89,37510.297,24.085112,28.269438,1.0159445,24.381693,8.895997,116.36933,181.48259,7.88437,-62.642097,299.0961,0.3508619,22.018055,0.027,74,764.40656
6/27/2026 18:48,37286.785,40503.06,26.189991,26.819153,1.0178443,26.326988,9.306324,120.61683,188.45503,8.004089,-69.46087,297.6322,0.7745986,20.842503,0,74,764.40656
6/27/2026 19:18,37375.723,40764.74,26.371561,26.755335,1.0180322,26.49708,9.329444,120.6099,188.49995,8.015377,-70.08076,263.06628,0.63213235,20.647333,0,74,764.40656
6/27/2026 19:48,37202.848,40840.418,26.415667,26.879663,1.0181447,26.546272,9.107963,117.10105,183.10094,8.003042,-69.27967,285.41565,0.53085,20.336761,0,74,764.40656
6/27/2026 20:18,37131.668,41008.758,26.526659,26.93119,1.0183012,26.655693,9.020571,115.435684,180.57297,7.9977937,-68.90297,281.25763,0.5810889,20.050106,0,74,764.40656
6/27/2026 20:48,37131.355,41181.95,26.643896,26.931417,1.0184404,26.768267,8.782648,112.04988,175.32741,7.9772787,-67.64889,287.44696,0.7020246,19.850344,0,74,764.40656
6/27/2026 21:18,37261.816,41532.66,26.887178,26.837124,1.0186833,26.99623,8.610688,109.53253,171.44594,7.9610043,-66.63799,268.63574,0.5795593,19.616179,0,74,764.40656
6/27/2026 21:48,37331.355,41751.758,27.038588,26.787134,1.0188378,27.138641,8.371816,106.270966,166.37834,7.941091,-65.431595,286.45993,0.64593565,19.45689,0,74,764.40656
6/27/2026 22:18,37431.754,42040.066,27.238243,26.715286,1.019038,27.326044,8.093888,102.48575,160.49629,7.9184513,-64.058304,284.2903,0.5321673,19.26088,0,74,764.40656
6/27/2026 22:48,37498.473,42221.38,27.363974,26.667753,1.0191623,27.443895,7.781017,98.37958,154.09108,7.8849335,-62.065125,297.06955,0.71348226,19.143429,0,74,764.40656
6/27/2026 23:18,37457.938,42000.586,27.212868,26.696611,1.0189999,27.30038,7.8203673,99.15033,155.25632,7.889509,-62.37507,260.10037,0.6317934,19.33734,0,74,764.40656
6/27/2026 23:48,37394.22,41772.074,27.055338,26.742102,1.0188367,27.15185,7.5388293,95.8075,149.98482,7.848712,-60.014725,275.51175,0.35162982,19.512907,0,74,764.40656
6/28/2026 0:18,37346.887,41427.12,26.819725,26.775993,1.0185755,26.927628,6.731351,85.95718,134.50085,7.7011204,-51.398277,259.20392,0.13770904,19.843359,0,74,764.40656
6/28/2026 0:48,37324.816,41176.945,26.649225,26.791826,1.0183812,26.765015,6.1523657,78.864624,123.35649,7.580111,-44.317245,241.26529,0.04034748,20.102062,0,74,764.40656
6/28/2026 1:18,37157.176,40732.883,26.340754,26.912703,1.0180708,26.476374,6.032654,77.62442,121.362595,7.5393796,-41.96167,207.21912,0.04061931,20.403965,0,74,764.40656
6/28/2026 1:48,36387.3,39596.844,25.538359,27.482115,1.0173725,25.73795,5.8038707,74.81576,116.90951,7.480197,-38.518906,215.47794,0.045494575,20.756256,0,74,764.40656
6/28/2026 2:18,34105.316,36763.555,23.535572,29.320942,1.0157381,23.89631,5.452535,70.056816,109.39606,7.374239,-32.315254,186.60068,0.08587697,21.214327,0.009,74,764.40656
6/28/2026 2:48,32081.674,34408.492,21.88159,31.170443,1.0144242,22.36552,4.9808707,63.668327,99.38208,7.2682037,-26.068687,177.98424,0.040516347,21.459509,0.009,74,764.40656
6/28/2026 3:18,30918.592,33086.824,20.958872,32.343,1.0136988,21.506437,4.6717896,59.516914,92.8859,7.21398,-22.86911,185.1511,0.07812017,21.569029,0.009,74,764.40656
6/28/2026 3:48,30052.406,32138.54,20.298742,33.275208,1.0131919,20.890049,4.363682,55.411285,86.47395,7.1770425,-20.685196,210.12784,0.0740733,21.601536,0.009,74,764.40656
6/28/2026 4:18,29430.951,31467.35,19.832762,33.977837,1.0128374,20.45378,4.043027,51.20996,79.91613,7.1435194,-18.701553,211.63464,0.10027999,21.611797,0.009,74,764.40656
6/28/2026 4:48,28872.184,30871.566,19.419981,34.635414,1.0125263,20.066519,3.7744417,47.690712,74.42444,7.1174226,-17.1566,214.49089,0.046850193,21.609186,0.009,74,764.40656
6/28/2026 5:18,28393.293,30371.764,19.07418,35.219585,1.0122702,19.741648,3.5441952,44.67494,69.720314,7.0998797,-16.117096,206.68506,0.3210596,21.589436,0.009,74,764.40656
6/28/2026 5:48,27950.057,29915.31,18.75882,35.778103,1.0120394,19.444952,3.270822,41.13115,64.19278,7.0774283,-14.78672,220.66116,0.10787561,21.560528,0.009,74,764.40656
6/28/2026 6:18,27345.33,29294.365,18.330755,36.569317,1.0117272,19.041336,3.106453,38.93505,60.769573,7.055306,-13.475418,236.96423,0.23580942,21.516607,0,74,764.40656
6/28/2026 6:48,25101.408,26867.475,16.67233,39.8384,1.0104649,17.463858,3.1454988,39.075386,60.984562,7.038918,-12.507439,246.33884,0.16775821,21.55851,0,74,764.40656
6/28/2026 7:18,34797.348,38835.848,24.957037,28.737822,1.0172311,25.243301,6.4236994,80.691246,126.31297,7.616154,-46.35334,260.8633,0.24291514,19.555553,0,74,764.40656
6/28/2026 7:48,36352.87,41123.258,26.566864,27.508144,1.0186081,26.730118,7.2626686,91.016464,142.60086,7.812716,-57.783127,292.9163,0.14998701,18.92659,0,74,764.40656
6/28/2026 8:18,36526.76,41326.266,26.712063,27.377188,1.0187204,26.862074,7.4850917,93.8724,147.07683,7.843226,-59.571266,293.84137,0.03963161,18.919537,0,74,764.40656
6/28/2026 8:48,36327.848,41054.434,26.519367,27.527092,1.0185609,26.685383,7.772651,97.46448,152.69376,7.873117,-61.335564,297.6465,0.037827186,18.972267,0,74,764.40656
6/28/2026 9:18,36613.902,41348.29,26.73128,27.31203,1.0187142,26.876389,8.115976,101.96181,159.73235,7.907296,-63.347816,271.26312,0.032182872,19.005226,0,74,764.40656
6/28/2026 9:48,36784.55,41464.92,26.818312,27.185326,1.01876,26.952198,8.106326,102.057655,159.86374,7.9095817,-63.500404,294.59,0.033811536,19.090294,0,74,764.40656
6/28/2026 10:18,37004.684,41327.62,26.73646,27.023605,1.0185916,26.862955,8.140029,103.27284,161.66924,7.9041677,-63.27629,291.70514,0.032095082,19.523476,0,74,764.40656
6/28/2026 10:48,37258.22,41497.445,26.863197,26.839716,1.0186564,26.97334,8.280582,105.388145,164.95065,7.9146442,-63.92002,297.44147,0.035032872,19.6515,0,74,764.40656
6/28/2026 11:18,37483.992,41518.906,26.888168,26.678055,1.0186105,26.987288,8.350736,106.8162,167.1233,7.918378,-64.19659,280.60913,0.031664174,19.911907,0,74,764.40656
6/28/2026 11:48,37669.99,41417.465,26.827656,26.546331,1.0184762,26.921352,8.472315,109.04353,170.5207,7.9210386,-64.43024,298.04706,0.031918876,20.262798,0,74,764.40656
6/28/2026 12:18,37991.395,41423.11,26.84523,26.32175,1.0183877,26.92502,8.562535,111.035416,173.5321,7.921975,-64.57329,293.9081,0.03682617,20.662544,0,74,764.40656
6/28/2026 12:48,38827.06,41419.305,26.875423,25.755234,1.0181334,26.922548,8.646156,114.33992,178.4024,7.899598,-63.48133,297.77527,0.02900535,21.723274,0.009,74,764.40656
6/28/2026 13:18,39315.54,41349.78,26.84481,25.435236,1.0179218,26.87736,8.589087,115.01306,179.24771,7.8648424,-61.569214,274.96338,0.03273078,22.424295,0.018,74,764.40656
6/28/2026 13:48,39485.016,41010.176,26.615814,25.326063,1.0175763,26.656614,8.400939,113.616165,176.8826,7.8225603,-59.185028,290.6704,0.033030123,23.052887,0.018,74,764.40656
6/28/2026 14:18,38497.03,39331.652,25.4269,25.976028,1.0164456,25.565573,8.093906,110.34182,171.53241,7.726953,-53.64895,290.54642,0.039169263,23.889,0.027,74,764.40656
6/28/2026 14:48,36031.38,36055.117,23.107885,27.753586,1.014394,23.435827,7.780732,106.6744,165.5007,7.578826,-44.97528,296.15878,0.03787675,24.965528,0.045,74,764.40656
6/28/2026 15:18,33903.105,33582.453,21.369028,29.495823,1.0129341,21.828594,7.8414617,107.447624,166.52803,7.5065627,-40.721893,282.31143,0.039086044,25.499907,0.054,74,764.40656
6/28/2026 15:48,32196.352,31584.234,19.975658,31.05942,1.0117399,20.529753,7.9191294,108.62794,168.18488,7.454281,-37.651062,306.12946,0.0374999,26.014685,0.063,74,764.40656
6/28/2026 16:18,31054.145,30168.717,18.995913,32.20182,1.0108528,19.609667,8.089859,111.360756,172.23193,7.430926,-36.31115,306.75888,0.09636391,26.53661,0.081,74,764.40656
6/28/2026 16:48,29662.936,28518.367,17.859396,33.712105,1.0098355,18.536938,8.222724,113.56965,175.43944,7.419748,-35.705566,319.84805,0.04675065,27.101276,0.09,74,764.40656
6/28/2026 17:18,28538.672,27317.232,17.03575,35.040173,1.0091485,17.756203,8.351537,115.291794,178.0079,7.4170628,-35.572052,298.09476,0.07291668,27.341002,0.09,74,764.40656
6/28/2026 17:48,27587.875,26260.635,16.315115,36.247807,1.0085189,17.069412,8.517825,117.72961,181.65076,7.4439354,-37.231445,322.18933,0.040282477,27.64613,0.099,74,764.40656
6/28/2026 18:18,26795.307,25535.104,15.821013,37.31997,1.0081689,16.597816,8.695231,119.72253,184.75099,7.425667,-36.120415,320.43933,0.046803948,27.583862,0.099,74,764.40656
6/28/2026 18:48,39564.05,39378.1,25.485096,25.27547,1.0160987,25.595766,9.387633,131.09871,203.28386,8.025555,-71.787834,302.61993,0.23891863,25.247234,0.081,74,764.40656
6/28/2026 19:18,39813.05,41305.07,26.829964,25.117392,1.0177225,26.848297,9.904937,134.25597,208.99544,8.064337,-73.58074,278.53488,0.37658083,23.1088,0.036,74,764.40656
6/28/2026 19:48,39366.15,41422.582,26.896704,25.402536,1.0179675,26.924679,9.565123,128.06723,199.60039,8.043358,-72.15977,290.59888,0.36815065,22.400772,0.018,74,764.40656
6/28/2026 20:18,38976.203,41595.12,27.001617,25.656681,1.0182341,27.036829,9.089434,120.247444,187.6257,8.009512,-69.98539,292.42517,0.36592048,21.70355,0.009,74,764.40656
6/28/2026 20:48,38786.246,41598.3,26.99667,25.782335,1.0182947,27.038897,8.894646,117.14815,182.8602,7.997268,-69.20338,301.97144,0.5154632,21.460718,0.009,74,764.40656
6/28/2026 21:18,38621.457,41798.527,27.12729,25.892344,1.018509,27.169043,8.703416,113.79678,177.7508,7.9729476,-67.66319,283.61322,0.6408483,21.020462,0.009,74,764.40656
6/28/2026 21:48,38402.37,41798.78,27.118505,26.040058,1.0185736,27.169209,8.671001,112.79562,176.26088,7.9785423,-67.93022,304.2984,0.36360702,20.745749,0,74,764.40656
6/28/2026 22:18,38213.63,41953.316,27.215784,26.168674,1.0187532,27.269655,8.524784,110.11356,172.17615,7.965841,-67.08622,304.59406,0.36713284,20.333025,0,74,764.40656
6/28/2026 22:48,38086.918,42200.348,27.37803,26.255733,1.0189866,27.430225,8.329002,106.81707,167.12834,7.9501963,-66.06579,312.0327,0.42386213,19.896658,0,74,764.40656
6/28/2026 23:18,38112.523,42321.375,27.461372,26.238094,1.0190758,27.508894,8.170707,104.635994,163.74019,7.9302483,-64.86893,286.3598,0.74480903,19.793205,0,74,764.40656
6/28/2026 23:48,38153.8,42241.297,27.408922,26.20971,1.0190008,27.456842,8.012818,102.85196,160.9158,7.9152985,-64.02016,286.9177,0.57526475,19.933748,0,74,764.40656
6/29/2026 0:18,38256.53,42223.99,27.401833,26.139328,1.0189584,27.445593,7.7145653,99.29071,155.31094,7.883255,-62.16526,277.71472,0.37040198,20.080517,0,74,764.40656
6/29/2026 0:48,38372.67,42031.984,27.276266,26.060213,1.0187713,27.320791,6.7871814,87.87743,137.385,7.745924,-54.14486,272.37415,0.091104075,20.441875,0,74,764.40656
6/29/2026 1:18,38565.746,41933.848,27.217493,25.929747,1.018636,27.257002,5.851458,76.23105,119.11414,7.5747023,-44.10267,232.01465,0.03994718,20.794796,0,74,764.40656
6/29/2026 1:48,38630.277,41707.25,27.065216,25.88643,1.0184315,27.109713,5.6796665,74.39374,116.18217,7.5292144,-41.46576,231.65225,0.040218618,21.137411,0.009,74,764.40656
6/29/2026 2:18,38152.6,40762.965,26.400713,26.210533,1.017794,26.495928,5.519531,72.6897,113.43012,7.4798355,-38.614273,218.1387,0.049446017,21.647245,0.009,74,764.40656
6/29/2026 2:48,35920.703,37810.06,24.306927,27.839098,1.0160148,24.576538,5.3708367,70.81565,110.37352,7.38951,-33.34999,214.1571,0.05736761,22.383791,0.009,74,764.40656
6/29/2026 3:18,33457.31,34939.47,22.28227,29.888836,1.0143808,22.710655,4.976476,65.31617,101.73461,7.282206,-27.017593,184.92221,0.047820076,22.779015,0.018,74,764.40656
6/29/2026 3:48,32211.18,33561.234,21.31605,31.045122,1.0136217,21.814802,4.6226816,60.460133,94.1526,7.2214746,-23.417473,196.43784,0.08770925,22.893896,0.018,74,764.40656
6/29/2026 4:18,31356.016,32648.227,20.678038,31.891808,1.0131316,21.221346,4.2379985,55.25876,86.0477,7.170184,-20.370483,201.34448,0.08515791,22.92776,0.027,74,764.40656
6/29/2026 4:48,30773.174,32064.938,20.270697,32.495834,1.0128347,20.84221,3.870219,50.31101,78.348114,7.150817,-19.216537,203.03726,0.11796114,22.89079,0.027,74,764.40656
6/29/2026 5:18,30396.236,31705.412,20.019636,32.89881,1.0126595,20.608519,3.5494661,46.030453,71.68852,7.1235194,-17.590523,201.68304,0.2418466,22.838121,0.027,74,764.40656
6/29/2026 5:48,29998.486,31334.621,19.760859,33.335014,1.0124832,20.367504,3.334563,43.123497,67.169235,7.1037707,-16.412735,217.24701,0.1274447,22.767494,0.009,74,764.40656
6/29/2026 6:18,29591.191,30968.725,19.505495,33.793842,1.0123162,20.129671,3.1284034,40.326847,62.823395,7.0890117,-15.530586,228.00922,0.42350248,22.67113,0.018,74,764.40656
6/29/2026 6:48,29152.314,30524.836,19.197716,34.302593,1.012091,19.841143,2.9202554,37.55946,58.51469,7.067601,-14.257431,248.55136,0.19409168,22.645859,0.018,74,764.40656
6/29/2026 7:18,28620.809,30013.477,18.843185,34.939613,1.0118436,19.50876,2.8320363,36.300167,56.559963,7.0528884,-13.380051,246.87767,0.247854,22.570604,0.018,74,764.40656
6/29/2026 7:48,27725.695,29048.484,18.179115,36.067627,1.0113314,18.881516,2.7838986,35.575695,55.426937,7.0679464,-14.2765045,247.22577,0.100112244,22.615849,0.018,74,764.40656
6/29/2026 8:18,38108.055,42962.05,27.89518,26.24117,1.0195812,27.925333,7.5290112,95.38844,149.41821,7.8355837,-59.156418,294.25143,0.038924422,19.08464,0,74,764.40656
6/29/2026 8:48,38056.664,43184.01,28.042458,26.276608,1.0197666,28.069609,7.562032,95.34634,149.41386,7.866554,-60.91118,301.21802,0.035158407,18.783634,0,74,764.40656
6/29/2026 9:18,38185.754,43374.445,28.177843,26.187777,1.019881,28.19339,7.7369375,97.543884,152.86726,7.882664,-61.84578,289.06824,0.037904453,18.736883,0,74,764.40656
6/29/2026 9:48,38146.594,42955.16,27.892467,26.21466,1.0195658,27.920855,8.095201,102.665695,160.80531,7.9128947,-63.705444,300.26913,0.039541595,19.139065,0,74,764.40656
6/29/2026 10:18,38311.523,42941.527,27.891489,26.101807,1.0195119,27.911993,8.266831,105.26887,164.83308,7.924676,-64.44454,294.89993,0.107235916,19.354912,0,74,764.40656
6/29/2026 10:48,38528.895,42931.535,27.89529,25.954546,1.0194465,27.905497,8.400845,107.533195,168.31297,7.9343467,-65.07397,299.60632,0.037581146,19.630877,0,74,764.40656
6/29/2026 11:18,38777.56,43008.676,27.959507,25.78811,1.0194407,27.95564,8.494749,109.221436,170.90192,7.9353046,-65.17887,279.212,0.035234973,19.849306,0,74,764.40656
6/29/2026 11:48,38825.473,42983.91,27.94488,25.756287,1.0194079,27.939543,8.491891,109.34951,171.0812,7.9313354,-64.964294,301.08453,0.036295157,19.934866,0,74,764.40656
6/29/2026 12:18,39100.465,43032.336,27.990438,25.575144,1.0193714,27.97102,8.642396,111.901215,175.00154,7.9416084,-65.63187,291.3189,0.049808633,20.216223,0,74,764.40656
6/29/2026 12:48,39509.496,42968.55,27.964628,25.310371,1.0192053,27.929558,8.829622,115.51562,180.50049,7.9474487,-66.103935,302.64377,0.03703523,20.785233,0,74,764.40656
6/29/2026 13:18,40363.07,43008.637,28.026089,24.775122,1.0189898,27.955614,8.932439,119.04238,185.72284,7.937958,-65.76538,272.97974,0.053787015,21.779451,0,74,764.40656
6/29/2026 13:48,40948.17,42964.844,28.016697,24.421114,1.0187756,27.927147,8.7763,118.57304,184.75952,7.900322,-63.700676,293.37885,0.033974826,22.542528,0.018,74,764.40656
6/29/2026 14:18,41478.816,42975.953,28.041788,24.108692,1.018619,27.93437,8.538394,116.68521,181.62201,7.8566017,-61.235428,281.55328,0.034382913,23.17609,0.018,74,764.40656
6/29/2026 14:48,40169.75,40696.15,26.41737,24.894354,1.0170685,26.452497,8.174739,112.93631,175.42708,7.761401,-55.78518,292.5253,0.040736526,24.32278,0.027,74,764.40656
6/29/2026 15:18,37920.95,37467.164,24.122309,26.370647,1.014961,24.353657,7.786393,108.62443,168.30737,7.6072636,-46.782494,284.0805,0.091408595,25.634113,0.054,74,764.40656
6/29/2026 15:48,35674.535,34826.62,22.254751,28.031199,1.0133706,22.637304,7.8624034,109.73833,169.81433,7.5399356,-42.834282,302.78683,0.039118957,26.274696,0.063,74,764.40656
6/29/2026 16:18,33979.664,32876.07,20.886059,29.429367,1.0122014,21.369446,7.9631553,111.2101,171.91966,7.4982524,-40.392876,307.2548,0.11564015,26.757502,0.081,74,764.40656
6/29/2026 16:48,32805.598,31510.9,19.934221,30.482603,1.0113713,20.482084,8.125086,113.63068,175.51497,7.487569,-39.801598,315.62805,0.041080195,27.151165,0.09,74,764.40656
6/29/2026 17:18,31355.814,29865.855,18.793425,31.892012,1.0103792,19.412806,8.335574,116.74782,180.14941,7.4766893,-39.20555,307.4646,0.28356078,27.611958,0.108,74,764.40656
6/29/2026 17:48,30145.521,28609.22,17.926035,33.172424,1.009671,18.595993,8.411476,117.64124,181.44806,7.4753914,-39.1531,325.14096,0.11794586,27.811493,0.108,74,764.40656
6/29/2026 18:18,29243.117,27691.668,17.295477,34.19608,1.0091634,17.999584,8.499489,118.70109,183.03308,7.474183,-39.09588,322.4516,0.15794809,27.93329,0.108,74,764.40656
6/29/2026 18:48,28010.516,26516.998,16.491339,35.70088,1.0085588,17.23605,8.614071,119.79537,184.71399,7.5048256,-40.950775,328.7506,0.27557838,27.94885,0.117,74,764.40656
6/29/2026 19:18,26941.562,25642.271,15.894141,37.11737,1.0082028,16.667477,7.197471,99.25816,153.14798,7.3531446,-31.747818,305.4762,0.19514436,27.652874,0.108,74,764.40656
6/29/2026 19:48,39344.395,41495.26,26.946058,25.416582,1.0180358,26.971922,9.515591,127.17794,198.25198,7.9813824,-68.45474,307.7841,0.46639377,22.286175,0.018,74,764.40656
6/29/2026 20:18,39738.93,41848.883,27.203455,25.164242,1.0182103,27.201775,9.938384,133.2048,207.62157,8.045293,-72.26467,299.46326,0.5031532,22.360294,0.018,74,764.40656
6/29/2026 20:48,39815.023,42549.46,27.689041,25.116148,1.018773,27.65715,9.724304,129.00343,201.30981,8.040635,-71.811676,299.7494,0.68144554,21.635347,0.009,74,764.40656
6/29/2026 21:18,39624.688,42658.66,27.756765,25.236792,1.0189195,27.72813,9.296914,122.578575,191.39207,8.013163,-70.09983,289.39246,0.7818828,21.276329,0.009,74,764.40656
6/29/2026 21:48,39257.746,42703.695,27.772688,25.47268,1.0190624,27.757402,8.949484,116.92989,182.7132,7.9896564,-68.593025,308.00342,0.8611037,20.77516,0.018,74,764.40656
6/29/2026 22:18,38956.918,42830.715,27.846466,25.669382,1.0192496,27.839964,8.610712,111.49653,174.35622,7.963031,-66.90502,308.01773,0.77576375,20.26469,0,74,764.40656
6/29/2026 22:48,38827.113,43030.457,27.976645,25.755198,1.0194443,27.969799,8.340461,107.321365,167.92,7.9432697,-65.65571,313.8828,0.7555784,19.885706,0,74,764.40656
6/29/2026 23:18,38823.848,43129.94,28.044176,25.757364,1.0195242,28.034462,8.263136,106.14506,166.10654,7.9359183,-65.197945,293.22147,0.693454,19.772774,0,74,764.40656
6/29/2026 23:48,38592.793,43122.543,28.028055,25.911573,1.0195799,28.029654,8.059752,102.99615,161.24136,7.9216156,-64.29672,314.83173,0.8735473,19.500334,0,74,764.40656
6/30/2026 0:18,38780.426,43225.816,28.10729,25.786205,1.0196116,28.09678,7.864565,100.76654,157.7251,7.898962,-62.99019,283.49878,1.069246,19.615646,0,74,764.40656
6/30/2026 0:48,38792.22,43176.29,28.074192,25.778366,1.0195692,28.064587,7.75029,99.40958,155.58595,7.8861446,-62.25109,283.64658,0.78430116,19.68383,0,74,764.40656
6/30/2026 1:18,38955.25,43137.984,28.05581,25.67048,1.019495,28.03969,7.132694,91.88788,143.76425,7.8025594,-57.382584,251.5316,0.37037122,19.92347,0,74,764.40656
6/30/2026 1:48,39133.766,43074.797,28.020908,25.553381,1.0193961,27.99862,6.271774,81.21149,127.00729,7.653894,-48.680305,252.50912,0.45960614,20.209806,0,74,764.40656
6/30/2026 2:18,39332.88,42983.117,27.967062,25.424023,1.0192671,27.939026,6.004144,78.2175,122.26249,7.5850167,-44.674873,239.13383,0.28134808,20.553791,0,74,764.40656
6/30/2026 2:48,39148.113,42381.21,27.54736,25.544016,1.0188315,27.547787,5.9598646,78.096306,121.98929,7.5540667,-42.915344,228.74356,0.8442108,21.00596,0,74,764.40656
6/30/2026 3:18,37713.15,40313.234,26.07695,26.515951,1.0175554,26.203604,5.7311573,75.30122,117.5098,7.476103,-38.39016,207.7055,1.1011548,21.623188,0.009,74,764.40656
6/30/2026 3:48,35267.867,37300.426,23.939034,28.354422,1.0157999,24.245277,5.333489,69.8724,108.94584,7.353616,-31.194687,212.7409,0.55420464,22.14704,0.009,74,764.40656
6/30/2026 4:18,33646.957,35456.12,22.637465,29.72037,1.0147688,23.04648,4.866095,63.478252,98.946495,7.2671485,-26.082993,207.7198,0.32011726,22.328514,0.018,74,764.40656
6/30/2026 4:48,32599.863,34319.5,21.838354,30.674974,1.014153,22.307674,4.4970326,58.443554,91.09141,7.2139688,-22.931099,199.76138,0.87956953,22.376616,0.009,74,764.40656
6/30/2026 5:18,31981.02,33702.29,21.40441,31.268547,1.013839,21.906487,4.151296,53.765163,83.806595,7.1785965,-20.828247,188.5271,1.5050312,22.326033,0.009,74,764.40656
6/30/2026 5:48,31347.904,33076.57,20.965418,31.900059,1.0135239,21.499771,3.8331354,49.461952,77.106865,7.148127,-19.016266,211.67755,0.8220118,22.263737,0.018,74,764.40656
6/30/2026 6:18,30894.752,32633.398,20.655031,32.367958,1.0133038,21.21171,3.5759025,46.014767,71.73928,7.125595,-17.676353,219.95068,0.34267136,22.21057,0.009,74,764.40656
6/30/2026 6:48,30476.428,32197.482,20.351097,32.812244,1.0130768,20.928364,3.4245956,43.982655,68.57214,7.1095257,-16.72268,228.1189,1.2131681,22.201408,0.018,74,764.40656
6/30/2026 7:18,30092.88,31803.742,20.076864,33.23045,1.0128746,20.672432,3.4322064,43.99587,68.59477,7.1043167,-16.412735,238.57117,1.2235197,22.183544,0.018,74,764.40656
6/30/2026 7:48,29742.592,31371.299,19.778238,33.62182,1.0126237,20.391344,3.4893312,44.73114,69.729866,7.102537,-16.3126,267.69638,0.54624295,22.281828,0.018,74,764.40656
6/30/2026 8:18,28747.785,30114.03,18.913439,34.78529,1.0118824,19.57412,3.5995758,46.202667,71.9827,7.0830317,-15.172958,283.03146,0.30832115,22.624659,0.018,74,764.40656
6/30/2026 8:48,38133.223,41512.812,26.912262,26.223852,1.0184193,26.983328,7.9296045,103.01106,160.97295,7.8025246,-57.53994,294.8427,0.0371493,20.737656,0.009,74,764.40656
6/30/2026 9:18,38619.79,42740.13,27.769468,25.893461,1.0192701,27.781084,8.031813,103.35215,161.69394,7.8760195,-61.712265,280.11798,0.18149723,19.952644,0,74,764.40656
6/30/2026 9:48,38628.75,43114.543,28.02437,25.887455,1.0195642,28.024452,7.9198236,101.305046,158.58217,7.8821573,-61.98883,297.44626,0.06166834,19.55269,0,74,764.40656
6/30/2026 10:18,38689.938,43276.7,28.137442,25.846514,1.0196754,28.129854,8.011202,102.34737,160.23688,7.8968873,-62.832832,301.12268,0.043403145,19.450949,0,74,764.40656
6/30/2026 10:48,39146.14,43341.29,28.2032,25.545303,1.0196049,28.171837,8.218452,105.98519,165.81824,7.91895,-64.23473,305.94348,0.07661994,19.932285,0,74,764.40656
6/30/2026 11:18,39490.348,43384.496,28.248394,25.322643,1.0195458,28.199923,8.43821,109.59501,171.37357,7.935462,-65.28854,282.6214,0.1587231,20.300577,0,74,764.40656
6/30/2026 11:48,39367.83,43353.13,28.221458,25.401453,1.0195543,28.179535,8.582615,111.21889,173.9419,7.9482756,-66.018105,306.31067,0.12593094,20.187098,0.009,74,764.40656
6/30/2026 12:18,39434.46,43391.34,28.25057,25.35853,1.0195665,28.20437,8.541358,110.78211,173.249,7.942382,-65.67955,306.45847,0.22939266,20.225628,0,74,764.40656
6/30/2026 12:48,39660.05,43386.92,28.257566,25.214289,1.0195009,28.2015,8.629609,112.50632,175.8731,7.9466667,-65.99426,286.541,0.25656676,20.502695,0,74,764.40656
6/30/2026 13:18,40060.367,43388.465,28.275646,24.962328,1.0193897,28.202503,8.831657,116.17616,181.47752,7.954361,-66.55693,276.7849,0.17837253,20.984047,0,74,764.40656
6/30/2026 13:48,40908.594,43367.125,28.293924,24.444742,1.0191246,28.188633,8.923007,119.64677,186.58966,7.9452934,-66.25652,296.1731,0.03856641,22.031876,0.009,74,764.40656
6/30/2026 14:18,41783.094,43457.508,28.38679,23.933125,1.0189338,28.24738,8.806626,120.17769,187.12036,7.906104,-64.139366,289.5117,0.04087862,22.982725,0,74,764.40656
6/30/2026 14:48,42030.996,43292.848,28.279772,23.791965,1.0187149,28.14035,8.531705,117.370735,182.59406,7.8623724,-61.64074,283.41293,0.04067995,23.473988,0.027,74,764.40656
6/30/2026 15:18,41463.645,42388.355,27.631788,24.117514,1.018117,27.552431,8.151437,112.47998,174.8661,7.7952404,-57.71637,266.0179,0.40614974,23.857843,0.027,74,764.40656
6/30/2026 15:48,39137.87,39085.617,25.27207,25.5507,1.0159904,25.405651,7.7482686,107.74218,167.12389,7.6533256,-49.45278,291.97693,0.36873832,25.069998,0.045,74,764.40656
6/30/2026 16:18,36705.992,36327.676,23.309578,27.243507,1.0143771,23.61299,7.518112,104.23891,161.54059,7.543583,-42.948723,288.53894,0.3741712,25.545233,0.063,74,764.40656
6/30/2026 16:48,34701.453,34180.543,21.7934,28.817238,1.0131656,22.217352,7.465832,103.07954,159.66391,7.4767365,-38.9719,301.93805,0.34399757,25.797901,0.063,74,764.40656
6/30/2026 17:18,33201.824,32486.703,20.607517,30.118828,1.0121727,21.116356,7.486662,103.30935,159.90567,7.434477,-36.478043,289.85022,0.72913754,26.152498,0.072,74,764.40656
6/30/2026 17:48,31807.996,30966.576,19.549131,31.438635,1.0113006,20.128275,7.5676904,104.29214,161.33759,7.4055543,-34.770966,316.4482,0.44571695,26.42261,0.072,74,764.40656
6/30/2026 18:18,30991.047,30059.203,18.920658,32.267384,1.0107712,19.53848,7.5422883,103.93414,160.71695,7.393445,-34.065247,322.42773,0.71504307,26.623053,0.081,74,764.40656
6/30/2026 18:48,29882.38,28955.908,18.158152,33.464535,1.0101854,18.82134,7.4295297,102.034294,157.76201,7.381309,-33.340454,332.87524,0.65771204,26.675184,0.081,74,764.40656
6/30/2026 19:18,28751.867,27914.277,17.440607,34.78035,1.0096796,18.14428,7.319484,99.93767,154.55383,7.353774,-31.671524,309.98706,1.0372657,26.570982,0.081,74,764.40656
6/30/2026 19:48,27188.854,26565.713,16.515436,36.779778,1.0090878,17.267714,6.9830613,94.28488,145.91484,7.3504114,-31.433105,337.30984,0.81104064,26.22809,0.072,74,764.40656
6/30/2026 20:18,37597.914,39146.26,25.273464,26.59722,1.0165969,25.44507,7.1391377,95.593605,148.85585,7.778467,-56.53858,301.2514,1.047527,22.929167,0.045,74,764.40656
6/30/2026 20:48,39753.414,42366.2,27.56058,25.155071,1.0186394,27.53803,8.147566,108.27164,168.92125,7.9599686,-67.06715,305.97687,1.5453902,21.77113,0.009,74,764.40656
6/30/2026 21:18,39678.035,42394.62,27.577326,25.202862,1.0186858,27.556503,8.174513,108.39241,169.14369,7.9673796,-67.47723,271.3299,1.5424774,21.6451,0.009,74,764.40656
6/30/2026 21:48,39327.223,42180.754,27.416971,25.42768,1.0186138,27.41749,8.278406,109.29468,170.6022,7.974067,-67.830086,298.09476,1.4816355,21.45811,0.009,74,764.40656
6/30/2026 22:18,39071.973,42116.125,27.362686,25.593794,1.0186366,27.375483,8.357972,109.823044,171.49202,7.972995,-67.71088,301.43262,1.1811686,21.215708,0.009,74,764.40656
6/30/2026 22:48,38767.074,42052.055,27.306559,25.795086,1.0186737,27.333836,8.458727,110.4896,172.61417,7.977738,-67.920685,307.98914,1.106954,20.910105,0,74,764.40656
6/30/2026 23:18,38881.227,42295.254,27.47755,25.719353,1.0188388,27.491915,8.324212,108.5694,169.6495,7.9620333,-66.96224,282.63092,0.9874714,20.773878,0,74,764.40656
6/30/2026 23:48,38965.26,42571.375,27.669794,25.663885,1.0190384,27.671394,8.179845,106.396576,166.30664,7.9456205,-65.94658,309.45776,1.0972108,20.565052,0,74,764.40656
7/1/2026 0:18,39001.74,42683.605,27.748026,25.639883,1.0191187,27.744343,8.067218,104.82268,163.86642,7.9336386,-65.22179,307.96527,1.104121,20.483797,0,74,764.40656
7/1/2026 0:48,39026.566,42760.707,27.801764,25.623571,1.0191739,27.79446,7.7708025,100.89889,157.7456,7.9087768,-63.74359,313.6349,1.5366943,20.427935,0,74,764.40656
7/1/2026 1:18,39038.168,42724.8,27.777744,25.615955,1.0191417,27.77112,7.6875134,99.903595,156.17693,7.896285,-63.0188,256.96753,1.1700735,20.482311,0,74,764.40656
7/1/2026 1:48,39023.805,42584.703,27.681408,25.625385,1.0190326,27.680058,7.2215533,94.037285,146.9755,7.8408966,-59.781075,275.383,0.68623626,20.622032,0,74,764.40656
7/1/2026 2:18,39081.414,42463.133,27.600698,25.58761,1.0189176,27.601036,6.1879425,80.84932,126.323524,7.67638,-50.110817,256.1331,0.55886364,20.83042,0.009,74,764.40656
7/1/2026 2:48,39183.2,42371.727,27.54229,25.521143,1.0188135,27.541622,5.796224,76.02533,118.74443,7.610911,-46.281815,241.189,0.44445226,21.060143,0,74,764.40656
7/1/2026 3:18,39102.62,42117.43,27.364788,25.573732,1.0186285,27.37633,5.449059,71.64893,111.87561,7.556443,-43.091774,211.98749,0.30619463,21.252304,0.009,74,764.40656
7/1/2026 3:48,37797.266,40366.27,26.116287,26.45694,1.0175734,26.238075,5.0152984,65.96455,102.93231,7.462232,-37.574768,207.07608,0.4089066,21.667938,0.009,74,764.40656
7/1/2026 4:18,35594.355,37681.89,24.20906,28.094341,1.0160166,24.493229,4.5182137,59.233517,92.36478,7.3395467,-30.355453,183.23422,0.492816,22.099535,0.018,74,764.40656
7/1/2026 4:48,34052.984,35910.402,22.957441,29.366001,1.0150203,23.34176,4.0666122,53.11228,82.793564,7.2545853,-25.334358,179.68178,0.3015213,22.291954,0.018,74,764.40656
7/1/2026 5:18,32315.604,34061.902,21.656336,30.944803,1.0140316,22.140238,4.187681,54.305588,84.650406,7.2391214,-24.41883,242.94376,0.62876093,22.315794,0.018,74,764.40656
7/1/2026 5:48,30252.271,31983.29,20.2014,33.05537,1.0129731,20.789137,3.9396145,50.520752,78.77004,7.2017813,-22.192001,192.20352,0.6197541,22.166359,0.018,74,764.40656
7/1/2026 6:18,28635.818,30320.29,19.047342,34.9213,1.0121218,19.708189,3.7800472,48.084263,74.98038,7.171396,-20.384789,187.86908,0.80603904,22.091316,0.009,74,764.40656
7/1/2026 6:48,28011.031,29634.904,18.575249,35.700222,1.0117556,19.262688,3.385945,42.984608,67.02385,7.137094,-18.353462,181.11707,0.66564286,22.1311,0.009,74,764.40656
7/1/2026 7:18,27569.81,29084.984,18.199104,36.271557,1.0114355,18.90524,3.239985,41.148815,64.14649,7.1128335,-16.92295,211.32947,0.7452747,22.27253,0.018,74,764.40656
7/1/2026 7:48,27254.99,28658.465,17.908646,36.69053,1.0111744,18.628002,3.1379414,39.90553,62.191513,7.095726,-15.916824,232.11957,0.5459251,22.435997,0.018,74,764.40656
7/1/2026 8:18,26845.98,28032.174,17.484278,37.249523,1.0107641,18.220913,3.2421753,41.393433,64.472626,7.0927625,-15.759468,258.1644,0.5381849,22.784533,0.027,74,764.40656
7/1/2026 8:48,26355.734,27376.55,17.03943,37.942406,1.0103601,17.794758,3.3934999,43.4224,67.60248,7.0886793,-15.530586,282.979,0.41652745,23.047749,0.027,73,764.40656
7/1/2026 9:18,31861.049,33211.29,21.07062,31.386286,1.0134425,21.58734,5.705456,74.48564,115.99849,7.380243,-32.85408,257.96414,0.50974673,22.871408,0.036,73,764.40656
7/1/2026 9:48,39165.902,42642.824,27.727175,25.532413,1.0190393,27.717834,7.7069845,100.58738,157.18707,7.8410053,-59.809685,293.0975,0.53389716,20.731104,0.009,73,764.40656
7/1/2026 10:18,39340.082,43185.36,28.105621,25.419367,1.0194278,28.070484,7.681893,99.75736,155.98177,7.860727,-60.892105,293.8938,0.5493871,20.338154,0,73,764.40656
7/1/2026 10:48,39376.09,43183.473,28.10593,25.396122,1.0194162,28.069258,7.695027,100.012566,156.3702,7.867361,-61.29265,298.4953,0.5617132,20.383894,0,73,764.40656
7/1/2026 11:18,39431.125,43195.95,28.116886,25.360676,1.019411,28.077366,7.6754293,99.86208,156.12263,7.8663645,-61.244965,274.9777,0.6441289,20.436811,0,73,764.40656
7/1/2026 11:48,39494.117,43164.54,28.098145,25.320227,1.019368,28.05695,7.7779093,101.39225,158.48853,7.876643,-61.87439,302.2957,0.60581475,20.547998,0,73,764.40656
7/1/2026 12:18,39578.363,43200.957,28.126722,25.26633,1.0193739,28.080622,7.883719,102.90576,160.83942,7.8879814,-62.556267,299.42035,0.646445,20.60971,0.009,73,764.40656
7/1/2026 12:48,39738.81,43200.297,28.133099,25.164318,1.0193281,28.080193,7.943143,104.058266,162.59279,7.8933353,-62.913895,306.12946,0.6125909,20.804897,0,73,764.40656
7/1/2026 13:18,39917.656,43254.75,28.17792,25.05157,1.0193217,28.115587,7.7723484,102.13939,159.55653,7.880984,-62.217712,283.20312,0.717623,20.960747,0.009,73,764.40656
7/1/2026 13:48,40287.082,43213.504,28.164406,24.821852,1.0191813,28.08878,7.875766,104.42729,163.00545,7.8745437,-61.941147,295.1622,0.55435705,21.454449,0,73,764.40656
7/1/2026 14:18,40910.473,43244.355,28.209024,24.443619,1.0190217,28.108831,7.982267,107.25467,167.22525,7.8716702,-61.922073,287.8809,0.42818266,22.174362,0.009,73,764.40656
7/1/2026 14:48,41359.047,43163.184,28.16815,24.178507,1.018816,28.05607,7.9245005,107.67483,167.70197,7.8502474,-60.782433,289.45923,0.20862158,22.81162,0.018,73,764.40656
7/1/2026 15:18,42267.242,43086.266,28.142296,23.658983,1.01846,28.006073,7.77953,107.941055,167.76524,7.798358,-57.930946,267.41504,0.23727044,24.004768,0.036,73,764.40656
7/1/2026 15:48,41295.44,40956.535,26.626196,24.215748,1.0169017,26.621748,7.44474,104.97924,162.72363,7.6988425,-52.24228,286.4027,0.13349384,25.433235,0.045,73,764.40656
7/1/2026 16:18,38710.926,37730.434,24.320145,25.8325,1.0148933,24.524782,7.0695257,99.97545,154.67953,7.573741,-44.879913,288.91565,0.22317696,26.360565,0.072,73,764.40656
7/1/2026 16:48,35815.492,34523.926,22.047895,27.920877,1.0130104,22.440552,6.8527813,96.66194,149.36621,7.477311,-39.157867,295.29095,0.21506184,26.95868,0.081,73,764.40656
7/1/2026 17:18,33789.152,32358.422,20.52789,29.595297,1.0117654,21.032974,6.697472,94.24037,145.5132,7.4133997,-35.34794,281.01443,0.36005065,27.314926,0.09,73,764.40656
7/1/2026 17:48,32204.814,30668.645,19.350815,31.051258,1.0107921,19.93462,6.5762258,92.41005,142.5914,7.3718286,-32.873154,306.08655,0.27736157,27.622473,0.099,73,764.40656
7/1/2026 18:18,30813.15,29262.8,18.376974,32.453674,1.010019,19.02082,6.3784637,89.37513,137.86235,7.3324184,-30.508041,309.0048,0.47643217,27.773832,0.108,73,764.40656
7/1/2026 18:48,29541.463,28029.871,17.527285,33.850727,1.0093699,18.219418,6.278376,87.63096,135.15704,7.3121386,-29.287338,322.5565,0.49860656,27.82345,0.108,73,764.40656
7/1/2026 19:18,28349.855,26892.338,16.747343,35.27355,1.0087836,17.48002,6.1686487,85.746445,132.24632,7.2893963,-27.914047,298.09476,0.7000724,27.837603,0.108,73,764.40656
7/1/2026 19:48,27018.312,25618.412,15.878778,37.011932,1.0081288,16.651968,6.132795,84.87023,130.88814,7.2813144,-27.427673,324.70227,0.69397706,27.860958,0.099,73,764.40656
7/1/2026 20:18,26730.469,25399.838,15.729789,37.410492,1.0080532,16.509895,5.8936124,81.32784,125.457924,7.257898,-26.00193,327.01016,0.8154547,27.742796,0.099,73,764.40656
7/1/2026 20:48,25586.904,24450.04,15.085091,39.082493,1.0076646,15.892525,4.3116374,58.97062,91.03083,7.1766596,-21.071434,319.252,0.46717602,27.434423,0.099,73,764.40656
7/1/2026 21:18,38773.938,40794.465,26.444145,25.79052,1.0176235,26.516401,7.5701075,101.10111,157.57054,7.810676,-58.350563,247.80273,0.9160998,22.406836,0.018,73,764.40656
7/1/2026 21:48,39626.32,42448.504,27.612413,25.235752,1.0187458,27.591528,8.343671,110.40462,172.31815,7.917424,-64.492226,265.93686,0.8379506,21.519117,0.009,73,764.40656
7/1/2026 22:18,39884.06,42675.453,27.778387,25.072674,1.0188565,27.739044,8.272264,109.67831,171.16927,7.920841,-64.7068,240.53574,0.9622596,21.575401,0.009,73,764.40656
7/1/2026 22:48,39932.457,42889.496,27.927526,25.042286,1.0190188,27.878174,8.199498,108.44251,169.29007,7.922899,-64.787865,235.44312,1.0369219,21.390285,0.009,73,764.40656
7/1/2026 23:18,39605.15,43136.844,28.08395,25.249243,1.0193145,28.038948,8.013587,104.77487,163.73517,7.908938,-63.815117,217.83829,1.0892538,20.713516,0,73,764.40656
7/1/2026 23:48,39490.91,43135.785,28.078333,25.322283,1.019346,28.038261,7.9099145,103.1542,161.2359,7.9053216,-63.57193,230.18837,0.87088114,20.576035,0,73,764.40656
7/2/2026 0:18,39538.727,43204.934,28.127726,25.291658,1.0193883,28.083206,7.8571324,102.4602,160.15564,7.8994884,-63.22384,224.72382,0.9526962,20.557266,0,73,764.40656
7/2/2026 0:48,39514.207,43216.53,28.134602,25.307354,1.0194044,28.090746,7.7422543,100.887054,157.70671,7.8923674,-62.794685,225.96835,1.0181524,20.514702,0,73,764.40656
7/2/2026 1:18,39534.97,43206.58,28.128689,25.294064,1.0193906,28.084276,7.567027,98.66617,154.22667,7.8731565,-61.66935,227.50378,0.9547322,20.550892,0,73,764.40656
7/2/2026 1:48,39509.367,43152.746,28.09074,25.310453,1.0193542,28.049284,7.421975,96.80432,151.30986,7.8606863,-60.93979,258.6174,0.8667825,20.579588,0.009,73,764.40656
7/2/2026 2:18,39624.984,43199.28,28.127565,25.236603,1.0193595,28.079533,7.066908,92.34376,144.31857,7.8173018,-58.398247,260.0193,0.68270004,20.66808,0,73,764.40656
7/2/2026 2:48,39756.4,43147.17,28.097403,25.153183,1.0192802,28.045662,6.2939787,82.558525,128.98322,7.6893835,-50.88806,250.597,0.42953506,20.885538,0,73,764.40656
7/2/2026 3:18,39972.8,43065.26,28.04999,25.017012,1.0191512,27.992422,5.6538467,74.624275,116.52358,7.5588117,-43.230057,215.74496,0.462677,21.240381,0.009,73,764.40656
7/2/2026 3:48,39769.547,42549.56,27.687386,25.144867,1.0187867,27.657215,5.498683,72.87092,113.72518,7.5209923,-41.041374,228.45746,0.25527012,21.579275,0.009,73,764.40656
7/2/2026 4:18,38521.723,40734.004,26.394012,25.95938,1.0176532,26.477102,5.047292,67.08489,104.59791,7.4336834,-35.943985,209.43164,0.22874816,22.15652,0.009,73,764.40656
7/2/2026 4:48,36228.824,37896.465,24.375528,27.602331,1.0159825,24.632702,4.464149,59.217205,92.24796,7.317005,-29.07753,182.90042,0.2791381,22.696064,0.018,73,764.40656
7/2/2026 5:18,34421.082,35789.523,22.886402,29.051964,1.0147772,23.263191,3.8820834,51.33297,79.9249,7.2315984,-24.027824,164.39914,0.26970991,22.998127,0.018,73,764.40656
7/2/2026 5:48,33050.242,34244,21.800156,30.256964,1.0139107,22.2586,3.4821758,45.903,71.44874,7.176709,-20.775795,157.70912,0.2174288,23.17485,0.027,73,764.40656
7/2/2026 6:18,32111.387,33205.285,21.073244,31.141602,1.0133358,21.583435,3.1480362,41.399445,64.427666,7.1371007,-18.424988,165.61032,0.109801166,23.27521,0.027,73,764.40656
7/2/2026 6:48,31318.215,32322.443,20.45786,31.9303,1.012846,21.009588,3.0100074,39.513966,61.482872,7.1160984,-17.180443,182.90042,0.09680707,23.373346,0.027,73,764.40656
7/2/2026 7:18,30842.334,31749.168,20.060366,32.422966,1.0125111,20.63696,2.8922246,37.970543,59.06772,7.096281,-16.007423,198.05908,0.18035716,23.504585,0.036,73,764.40656
7/2/2026 7:48,30103.379,30884.22,19.46177,33.21886,1.0120144,20.074743,2.8629196,37.57249,58.430725,7.0849266,-15.339851,229.57802,0.108346194,23.676289,0.018,73,764.40656
7/2/2026 8:18,29861.494,30457.078,19.16964,33.48794,1.0117128,19.7971,3.100751,40.844654,63.48526,7.088423,-15.563965,257.62558,0.2957065,23.976185,0.045,73,764.40656
7/2/2026 8:48,29128.625,29484.96,18.502243,34.33049,1.0111037,19.165226,3.3123171,43.769794,67.98323,7.0765877,-14.877319,279.94156,0.20105575,24.367262,0.045,73,764.40656
7/2/2026 9:18,29317.605,29594.865,18.579697,34.1092,1.0111223,19.236664,3.5031629,46.42967,72.09555,7.0795794,-15.063286,272.6984,0.28848222,24.509502,0.063,73,764.40656
7/2/2026 9:48,28006.475,27708.174,17.291798,35.706028,1.0098599,18.010313,4.777855,64.04441,99.24699,7.152058,-19.464493,285.1391,0.13422358,25.563652,0.063,73,764.40656
7/2/2026 10:18,40391.594,42920.742,27.96648,24.757627,1.0189083,27.898481,8.331702,111.27004,173.55905,7.903731,-63.767433,276.73245,0.037802856,21.914867,0.018,73,764.40656
7/2/2026 10:48,40105.67,43461.586,28.327747,24.93413,1.0194361,28.25003,8.267428,108.73405,169.85922,7.925722,-64.85939,277.77673,0.037054747,20.957298,0,73,764.40656
7/2/2026 11:18,40075.883,43578.1,28.4065,24.952663,1.0195389,28.325768,8.400929,110.206985,172.20355,7.9369206,-65.48405,260.10513,0.040441636,20.792332,0.009,73,764.40656
7/2/2026 11:48,40078.656,43609.96,28.428486,24.950937,1.0195639,28.346474,8.498035,111.43004,174.12306,7.9487553,-66.17546,280.1609,0.039265808,20.760487,0,73,764.40656
7/2/2026 12:18,40062.41,43647.207,28.45334,24.961054,1.0195986,28.370686,8.440966,110.57483,172.80252,7.947855,-66.1087,275.55942,0.040816944,20.69994,0,73,764.40656
7/2/2026 12:48,39970.11,43679.156,28.471254,25.018696,1.0196499,28.391453,8.627628,112.729065,176.20775,7.9626393,-66.94794,281.44836,0.108440354,20.55415,0,73,764.40656
7/2/2026 13:18,40212.863,43706.797,28.500658,24.867664,1.0196046,28.409418,8.793189,115.46399,180.41174,7.97173,-67.54398,262.72296,0.05916266,20.814642,0,73,764.40656
7/2/2026 13:48,40285.99,43691.258,28.493053,24.822527,1.0195714,28.399319,8.795756,115.71473,180.77466,7.9687386,-67.391396,292.4347,0.07392359,20.919405,0,73,764.40656
7/2/2026 14:18,40613.29,43722.32,28.527847,24.622482,1.0195038,28.41951,9.008977,119.321175,186.30582,7.9803367,-68.1591,269.351,0.15290989,21.27704,0.009,73,764.40656
7/2/2026 14:48,41570.07,43767.582,28.595173,24.055769,1.0192603,28.448929,8.920481,120.5557,187.90244,7.9661055,-67.567825,284.75763,0.040508863,22.371271,0.009,73,764.40656
7/2/2026 15:18,42599.41,43773.5,28.632908,23.474503,1.0189471,28.452774,8.824986,121.91382,189.62097,7.932842,-65.86552,265.1453,0.06856608,23.595707,0.027,73,764.40656
7/2/2026 15:48,43241.965,43688.137,28.59132,23.125683,1.0186657,28.39729,8.643833,121.212715,188.23338,7.896343,-63.877106,278.12958,0.038581006,24.465307,0.036,73,764.40656
7/2/2026 16:18,43280.18,42483.516,27.743315,23.105265,1.0175773,27.614285,8.274555,118.53158,183.53055,7.817025,-59.43775,276.00287,0.0847469,25.981796,0.054,73,764.40656
7/2/2026 16:48,40727.74,38902.11,25.173285,24.553291,1.0151972,25.286373,7.702028,111.49906,172.10861,7.6704655,-50.883293,282.85504,0.1769301,27.457005,0.09,73,764.40656
7/2/2026 17:18,38451.957,36228.17,23.267538,26.00648,1.0135351,23.548311,7.5075974,108.909515,167.82874,7.574668,-45.2137,257.926,0.27674234,28.21376,0.117,73,764.40656
7/2/2026 17:48,36629.508,34269.504,21.881353,27.300394,1.0123764,22.275177,7.405806,107.30942,165.21457,7.5126367,-41.513443,286.70312,0.30541435,28.605549,0.126,73,764.40656
7/2/2026 18:18,35435.7,32991.535,20.982439,28.220129,1.0116193,21.444498,7.2301254,104.719894,161.12497,7.465555,-38.695335,292.325,0.4494731,28.878777,0.135,73,764.40656
7/2/2026 18:48,34261.03,31778.709,20.133177,29.18768,1.0109193,20.65616,7.0656567,102.21702,157.19565,7.4307003,-36.60679,309.20505,0.48683986,29.089672,0.126,73,764.40656
7/2/2026 19:18,33428.38,30985.555,19.579569,29.914701,1.0104947,20.14061,6.903859,99.63409,153.20963,7.408944,-35.290718,285.0008,0.653689,29.127619,0.135,73,764.40656
7/2/2026 19:48,32114.994,29830.764,18.776176,31.138103,1.0099337,19.389997,6.600553,94.64656,145.58113,7.3743606,-33.17833,318.8467,0.67347836,29.009056,0.126,73,764.40656
7/2/2026 20:18,30860.783,28789.475,18.05478,32.403584,1.0094721,18.71316,6.3132205,89.79965,138.20451,7.3533287,-31.876564,319.42844,0.75959074,28.766844,0.126,73,764.40656
7/2/2026 20:48,29922.441,27991.92,17.50469,33.41973,1.0091108,18.19475,5.9340873,83.92876,129.21591,7.3194513,-29.80709,327.58713,0.9157576,28.610846,0.117,73,764.40656
7/2/2026 21:18,29144.469,27352.822,17.06515,34.31183,1.0088394,17.779335,5.761014,81.03344,124.8105,7.2944736,-28.276443,291.35226,1.0681101,28.42939,0.108,73,764.40656
7/2/2026 21:48,36691.22,36946.703,23.736296,27.254478,1.0149604,24.015356,5.732767,78.42743,121.75212,7.5354786,-42.333603,255.48459,0.69688094,24.637962,0.09,73,764.40656
7/2/2026 22:18,40186.07,43186.508,28.141857,24.884245,1.0191886,28.07123,8.158734,107.983925,168.58151,7.91365,-64.23473,254.05884,5.113958,21.3625,0.018,73,764.40656
7/2/2026 22:48,40004.133,43309.87,28.219336,24.997417,1.0193418,28.151417,8.276873,108.881744,170.07784,7.9361234,-65.48405,265.28357,3.673919,21.003794,0,73,764.40656
7/2/2026 23:18,37372.36,40736.555,26.35227,26.757744,1.0180101,26.478762,8.144108,105.330284,164.61241,7.925722,-64.7974,281.10504,0.9438151,20.67622,0,73,764.40656
7/2/2026 23:48,37495.754,40793.266,26.395912,26.669687,1.0180198,26.515623,8.15557,105.68412,165.14252,7.9282074,-64.964294,279.66498,2.4042523,20.767815,0,73,764.40656
7/3/2026 0:18,39974.22,43669.39,28.464739,25.016123,1.0196409,28.385105,7.9716063,104.183586,162.8464,7.9190063,-64.377785,282.63092,0.86922586,20.569792,0,73,764.40656
7/3/2026 0:48,39962.61,43699.324,28.48475,25.023392,1.0196682,28.404562,7.8375425,102.35519,159.99971,7.9089117,-63.7722,287.20856,0.7609237,20.523056,0,73,764.40656
7/3/2026 1:18,39935.504,43724.047,28.500492,25.040375,1.0196954,28.42063,7.7422004,101.008484,157.90862,7.9000735,-63.238144,274.18613,23.624931,20.463526,0,73,764.40656
7/3/2026 1:48,39780.4,43568.797,28.387346,25.138008,1.0196137,28.319717,7.546992,98.36707,153.78291,7.8815312,-62.14142,292.87814,4.1204906,20.447535,0,73,764.40656
7/3/2026 2:18,39961.207,43726.773,28.503498,25.02427,1.0196905,28.422403,7.338805,95.796394,149.75423,7.8635845,-61.092377,268.45932,1.4937918,20.491316,0,73,764.40656
7/3/2026 2:48,40018.938,43705.824,28.491665,24.988169,1.0196579,28.408787,7.198865,94.12291,147.11786,7.8453946,-60.038567,284.82437,1.3263578,20.58341,0,73,764.40656
7/3/2026 3:18,40153.086,43706.27,28.497746,24.904686,1.0196209,28.409075,6.6568356,87.29595,136.41408,7.7695417,-55.594444,263.25226,3.4150121,20.743618,0,73,764.40656
7/3/2026 3:48,40301.375,43677.914,28.484531,24.81305,1.0195564,28.390644,6.002989,79.01771,123.43867,7.654552,-48.84243,260.17667,1.5577601,20.952595,0,73,764.40656
7/3/2026 4:18,40271.215,43413.543,28.301493,24.831633,1.0193498,28.218803,5.784122,76.41452,119.32456,7.604784,-45.94326,242.25711,3.6911435,21.210403,0.009,73,764.40656
7/3/2026 4:48,39040.63,41446.2,26.901646,25.614342,1.0180897,26.940031,5.3268003,70.75902,110.36168,7.512371,-40.58361,231.88113,1.371344,21.961214,0.009,73,764.40656
7/3/2026 5:18,37042.062,38707.383,24.95535,26.996336,1.0164062,25.1598,4.655558,62.0211,96.607445,7.37582,-32.577515,199.34177,10.259999,22.74747,0.018,73,764.40656
7/3/2026 5:48,35558.414,36835.695,23.6313,28.12274,1.0152881,23.943203,4.08479,54.427914,84.71649,7.2819843,-27.041435,180.80711,0.95195687,23.184547,0.027,73,764.40656
7/3/2026 6:18,34499.605,35532.395,22.713581,28.985838,1.014516,23.096056,3.6902077,49.16874,76.49141,7.2207785,-23.422241,187.34454,1.1129186,23.478216,0.027,73,764.40656
7/3/2026 6:48,33729.285,34605.664,22.06314,29.647827,1.0139722,22.493683,3.482238,46.386578,72.13821,7.178762,-20.933151,201.45892,0.39497066,23.674095,0.036,73,764.40656
7/3/2026 7:18,32900.6,33592.906,21.355118,30.39458,1.0133712,21.83539,3.2472417,43.27094,67.26315,7.1469784,-19.054413,204.36287,3.191079,23.921015,0.036,73,764.40656
7/3/2026 7:48,32136.402,32640.936,20.692274,31.11736,1.012798,21.216608,3.210072,42.81859,66.527405,7.1335125,-18.267632,245.08954,1.0267452,24.190727,0.036,73,764.40656
7/3/2026 8:18,31794.662,32105.814,20.322525,31.45182,1.0124358,20.86878,3.2582922,43.60301,67.70846,7.1182046,-17.371178,259.33264,0.5015786,24.492592,0.054,73,764.40656
7/3/2026 8:48,31001.174,30993.031,19.553804,32.256844,1.011712,20.14547,3.7308757,50.16871,77.8274,7.11913,-17.457008,275.95996,0.5938061,25.013758,0.054,73,764.40656
7/3/2026 9:18,31050.63,30927.87,19.510632,32.205463,1.0116242,20.103115,3.730608,50.32444,78.039856,7.0981693,-16.212463,273.8428,7.750547,25.207815,0.072,73,764.40656
7/3/2026 9:48,30252.053,29952.705,18.837482,33.055607,1.0110294,19.46926,3.761696,50.83093,78.77685,7.101779,-16.446114,307.63626,1.0427758,25.523249,0.081,73,764.40656
7/3/2026 10:18,28624.732,27646.895,17.25892,34.934826,1.009461,17.970482,5.526746,75.75047,117.079414,7.1676817,-20.489693,280.47086,0.77746385,26.851772,0.09,73,764.40656
7/3/2026 10:48,41377.305,43559.22,28.443783,24.167837,1.019144,28.313492,8.7697735,118.42792,184.58415,7.926873,-65.24086,269.90414,0.080694534,22.377445,0.027,73,764.40656
7/3/2026 11:18,40708.945,43836.195,28.610167,24.564625,1.0195695,28.493526,8.410007,111.41718,173.96796,7.932398,-65.32192,256.5527,19.719223,21.26495,0.009,73,764.40656
7/3/2026 11:48,40271.74,43826.707,28.585497,24.83131,1.019685,28.48736,8.30322,108.961426,170.26744,7.9335947,-65.27901,273.6044,11.306062,20.753185,0.009,73,764.40656
7/3/2026 12:18,40268.973,43927.85,28.65481,24.833015,1.0197673,28.553102,8.195161,107.36196,167.79695,7.9242444,-64.702034,275.72156,3.7162204,20.639114,0,73,764.40656
7/3/2026 12:48,40409.57,43906.023,28.645838,24.746613,1.0197107,28.538916,8.396692,110.38415,172.4703,7.9467106,-66.07056,275.29718,1.8316085,20.830633,0,73,764.40656
7/3/2026 13:18,40457.33,43903.74,28.646296,24.717402,1.0196954,28.537432,8.445716,111.14985,173.65096,7.948826,-66.20884,254.90283,30.599068,20.89009,0.009,73,764.40656
7/3/2026 13:48,40586.746,43885.61,28.639221,24.638586,1.0196445,28.525646,8.480091,111.95434,174.86101,7.9488072,-66.24699,281.33392,11.429071,21.064417,0.009,73,764.40656
7/3/2026 14:18,40913.383,43930.773,28.683558,24.44188,1.0195882,28.555004,8.48462,112.73871,175.99313,7.935262,-65.522194,283.72287,0.56014556,21.40392,0,73,764.40656
7/3/2026 14:48,41005.33,43900.598,28.66633,24.387075,1.0195371,28.535389,8.461996,112.719406,175.92323,7.939881,-65.82737,290.42242,10.333011,21.54709,0,73,764.40656
7/3/2026 15:18,41622.78,43932.29,28.711376,24.025305,1.019382,28.555988,8.5991535,116.03403,180.89172,7.9426284,-66.14685,270.47156,27.5029,22.247658,0.018,73,764.40656
7/3/2026 15:48,42471.8,43978.19,28.772043,23.545034,1.0191622,28.585825,8.613714,118.275665,184.08783,7.935575,-65.94181,286.53143,20.74344,23.206644,0.018,73,764.40656
7/3/2026 16:18,43446.03,44056.535,28.855907,23.017061,1.0189205,28.636747,8.421025,117.875114,183.11493,7.892798,-63.624382,273.46613,3.2542126,24.27449,0.036,73,764.40656
7/3/2026 16:48,44090.57,43963.2,28.806923,22.680586,1.0186263,28.57608,8.237173,117.03367,181.50787,7.85504,-61.55014,269.3033,8.897343,25.151688,0.045,73,764.40656
7/3/2026 17:18,43887.312,42778.93,27.96469,22.78563,1.0176297,27.806305,7.897654,113.99846,176.37708,7.7885156,-57.797432,259.6712,25.044823,26.35652,0.081,73,764.40656
7/3/2026 17:48,42304.215,40300.465,26.183046,23.638306,1.0159079,26.195303,7.627434,111.317795,171.77386,7.701162,-52.76203,273.8142,14.772088,27.603155,0.09,73,764.40656
7/3/2026 18:18,40297.16,37941.68,24.491823,24.815645,1.0144386,24.662092,7.4639444,109.08327,168.08255,7.6235785,-48.179626,268.91708,2.6197793,28.250345,0.117,73,764.40656
7/3/2026 18:48,38645.246,36162.234,23.223572,25.876404,1.0133818,23.505453,7.2945733,106.46937,163.92525,7.556176,-44.150352,283.63226,5.147023,28.594929,0.126,73,764.40656
7/3/2026 19:18,37422.58,34906.887,22.333355,26.721836,1.0126607,22.689476,6.948913,101.22477,155.78583,7.48827,-40.05909,271.80194,23.819233,28.773222,0.135,73,764.40656
7/3/2026 19:48,36264.43,33756.95,21.521355,27.57523,1.0120181,21.942017,6.668257,96.88717,149.06973,7.443443,-37.355423,298.99597,13.7662325,28.889027,0.135,73,764.40656
7/3/2026 20:18,35131.43,32697.646,20.776098,28.46454,1.0114597,21.25347,6.299889,91.17004,140.27078,7.389421,-34.07955,299.19623,2.5556874,28.897017,0.135,73,764.40656
7/3/2026 20:48,33448.15,31161.178,19.700699,29.89702,1.0106751,20.254766,6.033469,86.7168,133.4363,7.332047,-30.593872,214.62918,3.2149549,28.842497,0.135,73,764.40656
7/3/2026 21:18,32675.922,30529.744,19.26014,30.603575,1.0103976,19.844334,5.429166,77.62974,119.49868,7.2807117,-27.46582,199.4896,26.353437,28.680523,0.126,73,764.40656
7/3/2026 21:48,30751.266,28735.514,18.017157,32.518986,1.0094734,18.678085,5.457774,77.4926,119.28975,7.2616854,-26.311874,294.11792,20.163155,28.672695,0.126,73,764.40656
7/3/2026 22:18,40576.67,42159.633,27.446037,24.644703,1.0182084,27.40376,7.12371,96.77373,150.66637,7.7519956,-54.984093,252.38513,0.4354958,23.034199,0.054,73,764.40656
7/3/2026 22:48,41122.387,43486.582,28.384373,24.317656,1.0191602,28.26628,8.086352,108.72346,169.52103,7.902298,-63.734055,271.27744,3.0457451,22.153608,0.018,73,764.40656
7/3/2026 23:18,41020.773,43562.434,28.433168,24.377892,1.0192534,28.315582,8.016996,107.4176,167.54178,7.908528,-64.058304,262.78018,3.760059,21.945274,0.009,73,764.40656
7/3/2026 23:48,40937.62,43657.168,28.49555,24.427408,1.0193565,28.37716,7.977013,106.52226,166.20059,7.914278,-64.35394,284.276,1.6073017,21.738575,0.009,73,764.40656
7/4/2026 0:18,40643.78,43878.18,28.63644,24.60401,1.0196222,28.520819,7.8098645,103.248055,161.24373,7.9034147,-63.581467,285.35367,0.6827314,21.140675,0,73,764.40656
7/4/2026 0:48,40233.117,43916.2,28.64525,24.855146,1.0197676,28.54553,7.6335444,99.94363,156.20981,7.8916206,-62.770844,292.65405,1.8296022,20.609102,0,73,764.40656
7/4/2026 1:18,40250.7,43939.215,28.661808,24.84429,1.0197816,28.56049,7.5044045,98.254715,153.57108,7.8816133,-62.179565,291.71942,1.2623006,20.604929,0,73,764.40656
7/4/2026 1:48,40227.047,43943.11,28.663452,24.858896,1.0197912,28.56302,7.4139214,97.01305,151.63773,7.870978,-61.545372,301.7378,1.6362832,20.572495,0,73,764.40656
7/4/2026 2:18,40162.227,43959.367,28.671751,24.899017,1.0198219,28.57359,7.3702683,96.27814,150.51039,7.8603983,-60.90164,302.54364,1.3393329,20.477571,0,73,764.40656
7/4/2026 2:48,40192.363,43939.18,28.659235,24.880348,1.0197974,28.560467,6.9639597,91.06085,142.34193,7.7668138,-55.394173,301.4469,11.150282,20.535458,0,73,764.40656
7/4/2026 3:18,40247.81,43941.61,28.663328,24.846073,1.0197841,28.562046,6.9165063,90.5483,141.5273,7.7900524,-56.777,250.36334,9.698001,20.598871,0,73,764.40656
7/4/2026 3:48,40318.53,43913.62,28.647177,24.80249,1.0197421,28.543856,6.527646,85.62994,133.81671,7.766486,-55.408478,277.8244,11.566555,20.71375,0.009,73,764.40656
7/4/2026 4:18,40679.266,44033.168,28.74462,24.582548,1.0197381,28.62156,5.711106,75.37262,117.733665,7.622662,-46.96846,234.69449,4.4250455,21.012165,0.009,73,764.40656
7/4/2026 4:48,40923.195,43936.7,28.68803,24.43602,1.0195904,28.558855,5.3945127,71.68759,111.90851,7.554201,-42.9821,207.30496,20.460756,21.409039,0.009,73,764.40656
7/4/2026 5:18,40759.93,43196.77,28.170668,24.5339,1.0190274,28.0779,5.104294,68.41139,106.68536,7.4905357,-39.30092,170.69817,16.029985,22.046463,0.009,73,764.40656
7/4/2026 5:48,39480.434,41212.74,26.755655,25.329002,1.0177518,26.78828,4.6179094,62.22176,96.91149,7.3920107,-33.545494,181.86569,13.244413,22.799307,0.009,73,764.40656
7/4/2026 6:18,37718.645,38860.37,25.080402,26.512087,1.0163043,25.259241,4.0194764,54.27475,84.43723,7.272514,-26.50261,167.65118,2.890186,23.461767,0.018,73,764.40656
7/4/2026 6:48,36405.152,37216.12,23.914606,27.46864,1.0153149,24.19048,3.5592551,48.077385,74.74294,7.1834197,-21.224022,165.2813,5.115102,23.85912,0.036,73,764.40656
7/4/2026 7:18,35425.066,35999.56,23.055994,28.2286,1.014583,23.399714,3.3122058,44.76203,69.550285,7.132581,-18.210411,179.62933,44.893925,24.164488,0.036,73,764.40656
7/4/2026 7:48,34731.28,35109.098,22.430346,28.792488,1.0140357,22.820913,3.2622716,44.1414,68.55163,7.1319833,-18.191338,206.17485,28.431557,24.436586,0.036,73,764.40656
7/4/2026 8:18,34481.35,34684.824,22.134663,29.001183,1.0137408,22.545135,3.180516,43.157024,66.99083,7.1156178,-17.228127,238.76666,7.627474,24.692862,0.045,73,764.40656
7/4/2026 8:48,33937.18,33847.387,21.550863,29.466208,1.0131749,22.000801,3.3552542,45.733513,70.929985,7.1100926,-16.92295,260.44846,4.553939,25.138893,0.054,73,764.40656
7/4/2026 9:18,33595.793,33117.965,21.045788,29.765633,1.0126176,21.526676,3.6234508,49.780437,77.113396,7.1052203,-16.665459,267.663,44.952858,25.755394,0.072,73,764.40656
7/4/2026 9:48,33158.914,32342.295,20.508087,30.157803,1.0120482,21.022491,3.927087,54.31876,84.047295,7.112148,-17.113686,291.72897,46.128605,26.321953,0.081,73,764.40656
7/4/2026 10:18,33397.137,32425.22,20.568413,29.942686,1.01202,21.076393,4.0302176,56.002563,86.6084,7.1004257,-16.422272,305.31406,1.883701,26.569324,0.099,73,764.40656
7/4/2026 10:48,35848.36,34457.504,22.002434,27.895279,1.0129294,22.397379,7.553575,106.801186,164.97943,7.4655895,-38.471222,273.5901,5.077346,27.113317,0.09,73,764.40656
7/4/2026 11:18,41465.02,43930.508,28.704416,24.116714,1.0194274,28.554829,8.440239,113.50514,177.0032,7.922097,-64.888,263.1712,1.2021794,22.061651,0.027,73,764.40656
7/4/2026 11:48,41209.973,44022.7,28.75865,24.26597,1.0195782,28.614756,8.349526,111.498764,173.98837,7.933192,-65.45544,288.24805,3.127626,21.654839,0.009,73,764.40656
7/4/2026 12:18,41026.402,44098.16,28.803574,24.374548,1.0196927,28.663805,8.36811,111.16559,173.55124,7.937953,-65.67001,277.45245,4.2680144,21.353022,0.009,73,764.40656
7/4/2026 12:48,40781.71,44093.47,28.79038,24.520796,1.0197582,28.660755,8.498422,112.30221,175.40352,7.9511356,-66.38527,294.5566,1.87182,21.06766,0.009,73,764.40656
7/4/2026 13:18,40693.723,44103.72,28.79378,24.573814,1.0197912,28.667418,8.3949995,110.703384,172.93706,7.943746,-65.92274,274.33395,12.55461,20.951954,0,73,764.40656
7/4/2026 13:48,40460.016,44098.918,28.780523,24.71576,1.0198522,28.664297,8.3695545,109.8098,171.6122,7.9362955,-65.42206,287.55664,1.1597537,20.679747,0,73,764.40656
7/4/2026 14:18,40375.426,44139.42,28.804638,24.76754,1.019908,28.690624,8.334681,109.07772,170.50508,7.9409637,-65.665245,286.53622,0.63551784,20.535332,0,73,764.40656
7/4/2026 14:48,40276.05,44148.816,28.806679,24.828651,1.0199426,28.696732,8.192154,106.96065,167.22777,7.935545,-65.317154,286.71265,1.3253399,20.407293,0.009,73,764.40656
7/4/2026 15:18,40528.89,44119.58,28.79769,24.673758,1.0198499,28.677727,8.130185,106.79621,166.88757,7.9366374,-65.45544,269.34146,18.14213,20.738987,0.009,73,764.40656
7/4/2026 15:48,40866.37,44125.9,28.816216,24.469997,1.0197607,28.681833,8.258802,109.28191,170.66902,7.933379,-65.35053,294.8332,10.730366,21.132523,0.009,73,764.40656
7/4/2026 16:18,42101,44230.89,28.935804,23.752405,1.0194886,28.75008,8.277359,112.301865,175.00642,7.9095488,-64.23473,278.5921,4.0212684,22.478853,0.009,73,764.40656
7/4/2026 16:48,43516.27,44318.25,29.041851,22.979912,1.019125,28.806862,8.225697,114.81816,178.43837,7.880571,-62.847137,280.14185,21.738565,24.05257,0.027,73,764.40656
7/4/2026 17:18,44493.22,44391.688,29.119713,22.475334,1.0188712,28.854597,8.00362,113.85536,176.58946,7.8448014,-60.930252,255.96619,33.660877,25.119743,0.054,73,764.40656
7/4/2026 17:48,45055.684,44123.43,28.942528,22.194757,1.0184411,28.68023,7.7115045,111.45354,172.52773,7.794873,-58.131218,274.24335,21.941141,26.106192,0.063,73,764.40656
7/4/2026 18:18,44348.395,42736.742,27.943512,22.54873,1.0174236,27.778883,7.3556905,107.27736,165.7641,7.704495,-52.85263,279.79852,3.846462,26.974405,0.072,73,764.40656
7/4/2026 18:48,42234.742,40238.098,26.137897,23.677189,1.0158757,26.154762,6.9135065,100.86401,155.6445,7.584172,-45.695305,283.3557,6.5219417,27.597946,0.099,73,764.40656
7/4/2026 19:18,40108.676,38056.574,24.570139,24.932262,1.0146316,24.736773,6.263574,90.92783,140.24205,7.4511466,-37.68921,271.91162,34.752117,27.823166,0.108,73,764.40656
7/4/2026 19:48,38716.09,36675.484,23.58364,25.829054,1.0138657,23.839066,5.8588843,84.71381,130.63174,7.378086,-33.283234,297.1363,37.63503,27.913063,0.108,73,764.40656
7/4/2026 20:18,37864.87,35913.637,23.04068,26.409702,1.0134809,23.343864,5.4225845,78.078094,120.417595,7.313919,-29.39701,287.06073,3.0952008,27.844572,0.108,73,764.40656
7/4/2026 20:48,37008.28,35169.656,22.511747,27.020979,1.0131189,22.860277,4.994053,71.566025,110.40054,7.2728996,-26.90792,296.44012,4.7522154,27.737106,0.117,73,764.40656
7/4/2026 21:18,34275.125,32977.58,20.95993,29.175678,1.0121657,21.435427,5.3372326,74.95576,115.799904,7.3112354,-29.158592,283.23175,24.732244,27.060019,0.09,73,764.40656
7/4/2026 21:48,24374.004,24014.254,14.782881,41.027317,1.0079188,15.609265,5.0263014,66.683464,103.291435,7.2412567,-24.83368,225.65366,4.0961556,25.784328,0.063,73,764.40656
7/4/2026 22:18,22207.354,21974.127,13.414282,45.03013,1.0069592,14.283182,4.931419,64.65809,100.19954,7.224562,-23.813248,249.4049,1.3110256,25.55569,0.063,73,764.40656
7/4/2026 22:48,21417.209,21121.805,12.848152,46.691425,1.0064862,13.729174,4.5985894,60.289715,93.39732,7.159263,-19.907951,263.72433,1.8018743,25.732239,0.063,73,764.40656
7/4/2026 23:18,21410.727,21192.434,12.89412,46.705563,1.0065745,13.775082,4.303293,56.240173,87.15726,7.172594,-20.694733,273.5996,16.81215,25.539291,0.063,73,764.40656
7/4/2026 23:48,38896.027,42526.035,27.635859,25.709566,1.0190215,27.641924,6.8393598,88.88703,138.94487,7.775156,-55.885315,290.01712,0.8065141,20.530909,0.018,72,764.40656
7/5/2026 0:18,39475.016,43354.664,28.227325,25.33248,1.0195261,28.180532,7.0621796,91.73615,143.44466,7.8208394,-58.53653,289.89792,0.55160725,20.314854,0,72,764.40656
7/5/2026 0:48,39786.977,43993.363,28.67798,25.133852,1.0199504,28.595686,7.175768,92.90557,145.3416,7.845416,-59.919357,267.63916,0.33753243,19.994024,0,72,764.40656
7/5/2026 1:18,39784.973,43949.746,28.648092,25.135118,1.0199164,28.567335,6.958372,90.14961,141.02101,7.8201556,-58.441162,256.0663,12.505787,20.038628,0,72,764.40656
7/5/2026 1:48,39767.484,43940.906,28.641235,25.146172,1.0199139,28.56159,6.888104,89.216774,139.56407,7.8240814,-58.670044,277.57645,4.247883,20.027327,0,72,764.40656
7/5/2026 2:18,39824.11,44027.195,28.702816,25.110416,1.0199672,28.617678,7.0654035,91.50324,143.14618,7.83243,-59.156418,240.21625,1.2801453,20.001799,0,72,764.40656
7/5/2026 2:48,39757.117,43940.03,28.640154,25.152729,1.019916,28.561022,6.9402037,89.872055,140.59146,7.8194227,-58.39348,258.9035,4.517167,20.015915,0,72,764.40656
7/5/2026 3:18,39793.85,43973.598,28.664791,25.12951,1.0199329,28.58284,6.8655033,88.93013,139.11646,7.8142943,-58.09307,242.8198,8.879902,20.023493,0,72,764.40656
7/5/2026 3:48,39756.6,43818.94,28.55739,25.153055,1.01982,28.482311,6.461679,83.83699,131.12556,7.7523546,-54.46911,272.4743,8.407454,20.14621,0,72,764.40656
7/5/2026 4:18,39757.043,43705.504,28.479841,25.152777,1.0197294,28.408577,6.030573,78.38737,122.57974,7.6752496,-49.948692,269.97565,2.132304,20.270031,0,72,764.40656
7/5/2026 4:48,39600.168,43390.367,28.257292,25.252419,1.0195203,28.20374,5.6548924,73.620735,115.09909,7.6049986,-45.833588,278.20587,5.036327,20.426641,0,72,764.40656
7/5/2026 5:18,38928.24,42362.934,27.525782,25.688293,1.0188801,27.535908,5.238731,68.32253,106.763176,7.5100913,-40.283203,257.3681,5.779788,20.755089,0,72,764.40656
7/5/2026 5:48,36342.008,39127.773,25.218262,27.516367,1.016997,25.433054,4.518032,58.687035,91.633484,7.399132,-33.79345,261.53088,17.490986,21.272427,0.009,72,764.40656
7/5/2026 6:18,28903.28,30305.62,19.045065,34.598152,1.0119939,19.698654,3.5808609,45.957745,71.6068,7.160152,-19.750595,159.8835,1.8442739,22.577318,0.018,72,764.40656
7/5/2026 6:48,23233.125,24100.662,14.82025,43.041992,1.0086733,15.66543,3.0110247,38.085598,59.28693,7.0740333,-14.662743,190.92084,2.2440865,23.115374,0.018,72,764.40656
7/5/2026 7:18,19481.713,20143.607,12.186754,51.33019,1.006651,13.093346,2.5666578,32.07281,49.912758,7.010056,-10.86235,162.42505,6.4332695,23.279644,0.027,72,764.40656
7/5/2026 7:48,16732.055,17277.695,10.313523,59.765522,1.0052264,11.230502,2.4379828,30.175604,46.95479,6.9815264,-9.226799,199.44669,5.368586,23.346563,0.027,72,764.40656
7/5/2026 8:18,15985.816,16488.232,9.803228,62.555454,1.0048281,10.717351,2.298122,28.391603,44.174297,6.9635262,-8.220673,205.00659,1.3274665,23.404648,0.027,72,764.40656
7/5/2026 8:48,13859.218,14245.462,8.367388,72.154144,1.0037045,9.25955,2.4185877,29.73079,46.243607,6.9541626,-7.70092,177.44064,1.8402734,23.580446,0.036,72,764.40656
7/5/2026 9:18,13600.651,13956.406,8.184114,73.52589,1.0035453,9.071665,2.4616742,30.276058,47.084625,6.932597,-6.494522,176.67294,10.183567,23.66542,0.027,72,764.40656
7/5/2026 9:48,12073.191,12363.513,7.179612,82.82814,1.0027639,8.0362835,2.5516174,31.26269,48.609886,6.9491415,-7.4243546,173.18726,7.883585,23.770573,0.036,72,764.40656
7/5/2026 10:18,11986.046,12231.597,7.097428,83.43035,1.0026566,7.950538,2.6192687,32.18206,50.023376,6.9327416,-6.508827,179.60548,1.1925447,23.948946,0.036,72,764.40656
7/5/2026 10:48,10886.812,11031.445,6.3499813,91.854256,1.0020015,7.1704392,3.0072608,37.039017,57.534702,6.95688,-7.8725815,155.83038,1.7989206,24.313557,0.045,72,764.40656
7/5/2026 11:18,14391.259,14269.543,8.388377,69.486626,1.0032282,9.275203,5.6518083,71.88469,111.42233,7.155684,-19.674301,197.79205,2.2021751,25.446583,0.054,72,764.40656
7/5/2026 11:48,41598.055,42351.605,27.609898,24.039585,1.0180403,27.528543,9.094422,125.941025,195.71867,7.9544115,-67.25788,227.04602,4.593112,24.068443,0.054,72,764.40656
7/5/2026 12:18,42217.805,43428.676,28.380295,23.68669,1.0187721,28.22864,9.137701,125.92733,195.8827,7.967702,-67.93022,236.11545,2.9046142,23.540216,0.036,72,764.40656
7/5/2026 12:48,42135.855,43691.137,28.560974,23.732756,1.0190223,28.39924,9.046793,123.91662,192.89108,7.9756675,-68.31169,245.07047,3.6401303,23.13627,0.027,72,764.40656
7/5/2026 13:18,42133.004,43837.367,28.662844,23.734364,1.0191474,28.49429,8.999507,122.96593,191.46774,7.978499,-68.44044,234.40839,2.0278444,22.964436,0.018,72,764.40656
7/5/2026 13:48,42055.188,43842.145,28.663609,23.77828,1.0191755,28.497395,9.003974,122.812546,191.26105,7.9880257,-68.98403,250.69237,0.47754586,22.86603,0.018,72,764.40656
7/5/2026 14:18,42039.11,43872.676,28.684343,23.787374,1.0192062,28.51724,8.966599,122.199745,190.32422,7.9937735,-69.31305,248.70395,0.33091304,22.81189,0.018,72,764.40656
7/5/2026 14:48,41681.363,43962.938,28.734747,23.991537,1.0193901,28.575909,8.978578,121.24682,189.00726,7.9997196,-69.54193,255.33676,2.5120463,22.282843,0.018,72,764.40656
7/5/2026 15:18,41473.95,44075.273,28.80507,24.11152,1.0195447,28.648928,8.982106,120.53296,188.00883,7.999592,-69.44656,239.83955,10.170012,21.909945,0.009,72,764.40656
7/5/2026 15:48,41454.934,44053.367,28.789179,24.122581,1.0195323,28.63469,8.869297,119.012314,185.6364,7.992181,-69.00787,256.51456,0.48786086,21.911842,0.009,72,764.40656
7/5/2026 16:18,41726.01,44092.688,28.826416,23.965866,1.0194849,28.660248,8.7819,118.45612,184.68523,7.990361,-68.96496,267.98248,1.8948555,22.18979,0.009,72,764.40656
7/5/2026 16:48,42305.73,44059.543,28.823425,23.637459,1.0192823,28.638702,8.8225975,120.55686,187.7322,7.984141,-68.76469,242.36679,8.158082,22.915941,0.018,72,764.40656
7/5/2026 17:18,43218.59,44042.45,28.839602,23.138191,1.0189816,28.627594,8.618242,120.09125,186.64404,7.94069,-66.428185,241.5228,10.322245,24.020626,0.027,72,764.40656
7/5/2026 17:48,43976.94,43934.49,28.783848,22.73919,1.0186387,28.557417,8.243488,116.90437,181.34256,7.880152,-63.033104,267.2672,8.156686,25.05059,0.045,72,764.40656
7/5/2026 18:18,43673.84,43095.145,28.183907,22.897001,1.0179926,28.011845,7.7081203,110.16755,170.67505,7.7988,-58.288574,268.67865,4.009333,25.703053,0.063,72,764.40656
7/5/2026 18:48,41806.69,40860.86,26.569654,23.919617,1.016626,26.55956,7.04831,100.69279,155.8368,7.679523,-51.21708,276.44635,7.153296,26.211918,0.072,72,764.40656
7/5/2026 19:18,38061.56,37081.05,23.85671,26.273228,1.0145385,24.102682,6.2108407,87.63854,135.58554,7.5080457,-40.9317,260.73932,7.987951,26.384413,0.09,72,764.40656
7/5/2026 19:48,33984.54,33119.47,21.053204,29.425146,1.012443,21.527655,5.4381976,75.51101,116.82709,7.352229,-31.557083,276.04102,7.5168743,26.367523,0.081,72,764.40656
7/5/2026 20:18,31578.664,30829.135,19.452265,31.66695,1.0112723,20.038939,4.7347918,65.0469,100.65706,7.252001,-25.520325,261.0302,2.1296265,26.2729,0.072,72,764.40656
7/5/2026 20:48,30221.932,29575.596,18.582075,33.088554,1.0106585,19.224138,4.311606,58.81161,91.03214,7.197919,-22.258759,276.41296,3.4359252,26.14417,0.072,72,764.40656
7/5/2026 21:18,29228.176,28706.09,17.980528,34.213562,1.0102639,18.658958,3.9454508,53.455605,82.77389,7.162592,-20.122528,259.61398,9.7673025,25.952213,0.072,72,764.40656
7/5/2026 21:48,28220.18,27836.055,17.380749,35.435635,1.009881,18.093437,3.653527,49.135006,76.11855,7.148708,-19.273758,274.7011,8.057659,25.722488,0.063,72,764.40656
7/5/2026 22:18,27570.4,27295.293,17.008791,36.270782,1.0096581,17.74194,3.4199402,45.740036,70.88645,7.119026,-17.48085,254.65012,1.555563,25.52769,0.063,72,764.40656
7/5/2026 22:48,26954.742,26761.162,16.64269,37.099224,1.0094261,17.394754,3.2891467,43.784428,67.87551,7.1036615,-16.551018,266.52338,2.3572004,25.378721,0.054,72,764.40656
7/5/2026 23:18,26742.072,26625.902,16.549234,37.39426,1.0093985,17.306837,2.9120526,38.64134,59.920086,7.0847816,-15.411377,203.86218,11.170058,25.228436,0.054,72,764.40656
7/5/2026 23:48,33604.258,35136.98,22.420235,29.758133,1.0145017,22.839039,5.1836824,68.012596,105.94575,7.4497113,-36.964417,223.76538,8.605573,22.716162,0.036,72,764.40656
7/6/2026 0:18,40392.258,43673.496,28.485252,24.75722,1.0195271,28.387774,6.966708,91.89496,143.52992,7.8385587,-59.73339,269.55127,1.4909731,21.066433,0.009,72,764.40656
7/6/2026 0:48,39878.02,43409,28.28209,25.076471,1.0194579,28.21585,7.151796,93.66371,146.36526,7.8480797,-60.2293,261.66916,0.6829152,20.74125,0,72,764.40656
7/6/2026 1:18,40021.273,43843.504,28.586113,24.986712,1.0197675,28.49828,7.207437,94.03077,147.00633,7.8543987,-60.539246,258.14532,2.1862733,20.435658,0,72,764.40656
7/6/2026 1:48,40090.21,44113.066,28.773813,24.943745,1.0199642,28.673494,7.2274647,94.03051,147.05167,7.855216,-60.544014,266.71887,3.737474,20.225435,0,72,764.40656
7/6/2026 2:18,40044,44094.1,28.758715,24.97253,1.0199616,28.661165,6.9785147,90.72562,141.89041,7.836881,-59.456825,282.15884,1.236121,20.191032,0,72,764.40656
7/6/2026 2:48,39793.277,43920.375,28.628403,25.129873,1.0198908,28.548244,7.362019,95.44153,149.2901,7.8714337,-61.469078,251.32657,0.23899995,20.080223,0,72,764.40656
7/6/2026 3:18,39801.97,43912.953,28.623728,25.124386,1.0198826,28.543419,7.3072095,94.76074,148.22124,7.8631907,-60.987473,237.48874,20.19855,20.098604,0,72,764.40656
7/6/2026 3:48,39752.668,43875.293,28.595718,25.155544,1.0198658,28.51894,7.237899,93.81498,146.74577,7.858882,-60.72998,260.08606,0.89990073,20.080503,0,72,764.40656
7/6/2026 4:18,39712.594,43853.83,28.5792,25.18093,1.0198597,28.504988,7.1000824,91.97747,143.87672,7.838156,-59.50451,274.78696,1.7458882,20.05588,0,72,764.40656
7/6/2026 4:48,39558.34,43677.47,28.451628,25.27912,1.019761,28.390354,6.908034,89.43306,139.89526,7.816593,-58.236122,273.6807,5.556693,20.062414,0,72,764.40656
7/6/2026 5:18,39307.406,43393.125,28.246002,25.440498,1.0196025,28.20553,6.4311337,83.17023,130.09712,7.725709,-52.88601,268.96954,3.3979104,20.070372,0,72,764.40656
7/6/2026 5:48,39023.12,43040.195,27.992306,25.625834,1.0193989,27.976126,5.9629455,77.06151,120.534134,7.637325,-47.688484,268.99814,4.9880605,20.113447,0,72,764.40656
7/6/2026 6:18,38208.508,41959.96,27.220081,26.172182,1.01876,27.273973,5.455502,70.45162,110.16206,7.5314136,-41.480064,245.67126,1.8665484,20.319082,0,72,764.40656
7/6/2026 6:48,36396.758,39665.56,25.585318,27.474976,1.0174263,25.782612,5.013404,64.559235,100.89316,7.4314656,-35.63404,215.46364,3.7585382,20.68539,0,72,764.40656
7/6/2026 7:18,33574.727,36266.7,23.181665,29.784307,1.015496,23.573355,4.5666695,58.44467,91.27755,7.3300457,-29.69265,180.39703,3.0344055,21.113766,0,72,764.40656
7/6/2026 7:48,30224.73,32383.695,20.467493,33.08549,1.0133429,21.049402,4.0504074,51.39633,80.21997,7.2257423,-23.560524,178.19405,2.7409384,21.509516,0.009,72,764.40656
7/6/2026 8:18,27535.295,29352.943,18.375101,36.317024,1.0116998,19.079412,3.7595482,47.344494,73.86661,7.157614,-19.545555,173.16342,0.51552016,21.757914,0.009,72,764.40656
7/6/2026 8:48,25560.621,27195.48,16.899906,39.12268,1.010563,17.677063,3.6188467,45.26232,70.60728,7.1305447,-17.94815,170.69339,2.3001742,21.852613,0.018,72,764.40656
7/6/2026 9:18,23655.174,25150.904,15.513935,42.27405,1.0095094,16.348087,3.4956374,43.39741,67.69441,7.1010547,-16.202927,182.1518,1.9497604,21.886375,0.018,72,764.40656
7/6/2026 9:48,21514.168,22889.648,13.995604,46.481,1.008373,14.878271,3.5380576,43.51151,67.87595,7.09207,-15.668869,221.3049,1.7332836,21.853832,0.009,72,764.40656
7/6/2026 10:18,20694.596,22026.688,13.420542,48.321793,1.0079445,14.317348,3.687072,45.1757,70.47429,7.082992,-15.130043,234.08414,1.0538152,21.833702,0.009,72,764.40656
7/6/2026 10:48,18908.373,20147.96,12.177382,52.886623,1.0070208,13.096174,3.7799623,45.932934,71.66192,7.08787,-15.416145,265.23114,2.1511858,21.778837,0.009,72,764.40656
7/6/2026 11:18,17881.39,19071.377,11.470573,55.92406,1.0064993,12.396395,3.7854016,45.770912,71.41435,7.0839653,-15.182495,222.30148,2.5199146,21.73317,0.009,72,764.40656
7/6/2026 11:48,35000.434,38336.04,24.629946,28.571075,1.0167627,24.918425,7.3372693,93.53542,146.22995,7.7061253,-51.79882,272.04514,0.6016095,20.444519,0.009,72,764.40656
7/6/2026 12:18,39155.098,43254.582,28.144508,25.53946,1.0195336,28.115479,7.312779,94.45839,147.76135,7.8075237,-57.697296,271.87823,0.5622617,20.037918,0,72,764.40656
7/6/2026 12:48,38976.656,43114.848,28.041048,25.656382,1.019471,28.024652,7.4889674,96.56162,151.06534,7.8351145,-59.309006,274.415,0.52709585,19.974836,0,72,764.40656
7/6/2026 13:18,37947.457,41982.277,27.223589,26.352226,1.0188514,27.28848,7.5890965,97.36883,152.32964,7.846073,-59.952736,256.7911,0.6475147,19.968184,0,72,764.40656
7/6/2026 13:48,37766.42,41821.367,27.10613,26.478548,1.0187731,27.183887,7.6908875,98.524445,154.14754,7.870047,-61.354637,270.8435,0.48130968,19.923628,0,72,764.40656
7/6/2026 14:18,37285.402,41344.137,26.76072,26.820148,1.0185266,26.87369,7.752606,98.99515,154.89812,7.8816986,-62.026978,267.21002,0.46682465,19.860233,0,72,764.40656
7/6/2026 14:48,37585.023,41697.37,27.01374,26.606342,1.0187248,27.103292,7.7233973,98.725945,154.48221,7.888754,-62.437057,265.7175,0.26586035,19.836456,0,72,764.40656
7/6/2026 15:18,38945.473,43190.695,28.091251,25.676926,1.0195397,28.073952,7.427498,95.58197,149.55888,7.867783,-61.206818,241.27484,0.19479086,19.853914,0,72,764.40656
7/6/2026 15:48,38913.3,43172.625,28.07744,25.698154,1.019534,28.062206,7.4457097,95.774185,149.86378,7.872957,-61.507225,251.2312,0.16887555,19.834661,0,72,764.40656
7/6/2026 16:18,39183.785,43457.293,28.284,25.520761,1.0196868,28.247242,7.3741264,94.99892,148.6471,7.8687644,-61.264038,256.64807,0.14104283,19.851408,0,72,764.40656
7/6/2026 16:48,38879.57,43116.95,28.03796,25.72045,1.019499,28.026016,7.2173443,92.84964,145.28343,7.8544903,-60.424805,278.72562,0.43454513,19.854637,0,72,764.40656
7/6/2026 17:18,37951.227,42112.953,27.312443,26.34961,1.0189545,27.373419,7.073613,90.56224,141.7101,7.806612,-57.60193,255.40352,0.13820422,19.826025,0,72,764.40656
7/6/2026 17:48,35870.633,39850.31,25.687555,27.877958,1.0177332,25.9027,6.987501,88.512924,138.51425,7.7451887,-53.977966,262.93277,0.15945402,19.771435,0,72,764.40656
7/6/2026 18:18,29792.969,33160.33,20.965977,33.56497,1.0141705,21.554214,7.0982,87.29218,136.62114,7.655055,-48.661232,273.52332,0.070577554,19.683363,0,72,764.40656
7/6/2026 18:48,27820.227,30868.1,19.380697,35.945072,1.0129335,20.064264,6.5221205,79.68215,124.68434,7.472291,-37.932396,280.09415,0.107085325,19.830439,0,72,764.40656
7/6/2026 19:18,24558.004,27155.697,16.841959,40.71992,1.0109724,17.651203,5.97999,72.19341,112.93984,7.3081555,-28.290749,256.02817,0.03861953,19.991661,0,72,764.40656
7/6/2026 19:48,19941.154,22017.062,13.392886,50.14755,1.0083454,14.31109,5.582174,66.12507,103.43568,7.1705346,-20.194054,238.85727,0.039664615,20.063543,0,72,764.40656
7/6/2026 20:18,13506.233,14925.703,8.780013,74.03989,1.0048652,9.701708,5.3240805,61.325874,95.93453,7.0495834,-13.0701065,216.15982,0.04003866,20.020819,0,72,764.40656
7/6/2026 20:48,8445.106,9362.0205,5.3095565,118.411766,1.0022696,6.0853133,5.4113493,60.89209,95.27647,6.9833083,-9.217262,209.51749,0.048620556,19.872267,0,72,764.40656
7/6/2026 21:18,5564.644,6184.9272,3.4060495,179.70601,1.0008519,4.0202026,5.4166217,60.125,94.09286,6.9353538,-6.5612793,190.5203,0.091325216,19.749239,0,72,764.40656
7/6/2026 21:48,3614.0588,4021.347,2.1541855,276.6972,0.9999115,2.6138756,5.321124,58.57005,91.66625,6.8751826,-3.232956,200.77228,0.09350385,19.697304,0,72,764.40656
7/6/2026 22:18,2778.0752,3093.9893,1.631951,359.96146,0.99952286,2.011093,5.2714114,57.794693,90.45834,6.864583,-2.6464462,203.9051,0.122880206,19.654148,0,72,764.40656
7/6/2026 22:48,2359.5007,2629.4976,1.3743817,423.81848,0.9993329,1.7091734,5.2397976,57.32657,89.72949,6.842161,-1.4066696,210.11353,0.068557255,19.624086,0,72,764.40656
7/6/2026 23:18,2066.0923,2303.074,1.1952158,484.0055,0.99919873,1.4969981,5.187104,56.67718,88.71447,6.8499255,-1.835823,206.26068,0.040457413,19.61267,0,72,764.40656
7/6/2026 23:48,1783.8445,1988.2922,1.0240396,560.587,0.9990673,1.29239,5.1155095,55.842613,87.4077,6.83966,-1.2683868,216.83215,0.04926613,19.61645,0,72,764.40656
7/7/2026 0:18,1634.5083,1821.9355,0.9342623,611.8048,0.99899954,1.1842581,4.9639163,54.15647,84.76877,6.828619,-0.6580353,228.51468,0.051676575,19.614,0,72,764.40656
7/7/2026 0:48,18708.256,21018.736,12.721482,53.452335,1.0080216,13.662178,6.9470844,80.67677,126.34551,7.4130836,-34.37996,251.3075,0.4323314,19.244774,0,72,764.40656
7/7/2026 1:18,36802.832,41297.895,26.7067,27.171822,1.0186236,26.843632,6.920933,87.42398,136.90132,7.707205,-51.660538,263.19504,0.6309073,19.30132,0,72,764.40656
7/7/2026 1:48,37263.836,41844.402,27.097872,26.83567,1.0189291,27.198862,6.8801107,87.057045,136.33292,7.735235,-53.300858,271.31558,0.57086045,19.26876,0,72,764.40656
7/7/2026 2:18,37547.965,42154.29,27.321133,26.632603,1.0190966,27.400288,6.8727064,87.0954,136.39105,7.758345,-54.659843,267.5581,0.5306753,19.278902,0,72,764.40656
7/7/2026 2:48,38205.156,42839.88,27.817368,26.174477,1.0194603,27.84592,6.8988347,87.77868,137.45012,7.7775664,-55.799484,277.20453,0.5116909,19.335756,0,72,764.40656
7/7/2026 3:18,38431.02,42984.203,27.9263,26.020647,1.019514,27.939732,6.9433365,88.59889,138.7114,7.8009586,-57.196617,262.83264,0.54700756,19.454086,0,72,764.40656
7/7/2026 3:48,38887.75,43376.277,28.21473,25.715038,1.0197016,28.194582,7.0178523,89.91893,140.75256,7.832572,-59.080124,281.52466,0.27254498,19.58226,0,72,764.40656
7/7/2026 4:18,38932.664,43412.707,28.24167,25.685373,1.0197184,28.21826,7.005153,89.79536,140.55614,7.830088,-58.937073,273.09894,0.28672314,19.597034,0,72,764.40656
7/7/2026 4:48,38889.363,43352.64,28.198748,25.713972,1.0196825,28.179216,6.9688344,89.32831,139.82254,7.8326397,-59.08966,279.77466,0.26071084,19.6098,0,72,764.40656
7/7/2026 5:18,38799.01,43287.406,28.150038,25.773853,1.0196551,28.136814,6.77646,86.77485,135.83315,7.8084373,-57.65915,262.3844,0.24954137,19.571297,0,72,764.40656
7/7/2026 5:48,38442.633,42937.09,27.894909,26.012787,1.0194738,27.90911,6.577083,84.013016,131.51953,7.7749414,-55.680275,280.28488,0.04396475,19.519611,0,72,764.40656
7/7/2026 6:18,34600.44,38854.56,24.960407,28.901365,1.0173036,25.255465,5.864446,73.2675,114.7384,7.5457997,-42.176247,262.67053,0.0372925,19.267632,0,72,764.40656
7/7/2026 6:48,28253.71,31797.393,20.00637,35.39358,1.0135643,20.668306,5.057167,61.229496,95.90033,7.2772665,-26.397705,238.79051,0.03642068,19.165148,0,72,764.40656
7/7/2026 7:18,22863.59,25702.041,15.843526,43.737663,1.0103941,16.706327,4.8337173,57.15359,89.5099,7.1461062,-18.701553,211.41052,0.0390699,19.217968,0,72,764.40656
7/7/2026 7:48,17822.84,19983.38,12.042238,56.10778,1.007486,12.989198,4.605182,53.36388,83.56055,7.0419016,-12.588501,225.6012,0.0393673,19.339428,0,72,764.40656
7/7/2026 8:18,12176.756,13595.134,7.9333262,82.12368,1.0043297,8.836838,4.4250326,50.239048,78.64551,6.9479504,-7.252693,227.71835,0.04013657,19.537704,0,72,764.40656
7/7/2026 8:48,6881.1934,7654.1514,4.277572,145.32362,1.0015211,4.9751983,4.427331,49.361492,77.252495,6.863711,-2.5987625,213.85193,0.09036914,19.712803,0,72,764.40656
7/7/2026 9:18,4533.1543,5028.28,2.7317703,220.59695,1.0003198,3.268382,4.5616984,50.529655,79.06575,6.8388667,-1.2254715,201.31111,0.28559893,19.844599,0,72,764.40656
7/7/2026 9:48,3257.6597,3593.8013,1.9126564,306.96884,0.9996431,2.3359709,4.821946,53.4275,83.568794,6.8360915,-1.0728836,217.4425,0.040900104,20.102947,0,72,764.40656
7/7/2026 10:18,2391.1294,2629.5842,1.3748827,418.2124,0.99920255,1.7092298,5.064273,56.100513,87.730545,6.8305726,-0.7677078,227.55623,0.1446917,20.252274,0,72,764.40656
7/7/2026 10:48,1994.3667,2186.1733,1.1318897,501.4123,0.998985,1.4210126,5.2308373,58.03909,90.741394,6.8272967,-0.5865097,241.25099,0.06252516,20.406479,0,72,764.40656
7/7/2026 11:18,1774.4893,1939.064,0.9978486,563.5424,0.998851,1.2603916,5.5202017,61.382343,95.946945,6.836749,-1.1110306,233.58345,0.20329748,20.556374,0,72,764.40656
7/7/2026 11:48,1730.9386,1881.1898,0.9666886,577.72125,0.99877095,1.2227734,5.7968426,64.778465,101.21537,6.8445487,-1.5449524,250.10109,0.061813448,20.818306,0,72,764.40656
7/7/2026 12:18,1671.3402,1813.8732,0.9304272,598.3222,0.99872875,1.1790175,5.992919,67.04398,104.744415,6.835696,-1.0538101,258.78906,0.33289158,20.885897,0,72,764.40656
7/7/2026 12:48,1810.6567,1959.3627,1.0090024,552.28577,0.9987578,1.2735858,6.2371335,69.999825,109.33885,6.8998995,-4.620552,272.08328,0.1775554,21.026436,0.009,72,764.40656
7/7/2026 13:18,39312.652,42716.96,27.784067,25.437103,1.0190575,27.766026,7.97136,104.25737,162.89827,7.9042377,-63.562393,283.28418,0.103767306,20.827509,0.009,72,764.40656
7/7/2026 13:48,39172.695,42694.977,27.763134,25.527985,1.0190796,27.751736,8.065603,105.19248,164.39594,7.93112,-65.11688,289.85977,0.037927542,20.680695,0,72,764.40656
7/7/2026 14:18,39705.145,43322.836,28.215645,25.185654,1.0194366,28.159843,7.9758496,104.19807,162.85481,7.9241247,-64.6925,290.52734,0.03645656,20.627987,0,72,764.40656
7/7/2026 14:48,39595.254,43240.797,28.15471,25.255552,1.0194013,28.10652,7.9689417,103.989815,162.5396,7.932688,-65.18841,288.83456,0.039206084,20.58597,0,72,764.40656
7/7/2026 15:18,39697.414,43465.523,28.312998,25.190557,1.0195537,28.252592,7.8622427,102.457,160.17368,7.9308934,-65.05489,276.46542,0.040259738,20.461157,0,72,764.40656
7/7/2026 15:48,39595.11,43461.957,28.306026,25.255644,1.0195789,28.250273,7.7276893,100.477554,157.10703,7.925679,-64.72111,284.82913,0.07432941,20.341839,0,72,764.40656
7/7/2026 16:18,39553.19,43506.887,28.334871,25.28241,1.0196264,28.279476,7.5997553,98.648766,154.27023,7.919011,-64.30626,282.87888,0.048280083,20.242138,0,72,764.40656
7/7/2026 16:48,39525.027,43482.137,28.316685,25.300425,1.0196142,28.26339,7.589414,98.491585,154.02599,7.921303,-64.43977,283.88025,0.11270365,20.23532,0,72,764.40656
7/7/2026 17:18,39552.22,43479.555,28.316141,25.283031,1.0196048,28.261711,7.5675354,98.271935,153.67442,7.918742,-64.29672,267.42935,0.044881728,20.270885,0,72,764.40656
7/7/2026 17:48,39568.664,43427.805,28.281504,25.272524,1.0195589,28.228073,7.543109,98.07367,153.347,7.9170823,-64.21566,283.31757,0.07975042,20.347466,0,72,764.40656
7/7/2026 18:18,39755.945,43395.547,28.267641,25.153471,1.0194812,28.207106,7.4930367,97.88591,152.9937,7.8867717,-62.48474,267.8299,0.03738307,20.608877,0,72,764.40656
7/7/2026 18:48,39637.176,43032.305,28.013659,25.228842,1.0192207,27.970997,7.3815174,96.74722,151.15434,7.8459396,-60.129166,286.2072,0.034621686,20.869257,0,72,764.40656
7/7/2026 19:18,38065.504,41099.867,26.627756,26.270504,1.0181007,26.714914,7.1540966,93.461624,145.9615,7.764579,-55.3751,279.1214,0.032906897,21.134607,0,72,764.40656
7/7/2026 19:48,34320.04,36867.31,23.613312,29.137495,1.0157537,23.96375,6.735994,86.855545,135.59221,7.619405,-46.834946,288.7821,0.034183014,21.38257,0.009,72,764.40656
7/7/2026 20:18,30029.566,32202.736,20.340714,33.300514,1.0132579,20.931778,6.247814,79.15833,123.55952,7.434458,-35.905838,263.96274,0.04517654,21.466806,0.009,72,764.40656
7/7/2026 20:48,24468.418,26284.307,16.273745,40.86901,1.0102077,17.084799,5.6665235,69.9995,109.277794,7.2396994,-24.375916,239.21013,0.04024864,21.38291,0.009,72,764.40656
7/7/2026 21:18,17253.707,18603.15,11.160118,57.95856,1.0063925,12.092048,5.186193,61.969456,96.76922,7.056517,-13.532639,226.81236,0.09030821,21.202175,0.009,72,764.40656
7/7/2026 21:48,13053.442,14139.775,8.28741,76.60815,1.0042765,9.190854,4.812938,56.309875,87.961914,6.9488535,-7.338524,245.36133,0.060086396,20.977583,0,72,764.40656
7/7/2026 22:18,10405.759,11326.832,6.5215597,96.10063,1.0029958,7.3624406,4.590572,52.915836,82.68972,6.8826222,-3.657341,239.42471,0.12883835,20.742525,0.009,72,764.40656
7/7/2026 22:48,8690.957,9493.413,5.392454,115.062126,1.0021794,6.1707187,4.3935556,50.147087,78.38295,6.845088,-1.5735626,230.88455,0.03981179,20.574469,0,72,764.40656
7/7/2026 23:18,7028.183,7702.197,4.3085027,142.28429,1.0013931,5.006428,4.244529,47.992783,75.03314,6.817231,-0.02861023,224.28036,0.08646023,20.418364,0,72,764.40656
7/7/2026 23:48,5673.2134,6236.2056,3.4374223,176.26695,1.0007644,4.0535336,4.159743,46.66155,72.96754,6.8038054,0.71525574,236.33003,0.050716884,20.273405,0,72,764.40656
7/8/2026 0:18,4495.177,4958.474,2.6918814,222.46066,1.0002339,3.2230082,4.1260724,45.93183,71.843864,6.7953587,1.1825562,241.63724,0.10783387,20.10809,0,72,764.40656
7/8/2026 0:48,3852.7336,4262.408,2.2918725,259.55597,0.9999597,2.7705653,4.124865,45.683884,71.470634,6.796555,1.115799,246.35791,0.151199,19.967884,0,72,764.40656
7/8/2026 1:18,3376.1626,3747.8506,1.9992943,296.19427,0.99977076,2.4361029,4.13553,45.578266,71.321915,6.802147,0.8058548,242.14267,0.17376737,19.807663,0,72,764.40656
7/8/2026 1:48,19224.92,21406.352,12.98315,52.01582,1.008126,13.914128,5.7984366,67.994965,106.42188,7.4600058,-37.18853,255.4512,0.2484895,19.664618,0,72,764.40656
7/8/2026 2:18,38795.9,43095.375,28.01934,25.77592,1.0195043,28.011993,6.61963,85.02667,133.05762,7.7925916,-56.767464,291.81003,0.063441545,19.77662,0,72,764.40656
7/8/2026 2:48,39083.305,43423.69,28.256367,25.586372,1.019687,28.225399,6.7797527,87.18981,136.44461,7.8279667,-58.846474,297.46533,0.06002555,19.766787,0,72,764.40656
7/8/2026 3:18,39063.02,43445.125,28.269989,25.599659,1.0197095,28.239332,6.782095,87.14918,136.39035,7.8295894,-58.932304,283.10776,0.040153142,19.719093,0,72,764.40656
7/8/2026 3:48,39038.516,43418.73,28.250858,25.615728,1.0196952,28.222176,6.799411,87.36044,136.72118,7.8407807,-59.59034,286.92245,0.053222567,19.718164,0,72,764.40656
7/8/2026 4:18,38998.273,43387.93,28.227982,25.64216,1.0196815,28.202154,6.8995366,88.60986,138.67953,7.849103,-60.076714,285.01035,0.03910535,19.703022,0,72,764.40656
7/8/2026 4:48,38934.863,43312.195,28.173426,25.683922,1.0196385,28.152927,6.896829,88.5556,138.59352,7.854759,-60.4105,285.43472,0.040651068,19.708656,0,72,764.40656
7/8/2026 5:18,38923.137,43315.633,28.175205,25.69166,1.0196444,28.15516,6.8312144,87.68471,137.23404,7.845254,-59.84783,272.4886,0.0390479,19.690746,0,72,764.40656
7/8/2026 5:48,38824.4,43245.766,28.122961,25.757,1.0196157,28.109747,6.599611,84.616684,132.44054,7.826186,-58.717728,288.56754,0.036467087,19.647217,0,72,764.40656
7/8/2026 6:18,38828.434,43280.473,28.146744,25.754322,1.0196418,28.132307,6.442465,82.56284,129.23195,7.8012366,-57.2443,282.6643,0.035669155,19.614405,0,72,764.40656
7/8/2026 6:48,38554.832,43026.523,27.961035,25.937086,1.0195144,27.96724,6.435307,82.29455,128.82217,7.799394,-57.12509,291.6765,0.033439737,19.558708,0,72,764.40656
7/8/2026 7:18,38077.668,42524.027,27.59716,26.262112,1.0192457,27.64062,6.043346,77.067665,120.645805,7.7392254,-53.58219,274.15753,0.033118878,19.525597,0,72,764.40656
7/8/2026 7:48,36901.203,41237.43,26.670652,27.099388,1.0185487,26.804329,5.5572095,70.43878,110.273415,7.6174545,-46.420097,236.49216,0.03100655,19.494625,0,72,764.40656
7/8/2026 8:18,33317.4,37210.414,23.803196,30.014349,1.0163627,24.18677,5.343014,66.617035,104.2863,7.501851,-39.629936,244.68422,0.035156235,19.522427,0,72,764.40656
7/8/2026 8:48,23858.406,26525.4,16.409643,41.913948,1.0107048,17.24151,5.161181,61.84562,96.78739,7.2326937,-23.827553,242.033,0.03866431,19.735867,0,72,764.40656
7/8/2026 9:18,19399.098,21382.45,12.973742,51.54879,1.0080098,13.898592,5.1096387,60.47148,94.58099,7.120409,-17.2472,239.52008,0.039087586,20.143663,0,72,764.40656
7/8/2026 9:48,16616.785,18155.662,10.862883,60.18011,1.0063176,11.80118,5.235,61.68523,96.41953,7.0550756,-13.418198,260.46277,0.037288256,20.562294,0,72,764.40656
7/8/2026 10:18,14225.729,15369.974,9.071364,70.295166,1.0048394,9.990483,5.4182806,63.835682,99.69888,6.9881043,-9.522438,262.70868,0.039811384,21.102262,0.009,72,764.40656
7/8/2026 10:48,13554.6,14502.716,8.521425,73.775696,1.004313,9.426765,5.6006894,66.37163,103.58248,6.963322,-8.158684,272.15958,0.038784083,21.57722,0.009,72,764.40656
7/8/2026 11:44,12319.024,12752.956,7.422407,81.17526,1.003086,8.289421,6.8938212,83.72147,130.30396,7.6684017,-51.10264,22.640228,0.03949925,23.218534,0.135,71,764.40656
7/8/2026 12:14,11741.605,12107.54,7.018249,85.16723,1.0027322,7.869901,6.3815403,77.60652,120.7447,6.9611287,-9.570122,113.48724,0.03569718,23.417604,0.036,71,764.40656
7/8/2026 12:44,11361.814,11563.151,6.6801147,88.014114,1.0023074,7.516049,6.5785933,80.843285,125.630005,6.904945,-6.465912,122.80464,0.06008806,24.088379,0.036,71,764.40656
7/8/2026 13:14,10439.543,10454.01,5.993625,95.789635,1.0015734,6.7951064,6.8489165,85.133224,132.09004,6.917523,-7.185936,139.42719,0.035712823,24.927547,0.054,71,764.40656
7/8/2026 13:44,30943.148,30382.43,19.139338,32.317333,1.0111276,19.748579,8.802271,120.07155,185.92082,7.899035,-65.27901,111.026764,0.06212962,25.966253,0.072,71,764.40656
7/8/2026 14:14,41645.66,43405.47,28.34608,24.012106,1.0189322,28.213554,8.651952,117.81809,183.47946,7.963212,-68.37845,116.65821,0.02744826,22.877304,0.027,71,764.40656
7/8/2026 14:44,41746.71,43664.18,28.529415,23.953983,1.0191199,28.381716,8.585768,116.673485,181.75128,7.957739,-68.01605,121.5601,0.026517894,22.700836,0.018,71,764.40656
7/8/2026 15:14,41599.72,43755.066,28.587519,24.038624,1.0192407,28.440794,8.528652,115.35804,179.78636,7.9548545,-67.7824,123.44837,0.031993844,22.420977,0.027,71,764.40656
7/8/2026 15:44,41696.523,43644.504,28.51403,23.982815,1.0191185,28.368927,8.622746,117.08684,182.40677,7.9666505,-68.53104,124.06826,0.028108431,22.663202,0.018,71,764.40656
7/8/2026 16:14,41859.59,43472.016,28.399364,23.889389,1.0189221,28.25681,8.853898,120.99325,188.36584,7.997352,-70.42885,127.0771,0.031053375,23.058056,0.018,71,764.40656
7/8/2026 16:44,41510,43446.508,28.370092,24.09058,1.0190089,28.24023,8.665765,117.579636,183.17351,7.9811645,-69.384575,122.07508,0.03441908,22.666376,0.018,71,764.40656
7/8/2026 17:14,41157.074,43481.27,28.38193,24.29716,1.0191453,28.262825,8.576576,115.41206,179.93576,7.9778214,-69.0794,124.258995,0.040790014,22.201424,0.018,71,764.40656
7/8/2026 17:44,41140.117,43578.434,28.448622,24.307175,1.0192313,28.325981,8.592714,115.4022,179.95895,7.9873695,-69.60869,124.89796,0.06006582,22.070557,0.018,71,764.40656
7/8/2026 18:14,40924.797,43627.625,28.474651,24.435062,1.0193357,28.357956,8.279647,110.58556,172.53543,7.9647827,-68.211555,129.70924,0.040111817,21.756428,0.009,71,764.40656
7/8/2026 18:44,41072.24,43636.957,28.486639,24.347345,1.0193001,28.364023,8.248005,110.50243,172.35953,7.9621735,-68.097115,132.62749,0.07499889,21.922827,0.009,71,764.40656
7/8/2026 19:14,41457.562,43532.79,28.428228,24.121052,1.0190974,28.296314,8.260798,111.79804,174.21396,7.9523373,-67.653656,125.927925,0.04048953,22.504166,0.009,71,764.40656
7/8/2026 19:44,41933.977,43552.67,28.45796,23.847012,1.0189675,28.309238,7.925823,108.33971,168.66762,7.904812,-64.98337,114.58874,0.036956545,23.054113,0.027,71,764.40656
7/8/2026 20:14,42194.438,43420.26,28.37371,23.699806,1.0187724,28.223171,7.3501043,101.25568,157.5105,7.8260355,-60.44388,132.23648,0.033245508,23.521904,0.027,71,764.40656
7/8/2026 20:44,42043.227,42894.086,28.001516,23.785044,1.0183662,27.881155,6.5128484,90.2244,140.24046,7.675442,-51.646233,132.45583,0.033423312,23.96145,0.036,71,764.40656
7/8/2026 21:14,39885.516,40438.32,26.230665,25.071758,1.0169388,26.28491,6.045277,83.371635,129.51263,7.5370398,-43.525696,150.98572,0.03274924,24.284277,0.036,71,764.40656
7/8/2026 21:44,36170.793,36518.008,23.429329,27.646616,1.0147684,23.736706,5.4326386,74.01463,114.93076,7.3489017,-32.434464,146.0886,0.032479562,24.5022,0.045,71,764.40656
7/8/2026 22:14,31201.955,31432.947,19.855135,32.049274,1.0120505,20.431416,4.900962,65.552925,101.76985,7.18245,-22.602081,141.64447,0.03836165,24.61525,0.045,71,764.40656
7/8/2026 22:44,27468.793,27733.457,17.299572,36.40495,1.0101641,18.026747,4.4107914,58.023926,90.10052,7.058714,-15.277863,133.39043,0.040064156,24.50036,0.045,71,764.40656
7/8/2026 23:14,24695.57,25041.623,15.465508,40.49309,1.0088491,16.277056,4.090087,53.03141,82.38215,6.988896,-11.143684,134.95923,0.038250998,24.276485,0.036,71,764.40656
7/8/2026 23:44,22843.258,23273.209,14.27283,43.776592,1.0080197,15.127585,3.7994654,48.713825,75.70866,6.9296546,-7.839203,148.78273,0.07292177,24.032774,0.036,71,764.40656
7/9/2026 0:14,21478.494,21963.406,13.396366,46.558197,1.007412,14.276215,3.6432133,46.31793,72.009575,6.9104447,-6.7663193,155.95436,0.04053363,23.844074,0.036,71,764.40656
7/9/2026 0:44,20306.55,20849.045,12.655178,49.245193,1.00691,13.55188,3.4964702,44.09772,68.58312,6.8842635,-5.3071976,151.49117,0.07348661,23.637693,0.027,71,764.40656
7/9/2026 1:14,18658.436,19259.2,11.605872,53.595062,1.006192,12.51848,3.37423,42.09095,65.49335,6.857889,-3.8385391,154.48093,0.0409747,23.366829,0.027,71,764.40656
7/9/2026 1:44,18017.463,18661.09,11.213159,55.50171,1.0059414,12.129708,3.2355597,40.14234,62.480095,6.8217382,-1.8310547,146.03137,0.039959107,23.194223,0.018,71,764.40656
7/9/2026 2:14,15886.035,16556.047,9.844209,62.948368,1.0049915,10.76143,3.1036463,37.982533,59.15024,6.814372,-1.4209747,137.72488,0.036240567,22.881186,0.018,71,764.40656
7/9/2026 2:44,31000.688,33272.367,21.085432,32.25735,1.0138311,21.627039,6.0827127,77.34312,120.734024,7.398884,-35.02369,138.46397,0.09107576,21.425377,0.018,71,764.40656
7/9/2026 3:14,39372.742,42847.453,27.87593,25.398281,1.0191461,27.850845,6.9064536,90.256584,141.0383,7.79077,-57.821274,135.77939,0.13771296,20.754192,0,71,764.40656
7/9/2026 3:44,39538.6,43083.305,28.044453,25.291739,1.0192902,28.004148,6.9059057,90.23611,141.0195,7.8079715,-58.813095,130.79643,0.053563237,20.692377,0,71,764.40656
7/9/2026 4:14,39710.97,43297.293,28.198387,25.18196,1.0194144,28.143242,6.917567,90.42199,141.31616,7.8223696,-59.64756,138.34,0.1747691,20.66334,0,71,764.40656
7/9/2026 4:44,39932.996,43564.914,28.391342,25.041948,1.0195682,28.317194,6.9408517,90.78229,141.8853,7.834725,-60.362816,136.07025,0.14805646,20.635185,0,71,764.40656
7/9/2026 5:14,39937.625,43595.504,28.412506,25.039045,1.0195916,28.337078,7.00601,91.59849,143.16698,7.8470006,-61.073303,136.54709,0.03927714,20.607073,0,71,764.40656
7/9/2026 5:44,39985.598,43653.99,28.454678,25.009005,1.0196253,28.375093,6.947166,90.84048,141.98367,7.84302,-60.839653,132.33185,0.04079675,20.600351,0,71,764.40656
7/9/2026 6:14,39936.37,43619.418,28.428844,25.039831,1.0196112,28.352623,6.938273,90.67519,141.72983,7.846364,-61.030388,140.15674,0.033494744,20.57927,0,71,764.40656
7/9/2026 6:44,39979.46,43659.465,28.458166,25.012844,1.0196315,28.378653,6.86513,89.74745,140.27808,7.8391447,-60.61077,142.8938,0.04031857,20.586973,0,71,764.40656
7/9/2026 7:14,39919.46,43562.242,28.388924,25.050438,1.0195699,28.315458,6.726958,87.961784,137.47983,7.822269,-59.633255,151.51501,0.037155848,20.621862,0,71,764.40656
7/9/2026 7:44,40019.01,43597.402,28.417315,24.988123,1.0195705,28.338312,6.661039,87.24421,136.34164,7.8099785,-58.932304,140.68127,0.031746436,20.70272,0,71,764.40656
7/9/2026 8:14,39916.473,43361.97,28.251455,25.052315,1.019409,28.18528,6.455735,84.685875,132.31607,7.766474,-56.419373,153.60832,0.027041432,20.839844,0,71,764.40656
7/9/2026 8:44,38952.074,42182.555,27.40338,25.672573,1.0187262,27.418661,5.8832693,77.00552,120.288345,7.628865,-48.40851,143.21327,0.027898557,20.9904,0.009,71,764.40656
7/9/2026 9:14,34595.742,37160.426,23.821156,28.90529,1.01591,24.154276,5.4413853,70.253075,109.67302,7.4715033,-39.26754,135.7031,0.029418204,21.386568,0,71,764.40656
7/9/2026 9:44,30642.99,32540.455,20.585272,32.633892,1.0133195,21.151297,5.119154,65.52923,102.20717,7.295567,-29.029846,139.0028,0.031654164,21.947073,0.009,71,764.40656
7/9/2026 10:14,26870.617,28210.809,17.602877,37.21537,1.0109241,18.337027,5.060956,64.33747,100.255104,7.182001,-22.416115,119.748116,0.032724664,22.512758,0.018,71,764.40656
7/9/2026 10:44,23842.678,24755.31,15.2607,41.941597,1.0090164,16.090952,5.15608,65.32916,101.7043,7.1099653,-18.219948,129.84753,0.036890734,23.069836,0.027,71,764.40656
7/9/2026 11:14,21648.938,22290.357,13.611465,46.191643,1.0076659,14.488732,5.323521,67.3327,104.746124,7.063152,-15.487671,125.84686,0.0347188,23.493423,0.036,71,764.40656
7/9/2026 11:44,19821.941,20136.443,12.187943,50.449146,1.0064154,13.088688,5.546975,70.46657,109.48588,7.020639,-13.012886,144.48166,0.037492026,24.182276,0.045,71,764.40656
7/9/2026 12:14,17918.559,17967.703,10.769367,55.80806,1.005171,11.679008,5.7825665,73.76147,114.46138,7.008137,-12.302399,125.44632,0.03414771,24.8568,0.045,71,764.40656
7/9/2026 12:44,17044.46,16830.08,10.0332155,58.670086,1.0043985,10.939552,6.0656524,78.17734,121.123474,6.9993033,-11.777878,141.50143,0.036304682,25.66691,0.063,71,764.40656
7/9/2026 13:14,16053.51,15711.856,9.312838,62.291676,1.0037287,10.212707,6.24878,80.88676,125.202805,6.996588,-11.644363,161.10898,0.03664643,26.138483,0.081,71,764.40656
7/9/2026 13:44,15727.685,15158.172,8.958923,63.58215,1.00323,9.852812,6.4390187,84.41024,130.43204,6.9708886,-10.232925,155.69687,0.03603532,26.967083,0.099,71,764.40656
7/9/2026 14:14,13930.03,13174.401,7.697049,71.78735,1.0019884,8.563361,6.8365993,90.6192,139.70995,6.979144,-10.733604,143.1942,0.035114117,28.002924,0.117,71,764.40656
7/9/2026 14:44,40123.617,39932.438,25.883986,24.922977,1.0163975,25.956085,9.043657,126.58964,196.29071,7.9760866,-69.68975,137.24327,0.03662734,25.25066,0.081,71,764.40656
7/9/2026 15:14,41686.54,42187.93,27.497868,23.98856,1.0178668,27.422153,8.928215,124.23016,192.9505,7.981634,-69.81373,134.2821,0.1528562,24.377766,0.045,71,764.40656
7/9/2026 15:44,41880.2,42601.266,27.792183,23.877632,1.0181648,27.690825,9.124846,126.59495,196.7187,8.011675,-71.52557,128.29303,0.10088549,24.113827,0.036,71,764.40656
7/9/2026 16:14,42192.938,42867.17,27.986849,23.70065,1.0182935,27.86366,9.214646,128.124,199.07191,8.029021,-72.56508,139.15062,0.36893466,24.176523,0.036,71,764.40656
7/9/2026 16:44,42205.47,43389.047,28.352238,23.693611,1.0187418,28.20288,8.907086,122.79765,191.00374,8.004179,-70.95337,137.8584,0.6922695,23.571815,0.036,71,764.40656
7/9/2026 17:14,41943.67,43540.07,28.449492,23.8415,1.0189538,28.301046,8.73526,119.45399,185.96239,7.9927235,-70.16182,114.851,0.8751702,23.080362,0.027,71,764.40656
7/9/2026 17:44,41750.004,43672.492,28.535305,23.952093,1.0191258,28.387121,8.535972,115.98911,180.68692,7.983808,-69.5467,124.59755,0.89897835,22.695257,0.018,71,764.40656
7/9/2026 18:14,41577.504,43693.26,28.543827,24.051468,1.0191958,28.400621,8.456349,114.44064,178.34357,7.98733,-69.69929,111.20319,0.8115003,22.464764,0.018,71,764.40656
7/9/2026 18:44,41407.055,43724.527,28.559505,24.150475,1.0192732,28.420942,8.249298,111.16989,173.3152,7.9734197,-68.826675,122.36595,0.7872342,22.22504,0.018,71,764.40656
7/9/2026 19:14,41278.098,43705.4,28.54159,24.225924,1.0192957,28.408508,8.202259,110.26083,171.93536,7.971183,-68.66455,124.49741,1.0517733,22.092264,0.009,71,764.40656
7/9/2026 19:44,41504.875,43734.34,28.5698,24.093555,1.0192521,28.427322,8.075263,109.0383,169.96234,7.9592686,-68.02082,139.0791,1.2163157,22.331022,0.018,71,764.40656
7/9/2026 20:14,41739.05,43684.8,28.543495,23.95838,1.0191395,28.39512,7.7944574,105.86694,164.92624,7.925406,-66.1087,142.55048,0.87260705,22.66803,0.018,71,764.40656
7/9/2026 20:44,42083.266,43672.63,28.546377,23.762415,1.0190231,28.387209,7.2547107,99.28816,154.565,7.844694,-61.454773,144.95374,0.62850994,23.094625,0.018,71,764.40656
7/9/2026 21:14,42173.914,43394.695,28.35523,23.71134,1.0187569,28.206553,6.4541926,88.912224,138.30809,7.720905,-54.249763,147.35222,0.48948064,23.527115,0.027,71,764.40656
7/9/2026 21:44,41830.812,42644.19,27.820816,23.905823,1.0182184,27.718723,5.8216147,80.62149,125.30511,7.578459,-45.928955,147.09949,0.39440456,24.00138,0.036,71,764.40656
7/9/2026 22:14,39676.766,40072.12,25.970747,25.203667,1.016686,26.046879,5.4225836,74.933815,116.36214,7.449839,-38.399696,159.69754,0.4230154,24.483452,0.045,71,764.40656
7/9/2026 22:44,35913.785,36026.535,23.085695,27.844461,1.0144147,23.417248,4.8210773,65.93937,102.327225,7.278036,-28.276443,152.6785,0.37710974,24.836145,0.036,71,764.40656
7/9/2026 23:14,32285.785,32258.709,20.436085,30.973383,1.0123655,20.96816,4.252794,57.50521,89.20346,7.137139,-19.950867,136.76643,0.2983721,25.043943,0.054,71,764.40656
7/9/2026 23:44,30823.174,30817.64,19.431917,32.443123,1.0116216,20.031466,3.8333592,51.507114,79.904366,7.0627813,-15.544891,133.30936,0.22075886,25.009401,0.054,71,764.40656
7/10/2026 0:14,29574.09,29606.424,18.592308,33.81338,1.0110106,19.244175,3.4782453,46.458225,72.081055,7.025875,-13.356209,152.28271,0.35271996,24.942822,0.054,71,764.40656
7/10/2026 0:44,28263.453,28342.297,17.720617,35.381382,1.0103817,18.422493,3.178209,42.1745,65.44575,6.9930387,-11.396408,153.27454,0.22219521,24.854353,0.045,71,764.40656
7/10/2026 1:14,27450.3,27569.166,17.189718,36.429474,1.0100058,17.919958,3.0119774,39.79138,61.75701,6.964448,-9.799004,150.80452,0.2771811,24.774265,0.045,71,764.40656
7/10/2026 1:44,26988.223,27147.396,16.900543,37.0532,1.0098114,17.645807,2.8782015,37.906612,58.840816,6.938409,-8.34465,148.36789,0.17162207,24.693022,0.045,71,764.40656
7/10/2026 2:14,25120.178,25348.654,15.675449,39.808636,1.008938,16.476625,2.7807715,36.261555,56.304634,6.9188085,-7.247925,150.89989,0.28826827,24.528095,0.045,71,764.40656
7/10/2026 2:44,24935.342,25201.035,15.57482,40.10372,1.0088844,16.380672,2.630319,34.230816,53.159355,6.8882833,-5.545616,142.82703,0.13779487,24.448015,0.036,71,764.40656
7/10/2026 3:14,22839.566,23151.146,14.193044,43.78367,1.0078893,15.048245,2.4733546,31.847609,49.47225,6.893216,-5.8174133,139.0934,0.16243273,24.295364,0.036,71,764.40656
7/10/2026 3:44,27573.97,28477.426,17.796625,36.266087,1.0108528,18.510326,3.5307744,45.617382,70.98392,7.044099,-14.357567,134.31549,0.27524328,23.33899,0.027,71,764.40656
7/10/2026 4:14,40070.812,42978.715,27.994318,24.95582,1.0190514,27.936165,6.3301053,83.85433,130.8915,7.7478247,-55.446625,144.34814,0.26794785,21.457636,0.018,71,764.40656
7/10/2026 4:44,40292.977,43242.215,28.18441,24.81822,1.0192031,28.10744,6.4898586,86.02155,134.28041,7.778884,-57.258606,144.02866,0.24735217,21.429174,0.009,71,764.40656
7/10/2026 5:14,40408.41,43412.266,28.306087,24.747324,1.0193092,28.217972,6.51912,86.389404,134.86563,7.7924237,-58.04062,135.98442,0.32024133,21.37729,0.009,71,764.40656
7/10/2026 5:44,40547.914,43656.51,28.479883,24.662182,1.0194689,28.376734,6.660334,88.181046,137.68533,7.8141418,-59.289932,141.9115,0.0911419,21.271944,0.009,71,764.40656
7/10/2026 6:14,40491.57,43669.926,28.486845,24.696499,1.0194958,28.385452,6.800275,89.902245,140.39081,7.831635,-60.29606,144.18124,0.03957141,21.18946,0.009,71,764.40656
7/10/2026 6:44,40530.992,43765.316,28.554123,24.672478,1.0195624,28.447456,6.9141045,91.345345,142.6573,7.843343,-60.9684,142.6506,0.039611854,21.13081,0,71,764.40656
7/10/2026 7:14,40529.715,43746.01,28.540785,24.673256,1.019547,28.434908,6.897549,91.152504,142.35176,7.8444147,-61.035156,127.32029,0.039339665,21.150677,0.009,71,764.40656
7/10/2026 7:44,40581.297,43764.7,28.555746,24.641893,1.0195476,28.447054,6.9219093,91.551025,142.96504,7.84484,-61.068535,135.40268,0.037894186,21.191673,0.009,71,764.40656
7/10/2026 8:14,40616.965,43731.09,28.534035,24.620255,1.0195099,28.425209,6.912092,91.54284,142.93445,7.84105,-60.863495,156.86035,0.04901599,21.271688,0.009,71,764.40656
7/10/2026 8:44,40890.926,43761.53,28.565853,24.455303,1.019456,28.444996,6.8958893,91.8347,143.32393,7.8320293,-60.396194,151.33858,0.037577238,21.565624,0.009,71,764.40656
7/10/2026 9:14,41175.824,43672.152,28.514824,24.286095,1.0192986,28.3869,6.7269745,90.276825,140.79274,7.7767234,-57.2443,142.77936,0.030974085,22.007294,0.009,71,764.40656
7/10/2026 9:44,41311.984,43441.22,28.35963,24.20605,1.0190649,28.236792,6.4394736,87.00473,135.59462,7.6939344,-52.466393,151.85356,0.030478021,22.433815,0.018,71,764.40656
7/10/2026 10:14,39412.098,41016.31,26.617783,25.37292,1.0176055,26.6606,5.91222,79.81573,124.28204,7.55438,-44.350624,170.55035,0.03109223,22.952276,0.018,71,764.40656
7/10/2026 10:44,36726.043,37827.27,24.342627,27.228634,1.0157441,24.587727,5.40559,72.700035,113.09933,7.3965263,-35.128593,170.79831,0.035604253,23.475811,0.018,71,764.40656
7/10/2026 11:14,33180.332,33680.57,21.421137,30.138336,1.0133371,21.89237,5.1759386,69.368416,107.77174,7.2611814,-27.222633,128.45993,0.03378744,24.222387,0.036,71,764.40656
7/10/2026 11:44,30516.531,30528.826,19.231153,32.769123,1.0114796,19.843737,5.1696367,69.34547,107.58374,7.1634636,-21.505356,147.08997,0.035305493,24.978912,0.054,71,764.40656
7/10/2026 12:14,28532.61,28194.738,17.626177,35.04762,1.010092,18.32658,5.2838387,71.04066,110.074936,7.132544,-19.717216,127.84481,0.03844537,25.627409,0.063,71,764.40656
7/10/2026 12:44,26105.445,25551.879,15.824894,38.306183,1.0085984,16.60872,5.3368273,71.65991,110.92174,7.093399,-17.42363,141.81613,0.039045423,26.13426,0.072,71,764.40656
7/10/2026 13:14,25154.186,24409.748,15.054082,39.754814,1.0078882,15.866337,5.5887403,75.32323,116.481316,7.0703616,-16.078949,167.10281,0.040357042,26.596733,0.09,71,764.40656
7/10/2026 13:44,23292.912,22384.14,13.694956,42.931515,1.0067186,14.549691,5.7163897,77.16465,119.19573,7.0358276,-14.047623,176.41068,0.1492414,27.125597,0.099,71,764.40656
7/10/2026 14:14,23224.496,22179.385,13.559239,43.057983,1.0065166,14.4166,5.8516574,79.39889,122.55647,7.0608754,-15.559196,185.02713,0.11274725,27.46706,0.099,71,764.40656
7/10/2026 14:44,22370.832,21255.516,12.944207,44.701065,1.0059747,13.816086,6.0587587,82.32434,126.993904,7.057521,-15.37323,177.5837,0.28473595,27.747221,0.108,71,764.40656
7/10/2026 15:14,18434.955,17351.357,10.376833,54.244774,1.0039057,11.278382,6.7423,91.12954,140.41211,7.089172,-17.294884,147.1138,0.2911008,28.269648,0.117,71,764.40656
7/10/2026 15:44,41316.188,42927.277,28.00276,24.203588,1.018629,27.902729,8.654526,117.94979,183.63498,7.9327655,-66.62369,144.82022,0.2047636,23.035042,0.054,71,764.40656
7/10/2026 16:14,41277.49,43699.766,28.537664,24.22628,1.0192913,28.404846,8.364651,112.4528,175.35179,7.9606714,-68.04943,146.85153,0.24790575,22.097906,0.018,71,764.40656
7/10/2026 16:44,41407.16,43879.043,28.666624,24.150412,1.0194018,28.521378,8.387961,112.754906,175.83644,7.9712667,-68.65978,147.8052,0.41723248,22.050575,0.009,71,764.40656
7/10/2026 17:14,41286.566,43820.797,28.621832,24.220953,1.0193892,28.483519,8.43541,113.203026,176.55775,7.9764585,-68.945885,141.20578,0.48347718,21.972162,0.018,70,764.40656
7/10/2026 17:44,41103.223,43897.75,28.668156,24.328993,1.0195063,28.533539,8.188234,109.31125,170.57156,7.9574814,-67.76333,128.41225,0.67155254,21.66702,0.009,70,764.40656
7/10/2026 18:14,40847.88,43872.246,28.640572,24.481075,1.0195591,28.51696,7.8534875,104.30146,162.82533,7.9335446,-66.29944,117.77878,0.57850915,21.390799,0.009,70,764.40656
7/10/2026 18:44,40987.84,43922.76,28.68096,24.39748,1.0195603,28.549797,7.972127,106.115295,165.62802,7.9459105,-67.04807,117.25426,0.5630471,21.50157,0,70,764.40656
7/10/2026 19:14,41071.8,43877.938,28.653261,24.347605,1.0194993,28.52066,8.040714,107.302734,167.44154,7.9518414,-67.42954,119.12346,0.4209414,21.651659,0.009,70,764.40656
7/10/2026 19:44,41054.523,43909.453,28.674372,24.357851,1.01953,28.541143,7.9102993,105.46872,164.59424,7.9322677,-66.27083,120.6398,0.46626657,21.595884,0.009,70,764.40656
7/10/2026 20:14,40946.855,43838.562,28.621216,24.4219,1.019503,28.495066,7.7470665,103.16773,161.01596,7.9256964,-65.87505,115.32307,30.238096,21.546457,0.009,70,764.40656
7/10/2026 20:44,41037.426,43895.387,28.663982,24.368,1.0195235,28.532001,7.6190925,101.57116,158.51292,7.904104,-64.62097,146.07907,10.764276,21.59118,0,70,764.40656
7/10/2026 21:14,41118.87,43885.156,28.66005,24.319735,1.0194914,28.52535,7.2659802,97.052345,151.4346,7.8730025,-62.823296,152.874,2.9127796,21.699755,0.009,70,764.40656
7/10/2026 21:44,41309.113,43937.242,28.703302,24.207733,1.0194789,28.559208,6.599519,88.44166,137.96169,7.765791,-56.57673,140.54776,0.050338104,21.868298,0.009,70,764.40656
7/10/2026 22:14,41413.793,43853.44,28.649124,24.146545,1.0193785,28.504738,5.9010673,79.36935,123.765656,7.6644096,-50.673485,142.88425,0.08945844,22.087336,0.009,70,764.40656
7/10/2026 22:44,41461.94,43582.883,28.463167,24.118504,1.0191382,28.328875,5.183924,70.1059,109.25493,7.509771,-41.656494,150.0988,0.18023567,22.452116,0.018,70,764.40656
7/10/2026 23:14,40073.863,41708.332,27.117323,24.95392,1.017984,27.110415,4.9192777,66.59816,103.7015,7.405372,-35.586357,135.31685,1.3197385,22.948267,0.018,70,764.40656
7/10/2026 23:44,37513.727,38639.094,24.922354,26.65691,1.0161813,25.115412,4.41585,59.58684,92.699265,7.2538443,-26.721954,138.57364,1.8049604,23.475124,0.027,70,764.40656
7/11/2026 0:14,34717.727,35485.324,22.687075,28.80373,1.0143883,23.06546,3.981523,53.41154,83.03439,7.1513243,-20.709038,134.80186,1.0381998,23.867464,0.027,70,764.40656
7/11/2026 0:44,33792.523,34506.586,21.997313,29.592344,1.0138557,22.429281,3.6815033,49.234722,76.53428,7.0932436,-17.285347,126.88637,0.5012817,23.916569,0.027,70,764.40656
7/11/2026 1:14,32946,33664.36,21.404673,30.3527,1.013419,21.881832,3.4142027,45.47771,70.698395,7.057958,-15.201569,136.6806,0.2519724,23.882786,0.027,70,764.40656
7/11/2026 1:44,32371.607,33099.797,21.008385,30.891268,1.0131307,21.514868,3.150118,41.838932,65.045685,7.009409,-12.335777,140.76233,0.36035788,23.848175,0.036,70,764.40656
7/11/2026 2:14,31575.912,32321.771,20.463663,31.66971,1.0127363,21.009151,2.5393426,33.58769,52.22301,7.002577,-11.930466,124.0921,0.1762621,23.79183,0.036,70,764.40656
7/11/2026 2:44,31480.066,32247.621,20.411364,31.766134,1.0127074,20.960955,2.4049103,31.77837,49.413193,6.981526,-10.714531,145.7262,0.30867916,23.753826,0.009,70,764.40656
7/11/2026 3:14,30821.986,31612.043,19.967634,32.444374,1.0123907,20.547829,2.5803428,33.971832,52.829754,6.967664,-9.942055,140.43332,0.09996038,23.691504,0.027,70,764.40656
7/11/2026 3:44,30142.56,30953.37,19.509089,33.175682,1.0120628,20.11969,2.4159677,31.688208,49.283997,6.928731,-7.777214,138.87881,0.3374895,23.62856,0.027,70,764.40656
7/11/2026 4:14,28831.797,29646.05,18.603643,34.68393,1.0113999,19.269932,1.1788435,15.36323,23.896917,6.937777,-8.277893,131.92177,0.12930942,23.561998,0.027,70,764.40656
7/11/2026 4:44,25532.324,26419.281,16.389492,39.16604,1.00982,17.172531,1.5219412,19.470463,30.30254,6.9267645,-7.6580048,115.385056,0.3696011,23.242287,0.018,70,764.40656
7/11/2026 5:14,39985.562,43278.83,28.197252,25.009027,1.0193218,28.131237,6.1595592,81.03632,126.57974,7.732844,-54.488182,128.28351,0.03702877,21.016014,0.009,70,764.40656
7/11/2026 5:44,40433.715,43880.85,28.629568,24.731836,1.0196836,28.522554,6.4494495,84.864914,132.58626,7.7792187,-57.172775,133.37613,0.039348736,20.887081,0,70,764.40656
7/11/2026 6:14,40393.21,43854.79,28.60995,24.756636,1.0196738,28.505613,6.5242767,85.808784,134.06491,7.795859,-58.140755,135.33592,0.3022328,20.867393,0,70,764.40656
7/11/2026 6:44,40486.434,43958.066,28.684864,24.699633,1.0197313,28.572744,6.632816,87.271034,136.34993,7.8063993,-58.755875,141.94965,0.036854915,20.865131,0,70,764.40656
7/11/2026 7:14,40333.53,43792.05,28.564314,24.793266,1.0196398,28.464834,6.7334776,88.5328,138.32127,7.8204436,-59.576035,136.73782,1.9992164,20.865133,0,70,764.40656
7/11/2026 7:44,40463.168,43954.504,28.681438,24.713833,1.019735,28.570427,6.8928657,90.65122,141.63622,7.8361225,-60.486794,134.54437,10.429682,20.841326,0.009,70,764.40656
7/11/2026 8:14,39717.297,43133.164,28.086166,25.177948,1.0192798,28.036556,6.945907,91.05077,142.2578,7.846857,-61.11622,110.34489,0.039974574,20.853743,0,70,764.40656
7/11/2026 8:44,40555.645,43993.01,28.711811,24.65748,1.0197402,28.595459,6.942979,91.44025,142.8542,7.8462515,-61.092377,136.82843,0.03607268,20.909195,0,70,764.40656
7/11/2026 9:14,40599.914,43957.137,28.688982,24.630594,1.0196987,28.57214,6.987854,92.17434,143.98071,7.848454,-61.240196,151.59131,0.054064687,21.001314,0,70,764.40656
7/11/2026 9:44,40770.133,43919.203,28.669842,24.52776,1.0196197,28.547482,7.069055,93.65222,146.2339,7.839673,-60.777664,149.83177,0.036576483,21.246,0,70,764.40656
7/11/2026 10:14,41075.473,43900.344,28.668882,24.345428,1.0195166,28.535225,6.989685,93.25037,145.51817,7.8065543,-58.918,147.70032,0.027998688,21.63103,0.009,70,764.40656
7/11/2026 10:44,41337.805,43817.812,28.621656,24.190931,1.0193715,28.481577,6.9308023,93.11936,145.21892,7.744014,-55.332184,149.8747,0.40511274,22.036743,0.009,70,764.40656
7/11/2026 11:14,40922.02,43092.137,28.104017,24.436722,1.0188907,28.00989,6.691954,90.167946,140.54085,7.668639,-50.969124,151.67712,0.027724622,22.363354,0.009,70,764.40656
7/11/2026 11:44,39450.086,41085.023,26.666452,25.348488,1.0176523,26.705265,6.2842083,84.80732,132.06256,7.5386596,-43.42079,150.68054,0.03012322,22.916546,0.018,70,764.40656
7/11/2026 12:14,36400.69,37464.97,24.085205,27.472006,1.0155399,24.35223,5.807113,78.03576,121.392235,7.3774357,-34.008026,160.0647,0.030927515,23.512707,0.027,70,764.40656
7/11/2026 12:44,33850.844,34403.805,21.928715,29.54136,1.0137366,22.362474,5.664534,76.05133,118.16821,7.2672553,-27.575493,142.42648,0.04027404,24.158497,0.036,70,764.40656
7/11/2026 13:14,32265.979,32508.125,20.605032,30.992397,1.0126151,21.130281,5.5851693,75.01799,116.465355,7.20487,-23.927689,163.3501,0.034227964,24.61001,0.045,70,764.40656
7/11/2026 13:44,30784.777,30648.13,19.316628,32.483585,1.0114715,19.921286,5.699309,76.83123,119.13899,7.1603374,-21.338463,133.83865,0.05022298,25.233433,0.054,70,764.40656
7/11/2026 14:14,29465.287,28943.832,18.144266,33.93824,1.0103893,18.813492,5.8514876,79.3407,122.85816,7.1583595,-21.271706,149.66489,0.03844736,25.943249,0.054,70,764.40656
7/11/2026 14:44,28481.44,27644.545,17.255621,35.110584,1.0095371,17.968954,6.104809,83.28654,128.79907,7.151586,-20.914078,126.15681,0.10030164,26.584997,0.081,70,764.40656
7/11/2026 15:14,27372.863,26350.492,16.373388,36.53253,1.0087463,17.12782,6.382556,87.31735,134.90572,7.145705,-20.594597,136.11794,0.04041925,27.031357,0.099,70,764.40656
7/11/2026 15:44,26551.254,25166.25,15.571785,37.663006,1.0078933,16.358063,6.865062,94.87467,146.31049,7.167618,-21.96312,158.18118,0.070812605,27.881372,0.108,70,764.40656
7/11/2026 16:14,25070.475,23619.307,14.527353,39.887558,1.0070133,15.35255,7.273941,100.517296,154.89534,7.1699967,-22.130013,143.5566,0.112556,28.216745,0.117,70,764.40656
7/11/2026 16:44,44274.11,42803.246,27.989382,22.586563,1.0175123,27.822111,9.876343,143.6516,222.05151,8.179709,-82.182884,126.91021,0.2821321,26.799131,0.099,70,764.40656
7/11/2026 17:14,40160.652,39818.715,25.805403,24.899994,1.0162798,25.882166,10.318824,144.87169,224.55193,8.156197,-80.41859,136.07501,0.4215534,25.4496,0.063,70,764.40656
7/11/2026 17:44,43488.49,43816.51,28.688187,22.99459,1.018697,28.480734,9.890016,139.10933,215.96788,8.1073,-77.30007,125.989914,0.5329667,24.608047,0.054,70,764.40656
7/11/2026 18:14,43214.906,43788.156,28.660894,23.140163,1.0187619,28.462301,9.393571,131.43335,204.16212,8.0674305,-74.8682,140.97214,0.4301764,24.314583,0.036,70,764.40656
7/11/2026 18:44,42903.29,43992.125,28.795086,23.308237,1.0190387,28.594883,9.035137,125.17188,194.65096,8.0266905,-72.312355,135.71739,0.40965694,23.704151,0.036,70,764.40656
7/11/2026 19:14,42362.61,44041.754,28.812885,23.605722,1.0192499,28.62714,8.67498,118.71764,184.84035,8.001219,-70.643425,114.331245,0.4835096,23.003864,0.027,70,764.40656
7/11/2026 19:44,41962.52,44117.785,28.852283,23.83079,1.0194354,28.67656,8.361374,113.31249,176.5921,7.9754815,-68.99834,112.67662,0.3673327,22.442276,0.018,70,764.40656
7/11/2026 20:14,41728.816,44080.773,28.818253,23.964254,1.0194741,28.652504,8.205888,110.71458,172.61061,7.9670725,-68.449974,118.083954,0.37691826,22.20651,0.009,70,764.40656
7/11/2026 20:44,41324.418,44112.688,28.82529,24.198769,1.019619,28.673248,7.7656164,103.80894,161.97952,7.931008,-66.218376,123.85845,0.4996173,21.69069,0.009,70,764.40656
7/11/2026 21:14,41086.59,44072.934,28.78855,24.338842,1.0196549,28.647408,7.5675564,100.7036,157.19345,7.9158697,-65.27901,118.15071,0.5257753,21.452402,0.009,70,764.40656
7/11/2026 21:44,41246.164,44105.875,28.817556,24.244678,1.019636,28.66882,7.442208,99.32766,155.00818,7.903481,-64.58759,121.91296,0.7184019,21.60537,0.009,70,764.40656
7/11/2026 22:14,41428.176,44081.78,28.807856,24.13816,1.0195634,28.653158,7.160771,95.98681,149.73633,7.8661146,-62.451363,136.86658,0.48797482,21.84831,0.009,70,764.40656
7/11/2026 22:44,41767.84,44126.316,28.851274,23.941866,1.0195004,28.682106,6.686307,90.22174,140.6622,7.8007903,-58.693886,139.64653,0.08713912,22.201662,0.018,70,764.40656
7/11/2026 23:14,41966.62,44051.934,28.806633,23.82846,1.019379,28.633757,6.148606,83.42153,129.99126,7.7211123,-54.078102,119.97223,0.03692187,22.521593,0.009,70,764.40656
7/11/2026 23:44,42061.125,43830.254,28.655518,23.774923,1.0191635,28.489666,5.3799033,73.40444,114.31174,7.5673594,-45.104027,119.838715,0.038912557,22.886744,0.018,70,764.40656
7/12/2026 0:14,41191.29,42512.9,27.710575,24.276978,1.0183139,27.633385,5.103794,69.85747,108.696884,7.4762373,-39.811134,135.66017,0.03789319,23.372395,0.027,70,764.40656
7/12/2026 0:44,38991.926,39883.32,25.821884,25.646336,1.0167601,25.92416,4.629604,63.19115,98.24456,7.343515,-32.043457,126.31416,0.08056286,23.829842,0.036,70,764.40656
7/12/2026 1:14,37300.24,37996.24,24.474047,26.80948,1.0156851,24.697556,4.3144436,58.65405,91.1559,7.255081,-26.845932,122.83802,0.081455044,24.04096,0.036,70,764.40656
7/12/2026 1:44,36484.348,37218.44,23.918224,27.409014,1.0152874,24.191988,4.0514374,54.83173,85.2269,7.198312,-23.488998,129.17041,0.07749438,23.96733,0.036,70,764.40656
7/12/2026 2:14,35774.074,36584.676,23.46542,27.953203,1.0149821,23.78004,3.8043902,51.23885,79.66063,7.164452,-21.481514,140.09952,0.048519343,23.839954,0.036,70,764.40656
7/12/2026 2:44,35079.39,35973.99,23.0299,28.506767,1.0146935,23.383093,3.5508025,47.58368,73.99674,7.125808,-19.192696,116.238594,0.16898999,23.698013,0.036,70,764.40656
7/12/2026 3:14,34393.047,35373.348,22.602474,29.075644,1.0144128,22.992678,3.3051085,44.06531,68.54349,7.0885897,-16.989708,132.50827,0.09823068,23.549057,0.027,70,764.40656
7/12/2026 3:44,34027.863,35089.95,22.400072,29.387682,1.014297,22.808468,3.095343,41.122078,63.980354,7.05804,-15.182495,127.44427,0.05639587,23.415316,0.027,70,764.40656
7/12/2026 4:14,33051.29,34238.742,21.796625,30.256006,1.0139054,22.255182,2.9236832,38.546417,59.99714,7.0255938,-13.260841,156.52657,0.094925895,23.18421,0.027,70,764.40656
7/12/2026 4:44,32709.598,34019.926,21.63936,30.572067,1.0138412,22.112951,2.864884,37.600666,58.545322,7.0161805,-12.6981735,121.855736,0.044306498,22.983427,0.018,70,764.40656
7/12/2026 5:14,31569.748,32970.215,20.900373,31.675894,1.0133398,21.43064,2.6784675,34.873146,54.317688,6.998778,-11.634827,158.68665,0.10713931,22.776087,0.018,70,764.40656
7/12/2026 5:44,27784.977,29453.945,18.449091,35.990673,1.0116855,19.145065,2.4842725,31.457998,49.05878,6.949337,-8.8739395,119.63844,0.07809646,22.033316,0.009,70,764.40656
7/12/2026 6:14,39925.305,43762.082,28.526087,25.046772,1.0197288,28.445353,6.0704575,79.13149,123.71776,7.7219305,-53.739548,137.98236,0.029811772,20.409761,0,70,764.40656
7/12/2026 6:44,40216.63,44130.16,28.791231,24.865335,1.0199437,28.684605,6.437592,83.96665,131.28757,7.7832766,-57.30629,144.95374,0.034179986,20.356987,0,70,764.40656
7/12/2026 7:14,40276.168,44115.82,28.784063,24.828579,1.0199162,28.675283,6.7219963,87.81201,137.28246,7.8172493,-59.304237,116.89186,0.0325915,20.443155,0,70,764.40656
7/12/2026 7:44,40356.168,44159.99,28.8179,24.77936,1.0199298,28.703993,6.8565927,89.66583,140.17084,7.830249,-60.071945,135.85568,0.035547704,20.490196,0,70,764.40656
7/12/2026 8:14,40391.98,44095.58,28.775278,24.75739,1.0198683,28.662127,7.0242133,92.02515,143.8348,7.850612,-61.28311,112.781525,0.036681272,20.602606,0,70,764.40656
7/12/2026 8:44,40547.93,44170.055,28.833189,24.662172,1.0198853,28.710537,7.0290565,92.29635,144.23608,7.8526917,-61.426163,115.590096,0.032130472,20.706593,0,70,764.40656
7/12/2026 9:14,40540.293,44124.47,28.801537,24.666817,1.0198506,28.680906,7.015638,92.17164,144.03235,7.850994,-61.335564,120.95928,0.0360536,20.747185,0,70,764.40656
7/12/2026 9:44,40631.645,44146.56,28.82063,24.611359,1.0198431,28.695263,7.0462885,92.72805,144.88327,7.8511014,-61.359406,119.72427,0.032812104,20.831453,0.009,70,764.40656
7/12/2026 10:14,40713.355,44103.78,28.794643,24.561964,1.0197859,28.667458,7.1958904,94.931946,148.29419,7.8619328,-62.02221,144.86313,0.033171978,20.975193,0,70,764.40656
7/12/2026 10:44,41159.426,44151.867,28.845943,24.29577,1.0196987,28.698713,7.281241,96.92452,151.29472,7.8586683,-61.93161,142.31204,0.028951384,21.451515,0.009,70,764.40656
7/12/2026 11:14,41955.113,44156.688,28.87907,23.834997,1.01947,28.701847,7.472029,101.180565,157.6989,7.836057,-60.801506,146.53683,0.025505448,22.389624,0.018,70,764.40656
7/12/2026 11:44,42477.684,44135.82,28.88229,23.541773,1.0192941,28.688282,7.531607,103.16524,160.6176,7.7897143,-58.20751,146.01707,0.026286418,23.03304,0.018,70,764.40656
7/12/2026 12:14,42515.035,43684.89,28.568378,23.521091,1.0188977,28.39518,7.371965,101.80684,158.3466,7.731121,-54.864883,137.25757,0.020952772,23.597937,0.027,70,764.40656
7/12/2026 12:44,41036.99,41752.363,27.176249,24.36826,1.0177034,27.139036,6.912426,95.54437,148.47144,7.5940223,-46.863556,148.26297,0.027476648,24.102943,0.036,70,764.40656
7/12/2026 13:14,38249.773,38513.66,24.85475,26.143946,1.0158007,25.03388,6.4007893,88.13231,136.81734,7.4235373,-36.86428,85.0153,0.03195677,24.641272,0.045,70,764.40656
7/12/2026 13:44,36154.97,36018.113,23.085,27.658716,1.0143094,23.411774,6.1825585,85.09824,131.96707,7.3102045,-30.21717,126.62411,0.029813528,25.198936,0.054,70,764.40656
7/12/2026 14:14,34647.13,34153.77,21.774054,28.862421,1.0131633,22.199951,6.1544747,84.90319,131.52081,7.2527924,-26.865005,105.09014,0.033208594,25.756292,0.063,70,764.40656
7/12/2026 14:44,33725.395,32874.88,20.881462,29.651247,1.0123183,21.368671,6.2681975,86.932045,134.50078,7.206361,-24.15657,131.38771,0.038152102,26.354515,0.072,70,764.40656
7/12/2026 15:14,33445.914,32305.373,20.48697,29.89902,1.0118756,20.998493,6.4258585,89.67976,138.6094,7.2128944,-24.585724,170.61234,0.036309842,26.84843,0.09,70,764.40656
7/12/2026 15:44,33290.504,31869.074,20.185705,30.038595,1.0115033,20.7149,6.5447106,91.94654,141.96513,7.1880984,-23.145676,184.13068,0.037881892,27.335194,0.099,70,764.40656
7/12/2026 16:14,32542.227,30872.432,19.493927,30.729305,1.010835,20.067081,6.6291003,93.559906,144.29886,7.195754,-23.641586,195.74165,0.040806025,27.831776,0.108,70,764.40656
7/12/2026 16:44,32493.824,30661.178,19.348679,30.77508,1.0106349,19.929766,6.834624,96.86977,149.3041,7.19114,-23.388863,163.01155,0.055128038,28.129366,0.117,70,764.40656
7/12/2026 17:14,31992.742,30021.998,18.906237,31.25709,1.0102097,19.5143,6.6961613,95.16692,146.57689,7.198065,-23.827553,163.53131,0.16821009,28.436823,0.126,70,764.40656
7/12/2026 17:44,30772.047,28805.549,18.065062,32.497025,1.0095398,18.723606,6.3364105,89.84268,138.33264,7.2056017,-24.290085,159.56403,0.038772013,28.574247,0.135,70,764.40656
7/12/2026 18:14,42861.363,43780.652,28.645658,23.331036,1.0188696,28.457426,8.812363,122.40204,190.2767,7.9806223,-69.64207,146.30318,0.47984874,23.900648,0.045,70,764.40656
7/12/2026 18:44,42409.746,44120.992,28.869713,23.579485,1.0193026,28.678646,8.5944,117.58155,183.0823,7.9719305,-68.912506,134.00078,0.6315198,22.969357,0.018,70,764.40656
7/12/2026 19:14,42210.504,44072.758,28.82946,23.690786,1.0193226,28.647293,8.479574,115.60968,180.0677,7.973866,-68.98403,126.62411,0.49104083,22.787745,0.009,70,764.40656
7/12/2026 19:44,42087.49,44065.473,28.820213,23.76003,1.0193539,28.642557,8.326246,113.23473,176.40967,7.969787,-68.712234,123.119354,0.38686675,22.649878,0.036,70,764.40656
7/12/2026 20:14,42031.215,44090.734,28.835863,23.791842,1.0193921,28.658978,8.402728,114.09067,177.77159,7.9730873,-68.883896,123.89183,0.4538061,22.5544,0.009,70,764.40656
7/12/2026 20:44,41955.582,44153.938,28.87718,23.83473,1.0194676,28.70006,8.18154,110.794235,172.68156,7.9574,-67.92545,128.6745,0.63712764,22.393272,0.018,70,764.40656
7/12/2026 21:14,41781.367,44099.258,28.832977,23.934114,1.019474,28.664516,7.861182,106.15205,165.48605,7.942202,-67.00039,110.16369,0.5572864,22.248127,0.018,70,764.40656
7/12/2026 21:44,41659.066,44130.234,28.850027,24.00438,1.0195359,28.684652,7.7206006,103.927734,162.0662,7.9298873,-66.23745,116.0717,0.4067905,22.068209,0.018,70,764.40656
7/12/2026 22:14,41573.902,44108.598,28.83188,24.05355,1.019543,28.67059,7.6050577,102.21997,159.423,7.917574,-65.49835,125.26989,0.5385145,21.991367,0.009,70,764.40656
7/12/2026 22:44,41621.44,44145.605,28.8593,24.026077,1.0195597,28.694643,7.4086137,99.622475,155.36815,7.895963,-64.23473,106.18687,0.7468731,22.00638,0.018,70,764.40656
7/12/2026 23:14,41609.77,44124.45,28.844202,24.032818,1.0195456,28.680891,7.026766,94.49621,147.37102,7.8539596,-61.774254,143.89514,0.4733064,22.016197,0.018,70,764.40656
7/12/2026 23:44,41628.27,44108.234,28.833641,24.022137,1.0195267,28.670353,6.478447,87.17983,135.95192,7.776317,-57.229996,143.5566,0.047512624,22.056307,0.018,70,764.40656
7/13/2026 0:14,41655.23,44121.64,28.843927,24.00659,1.0195298,28.679066,5.7765636,77.763,121.263596,7.653717,-50.04406,148.35834,0.038433984,22.073288,0.018,70,764.40656
7/13/2026 0:44,41613.76,43995.31,28.754782,24.030512,1.0194371,28.59695,5.200156,70.083824,109.272156,7.5220017,-42.333603,144.47212,0.03843455,22.165873,0.018,70,764.40656
7/13/2026 1:14,40585.023,42668.145,27.79873,24.639631,1.0186378,27.734295,4.934198,66.46212,103.57775,7.42484,-36.668777,124.84074,0.037420858,22.443903,0.018,70,764.40656
7/13/2026 1:44,38347.188,40009.496,25.89012,26.077532,1.017091,26.006172,4.450585,59.694725,92.97158,7.289556,-28.762817,134.41086,0.0395247,22.82472,0.018,70,764.40656
7/13/2026 2:14,36607.17,38037.293,24.483227,27.31705,1.0159725,24.724241,4.135844,55.228172,85.98479,7.20962,-24.080276,146.33179,0.073181115,23.031527,0.027,70,764.40656
7/13/2026 2:44,35855.04,37305.92,23.960949,27.890083,1.015597,24.248848,3.886168,51.675,80.46218,7.1655293,-21.481514,141.5491,0.098104484,22.963795,0.027,70,764.40656
7/13/2026 3:14,35351.523,36858.074,23.640606,28.287325,1.0153836,23.957748,3.6666062,48.574474,75.64783,7.1350017,-19.67907,140.95782,0.119637445,22.859978,0.018,70,764.40656
7/13/2026 3:44,35070.176,36651.168,23.491344,28.514257,1.0153028,23.82326,3.5205798,46.50035,72.43221,7.112418,-18.343925,150.25139,0.08568258,22.741562,0.027,70,764.40656
7/13/2026 4:14,34646.39,36293.324,23.23533,28.863035,1.0151412,23.590662,3.3120246,43.58843,67.90982,7.0988255,-17.53807,155.08176,0.0430128,22.624166,0.018,70,764.40656
7/13/2026 4:44,34257.613,35987.234,23.015825,29.190592,1.0150132,23.391703,3.1196742,40.900635,63.737293,7.0774484,-16.274452,157.56607,0.18689209,22.48366,0.018,70,764.40656
7/13/2026 5:14,33738.516,35551.312,22.704674,29.639715,1.0148191,23.108353,2.9636858,38.6776,60.288395,7.058418,-15.1491165,161.2425,0.24352594,22.330313,0.018,70,764.40656
7/13/2026 5:44,33534.93,35442.684,22.624899,29.819654,1.014798,23.037745,2.8596282,37.20164,58.001915,7.0354624,-13.794899,134.73987,0.26902348,22.181862,0.009,70,764.40656
7/13/2026 6:14,32616.426,34598.06,22.02644,30.659399,1.0143936,22.488737,2.6859782,34.70655,54.12772,7.0288553,-13.399124,152.30655,0.18216446,22.001263,0.009,70,764.40656
7/13/2026 6:44,31845.684,33870.258,21.513018,31.40143,1.0140398,22.015667,2.5457296,32.717648,51.036655,6.9874196,-10.972023,101.38512,0.22717053,21.870451,0.009,70,764.40656
7/13/2026 7:14,38388.72,41468.49,26.892365,26.04932,1.0183072,26.954517,6.238439,81.591385,127.42798,7.5817766,-45.67623,139.60838,0.11146698,21.111635,0.009,70,764.40656
7/13/2026 7:44,40801.402,44022.76,28.742481,24.50896,1.0196952,28.614796,6.716437,88.89356,138.82008,7.7914133,-57.940483,131.71674,0.03595604,21.168856,0.009,70,764.40656
7/13/2026 8:14,40917.133,44066.547,28.777363,24.43964,1.019698,28.643255,6.856739,90.916885,141.96008,7.817614,-59.490204,110.18753,0.06732078,21.258142,0.009,70,764.40656
7/13/2026 8:44,41115.93,44147.406,28.841135,24.321474,1.0197076,28.695814,7.062932,93.93626,146.64095,7.8396015,-60.806274,138.41153,0.035903737,21.404861,0.009,70,764.40656
7/13/2026 9:14,41190.023,44114.156,28.821087,24.277723,1.019659,28.674202,7.232029,96.39193,150.44485,7.8610764,-62.088966,111.198425,0.03342881,21.529552,0.009,70,764.40656
7/13/2026 9:44,41262.516,44145.824,28.845812,24.235071,1.0196642,28.694786,7.267197,96.9641,151.32564,7.862115,-62.160492,120.96405,0.036290832,21.580456,0.009,70,764.40656
7/13/2026 10:14,41313.312,44115.29,28.826664,24.205273,1.0196244,28.674938,7.2151527,96.42316,150.4589,7.8603916,-62.07943,126.953125,0.037265398,21.674618,0.009,70,764.40656
7/13/2026 10:44,41373.2,44182.15,28.875223,24.170237,1.0196621,28.718395,7.188427,96.08764,149.93611,7.8616247,-62.150955,129.28009,0.035683643,21.671385,0,70,764.40656
7/13/2026 11:14,41461.543,44118.152,28.8343,24.118736,1.0195837,28.6768,7.279355,97.589676,152.23697,7.8616424,-62.189102,144.1431,0.036324188,21.84734,0.009,70,764.40656
7/13/2026 11:44,42073.77,44170.64,28.892937,23.767778,1.0194463,28.710917,7.4526277,101.151695,157.6211,7.859247,-62.189102,143.69011,0.03358789,22.514551,0.018,70,764.40656
7/13/2026 12:14,43090.285,44181.645,28.93349,23.207087,1.0191425,28.71807,7.7113357,106.922005,166.27039,7.8403573,-61.326027,149.69826,0.027622998,23.706718,0.027,70,764.40656
7/13/2026 12:44,43750.223,44181.54,28.95218,22.857027,1.0189308,28.718,7.7361836,108.75342,168.87773,7.799474,-59.070587,151.0334,0.03208733,24.48888,0.045,70,764.40656
7/13/2026 13:14,43672.195,43719.582,28.624622,22.897863,1.0185506,28.417728,7.4402156,105.22195,163.25423,7.736423,-55.42755,151.30997,0.024728289,24.94325,0.036,70,764.40656
7/13/2026 13:44,41982.418,41857.797,27.273932,23.819494,1.017471,27.207567,6.95319,97.93986,151.89398,7.598463,-47.29271,149.09268,0.030359408,25.155876,0.054,70,764.40656
7/13/2026 14:14,39073.363,38774.824,25.054476,25.592882,1.0157294,25.203636,6.4336114,89.86833,139.30911,7.427897,-37.21714,157.92847,0.03522244,25.4031,0.054,70,764.40656
7/13/2026 14:44,36900.83,36537.207,23.458189,27.099663,1.0144957,23.749186,6.137586,85.13395,131.93962,7.324444,-31.094551,131.8407,0.121779725,25.52105,0.063,70,764.40656
7/13/2026 15:14,35610.2,34989.1,22.365662,28.081842,1.0135561,22.742918,6.098385,84.66497,131.10637,7.2758083,-28.247833,167.16957,0.06713236,25.929384,0.063,70,764.40656
7/13/2026 15:44,34724.734,33824.42,21.54904,28.797916,1.0128065,21.985874,6.2182565,86.622986,134.01184,7.2417316,-26.26419,156.8222,0.090803675,26.393574,0.081,70,764.40656
7/13/2026 16:14,34080.004,32907.812,20.909279,29.34272,1.0121866,21.39008,6.3901596,89.4185,138.20076,7.2333565,-25.806427,174.74174,0.35701272,26.864948,0.081,70,764.40656
7/13/2026 16:44,33994.617,32580.059,20.682842,29.416422,1.0118937,21.177038,6.508829,91.60034,141.44955,7.2294116,-25.606155,148.75412,0.49099225,27.273188,0.09,70,764.40656
7/13/2026 17:14,33514.6,31969.953,20.257652,29.837742,1.011498,20.78047,6.519824,91.93761,141.89131,7.235433,-25.987625,180.55916,0.56120807,27.529613,0.099,70,764.40656
7/13/2026 17:44,33357.445,31680.857,20.057276,29.978315,1.0112745,20.592558,6.525303,92.28924,142.35835,7.201179,-23.961067,171.07964,0.7312047,27.770744,0.108,70,764.40656
7/13/2026 18:14,32663.879,30882.146,19.50183,30.614857,1.010783,20.073395,6.6535983,94.21107,145.24185,7.2383904,-26.20697,168.70023,0.88798255,28.020655,0.108,70,764.40656
7/13/2026 18:44,31175.45,29742.695,18.707554,32.076523,1.0103424,19.332752,5.2183366,72.94093,112.57475,7.150092,-20.890236,124.43066,0.21946752,27.522074,0.108,70,764.40656
7/13/2026 19:14,42736.65,43613.93,28.525208,23.39912,1.0187656,28.349054,7.8909097,109.616234,170.38669,7.951915,-67.95883,129.28963,0.8062642,23.946875,0.036,70,764.40656
7/13/2026 19:44,42904.918,44151.36,28.906658,23.307352,1.0191747,28.698383,8.2780905,114.390335,177.94241,7.9802675,-69.532394,114.16435,0.8809814,23.521933,0.036,70,764.40656
7/13/2026 20:14,42676.195,44119.13,28.877,23.432266,1.0192187,28.677435,8.204623,112.888306,175.67801,7.970105,-68.87913,129.70447,0.7576816,23.287678,0.027,70,764.40656
7/13/2026 20:44,42622.707,44168.254,28.909628,23.461672,1.0192771,28.709364,7.9991617,109.84929,170.98422,7.961666,-68.35461,109.86805,1.0851027,23.167948,0.027,70,764.40656
7/13/2026 21:14,42496.863,44139.184,28.885262,23.531149,1.0192912,28.69047,7.886127,108.05947,168.23196,7.953044,-67.82055,117.32578,0.9472863,23.05195,0.027,70,764.40656
7/13/2026 21:44,42389.535,44161.855,28.89755,23.590729,1.0193433,28.705206,7.788391,106.43807,165.75113,7.941639,-67.11483,121.93203,0.94557714,22.898829,0.027,70,764.40656
7/13/2026 22:14,41970.176,44139.105,28.867384,23.826443,1.0194508,28.69042,7.6576786,103.75727,161.70476,7.931439,-66.40911,125.370026,1.0640378,22.427301,0.018,70,764.40656
7/13/2026 22:44,41700.973,44174.973,28.882605,23.980255,1.0195606,28.713732,7.547446,101.61535,158.46033,7.9146824,-65.345764,124.06826,0.8604469,22.067823,0.018,70,764.40656
7/13/2026 23:14,41547.53,44131.363,28.846684,24.068819,1.0195696,28.685387,7.4214096,99.65815,155.44188,7.901518,-64.54468,114.99882,0.80388665,21.934624,0.018,70,764.40656
7/13/2026 23:44,41641.31,44168.17,28.875689,24.014616,1.0195725,28.709312,7.231536,97.247635,151.66481,7.8804345,-63.323975,130.8918,0.84777385,22.004707,0.009,70,764.40656
7/14/2026 0:14,41688.215,44137.227,28.855947,23.987595,1.019533,28.689198,6.8193026,91.84247,143.21404,7.839368,-60.93502,140.99121,0.69122094,22.094955,0.009,70,764.40656
7/14/2026 0:44,41918.88,44214.902,28.91824,23.8556,1.0195295,28.739687,6.116901,82.68852,128.90048,7.7459145,-55.48954,149.54567,0.31220126,22.281218,0.018,70,764.40656
7/14/2026 1:14,41977.684,44181.195,28.896904,23.822182,1.0194838,28.717777,5.409006,73.25109,114.16847,7.626325,-48.48957,150.11787,0.05787151,22.388775,0.009,70,764.40656
7/14/2026 1:44,41902.996,44004.277,28.771278,23.864641,1.0193584,28.602781,4.8600597,65.90006,102.69223,7.498207,-40.984154,140.85294,0.10356674,22.499907,0.018,70,764.40656
7/14/2026 2:14,40622.094,42456.36,27.653276,24.617146,1.018447,27.596634,4.547049,61.518696,95.826416,7.400447,-35.271645,132.37476,0.09104196,22.738031,0.018,70,764.40656
7/14/2026 2:44,38479.617,40009.98,25.894543,25.987785,1.017047,26.006487,4.064138,54.68155,85.1387,7.2734637,-27.832985,133.96263,0.11930187,22.997408,0.027,70,764.40656
7/14/2026 3:14,36956.516,38354.51,24.710894,27.058828,1.0161278,24.930433,3.7788699,50.582138,78.743225,7.209213,-24.061203,149.19757,0.20434034,23.091658,0.018,70,764.40656
7/14/2026 3:44,36242.89,37657.63,24.212683,27.591618,1.015768,24.477459,3.5765424,47.686302,74.24264,7.1572576,-20.999908,117.907524,0.066068426,23.03307,0.027,70,764.40656
7/14/2026 4:14,35922.992,37379.426,24.013147,27.837324,1.0156373,24.296627,3.3889508,45.073883,70.184166,7.1436443,-20.194054,162.61101,0.124843,22.960024,0.027,70,764.40656
7/14/2026 4:44,35629.64,37137.883,23.839615,28.066519,1.0155299,24.139624,3.2353024,42.920605,66.841156,7.1246867,-19.073486,142.37404,0.11853108,22.87372,0.018,70,764.40656
7/14/2026 5:14,35298.703,36855.977,23.637613,28.329653,1.0154008,23.956387,3.0568862,40.44372,62.993046,7.093631,-17.242432,159.56403,0.09402724,22.787806,0.018,70,764.40656
7/14/2026 5:44,34934.977,36562.44,23.42693,28.624607,1.0152736,23.765587,2.890049,38.10843,59.367577,7.0792217,-16.388893,173.6927,0.16773489,22.669535,0.018,70,764.40656
7/14/2026 6:14,34515.926,36194.04,23.16397,28.972134,1.0151013,23.526127,2.8050895,36.86714,57.44319,7.0658374,-15.597343,142.52185,0.4712944,22.572548,0.027,70,764.40656
7/14/2026 6:44,34169.438,35876.336,22.937952,29.265919,1.0149477,23.319618,2.8050053,36.775467,57.30643,7.0594797,-15.220642,147.74323,0.47249386,22.509045,0.018,70,764.40656
7/14/2026 7:14,33612.605,35343.59,22.56031,29.750744,1.0146822,22.973333,2.7129757,35.443977,55.23834,7.0540214,-14.896393,160.8801,0.1534125,22.435816,0,70,764.40656
7/14/2026 7:44,33345.69,35064.44,22.3635,29.988882,1.0145341,22.791887,2.7232907,35.53677,55.38315,7.041597,-14.166832,137.46262,0.04039915,22.43367,0.018,70,764.40656
7/14/2026 8:14,38880.137,41025.77,26.60689,25.720074,1.0177858,26.666752,6.620486,88.2712,137.60754,7.6025443,-47.073364,147.55249,0.2239353,22.261799,0.018,69,764.40656
7/14/2026 8:44,41475.426,44041.453,28.781689,24.110662,1.0195162,28.626945,7.211105,96.823494,151.01688,7.829304,-60.315132,143.97621,0.43807057,21.949535,0,69,764.40656
7/14/2026 9:14,41501.52,44058.293,28.794334,24.095503,1.0195227,28.63789,7.166834,96.257126,150.13052,7.8367457,-60.753822,113.043785,0.5334249,21.961695,0.009,69,764.40656
7/14/2026 9:44,41593.137,44129.723,28.84724,24.042429,1.0195549,28.68432,7.0613933,94.91972,148.03769,7.8287544,-60.29129,130.34344,0.3919504,21.990564,0.009,69,764.40656
7/14/2026 10:14,41658.44,44098.633,28.828089,24.004738,1.0195098,28.66411,7.223556,97.28513,151.69907,7.852918,-61.73134,121.13094,0.4335969,22.102886,0.018,69,764.40656
7/14/2026 10:44,41791.797,44155.41,28.872343,23.92814,1.0195175,28.701017,7.280303,98.24135,153.16641,7.86136,-62.246323,126.32847,0.4524188,22.19741,0.009,69,764.40656
7/14/2026 11:14,41816.08,44115.887,28.845766,23.914246,1.0194775,28.675327,7.3007355,98.63134,153.75594,7.8658104,-62.52289,123.71063,0.44088832,22.270624,0.018,69,764.40656
7/14/2026 11:44,41908.883,44178.156,28.892351,23.86129,1.0195018,28.715801,7.352346,99.42684,154.98578,7.8681846,-62.670708,128.8414,0.43296525,22.310658,0.009,69,764.40656
7/14/2026 12:14,42058.418,44130.63,28.86456,23.776453,1.0194173,28.68491,7.309075,99.234955,154.62733,7.863535,-62.446594,150.98572,0.39737463,22.541553,0.027,69,764.40656
7/14/2026 12:44,42675.582,44194.293,28.929514,23.432604,1.0192828,28.72629,7.347152,100.96578,157.14777,7.8529882,-61.96499,148.96393,0.27697632,23.200817,0.018,69,764.40656
7/14/2026 13:14,43537.566,44206.62,28.963984,22.96867,1.0190215,28.734304,7.4207635,103.8169,161.29576,7.8199563,-60.224533,153.01227,0.035251226,24.207605,0.036,69,764.40656
7/14/2026 13:44,43957.383,44207.176,28.975758,22.749308,1.0188856,28.734665,7.3209395,103.31473,160.36769,7.7744913,-57.635307,157.29428,0.036688544,24.704163,0.045,69,764.40656
7/14/2026 14:14,43802.965,43714.977,28.624622,22.829504,1.0185027,28.414736,7.124365,101.03716,156.71281,7.717965,-54.364204,158.90598,0.03569894,25.10538,0.054,69,764.40656
7/14/2026 14:44,41823.457,41431.625,26.971148,23.910027,1.0171427,26.930555,6.754073,95.528725,148.05685,7.5809975,-46.310425,155.13898,0.15466055,25.495148,0.063,69,764.40656
7/14/2026 15:14,39035.457,38418.88,24.805882,25.617735,1.0154133,24.972271,6.5421233,91.9465,142.4075,7.4547606,-38.866997,149.3454,0.17114413,25.84025,0.054,69,764.40656
7/14/2026 15:44,37192.15,36398.82,23.367855,26.887396,1.0142447,23.659233,6.4149756,89.89344,139.14331,7.3706026,-33.903122,141.3107,0.40893778,26.14112,0.072,69,764.40656
7/14/2026 16:14,35962.945,35044.785,22.410091,27.806398,1.013458,22.77911,6.3860006,89.35873,138.25044,7.329127,-31.461716,177.10208,0.53482974,26.371706,0.072,69,764.40656
7/14/2026 16:44,35112.684,34039.504,21.703117,28.479736,1.012845,22.125677,6.429357,90.03819,139.22118,7.3014894,-29.845238,173.0585,0.5719992,26.650654,0.081,69,764.40656
7/14/2026 17:14,34741.6,33509.7,21.332659,28.783936,1.0124854,21.781303,6.4394045,90.4147,139.72276,7.282391,-28.734207,175.6382,0.73155195,26.924744,0.09,69,764.40656
7/14/2026 17:44,34312.91,32943.816,20.937202,29.143549,1.0121136,21.41348,6.51341,91.64331,141.54558,7.269838,-28.009415,171.02242,0.8522295,27.175833,0.099,69,764.40656
7/14/2026 18:14,33729.926,32276.4,20.470795,29.647264,1.0117096,20.979662,6.577255,92.58691,142.94687,7.2772226,-28.467178,198.54068,0.9676028,27.357784,0.09,69,764.40656
7/14/2026 18:44,33190.52,31710.23,20.07553,30.129086,1.011388,20.611649,6.525161,91.78556,141.68309,7.279482,-28.61023,177.48355,1.164719,27.444073,0.099,69,764.40656
7/14/2026 19:14,32481.488,31006.475,19.585047,30.786766,1.0110072,20.154207,6.3959613,89.792946,138.59314,7.3045607,-30.112267,197.9351,1.2333246,27.490637,0.099,69,764.40656
7/14/2026 19:44,29495.547,28364.914,17.753666,33.903423,1.0097609,18.437195,5.6385674,77.81277,120.20682,7.204411,-24.09935,142.45511,1.191609,27.086924,0.09,69,764.40656
7/14/2026 20:14,41878.73,43008.758,28.07686,23.87847,1.0185193,27.955692,7.0008035,96.45309,150.01253,7.8285933,-60.61554,148.6969,0.54145753,23.624378,0.045,69,764.40656
7/14/2026 20:44,42516.938,44116.234,28.869888,23.520039,1.0192655,28.675552,7.408263,101.59248,158.15022,7.8847804,-63.815117,149.67918,0.936438,23.101995,0.027,69,764.40656
7/14/2026 21:14,42368.47,44113.97,28.863453,23.602457,1.0193092,28.67408,7.6190896,104.158646,162.19333,7.907795,-65.13119,131.42586,1.1222302,22.92838,0.018,69,764.40656
7/14/2026 21:44,42354.277,44159.19,28.894522,23.610367,1.0193517,28.703474,7.4718456,102.040016,158.91278,7.895561,-64.39686,133.12817,1.0130142,22.860058,0.018,69,764.40656
7/14/2026 22:14,42322.074,44112.027,28.860561,23.628332,1.0193218,28.672817,7.2392673,98.87146,153.97412,7.878311,-63.385963,135.80798,0.97741854,22.875526,0.018,69,764.40656
7/14/2026 22:44,42213.582,44152.387,28.885042,23.689058,1.0193887,28.699053,7.2777815,99.103264,154.38078,7.8804893,-63.476562,139.30798,0.7171016,22.700962,0.018,69,764.40656
7/14/2026 23:14,42043.37,44111.86,28.850988,23.784962,1.0194061,28.672709,7.2285447,98.13972,152.91986,7.8794355,-63.381195,129.25626,0.87715405,22.544924,0.018,69,764.40656
7/14/2026 23:44,41960.527,44148.945,28.87388,23.831923,1.0194619,28.696814,7.165865,97.05813,151.26987,7.8706064,-62.832832,123.877525,0.94709855,22.404764,0.018,69,764.40656
7/15/2026 0:14,41831.44,44129.38,28.85569,23.905464,1.019484,28.684097,7.0154552,94.787895,147.76364,7.8581605,-62.07466,146.81816,0.856885,22.273676,0.018,69,764.40656
7/15/2026 0:44,41933.01,44175.414,28.891308,23.847559,1.0194924,28.71402,6.8100348,92.14483,143.6271,7.836873,-60.839653,136.4708,0.75150484,22.342337,0.018,69,764.40656
7/15/2026 1:14,42007.11,44149.63,28.875992,23.805494,1.0194486,28.69726,6.274745,85.072174,132.5772,7.764186,-56.595802,159.52588,0.4192801,22.459236,0.018,69,764.40656
7/15/2026 1:44,42114.16,44187.934,28.906372,23.744982,1.0194485,28.722158,5.5137095,74.87932,116.676254,7.647247,-49.743652,155.41553,0.1257781,22.542892,0.018,69,764.40656
7/15/2026 2:14,42150.15,44144.445,28.877346,23.724709,1.0194012,28.69389,4.817619,65.522285,102.080505,7.512985,-41.87107,156.62671,0.056635622,22.634733,0.018,69,764.40656
7/15/2026 2:44,41806.88,43664.035,28.531332,23.919508,1.0191011,28.381622,4.5429373,61.81511,96.2824,7.4303107,-37.031174,149.29771,0.062437177,22.77315,0.018,69,764.40656
7/15/2026 3:14,39925.023,41505.79,26.972399,25.046947,1.0178585,26.978764,4.131751,55.947178,87.10801,7.3211136,-30.636787,143.63289,0.057689175,23.005999,0.027,69,764.40656
7/15/2026 3:44,37129.996,38411.76,24.755217,26.932402,1.0161169,24.967646,3.7101243,49.81806,77.53211,7.2063174,-23.903847,138.02528,0.2670049,23.252928,0.027,69,764.40656
7/15/2026 4:14,35890.332,37088.336,23.813244,27.862658,1.0153912,24.10742,3.433014,45.893307,71.41702,7.155144,-20.895004,116.882324,0.22111648,23.308828,0.027,69,764.40656
7/15/2026 4:44,35316.035,36512.27,23.40374,28.31575,1.0150892,23.732975,3.1895492,42.51973,66.17001,7.1220503,-18.94474,135.4599,0.100949176,23.284683,0.027,69,764.40656
7/15/2026 5:14,34832.58,36051.316,23.076061,28.708755,1.014857,23.433357,2.946542,39.167706,60.959305,7.104209,-17.89093,129.88568,0.089365765,23.230072,0.027,69,764.40656
7/15/2026 5:44,34760.258,36013.547,23.048334,28.768486,1.0148504,23.408806,2.8579454,37.94848,59.06708,7.078176,-16.355515,152.43054,0.10243373,23.177986,0.027,69,764.40656
7/15/2026 6:14,34339.457,35612.832,22.763996,29.12102,1.0146496,23.14834,2.7004678,35.766563,55.67574,7.074658,-16.145706,123.82984,0.09762714,23.12795,0.027,69,764.40656
7/15/2026 6:44,34018.79,35292.56,22.537493,29.39552,1.0144838,22.940163,2.624367,34.7023,54.0207,7.0606556,-15.320778,149.23096,0.14512438,23.11038,0.027,69,764.40656
7/15/2026 7:14,33882.6,35154.14,22.439762,29.513672,1.0144112,22.850193,2.6882572,35.52441,55.300858,7.0690866,-15.816689,166.62122,0.088756144,23.10626,0.027,69,764.40656
7/15/2026 7:44,33559.33,34747.27,22.154871,29.797974,1.0141683,22.585726,2.8020065,37.035835,57.643353,7.0537634,-14.920235,154.52863,0.09961403,23.21005,0.027,69,764.40656
7/15/2026 8:14,33286.4,34387.395,21.903572,30.042301,1.0139481,22.351807,2.937094,38.844406,60.446297,7.054719,-14.9822235,177.2356,0.040250037,23.323694,0.027,69,764.40656
7/15/2026 8:44,32583.785,33499.723,21.284266,30.690111,1.0134151,21.77482,2.951851,39.0719,60.774155,7.0689917,-15.835762,148.8781,0.08316367,23.568502,0.036,69,764.40656
7/15/2026 9:14,41106.113,42205.688,27.494144,24.327282,1.0180762,27.433697,7.20116,98.901825,153.81784,7.748878,-55.918694,152.30655,0.04027288,23.63598,0.036,69,764.40656
7/15/2026 9:44,42256.81,44152.78,28.886784,23.664825,1.0193759,28.699308,7.278886,99.20904,154.5323,7.845661,-61.440468,122.76173,0.07892908,22.751772,0.027,69,764.40656
7/15/2026 10:14,42221.254,44135.81,28.87375,23.684753,1.0193725,28.688276,7.195289,98.02215,152.68947,7.848014,-61.573982,131.37817,0.0778963,22.728863,0.018,69,764.40656
7/15/2026 10:44,42264.246,44201.25,28.920805,23.660662,1.0194145,28.730812,7.3686233,100.36925,156.35167,7.8666778,-62.66594,135.39314,0.12600717,22.705635,0.027,69,764.40656
7/15/2026 11:14,42281.207,44147.973,28.884253,23.651169,1.0193645,28.696182,7.3998847,100.918594,157.18605,7.873202,-63.066483,131.88362,0.18298943,22.786165,0.018,69,764.40656
7/15/2026 11:44,42309.875,44172.29,28.902172,23.635145,1.0193764,28.711988,7.3148727,99.780876,155.4123,7.8676624,-62.742233,147.44281,0.2431313,22.792538,0.018,69,764.40656
7/15/2026 12:14,42293.89,44137.246,28.877203,23.644077,1.0193516,28.68921,7.3981442,100.93954,157.21138,7.878294,-63.37166,139.83727,0.29933423,22.813393,0.018,69,764.40656
7/15/2026 12:44,42382.37,44191.598,28.918064,23.594715,1.0193706,28.724539,7.4101033,101.20419,157.61203,7.877732,-63.347816,152.01569,0.4077952,22.856518,0.018,69,764.40656
7/15/2026 13:14,42400.09,44047.01,28.81778,23.584856,1.0192429,28.630558,7.388563,101.18495,157.53198,7.871706,-63.033104,159.72137,0.24172238,23.042404,0.018,69,764.40656
7/15/2026 13:44,43078.645,44206.332,28.950447,23.213358,1.0191673,28.734118,7.363656,102.035286,158.68318,7.8549833,-62.179565,157.26566,0.18356162,23.664415,0.027,69,764.40656
7/15/2026 14:14,43912.855,44244.875,29.001156,22.772375,1.0189332,28.759169,7.261405,102.31731,158.84839,7.803753,-59.347153,163.8794,0.038849227,24.607111,0.036,69,764.40656
7/15/2026 14:44,44372.266,44237.965,29.008024,22.5366,1.0187755,28.754677,7.0291905,99.9975,155.08423,7.7454033,-55.999756,167.82285,0.03722488,25.158945,0.054,69,764.40656
7/15/2026 15:14,44049.215,43547.145,28.511868,22.70188,1.0182692,28.305643,6.668339,95.321625,147.70432,7.6694264,-51.574707,148.19145,0.03945417,25.603632,0.054,69,764.40656
7/15/2026 15:44,41828.562,41057.543,26.70841,23.907108,1.0167992,26.687403,6.0986342,86.85394,134.48152,7.5122304,-42.300224,126.74332,0.1322697,25.983194,0.063,69,764.40656
7/15/2026 16:14,38948.535,38089.18,24.57447,25.674906,1.0151378,24.757969,5.583432,78.83027,122.009,7.3784657,-34.37519,124.959946,0.305731,26.181236,0.072,69,764.40656
7/15/2026 16:44,37024.695,36222.79,23.242935,27.009,1.0141459,23.544813,5.2368307,73.35505,113.539894,7.30135,-29.788017,138.85022,0.7174639,26.159063,0.072,69,764.40656
7/15/2026 17:14,35872.145,35134.953,22.470804,27.876783,1.0135849,22.837719,4.973874,69.29616,107.270676,7.252516,-26.87931,144.16695,0.8705678,26.098518,0.072,69,764.40656
7/15/2026 17:44,34721.92,34070.17,21.71794,28.80025,1.0130492,22.145613,4.7158356,65.31289,101.124374,7.199457,-23.71788,131.25897,0.90499556,26.001553,0.063,69,764.40656
7/15/2026 18:14,33740.914,33214.125,21.114084,29.637608,1.0126468,21.58918,4.4191647,60.81487,94.19242,7.1917367,-23.245811,158.41006,1.1163975,25.83039,0.072,69,764.40656
7/15/2026 18:44,33406.617,33025.863,20.9795,29.934189,1.012612,21.466812,4.0746284,55.810196,86.47993,7.1635075,-21.55304,173.87866,1.1302189,25.60361,0.063,69,764.40656
7/15/2026 19:14,32563.523,32301.006,20.470013,30.709208,1.0122815,20.995653,3.9600778,53.916897,83.57544,7.161071,-21.395683,112.00428,1.1584798,25.425508,0.054,69,764.40656
7/15/2026 19:44,31920.617,31839.715,20.144625,31.327715,1.0121212,20.695816,4.0113673,54.23573,84.117386,7.151445,-20.804405,147.73846,1.050995,25.133032,0.054,69,764.40656
7/15/2026 20:14,31445.078,31447.201,19.86953,31.80148,1.0119537,20.440681,3.7650676,50.704052,78.660484,7.1427484,-20.279884,203.19939,1.0555608,24.996466,0.054,69,764.40656
7/15/2026 20:44,30349.648,30519.264,19.221539,32.94931,1.0115485,19.837523,2.6902668,35.913544,55.74539,7.0984282,-17.638206,175.55237,0.72672594,24.709023,0.054,69,764.40656
7/15/2026 21:14,41265.008,44024.535,28.762035,24.233608,1.0195637,28.615948,6.4717655,86.52422,135.00316,7.78053,-57.411194,167.14096,0.2067739,21.718243,0.009,69,764.40656
7/15/2026 21:44,41508.395,44312.035,28.970325,24.091513,1.01973,28.802824,6.6625195,89.133255,139.08089,7.8167844,-59.52835,143.83792,0.040587824,21.687414,0.009,69,764.40656
7/15/2026 22:14,41488.676,44283.06,28.949514,24.102962,1.0197117,28.783987,6.684736,89.43368,139.5477,7.8247333,-59.99565,154.36172,0.13343056,21.69619,0.009,69,764.40656
7/15/2026 22:44,41554.383,44339.383,28.99103,24.06485,1.019739,28.820599,6.7198997,89.950806,140.35117,7.828344,-60.210228,150.94757,0.070222385,21.711466,0,69,764.40656
7/15/2026 23:14,41514.395,44294.52,28.958431,24.08803,1.0197138,28.79144,6.735056,90.14052,140.64662,7.8328133,-60.47249,135.3693,0.117952906,21.7139,0.009,69,764.40656
7/15/2026 23:44,41482.71,44306.24,28.965322,24.106428,1.0197325,28.799057,6.3855085,85.38768,133.24149,7.8010693,-58.603287,144.4769,0.038995735,21.663479,0.009,69,764.40656
7/16/2026 0:14,41445.234,44263.46,28.934273,24.128227,1.0197082,28.77125,6.5139527,87.09433,135.90393,7.815309,-59.43775,145.27321,0.039671745,21.666525,0,69,764.40656
7/16/2026 0:44,41511.133,44326.88,28.980705,24.089924,1.0197413,28.812471,6.540167,87.480774,136.50528,7.8154454,-59.44729,146.15059,0.040432904,21.674223,0.009,69,764.40656
7/16/2026 1:14,41440.562,44278.184,28.944271,24.130947,1.0197216,28.780819,6.5142336,87.06883,135.86887,7.81172,-59.223175,154.30927,0.041085485,21.644703,0.009,69,764.40656
7/16/2026 1:44,41483.113,44326.117,28.979095,24.106195,1.0197488,28.811975,6.287061,84.04534,131.15134,7.7838783,-57.592392,154.00409,0.07566171,21.64197,0.009,69,764.40656
7/16/2026 2:14,41414.18,44285.254,28.948141,24.146318,1.019735,28.785416,5.853271,78.18092,122.00706,7.7276387,-54.29268,167.58919,0.03492404,21.605688,0.009,69,764.40656
7/16/2026 2:44,41439.14,44344.37,28.990007,24.131775,1.0197765,28.823841,5.1883564,69.27177,108.109825,7.620882,-48.036575,163.7125,0.029127639,21.569883,0.009,69,764.40656
7/16/2026 3:14,41393.383,44300.53,28.957903,24.158451,1.0197536,28.795345,4.5723996,61.030212,95.24838,7.49578,-40.712357,146.67987,0.031085616,21.564222,0.009,69,764.40656
7/16/2026 3:44,41124.066,43969.848,28.718796,24.316662,1.0195596,28.580402,4.371708,58.319965,91.01174,7.416016,-36.04889,133.65268,0.029757932,21.611458,0.009,69,764.40656
7/16/2026 4:14,39534.785,42135.066,27.393393,25.29418,1.0185133,27.387794,4.0270486,53.460567,83.4074,7.320856,-30.493736,146.74187,0.033587854,21.76895,0.009,69,764.40656
7/16/2026 4:44,37283.227,39564.66,25.549932,26.821712,1.0170617,25.717028,3.5516458,46.825558,73.03071,7.2121344,-24.142265,153.12195,0.036032844,21.980972,0.009,69,764.40656
7/16/2026 5:14,36008.277,38168.465,24.553951,27.771393,1.0162939,24.809504,3.302649,43.335022,67.58062,7.1567545,-20.899773,152.65942,0.036194082,22.036854,0.018,69,764.40656
7/16/2026 5:44,35477.465,37630.496,24.17024,28.186907,1.0160124,24.459824,3.1287165,40.93709,63.84443,7.12247,-18.88752,147.38083,0.03465442,22.004444,0.018,69,764.40656
7/16/2026 6:14,35162.555,37328.023,23.954296,28.439344,1.0158601,24.263216,2.9768434,38.871532,60.627136,7.1086054,-18.072128,156.1451,0.034886293,21.962727,0.018,69,764.40656
7/16/2026 6:44,34878.562,37057.633,23.761389,28.670906,1.0157253,24.087461,2.8379345,36.988125,57.69349,7.0907497,-17.023087,153.59402,0.034822267,21.92135,0.009,69,764.40656
7/16/2026 7:14,34590.293,36759.05,23.549442,28.909845,1.0155679,23.893383,2.8185883,36.683716,57.219635,7.083356,-16.589165,174.0694,0.034692142,21.911036,0.009,69,764.40656
7/16/2026 7:44,34338.51,36466.703,23.343172,29.12182,1.0154032,23.703356,2.7737586,36.079018,56.273373,7.065345,-15.535355,147.11856,0.03646755,21.94451,0.009,69,764.40656
7/16/2026 8:14,34102.535,36188.71,23.147348,29.323334,1.0152453,23.522663,2.8952847,37.642467,58.708374,7.0681586,-15.702248,188.8752,0.03672185,21.981823,0.018,69,764.40656
7/16/2026 8:44,33901.652,35891.79,22.940062,29.497087,1.0150585,23.329662,2.9894695,38.901814,60.661125,7.0582156,-15.125275,148.83041,0.03797685,22.096947,0.018,69,764.40656
7/16/2026 9:14,33678.08,35583.625,22.724632,29.692905,1.0148697,23.129356,3.0093732,39.18273,61.08924,7.06455,-15.501976,181.03122,0.03201417,22.196272,0.018,69,764.40656
7/16/2026 9:44,41005.332,43199.53,28.181343,24.387072,1.0189555,28.079695,6.9275804,93.346886,145.50114,7.7312627,-54.64077,139.05525,0.031545404,22.340723,0.009,69,764.40656
7/16/2026 10:14,41691.05,44277.215,28.953136,23.985964,1.0196483,28.780191,7.0062532,94.15412,146.85521,7.8327475,-60.515404,144.86789,0.027083298,21.941967,0.009,69,764.40656
7/16/2026 10:44,41820.047,44339.734,29.00131,23.911978,1.0196623,28.820827,7.2086654,97.046036,151.34549,7.8550673,-61.84101,124.09687,0.033083603,22.024769,0.018,69,764.40656
7/16/2026 11:14,41846.31,44337.72,29.000881,23.89697,1.019653,28.819517,7.2390265,97.51282,152.06522,7.8651137,-62.437057,135.41699,0.03913588,22.058025,0.018,69,764.40656
7/16/2026 11:44,41828.133,44363.91,29.01838,23.907354,1.0196799,28.836542,7.1473308,96.199905,150.03017,7.860579,-62.160492,135.9272,0.035672322,22.007408,0.018,69,764.40656
7/16/2026 12:14,41774.367,44311.07,28.979725,23.938124,1.019652,28.802197,7.1569347,96.299324,150.18636,7.8641744,-62.3703,144.71054,0.03127106,22.002743,0.009,69,764.40656
7/16/2026 12:44,41941.758,44364.492,29.022972,23.842587,1.0196471,28.83692,7.370803,99.44857,155.06294,7.881156,-63.3955,142.47894,0.035245072,22.14085,0.018,69,764.40656
7/16/2026 13:14,41865,44334.92,28.999624,23.886301,1.0196451,28.8177,7.2621098,97.86726,152.61168,7.875187,-63.033104,134.18198,0.03644751,22.083216,0.018,69,764.40656
7/16/2026 13:44,41951.113,44377.934,29.032648,23.837269,1.0196553,28.845657,7.2730427,98.128296,153.00533,7.874016,-62.975883,133.3952,0.03493763,22.136896,0.018,69,764.40656
7/16/2026 14:14,42129.004,44326.652,29.003408,23.736616,1.0195602,28.812325,7.3595467,99.75544,155.47389,7.87735,-63.228607,152.96936,0.03625546,22.404266,0.018,69,764.40656
7/16/2026 14:44,42726.668,44399.58,29.074598,23.404587,1.0194411,28.859726,7.4748936,102.49184,159.57077,7.8698964,-62.92343,154.05179,0.031354293,23.027302,0.018,69,764.40656
7/16/2026 15:14,43451.773,44393.824,29.093071,23.01402,1.0192107,28.855986,7.585128,105.6055,164.16954,7.8534584,-62.13665,154.32358,0.029141897,23.888988,0.027,69,764.40656
7/16/2026 15:44,44067.027,44445.76,29.146893,22.692703,1.0190587,28.889746,7.452908,105.00605,163.0389,7.8082066,-59.599876,156.35013,0.028238183,24.55386,0.045,69,764.40656
7/16/2026 16:14,43849.11,44049.36,28.861664,22.805481,1.0187826,28.632084,7.056996,99.62473,154.62315,7.736187,-55.379868,168.39027,0.032698974,24.761988,0.045,69,764.40656
7/16/2026 16:44,42388.277,42420.426,27.678644,23.591429,1.0178332,27.573277,6.4872,91.2778,141.61494,7.5925446,-46.91124,169.44885,0.03695022,24.960323,0.045,69,764.40656
7/16/2026 17:14,39360.832,39369.586,25.474617,25.405968,1.0161664,25.59023,5.872401,81.635895,126.64903,7.4083176,-36.005974,175.6239,0.037887555,24.988361,0.054,69,764.40656
7/16/2026 17:44,37796.586,37781.645,24.337645,26.457417,1.0153023,24.55807,5.503789,76.06063,117.99234,7.304471,-29.859543,173.7547,0.09922104,25.020704,0.054,69,764.40656
7/16/2026 18:14,37186.18,37153.98,23.890291,26.89171,1.014959,24.150087,5.259076,72.52524,112.502594,7.2677183,-27.685165,178.56122,0.069484614,25.045376,0.054,69,764.40656
7/16/2026 18:44,36684.324,36690.695,23.559687,27.2596,1.0147262,23.848953,4.95907,68.194466,105.79562,7.228751,-25.372505,137.94899,0.22040771,24.990908,0.054,69,764.40656
7/16/2026 19:14,36356.695,36424.652,23.369265,27.50525,1.0146087,23.676025,4.723118,64.7791,100.51405,7.2117224,-24.356842,194.34929,0.22435796,24.90232,0.045,69,764.40656
7/16/2026 19:44,36073.477,36238.57,23.234997,27.721199,1.0145482,23.55507,4.470685,61.11896,94.86014,7.1850023,-22.764206,183.9018,0.30318007,24.761482,0.045,69,764.40656
7/16/2026 20:14,35701.95,35973.562,23.04462,28.009676,1.0144497,23.382816,4.217183,57.43254,89.164856,7.1735144,-22.072792,192.35135,0.32661828,24.604694,0.045,69,764.40656
7/16/2026 20:44,35610.617,35954.12,23.0292,28.081512,1.0144681,23.370178,4.0724373,55.35408,85.95484,7.1594505,-21.233559,180.22537,0.40400517,24.499794,0.045,69,764.40656
7/16/2026 21:14,35475.17,35898.355,22.987833,28.188728,1.0144701,23.333931,3.790097,51.398182,79.82935,7.146763,-20.475388,186.02371,0.32317513,24.382807,0.036,69,764.40656
7/16/2026 21:44,40128.836,42134.324,27.413885,24.919737,1.0183293,27.387312,5.858952,78.83271,122.84354,7.6071544,-47.38331,148.02933,0.13718837,22.507982,0.027,69,764.40656
7/16/2026 22:14,41452.836,43842.465,28.642942,24.123802,1.0193578,28.497602,6.7764707,91.23682,142.25766,7.8039856,-58.870316,144.33861,0.05676779,22.146338,0.018,69,764.40656
7/16/2026 22:44,41771.76,44197.21,28.90063,23.939617,1.0195583,28.728188,6.843936,92.251114,143.84378,7.8273044,-60.23407,138.06343,0.39387274,22.126812,0.018,69,764.40656
7/16/2026 23:14,41806.88,44271.492,28.953466,23.919508,1.0196096,28.77647,6.848683,92.274605,143.89015,7.835986,-60.73475,134.15337,0.17097971,22.085316,0.009,69,764.40656
7/16/2026 23:44,41766.293,44356.21,29.010733,23.942753,1.0196916,28.831537,6.8087044,91.53169,142.7647,7.835184,-60.658455,137.02393,0.105969556,21.94298,0.009,69,764.40656
7/17/2026 0:14,41679.305,44327.43,28.987505,23.992723,1.019693,28.81283,6.725824,90.29006,140.84416,7.8347816,-60.620308,141.38222,0.04033281,21.872248,0.009,69,764.40656
7/17/2026 0:44,41687.31,44368.004,29.015928,23.988115,1.0197242,28.839203,6.6475124,89.19624,139.14589,7.825222,-60.05287,145.94556,0.037547193,21.836672,0.009,69,764.40656
7/17/2026 1:14,41655.93,44322.863,28.983461,24.006186,1.0196961,28.80986,6.630645,88.97403,138.79631,7.8244443,-60.009956,130.51033,0.04078628,21.849709,0.009,69,764.40656
7/17/2026 1:44,41667.9,44357.2,29.00771,23.99929,1.019721,28.83218,6.611516,88.69162,138.3611,7.8207836,-59.79061,131.073,0.063834436,21.825743,0.009,69,764.40656
7/17/2026 2:14,41589.48,44306.855,28.96985,24.044542,1.0197023,28.799456,6.5200977,87.387825,136.33522,7.8108177,-59.199333,161.95773,0.13031034,21.788963,0.009,69,764.40656
7/17/2026 2:44,41567.434,44362.2,29.007326,24.057295,1.0197542,28.835428,6.249418,83.64611,130.51595,7.778061,-57.263374,162.90665,0.040857464,21.701633,0.009,69,764.40656
7/17/2026 3:14,41369.99,44316.066,28.967718,24.172112,1.019773,28.805443,5.619367,74.94803,116.9779,7.685546,-51.813126,163.2595,0.033006985,21.519434,0.009,69,764.40656
7/17/2026 3:44,41251.49,44347.867,28.984991,24.24155,1.0198327,28.826115,4.969613,66.078476,103.162796,7.56779,-44.89422,148.1676,0.029833458,21.34449,0,69,764.40656
7/17/2026 4:14,40992.387,44168.023,28.850395,24.394773,1.0197594,28.709217,4.615235,61.196693,95.55751,7.4698086,-39.14833,154.2616,0.028637677,21.235655,0,69,764.40656
7/17/2026 4:44,40365.746,43454.875,28.333736,24.77348,1.0193564,28.245668,4.433895,58.66007,91.59057,7.402526,-35.219193,145.54501,0.03273728,21.278105,0.009,69,764.40656
7/17/2026 5:14,38320.05,41173.785,26.688154,26.095999,1.0180845,26.76296,3.9715538,52.128265,81.3801,7.2871614,-28.481483,149.08313,0.03217478,21.37123,0.009,69,764.40656
7/17/2026 5:44,36265.23,38921.656,25.075344,27.574621,1.0168487,25.299078,3.5312655,45.960976,71.74578,7.1857715,-22.554398,142.31682,0.029672496,21.42667,0.009,69,764.40656
7/17/2026 6:14,35238.43,37857.457,24.315866,28.378109,1.0162865,24.607347,3.302535,42.755287,66.746765,7.1434507,-20.074844,121.25015,0.030828806,21.377943,0.009,69,764.40656
7/17/2026 6:44,34870.883,37500.883,24.06122,28.677221,1.0161067,24.375574,3.2036078,41.375,64.59698,7.1212535,-18.773079,164.41345,0.032268144,21.328186,0.009,69,764.40656
7/17/2026 7:14,34552.035,37182.49,23.834488,28.941854,1.0159434,24.16862,3.094182,39.885227,62.27418,7.111749,-18.21518,178.1416,0.033283435,21.2961,0.009,69,764.40656
7/17/2026 7:44,34279.586,36910.133,23.64076,29.17188,1.0158039,23.991587,3.0976906,39.86506,62.245365,7.096449,-17.318726,169.43454,0.03066378,21.268639,0,69,764.40656
7/17/2026 8:14,34079.355,36607.41,23.42935,29.343279,1.015614,23.794817,3.239995,41.73377,65.15136,7.099267,-17.490387,135.90813,0.036276158,21.384367,0.009,69,764.40656
7/17/2026 8:44,34107.094,36457.984,23.329475,29.319414,1.0154765,23.697691,3.5028305,45.292107,70.6796,7.102444,-17.690659,148.20575,0.03588454,21.62397,0.009,69,764.40656
7/17/2026 9:14,34234.824,36448.24,23.327232,29.210022,1.0154237,23.691355,3.8951416,50.54584,78.8534,7.135123,-19.61708,206.33698,0.031313956,21.820545,0.009,69,764.40656
7/17/2026 9:44,34220.605,36254.85,23.195944,29.22216,1.0152609,23.565653,3.941257,51.33131,80.047455,7.1192355,-18.701553,204.41531,0.034518704,22.062323,0.018,69,764.40656
7/17/2026 10:14,32267.172,33714.406,21.420872,30.991251,1.0137383,21.914364,5.119617,66.82879,104.09528,7.1278214,-19.249916,175.68588,0.02937947,22.752552,0.009,69,764.40656
7/17/2026 10:44,41853.598,44160.008,28.877768,23.892809,1.019503,28.704006,7.53831,101.850525,158.7756,7.8428307,-61.17344,155.38216,0.026820023,22.265522,0.018,69,764.40656
7/17/2026 11:14,41793.56,44403.867,29.044802,23.927132,1.019723,28.862513,7.5406156,101.35329,158.08904,7.879923,-63.27629,133.46672,0.031413574,21.92222,0.009,69,764.40656
7/17/2026 11:44,41905.938,44452.37,29.082655,23.862967,1.0197303,28.894043,7.451914,100.32515,156.46541,7.874674,-62.98542,141.55865,0.030959077,22.000809,0.009,69,764.40656
7/17/2026 12:14,41799.668,44396.105,29.039646,23.923635,1.0197148,28.857468,7.384928,99.28589,154.86038,7.8779936,-63.16662,146.97075,0.033014927,21.938042,0.018,69,764.40656
7/17/2026 12:44,41775.164,44478.035,29.095528,23.937668,1.0197896,28.910725,7.1776133,96.32207,150.26656,7.8667927,-62.48474,144.82498,0.0330715,21.818394,0.009,69,764.40656
7/17/2026 13:14,41820.09,44409.062,29.049406,23.911953,1.0197196,28.86589,7.311995,98.32807,153.36401,7.8769007,-63.10463,134.29166,0.03447825,21.947733,0.009,69,764.40656
7/17/2026 13:44,41902.27,44497.812,29.11405,23.865055,1.0197691,28.923578,7.2277284,97.22864,151.64961,7.8603115,-62.13188,140.19966,0.032222737,21.946089,0.009,69,764.40656
7/17/2026 14:14,41860.145,44396.92,29.04247,23.889072,1.0196978,28.858,7.2687716,97.84993,152.60321,7.8804207,-63.323975,148.01025,0.03262715,22.008451,0.009,69,764.40656
7/17/2026 14:44,42027.438,44432.023,29.073004,23.79398,1.0196779,28.880816,7.2604957,98.03426,152.85126,7.8709817,-62.804222,141.21533,0.037618276,22.16658,0.009,69,764.40656
7/17/2026 15:14,42506.99,44420.543,29.081902,23.525543,1.0195255,28.873352,7.390257,100.82798,157.05591,7.8765974,-63.257217,165.8392,0.03355985,22.744598,0.018,69,764.40656
7/17/2026 15:44,43659.22,44571.47,29.22395,22.90467,1.0192982,28.971455,7.510342,104.7152,162.77394,7.857682,-62.394142,162.08649,0.029378355,23.928421,0.027,69,764.40656
7/17/2026 16:14,44699.96,44603.418,29.274635,22.371384,1.0189899,28.992222,7.5801134,107.91415,167.37672,7.834245,-61.2545,166.60214,0.027503178,25.113323,0.045,69,764.40656
7/17/2026 16:44,45228.047,44581.953,29.271978,22.110174,1.0187944,28.97827,7.294769,105.00448,162.65825,7.7795677,-58.140755,170.65524,0.029404288,25.75876,0.063,69,764.40656
7/17/2026 17:14,44845.473,43970.992,28.829771,22.298796,1.0183761,28.581146,6.9864306,100.79833,156.05423,7.706509,-53.85399,177.06871,0.030814284,26.041243,0.072,69,764.40656
7/17/2026 17:44,42483.914,41665.273,27.149565,23.53832,1.017117,27.082428,6.5044384,92.93684,143.88683,7.5589027,-45.080185,172.86777,0.03516151,26.028696,0.072,69,764.40656
7/17/2026 18:14,39681.8,38957.723,25.194315,25.20047,1.0156653,25.322521,6.0348234,85.19751,131.91943,7.419558,-36.792755,166.43524,0.03801783,25.973106,0.072,69,764.40656
7/17/2026 18:44,38404.746,37792.19,24.35748,26.038448,1.0150741,24.564924,5.6777472,79.60737,123.2945,7.346913,-32.463074,133.72421,0.16583374,25.848614,0.063,69,764.40656
7/17/2026 19:14,37713.92,37214.44,23.942963,26.515408,1.0148063,24.189388,5.449166,76.03168,117.79076,7.3021955,-29.792786,106.983185,0.21458353,25.702703,0.063,69,764.40656
7/17/2026 19:44,37309.59,36902.77,23.71911,26.802761,1.0146751,23.9868,5.2114744,72.46542,112.293686,7.2676096,-27.72808,150.06065,0.3063459,25.577177,0.063,69,764.40656
7/17/2026 20:14,36765.71,36473.6,23.411552,27.199257,1.0144905,23.707842,4.8933663,67.73786,105.0003,7.2462273,-26.445389,126.366615,0.4365725,25.419313,0.054,69,764.40656
7/17/2026 20:44,36394.34,36237.355,23.240993,27.4768,1.0144185,23.554281,4.579098,63.11444,97.870186,7.214815,-24.56665,148.49185,0.34719792,25.226812,0.054,69,764.40656
7/17/2026 21:14,36005.832,35968.676,23.047861,27.77328,1.0143234,23.37964,4.3019934,59.051823,91.60084,7.191951,-23.198128,143.4946,0.3997332,25.054089,0.054,69,764.40656
7/17/2026 21:44,35757.06,35838.805,22.95327,27.966507,1.0143021,23.295223,4.0179896,54.956596,85.276566,7.1585083,-21.204948,166.3208,0.4056095,24.880577,0.054,69,764.40656
7/17/2026 22:14,35461.348,35710.668,22.858809,28.199718,1.0143017,23.211935,3.5660942,48.539387,75.3539,7.1405044,-20.122528,145.85495,0.40815023,24.634468,0.036,69,764.40656
7/17/2026 22:44,39652.28,41787.812,27.158339,25.21923,1.018186,27.162077,5.346333,71.59225,111.59492,7.5267334,-42.63401,185.1654,0.17817971,22.324389,0.027,69,764.40656
7/17/2026 23:14,41554.84,44309.594,28.970427,24.064585,1.0197146,28.801235,6.5322566,87.48149,136.49095,7.8003855,-58.579445,173.3017,0.034567002,21.744993,0.009,68,764.40656
7/17/2026 23:44,41738.99,44470.215,29.088734,23.958414,1.0197935,28.90564,6.6316357,88.937065,138.7532,7.813601,-59.361458,149.29771,0.039039664,21.784452,0.009,68,764.40656
7/18/2026 0:14,41710.56,44446.51,29.07122,23.974745,1.0197823,28.890234,6.7599196,90.63628,141.40584,7.8290915,-60.26745,172.44815,0.039405312,21.777166,0.009,68,764.40656
7/18/2026 0:44,41800.82,44529.88,29.132439,23.922976,1.0198247,28.944422,6.7779756,90.93426,141.86751,7.832705,-60.482025,164.15596,0.06374048,21.79131,0,68,764.40656
7/18/2026 1:14,41704.293,44480.16,29.094297,23.978346,1.0198117,28.912106,6.689317,89.62962,139.84529,7.8258276,-60.067177,151.18599,0.039522413,21.732622,0.009,68,764.40656
7/18/2026 1:44,41705.55,44518.39,29.120821,23.977623,1.0198427,28.936954,6.639541,88.91108,138.73318,7.818804,-59.64756,156.20709,0.040616944,21.69195,0.009,68,764.40656
7/18/2026 2:14,41601.836,44454.23,29.072376,24.037401,1.0198199,28.89525,6.539162,87.46089,136.48154,7.810512,-59.15165,162.05788,0.036890864,21.640587,0.009,68,764.40656
7/18/2026 2:44,41601.023,44502.883,29.10602,24.03787,1.01986,28.926874,6.5368824,87.36137,136.33809,7.8063006,-58.894157,172.472,0.052195467,21.586067,0,68,764.40656
7/18/2026 3:14,41525.67,44445.555,29.063398,24.08149,1.0198344,28.88961,6.3318095,84.56025,131.97195,7.7897706,-57.92141,179.74854,0.076822944,21.560432,0.009,68,764.40656
7/18/2026 3:44,41499.777,44499.387,29.09961,24.096516,1.019886,28.9246,6.0856757,81.15831,126.68055,7.7512045,-55.646896,168.53809,0.036381103,21.470793,0,68,764.40656
7/18/2026 4:14,41286.863,44475.89,29.074812,24.22078,1.019927,28.90933,5.336506,70.86693,110.65565,7.6331196,-48.69938,185.35614,0.033923965,21.245949,0,68,764.40656
7/18/2026 4:44,41159.426,44513.93,29.095808,24.29577,1.0199934,28.934053,4.8906536,64.72788,101.09977,7.5312557,-42.715073,182.38544,0.0315183,21.054527,0.009,68,764.40656
7/18/2026 5:14,40864.77,44267.445,28.913654,24.470957,1.0198761,28.77384,4.775012,63.038887,98.473656,7.4901524,-40.302277,182.26147,0.029341986,20.975586,0.018,68,764.40656
7/18/2026 5:44,40052.85,43371.066,28.263384,24.96701,1.0193776,28.191193,4.483547,58.985912,92.13979,7.4177976,-36.0775,172.56737,0.03035244,20.99437,0,68,764.40656
7/18/2026 6:14,37538.74,40502.473,26.199556,26.639149,1.0177673,26.326607,3.919923,51.11401,79.82188,7.2817864,-28.147697,177.86502,0.031591784,21.168896,0.009,68,764.40656
7/18/2026 6:44,35508.258,38238.42,24.583803,28.162462,1.0165193,24.854975,3.4677863,44.86919,70.059555,7.1841936,-22.449493,136.51848,0.03270805,21.261858,0,68,764.40656
7/18/2026 7:14,34800.805,37442.062,24.018906,28.734968,1.0160801,24.337341,3.2701185,42.206814,65.89787,7.149404,-20.418167,114.96544,0.034384586,21.306673,0.009,68,764.40656
7/18/2026 7:44,34165.133,36713.35,23.503878,29.269608,1.0156752,23.863678,3.17846,40.94521,63.92218,7.123739,-18.920898,133.8339,0.03427499,21.366049,0,68,764.40656
7/18/2026 8:14,33741.477,36158.023,23.114445,29.637114,1.0153458,23.502716,3.2134705,41.40472,64.62583,7.1178875,-18.587112,139.14584,0.03486426,21.500895,0.009,68,764.40656
7/18/2026 8:44,33612,35851.492,22.903337,29.75128,1.015127,23.30347,3.3251302,42.970764,67.045784,7.112024,-18.258095,147.2187,0.03366754,21.729538,0.009,68,764.40656
7/18/2026 9:14,33445.48,35494.53,22.657045,29.899406,1.0148761,23.071445,3.5156863,45.574806,71.080376,7.1119246,-18.267632,151.8631,0.038667347,21.977562,0.009,68,764.40656
7/18/2026 9:44,33487.45,35328.844,22.5465,29.861935,1.0147153,22.963749,3.710674,48.329655,75.3408,7.1001573,-17.595291,186.7485,0.0354754,22.271124,0.009,68,764.40656
7/18/2026 10:14,33307.875,34925.668,22.26858,30.02293,1.0144252,22.701685,3.9547124,51.709858,80.56951,7.1232285,-18.968582,221.92955,0.035755057,22.574814,0.027,68,764.40656
7/18/2026 10:44,33269.05,34600.08,22.04719,30.057966,1.0141479,22.490051,4.0330563,53.059807,82.61532,7.103081,-17.809868,215.63052,0.040072817,22.985922,0.027,68,764.40656
7/18/2026 11:14,40691.957,41843.637,27.230062,24.57488,1.0178987,27.198364,7.038657,96.39185,149.93465,7.692811,-52.599907,158.51974,0.040801458,23.55898,0.027,68,764.40656
7/18/2026 11:44,42310.152,44298.17,28.989891,23.634989,1.019482,28.793812,7.0768046,96.33812,150.08612,7.802438,-58.879852,154.11853,0.14461294,22.650358,0.018,68,764.40656
7/18/2026 12:14,42121.78,44297.44,28.98283,23.740686,1.0195378,28.793337,7.128078,96.648415,150.62537,7.815697,-59.61418,171.04149,0.17619057,22.428545,0.018,68,764.40656
7/18/2026 12:44,42005.074,44453.57,29.087152,23.806648,1.0197024,28.894821,7.030334,94.84844,147.89624,7.82978,-60.37712,163.03062,0.36622164,22.11624,0.018,68,764.40656
7/18/2026 13:14,41854.953,44384.64,29.03376,23.892035,1.0196892,28.850018,7.0280867,94.61795,147.56093,7.840703,-60.99701,154.29974,0.21048512,22.015985,0.018,68,764.40656
7/18/2026 13:44,41875.484,44376.406,29.028814,23.880322,1.0196764,28.844664,7.111125,95.79077,149.3819,7.8476605,-61.411858,152.69757,0.35398716,22.04937,0.009,68,764.40656
7/18/2026 14:14,41848.5,44292.47,28.969551,23.89572,1.0196147,28.790106,6.988777,94.21454,146.90906,7.8261395,-60.162544,169.71112,0.3945576,22.111101,0.009,68,764.40656
7/18/2026 14:44,41718.426,44301.086,28.970715,23.970224,1.01966,28.795706,7.1723394,96.40587,150.3659,7.8424892,-61.08761,170.66956,0.4822212,21.947752,0.009,68,764.40656
7/18/2026 15:14,41693.965,44279.707,28.954975,23.984287,1.0196495,28.78181,7.2095723,96.88862,151.12013,7.8443785,-61.19728,151.77727,0.5024139,21.942636,0.018,68,764.40656
7/18/2026 15:44,41732.04,44279.508,28.956263,23.962404,1.0196382,28.781681,7.040057,94.68834,147.67744,7.8255916,-60.105324,173.9788,0.51390594,21.987877,0.009,68,764.40656
7/18/2026 16:14,41765.758,44183.133,28.890642,23.943058,1.0195483,28.719036,6.9134,93.19648,145.3158,7.8037786,-58.85601,177.72675,0.50344014,22.135466,0.018,68,764.40656
7/18/2026 16:44,41917.457,44101.68,28.839504,23.85641,1.0194355,28.666092,6.669365,90.31873,140.76569,7.7474613,-55.60398,177.145,0.17363903,22.406963,0.018,68,764.40656
7/18/2026 17:14,41895.395,43925.57,28.71628,23.868973,1.0192944,28.55162,6.4891896,88.08824,137.24971,7.698363,-52.752495,155.3917,0.08376369,22.580181,0.018,68,764.40656
7/18/2026 17:44,41666.934,43609.316,28.488565,23.999846,1.0190979,28.346056,6.1173863,83.06196,129.39919,7.6160507,-47.93167,179.08096,0.042080738,22.668034,0.018,68,764.40656
7/18/2026 18:14,40827.156,42687.72,27.820461,24.493502,1.018579,27.747017,5.658537,76.60323,119.327324,7.5239816,-42.529106,200.64832,0.08929541,22.71804,0.018,68,764.40656
7/18/2026 18:44,38531.992,40247.83,26.060003,25.952461,1.0172349,26.161089,5.0654607,67.9397,105.82291,7.379943,-34.070015,199.68033,0.19173767,22.767967,0.018,68,764.40656
7/18/2026 19:14,31591.852,33114.11,20.997719,31.653732,1.0134616,21.524172,5.106163,66.2981,103.2964,7.2983,-29.25396,105.810165,1.1024872,22.593191,0.018,68,764.40656
7/18/2026 19:44,26434.732,27813.64,17.329609,37.829018,1.0107462,18.078867,5.210252,65.998924,102.86264,7.245172,-26.116371,156.28815,0.78738374,22.40436,0.009,68,764.40656
7/18/2026 20:14,25681.023,27016.074,16.78549,38.93926,1.0103341,17.560448,4.8470516,61.214397,95.4044,7.1841607,-22.535324,167.16003,0.38096908,22.412727,0.018,68,764.40656
7/18/2026 20:44,25094.998,26427.455,16.384409,39.84858,1.0100456,17.177847,4.586907,57.73861,89.99512,7.131181,-19.421577,130.73921,0.3054845,22.36024,0.009,68,764.40656
7/18/2026 21:14,22169.445,23408.648,14.346709,45.10713,1.008544,15.215622,4.577438,56.803886,88.557465,7.1075153,-18.024445,116.820335,0.26822007,22.228384,0.018,68,764.40656
7/18/2026 21:44,19446.08,20587.453,12.469921,51.424244,1.0071629,13.3818445,4.9859614,61.054333,95.20435,7.1261086,-19.106865,126.38092,0.43316698,22.097368,0.018,68,764.40656
7/18/2026 22:14,13924.298,14813.766,8.721045,71.81691,1.0043972,9.628947,5.7526836,68.6143,107.03474,7.1906624,-22.873878,94.013214,0.6791001,21.856369,0.009,68,764.40656
7/18/2026 22:44,10884.704,11617.936,6.7066226,91.87204,1.0029163,7.551658,5.8518343,68.77438,107.31209,7.167833,-21.52443,104.055405,0.6028241,21.695707,0.009,68,764.40656
7/18/2026 23:14,9606.691,10271.225,5.872855,104.09411,1.0023066,6.676296,5.737289,66.99557,104.55035,7.138861,-19.82212,90.6086,0.39623144,21.612642,0.009,68,764.40656
7/18/2026 23:44,9097.184,9735.498,5.543898,109.92413,1.0020688,6.328074,5.617646,65.41623,102.093056,7.1162686,-18.496513,131.08253,0.43903586,21.567242,0.009,68,764.40656
7/19/2026 0:14,38387.664,40913.2,26.512224,26.050035,1.0178465,26.59358,6.902873,91.16709,142.23605,7.7395825,-55.02224,172.62936,0.56933296,21.768108,0.009,68,764.40656
7/19/2026 0:44,39828.242,42446.37,27.618567,25.107811,1.0186834,27.590141,6.7844095,90.186676,140.70587,7.760494,-56.24771,177.00195,0.5732145,21.770636,0.009,68,764.40656
7/19/2026 1:14,39894.79,42541.05,27.686253,25.06593,1.0187421,27.651684,6.659267,88.514046,138.10234,7.7692127,-56.75316,180.74036,0.77039146,21.7432,0.009,68,764.40656
7/19/2026 1:44,40252.152,42969.03,27.994598,24.843391,1.01899,27.92987,6.5508432,87.145,135.97798,7.771017,-56.848526,173.4686,0.43152636,21.689592,0.009,68,764.40656
7/19/2026 2:14,40625.402,43403.945,28.308784,24.61514,1.0192391,28.212564,6.479126,86.28449,134.64415,7.7830424,-57.54471,166.53061,0.18990862,21.64838,0.009,68,764.40656
7/19/2026 2:44,40890.375,43720.957,28.537811,24.455633,1.0194228,28.418623,6.4345837,85.74693,133.81337,7.7856126,-57.68776,167.67026,0.12727049,21.610369,0.009,68,764.40656
7/19/2026 3:14,40958.465,43827.594,28.614098,24.414978,1.0194907,28.487936,6.3505507,84.60686,132.04214,7.783621,-57.56378,159.12534,0.061585944,21.572563,0.009,68,764.40656
7/19/2026 3:44,40991.5,43867.95,28.643253,24.395302,1.0195143,28.514168,6.2650785,83.47397,130.27524,7.769385,-56.729317,176.48221,0.21638454,21.566984,0.009,68,764.40656
7/19/2026 4:14,40892.97,43765.86,28.568922,24.454082,1.0194589,28.447807,6.1241684,81.5555,127.28191,7.7582374,-56.07605,199.8663,0.23911421,21.56323,0.009,68,764.40656
7/19/2026 4:44,40711.676,43585.906,28.437672,24.562979,1.0193636,28.33084,5.8106666,77.29913,120.64212,7.687336,-51.9228,191.8602,0.038629267,21.547434,0.009,68,764.40656
7/19/2026 5:14,39988.133,42826.54,27.88637,25.00742,1.0189505,27.837252,5.0786276,67.32216,105.07378,7.514842,-41.823387,190.68718,0.03306727,21.53001,0,68,764.40656
7/19/2026 5:44,35560.316,38133.383,24.514513,28.121235,1.0164137,24.7867,4.5972867,59.684334,93.162186,7.3370337,-31.409264,184.35478,0.03354955,21.467253,0.009,68,764.40656
7/19/2026 6:14,29021.172,31191.582,19.63674,34.457603,1.0127537,20.274529,4.3820133,55.17863,86.14412,7.2158604,-24.309158,178.63751,0.0361012,21.356901,0.009,68,764.40656
7/19/2026 6:44,23030.81,24812.025,15.276917,43.420097,1.0094899,16.127815,4.21795,51.665234,80.6736,7.129584,-19.254684,170.87936,0.06409388,21.241447,0.009,68,764.40656
7/19/2026 7:14,16143.551,17439.918,10.403383,61.94424,1.0058435,11.335947,4.025993,47.80846,74.66682,7.043092,-14.190674,175.75742,0.03852156,21.1082,0.009,68,764.40656
7/19/2026 7:44,11370.3955,12304.647,7.1320424,87.947685,1.003393,7.998021,3.8209808,44.443592,69.42051,6.9666877,-9.799004,175.91476,0.06337727,21.024775,0.009,68,764.40656
7/19/2026 8:14,8727.794,9438.137,5.360453,114.57649,1.0020465,6.134789,3.7764268,43.50211,67.94629,6.921208,-7.2956085,80.05619,0.037291598,21.059528,0,68,764.40656
7/19/2026 8:44,7451.2134,8033.803,4.5097666,134.20633,1.0013709,5.221972,3.923837,45.101154,70.42818,6.904267,-6.365776,87.92877,0.039319374,21.20328,0.009,68,764.40656
7/19/2026 9:14,6381.7383,6849.749,3.802503,156.69711,1.0007863,4.4523373,4.064307,46.72073,72.932205,6.894754,-5.8460236,92.71145,0.038567293,21.422762,0.009,68,764.40656
7/19/2026 9:44,5583.214,5953.7344,3.274115,179.1083,1.000314,3.8699274,4.2700725,49.236347,76.820274,6.895676,-5.903244,99.835396,0.038884938,21.74171,0.009,68,764.40656
7/19/2026 10:14,4872.4424,5150.2417,2.8057353,205.23589,0.99985945,3.3476572,4.5236144,52.45224,81.78026,6.897244,-5.9986115,111.904144,0.040210843,22.175966,0.018,68,764.40656
7/19/2026 10:44,4362.0063,4571.29,2.471714,229.2523,0.9995068,2.9713385,4.9764633,58.06167,90.46204,6.913453,-6.904602,123.63911,0.07568288,22.603025,0.018,68,764.40656
7/19/2026 11:14,3967.619,4120.801,2.2139978,252.04033,0.99920446,2.6785207,5.2137194,61.25939,95.37115,6.921864,-7.381439,127.17247,0.038120802,23.053776,0.027,68,764.40656
7/19/2026 11:44,3700.004,3804.339,2.0342176,270.27,0.99894476,2.4728205,5.4797235,64.93796,101.00814,6.928761,-7.777214,146.58928,0.17627855,23.56412,0.036,68,764.40656
7/19/2026 12:14,30189.543,30880.424,19.461185,33.124054,1.0119723,20.072277,7.07537,93.10981,144.76003,7.564361,-45.07065,164.72816,0.062131193,23.82865,0.027,68,764.40656
7/19/2026 12:44,41821.867,43917.832,28.708363,23.910936,1.0193102,28.54659,6.9053197,93.60092,145.85823,7.8052974,-59.018135,174.90387,0.032278445,22.501322,0.018,68,764.40656
7/19/2026 13:14,41822.164,44028.867,28.785543,23.910767,1.0194031,28.618763,6.948879,94.0224,146.54553,7.823514,-60.06241,160.594,0.030933576,22.375944,0.018,68,764.40656
7/19/2026 13:44,41837.297,44072.383,28.816309,23.902119,1.0194349,28.647049,7.0172877,94.91198,147.9397,7.833696,-60.653687,164.40392,0.03385911,22.344814,0.018,68,764.40656
7/19/2026 14:14,41748.04,44065.36,28.808243,23.95322,1.0194557,28.642485,6.9918833,94.39753,147.16164,7.8347707,-60.6966,179.11911,0.03156669,22.246689,0.018,68,764.40656
7/19/2026 14:44,41846.363,44081.203,28.822763,23.896938,1.0194396,28.652782,7.089368,95.89202,149.4671,7.847098,-61.440468,179.99173,0.033127513,22.345638,0.018,68,764.40656
7/19/2026 15:14,41706.258,44047,28.793991,23.977217,1.0194528,28.63055,7.0250883,94.78867,147.77849,7.845763,-61.335564,157.61853,0.0383979,22.217697,0.018,68,764.40656
7/19/2026 15:44,41625.164,44095.723,28.824844,24.02393,1.0195172,28.66222,6.888423,92.70936,144.5725,7.8351574,-60.682297,154.34741,0.036808215,22.066639,0.018,68,764.40656
7/19/2026 16:14,41618.734,44043.113,28.788126,24.027641,1.0194755,28.628025,6.8779483,92.6342,144.44315,7.834652,-60.663223,178.32756,0.038004354,22.118034,0.009,68,764.40656
7/19/2026 16:44,41825.453,44087.87,28.826647,23.908886,1.0194513,28.657116,6.872342,92.904625,144.81839,7.830231,-60.44388,192.73758,0.036896423,22.313292,0.018,68,764.40656
7/19/2026 17:14,42247.434,44089.812,28.842583,23.670076,1.0193259,28.658379,6.8816814,93.8723,146.20457,7.8217626,-60.048103,190.13882,0.033140574,22.8122,0.018,68,764.40656
7/19/2026 17:44,43013.945,44108.61,28.880024,23.248274,1.0191039,28.670597,6.8561954,95.02556,147.77226,7.7817473,-57.868958,187.67357,0.030423276,23.700657,0.027,68,764.40656
7/19/2026 18:14,42907.434,43259.39,28.281116,23.305984,1.0184002,28.118605,6.6001096,92.56437,143.71574,7.711781,-53.901672,202.90851,0.030754486,24.574034,0.036,68,764.40656
7/19/2026 18:44,39635.42,39580.22,25.627476,25.229958,1.0162567,25.727142,6.1278815,85.38724,132.44736,7.5798483,-46.17691,209.6653,0.033461083,25.07302,0.045,68,764.40656
7/19/2026 19:14,35009.246,34841.957,22.25322,28.563883,1.0136696,22.647272,5.6434927,77.382935,119.99031,7.431193,-37.39357,213.51337,0.031400543,25.251385,0.045,68,764.40656
7/19/2026 19:44,29327.959,29244.357,18.344433,34.097157,1.0107663,19.008833,5.167896,69.18158,107.29435,7.28019,-28.4338,202.72255,0.034551863,25.149673,0.054,68,764.40656
7/19/2026 20:14,24478.977,24474.201,15.087967,40.85138,1.0083646,15.908231,4.746188,62.217266,96.51915,7.160768,-21.348,95.267296,0.038812194,25.010218,0.054,68,764.40656
7/19/2026 20:44,20666.945,20755,12.6001215,48.386444,1.0065643,13.490749,4.3618555,56.1419,87.13275,7.072252,-16.093254,116.17184,0.03835845,24.777878,0.045,68,764.40656
7/19/2026 21:14,18136.398,18308.5,10.990112,55.137737,1.0054302,11.900525,4.084268,51.836094,80.49082,7.0230594,-13.170242,96.04931,0.035601567,24.50785,0.045,68,764.40656
7/19/2026 21:44,16340.234,16589.73,9.872491,61.19863,1.0046706,10.783325,3.84491,48.228756,74.93021,6.9831133,-10.819435,123.49129,0.037722446,24.212608,0.036,68,764.40656
7/19/2026 22:14,14682.212,14991.51,8.844266,68.10963,1.0039754,9.744482,3.668038,45.496304,70.72258,6.9639244,-9.741783,112.23316,0.03720323,23.919813,0.036,68,764.40656
7/19/2026 22:44,13165.472,13540.996,7.920522,75.95626,1.0033771,8.801648,3.5280674,43.232235,67.24776,6.943365,-8.587837,126.53351,0.035076793,23.548042,0.027,68,764.40656
7/19/2026 23:14,12221.435,12645.796,7.355145,81.823456,1.0030292,8.219767,3.5307882,42.882324,66.73911,6.936992,-8.225441,132.02667,0.033278864,23.243063,0.027,68,764.40656
7/19/2026 23:44,10990.377,11469.142,6.618071,90.98869,1.002581,7.454942,3.5510702,42.603878,66.3546,6.9248123,-7.5387955,149.62674,0.037425697,22.814465,0.027,68,764.40656
7/20/2026 0:14,10271.234,10768.6875,6.1828513,97.35928,1.0023103,6.9996467,3.5508082,42.308292,65.92013,6.913979,-6.9332123,187.91199,0.03416819,22.581446,0.018,68,764.40656
7/20/2026 0:44,40202.12,43394.76,28.28578,24.87431,1.0193542,28.206594,5.794162,76.453064,119.3963,7.658113,-50.144196,187.84045,0.030819606,21.148062,0.009,68,764.40656
7/20/2026 1:14,40701.473,44060.766,28.764538,24.569136,1.0197542,28.639498,6.183503,81.61097,127.478874,7.741519,-54.99363,176.25809,0.027641326,21.008259,0.018,68,764.40656
7/20/2026 1:44,40754.72,44168.574,28.84097,24.537037,1.0198268,28.709574,6.1995134,81.77679,127.74866,7.749939,-55.475235,173.0442,0.028175116,20.953325,0,68,764.40656
7/20/2026 2:14,40716.47,44137.14,28.81773,24.560087,1.019812,28.689142,6.2667394,82.63546,129.09221,7.7662187,-56.42414,192.01279,0.032647688,20.942356,0,68,764.40656
7/20/2026 2:44,40727.008,44170.934,28.841427,24.553732,1.0198363,28.711107,6.3194885,83.3055,130.14381,7.7721767,-56.767464,190.89699,0.029571246,20.917898,0,68,764.40656
7/20/2026 3:14,40698.81,44132.918,28.814087,24.570744,1.0198134,28.686398,6.2723813,82.68341,129.17032,7.774762,-56.92005,192.65652,0.03037142,20.926025,0.009,68,764.40656
7/20/2026 3:44,40708.508,44161.023,28.83383,24.56489,1.0198334,28.704666,6.2052984,81.779915,127.76264,7.769683,-56.619644,170.6648,0.031200571,20.9068,0.009,68,764.40656
7/20/2026 4:14,40562.344,44119.36,28.798967,24.653408,1.0198404,28.677584,6.0106955,79.01352,123.464836,7.755158,-55.747032,200.90579,0.031066597,20.778923,0,68,764.40656
7/20/2026 4:44,40515.24,44129.773,28.804102,24.682072,1.0198619,28.684353,5.88144,77.22133,120.67668,7.741162,-54.917336,214.92958,0.035389546,20.711678,0,68,764.40656
7/20/2026 5:14,40421.473,44079.855,28.765772,24.739326,1.0198475,28.651905,5.8131623,76.22785,119.13436,7.73301,-54.43096,210.12784,0.03066777,20.65474,0,68,764.40656
7/20/2026 5:44,40280.297,44090.34,28.76678,24.826033,1.0198946,28.658722,5.72381,74.80946,116.94903,7.716655,-53.44391,212.67413,0.028833644,20.475681,0,68,764.40656
7/20/2026 6:14,38758.78,42610.76,27.687649,25.800606,1.0191283,27.696995,5.2428246,67.82657,106.065544,7.6157713,-47.52636,215.02972,0.02796777,20.267057,0,68,764.40656
7/20/2026 6:44,37528.875,41307.94,26.747093,26.646149,1.0184283,26.85016,4.834937,62.137997,97.17805,7.5144563,-41.61358,210.79063,0.030744495,20.210197,0,68,764.40656
7/20/2026 7:14,32464.246,35793.39,22.821665,30.803118,1.0154696,23.265705,4.551521,57.071182,89.26446,7.415442,-35.834312,97.146034,0.028014382,20.130365,0,68,764.40656
7/20/2026 7:44,26131.713,28848.42,17.997814,38.267677,1.0118293,18.751474,4.3633356,53.115566,83.08492,7.2434745,-25.811195,176.71109,0.030341128,20.06954,0,68,764.40656
7/20/2026 8:14,22572.236,24847.17,15.2851925,44.30221,1.0097438,16.150661,4.2847943,51.466526,80.48928,7.1678166,-21.414757,155.92099,0.031037422,20.206438,0,68,764.40656
7/20/2026 8:44,19380.14,21260.754,12.896145,51.599213,1.0078992,13.8194895,4.330562,51.44988,80.44396,7.1086435,-17.97676,107.889175,0.034625884,20.368862,0,68,764.40656
7/20/2026 9:14,17650.01,19269.023,11.589186,56.657192,1.0068575,12.524866,4.5366993,53.725132,83.972305,7.0730133,-15.912056,131.3591,0.03261705,20.600964,0,68,764.40656
7/20/2026 9:44,15835.363,17159.76,10.220894,63.1498,1.0057408,11.153844,4.7440443,56.115322,87.6605,7.032114,-13.542175,119.838715,0.035651073,20.959145,0,68,764.40656
7/20/2026 10:14,14585.879,15663.911,9.261474,68.55946,1.0049139,10.181542,5.0012593,59.32021,92.60408,7.0264716,-13.232231,163.95569,0.031361,21.396717,0,68,764.40656
7/20/2026 10:44,13921.921,14780.193,8.70023,71.82917,1.0043566,9.607125,5.2713704,62.988857,98.24292,7.0057845,-12.044907,191.87451,0.034360606,21.959732,0.018,68,764.40656
7/20/2026 11:14,13123.549,13747.431,8.047519,76.1989,1.0037036,8.93583,5.571324,67.15555,104.626915,7.006541,-12.116432,213.52292,0.03484284,22.623995,0.018,68,764.40656
7/20/2026 11:44,12773.977,13244.349,7.7316375,78.28416,1.0033379,8.608827,5.920754,71.92781,111.963425,6.991641,-11.253357,226.08757,0.035457514,23.14058,0.027,68,764.40656
7/20/2026 12:14,12232.864,12521.28,7.2786703,81.747,1.0028323,8.138832,6.2606144,76.78255,119.38303,7.002004,-11.854172,215.7402,0.03737771,23.794027,0.045,68,764.40656
7/20/2026 12:44,29389.762,28948.223,18.146095,34.025455,1.0104324,18.816345,8.548188,115.6143,179.07922,7.7906795,-58.808327,174.20769,0.03857208,25.798573,0.054,68,764.40656
7/20/2026 13:14,42479.47,43787.996,28.639389,23.540785,1.0189974,28.462198,8.159889,112.41207,174.8917,7.9198236,-65.95135,180.22537,0.025563706,23.43543,0.036,68,764.40656
7/20/2026 13:44,42600.188,44071.117,28.841036,23.474075,1.0192014,28.646227,8.032871,110.43362,171.86853,7.9064217,-65.12165,167.62256,0.02231816,23.252552,0.027,68,764.40656
7/20/2026 14:14,42626.56,44110.09,28.869108,23.459553,1.0192264,28.671558,8.046565,110.61347,172.15244,7.9100356,-65.33146,191.29753,0.024513582,23.239138,0.027,68,764.40656
7/20/2026 14:44,42711.4,44199.79,28.934496,23.412954,1.0192765,28.729862,8.037395,110.525024,172.01547,7.9133644,-65.52696,192.2655,0.03335859,23.236954,0.027,68,764.40656
7/20/2026 15:14,42706.36,44195.754,28.931519,23.415716,1.0192746,28.72724,8.153001,112.11007,174.48273,7.9272203,-66.342354,183.47263,0.104831144,23.235607,0.018,68,764.40656
7/20/2026 15:44,42817.54,44223.984,28.954779,23.354916,1.0192641,28.745588,8.44891,116.3987,181.126,7.9546967,-67.98267,176.89705,0.16520236,23.334932,0.027,68,764.40656
7/20/2026 16:14,42660.656,44150.25,28.898268,23.440802,1.01925,28.697664,8.460779,116.31564,181.0287,7.9586554,-68.19248,192.27982,0.041256845,23.23355,0.027,68,764.40656
7/20/2026 16:44,42671.895,44182.66,28.921265,23.43463,1.019274,28.718729,8.298778,114.05568,177.51875,7.9452205,-67.396164,199.8949,0.08340646,23.209759,0.027,68,764.40656
7/20/2026 17:14,42638.832,44150.156,28.897497,23.4528,1.0192567,28.697601,8.094784,111.232925,173.12595,7.9342113,-66.747665,206.48956,0.040004507,23.207779,0.027,68,764.40656
7/20/2026 17:44,42928.402,44191.508,28.935495,23.294601,1.0192018,28.72448,8.230884,113.719986,176.90535,7.93915,-67.10529,206.52295,0.03934939,23.503532,0.027,68,764.40656
7/20/2026 18:14,43394.055,44221.3,28.970224,23.044632,1.0190802,28.743845,8.0645,112.45912,174.78233,7.918831,-66.02287,207.70073,0.03797941,24.02058,0.027,68,764.40656
7/20/2026 18:44,43974.953,44319.105,29.055134,22.740217,1.0189779,28.807419,7.5235524,106.018616,164.59892,7.8475804,-61.93638,206.23685,0.035599507,24.59344,0.045,68,764.40656
7/20/2026 19:14,44014.305,44051.023,28.867046,22.719887,1.0187293,28.633165,6.858948,97.15765,150.7385,7.745482,-55.966377,219.22112,0.038352817,24.956358,0.054,68,764.40656
7/20/2026 19:44,42440.58,42312.414,27.604021,23.562355,1.0177186,27.503069,6.276379,88.576836,137.37224,7.6240473,-48.80905,220.6564,0.037746046,25.158587,0.054,68,764.40656
7/20/2026 20:14,38857.363,38666.63,24.97461,25.735147,1.0157117,25.13331,5.767945,80.33164,124.56091,7.4830675,-40.46917,225.95883,0.038866047,25.258257,0.054,68,764.40656
7/20/2026 20:44,34138.707,34013.438,21.668371,29.292263,1.0132476,22.108736,5.322244,72.66151,112.68199,7.3341937,-31.638145,218.87779,0.039962776,25.192825,0.054,68,764.40656
7/20/2026 21:14,30164.205,30137.43,18.960629,33.15188,1.0112576,19.589329,4.827212,64.72975,100.40987,7.2145023,-24.533272,212.11624,0.03862873,25.046518,0.045,68,764.40656
7/20/2026 21:44,27764.783,27843.662,17.378448,36.01685,1.0101258,18.09838,4.535574,60.066673,93.211,7.1439624,-20.341873,146.78955,0.038947493,24.851683,0.054,68,764.40656
7/20/2026 22:14,25833.098,26022.266,16.13326,38.71003,1.0092562,16.914473,4.25566,55.73025,86.51963,7.102388,-17.867088,170.89368,0.03849721,24.6194,0.045,68,764.40656
7/20/2026 22:44,24451.256,24742.297,15.264133,40.897694,1.0086687,16.082493,4.1031556,53.24257,82.69377,7.0734186,-16.140938,147.77661,0.03906899,24.384142,0.036,68,764.40656
7/20/2026 23:14,22827.52,23234.465,14.247257,43.806774,1.0079871,15.102402,3.9597838,50.808052,78.9562,7.0563307,-15.115738,180.90248,0.04059698,24.082996,0.036,68,764.40656
7/20/2026 23:44,21965.207,22474.375,13.736768,45.526546,1.0076756,14.608343,3.7777839,48.096188,74.77825,7.022691,-13.11779,200.76276,0.038738236,23.81385,0.036,68,764.40656
7/21/2026 0:14,20300.42,20868.906,12.667867,49.260063,1.0069362,13.564789,3.692645,46.520977,72.3601,7.010735,-12.4025345,229.85458,0.039043214,23.57378,0.027,68,764.40656
7/21/2026 0:44,19827.432,20465.926,12.399999,50.435177,1.0067888,13.302853,3.5011861,43.874325,68.2683,6.9870186,-11.005402,227.9234,0.039186224,23.366602,0.027,68,764.40656
7/21/2026 1:14,18233.025,18938.568,11.393696,54.84553,1.006114,12.31007,3.1530206,39.054592,60.802242,6.9984975,-11.630058,209.7416,0.0377872,23.049515,0.018,68,764.40656
7/21/2026 1:44,37530.72,39762.582,25.693851,26.64484,1.0171492,25.845678,6.7102795,88.672775,138.27896,7.6689587,-50.935745,201.5257,0.5190647,22.061274,0.018,68,764.40656
7/21/2026 2:14,41058.58,43401.62,28.323229,24.355446,1.0191083,28.211054,6.840928,91.97855,143.40778,7.7913747,-58.135986,205.11151,0.33501497,22.173553,0.018,68,764.40656
7/21/2026 2:44,41420.125,43839,28.639349,24.142853,1.0193646,28.495352,6.8501263,92.16826,143.71825,7.8103657,-59.23748,208.12988,0.49368545,22.111187,0.018,68,764.40656
7/21/2026 3:14,41308.793,43848.508,28.641851,24.207922,1.0194055,28.501532,6.8325205,91.69521,143.01404,7.811264,-59.261322,211.40099,0.42365885,21.967527,0.009,68,764.40656
7/21/2026 3:44,41367.902,43965.348,28.72496,24.17333,1.0194848,28.577477,6.8081923,91.312996,142.43193,7.814482,-59.43775,206.61354,0.36168626,21.906837,0.018,68,764.40656
7/21/2026 4:14,41427.508,44028.582,28.770987,24.13855,1.0195196,28.61858,6.740845,90.434166,141.06105,7.812692,-59.332848,205.8363,0.22431526,21.906965,0.009,68,764.40656
7/21/2026 4:44,41483.66,44117.316,28.834557,24.105877,1.0195765,28.676256,6.6786995,89.58134,139.7381,7.8058867,-58.927536,209.25522,0.39537686,21.874523,0.018,68,764.40656
7/21/2026 5:14,41417.44,44086.99,28.811056,24.144417,1.019571,28.656542,6.5921483,88.33683,137.80672,7.799203,-58.526993,207.55292,0.19325984,21.829746,0.018,68,764.40656
7/21/2026 5:44,41374.582,44086.24,28.80891,24.169428,1.0195829,28.656055,6.2417293,83.56444,130.37221,7.772186,-56.934357,227.33212,0.21538557,21.779686,0.009,68,764.40656
7/21/2026 6:14,41298.87,44033.37,28.769442,24.213737,1.0195612,28.62169,6.244999,83.54203,130.34373,7.764229,-56.462288,227.07462,0.15354714,21.74866,0.009,68,764.40656
7/21/2026 6:44,41237.223,44033.746,28.767338,24.249935,1.0195794,28.621935,6.059697,80.954185,126.32101,7.7432175,-55.217743,223.07396,0.04053968,21.674942,0.009,68,764.40656
7/21/2026 7:14,40453.16,43269.145,28.209188,24.719948,1.0191784,28.124945,5.707151,75.882996,118.42345,7.678322,-51.403046,223.5794,0.035547193,21.592636,0.018,68,764.40656
7/21/2026 7:44,38986.58,41706.81,27.078672,25.649853,1.0183239,27.109425,5.225094,69.006966,107.69394,7.5661855,-44.836998,208.71162,0.037368733,21.5852,0.009,68,764.40656
7/21/2026 8:14,37563.2,40162.18,25.968237,26.621801,1.0174761,26.105417,4.843031,63.578873,99.218506,7.4784827,-39.70623,141.2201,0.0312194,21.61193,0.009,68,764.40656
7/21/2026 8:44,31645.871,33824.062,21.475597,31.599699,1.0140741,21.985641,4.50068,57.573116,89.84383,7.3376365,-31.461716,138.44012,0.03601219,21.628391,0.009,68,764.40656
7/21/2026 9:14,27706.469,29598.986,18.542582,36.092655,1.011853,19.23934,4.3266387,54.432514,84.939606,7.243212,-25.935173,166.04424,0.036358617,21.65243,0,68,764.40656
7/21/2026 9:44,25519.955,27222.484,16.916441,39.18502,1.0106074,17.694614,4.358891,54.39504,84.87123,7.191731,-22.92633,197.11972,0.035604056,21.725586,0.009,68,764.40656
7/21/2026 10:14,24340.662,25917.707,16.031425,41.083515,1.0099176,16.84651,4.5124674,56.114704,87.54195,7.16386,-21.300316,218.08148,0.04090727,21.814232,0,68,764.40656
7/21/2026 10:44,22050.693,23453.648,14.372806,45.350048,1.0086536,15.244872,4.6190147,56.94535,88.83006,7.132465,-19.464493,141.02936,0.040118273,21.868156,0.009,68,764.40656
7/21/2026 11:14,20604.684,21925.004,13.353114,48.532654,1.0078902,14.251252,4.6218643,56.62123,88.32747,7.1135273,-18.353462,214.95343,0.038233887,21.847128,0.009,68,764.40656
7/21/2026 11:44,20216.871,21527.096,13.088696,49.46364,1.0076994,13.992612,4.5447288,55.5557,86.66998,7.0899606,-16.970634,222.58759,0.041002054,21.813406,0.009,68,764.40656
7/21/2026 12:14,19559.045,20852.033,12.641369,51.12724,1.0073768,13.553822,4.1672244,50.751484,79.18275,7.070808,-15.845299,228.0426,0.036266733,21.75352,0.009,68,764.40656
7/21/2026 12:44,18793.723,20019.771,12.093185,53.209255,1.006954,13.012851,4.4810443,54.44072,84.93325,7.09055,-17.004013,223.11688,0.038342208,21.793615,0.018,68,764.40656
7/21/2026 13:14,37485.094,39710.016,25.656313,26.67727,1.0171194,25.81151,7.1472473,94.435356,147.26407,7.7242393,-54.178238,190.13405,0.85686517,22.06653,0.009,68,764.40656
7/21/2026 13:44,40278.082,42662.92,27.784342,24.827398,1.0187275,27.7309,7.3266644,98.02405,152.85866,7.8010626,-58.68435,185.60886,0.7924592,22.073322,0.018,67,764.40656
7/21/2026 14:14,40017.98,42368.473,27.571772,24.988768,1.0185608,27.539507,7.4195857,99.18401,154.66193,7.8274946,-60.23884,192.66605,0.8807206,22.095427,0.018,67,764.40656
7/21/2026 14:44,40558.227,42939.246,27.985321,24.65591,1.0188733,27.910511,7.404527,99.223694,154.72346,7.8454595,-61.29265,194.33499,1.0922251,22.096815,0.018,67,764.40656
7/21/2026 15:14,40835.062,43223.08,28.191587,24.488758,1.0190266,28.095001,7.4528093,100.00975,155.94646,7.872904,-62.904358,182.8146,1.1275356,22.1074,0.018,67,764.40656
7/21/2026 15:44,40859.24,43274.535,28.228067,24.47427,1.0190623,28.128448,7.398009,99.24253,154.75761,7.8588624,-62.07466,196.27571,1.0800911,22.077833,0.018,67,764.40656
7/21/2026 16:14,41135.137,43580.465,28.449844,24.310118,1.0192345,28.327303,7.262373,97.52145,152.07762,7.846151,-61.326027,194.4685,0.92582756,22.062267,0.009,67,764.40656
7/21/2026 16:44,41233.266,43696.074,28.53349,24.252262,1.0193013,28.402449,7.2417974,97.26955,151.68805,7.8636823,-62.351227,184.49783,0.8901002,22.049097,0.018,67,764.40656
7/21/2026 17:14,41247.426,43750.188,28.571487,24.243937,1.0193421,28.437622,7.168348,96.227684,150.07408,7.8492007,-61.49292,171.63277,0.7851273,22.004936,0.009,67,764.40656
7/21/2026 17:44,41325.613,43857.473,28.648676,24.198069,1.0194081,28.507357,7.0856757,95.113594,148.34319,7.8379917,-60.830116,186.74374,0.5557999,21.977528,0.018,67,764.40656
7/21/2026 18:14,41233.777,43745.234,28.567556,24.251963,1.0193421,28.434402,6.888633,92.452805,144.1894,7.828579,-60.281754,230.26466,0.71118647,21.994186,0.009,67,764.40656
7/21/2026 18:44,41180.99,43668.914,28.512772,24.28305,1.0192943,28.384794,6.845551,91.88329,143.29585,7.816869,-59.599876,219.36417,0.5094381,22.017145,0.018,67,764.40656
7/21/2026 19:14,40658.184,43074.055,28.082123,24.595295,1.0189556,27.998137,6.443756,86.34587,134.64986,7.7468557,-55.503845,211.83968,0.22628088,22.063538,0.018,67,764.40656
7/21/2026 19:44,40099.59,42433.668,27.619675,24.93791,1.0185902,27.581884,5.850244,78.26194,122.03228,7.6259384,-48.422813,207.24774,0.15931214,22.120136,0.018,67,764.40656
7/21/2026 20:14,39091.95,41332.98,26.825573,25.580715,1.0179783,26.866436,5.310287,70.76392,110.33335,7.501121,-41.10813,216.62712,0.056880467,22.16131,0.018,67,764.40656
7/21/2026 20:44,37330.113,39464.47,25.483019,26.788025,1.0169611,25.651905,4.8972697,64.76105,100.97265,7.3929877,-34.766197,222.3301,0.04060918,22.168432,0.018,67,764.40656
7/21/2026 21:14,34621.047,36645.203,23.47332,28.884165,1.0154585,23.819382,4.5254974,59.08486,92.13167,7.2849708,-28.424263,217.58557,0.03875056,22.108028,0.009,67,764.40656
7/21/2026 21:44,30256.357,32091.385,20.273666,33.050903,1.0130692,20.8594,4.172277,53.36974,83.23383,7.172489,-21.820068,207.98683,0.038147148,22.006214,0.009,67,764.40656
7/21/2026 22:14,26760.633,28440.238,17.751097,37.368324,1.011191,18.486155,3.8775423,48.78871,76.1015,7.089054,-16.92295,189.66199,0.03796577,21.907993,0.009,67,764.40656
7/21/2026 22:44,23576.713,25113.123,15.4872875,42.414734,1.0095117,16.32353,3.6011734,44.626247,69.62126,7.0229907,-13.046265,150.65671,0.03858192,21.79688,0.018,67,764.40656
7/21/2026 23:14,21388.758,22830.135,13.954096,46.753532,1.008381,14.839587,3.375297,41.376385,64.56175,6.9794164,-10.523796,151.02386,0.037400518,21.69451,0.009,67,764.40656
7/21/2026 23:44,19172.07,20507.719,12.412554,52.159206,1.0072441,13.330017,3.2186408,39.026707,60.905544,6.945948,-8.673668,121.212006,0.037200734,21.5901,0.009,67,764.40656
7/22/2026 0:14,17489.09,18739.11,11.251503,57.178505,1.0063885,12.180422,3.1265883,37.59628,58.680874,6.9244647,-7.4863434,124.79305,0.03572478,21.507515,0,67,764.40656
7/22/2026 0:44,15554.367,16699.652,9.927339,64.29063,1.0054132,10.8547735,3.1173081,37.12728,57.957817,6.907559,-6.5517426,108.60443,0.035926215,21.40935,0.009,67,764.40656
7/22/2026 1:14,13781.807,14824.384,8.724594,72.559425,1.0045273,9.635849,3.1382518,37.050865,57.84684,6.900934,-6.184578,99.043846,0.035624452,21.317877,0.009,67,764.40656
7/22/2026 1:44,12583.266,13554.928,7.918972,79.47063,1.0039359,8.810703,3.05008,35.792515,55.888382,6.874309,-4.7159195,175.72879,0.03575627,21.246948,0.009,67,764.40656
7/22/2026 2:14,23767.186,25506.867,15.748188,42.074818,1.0097996,16.579464,5.773773,71.16742,111.093,7.2627807,-27.060509,125.35095,0.05077861,21.429085,0,67,764.40656
7/22/2026 2:44,39114.676,41694.965,27.075298,25.565851,1.0182748,27.101728,6.7691298,89.681526,139.92017,7.690441,-52.142143,200.26207,0.058413915,21.759953,0.009,67,764.40656
7/22/2026 3:14,40222.188,42842.395,27.906153,24.8619,1.018894,27.847555,6.777942,90.29651,140.87108,7.7426615,-55.208206,199.75186,0.13135126,21.797949,0.009,67,764.40656
7/22/2026 3:44,40610.227,43269.297,28.215258,24.62434,1.0191324,28.125042,6.817709,90.96474,141.9171,7.7569556,-56.04267,202.53659,0.19480065,21.782516,0.018,67,764.40656
7/22/2026 4:14,40583.223,43249.492,28.200567,24.640724,1.0191238,28.11217,6.9031687,92.080215,143.6597,7.7722917,-56.939125,203.46642,0.3299323,21.772326,0.009,67,764.40656
7/22/2026 4:44,40552.312,43228.68,28.185043,24.659506,1.0191157,28.098642,6.8689966,91.59313,142.90295,7.7643595,-56.471825,206.28929,0.37084854,21.758543,0.009,67,764.40656
7/22/2026 5:14,40460.2,43134.426,28.116518,24.715647,1.019065,28.037376,6.788858,90.48113,141.16902,7.7668977,-56.619644,211.38669,0.26977143,21.754059,0.009,67,764.40656
7/22/2026 5:44,40768.47,43448.215,28.344778,24.52876,1.0192335,28.241339,6.693773,89.35968,139.41559,7.7716455,-56.900978,204.0863,0.17682429,21.77085,0.009,67,764.40656
7/22/2026 6:14,40667.15,43347.24,28.271221,24.589872,1.0191799,28.175705,6.479566,86.45062,134.87871,7.756531,-56.01406,236.27281,0.18910089,21.76291,0.009,67,764.40656
7/22/2026 6:44,40630.047,43325.168,28.254583,24.612328,1.0191724,28.161358,6.3506036,84.69145,132.13828,7.7326612,-54.61216,197.04343,0.04090068,21.743095,0.009,67,764.40656
7/22/2026 7:14,40639.31,43310.76,28.24498,24.606718,1.019158,28.151995,6.331401,84.47278,131.79128,7.7390046,-54.98886,242.84363,0.037640397,21.770628,0.009,67,764.40656
7/22/2026 7:44,40536.492,43157.88,28.13557,24.66913,1.0190618,28.052622,6.249281,83.39824,130.10452,7.7139435,-53.52974,235.29529,0.03696143,21.819923,0.009,67,764.40656
7/22/2026 8:14,39828.098,42387.59,27.578068,25.107903,1.0186346,27.551933,5.92075,78.7842,122.90275,7.6517105,-49.886703,245.31364,0.03632886,21.838583,0.009,67,764.40656
7/22/2026 8:44,39531.773,42071.13,27.349287,25.296108,1.0184611,27.346233,5.522625,73.39031,114.4881,7.6023088,-46.992302,232.87773,0.03295633,21.839863,0.009,67,764.40656
7/22/2026 9:14,38635.21,41091.867,26.643715,25.883125,1.0179188,26.709715,5.366765,71.065186,110.855545,7.547951,-43.8118,201.80225,0.032371785,21.869923,0.009,67,764.40656
7/22/2026 9:44,32978.14,34959.35,22.281204,30.323116,1.0145777,22.72358,4.896694,63.402573,98.87642,7.3244567,-30.732155,142.75551,0.03484222,22.032887,0.018,67,764.40656
7/22/2026 10:14,25374.998,26635.408,16.52783,39.40887,1.0101118,17.313017,4.898682,61.899136,96.45396,7.191163,-22.95494,131.63567,0.033363476,22.52247,0.018,67,764.40656
7/22/2026 10:44,19468.033,20223.816,12.237895,51.366257,1.0067502,13.145481,4.9417396,61.501896,95.7504,7.116315,-18.59188,132.01236,0.036705796,23.043404,0.027,67,764.40656
7/22/2026 11:14,18244.523,18779.85,11.292766,54.81097,1.0059205,12.206902,5.1390467,64.15599,99.8018,7.0733356,-16.088486,92.344284,0.035699125,23.507572,0.027,67,764.40656
7/22/2026 11:44,16805.414,17077.328,10.187746,59.504635,1.0049192,11.100264,5.4769807,68.76659,106.8477,7.0528674,-14.915466,156.9414,0.0408951,24.166359,0.045,67,764.40656
7/22/2026 12:14,15776.186,15833.876,9.387567,63.386677,1.0041486,10.292019,5.8527565,74.008804,114.855545,7.049986,-14.777184,197.70622,0.036728412,24.809242,0.054,67,764.40656
7/22/2026 12:44,15118.878,14961.759,8.830345,66.14247,1.0035307,9.725143,6.119536,78.173256,121.14516,7.051135,-14.882088,226.82666,0.03817398,25.549812,0.072,67,764.40656
7/22/2026 13:14,14655.908,14341.852,8.435887,68.231865,1.003071,9.322204,6.4406705,82.97177,128.42805,7.068602,-15.950203,255.32722,0.039114688,26.146486,0.081,67,764.40656
7/22/2026 13:44,14071.588,13555.623,7.9375415,71.065186,1.0024602,8.811154,6.7258034,87.706535,135.51811,7.064166,-15.730858,258.77475,0.038333617,26.992817,0.09,67,764.40656
7/22/2026 14:14,34398.805,32733.54,20.793446,29.070778,1.0118574,21.2768,8.156601,115.625755,178.39777,7.789647,-59.113503,219.52151,0.036228605,27.663528,0.108,67,764.40656
7/22/2026 14:44,43816.25,43378.3,28.387196,22.822582,1.0181978,28.195896,8.401678,119.85982,185.75464,7.9265256,-66.81442,202.64626,0.038810696,25.52859,0.063,67,764.40656
7/22/2026 15:14,43189.88,42612.996,27.832779,23.153572,1.0177268,27.698448,8.623844,123.02224,190.5878,7.940707,-67.69657,195.8561,0.39614305,25.708786,0.063,67,764.40656
7/22/2026 15:44,42317.316,41062.344,26.721266,23.630987,1.0166217,26.690523,8.6704035,124.793396,192.98158,7.9476476,-68.31169,193.51483,0.35894448,26.600136,0.063,67,764.40656
7/22/2026 16:14,42730.477,41408.3,26.973055,23.4025,1.0167887,26.915396,8.910405,128.58556,198.81607,7.9717946,-69.766045,197.3772,0.79927,26.67174,0.081,67,764.40656
7/22/2026 16:44,43325.76,42327.105,27.633738,23.080956,1.0174181,27.512619,9.092596,130.73257,202.31815,7.984889,-70.44315,212.98886,0.93534166,26.235275,0.072,67,764.40656
7/22/2026 17:14,43479.992,42908.8,28.04798,22.999084,1.0178922,27.89072,9.093599,129.85548,201.1786,8.00839,-71.71154,198.26889,0.7861649,25.696949,0.072,67,764.40656
7/22/2026 17:44,43308.098,43327.91,28.339533,23.09037,1.0183262,28.163141,8.722399,123.22473,191.174,7.984578,-70.12844,198.94122,0.6708018,24.97606,0.054,67,764.40656
7/22/2026 18:14,43201.676,43377.355,28.37167,23.147251,1.0184057,28.19528,8.60968,121.25932,188.19203,7.980894,-69.86618,218.84442,0.7151505,24.787956,0.045,67,764.40656
7/22/2026 18:44,43251.477,43433.95,28.412762,23.120598,1.0184389,28.232067,8.514267,119.92727,186.12746,7.9732704,-69.413185,221.72928,0.6874392,24.780045,0.045,67,764.40656
7/22/2026 19:14,43271.383,43334.13,28.342999,23.109962,1.0183442,28.167185,8.3472,117.820625,182.80797,7.9656963,-68.99834,238.595,0.71185076,24.924189,0.045,67,764.40656
7/22/2026 19:44,43357.29,43299.617,28.32081,23.064173,1.0182843,28.14475,8.173576,115.645744,179.38358,7.9487863,-68.03036,219.55966,0.74733865,25.069733,0.045,67,764.40656
7/22/2026 20:14,43466.38,43095.027,28.179136,23.006287,1.0180645,28.011768,7.212944,102.6432,159.09706,7.8460193,-62.02221,239.46286,0.48643482,25.451153,0.054,67,764.40656
7/22/2026 20:44,43432.9,42526.52,27.776875,23.024021,1.0175618,27.642237,6.317926,90.727425,140.4414,7.700267,-53.49636,244.8988,0.36058462,26.115883,0.063,67,764.40656
7/22/2026 21:14,42150.844,40966.83,26.650831,23.724318,1.0165955,26.628439,5.7098837,82.02882,126.872986,7.5728173,-45.981407,246.49142,0.2137119,26.513184,0.072,67,764.40656
7/22/2026 21:44,39577.652,38438.49,24.82958,25.266785,1.0152174,24.985016,5.1124544,72.743805,112.502975,7.438148,-37.970543,236.04393,0.14826182,26.551624,0.081,67,764.40656
7/22/2026 22:14,34661.387,33689.316,21.455118,28.850548,1.0127013,21.898056,4.7966685,66.91891,103.50319,7.317666,-30.794144,242.09976,0.14867842,26.510681,0.081,67,764.40656
7/22/2026 22:44,30397.703,29652.969,18.636969,32.89722,1.0106496,19.274431,4.3059754,58.927452,91.17963,7.198719,-23.698807,232.8968,0.10213647,26.31492,0.072,67,764.40656
7/22/2026 23:14,26938.352,26407.924,16.40668,37.121796,1.0090574,17.165152,3.855264,51.86145,80.289314,7.116347,-18.782616,209.57947,0.040437885,26.05162,0.063,67,764.40656
7/22/2026 23:44,24356.111,24007.248,14.778025,41.057457,1.0079219,15.604712,3.517994,46.652218,72.2668,7.0628443,-15.587807,126.7004,0.039385956,25.760815,0.063,67,764.40656
7/23/2026 0:14,22290.781,22123.674,13.513158,44.861595,1.0070778,14.380388,3.381814,44.239403,68.57858,7.0322075,-13.751984,170.56943,0.062226914,25.395462,0.054,67,764.40656
7/23/2026 0:44,20712.979,20687.084,12.556711,48.278908,1.006453,13.446605,3.3063226,42.76538,66.33594,7.00445,-12.09259,138.64993,0.10196589,25.065535,0.054,67,764.40656
7/23/2026 1:14,19318.107,19450.172,11.738671,51.764904,1.0059547,12.6426115,3.3514402,42.822742,66.477974,7.0128803,-12.574196,205.55972,0.22403446,24.644506,0.045,67,764.40656
7/23/2026 1:44,18491.354,18780.229,11.296919,54.07933,1.0057436,12.207149,3.4149873,43.17196,67.07597,7.0081964,-12.278557,237.84637,0.0809433,24.194666,0.045,67,764.40656
7/23/2026 2:14,17050.799,17456.533,10.431858,58.648277,1.0052025,11.346746,3.492337,43.603237,67.79651,7.0223093,-13.093948,257.1106,0.15313289,23.78311,0.027,67,764.40656
7/23/2026 2:44,16791.648,17238.797,10.289872,59.553413,1.0051326,11.205218,3.2343957,40.24565,62.59171,6.996877,-11.563301,251.91785,0.15887007,23.641962,0.027,67,764.40656
7/23/2026 3:14,15185.837,15736.515,9.318253,65.85083,1.0045238,10.228735,3.2352505,39.683796,61.769207,7.010294,-12.359619,264.101,0.08157556,23.167873,0.027,67,764.40656
7/23/2026 3:44,19930.123,20976.215,12.729379,50.175304,1.0072857,13.63454,3.3976908,41.895218,65.29747,7.030099,-13.489723,231.22311,0.22022116,22.388985,0.018,67,764.40656
7/23/2026 4:14,40778.332,43366.203,28.288486,24.522827,1.0191627,28.188032,5.666617,75.76624,118.1877,7.6737366,-51.1837,226.76944,0.22033265,21.875666,0.009,67,764.40656
7/23/2026 4:44,41140,43812.727,28.61077,24.307243,1.0194255,28.478273,5.914429,79.128876,123.446884,7.7128468,-53.462982,223.06442,0.1498032,21.806103,0.009,67,764.40656
7/23/2026 5:14,41144.76,43868.844,28.649767,24.30443,1.0194705,28.51475,5.9332223,79.316345,123.750694,7.7271886,-54.29268,227.90433,0.16188622,21.748898,0.009,67,764.40656
7/23/2026 5:44,41170.066,43920.93,28.686749,24.289492,1.0195061,28.548605,5.9416537,79.405754,123.895775,7.7321615,-54.57878,226.24493,0.08356518,21.720825,0.009,67,764.40656
7/23/2026 6:14,41168.504,43903.92,28.674929,24.290415,1.0194924,28.53755,5.9180408,79.1092,123.42967,7.7330027,-54.631233,236.27281,0.03727555,21.737974,0.009,67,764.40656
7/23/2026 6:44,41212.766,43974.7,28.725567,24.264326,1.0195379,28.583553,5.9882197,80.03295,124.8762,7.7390294,-54.979324,239.35794,0.07317034,21.711658,0,67,764.40656
7/23/2026 7:14,41170.418,43918.55,28.685118,24.289284,1.019504,28.547058,5.931373,79.272064,123.68657,7.738746,-54.96502,261.34015,0.03581146,21.723907,0.009,67,764.40656
7/23/2026 7:44,41220.418,43968.59,28.72163,24.259823,1.0195307,28.579584,5.8611026,78.35476,122.254585,7.7240806,-54.106712,255.59903,0.03376185,21.727589,0,67,764.40656
7/23/2026 8:14,41132.668,43864.01,28.64596,24.311577,1.01947,28.511608,5.8796296,78.58517,122.61169,7.7181807,-53.76339,257.48254,0.035017554,21.739872,0.018,67,764.40656
7/23/2026 8:44,41134.887,43821.51,28.616648,24.310265,1.0194342,28.483984,5.559765,74.364914,116.017715,7.6853848,-51.851273,255.09357,0.033403546,21.790136,0.009,67,764.40656
7/23/2026 9:14,40715.605,43316.914,28.252092,24.560608,1.0191405,28.155994,5.33089,71.236725,111.125656,7.6456385,-49.533844,228.19519,0.032647762,21.855864,0.009,67,764.40656
7/23/2026 9:44,39954.5,42416.824,27.602839,25.02847,1.0186206,27.570936,5.0632305,67.53232,105.32915,7.591893,-46.401024,229.20609,0.032725908,21.9607,0.018,67,764.40656
7/23/2026 10:14,37962.004,40146.77,25.971806,26.342129,1.0173354,26.0954,4.9049883,65.02693,101.390114,7.5052104,-41.34655,182.99579,0.03008985,22.150814,0.018,67,764.40656
7/23/2026 10:44,34946.727,36764.508,23.56465,28.614983,1.0154469,23.89693,4.7428594,62.297855,97.09322,7.397455,-35.057068,160.84671,0.032090336,22.411312,0.018,67,764.40656
7/23/2026 11:14,31077.27,32456.549,20.541706,32.17786,1.0130696,21.096756,4.7369184,61.54483,95.86113,7.302375,-29.511452,221.50516,0.034597937,22.775066,0.027,67,764.40656
7/23/2026 11:44,28316.072,29354.172,18.396942,35.31563,1.0113552,19.080212,4.9099126,63.435898,98.7435,7.223556,-24.909973,239.00032,0.038114447,23.148449,0.027,67,764.40656
7/23/2026 12:14,28301.482,29166.344,18.271553,35.33384,1.011181,18.958124,5.036849,65.3821,101.719894,7.2245054,-24.991035,259.3136,0.037594575,23.447502,0.045,67,764.40656
7/23/2026 12:44,28486.982,29138.639,18.25723,35.103752,1.0110672,18.940117,5.1532717,67.34935,104.70955,7.208925,-24.104118,222.56851,0.039189324,23.829113,0.054,67,764.40656
7/23/2026 13:14,28426.494,28911.818,18.104504,35.17845,1.0108727,18.792683,5.2047586,68.31965,106.16202,7.2283087,-25.27237,225.45815,0.03590319,24.121136,0.072,67,764.40656
7/23/2026 13:44,29082.07,29330.592,18.397835,34.38545,1.0109727,19.064886,5.2317605,69.325676,107.63885,7.226554,-25.205612,212.57877,0.034374423,24.556381,0.081,67,764.40656
7/23/2026 14:14,29959.182,30110.092,18.938402,33.37875,1.011328,19.57156,5.346694,71.29624,110.66085,7.2430573,-26.197433,249.59088,0.032528926,24.737593,0.099,67,764.40656
7/23/2026 14:44,30295.22,30250.055,19.03897,33.008507,1.0113074,19.662537,5.5323772,74.26008,115.186455,7.238205,-25.939941,244.31705,0.02967966,25.07817,0.108,67,764.40656
7/23/2026 15:14,30464.809,29172.29,18.311766,32.82476,1.0101079,18.961987,8.427526,117.131874,180.85725,7.817305,-60.6966,213.95683,0.5288052,27.319708,0.099,67,764.40656
7/23/2026 15:44,42520.52,42834.836,27.972916,23.518057,1.0181557,27.842644,8.763815,122.782234,190.61723,8.04817,-73.804855,191.81729,0.25074515,24.61582,0.063,67,764.40656
7/23/2026 16:14,43247.207,44335.863,29.046331,23.12288,1.0192255,28.818312,8.604956,119.40615,185.68149,8.018804,-71.84982,197.70145,0.1346296,23.714409,0.036,67,764.40656
7/23/2026 16:44,43120.395,44458.605,29.12848,23.190882,1.0193701,28.898092,8.3834,115.79406,180.15701,7.9922323,-70.21427,209.7416,0.23700082,23.424074,0.027,67,764.40656
7/23/2026 17:14,43041.914,44437.137,29.110989,23.233168,1.019376,28.88414,8.348847,115.16698,179.20268,7.992505,-70.21427,220.04605,0.336892,23.356146,0.018,67,764.40656
7/23/2026 17:44,42973.07,44478.613,29.137829,23.270388,1.0194327,28.911098,8.287638,114.081635,177.55359,7.9809527,-69.503784,225.24356,0.2898398,23.227818,0.027,67,764.40656
7/23/2026 18:14,42868.188,44433.426,29.102861,23.327322,1.0194265,28.881727,8.223003,113.02464,175.93048,7.986182,-69.794655,230.31711,0.18963526,23.155678,0.027,67,764.40656
7/23/2026 18:44,42836.324,44446.773,29.11116,23.344673,1.0194476,28.890404,8.174371,112.256775,174.75114,7.9772363,-69.25583,218.8635,0.21542358,23.102974,0.018,67,764.40656
7/23/2026 19:14,42687.72,44403.645,29.076162,23.425941,1.0194565,28.862368,7.9214263,108.51823,168.96797,7.949607,-67.601204,237.2837,0.26084703,22.97676,0.027,67,764.40656
7/23/2026 19:44,42725.895,44431.715,29.097015,23.40501,1.0194687,28.880615,7.743229,106.11471,165.22185,7.938531,-66.952705,252.33746,0.40671426,22.98995,0.018,67,764.40656
7/23/2026 20:14,42694.59,44397.582,29.072145,23.42217,1.0194492,28.858429,7.6728544,105.138504,163.70137,7.936903,-66.85734,259.86194,0.3944949,22.991743,0.018,67,764.40656
7/23/2026 20:44,42809.117,44473.88,29.129211,23.35951,1.0194789,28.90802,7.528579,103.28405,160.80064,7.928855,-66.394806,250.5207,0.3603863,23.04019,0.027,67,764.40656
7/23/2026 21:14,42806.176,44449.188,29.11186,23.361115,1.0194589,28.891972,7.069482,97.01834,151.03929,7.8880773,-64.00108,247.38788,0.15324418,23.06472,0.009,67,764.40656
7/23/2026 21:44,42722.43,44274.207,28.986866,23.406908,1.0193362,28.778236,6.6046,90.734,141.23134,7.8203034,-60.0338,245.54253,0.21578062,23.164963,0.027,67,764.40656
7/23/2026 22:14,40067.254,41141.258,26.723963,24.958036,1.0174958,26.741817,6.23847,85.29705,132.65959,7.7162075,-53.99227,252.76184,0.13469349,23.633232,0.036,67,764.40656
7/23/2026 22:44,37673.09,38420.375,24.775988,26.544146,1.0159292,24.973244,5.7626686,78.39595,121.850426,7.5915184,-46.696663,243.85928,0.091188535,23.981667,0.036,67,764.40656
7/23/2026 23:14,34440.37,35026.9,22.367441,29.035692,1.0140765,22.767483,5.313513,71.47338,111.06215,7.4587016,-38.876534,251.33609,0.06778382,24.123297,0.036,67,764.40656
7/23/2026 23:44,32137.97,32641.246,20.692518,31.11584,1.0127976,21.21681,4.8562217,64.7787,100.64654,7.335101,-31.585693,142.58862,0.056334242,24.192755,0.036,67,764.40656
7/24/2026 0:14,29700.666,30249.268,19.026691,33.669277,1.011585,19.662024,4.5759234,60.30704,93.723236,7.259105,-27.08435,149.74594,0.06382346,24.05047,0.036,67,764.40656
7/24/2026 0:44,27577.541,28205.424,17.61595,36.26139,1.0105838,18.333527,4.3557115,56.722443,88.18679,7.1966305,-23.379326,156.19754,0.07325832,23.8345,0.036,67,764.40656
7/24/2026 1:14,25948.793,26686.03,16.574448,38.537437,1.0098765,17.345919,4.178817,53.820694,83.7173,7.1511292,-20.67566,233.28305,0.09025128,23.553596,0.027,67,764.40656
7/24/2026 1:44,24470.625,25300.736,15.631342,40.865322,1.0092396,16.445478,3.963711,50.524303,78.627235,7.1210814,-18.88752,242.81024,0.080713645,23.28221,0.018,67,764.40656
7/24/2026 2:14,21966.314,22928.617,14.031435,45.52425,1.0081607,14.903602,3.9891167,49.94043,77.78267,7.092724,-17.18998,260.35785,0.039693464,22.80264,0.018,67,764.40656
7/24/2026 2:44,21631.33,22677.123,13.861365,46.229244,1.0080881,14.74013,3.6297376,45.21516,70.448814,7.0655823,-15.583038,266.1562,0.04377203,22.585516,0.018,67,764.40656
7/24/2026 3:14,20695.06,21713.904,13.219695,48.32071,1.0076159,14.1140375,3.7380407,46.355564,72.23075,7.0592875,-15.211105,282.23038,0.038835544,22.54339,0.009,67,764.40656
7/24/2026 3:44,20511.861,21545.15,13.10718,48.75228,1.007545,14.004349,3.0927937,38.29022,59.66883,7.025636,-13.232231,280.2086,0.040438473,22.489044,0,67,764.40656
7/24/2026 4:14,17523.62,18685.691,11.218632,57.065838,1.0063068,12.1456995,3.2722921,39.516716,61.65513,7.0557566,-14.96315,230.94177,0.042491853,21.743952,0,67,764.40656
7/24/2026 4:44,36880.535,39856.367,25.734062,27.114574,1.0174347,25.90664,5.3865466,69.94647,109.24465,7.512727,-41.63742,212.85057,0.2802452,21.090897,0.009,67,764.40656
7/24/2026 5:14,40839.477,43914.684,28.669512,24.486113,1.0195962,28.544544,5.9637284,79.1348,123.54863,7.7247453,-54.073334,225.47244,0.26830176,21.333673,0.009,67,764.40656
7/24/2026 5:44,41236.13,44310.99,28.95889,24.25058,1.0198069,28.802141,6.196276,82.40971,128.65489,7.7622995,-56.27632,214.36691,0.040154528,21.366877,0.009,67,764.40656
7/24/2026 6:14,41229.074,44303.082,28.953161,24.254728,1.0198025,28.797003,6.430914,85.52792,133.52284,7.795229,-58.202744,231.43768,0.07151423,21.36723,0.009,67,764.40656
7/24/2026 6:44,41195.492,44331.418,28.971369,24.2745,1.0198351,28.815422,6.379833,84.74851,132.32071,7.7878857,-57.759285,234.2558,0.03786919,21.296427,0.009,67,764.40656
7/24/2026 7:14,41219.883,44306.25,28.954979,24.260138,1.0198076,28.799063,6.469907,86.02512,134.3021,7.799761,-58.465004,243.98804,0.036871478,21.352884,0.009,67,764.40656
7/24/2026 7:44,41326.477,44341.332,28.983463,24.197563,1.019806,28.821867,6.5969715,87.86851,137.16115,7.8068805,-58.898926,243.19649,0.0512249,21.440212,0,67,764.40656
7/24/2026 8:14,41347.695,44278.54,28.9409,24.185144,1.0197487,28.78105,6.688799,89.22195,139.25313,7.8158455,-59.44252,262.08878,0.036359828,21.534498,0.009,67,764.40656
7/24/2026 8:44,41446.35,44345.387,28.990995,24.127577,1.0197752,28.824501,6.512678,86.96543,135.72206,7.800466,-58.550835,113.18684,0.035283934,21.57728,0.009,67,764.40656
7/24/2026 9:14,41564.47,44312.77,28.972988,24.059011,1.0197145,28.8033,6.64314,88.98048,138.82799,7.7988124,-58.488846,252.79045,0.03271394,21.752851,0.018,67,764.40656
7/24/2026 9:44,41773.613,44293.426,28.967455,23.938557,1.0196375,28.790728,6.543298,88.06611,137.34183,7.7774897,-57.291985,256.9437,0.04000042,22.021517,0.009,67,764.40656
7/24/2026 10:14,41419.387,43735.46,28.56753,24.143284,1.0192788,28.428051,6.315907,85.12265,132.70671,7.732433,-54.688454,266.7713,0.036349826,22.227411,0.009,67,764.40656
7/24/2026 10:44,40797.234,43032.31,28.058212,24.511465,1.0188787,27.971,6.052708,81.41198,126.91066,7.665388,-50.764084,254.52136,0.03167573,22.280657,0.009,67,764.40656
7/24/2026 11:14,37169.31,38804.79,25.026031,26.903917,1.0164473,25.223112,5.5504065,74.03355,115.30973,7.5333695,-43.091774,171.08441,0.03393129,22.793386,0.027,67,764.40656
7/24/2026 11:44,35076.367,36379.457,23.306467,28.509224,1.0150595,23.646648,5.25591,69.8264,108.69534,7.393992,-34.93786,148.19623,0.034448512,23.12464,0.027,67,764.40656
7/24/2026 12:14,32197.553,32999.105,20.93609,31.058262,1.0131092,21.449419,5.14371,68.142715,105.962105,7.274886,-27.985573,162.45842,0.03467419,23.728266,0.036,67,764.40656
7/24/2026 12:44,31258.277,31758.07,20.075943,31.991526,1.0123388,20.642746,5.25643,69.84947,108.5283,7.2572966,-26.988983,162.4632,0.036965463,24.176044,0.054,67,764.40656
7/24/2026 13:14,30255.85,30521.107,19.220932,33.05146,1.0115939,19.83872,5.3653145,71.415565,110.886086,7.214716,-24.504662,238.50919,0.036658894,24.544975,0.054,67,764.40656
7/24/2026 13:44,30609.523,30738.238,19.374247,32.66957,1.011643,19.979855,5.6022506,74.9471,116.31796,7.221479,-24.924278,259.81903,0.039366804,24.78076,0.072,67,764.40656
7/24/2026 14:14,30171.871,30066.959,18.913239,33.14345,1.0111835,19.543524,5.725644,76.94093,119.320786,7.208117,-24.166107,275.5022,0.037722237,25.182686,0.081,67,764.40656
7/24/2026 14:44,30460.469,30155.229,18.977793,32.829437,1.0111327,19.600899,5.779552,78.16898,121.14328,7.211983,-24.4236,250.36334,0.036818087,25.529963,0.099,67,764.40656
7/24/2026 15:14,30580.547,30128.803,18.961866,32.700527,1.0110472,19.583721,5.712526,77.60088,120.202156,7.2238383,-25.148392,259.7189,0.037843384,25.785013,0.108,67,764.40656
7/24/2026 15:44,30928.271,30347.635,19.115524,32.33288,1.0110995,19.725962,5.8636603,80.02481,123.90291,7.2041116,-23.994446,208.37784,0.038006473,26.00172,0.126,67,764.40656
7/24/2026 16:14,35235.89,32923.797,20.93369,28.380154,1.011647,21.400467,8.80044,126.99984,195.49783,7.932914,-67.90161,196.08975,0.06568641,28.676735,0.126,67,764.40656
7/24/2026 16:44,41834.66,39964.35,25.93845,23.903624,1.0157723,25.97683,10.970098,159.47313,246.16441,8.150606,-80.62363,207.9773,0.22187619,27.450232,0.108,67,764.40656
7/24/2026 17:14,42989.53,41296.414,26.89851,23.261477,1.0165864,26.842669,11.296629,164.26445,253.72685,8.202176,-83.618164,192.73282,0.41879818,27.146557,0.099,67,764.40656
7/24/2026 17:44,44027.047,42774.97,27.96463,22.71331,1.0175759,27.80373,11.904549,172.34941,266.56006,8.241337,-85.77824,178.27034,0.64238966,26.532524,0.081,67,764.40656
7/24/2026 18:14,44374.863,43639.266,28.584337,22.53528,1.0182397,28.365522,11.989638,172.27689,266.80127,8.23909,-85.458755,215.95477,1.0871469,25.88253,0.072,67,764.40656
7/24/2026 18:44,44382.65,44032.145,28.862686,22.531328,1.0185891,28.620893,11.320365,161.62483,250.53554,8.196871,-82.821846,222.4779,1.2505293,25.416763,0.063,67,764.40656
7/24/2026 19:14,44029.6,44103.25,28.904295,22.711992,1.0187703,28.667112,10.906165,154.40282,239.57347,8.171768,-81.19583,225.52014,1.4391651,24.912569,0.054,67,764.40656
7/24/2026 19:44,43693.31,44135.887,28.918495,22.886799,1.0189095,28.688328,10.408437,146.2558,227.11914,8.143133,-79.38385,228.9772,1.4683442,24.474995,0.045,67,764.40656
7/24/2026 20:14,43309.816,44141.25,28.911587,23.089453,1.0190378,28.691813,9.743268,135.80768,211.07292,8.100624,-76.75171,249.95328,1.5089643,24.013838,0.036,67,764.40656
7/24/2026 20:44,43382.242,44181.207,28.941727,23.050907,1.0190493,28.717785,9.515803,132.7514,206.30809,8.090516,-76.1652,254.27818,1.536744,24.053204,0.036,67,764.40656
7/24/2026 21:14,43382.477,44128.5,28.904707,23.050781,1.0190035,28.683525,9.413993,131.44478,204.25455,8.087179,-75.984,261.19708,1.4287628,24.114887,0.036,67,764.40656
7/24/2026 21:44,43615.977,44121.043,28.90595,22.927378,1.0189216,28.678679,9.432797,132.36584,205.57794,8.088041,-76.10798,256.81018,1.2662276,24.400667,0.036,67,764.40656
7/24/2026 22:14,43658.914,44028.043,28.841637,22.904829,1.0188264,28.618227,8.823046,124.10923,192.69707,8.043077,-73.49014,262.21277,1.067928,24.56105,0.045,67,764.40656
7/24/2026 22:44,43607.707,43781.08,28.666334,22.931726,1.0186263,28.4577,8.547645,120.59798,187.16393,8.014314,-71.845055,261.47842,0.8016642,24.792671,0.054,67,764.40656
7/24/2026 23:14,42589.836,42468.637,27.717379,23.47978,1.0178066,27.604614,7.984271,112.73471,174.84137,7.9549174,-68.41183,260.79654,0.57195115,25.14942,0.054,67,764.40656
7/24/2026 23:44,40575.08,40293.062,26.145872,24.64567,1.0165603,26.19049,7.198912,101.11976,156.76166,7.83176,-61.159134,257.58267,0.5777931,25.36645,0.054,67,764.40656
7/25/2026 0:14,36959.37,36762.184,23.614834,27.056738,1.0146836,23.895418,6.3490005,87.77787,136.10095,7.6393156,-49.734116,270.00903,0.51082206,25.280827,0.063,67,764.40656
7/25/2026 0:44,34030.69,33985.76,21.64731,29.385239,1.0132672,22.090746,5.6276875,76.656204,118.90518,7.4564524,-38.866997,264.58264,0.5557503,25.069218,0.054,67,764.40656
7/25/2026 1:14,31720.162,31821.225,20.128239,31.52569,1.0121939,20.683796,5.113396,68.76593,106.71409,7.3410406,-32.00531,237.9942,0.42550394,24.833717,0.054,67,764.40656
7/25/2026 1:44,30033.041,30289.664,19.060694,33.29666,1.0114704,19.688282,4.721393,62.800014,97.50674,7.264212,-27.432442,124.35913,0.5388986,24.556421,0.045,67,764.40656
7/25/2026 2:14,28179.027,28614.752,17.90111,35.487385,1.0106976,18.599588,4.4971256,59.04851,91.74189,7.2042937,-23.860931,214.9105,0.4227297,24.20276,0.036,67,764.40656
7/25/2026 2:44,27016.898,27648.182,17.233915,37.01387,1.0103047,17.97132,4.2263217,54.887363,85.33835,7.1468716,-20.442009,222.48746,0.44253826,23.804567,0.027,67,764.40656
7/25/2026 3:14,25391.879,26193.836,16.23798,39.38267,1.0096653,17.025993,4.088952,52.41247,81.54928,7.1369047,-19.826889,258.4648,0.42279968,23.397057,0.027,67,764.40656
7/25/2026 3:44,24518.842,25540.473,15.789498,40.78496,1.0094568,16.601307,4.0625963,51.476635,80.16126,7.1105423,-18.24379,246.74893,0.3505799,22.905733,0.018,67,764.40656
7/25/2026 4:14,23325.16,24462.082,15.057706,42.87216,1.0089935,15.900353,3.9777129,49.87658,77.71414,7.1100864,-18.196106,233.56915,0.2530051,22.566654,0.018,67,764.40656
7/25/2026 4:44,22225.281,23585.023,14.462095,44.993805,1.0086929,15.330265,3.4969618,43.2258,67.41634,7.1059012,-17.914772,215.6496,0.21096756,21.981531,0.009,66,764.40656
7/25/2026 5:14,33779.49,36140.895,23.10421,29.603764,1.0153178,23.491581,4.6323934,59.76962,93.2788,7.3661532,-33.125877,206.2273,0.6396476,21.579117,0.009,66,764.40656
7/25/2026 5:44,41253.613,44289.39,28.944675,24.240301,1.0197843,28.788105,6.0960712,81.13569,126.657104,7.7491145,-55.513382,213.42278,0.61854124,21.411304,0.009,66,764.40656
7/25/2026 6:14,41311.203,44413.324,29.032598,24.206509,1.0198691,28.868662,6.4253664,85.456474,133.41635,7.7940063,-58.12645,212.88872,0.5655885,21.34311,0.009,66,764.40656
7/25/2026 6:44,41363.82,44473.87,29.076536,24.175716,1.0199037,28.908016,6.511109,86.61229,135.22176,7.8011947,-58.546066,224.53308,0.5610979,21.33875,0,66,764.40656
7/25/2026 7:14,41352.445,44420.3,29.039068,24.182367,1.0198632,28.873198,6.7464476,89.79714,140.18408,7.8306274,-60.276985,239.34842,0.64619255,21.384071,0.009,66,764.40656
7/25/2026 7:44,41492.63,44480.785,29.08646,24.100666,1.0198728,28.912512,6.923068,92.33886,144.12961,7.8464155,-61.221123,241.3845,0.44517326,21.4828,0.009,66,764.40656
7/25/2026 8:14,41557.293,44454.33,29.070705,24.063166,1.0198327,28.895313,7.143515,95.45225,148.96442,7.867382,-62.470436,252.00366,0.5736503,21.58802,0.009,66,764.40656
7/25/2026 8:44,41711.07,44511.082,29.115973,23.974451,1.0198352,28.932205,7.3436522,98.36308,153.47815,7.882504,-63.381195,249.98665,0.4957915,21.706497,0.009,66,764.40656
7/25/2026 9:14,41742.44,44443.777,29.070541,23.956432,1.0197707,28.888456,7.4303117,99.69753,155.53258,7.889502,-63.815117,265.2788,0.36804032,21.81775,0.009,66,764.40656
7/25/2026 9:44,41886.402,44490.977,29.108711,23.874096,1.019768,28.919134,7.526282,101.22142,157.8801,7.8877673,-63.738823,265.35034,0.08892251,21.934996,0.009,66,764.40656
7/25/2026 10:14,42171.24,44480.12,29.111645,23.712845,1.0196756,28.912079,7.6791124,103.925354,162.00562,7.8907957,-63.991547,265.398,0.37780714,22.282293,0.018,66,764.40656
7/25/2026 10:44,42358.76,44424.145,29.07932,23.607866,1.0195732,28.875694,7.577003,103.045616,160.55853,7.866857,-62.646866,269.19366,0.12679197,22.565847,0.018,66,764.40656
7/25/2026 11:14,41747.17,43598.773,28.48393,23.953718,1.0190643,28.339203,7.230697,98.365974,153.21268,7.8128,-59.514046,256.28088,0.0721015,22.776484,0.027,66,764.40656
7/25/2026 11:44,40198.746,41663.42,27.09011,24.876398,1.0179048,27.081224,6.8426023,92.97069,144.71422,7.7102184,-53.55358,250.0105,0.45257372,23.159426,0.027,66,764.40656
7/25/2026 12:14,38306.863,39493.156,25.53315,26.104982,1.0166552,25.670551,6.65234,90.00557,140.03343,7.6691666,-51.1837,224.88116,0.036272924,23.427332,0.027,66,764.40656
7/25/2026 12:44,34652.98,35321.9,22.573921,28.857546,1.0142639,22.959234,6.1555405,82.72915,128.57924,7.4727707,-39.691925,177.31189,0.043236874,24.008495,0.036,66,764.40656
7/25/2026 13:14,34139.086,34636.69,22.094143,29.291939,1.013836,22.51385,6.1066957,82.19552,127.69415,7.3972387,-35.262108,225.08621,0.040267058,24.247831,0.036,66,764.40656
7/25/2026 13:44,32203.322,32330.182,20.483002,31.052696,1.0124713,21.014618,6.1526275,82.85189,128.58286,7.342884,-32.110214,238.80959,0.075118236,24.794561,0.036,66,764.40656
7/25/2026 14:14,31217.486,31042.611,19.591305,32.03333,1.0116599,20.177698,6.26122,84.62947,131.21571,7.3144646,-30.479431,273.2754,0.09524667,25.29494,0.054,66,764.40656
7/25/2026 14:44,29637.48,29215.795,18.330275,33.74106,1.0105827,18.990267,6.425489,86.93013,134.66083,7.2847586,-28.762817,275.3496,0.082325764,25.755682,0.063,66,764.40656
7/25/2026 15:14,29185.172,28581.084,17.895674,34.263973,1.0101557,18.577703,6.585452,89.42175,138.42288,7.278896,-28.448105,282.8455,0.1154873,26.10659,0.081,66,764.40656
7/25/2026 15:44,28957.459,28246.594,17.667152,34.533417,1.0099232,18.360287,6.6939583,91.112,140.97867,7.272707,-28.100014,270.79105,0.2100158,26.317612,0.081,66,764.40656
7/25/2026 16:14,27880.1,26951.854,16.782694,35.867878,1.0091194,17.518705,7.133896,97.43538,150.61086,7.325325,-31.280518,283.30325,0.0931672,26.803186,0.09,66,764.40656
7/25/2026 16:44,41528.047,40749.414,26.485779,24.080112,1.0166268,26.48712,8.922422,126.94655,196.55266,8.235394,-85.27279,188.72739,0.30379516,26.000408,0.081,66,764.40656
7/25/2026 17:14,44098.008,44091.36,28.897629,22.676762,1.0187371,28.659384,9.984967,141.58835,219.6504,8.27447,-87.304115,218.48679,0.9177705,25.007898,0.054,66,764.40656
7/25/2026 17:44,43955.727,44270.516,29.020367,22.750164,1.0189416,28.775835,10.237732,144.32265,224.05334,8.255633,-86.07864,197.65378,0.774184,24.627718,0.045,66,764.40656
7/25/2026 18:14,43649.348,44271.58,29.012794,22.90985,1.0190419,28.776527,10.176742,142.55342,221.45602,8.222866,-84.03778,213.1033,1.0831487,24.264145,0.036,66,764.40656
7/25/2026 18:44,43543.98,44353.83,29.06765,22.965286,1.019147,28.829988,10.152919,141.71921,220.24857,8.201059,-82.68833,228.38593,1.1995834,24.044043,0.036,66,764.40656
7/25/2026 19:14,43302.37,44295.766,29.019846,23.093424,1.0191735,28.792248,9.952414,138.35312,215.1019,8.174442,-81.05755,231.59027,1.2445006,23.825844,0.036,66,764.40656
7/25/2026 19:44,43182.96,44389.863,29.082249,23.157282,1.0192919,28.85341,9.826591,136.05606,211.62459,8.16071,-80.18017,223.4745,1.2656331,23.576506,0.027,66,764.40656
7/25/2026 20:14,42892.5,44383.42,29.06867,23.314098,1.0193766,28.849224,9.34231,128.57849,200.11143,8.117945,-77.57187,241.37497,1.1822629,23.241264,0.027,66,764.40656
7/25/2026 20:44,42716.906,44545.445,29.176134,23.409935,1.0195673,28.95454,8.841348,120.91998,188.31856,8.054395,-73.73333,248.17944,1.4491073,22.850845,0.018,66,764.40656
7/25/2026 21:14,42516.086,44490.27,29.130825,23.52051,1.0195813,28.918674,8.573787,116.867256,182.06055,8.034439,-72.517395,252.85245,1.5157508,22.676786,0.018,66,764.40656
7/25/2026 21:44,42580.688,44524.973,29.157234,23.484825,1.0195911,28.941233,8.373599,114.23117,177.94287,8.026657,-72.06917,241.85657,1.4536436,22.713755,0.018,66,764.40656
7/25/2026 22:14,42542.938,44502.37,29.14018,23.505665,1.0195836,28.926542,8.225933,112.16785,174.7343,8.01854,-71.58756,258.97504,1.3007685,22.694775,0.018,66,764.40656
7/25/2026 22:44,42670.586,44577.44,29.196894,23.435347,1.0196081,28.975338,7.7077794,105.25985,163.9549,7.9757595,-69.088936,260.91577,0.92839164,22.760408,0.018,66,764.40656
7/25/2026 23:14,42664.68,44565.367,29.18827,23.438591,1.0195997,28.96749,7.148041,97.62262,152.05728,7.92292,-65.984726,262.68958,0.677198,22.767048,0.018,66,764.40656
7/25/2026 23:44,42665.324,44488.22,29.134466,23.438238,1.0195347,28.917343,6.93224,94.793434,147.62857,7.9042587,-64.907074,253.49617,0.5627163,22.854723,0.027,66,764.40656
7/26/2026 0:14,42130.598,43918.598,28.719381,23.735718,1.0192169,28.547089,6.5602536,89.513466,139.40244,7.8613873,-62.389374,260.43414,0.5883181,22.868496,0.018,66,764.40656
7/26/2026 0:44,40628.223,42196.55,27.473282,24.613432,1.0182235,27.42776,6.15662,83.67861,130.27425,7.786159,-58.002472,256.69574,0.44451368,23.054071,0.027,66,764.40656
7/26/2026 1:14,38010.363,39374.484,25.44276,26.308615,1.016654,25.593416,5.6204834,75.67916,117.79351,7.6472716,-49.853325,255.67532,0.49919564,23.186132,0.027,66,764.40656
7/26/2026 1:44,35961.08,37308.938,23.966084,27.807842,1.0155613,24.25081,5.08689,67.81911,105.57363,7.4954767,-40.90786,241.84705,0.4911263,23.108532,0.027,66,764.40656
7/26/2026 2:14,34535.883,35926.99,22.983126,28.95539,1.014857,23.352543,4.7272844,62.515503,97.34023,7.391378,-34.766197,203.6047,0.5110747,22.972755,0.018,66,764.40656
7/26/2026 2:44,33411.52,34895.043,22.250877,29.929796,1.0143583,22.681778,4.426872,58.086872,90.47519,7.3183575,-30.45082,152.06815,0.56573224,22.774145,0.027,66,764.40656
7/26/2026 3:14,32194.652,33805.28,21.480007,31.06106,1.0138485,21.973433,4.164966,54.142532,84.36965,7.262071,-27.11773,170.65524,0.49227116,22.505535,0.018,66,764.40656
7/26/2026 3:44,31353.168,33094.945,20.977898,31.894703,1.0135386,21.511713,3.9480238,50.930183,79.39823,7.217456,-24.476051,201.6449,0.48079422,22.244516,0.018,66,764.40656
7/26/2026 4:14,30131.28,31978.49,20.194576,33.188103,1.0130173,20.786018,3.6571531,46.732807,72.88668,7.1871696,-22.678375,192.4324,0.5281723,21.975697,0.009,66,764.40656
7/26/2026 4:44,29493.602,31532.123,19.877762,33.90566,1.0128703,20.49588,3.632594,46.026268,71.82628,7.162395,-21.20018,218.41525,0.45064923,21.615234,0.009,66,764.40656
7/26/2026 5:14,28939.467,31079.82,19.560081,34.554886,1.0126865,20.201883,3.2541273,40.986496,63.983772,7.1455507,-20.198822,244.79866,0.3621113,21.394434,0.009,66,764.40656
7/26/2026 5:44,26499.254,28773.99,17.962091,37.73691,1.0116113,18.703094,2.822283,34.867077,54.475742,7.0849385,-16.622543,206.31314,0.5937208,20.86098,0,66,764.40656
7/26/2026 6:14,40633.082,44239.93,28.884884,24.610489,1.019918,28.755955,6.2941127,82.708824,129.24832,7.770343,-56.624413,209.77974,0.54426986,20.731453,0,66,764.40656
7/26/2026 6:44,41018.996,44621.55,29.164007,24.378948,1.0201192,29.00401,6.7223945,88.5493,138.36647,7.8322797,-60.248375,224.2279,0.43627876,20.772999,0,66,764.40656
7/26/2026 7:14,41090.066,44631.75,29.174082,24.336782,1.0201079,29.010637,6.8945794,90.9432,142.09152,7.855624,-61.626434,226.38321,0.5355203,20.84537,0,66,764.40656
7/26/2026 7:44,41221.42,44685.027,29.216373,24.259232,1.0201147,29.045269,7.1043725,93.89941,146.68875,7.87389,-62.713623,238.75237,0.5493334,20.941805,0.009,66,764.40656
7/26/2026 8:14,41268.01,44632.09,29.181826,24.231844,1.020059,29.010859,7.3350916,97.12761,151.70572,7.8962474,-64.044,248.3034,0.5486724,21.053741,0.009,66,764.40656
7/26/2026 8:44,41463.887,44721.58,29.25171,24.117373,1.020077,29.069027,7.5319676,100.016846,156.18651,7.906765,-64.68773,252.93826,0.48771146,21.186186,0,66,764.40656
7/26/2026 9:14,41527.047,44678.63,29.224619,24.080692,1.0200244,29.04111,7.737733,102.958664,160.7502,7.930036,-66.075325,259.16577,0.52799267,21.306862,0.009,66,764.40656
7/26/2026 9:44,41678.95,44706.074,29.249706,23.992928,1.020004,29.058949,7.9244723,105.74277,165.05873,7.9420176,-66.809654,244.46964,0.5124388,21.454884,0,66,764.40656
7/26/2026 10:14,41741.715,44654.996,29.216839,23.95685,1.0199445,29.025747,7.961711,106.46859,166.1577,7.941435,-66.804886,266.53766,0.4595759,21.584305,0.009,66,764.40656
7/26/2026 10:44,42059.793,44718.6,29.273186,23.775675,1.0199056,29.067091,8.1388035,109.46986,170.75879,7.9470983,-67.20543,266.7284,0.23872328,21.887096,0.009,66,764.40656
7/26/2026 11:14,42334.48,44683.43,29.258934,23.621407,1.0197966,29.04423,8.098796,109.63088,170.9095,7.936759,-66.68091,264.16302,0.26401192,22.247713,0.018,66,764.40656
7/26/2026 11:44,42746.773,44734.258,29.308908,23.393578,1.019717,29.077267,8.029639,109.55747,170.67387,7.912724,-65.36484,252.8143,0.08660759,22.673893,0.018,66,764.40656
7/26/2026 12:14,42730.277,44354.137,29.042974,23.402609,1.0194017,28.830189,7.7824697,106.79549,166.2552,7.854297,-62.01744,264.65894,0.04048245,23.08318,0.027,66,764.40656
7/26/2026 12:44,41426.242,42634.23,27.802158,24.139288,1.0183423,27.71225,7.3325205,100.67207,156.60414,7.7437572,-55.594444,266.88574,0.1647844,23.51656,0.027,66,764.40656
7/26/2026 13:14,38522.39,39402.75,25.476723,25.95893,1.0164999,25.611788,6.8757977,93.66507,145.6229,7.6078463,-47.636032,268.13507,0.0386237,23.830233,0.036,66,764.40656
7/26/2026 13:44,36440.547,36994.324,23.763138,27.44196,1.0151005,24.046312,6.597331,89.60182,139.2082,7.4848948,-40.43579,258.9035,0.15102205,24.21627,0.036,66,764.40656
7/26/2026 14:14,34365.38,34584.26,22.063398,29.099054,1.013694,22.47977,6.4337277,87.22763,135.40593,7.3917203,-34.985542,260.7298,0.078054234,24.668642,0.045,66,764.40656
7/26/2026 14:44,33337.56,33289.78,21.15837,29.996199,1.0128986,21.63836,6.4492297,87.61178,135.89738,7.3452716,-32.281876,234.54666,0.33875242,25.07514,0.054,66,764.40656
7/26/2026 15:14,32587.441,32189.477,20.394463,30.686668,1.0121607,20.923159,6.5871496,89.994194,139.43729,7.32832,-31.337738,178.11775,0.2667986,25.647285,0.063,66,764.40656
7/26/2026 15:44,31995.482,31372.1,19.828045,31.254412,1.0116217,20.391865,6.7221494,92.172935,142.70079,7.306684,-30.093193,235.79597,0.31412652,26.04035,0.072,66,764.40656
7/26/2026 16:14,30878.79,30013.908,18.88838,32.38469,1.0107807,19.50904,6.678334,91.83035,142.0342,7.2800164,-28.553009,273.30875,0.28773054,26.50869,0.072,66,764.40656
7/26/2026 16:44,30696.064,29735.934,18.697254,32.577465,1.010584,19.328356,6.952237,95.79435,148.10928,7.27324,-28.16677,274.93954,0.48598275,26.690498,0.09,66,764.40656
7/26/2026 17:14,29545.797,28513.701,17.854868,33.84576,1.0098935,18.533905,6.0030212,82.615906,127.67889,7.220671,-25.053024,271.91638,0.31539357,26.895105,0.09,66,764.40656
7/26/2026 17:44,41278.305,40708.875,26.452175,24.225801,1.0166819,26.46077,9.734854,137.84451,213.54066,8.0574045,-74.62978,214.4289,0.47200504,25.732353,0.081,66,764.40656
7/26/2026 18:14,42899.99,42659.453,27.858957,23.31003,1.01787,27.728643,10.25291,145.24828,225.20348,8.126653,-78.62568,214.40982,8.003075,25.295206,0.054,66,764.40656
7/26/2026 18:44,43274.598,43627.363,28.549454,23.108244,1.0186015,28.357786,10.238161,143.81358,223.28436,8.132193,-78.76396,207.03316,0.9910061,24.576654,0.054,66,764.40656
7/26/2026 19:14,43238.805,44213.14,28.959991,23.127375,1.0191226,28.738543,10.110545,140.55325,218.51453,8.121565,-77.9438,235.32867,1.3982853,23.84622,0.036,66,764.40656
7/26/2026 19:44,43177.246,44530.797,29.180817,23.160347,1.0194141,28.945019,9.819343,135.63148,211.02658,8.09761,-76.41792,244.2026,1.1331472,23.408594,0.027,66,764.40656
7/26/2026 20:14,42910.81,44553.902,29.188473,23.304152,1.0195155,28.960037,9.544879,131.05786,204.03087,8.088643,-75.8028,250.28229,1.4744315,23.069172,0.027,66,764.40656
7/26/2026 20:44,42885.938,44655.027,29.258312,23.317667,1.0196085,29.025768,9.266799,126.9678,197.71204,8.06705,-74.49627,250.25845,1.558459,22.925821,0.027,66,764.40656
7/26/2026 21:14,42701.47,44592.426,29.2084,23.418398,1.0196115,28.985077,8.969457,122.54002,190.86461,8.048449,-73.366165,249.3143,1.3299584,22.779823,0.018,66,764.40656
7/26/2026 21:44,42606.742,44643.01,29.240438,23.470465,1.0196823,29.017958,8.667892,118.088455,183.98303,8.023427,-71.85459,247.26392,1.4306811,22.611921,0.018,66,764.40656
7/26/2026 22:14,42498.99,44595.535,29.203604,23.529972,1.0196747,28.987099,8.396524,114.21753,177.97397,8.002541,-70.61005,266.68073,1.4962183,22.538616,0.018,66,764.40656
7/26/2026 22:44,42567.25,44656.008,29.248129,23.492239,1.0197049,29.026405,8.219938,111.869095,174.31104,7.9880385,-69.76128,265.53632,1.3908107,22.55108,0.018,66,764.40656
7/26/2026 23:14,42535.55,44639.957,29.235832,23.509747,1.0197009,29.015972,7.9578905,108.257835,168.68948,7.967656,-68.55965,260.05743,1.106406,22.531843,0.018,66,764.40656
7/26/2026 23:44,42581.453,44741.895,29.308474,23.484404,1.0197724,29.082232,7.1324005,96.965065,151.10799,7.86476,-62.503815,253.14807,0.53445387,22.471897,0.009,66,764.40656
7/27/2026 0:14,42512.74,44662.76,29.250912,23.522362,1.0197269,29.030796,6.58204,89.465485,139.41902,7.773864,-57.168007,260.08606,0.50171936,22.479631,0.018,66,764.40656
7/27/2026 0:44,42412.03,44468.582,29.11212,23.578215,1.0195944,28.90458,6.328872,86.107285,134.16354,7.710057,-53.43914,255.14127,0.40377533,22.578676,0.027,66,764.40656
7/27/2026 1:14,41715.754,43501.668,28.41532,23.97176,1.018992,28.276085,6.046765,82.335754,128.22824,7.6503406,-49.977303,245.44238,0.46303087,22.850578,0.018,66,764.40656
7/27/2026 1:44,39724.98,41129.63,26.705807,25.173077,1.0176002,26.734259,5.688955,77.196976,120.15058,7.530309,-42.972565,235.80551,0.54177403,23.21195,0.027,66,764.40656
7/27/2026 2:14,36715.47,37919.773,24.405796,27.236477,1.01583,24.647852,5.0790215,68.1643,106.06887,7.367494,-33.402443,235.34775,0.5716834,23.337212,0.027,66,764.40656
7/27/2026 2:44,35015.543,36220.867,23.196665,28.558746,1.0149404,23.543564,4.6303997,61.624317,95.905426,7.252071,-26.597977,230.88455,0.5691217,23.257746,0.036,66,764.40656
7/27/2026 3:14,34009.7,35270.91,22.522543,29.403378,1.0144677,22.92609,4.271493,56.49527,87.94293,7.203167,-23.708344,233.50716,0.5812811,23.127863,0.027,66,764.40656
7/27/2026 3:44,33289.27,34642.91,22.076748,30.03971,1.0141786,22.51789,3.9295375,51.677063,80.46671,7.162298,-21.29078,193.49098,0.49133253,22.954235,0.018,66,764.40656
7/27/2026 4:14,32627.938,34060.94,21.664787,30.64858,1.0139102,22.139612,3.6303928,47.49462,73.97398,7.133207,-19.569397,201.01071,0.51905274,22.79729,0.018,66,764.40656
7/27/2026 4:44,32186.07,33717.918,21.420933,31.069342,1.0137732,21.916647,3.4345052,44.725697,69.681984,7.1098666,-18.18657,231.328,0.45741862,22.6214,0.018,66,764.40656
7/27/2026 5:14,31727.283,33388.87,21.186262,31.518614,1.0136563,21.702766,3.1955338,41.385963,64.503174,7.090772,-17.051697,154.16145,0.51866305,22.394516,0.009,66,764.40656
7/27/2026 5:44,31069.738,32832.152,20.793318,32.185658,1.0134135,21.340899,2.9779425,38.336308,59.770252,7.0678887,-15.697479,191.90788,0.95952195,22.189552,0.009,66,764.40656
7/27/2026 6:14,28794.309,30746.652,19.334784,34.729084,1.0124451,19.985325,2.7332246,34.56004,53.927486,7.033016,-13.628006,202.10266,2.0907583,21.675508,0.009,66,764.40656
7/27/2026 6:44,41113.926,44049.57,28.773493,24.322659,1.019628,28.63222,6.245269,83.1884,129.84113,7.73193,-54.52633,206.8901,0.51677567,21.510778,0.009,66,764.40656
7/27/2026 7:14,41672.785,44595.656,29.173052,23.996477,1.0199156,28.987177,7.0282826,93.93544,146.60179,7.862728,-62.19387,232.76329,0.7007771,21.5685,0.009,66,764.40656
7/27/2026 7:44,41806.48,44704.86,29.2539,23.919737,1.0199668,29.058159,7.2461715,96.95838,151.3107,7.883852,-63.438416,224.17068,0.57311,21.605568,0.009,66,764.40656
7/27/2026 8:14,41773.305,44621.406,29.194803,23.938734,1.0199078,29.003914,7.4070387,99.17118,154.75099,7.905889,-64.74018,224.58554,0.61713845,21.65821,0.009,66,764.40656
7/27/2026 8:44,41911.562,44677.707,29.239162,23.859764,1.0199145,29.040508,7.728329,103.68715,161.77197,7.926434,-65.96565,226.03513,0.59761345,21.758465,0.009,66,764.40656
7/27/2026 9:14,42118.473,44735.84,29.287376,23.742552,1.0199028,29.078297,8.093074,108.96104,169.95146,7.969359,-68.5215,232.6107,0.61319214,21.936796,0.009,66,764.40656
7/27/2026 9:44,42290.656,44759.746,29.310398,23.645885,1.0198727,29.093836,8.307438,112.21521,174.9773,7.9874477,-69.62299,229.81644,0.5010475,22.111876,0.009,66,764.40656
7/27/2026 10:14,42337.875,44714.887,29.280943,23.619513,1.0198218,29.064676,8.40777,113.76487,177.3632,7.9936094,-70.00923,245.88585,7.1834354,22.216791,0.018,66,764.40656
7/27/2026 10:44,42528.01,44756.77,29.316935,23.513914,1.0198007,29.0919,8.421188,114.33021,178.1928,7.983801,-69.475174,257.26318,0.5552277,22.392822,0.018,66,764.40656
7/27/2026 11:14,42600.402,44718.062,29.29253,23.473957,1.0197469,29.066742,8.3702545,113.88227,177.45691,8.001558,-70.54806,266.35648,0.2540456,22.520638,0.018,66,764.40656
7/27/2026 11:44,43171.33,44806.03,29.37331,23.163523,1.0196496,29.12392,8.686889,119.44808,185.95012,7.9945493,-70.27149,244.86066,0.44394687,23.089842,0.027,66,764.40656
7/27/2026 12:14,43622.03,44773.19,29.36453,22.924196,1.0194832,29.102575,8.587887,119.26064,185.47517,7.9693093,-68.917274,253.09563,0.047507133,23.653877,0.027,66,764.40656
7/27/2026 12:44,44200.336,44842.176,29.429987,22.624262,1.0193605,29.147415,8.373179,117.54247,182.60617,7.904889,-65.2504,244.30753,0.040432394,24.250614,0.036,66,764.40656
7/27/2026 13:14,44291.574,44586.945,29.252485,22.577658,1.0191092,28.981516,8.088815,114.23089,177.32903,7.852852,-62.260628,242.80548,0.08228168,24.653162,0.045,66,764.40656
7/27/2026 13:44,43782.78,43749.59,28.648546,22.840029,1.0185401,28.437233,7.8135643,110.70111,171.72362,7.7828145,-58.193207,241.50372,0.09591234,25.039717,0.045,66,764.40656
7/27/2026 14:14,41880.305,41488.754,27.012522,23.877573,1.0171741,26.967691,7.3668127,104.2179,161.52425,7.653588,-50.616264,260.5915,0.06484899,25.494114,0.054,66,764.40656
7/27/2026 14:44,38374.88,37687.64,24.284222,26.058714,1.0149877,24.496965,6.9195905,97.15624,150.44186,7.4700003,-39.787292,221.65775,0.40014878,25.954716,0.072,66,764.40656
7/27/2026 15:14,35841.85,35005.668,22.381075,27.900345,1.0134724,22.753685,6.5978723,92.11643,142.55238,7.363097,-33.4692,192.43716,0.4807764,26.250631,0.072,66,764.40656
7/27/2026 15:44,34270.24,33241.453,21.14129,29.179838,1.0124335,21.606945,6.546171,91.33722,141.23868,7.3010597,-29.816628,203.61423,0.6240994,26.62036,0.081,66,764.40656
7/27/2026 16:14,32876.793,31593.156,19.991442,30.416592,1.0114211,20.535551,6.596358,92.2431,142.48682,7.2665563,-27.809143,151.92508,0.78126305,27.12724,0.081,66,764.40656
7/27/2026 16:44,31775.146,30410.955,19.16993,31.471138,1.0107403,19.76712,6.559545,91.65337,141.50838,7.2240314,-25.291443,187.45422,0.81303483,27.348614,0.099,66,764.40656
7/27/2026 17:14,30038.83,28680.453,17.973324,33.290245,1.0098069,18.642294,6.399205,89.01612,137.39742,7.2255235,-25.391579,146.88492,0.8146263,27.479708,0.099,66,764.40656
7/27/2026 17:44,28166.312,26964.1,16.793999,35.503407,1.00897,17.526665,6.2534494,86.20159,133.0952,7.176675,-22.463799,218.17207,1.0544168,27.334332,0.09,66,764.40656
7/27/2026 18:14,39007.312,37917.906,24.45606,25.636219,1.0149517,24.64664,7.3685493,104.54032,161.69424,7.8352942,-61.602592,202.45552,0.6447382,26.50422,0.09,66,764.40656
7/27/2026 18:44,44348.223,43809.605,28.704384,22.548819,1.0184019,28.476244,9.402447,134.64394,208.6192,8.1314535,-79.00238,212.03519,0.9535224,25.643694,0.072,66,764.40656
7/27/2026 19:14,44289.688,44551.637,29.227512,22.578619,1.0190789,28.958565,9.20774,130.1016,201.95148,8.099999,-76.88999,205.46913,0.8916383,24.692165,0.054,66,764.40656
7/27/2026 19:44,43990.543,44527.355,29.202322,22.732159,1.0191543,28.942781,8.91117,125.18902,194.443,8.082853,-75.79327,216.37439,1.0254912,24.368807,0.045,66,764.40656
7/27/2026 20:14,43808.64,44544.566,29.209335,22.826548,1.0192276,28.953968,8.771704,122.733894,190.71156,8.068115,-74.863434,228.09982,1.025544,24.135021,0.036,66,764.40656
7/27/2026 20:44,43667.582,44683.844,29.303156,22.900284,1.0193923,29.0445,8.587056,119.53235,185.84622,8.037817,-72.99423,236.76395,1.1880783,23.809248,0.036,66,764.40656
7/27/2026 21:14,43548.51,44648.92,29.275059,22.962896,1.0193995,29.021801,8.5621395,118.95831,184.98663,8.039526,-73.070526,237.55551,1.1158081,23.709642,0.036,66,764.40656
7/27/2026 21:44,43486.89,44732.89,29.332111,22.995436,1.0194905,29.076378,8.548478,118.45758,184.26285,8.03343,-72.66998,231.84299,1.1126131,23.541662,0.027,66,764.40656
7/27/2026 22:14,43294.7,44668.81,29.281193,23.097515,1.0194954,29.034725,8.414216,116.25077,180.87857,8.023215,-72.03102,255.43689,1.1203858,23.389416,0.036,66,764.40656
7/27/2026 22:44,43106.535,44712.56,29.305801,23.19834,1.0195901,29.063164,8.1460285,112.02614,174.38718,7.998644,-70.51945,262.7945,1.1766123,23.119432,0.027,66,764.40656
7/27/2026 23:14,43069.89,44660.09,29.267904,23.218077,1.019557,29.029058,7.693428,105.80931,164.70502,7.9775925,-69.28444,274.79648,1.2605678,23.135775,0.027,66,764.40656
7/27/2026 23:44,43241.934,44732.836,29.324368,23.1257,1.019566,29.076344,7.6802917,105.8859,164.79016,7.962216,-68.40706,259.95255,1.2049179,23.255024,0.027,66,764.40656
7/28/2026 0:14,43332.633,44714.6,29.314472,23.077295,1.0195225,29.064491,7.0222874,97.02564,150.96753,7.894038,-64.4207,254.18282,0.81334037,23.38186,0.027,66,764.40656
7/28/2026 0:44,43526.246,44831.016,29.402159,22.974644,1.0195621,29.14016,5.981787,82.82861,128.85623,7.751412,-56.037903,233.3212,0.67917085,23.476221,0.027,66,764.40656
7/28/2026 1:14,43468.434,44682.668,29.296305,23.0052,1.0194534,29.043734,5.472444,75.86432,118.00087,7.6552973,-50.39215,230.5317,0.41996017,23.577246,0.036,66,764.40656
7/28/2026 1:44,43069.88,44119.145,28.889072,23.218082,1.0190952,28.677444,5.143514,71.35974,110.95931,7.586382,-46.35811,204.94461,0.34680268,23.75484,0.027,66,764.40656
7/28/2026 2:14,41198.035,41994.91,27.34984,24.273003,1.0178618,27.296692,4.7782173,65.99913,102.57749,7.483924,-40.34996,236.55414,0.5362422,24.006516,0.036,66,764.40656
7/28/2026 2:44,38088.906,38673.734,24.96155,26.254364,1.0160048,25.137926,4.3381066,59.31538,92.15559,7.336688,-31.68106,195.36972,0.5920626,24.208265,0.036,66,764.40656
7/28/2026 3:14,35813.113,36336.69,23.296396,27.922733,1.014741,23.618849,3.8767111,52.538315,81.62079,7.2276454,-25.24376,168.26154,0.5724677,24.2456,0.036,66,764.40656
7/28/2026 3:44,34853.977,35371.805,22.612827,28.691132,1.0142301,22.991673,3.5264447,47.594612,73.94214,7.1614676,-21.333694,187.9406,0.54897904,24.23353,0.036,66,764.40656
7/28/2026 4:14,33900.598,34435.09,21.951185,29.498005,1.0137454,22.382807,3.265459,43.86972,68.16098,7.1256757,-19.216537,189.04208,0.5086674,24.187346,0.045,66,764.40656
7/28/2026 4:44,33445.348,34021.414,21.658989,29.899525,1.0135462,22.113918,2.98736,40.01402,62.178715,7.087639,-16.965866,201.14899,0.5290869,24.113482,0.036,66,764.40656
7/28/2026 5:14,32651.223,33273.23,21.132448,30.626724,1.0131761,21.6276,2.6708345,35.60819,55.341663,7.0762563,-16.288757,245.97168,0.5318146,24.02126,0.036,66,764.40656
7/28/2026 5:44,32421.227,33105.53,21.013433,30.84399,1.013115,21.518595,2.4589894,32.701103,50.83302,7.0288353,-13.484955,229.90227,0.3839,23.917784,0.036,66,764.40656
7/28/2026 6:14,31363.982,32090.824,20.30287,31.883707,1.0126092,20.859035,2.4732678,32.6966,50.83549,7.0470233,-14.55307,231.22787,0.5654432,23.81416,0.027,66,764.40656
7/28/2026 6:44,30547.258,31324.154,19.767578,32.736164,1.0122374,20.3607,2.1472104,28.241953,43.91841,7.0200253,-12.955666,198.0257,0.44027114,23.701475,0.027,66,764.40656
7/28/2026 7:14,38694.176,40190.195,26.025322,25.843683,1.0171309,26.123629,5.8442507,78.76727,122.62869,7.4938283,-40.802956,191.57886,0.78848517,23.051128,0.027,66,764.40656
7/28/2026 7:44,41437.914,43203.652,28.198887,24.132488,1.0188257,28.082375,6.5968614,89.72899,139.74005,7.741875,-55.360794,215.9214,0.7687007,22.860203,0.027,66,764.40656
7/28/2026 8:14,42347.16,44155.01,28.891373,23.614334,1.0193503,28.700758,6.9783235,95.2923,148.40506,7.8508067,-61.764717,210.65712,0.733329,22.856373,0.018,66,764.40656
7/28/2026 8:44,42510.73,44298.582,28.996958,23.523472,1.0194217,28.794079,7.077778,96.762,150.68608,7.8661866,-62.675476,223.79398,0.64801145,22.886957,0.027,66,764.40656
7/28/2026 9:14,42621.383,44272.11,28.982128,23.462402,1.0193655,28.77687,7.208927,98.82819,153.86136,7.8791428,-63.471794,230.6366,0.51668966,23.047857,0.027,66,764.40656
7/28/2026 9:44,42832.188,44355.227,29.047031,23.346928,1.0193713,28.830898,7.4950933,103.07127,160.42445,7.899562,-64.7068,221.03787,0.47494078,23.202232,0.027,66,764.40656
7/28/2026 10:14,42898.793,44328.95,29.030762,23.310678,1.0193284,28.813818,7.627363,105.08197,163.5231,7.9175406,-65.78922,234.93289,0.9539231,23.310871,0.027,66,764.40656
7/28/2026 10:44,43000.688,44541.28,29.182558,23.255442,1.0194774,28.951834,7.701389,105.96641,164.93433,7.9326625,-66.6523,237.05005,0.6394791,23.18911,0.027,66,764.40656
7/28/2026 11:14,43066.93,44593.312,29.221088,23.219673,1.0195012,28.985653,7.7515926,106.71639,166.09624,7.9436073,-67.3008,246.29593,0.62754995,23.207907,0.027,66,764.40656
7/28/2026 11:44,43249.773,44628.95,29.25185,23.121508,1.0194752,29.008818,7.5997334,104.966606,163.32326,7.9245586,-66.218376,252.67601,0.29437244,23.382034,0.018,66,764.40656
7/28/2026 12:14,43458.08,44556.215,29.207264,23.010681,1.0193485,28.96154,7.860074,109.161575,169.75217,7.940462,-67.22927,258.02612,0.45168105,23.709627,0.036,66,764.40656
7/28/2026 12:44,44245.18,44589.68,29.253176,22.601332,1.0191265,28.983292,7.778902,109.74512,170.38383,7.9000616,-65.04059,246.05273,0.20888866,24.595497,0.036,66,764.40656
7/28/2026 13:14,44979.246,44516.6,29.21988,22.232475,1.0188199,28.935791,7.7541065,111.17539,172.29051,7.8538113,-62.503815,244.79866,0.039844025,25.544117,0.054,66,764.40656
7/28/2026 13:44,45358.78,44447.066,29.179035,22.046448,1.0186288,28.890593,7.62158,110.24089,170.66174,7.799155,-59.366226,232.02896,0.057171166,26.073942,0.072,66,764.40656
7/28/2026 14:14,45152.152,43900.42,28.785997,22.147339,1.0182052,28.535275,7.4107213,107.71516,166.60875,7.7496085,-56.500435,254.5929,0.1970612,26.492825,0.072,66,764.40656
7/28/2026 14:44,43897.77,42412.938,27.705498,22.780201,1.0172888,27.568409,7.150827,103.90214,160.59682,7.657382,-51.06926,253.21484,0.41862795,26.83293,0.072,66,764.40656
7/28/2026 15:14,41022.758,39540.61,25.626934,24.376713,1.01569,25.701395,6.682716,96.18309,148.62505,7.5160666,-42.66739,258.85104,0.5591976,26.962523,0.09,66,764.40656
7/28/2026 15:44,37995.703,36498.04,23.449846,26.318766,1.014002,23.723726,6.3060794,89.94285,138.92735,7.3895545,-35.147667,247.3688,0.7097991,27.14838,0.09,66,764.40656
7/28/2026 16:14,35945.977,34396.617,21.961628,27.819525,1.0128242,22.357801,6.095832,86.5299,133.59518,7.3192425,-30.975342,253.37695,0.83406013,27.358322,0.09,66,764.40656
7/28/2026 16:44,34584.68,33101.668,21.04943,28.914537,1.0121458,21.516085,5.8035827,81.94416,126.51862,7.2653384,-27.756691,204.97322,1.0839344,27.34564,0.099,66,764.40656
7/28/2026 17:14,33065.81,31705.775,20.07096,30.24272,1.0114447,20.608755,5.624134,78.842255,121.75568,7.2439957,-26.473999,183.71106,1.2819788,27.245836,0.09,66,764.40656
7/28/2026 17:44,31933.088,30684.662,19.358606,31.315481,1.0109471,19.94503,5.356272,74.640144,115.29503,7.2070713,-24.261475,192.09862,1.3086013,27.13014,0.09,66,764.40656
7/28/2026 18:14,30730.168,29610.361,18.612421,32.541313,1.0104344,19.246735,5.151973,71.30954,110.1856,7.1883974,-23.136139,161.47137,1.506557,26.980003,0.09,66,764.40656
7/28/2026 18:44,36511.977,35909.45,23.016953,27.388273,1.0140595,23.341143,4.802687,66.86385,103.55136,7.305995,-30.035973,208.56857,0.97302556,25.878485,0.081,66,764.40656
7/28/2026 19:14,43597.27,43939.734,28.777819,22.937216,1.0187693,28.560827,6.8898406,96.93242,150.49258,7.905477,-65.36007,199.61835,1.0592235,24.591938,0.054,65,764.40656
7/28/2026 19:44,43901.74,44222.445,28.98505,22.778141,1.0189171,28.744589,6.9945025,98.57001,153.02687,7.91166,-65.732,189.39018,1.4742795,24.620306,0.045,65,764.40656
7/28/2026 20:14,43788.465,44125.395,28.913656,22.837065,1.0188693,28.681507,7.0051823,98.64584,153.15039,7.9265704,-66.60938,197.39627,1.6757596,24.600222,0.045,65,764.40656
7/28/2026 20:44,43998.797,44465.043,29.15864,22.727894,1.0190976,28.902279,7.1289225,100.26898,155.71362,7.9401226,-67.37709,207.8581,1.5713972,24.45101,0.045,65,764.40656
7/28/2026 21:14,43890.246,44417.16,29.121937,22.784105,1.0190909,28.871153,7.170002,100.69942,156.40295,7.9481444,-67.834854,214.19049,1.4981936,24.37891,0.036,65,764.40656
7/28/2026 21:44,43893.504,44518.492,29.193382,22.782415,1.0191779,28.937021,7.256128,101.74887,158.06613,7.9493914,-67.88254,216.19797,1.5057198,24.264982,0.036,65,764.40656
7/28/2026 22:14,43740.13,44546,29.20839,22.8623,1.0192508,28.9549,7.303066,102.03759,158.57608,7.9573197,-68.302155,220.13187,1.3344523,24.052841,0.045,65,764.40656
7/28/2026 22:44,43708.137,44540.16,29.203363,22.879036,1.0192558,28.951105,7.172971,100.1631,155.67166,7.9426565,-67.42954,217.34714,1.5327094,24.021973,0.027,65,764.40656
7/28/2026 23:14,43587.7,44435.7,29.12645,22.942253,1.0192038,28.883205,7.1028137,99.1031,154.03012,7.9416065,-67.362785,215.6496,1.6018505,24.000853,0.036,65,764.40656
7/28/2026 23:44,43574.734,44512.035,29.179705,22.949078,1.0192736,28.932823,7.0544333,98.280426,152.77995,7.9327908,-66.81919,225.14343,1.5969049,23.897528,0.036,65,764.40656
7/29/2026 0:14,42579.25,43488.55,28.432848,23.485619,1.0187078,28.267557,6.7209873,93.24681,144.95305,7.9045568,-65.15503,237.37907,1.3713984,23.905287,0.036,65,764.40656
7/29/2026 0:44,43595.215,44546.734,29.204695,22.938297,1.019297,28.955378,6.27236,87.37302,135.82794,7.8516254,-62.026978,229.53987,1.1527021,23.881672,0.036,65,764.40656
7/29/2026 1:14,43511.78,44534.523,29.193645,22.98228,1.0193129,28.947441,5.594014,77.80428,120.97088,7.7557993,-56.357384,223.15979,0.83837545,23.797638,0.036,65,764.40656
7/29/2026 1:44,43532.188,44591.543,29.234291,22.971508,1.0193554,28.984503,4.9313536,68.55379,106.59601,7.6285043,-48.84243,217.46635,0.46992114,23.756186,0.036,65,764.40656
7/29/2026 2:14,43349.94,44400.145,29.094498,23.068083,1.0192484,28.860096,4.5256205,62.868877,97.755455,7.5249147,-42.734146,208.10605,0.32315516,23.761616,0.027,65,764.40656
7/29/2026 2:44,42645,43632.31,28.535429,23.449408,1.018811,28.361002,4.2229333,58.530983,91.00166,7.4407916,-37.779808,200.98209,0.23349243,23.815294,0.036,65,764.40656
7/29/2026 3:14,40828.754,41729.105,27.15429,24.492542,1.0177532,27.123919,3.7925198,52.20042,81.151146,7.337864,-31.71444,182.44266,0.45629305,23.870361,0.036,65,764.40656
7/29/2026 3:44,37528.805,38326.977,24.707842,26.646198,1.0158981,24.912535,3.4505153,46.8632,72.84871,7.227805,-25.224686,179.77715,0.44771606,23.90967,0.027,65,764.40656
7/29/2026 4:14,35274.613,36055.836,23.09081,28.348999,1.0146928,23.436295,3.2478971,43.66971,67.889824,7.168785,-21.739006,182.24716,0.54573303,23.865599,0.027,65,764.40656
7/29/2026 4:44,34339.797,35157.59,22.45412,29.120731,1.0142367,22.852432,3.1378605,41.973995,65.2634,7.1354175,-19.7649,181.12659,0.609137,23.782158,0.036,65,764.40656
7/29/2026 5:14,33653.41,34531.36,22.01073,29.71467,1.0139343,22.445383,3.110647,41.420284,64.415474,7.1294794,-19.407272,195.66536,0.5439082,23.668861,0.027,65,764.40656
7/29/2026 5:44,33222.19,34162.035,21.749092,30.100363,1.0137672,22.205324,2.9344726,38.939625,60.569355,7.124422,-19.102097,212.1067,0.5589983,23.559616,0.036,65,764.40656
7/29/2026 6:14,32261.523,33256.145,21.111435,30.996675,1.0133215,21.616493,3.1281621,41.264896,64.20043,7.1175175,-18.687248,207.21912,0.47432655,23.434141,0.027,65,764.40656
7/29/2026 6:44,30977.336,32067.25,20.277573,32.281666,1.0127516,20.843712,3.5358026,46.240524,71.968414,7.144396,-20.256042,209.46503,0.9160198,23.220505,0.027,65,764.40656
7/29/2026 7:14,28401.973,29582.986,18.551271,35.20882,1.0115346,19.228941,4.0016465,51.523266,80.23333,7.169488,-21.710396,206.45618,1.0443208,22.90984,0.027,65,764.40656
7/29/2026 7:44,38905.426,40881.508,26.50845,25.703356,1.0176551,26.572979,6.9143147,92.48105,144.12082,7.7184334,-53.91121,213.73273,0.9069494,22.469275,0.009,65,764.40656
7/29/2026 8:14,40299.496,42352.227,27.570364,24.814205,1.0184599,27.528946,7.127297,95.907104,149.46165,7.7943044,-58.36487,218.46295,0.9791308,22.462404,0.018,65,764.40656
7/29/2026 8:44,40579.555,42631.34,27.773062,24.642952,1.0186085,27.710371,7.015516,94.544266,147.33344,7.8017964,-58.808327,221.28105,1.0461656,22.480179,0.018,65,764.40656
7/29/2026 9:14,40922.95,42981.7,28.027523,24.436167,1.0187976,27.938105,7.0061955,94.578545,147.38387,7.8384585,-60.96363,216.30287,1.155325,22.492237,0.018,65,764.40656
7/29/2026 9:44,41699.414,43671.504,28.5329,23.981152,1.0191404,28.386478,7.0920625,96.26526,149.97629,7.872611,-62.999725,211.52972,1.1481886,22.635738,0.018,65,764.40656
7/29/2026 10:14,41905.504,43839.02,28.65642,23.863214,1.0192187,28.495363,7.0875936,96.368095,150.12256,7.8980536,-64.50653,224.42818,1.3541845,22.690842,0.018,65,764.40656
7/29/2026 10:44,42280.516,44139.832,28.878555,23.651556,1.0193579,28.690891,7.1909833,98.08092,152.76399,7.9268713,-66.223145,222.30148,1.295409,22.794592,0.018,65,764.40656
7/29/2026 11:14,42459.39,44287.5,28.987509,23.551916,1.0194279,28.786875,7.2855997,99.51252,154.98215,7.9322186,-66.54739,218.94455,1.1686231,22.838839,0.027,65,764.40656
7/29/2026 11:44,42482.535,44359.918,29.0388,23.539085,1.019482,28.833946,7.2325115,98.72078,153.7633,7.924721,-66.0944,221.00449,1.0894269,22.784212,0.018,65,764.40656
7/29/2026 12:14,42464.89,44283.703,28.985048,23.548866,1.019423,28.784409,7.113524,97.17933,151.34561,7.9197683,-65.81783,249.13312,1.1675918,22.849642,0.018,65,764.40656
7/29/2026 12:44,42595.133,44295.168,28.997377,23.47686,1.0193931,28.791859,7.1543384,97.98896,152.5698,7.9080486,-65.1598,243.81161,1.2051433,22.99059,0.027,65,764.40656
7/29/2026 13:14,42622.19,44095.17,28.858545,23.461956,1.019215,28.661863,7.0307117,96.6634,150.43823,7.8732195,-63.16662,238.5664,0.926768,23.25107,0.027,65,764.40656
7/29/2026 13:44,42617.246,43802.598,28.653809,23.46468,1.0189664,28.47169,6.883907,95.08905,147.90184,7.8057594,-59.261322,240.58342,0.663893,23.583183,0.027,65,764.40656
7/29/2026 14:14,42079.918,42983.41,28.065018,23.764305,1.0184319,27.939217,6.7532196,93.486916,145.3278,7.720963,-54.32129,248.82317,0.54674596,23.899498,0.027,65,764.40656
7/29/2026 14:44,40614.504,41379.74,26.90507,24.621746,1.0175192,26.89683,6.356957,87.62061,136.17593,7.593081,-46.7968,248.08408,0.61272025,24.031782,0.036,65,764.40656
7/29/2026 15:14,37526.61,38105.81,24.555304,26.647758,1.0157001,24.768776,5.7662954,78.65434,122.20255,7.441407,-37.86564,248.3797,0.4886219,24.204199,0.036,65,764.40656
7/29/2026 15:44,33290.516,33707.387,21.441849,30.038586,1.0133163,21.909801,5.0905657,68.38996,106.22617,7.2801847,-28.357506,243.23941,0.4707777,24.352495,0.045,65,764.40656
7/29/2026 16:14,29072.727,29398.516,18.443195,34.3965,1.0110449,19.109035,4.591118,60.704575,94.277176,7.1699543,-21.848679,246.21964,0.51941,24.419802,0.045,65,764.40656
7/29/2026 16:44,26757.95,27021.107,16.812412,37.37207,1.0098014,17.563719,4.318032,56.635586,87.946365,7.110262,-18.324852,144.22894,0.55898476,24.490105,0.045,65,764.40656
7/29/2026 17:14,24942.957,25119.848,15.521389,40.091476,1.0087941,16.327902,4.287185,55.95951,86.87363,7.0876226,-16.994476,176.8589,0.523335,24.631315,0.045,65,764.40656
7/29/2026 17:44,23837.254,23982.697,14.754348,41.95114,1.0082048,15.588754,4.1825438,54.40532,84.45274,7.0663743,-15.740395,175.44746,0.5087351,24.682486,0.045,65,764.40656
7/29/2026 18:14,22678.154,22817.03,13.972059,44.0953,1.0076187,14.831069,4.2229605,54.685528,84.88788,7.0585566,-15.277863,199.48483,0.5312635,24.681335,0.045,65,764.40656
7/29/2026 18:44,21989.615,22132.516,13.514695,45.476013,1.0072812,14.386135,4.2391787,54.733704,84.96575,7.0422096,-14.309883,230.97038,0.61556727,24.661959,0.045,65,764.40656
7/29/2026 19:14,21138.783,21374.54,13.008791,47.30641,1.0069667,13.893451,3.8290174,49.08365,76.22892,7.056684,-15.153885,246.56296,0.61656827,24.42253,0.045,65,764.40656
7/29/2026 19:44,40814.258,41791.465,27.197296,24.501242,1.0178126,27.164452,6.427912,88.34858,137.3706,7.8052692,-59.27086,213.87576,1.2169746,23.775764,0.036,65,764.40656
7/29/2026 20:14,42419.24,43600.414,28.506413,23.57421,1.0188556,28.34027,6.9028363,95.26682,148.17879,7.9098063,-65.39345,206.30359,1.4722593,23.581629,0.027,65,764.40656
7/29/2026 20:44,42688.273,43950.273,28.75929,23.425636,1.0190706,28.567677,7.081396,97.72726,152.02855,7.929061,-66.50925,213.91391,1.6520627,23.496637,0.027,65,764.40656
7/29/2026 21:14,42693.48,44105.016,28.867678,23.42278,1.0192014,28.66826,7.16566,98.651695,153.51303,7.9365993,-66.91456,220.70885,1.5405599,23.324398,0.027,65,764.40656
7/29/2026 21:44,42689.527,44273.457,28.98528,23.42495,1.0193458,28.777748,7.158839,98.28099,152.98859,7.930794,-66.52832,213.84239,1.5446067,23.126907,0.027,65,764.40656
7/29/2026 22:14,42610.477,44306.164,29.005552,23.468407,1.0193977,28.799007,7.2105947,98.77398,153.79059,7.9458838,-67.38663,218.06717,1.1344662,22.99623,0.018,65,764.40656
7/29/2026 22:44,42683.03,44505.348,29.147007,23.428514,1.0195438,28.928476,7.3578978,100.62399,156.70853,7.9562387,-67.9636,220.12234,1.1431092,22.85623,0.027,65,764.40656
7/29/2026 23:14,42614.168,44503.36,29.143295,23.466373,1.0195628,28.927183,7.344856,100.30284,156.22926,7.95679,-67.977905,212.23544,0.86822236,22.777458,0.018,65,764.40656
7/29/2026 23:44,42648.785,44599.355,29.211447,23.447327,1.0196332,28.989582,7.3171206,99.84396,155.53221,7.9547,-67.83962,210.26135,0.8728334,22.710188,0.018,65,764.40656
7/30/2026 0:14,42588.47,44569.535,29.188585,23.480534,1.0196263,28.9702,7.2791576,99.2467,154.61156,7.9536285,-67.7681,230.96085,1.0767564,22.672832,0.018,65,764.40656
7/30/2026 0:44,42612.348,44605.973,29.214811,23.467377,1.0196495,28.993883,6.9329734,94.51953,147.2505,7.9233265,-65.984726,243.92128,1.2297344,22.659994,0.018,65,764.40656
7/30/2026 1:14,42538.566,44544.914,29.169693,23.50808,1.0196205,28.954195,6.6385922,90.45315,140.91985,7.8901196,-64.02969,242.76257,0.77150893,22.641834,0.018,65,764.40656
7/30/2026 1:44,42505.098,44521.22,29.152027,23.52659,1.0196106,28.938793,5.947568,81.01102,126.21237,7.788712,-58.06923,227.64682,0.399789,22.629084,0.018,65,764.40656
7/30/2026 2:14,42346.887,44350.227,29.027418,23.614487,1.0195147,28.827648,5.2282453,71.169334,110.87827,7.668085,-50.98343,226.14479,0.13616511,22.635033,0.018,65,764.40656
7/30/2026 2:44,41963.938,43901.27,28.701712,23.829985,1.0192531,28.535826,4.5175257,61.438362,95.7091,7.516099,-42.061806,204.2818,0.2750714,22.68957,0.018,65,764.40656
7/30/2026 3:14,40472.35,42257.055,27.510242,24.708225,1.018325,27.467085,4.135428,55.954193,87.15122,7.4118633,-35.948753,190.70625,0.10334443,22.788773,0.018,65,764.40656
7/30/2026 3:44,37168.844,38767.746,25.000622,26.904253,1.0164151,25.199034,3.7081382,49.49535,77.08449,7.291314,-28.867722,178.89977,0.3415981,22.840677,0.018,65,764.40656
7/30/2026 4:14,33192.008,34622.88,22.060465,30.127735,1.0141982,22.504871,3.3273368,43.66036,67.99752,7.1806917,-22.363663,185.39905,0.22253303,22.836266,0.027,65,764.40656
7/30/2026 4:44,31333.09,32708.408,20.717869,31.915142,1.0131962,21.260466,3.0786874,40.05791,62.390995,7.117306,-18.634796,187.52098,0.4151277,22.79854,0.018,65,764.40656
7/30/2026 5:14,30179.191,31540.955,19.903717,33.135414,1.0125982,20.50162,2.8419938,36.765163,57.268196,7.084754,-16.71791,182.23763,0.3246301,22.73956,0.018,65,764.40656
7/30/2026 5:44,29337.555,30697.893,19.318027,34.086002,1.0121727,19.95363,2.6272001,33.83478,52.708923,7.046103,-14.4433975,183.54892,4.62838,22.679909,0.018,65,764.40656
7/30/2026 6:14,28271.16,29627.457,18.577442,35.371735,1.0116347,19.257847,2.5451965,32.592873,50.78078,7.039429,-14.047623,146.80862,3.878269,22.603226,0.018,65,764.40656
7/30/2026 6:44,28043.107,29410.074,18.427156,35.659386,1.0115311,19.116549,2.381596,30.450851,47.44636,7.008448,-12.226105,195.8847,3.7534502,22.566517,0.018,65,764.40656
7/30/2026 7:14,27062.812,28423.398,17.748266,36.951073,1.0110385,18.47521,2.367641,30.113539,46.926483,7.0091486,-12.264252,186.01418,13.751168,22.493793,0.018,65,764.40656
7/30/2026 7:44,25802.266,27138.908,16.869293,38.756287,1.010395,17.64029,2.3972628,30.295015,47.214973,6.9925656,-11.277199,174.7656,0.3650132,22.421366,0.018,65,764.40656
7/30/2026 8:14,23725.195,24999.234,15.4170685,42.149284,1.0093241,16.249502,2.4595726,30.771063,47.964012,6.999007,-11.630058,173.50674,0.3418795,22.331776,0.018,65,764.40656
7/30/2026 8:44,41888.81,43966.77,28.744703,23.872725,1.0193311,28.5784,6.8197336,92.50027,144.13724,7.821048,-59.947968,195.02164,5.5555687,22.525545,0.018,65,764.40656
7/30/2026 9:14,42261.844,44382.062,29.046637,23.662006,1.0195669,28.848341,7.0899506,96.28817,150.04639,7.896168,-64.35394,182.59048,1.9612086,22.498848,0.018,65,764.40656
7/30/2026 9:44,41933.16,43973.883,28.751186,23.847475,1.0193236,28.583025,7.302293,99.128494,154.454,7.9032907,-64.787865,198.95554,0.1864943,22.570284,0.018,65,764.40656
7/30/2026 10:14,42449,44548.824,29.169306,23.55768,1.0196505,28.956736,7.4235826,100.95103,157.30376,7.941592,-67.029,218.18637,0.2543174,22.53218,0.018,65,764.40656
7/30/2026 10:44,42478.55,44519.355,29.149807,23.541292,1.019617,28.937582,7.56928,103.04511,160.54858,7.951396,-67.62028,231.44722,0.35355508,22.599955,0.018,65,764.40656
7/30/2026 11:14,42451.734,44463.844,29.110195,23.556164,1.0195786,28.901499,7.7488494,105.52335,164.40129,7.9757876,-69.060326,218.46771,0.21110003,22.630747,0.018,65,764.40656
7/30/2026 11:44,42369.438,44332.98,29.016174,23.60192,1.0194935,28.816437,7.731743,105.32769,164.08255,7.970313,-68.75038,218.40096,8.673788,22.68111,0.018,65,764.40656
7/30/2026 12:14,41302.06,43237.88,28.218143,24.211868,1.0188967,28.104622,7.7169633,104.59444,162.94717,7.9738207,-68.95065,229.11548,5.3641553,22.655949,0.018,65,764.40656
7/30/2026 12:44,42760.367,44731.707,29.307602,23.38614,1.0197108,29.075611,7.7896056,106.317085,165.62065,7.9021044,-64.74495,232.9111,0.7476107,22.692656,0.018,65,764.40656
7/30/2026 13:14,42839.61,44672.082,29.268675,23.342884,1.0196368,29.036854,7.789227,106.59023,166.0012,7.9820447,-69.47994,244.7319,0.33960345,22.852325,0.027,65,764.40656
7/30/2026 13:44,42473.45,43920.453,28.73176,23.54412,1.0191125,28.548294,7.9267535,108.9495,169.55214,7.960841,-68.330765,231.54736,0.23890904,23.275078,0.027,65,764.40656
7/30/2026 14:14,42141.145,43041.953,28.107708,23.729778,1.0184628,27.977268,8.003644,110.833206,172.2916,7.9460993,-67.60597,236.3491,0.061665207,23.90426,0.036,65,764.40656
7/30/2026 14:44,43547.32,44029.945,28.839973,22.963526,1.0188644,28.619465,7.8580694,110.27547,171.26118,7.898671,-64.92138,214.3526,0.03981115,24.42611,0.036,65,764.40656
7/30/2026 15:14,42961.715,43235.918,28.266026,23.276539,1.0183612,28.103348,7.464762,104.85265,162.76598,7.82362,-60.534477,231.84299,0.03970084,24.667957,0.036,65,764.40656
7/30/2026 15:44,41276.297,41568.137,27.053871,24.22698,1.0174586,27.019289,6.839236,95.344604,148.01619,7.6833057,-52.227974,235.98193,0.37338698,24.632421,0.045,65,764.40656
7/30/2026 16:14,37652.207,37948.176,24.449518,26.558868,1.01551,24.666313,6.168249,84.66062,131.44006,7.506688,-41.775703,247.01118,0.2781838,24.591661,0.045,65,764.40656
7/30/2026 16:44,33690.137,33938.668,21.608107,29.682278,1.0133667,22.060133,5.6443505,76.25693,118.387375,7.3408704,-31.971931,231.7667,0.33627573,24.616598,0.045,65,764.40656
7/30/2026 17:14,31015.625,31281.18,19.748821,32.241814,1.0119873,20.332767,5.348567,71.42091,110.89219,7.2748575,-28.061867,209.27429,0.30012277,24.555536,0.045,65,764.40656
7/30/2026 17:44,29287.682,29446.611,18.479609,34.144047,1.0109893,19.140297,4.9389415,65.663536,101.92204,7.215282,-24.552345,224.08008,0.5084115,24.717422,0.045,65,764.40656
7/30/2026 18:14,28415.01,28518.68,17.84139,35.19267,1.0104847,18.537142,4.7028146,62.39935,96.83857,7.1697125,-21.862984,221.83418,0.44891864,24.809677,0.045,65,764.40656
7/30/2026 18:44,27458.023,27545.71,17.174206,36.419228,1.0099777,17.904713,4.5099454,59.63839,92.549614,7.14777,-20.565987,245.24213,0.60705143,24.833332,0.045,65,764.40656
7/30/2026 19:14,25889.273,25993.88,16.115416,38.626038,1.0091958,16.896023,4.3642497,57.319874,88.95907,7.1198616,-18.911362,156.13556,0.41895935,24.789303,0.045,65,764.40656
7/30/2026 19:44,24637.523,24793.738,15.301185,40.588493,1.0086182,16.11593,4.215014,54.986607,85.35704,7.0835547,-16.756058,160.38419,0.5372273,24.670126,0.054,65,764.40656
7/30/2026 20:14,27786.51,28237.543,17.641638,35.988686,1.0105134,18.354403,4.180441,54.770706,85.10167,7.15913,-21.190643,222.89276,0.41314778,24.163727,0.045,65,764.40656
7/30/2026 20:44,42438.305,43967.83,28.76374,23.563618,1.0191637,28.57909,7.9001245,108.41842,168.75388,7.965675,-68.593025,209.18369,1.3707315,23.178675,0.036,65,764.40656
7/30/2026 21:14,42671.957,44324.35,29.02026,23.434595,1.0193943,28.81083,7.8922853,108.22096,168.48447,7.9828844,-69.57531,206.17485,2.087277,23.04819,0.027,65,764.40656
7/30/2026 21:44,42827.633,44557.527,29.188267,23.349411,1.0195439,28.962395,7.802695,106.94297,166.5179,7.978181,-69.27967,209.25998,2.607926,22.967337,0.027,65,764.40656
7/30/2026 22:14,42765.44,44557.258,29.186003,23.383368,1.0195626,28.962217,7.713419,105.58156,164.41853,7.9792814,-69.327354,224.20407,1.4241235,22.894567,0.027,65,764.40656
7/30/2026 22:44,42748.98,44681.348,29.272068,23.39237,1.019672,29.042877,7.5704527,103.383995,161.03976,7.9729366,-68.917274,230.32188,1.396893,22.735722,0.018,65,764.40656
7/30/2026 23:14,42650.164,44684.348,29.270763,23.44657,1.0197039,29.044827,7.4139175,101.03087,157.40593,7.9638314,-68.35461,229.21085,1.3937448,22.616575,0.018,65,764.40656
7/30/2026 23:44,42609.746,44741.938,29.309502,23.46881,1.0197642,29.08226,7.308794,99.42261,154.9292,7.954851,-67.801476,223.9418,1.010553,22.50496,0.018,65,764.40656
7/31/2026 0:14,42518.9,44715.957,29.28819,23.518953,1.0197694,29.065372,7.209023,97.91771,152.6038,7.952068,-67.62028,237.56027,0.6965102,22.427557,0.018,65,764.40656
7/31/2026 0:44,42556.145,44748.926,29.312473,23.49837,1.0197858,29.086802,7.15239,97.17427,151.44342,7.9466805,-67.305565,242.50984,0.6809648,22.434456,0.018,65,764.40656
7/31/2026 1:14,42465.145,44671.496,29.25532,23.548725,1.0197482,29.036472,6.889637,93.53925,145.78331,7.92621,-66.09917,246.1195,0.6751663,22.414104,0.009,65,764.40656
7/31/2026 1:44,42432.305,44702.902,29.276007,23.56695,1.0197841,29.056887,6.657598,90.2811,140.72247,7.892368,-64.09645,241.89471,0.46387064,22.340677,0.018,65,764.40656
7/31/2026 2:14,42215.652,44569.36,29.175297,23.687897,1.0197366,28.970083,5.91294,79.984695,124.69506,7.7739387,-57.12509,236.30142,0.13170947,22.235079,0.018,65,764.40656
7/31/2026 2:44,41959.516,44397.098,29.046259,23.832497,1.0196689,28.858114,5.1106,68.94373,107.50166,7.6081996,-47.38331,215.0488,0.06325823,22.125443,0.009,65,764.40656
7/31/2026 3:14,41074.895,43487.2,28.383076,24.345772,1.0191748,28.26668,4.7664895,64.01965,99.82857,7.5007076,-41.074753,199.99504,0.039320067,22.095728,0.009,65,764.40656
7/31/2026 3:44,38976.8,41228.504,26.749693,25.656288,1.0179265,26.798529,4.4664717,59.470802,92.728546,7.401255,-35.247803,185.05096,0.04063848,22.140564,0.009,65,764.40656
7/31/2026 4:14,34841.195,36841.316,23.61345,28.701656,1.0155512,23.946857,4.0482225,52.944305,82.54995,7.2718825,-27.661324,175.9243,0.039761275,22.157583,0.009,65,764.40656
7/31/2026 4:44,30737.9,32539.63,20.587608,32.533127,1.0132815,21.15076,3.644761,46.788467,72.9586,7.1675725,-21.538734,174.0551,0.17750542,22.101028,0.018,65,764.40656
7/31/2026 5:14,28741.19,30497.92,19.168259,34.79327,1.0122405,19.823647,3.373155,42.853943,66.8361,7.1087456,-18.081665,168.05173,0.04822845,21.98421,0.009,65,764.40656
7/31/2026 5:44,27533.932,29298.117,18.338884,36.318825,1.0116497,19.043776,3.1776466,40.07437,62.51482,7.0778832,-16.264915,168.69545,0.08243991,21.847383,0.009,65,764.40656
7/31/2026 6:14,26445.469,28210.965,17.59125,37.81366,1.0111171,18.337128,3.0165668,37.790783,58.964226,7.0536575,-14.839172,163.44547,0.08814329,21.723461,0.009,65,764.40656
7/31/2026 6:44,25640.666,27400.986,17.036741,39.000546,1.0107205,17.810642,2.9263155,36.48286,56.931385,7.0372005,-13.871193,162.03403,0.057649102,21.636496,0.009,65,764.40656
7/31/2026 7:14,24663.715,26395.887,16.352081,40.54539,1.010222,17.157328,2.9391017,36.447216,56.8823,7.028624,-13.365746,187.08229,0.08381003,21.56425,0.009,65,764.40656
7/31/2026 7:44,24092.059,25782.309,15.936371,41.507454,1.0099074,16.758501,3.0508611,37.743916,58.905697,7.01567,-12.607574,201.1013,0.10533652,21.56762,0,65,764.40656
7/31/2026 8:14,23218.947,24821.953,15.288662,43.068275,1.009406,16.13427,3.1747534,39.166153,61.120373,7.015877,-12.62188,202.93236,0.040020414,21.618841,0.009,65,764.40656
7/31/2026 8:44,20606.66,21974.275,13.384736,48.528,1.0079402,14.283279,3.373407,41.25264,64.36383,7.0141587,-12.526512,216.12643,0.06491885,21.741514,0.009,65,764.40656
7/31/2026 9:14,40950.418,42437.805,27.650927,24.419775,1.0183269,27.584574,7.625415,103.9531,161.80742,7.8648624,-62.656403,185.91403,0.07927729,23.164993,0.018,65,764.40656
7/31/2026 9:44,42772.934,44575.727,29.199156,23.37927,1.0195758,28.974222,7.8338118,107.21479,166.96532,7.951595,-67.69657,185.61841,0.63442796,22.882545,0.018,65,764.40656
7/31/2026 10:14,42811.16,44651.71,29.253492,23.358395,1.0196283,29.023613,7.9351087,108.55693,169.06715,7.976977,-69.179535,209.36966,0.04074161,22.841877,0.018,65,764.40656
7/31/2026 10:44,42893.152,44678.62,29.275032,23.313745,1.0196263,29.041105,8.104796,111.0218,172.88657,7.9939055,-70.19043,210.62375,0.1501718,22.907724,0.009,65,764.40656
7/31/2026 11:14,43047.46,44641.914,29.254465,23.230173,1.0195483,29.017244,8.245458,113.38122,176.49333,8.013753,-71.41113,226.6264,0.37996364,23.130024,0.027,65,764.40656
7/31/2026 11:44,43330.473,44665.95,29.28031,23.078447,1.0194818,29.032867,8.403823,116.19911,180.78386,8.023758,-72.07394,221.97247,0.35909203,23.434597,0.027,65,764.40656
7/31/2026 12:14,43342.37,44616.086,29.245722,23.072111,1.0194355,29.000456,8.750635,121.120895,188.41779,8.053894,-73.866844,233.19244,0.338455,23.505322,0.036,65,764.40656
7/31/2026 12:44,43576.992,44676.793,29.295483,22.94789,1.0194145,29.039915,8.888709,123.51348,192.06961,8.062325,-74.41521,230.51262,0.29338893,23.711159,0.027,65,764.40656
7/31/2026 13:14,43455.973,44623.67,29.254534,23.011797,1.0194069,29.005386,8.815985,122.29961,190.20949,8.0623455,-74.39613,235.10933,0.6412345,23.62996,0.027,65,764.40656
7/31/2026 13:44,43711.312,44684.88,29.305182,22.877373,1.0193795,29.045172,8.796729,122.559875,190.53618,8.058947,-74.25308,239.62975,0.35969123,23.859303,0.036,65,764.40656
7/31/2026 14:14,44323.176,44681.117,29.319788,22.56156,1.0191813,29.042727,9.002221,127.01911,197.20792,8.058075,-74.38183,242.34296,0.30007377,24.580578,0.045,65,764.40656
7/31/2026 14:44,45361.23,44772.367,29.410257,22.045258,1.0189196,29.10204,8.712282,125.357216,194.21294,8.007219,-71.640015,233.02078,0.10535347,25.688602,0.054,65,764.40656
7/31/2026 15:14,46050.543,44716.38,29.385267,21.715271,1.0186341,29.065645,8.374885,122.28409,189.11615,7.9544415,-68.707466,226.22586,0.039385077,26.562103,0.072,65,764.40656
7/31/2026 15:44,45675.293,43993.746,28.862543,21.893675,1.0181051,28.595936,7.824794,114.76149,177.31842,7.866773,-63.581467,231.00853,0.058474075,27.001173,0.081,65,764.40656
7/31/2026 16:14,42727.312,41230.59,26.84744,23.404234,1.0166242,26.799885,7.1748357,103.86788,160.52094,7.7310367,-55.470467,254.26865,0.06769123,26.900587,0.09,65,764.40656
7/31/2026 16:44,38230.21,36933.375,23.75672,26.157324,1.0143265,24.006695,6.6307955,94.23938,145.65984,7.5445313,-44.345856,259.45663,0.08946746,26.838371,0.081,65,764.40656
7/31/2026 17:14,34382.53,33214.035,21.124075,29.084538,1.0123543,21.589123,6.156463,86.21833,133.26122,7.395038,-35.438538,252.86674,0.10091714,26.841925,0.081,65,764.40656
7/31/2026 17:44,32061.93,30985.322,19.565418,31.189638,1.0111951,20.14046,5.8659105,81.40152,125.82225,7.3079305,-30.24578,152.11581,0.11684321,26.819145,0.081,65,764.40656
7/31/2026 18:14,30653.496,29629.6,18.624529,32.622707,1.0104944,19.25924,5.5724792,76.90876,118.88029,7.256166,-27.160645,216.86554,0.2407765,26.809242,0.081,65,764.40656
7/31/2026 18:44,29435.723,28496.404,17.84185,33.97233,1.009934,18.522663,5.341683,73.29444,113.31341,7.215465,-24.728775,209.99432,0.32639116,26.725794,0.081,65,764.40656
7/31/2026 19:14,28499.898,27632.969,17.248058,35.087845,1.0095147,17.96143,5.130984,70.06782,108.34387,7.192678,-23.36502,241.34158,0.3716255,26.642567,0.072,65,764.40656
7/31/2026 19:44,27512.656,26778.535,16.662024,36.34691,1.0091372,17.406048,4.756235,64.50403,99.783676,7.1494374,-20.775795,260.64395,0.3377617,26.43532,0.072,65,764.40656
7/31/2026 20:14,26393.23,25750.068,15.960569,37.888504,1.0086497,16.737543,4.5813313,61.749542,95.54774,7.1309876,-19.669533,276.4225,0.46952367,26.307701,0.072,65,764.40656
7/31/2026 20:44,23810.31,23381.338,14.358116,41.99861,1.0075511,15.19787,4.342337,57.64996,89.26719,7.1069727,-18.219948,260.92053,0.59192216,25.960567,0.063,65,764.40656
7/31/2026 21:14,39308.03,39935.695,25.866606,25.440094,1.0166953,25.958202,6.7884746,93.25084,144.88782,7.764511,-56.943893,203.05157,0.627936,24.177126,0.036,65,764.40656
7/31/2026 21:44,42930.848,43976.63,28.785046,23.293274,1.0190166,28.58481,8.197641,113.664116,176.73958,8.000607,-70.786476,196.52367,0.64891416,23.754957,0.036,65,764.40656
7/31/2026 22:14,43267.973,44414.855,29.102346,23.111784,1.0192868,28.869656,8.239681,114.2411,177.67055,8.022797,-72.06917,211.79675,0.74847955,23.64806,0.036,65,764.40656
7/31/2026 22:44,43376.242,44577.875,29.219976,23.054094,1.0193925,28.975618,8.067608,111.81441,173.91481,8.013819,-71.52557,214.9725,0.65776825,23.5887,0.036,65,764.40656
7/31/2026 23:14,43270.273,44552.258,29.198755,23.110554,1.0194035,28.95897,7.994285,110.599045,172.0534,8.010081,-71.28239,218.51062,0.7512703,23.493464,0.027,65,764.40656
7/31/2026 23:44,43302.72,44623.867,29.24995,23.093239,1.0194546,29.005512,7.926338,109.60726,170.52362,8.006131,-71.0392,216.71295,0.8374094,23.449934,0.027,65,764.40656
8/1/2026 0:14,43207.48,44578.09,29.214893,23.14414,1.0194451,28.97576,7.7649913,107.24189,166.86108,7.9987636,-70.59097,229.1441,0.86676526,23.39025,0.027,65,764.40656
8/1/2026 0:44,43222.723,44611.36,29.23868,23.135979,1.0194687,28.997385,7.7214026,106.61688,165.89442,7.992772,-70.233345,227.64682,0.72559565,23.370293,0.027,65,764.40656
8/1/2026 1:14,43075.54,44575.13,29.208641,23.21503,1.0194832,28.973833,7.5382876,103.82887,161.5934,7.9793706,-69.413185,228.09029,0.824557,23.238646,0.027,65,764.40656
8/1/2026 1:44,43095.438,44621.105,29.241453,23.204313,1.0195159,29.003717,7.2927904,100.41543,156.28874,7.962474,-68.41183,234.11751,0.82491857,23.209864,0.027,65,764.40656
8/1/2026 2:14,43036.504,44565.953,29.20097,23.236088,1.0194874,28.96787,7.113025,97.90575,152.38437,7.9421673,-67.214966,235.75783,0.61847603,23.203203,0.027,65,764.40656
8/1/2026 2:44,42984.992,44619.7,29.236897,23.263933,1.0195485,29.002804,6.3535275,87.28237,135.87822,7.834204,-60.834885,239.20535,0.11927257,23.08186,0.027,65,764.40656
8/1/2026 3:14,42722.887,44492.53,29.139393,23.406658,1.0195208,28.920145,5.5539536,76.033325,118.39943,7.6916633,-52.41871,213.61351,0.040152702,22.917593,0.018,65,764.40656
8/1/2026 3:44,42246.574,44072.348,28.830385,23.670559,1.0193113,28.647026,5.2631936,71.81363,111.845,7.6105723,-47.636032,203.34244,0.03943949,22.831062,0.018,65,764.40656
8/1/2026 4:14,40436.273,42181.836,27.456947,24.73027,1.0182724,27.418192,4.8880677,66.16993,103.05489,7.5069103,-41.542053,213.74702,0.04034115,22.833408,0.027,65,764.40656
8/1/2026 4:44,36597.28,38101.414,24.526838,27.324434,1.0160322,24.765919,4.336987,57.826668,90.045555,7.349052,-32.27234,200.11426,0.03919587,22.93314,0.018,65,764.40656
8/1/2026 5:14,32752.969,34103.047,21.69672,30.531584,1.0138993,22.16698,3.7907515,49.71841,77.42043,7.2239532,-24.914742,192.53731,0.040650424,22.92732,0.018,65,764.40656
8/1/2026 5:44,30450.02,31754.29,20.053812,32.840702,1.0126822,20.640287,3.4262967,44.451088,69.22746,7.151234,-20.632744,171.72813,0.061363045,22.84954,0.027,65,764.40656
8/1/2026 6:14,29320.87,30638.027,19.277657,34.1054,1.0121241,19.914719,3.1838546,41.04596,63.93524,7.1112742,-18.277168,148.59677,0.076703124,22.749165,0.018,65,764.40656
8/1/2026 6:44,28398.344,29723.613,18.64465,35.21332,1.0116692,19.320349,2.978737,38.203,59.515297,7.084338,-16.6893,155.80177,0.06910867,22.665632,0.027,64,764.40656
8/1/2026 7:14,27641.107,28947.67,18.110126,36.178,1.011274,18.815985,2.8963318,37.01201,57.662674,7.0696754,-15.826225,164.75677,0.08072912,22.636894,0.018,64,764.40656
8/1/2026 7:44,26905.451,28164.268,17.573034,37.16719,1.0108634,18.306774,2.9534357,37.640472,58.639515,7.0553713,-14.986992,192.84726,0.13356517,22.659922,0.018,64,764.40656
8/1/2026 8:14,26159.402,27337.408,17.008894,38.227173,1.0104167,17.769316,3.0260906,38.5,59.97007,7.0428042,-14.252663,202.54135,0.037332743,22.743908,0.018,64,764.40656
8/1/2026 8:44,26180.396,27295.625,16.981874,38.196518,1.010366,17.742157,2.934752,37.41202,58.263805,7.033463,-13.709068,218.67276,0.15249838,22.860867,0.027,64,764.40656
8/1/2026 9:14,25018.246,25955.904,16.073288,39.97083,1.0096173,16.871338,3.0298736,38.59705,60.083794,7.04518,-14.410019,229.22516,0.09488191,23.108637,0.027,64,764.40656
8/1/2026 9:44,34651.86,34640.707,22.108047,28.85848,1.0136282,22.51646,7.0415325,96.078125,149.0464,7.547146,-44.231415,200.71506,0.083914675,25.016857,0.036,64,764.40656
8/1/2026 10:14,43470.656,44212.008,28.965887,23.004023,1.0190477,28.737806,7.961354,111.21506,172.81694,7.954466,-68.14957,198.87924,0.04555699,24.122087,0.036,64,764.40656
8/1/2026 10:44,43418.367,43843.164,28.705082,23.031727,1.0187434,28.498056,8.022387,112.62512,174.88866,7.9548836,-68.25924,207.13806,0.11904115,24.492725,0.045,64,764.40656
8/1/2026 11:14,43525.68,43924.402,28.765121,22.974943,1.0187793,28.550863,8.086591,113.62834,176.436,7.958308,-68.46905,208.37784,0.44094914,24.524738,0.045,64,764.40656
8/1/2026 11:44,43604.016,44162.76,28.934988,22.933668,1.0189619,28.705797,8.425155,118.11606,183.46791,8.011652,-71.578026,214.43367,0.49215338,24.337591,0.045,64,764.40656
8/1/2026 12:14,43575.13,44241.27,28.989405,22.948872,1.0190395,28.756826,8.795333,123.074,191.21324,8.047848,-73.685646,227.95677,0.848707,24.211674,0.036,64,764.40656
8/1/2026 12:44,43794.445,44362.7,29.08095,22.833946,1.0190743,28.835754,9.03634,126.77237,196.91658,8.064624,-74.70608,224.85257,0.7274723,24.329357,0.036,64,764.40656
8/1/2026 13:14,43714.055,44426.42,29.12354,22.875938,1.0191555,28.877174,8.979757,125.638916,195.21649,8.064293,-74.64409,226.20201,0.6365361,24.160484,0.036,64,764.40656
8/1/2026 13:44,43988.86,44462.76,29.156765,22.733028,1.0190988,28.900797,9.093207,127.87553,198.58879,8.071164,-75.120926,221.70544,0.7665713,24.441967,0.036,64,764.40656
8/1/2026 14:14,44036.613,44408.395,29.119728,22.708376,1.0190358,28.865456,9.025041,127.15403,197.42433,8.07025,-75.097084,242.2905,0.5155157,24.561684,0.045,64,764.40656
8/1/2026 14:44,44437.465,44473.066,29.175842,22.503534,1.0189613,28.907494,9.224725,130.90314,203.09343,8.069608,-75.15907,239.19583,0.48878354,24.958088,0.045,64,764.40656
8/1/2026 15:14,45578.293,44467.664,29.198343,21.94027,1.0185719,28.903982,8.986595,130.51537,201.95206,8.031821,-73.251724,232.60117,0.2916232,26.307652,0.072,64,764.40656
8/1/2026 15:44,46672.652,44461.793,29.214787,21.425823,1.0181803,28.900166,8.603135,127.70577,197.06195,7.969682,-69.85664,224.81918,0.10401362,27.6034,0.09,64,764.40656
8/1/2026 16:14,46836.977,44077.406,28.941753,21.350653,1.0177603,28.650314,8.034791,120.42696,185.55003,7.89037,-65.2647,247.5071,0.100088045,28.277874,0.108,64,764.40656
8/1/2026 16:44,45608.496,42603.12,27.867838,21.92574,1.0168222,27.692028,7.442774,111.652214,171.86572,7.7721148,-58.264732,254.09698,0.18710019,28.693378,0.126,64,764.40656
8/1/2026 17:14,41656.23,39004.723,25.25818,24.006012,1.0149136,25.35307,6.751873,99.60862,153.37483,7.5987697,-47.85061,250.535,0.28554702,28.559113,0.126,64,764.40656
8/1/2026 17:44,37170.098,34865.97,22.302235,26.903345,1.0127367,22.66288,6.173764,89.44835,137.76178,7.4232874,-37.322044,246.05273,0.32193142,28.459963,0.126,64,764.40656
8/1/2026 18:14,34640.15,32595.113,20.700571,28.868237,1.0115956,21.186823,5.7215424,81.92049,126.21847,7.3227444,-31.280518,200.94394,0.35942787,28.284843,0.117,64,764.40656
8/1/2026 18:44,33228.18,31373.623,19.844835,30.094938,1.011016,20.392855,5.2654295,74.79181,115.28462,7.255575,-27.241707,155.38693,0.39271054,28.09487,0.108,64,764.40656
8/1/2026 19:14,32471.652,30735.84,19.399616,30.796093,1.0107263,19.978296,4.9654427,70.191666,108.22748,7.2228565,-25.27237,204.39148,0.45475224,27.956818,0.108,64,764.40656
8/1/2026 19:44,31682.95,30087.127,18.947844,31.562717,1.0104442,19.556631,4.570852,64.25471,99.11307,7.181865,-22.807121,182.74307,0.4015252,27.776968,0.099,64,764.40656
8/1/2026 20:14,30749.812,29319.357,18.414816,32.520523,1.0101138,19.057583,4.2171774,58.883007,90.87176,7.152449,-21.033287,154.2616,0.5374553,27.554386,0.09,64,764.40656
8/1/2026 20:44,30216.764,28927.92,18.14313,33.09421,1.0099782,18.803148,3.8876019,53.99366,83.36648,7.123628,-19.2976,169.98767,0.448432,27.332653,0.099,64,764.40656
8/1/2026 21:14,28987.209,27894.773,17.43024,34.497974,1.00953,18.131603,3.6778579,50.631023,78.22199,7.110577,-18.501282,174.20291,0.45455736,27.050404,0.081,64,764.40656
8/1/2026 21:44,28384.129,27411.896,17.097866,35.230957,1.0093391,17.817734,2.5573595,35.023033,54.130768,7.0618052,-15.583038,215.14417,0.27540925,26.856936,0.09,64,764.40656
8/1/2026 22:14,42051.29,42040.855,27.404034,23.780483,1.0176109,27.326555,6.6032724,92.850235,144.04004,7.829279,-60.93979,211.96841,1.0304233,25.012993,0.054,64,764.40656
8/1/2026 22:44,43243.105,43618.69,28.54252,23.125074,1.0186044,28.35215,7.873666,110.54271,171.63696,7.992808,-70.51468,210.77156,1.1606282,24.54918,0.045,64,764.40656
8/1/2026 23:14,42510.883,43200.926,28.229404,23.523388,1.0184801,28.080603,8.221667,114.45069,177.83127,8.031174,-72.68906,217.86212,1.2572346,24.163725,0.036,64,764.40656
8/1/2026 23:44,42342.434,43097.242,28.15209,23.61697,1.018445,28.013208,8.291495,115.20897,179.03581,8.036676,-72.99423,212.33081,1.4952766,24.08303,0.036,64,764.40656
8/2/2026 0:14,42223.594,42998.27,28.079481,23.683441,1.0183978,27.948875,8.239338,114.38379,177.76196,8.039613,-73.161125,234.86137,1.5304896,24.056734,0.036,64,764.40656
8/2/2026 0:44,42234.766,43033.94,28.104755,23.677177,1.0184252,27.972061,8.073546,112.04166,174.13127,8.028505,-72.49832,239.88724,1.3173449,24.027704,0.036,64,764.40656
8/2/2026 1:14,42266.36,43086.383,28.142357,23.659477,1.0184604,28.00615,7.8473506,108.88002,169.22499,8.013983,-71.63525,240.8123,1.2723008,24.003553,0.036,64,764.40656
8/2/2026 1:44,42434.625,43397.32,28.364788,23.56566,1.0186756,28.20826,7.8141537,108.24415,168.28673,7.9993796,-70.734024,235.54802,1.1464015,23.838572,0.027,64,764.40656
8/2/2026 2:14,42384.824,43367.754,28.342651,23.59335,1.018666,28.189041,7.5268135,104.20448,162.01361,7.9808884,-69.6373,253.22914,1.0794449,23.813349,0.036,64,764.40656
8/2/2026 2:44,42389.633,43334.34,28.319412,23.590673,1.0186355,28.167322,7.2755537,100.79259,156.69618,7.961714,-68.51673,251.17874,1.2085434,23.858614,0.036,64,764.40656
8/2/2026 3:14,42216.793,43126.137,28.16876,23.687256,1.018511,28.03199,6.731629,93.23767,144.94125,7.902005,-65.00244,247.69783,0.7228999,23.896038,0.036,64,764.40656
8/2/2026 3:44,42196.01,43118.414,28.16276,23.698923,1.0185112,28.02697,5.766681,79.847374,124.12913,7.742603,-55.594444,238.49011,0.40821373,23.879982,0.036,64,764.40656
8/2/2026 4:14,42079.32,43007.984,28.082176,23.764643,1.0184535,27.95519,5.271324,72.94119,113.39505,7.6471014,-49.95823,236.10593,0.27290633,23.869488,0.036,64,764.40656
8/2/2026 4:44,41263.53,42111.4,27.432917,24.234474,1.0179418,27.37241,4.842597,66.84912,103.90998,7.547899,-44.116974,220.57533,0.2645596,23.94587,0.036,64,764.40656
8/2/2026 5:14,38541.73,39185.43,25.32694,25.945904,1.0162995,25.47053,4.06016,55.564445,86.3387,7.3821936,-34.360886,203.681,0.21071438,24.139946,0.036,64,764.40656
8/2/2026 5:44,35097.156,35586.28,22.765255,28.492336,1.0143316,23.131083,3.3147922,44.814217,69.61658,7.237523,-25.830269,185.27985,0.16751935,24.280378,0.036,64,764.40656
8/2/2026 6:14,32932.16,33375.39,21.208168,30.365454,1.0131539,21.694004,2.9040902,38.93029,60.473495,7.1566195,-21.05236,186.37657,0.17098011,24.3047,0.027,64,764.40656
8/2/2026 6:44,31303.494,31732.68,20.059778,31.945316,1.0122945,20.626242,2.5627375,34.121693,53.005173,7.1015906,-17.800331,160.9993,0.13072127,24.291883,0.045,64,764.40656
8/2/2026 7:14,30280.686,30695.826,19.339062,33.024353,1.011753,19.952288,2.4339616,32.273846,50.134693,7.080606,-16.560555,186.91063,0.18338683,24.291918,0.045,64,764.40656
8/2/2026 7:44,29463.562,29842.139,18.748543,33.940228,1.0112973,19.39739,2.4261777,32.0873,49.840885,7.058776,-15.273094,161.62872,0.12910876,24.335814,0.036,64,764.40656
8/2/2026 8:14,28609.13,28922.088,18.115025,34.953876,1.0107948,18.799356,2.4972243,32.96497,51.194916,7.0448155,-14.452934,175.61913,0.047269832,24.433472,0.045,64,764.40656
8/2/2026 8:44,28057.377,28273.037,17.670555,35.64125,1.0104147,18.377474,2.7481222,36.29297,56.345787,7.0485487,-14.681816,159.48773,0.17404662,24.60064,0.045,64,764.40656
8/2/2026 9:14,27195.545,27334.148,17.028564,36.77073,1.0098959,17.767197,3.019617,39.827477,61.81767,7.0656834,-15.702248,227.24628,0.055880703,24.73452,0.045,64,764.40656
8/2/2026 9:44,27282.13,27338.262,17.032814,36.65403,1.0098552,17.76987,2.6399665,34.91881,54.182545,7.0310683,-13.661385,234.36546,0.039522596,24.892504,0.054,64,764.40656
8/2/2026 10:14,29969.775,29709.854,18.668865,33.36695,1.0109217,19.311405,5.0933385,68.68077,106.453835,7.218112,-24.781227,222.64005,0.36699587,25.458046,0.054,64,764.40656
8/2/2026 10:44,41470.105,41698.055,27.149601,24.113756,1.0175068,27.103735,7.5428543,105.36,163.53947,7.8956757,-64.80694,229.09164,0.58753294,24.713785,0.054,64,764.40656
8/2/2026 11:14,42423.55,42860.605,27.988462,23.571814,1.0182109,27.859394,7.8816957,110.14624,171.04782,7.9573264,-68.39752,216.77017,0.6503284,24.466122,0.045,64,764.40656
8/2/2026 11:44,42840.875,43424.566,28.395325,23.342194,1.018567,28.225967,8.125599,113.48323,176.28519,7.9913197,-70.36686,219.36417,0.7361684,24.296255,0.036,64,764.40656
8/2/2026 12:14,42927.098,43605.1,28.524405,23.29531,1.0186962,28.343315,8.577096,119.64707,185.89775,8.040608,-73.251724,230.7415,1.3479445,24.18593,0.036,64,764.40656
8/2/2026 12:44,43063.766,43748.92,28.629156,23.221378,1.0187769,28.4368,8.567083,119.56678,185.77504,8.038615,-73.132515,227.7136,1.2347378,24.18005,0.036,64,764.40656
8/2/2026 13:14,43116.43,43794.043,28.662308,23.193014,1.018799,28.466127,8.719831,121.742676,189.15236,8.064087,-74.63932,215.21568,0.97898734,24.189909,0.036,64,764.40656
8/2/2026 13:44,43311.93,43871.85,28.72237,23.088327,1.0188031,28.516705,8.829966,123.62814,192.0318,8.069536,-74.99695,215.70682,0.90523034,24.331799,0.036,64,764.40656
8/2/2026 14:14,43298.85,43920.97,28.756536,23.0953,1.0188504,28.54863,8.780657,122.804756,190.7786,8.069447,-74.97311,237.50781,1.0540045,24.258402,0.036,64,764.40656
8/2/2026 14:44,43552.664,43971.47,28.798967,22.960709,1.0188117,28.581455,8.9641,125.93184,195.5487,8.083089,-75.84095,246.90152,1.0147029,24.501337,0.045,64,764.40656
8/2/2026 15:14,43667.168,43915.355,28.762478,22.900501,1.0187248,28.544981,8.911363,125.60584,194.96854,8.076332,-75.49286,236.45401,0.7396014,24.704107,0.045,64,764.40656
8/2/2026 15:44,44459.867,43978.754,28.826689,22.492195,1.0185153,28.586191,8.832024,126.40953,195.8881,8.0518875,-74.26262,226.33553,0.6004078,25.572762,0.054,64,764.40656
8/2/2026 16:14,45349.383,43928.062,28.809551,22.051016,1.0181608,28.553242,8.6207905,125.74642,194.41725,8.0086975,-71.96903,236.58752,0.52186275,26.694014,0.072,64,764.40656
8/2/2026 16:44,45808.336,43798.855,28.72581,21.830088,1.0178771,28.469257,8.154701,120.31349,185.7367,7.935161,-67.74902,236.37296,0.098976485,27.402079,0.099,64,764.40656
8/2/2026 17:14,45142.24,42929.94,28.094545,22.152203,1.0173103,27.904463,7.579014,111.97734,172.7555,7.8423586,-62.270164,246.22917,0.26195848,27.69805,0.099,64,764.40656
8/2/2026 17:44,42956.41,40832.9,26.569742,23.279413,1.0161599,26.541384,6.799506,99.6488,153.72699,7.6832523,-52.7668,243.99757,0.4447216,27.72277,0.108,64,764.40656
8/2/2026 18:14,38346.203,36622.984,23.54201,26.078201,1.0139741,23.804941,5.923486,84.98188,131.17514,7.4715905,-40.08293,256.45258,0.57529026,27.463509,0.09,64,764.40656
8/2/2026 18:44,35182.395,33705.316,21.473572,28.423307,1.0124786,21.908457,5.208326,73.65003,113.725426,7.319832,-31.003952,232.29123,0.47615862,27.29441,0.099,64,764.40656
8/2/2026 19:14,33830.46,32492.557,20.620586,29.55916,1.0118829,21.120161,4.798127,67.36658,104.05399,7.256679,-27.222633,173.769,0.56144893,27.155794,0.09,64,764.40656
8/2/2026 19:44,32989.305,31766.357,20.111496,30.312855,1.0115446,20.648132,4.2565837,59.450237,91.85397,7.1997085,-23.813248,194.5877,0.45184624,27.015608,0.09,64,764.40656
8/2/2026 20:14,32415.105,31285.94,19.775331,30.849815,1.0113308,20.335861,3.9330132,54.709145,84.55131,7.1720324,-22.153854,206.4228,0.4359072,26.889624,0.081,64,764.40656
8/2/2026 20:44,31900.314,30857.432,19.47604,31.347652,1.0111431,20.057331,3.5507987,49.207752,76.06834,7.1381626,-20.127296,167.25064,0.5635258,26.769463,0.09,64,764.40656
8/2/2026 21:14,31284.656,30350.316,19.122477,31.964552,1.0109254,19.727707,3.2599347,44.964825,69.53231,7.1119123,-18.553734,136.28482,0.46169356,26.61179,0.072,64,764.40656
8/2/2026 21:44,30839.904,29997.348,18.876604,32.42552,1.0107832,19.498276,2.9654467,40.746788,63.028126,7.0907464,-17.285347,212.61215,0.3977454,26.470564,0.081,64,764.40656
8/2/2026 22:14,29258.545,28573.03,17.891262,34.17805,1.0101088,18.57247,2.7136257,36.94252,57.168804,7.063132,-15.630722,197.75867,0.48213732,26.256111,0.072,64,764.40656
8/2/2026 22:44,41037.047,41324.97,26.877916,24.368225,1.0173253,26.861229,5.182949,72.18554,112.0627,7.645246,-49.977303,206.25114,0.6704103,24.635223,0.054,64,764.40656
8/2/2026 23:14,42944.543,43661.586,28.564522,23.285845,1.0187396,28.380032,7.0779243,98.67797,153.3305,7.9480166,-67.772865,209.98955,0.90657675,24.14017,0.045,64,764.40656
8/2/2026 23:44,42663.848,43683.75,28.572006,23.439049,1.0188493,28.394438,7.250019,100.441765,156.17346,7.953137,-67.99221,211.93027,0.9589829,23.777624,0.036,64,764.40656
8/3/2026 0:14,42293.152,43510.773,28.439949,23.64449,1.0188187,28.282003,7.245403,99.874245,155.35805,7.9520574,-67.873,228.17612,1.0443639,23.53485,0.036,64,764.40656
8/3/2026 0:44,42147.637,43449.49,28.392698,23.726122,1.0188122,28.242167,7.3358593,100.908905,156.99611,7.958369,-68.22109,231.69518,1.1808889,23.431286,0.027,64,764.40656
8/3/2026 1:14,41966.367,43352.066,28.319113,23.828606,1.0187863,28.178843,7.4570165,102.342415,159.2556,7.970762,-68.92681,236.08208,1.1774997,23.326502,0.027,64,764.40656
8/3/2026 1:44,41986.934,43418.023,28.365767,23.816933,1.018836,28.221716,7.4638357,102.36902,159.31151,7.964813,-68.564415,231.20404,1.2779753,23.274303,0.027,64,764.40656
8/3/2026 2:14,42232.902,43485.16,28.420221,23.67822,1.0188159,28.265354,7.1720657,98.77791,153.66417,7.946477,-67.53445,248.003,1.2133933,23.492285,0.027,64,764.40656
8/3/2026 2:44,42313.832,43552.617,28.469812,23.632935,1.018848,28.3092,7.096362,97.794975,152.13011,7.934105,-66.809654,249.48596,1.0740446,23.510817,0.027,64,764.40656
8/3/2026 3:14,42183.203,43441.14,28.387959,23.706118,1.0187938,28.236742,6.648244,91.53306,142.3958,7.91786,-65.84644,260.6106,0.8640585,23.48391,0.027,64,764.40656
8/3/2026 3:44,42200.684,43445.64,28.391626,23.696299,1.0187922,28.239668,6.5213084,89.812355,139.71506,7.8881006,-64.09645,247.41173,0.8946027,23.49971,0.036,64,764.40656
8/3/2026 4:14,42019.66,43291.516,28.278498,23.798384,1.0187173,28.139486,5.900457,81.15452,126.255066,7.7903075,-58.32672,255.05542,0.6861896,23.461838,0.027,64,764.40656
8/3/2026 4:44,42067.53,43287.242,28.276968,23.771303,1.0186986,28.13671,5.04565,69.47407,108.07137,7.6238904,-48.532486,243.6304,0.39979157,23.524755,0.027,64,764.40656
8/3/2026 5:14,41987.875,43113.598,28.15332,23.816399,1.0185744,28.02384,4.605788,63.493427,98.7492,7.522964,-42.60063,223.17886,0.25736058,23.632952,0.027,64,764.40656
8/3/2026 5:44,41483.395,42461.777,27.68358,24.106031,1.0181743,27.600155,4.210743,58.054905,90.264984,7.4413233,-37.80842,204.47253,0.11321971,23.793638,0.036,64,764.40656
8/3/2026 6:14,39349.055,40107.266,25.98668,25.41357,1.0168333,26.069723,3.6571732,50.12454,77.9043,7.3268666,-31.080246,198.05908,0.10256002,24.010233,0.036,64,764.40656
8/3/2026 6:44,35955.016,36518.746,23.424719,27.81253,1.0148526,23.737185,3.2263806,43.71538,67.92062,7.2170653,-24.614334,187.69264,0.16417712,24.191795,0.036,64,764.40656
8/3/2026 7:14,33275.59,33751.445,21.471483,30.05206,1.0133638,21.93844,2.9231536,39.215096,60.920708,7.1531997,-20.84732,183.18176,0.16494763,24.261843,0.036,64,764.40656
8/3/2026 7:44,31982.658,32443.16,20.55496,31.266945,1.0126764,21.088055,3.1899402,42.56662,66.12791,7.146183,-20.432472,171.58984,0.27030855,24.256851,0.036,64,764.40656
8/3/2026 8:14,29825.576,30302.865,19.065323,33.52827,1.0115795,19.696863,3.3277137,43.96433,68.30948,7.1510415,-20.713806,167.17911,0.49984846,24.17536,0.027,64,764.40656
8/3/2026 8:44,28737.85,29219.6,18.316633,34.797314,1.0110278,18.992739,3.197845,42.038948,65.322525,7.1317067,-19.569397,170.78876,0.5802163,24.136793,0.036,64,764.40656
8/3/2026 9:14,26204.172,26696.182,16.58639,38.16186,1.0097561,17.352518,3.6520727,47.450356,73.74471,7.153065,-20.823479,180.33028,0.5469568,24.03508,0.036,64,764.40656
8/3/2026 9:44,22820.262,23287.268,14.281595,43.820705,1.0080484,15.136724,3.7563355,48.091278,74.75231,7.140238,-20.06054,190.76825,0.73129445,23.950048,0.036,64,764.40656
8/3/2026 10:14,20390.648,20819.07,12.637296,49.042088,1.0068215,13.532396,4.124198,52.280006,81.26721,7.148997,-20.575523,174.49857,0.6941423,23.922602,0.036,64,764.40656
8/3/2026 10:44,18742.018,19140.979,11.531677,53.35605,1.0059954,12.441636,4.1534886,52.305706,81.309204,7.1257386,-19.202232,206.7232,0.9068667,23.908726,0.036,64,764.40656
8/3/2026 11:14,33588.438,34508.8,21.993763,29.77215,1.0139395,22.43072,6.498823,86.426865,134.4238,7.6561112,-50.444603,226.72653,0.9594694,23.603645,0.027,64,764.40656
8/3/2026 11:44,39575.074,40828.74,26.492987,25.26843,1.0173892,26.538681,6.9105234,93.958755,146.1929,7.8764324,-63.385963,229.77353,0.85997856,23.392385,0.027,64,764.40656
8/3/2026 12:14,40589.027,41857.05,27.236341,24.637201,1.0179441,27.207083,7.1733603,97.98847,152.45708,7.914481,-65.63187,243.3443,1.0154421,23.413918,0.027,64,764.40656
8/3/2026 12:44,40663.348,41853,27.235735,24.59217,1.0179161,27.20445,7.0873785,96.98147,150.86438,7.909501,-65.36007,239.22443,0.7762115,23.511806,0.027,64,764.40656
8/3/2026 13:14,41572.082,42754.223,27.890152,24.054605,1.0183986,27.790245,7.2265906,99.33071,154.50778,7.924318,-66.24222,223.66524,0.8974397,23.552376,0.036,64,764.40656
8/3/2026 13:44,41673.504,42904.96,27.998312,23.996063,1.0184958,27.888224,7.1322236,97.99941,152.45174,7.9216943,-66.075325,218.77765,0.9326463,23.497278,0.027,64,764.40656
8/3/2026 14:14,41716.324,42892.176,27.990673,23.971432,1.018471,27.879915,7.178894,98.753784,153.60703,7.93398,-66.81442,235.40497,0.964122,23.564703,0.027,64,764.40656
8/3/2026 14:44,41833.055,43029.047,28.089668,23.904541,1.0185513,27.96888,7.218964,99.326614,154.50346,7.9318714,-66.68568,244.65085,0.81508434,23.544767,0.036,64,764.40656
8/3/2026 15:14,41831.094,43009.215,28.075768,23.905663,1.0185349,27.95599,7.1254463,98.06854,152.54083,7.933733,-66.80012,248.7898,0.86871994,23.56585,0.027,64,764.40656
8/3/2026 15:44,42013.45,43001.99,28.076092,23.801903,1.0184697,27.951292,7.063746,97.615005,151.7731,7.924445,-66.30421,243.73532,0.85944533,23.796425,0.027,64,764.40656
8/3/2026 16:14,42236.375,42802.156,27.9425,23.676275,1.0182221,27.821402,7.044909,98.155266,152.4714,7.8983,-64.873695,243.11542,0.58964396,24.307932,0.036,64,764.40656
8/3/2026 16:44,42372.223,42422.348,27.67961,23.600367,1.0178404,27.574526,6.966428,97.98353,152.02513,7.8328395,-61.135292,244.6127,0.26954195,24.938135,0.045,64,764.40656
8/3/2026 17:14,40348.043,40026.125,25.95434,24.78435,1.0164002,26.016981,6.7035975,94.1487,145.9392,7.7247133,-54.821968,247.39265,0.37261647,25.421085,0.054,64,764.40656
8/3/2026 17:44,34937.023,34545.016,22.047972,28.62293,1.013416,22.454262,5.977198,82.35335,127.61194,7.520711,-42.74845,249.7244,0.3492198,25.594126,0.063,64,764.40656
8/3/2026 18:14,28739.002,28461.613,17.808613,34.79592,1.0102623,18.50005,5.217025,70.07058,108.5969,7.3290443,-31.366348,256.90555,0.35349986,25.510265,0.063,64,764.40656
8/3/2026 18:44,21456.92,21336.48,12.988556,46.60501,1.0067129,13.868712,4.540215,59.111504,91.650696,7.169111,-21.862984,235.99625,0.23565069,25.295538,0.054,64,764.40656
8/3/2026 19:14,14555.621,14533.78,8.555801,68.70198,1.0034531,9.446958,4.0703692,51.477528,79.847855,7.0667453,-15.78331,231.99081,0.19440992,25.078678,0.036,64,764.40656
8/3/2026 19:44,11124.106,11176.1,6.44065,89.89486,1.0019538,7.264465,3.6846812,45.774937,71.046,7.002083,-11.940002,194.60202,0.09678923,24.756432,0.045,64,764.40656
8/3/2026 20:14,8950.596,9040.8,5.126045,111.72441,1.0010403,5.8765197,3.4958277,42.88594,66.59682,6.9588027,-9.474754,207.58629,0.040297475,24.477621,0.045,64,764.40656
8/3/2026 20:44,7567.6694,7670.2236,4.2967763,132.14108,1.0004632,4.9856453,3.3392239,40.638603,63.127697,6.926359,-7.662773,238.55685,0.115734406,24.299976,0.036,64,764.40656
8/3/2026 21:14,6337.087,6446.0703,3.5669706,157.80121,0.9999618,4.1899457,3.1897228,38.525917,59.866154,6.9105906,-6.7806244,230.031,0.16290988,24.114822,0.036,64,764.40656
8/3/2026 21:44,5292.698,5403.7007,2.9546466,188.93954,0.9995489,3.5124054,3.153855,37.825928,58.798725,6.900893,-6.23703,243.99757,0.07144025,23.924507,0.036,64,764.40656
8/3/2026 22:14,4564.142,4678.097,2.5339324,219.09923,0.99928176,3.0407631,3.0788808,36.701134,57.070724,6.89376,-5.836487,259.2802,0.188194,23.724644,0.036,64,764.40656
8/3/2026 22:44,4083.475,4199.2246,2.259036,244.88945,0.999116,2.729496,3.0526836,36.217842,56.335987,6.882143,-5.1879883,264.92596,0.25327453,23.556831,0.027,64,764.40656
8/3/2026 23:14,3705.7107,3827.629,2.0473335,269.85376,0.9990112,2.487959,3.0643694,36.159878,56.26802,6.888572,-5.540848,270.7386,0.45649773,23.332348,0.027,64,764.40656
8/3/2026 23:44,3842.5715,3988.7153,2.13875,260.2424,0.9991409,2.592665,3.0742304,36.124542,56.237473,6.906372,-6.5231323,270.9341,0.52372384,23.081709,0.027,64,764.40656
8/4/2026 0:14,39597.945,41312.188,26.828133,25.253836,1.0177988,26.85292,6.0545897,81.6548,127.172714,7.7455482,-55.570602,255.57518,0.4337189,22.827496,0.018,64,764.40656
8/4/2026 0:44,40996.65,42777.5,27.888348,24.392239,1.018602,27.805374,6.4047375,86.897865,135.34012,7.823762,-60.167313,237.33139,0.5774718,22.820389,0.018,64,764.40656
8/4/2026 1:14,41101.46,42897.375,27.975012,24.330036,1.0186709,27.883295,6.453341,87.581795,136.40817,7.848788,-61.63597,231.78577,0.5171777,22.808098,0.018,64,764.40656
8/4/2026 1:44,41414.504,43161.918,28.169104,24.14613,1.0187976,28.055248,6.4199395,87.33884,136.01308,7.856074,-62.07943,223.19794,0.68328243,22.880362,0.027,64,764.40656
8/4/2026 2:14,41296.953,43118.848,28.135298,24.21486,1.0187976,28.027252,6.2672725,85.10477,132.55478,7.844804,-61.397552,239.52008,0.61488765,22.787806,0.018,64,764.40656
8/4/2026 2:44,41441.445,43260.13,28.238262,24.130432,1.0188725,28.119083,6.210985,84.407425,131.46616,7.845089,-61.416626,252.23254,0.6094523,22.798918,0.027,64,764.40656
8/4/2026 3:14,41259.22,43113.13,28.130075,24.237007,1.0188046,28.023535,6.115137,82.97836,129.25137,7.835044,-60.81581,260.53906,0.6449953,22.748634,0.018,64,764.40656
8/4/2026 3:44,41294.28,43157.52,28.162067,24.216429,1.0188313,28.052387,5.6220927,76.29,118.83504,7.7961316,-58.526993,255.56088,0.29035184,22.739637,0.018,64,764.40656
8/4/2026 4:14,41035.95,43001.367,28.04501,24.368877,1.0187793,27.950888,5.640432,76.306015,118.886536,7.787568,-57.997704,262.37964,0.42063445,22.607016,0.018,64,764.40656
8/4/2026 4:44,40726.977,42785.92,27.885153,24.55375,1.0186932,27.810848,5.372565,72.45052,112.90349,7.754778,-56.04744,256.958,0.29717502,22.480522,0.018,64,764.40656
8/4/2026 5:14,40198.55,42288.113,27.522583,24.876518,1.0184374,27.487274,4.83473,64.98189,101.27609,7.679621,-51.62239,254.66443,0.09949293,22.41296,0.009,64,764.40656
8/4/2026 5:44,38844.016,40906.65,26.523703,25.743992,1.0176964,26.589321,4.430529,59.148636,92.19291,7.590255,-46.367645,237.86069,0.041019194,22.360054,0.018,64,764.40656
8/4/2026 6:14,31106.988,33010.84,20.914076,32.147118,1.0135591,21.457047,4.07201,52.256668,81.501335,7.3969445,-34.976006,228.8866,0.10170165,21.980442,0.009,64,764.40656
8/4/2026 6:44,22422.766,23997.193,14.733467,44.59753,1.0090005,15.598176,3.946008,48.474796,75.65336,7.200253,-23.412704,187.71649,0.064845175,21.564981,0.009,64,764.40656
8/4/2026 7:14,18166.64,19482.365,11.737318,55.04595,1.0067654,12.663538,3.8473752,46.35671,72.35924,7.1245275,-18.97335,129.12274,0.051439863,21.464182,0.009,64,764.40656
8/4/2026 7:44,16862.182,18072.693,10.817186,59.304306,1.0060644,11.747251,3.8900948,46.64628,72.80792,7.087668,-16.818047,164.67094,0.040436473,21.493183,0.009,64,764.40656
8/4/2026 8:14,14797.519,15853.212,9.383619,67.578896,1.0049784,10.304587,3.9658484,47.177208,73.63426,7.054245,-14.863014,180.60684,0.042674974,21.513521,0.009,64,764.40656
8/4/2026 8:44,13423.526,14350.278,8.424784,74.49607,1.0042303,9.327682,4.064117,48.173344,75.17647,7.034446,-13.709068,193.12381,0.05479354,21.618809,0.009,64,764.40656
8/4/2026 9:14,12612.724,13413.983,7.8332615,79.28502,1.0037241,8.7190895,4.2753544,50.74691,79.160446,7.018702,-12.798309,196.21371,0.08177582,21.87261,0.009,64,764.40656
8/4/2026 9:44,11852.334,12506.078,7.263812,84.37157,1.0032015,8.128951,4.5127773,53.78404,83.84472,7.0024858,-11.8637085,192.66605,0.040973,22.263134,0.018,64,764.40656
8/4/2026 10:14,11155.969,11650.185,6.7306814,89.638115,1.0026746,7.57262,4.7389045,56.85404,88.55423,6.9986033,-11.62529,223.50787,0.03887954,22.77899,0.018,64,764.40656
8/4/2026 10:44,10551.833,10890.679,6.2605553,94.77026,1.0021741,7.0789413,5.006303,60.56539,94.23882,6.991655,-11.262894,236.10115,0.059487067,23.37103,0.027,64,764.40656
8/4/2026 11:14,9943.407,10130.279,5.7925205,100.569145,1.0016549,6.5846815,5.206629,63.59633,98.83802,6.993945,-11.415482,256.28088,0.06794774,24.034197,0.036,64,764.40656
8/4/2026 11:44,10832.823,10821.53,6.221151,92.31204,1.0017104,7.033995,5.917204,73.8172,114.504684,7.036256,-13.976097,267.5581,0.057732973,25.054634,0.054,64,764.40656
8/4/2026 12:14,42820.25,42679.633,27.871277,23.353437,1.0179156,27.74176,8.459207,119.5931,185.46985,7.99104,-70.557594,218.93979,0.040093705,25.1725,0.054,64,764.40656
8/4/2026 12:44,42943.766,43235.883,28.265545,23.286266,1.0183673,28.103323,8.536683,119.86361,186.07552,8.011041,-71.61617,217.7763,0.08864288,24.646265,0.054,64,764.40656
8/4/2026 13:14,43113.87,43284.14,28.303844,23.194391,1.0183529,28.134691,8.804412,123.96701,192.39206,8.046457,-73.747635,221.12846,0.144387,24.794043,0.045,64,764.40656
8/4/2026 13:44,43254.723,43319.26,28.332115,23.118862,1.0183367,28.15752,9.033371,127.49331,197.81676,8.063802,-74.80621,214.64825,0.6276193,24.921995,0.054,64,764.40656
8/4/2026 14:14,43275.25,43388.48,28.381357,23.107897,1.0183909,28.202513,9.109294,128.47064,199.3554,8.073636,-75.37365,230.7415,0.5384051,24.863369,0.063,64,764.40656
8/4/2026 14:44,43166.133,43479.312,28.442476,23.16631,1.0185075,28.261555,8.977197,126.125275,195.80466,8.063781,-74.72992,239.53438,0.5012785,24.62288,0.045,64,764.40656
8/4/2026 15:14,43133.062,43485.152,28.445713,23.18407,1.0185236,28.265348,8.94712,125.60268,195.0104,8.068656,-75.006485,223.78445,0.55944234,24.576086,0.036,64,764.40656
8/4/2026 15:44,43097.71,43577.53,28.509705,23.203089,1.0186162,28.325396,8.641603,121.036804,187.9748,8.051155,-73.9336,229.10118,0.7277259,24.423521,0.045,64,764.40656
8/4/2026 16:14,43158.168,43530.68,28.478388,23.170586,1.0185552,28.294943,8.529994,119.71916,185.88406,8.048438,-73.804855,242.3334,0.5677522,24.551968,0.045,64,764.40656
8/4/2026 16:44,43610.348,43589.395,28.531296,22.930338,1.0184562,28.333107,8.609759,121.86941,189.05356,8.04678,-73.82393,240.75986,0.57556003,25.025166,0.054,64,764.40656
8/4/2026 17:14,44159.78,43514.777,28.491451,22.64504,1.018202,28.284605,8.386207,120.21788,186.2183,8.01289,-71.99764,231.93835,0.2441434,25.77605,0.054,64,764.40656
8/4/2026 17:44,44776.69,43415.87,28.43409,22.333048,1.0178951,28.220316,7.8772516,114.55581,177.13496,7.938923,-67.801476,229.18701,0.1899337,26.641037,0.072,64,764.40656
8/4/2026 18:14,44266.57,42496.457,27.77135,22.59041,1.0172304,27.622696,7.2691245,106.28065,164.15161,7.8381586,-61.912537,252.79045,0.37170175,27.180796,0.081,63,764.40656
8/4/2026 18:44,41414.387,39524.04,25.621485,24.146198,1.0155181,25.690626,6.5419216,95.01769,146.65312,7.6684837,-51.846504,257.6685,0.42386234,27.504074,0.099,63,764.40656
8/4/2026 19:14,35711.727,34145.938,21.785048,28.002007,1.0126791,22.19486,5.7930207,82.209564,126.913216,7.4657397,-39.725304,256.32858,0.5112906,27.400826,0.09,63,764.40656
8/4/2026 19:44,29920.988,28741.873,18.013685,33.421356,1.0099368,18.682219,5.1002336,70.56008,108.98851,7.274918,-28.309822,238.86203,0.45705807,27.14787,0.09,63,764.40656
8/4/2026 20:14,25791.393,24893.09,15.38238,38.772625,1.0080478,16.180508,4.522602,61.378082,94.85801,7.1599507,-21.43383,255.20325,0.44933456,26.889343,0.09,63,764.40656
8/4/2026 20:44,22599.816,21931.594,13.390698,44.248146,1.0066459,14.255536,4.14456,55.337738,85.57563,7.0803742,-16.674995,253.95871,0.4102252,26.59521,0.081,63,764.40656
8/4/2026 21:14,20709.52,20192.627,12.235312,48.286972,1.0058559,13.125208,3.9277322,51.870487,80.256096,7.048389,-14.75811,198.55023,0.31687245,26.34021,0.072,63,764.40656
8/4/2026 21:44,18826.182,18467.19,11.099851,53.117516,1.0050985,12.003674,3.712824,48.443108,75.002335,7.017843,-12.927055,216.51268,0.19912441,26.017773,0.072,63,764.40656
8/4/2026 22:14,17434.781,17197.303,10.271456,57.356613,1.0045612,11.1782465,3.5437818,45.781452,70.92326,6.9940643,-11.487007,217.49496,0.2568276,25.72299,0.063,63,764.40656
8/4/2026 22:44,15947.575,15830.098,9.386957,62.705456,1.0039914,10.289564,3.384656,43.248135,67.04286,6.971425,-10.209084,220.89005,0.27410853,25.38854,0.054,63,764.40656
8/4/2026 23:14,14634.562,14611.018,8.605082,68.3314,1.0034885,9.497162,3.3152008,41.943073,65.05805,6.9636674,-9.765625,201.8404,0.18417007,25.084362,0.054,63,764.40656
8/4/2026 23:44,13692.87,13768.414,8.068155,73.03071,1.0031854,8.94947,3.2441483,40.644733,63.088757,6.939425,-8.401871,226.20201,0.18736649,24.712738,0.045,63,764.40656
8/5/2026 0:14,12231.866,12374.479,7.1881447,81.75368,1.0026088,8.043411,3.1269088,38.756042,60.19262,6.9425817,-8.568764,243.13927,0.14847778,24.396612,0.036,63,764.40656
8/5/2026 0:44,33736.016,34729.617,22.147558,29.641912,1.0140831,22.574251,5.3953247,71.684814,111.51479,7.4824967,-40.197372,226.98402,0.53266215,23.502113,0.036,63,764.40656
8/5/2026 1:14,41973.39,43212.92,28.222235,23.824617,1.0186647,28.0884,6.78518,93.352615,145.22281,7.871355,-63.109398,220.3226,0.65913635,23.498205,0.027,63,764.40656
8/5/2026 1:44,42181.848,43488.03,28.420658,23.70688,1.0188345,28.26722,7.0381293,96.822754,150.63982,7.907388,-65.21702,215.60193,0.7199854,23.427464,0.018,63,764.40656
8/5/2026 2:14,42024.785,43440.203,28.38241,23.79548,1.0188432,28.236132,6.8871384,94.501595,147.06276,7.907481,-65.19318,226.48811,0.5308257,23.294079,0.027,63,764.40656
8/5/2026 2:44,42043.406,43494.168,28.420647,23.784943,1.0188835,28.27121,6.7919774,93.149734,144.96921,7.900343,-64.76402,223.2647,0.59891677,23.25365,0.027,63,764.40656
8/5/2026 3:14,41991.887,43467.484,28.400417,23.814123,1.0188769,28.253864,6.870391,94.16256,146.55339,7.9122033,-65.45544,233.82663,0.70520085,23.22266,0.027,63,764.40656
8/5/2026 3:44,42003.93,43516.363,28.434883,23.807297,1.0189148,28.285637,6.8087196,93.26585,145.1684,7.9083924,-65.22179,239.70126,0.71859473,23.18034,0.027,63,764.40656
8/5/2026 4:14,41827.14,43416.867,28.359905,23.90792,1.0188855,28.220964,6.471147,88.450714,137.6968,7.878042,-63.414574,254.95529,0.5704856,23.082964,0.027,63,764.40656
8/5/2026 4:44,41791.73,43441.098,28.375637,23.928179,1.0189171,28.236713,5.8089523,79.30697,123.47719,7.8581977,-62.232018,255.26047,0.61912817,23.012154,0.027,63,764.40656
8/5/2026 5:14,41718.312,43432.715,28.367416,23.97029,1.0189328,28.231264,6.137418,83.670135,130.28798,7.8468037,-61.545372,261.66916,0.38866246,22.933369,0.027,63,764.40656
8/5/2026 5:44,41377.734,43220.723,28.208755,24.167587,1.0188589,28.09347,5.83979,79.30491,123.52548,7.814129,-59.59034,244.65561,0.42010313,22.767471,0.027,63,764.40656
8/5/2026 6:14,40520.082,42363.13,27.585308,24.679121,1.0184001,27.536034,5.2470555,70.94137,110.50687,7.728196,-54.531097,244.57455,0.10419616,22.722204,0.018,63,764.40656
8/5/2026 6:44,38815.1,40638.004,26.337782,25.763168,1.0174767,26.414703,4.721704,63.2986,98.61332,7.606763,-47.38331,239.2292,0.17804587,22.65146,0.018,63,764.40656
8/5/2026 7:14,29800.111,31425.16,19.81581,33.556923,1.0126493,20.426355,4.2778907,54.86281,85.52227,7.3724246,-33.574104,203.28998,0.093877435,22.292578,0.018,63,764.40656
8/5/2026 7:44,25912.08,27403.814,17.04619,38.592037,1.010598,17.812479,3.9814167,50.114754,78.13914,7.241653,-25.88749,186.91063,0.17719033,22.149982,0.018,63,764.40656
8/5/2026 8:14,23416.797,24745.564,15.24431,42.704388,1.0092303,16.084618,3.9456222,49.18259,76.68085,7.176161,-22.04895,202.0359,0.06893535,22.188627,0.018,63,764.40656
8/5/2026 8:44,20995.09,22135.613,13.497741,47.630184,1.0078859,14.388149,4.0382795,49.935715,77.84048,7.132708,-19.507408,214.6101,0.10035288,22.30239,0.018,63,764.40656
8/5/2026 9:14,19166.96,20122.426,12.166954,52.17311,1.006831,13.0795765,4.154066,51.174103,79.74286,7.1072183,-18.024445,217.34238,0.041131433,22.514002,0.018,63,764.40656
8/5/2026 9:44,18545.521,19315.752,11.639865,53.921375,1.0063338,12.555239,5.984873,74.048294,115.30938,7.5273757,-50.816536,70.28103,0.03567495,22.912262,0.162,63,764.40656
8/5/2026 10:14,17381.637,18106.625,10.849546,57.531982,1.0057418,11.769306,4.5135746,55.58169,86.55412,7.13918,-28.553009,133.90063,0.033576347,22.903667,0.027,63,764.40656
8/5/2026 10:44,16620.162,17201.945,10.263781,60.167885,1.0052189,11.181264,4.594931,56.73363,88.29846,7.026921,-22.13955,118.255615,0.03504656,23.22928,0.027,63,764.40656
8/5/2026 11:14,15930.637,16365.589,9.725114,62.77213,1.004717,10.637633,4.9339924,61.15768,95.120605,6.921155,-16.207695,154.16145,0.03545116,23.608522,0.045,63,764.40656
8/5/2026 11:44,15914.239,16197.846,9.619113,62.836807,1.0045143,10.5286,5.1280365,64.07942,99.57995,6.918496,-16.083717,169.52515,0.03382571,24.083303,0.054,63,764.40656
8/5/2026 12:14,15829.799,15938.758,9.454457,63.171997,1.0042433,10.360193,5.5954027,70.56763,109.54959,6.912474,-15.773773,180.71652,0.033977445,24.642088,0.063,63,764.40656
8/5/2026 12:44,37808.15,36197.473,23.237755,26.449326,1.0137876,23.528357,9.767637,139.57732,215.50945,7.8608055,-70.98198,153.31744,0.039608493,27.329683,0.09,63,764.40656
8/5/2026 13:14,42925.676,42476.215,27.730474,23.29608,1.0176963,27.60954,9.693532,137.83536,213.60182,7.9540925,-75.96016,151.15262,0.029553898,25.554003,0.063,63,764.40656
8/5/2026 13:44,43388.08,43249.36,28.286135,23.047806,1.0182292,28.112083,9.618017,136.28622,211.3601,7.9641256,-76.441765,153.31268,0.036877517,25.167929,0.054,63,764.40656
8/5/2026 14:14,43347.79,43370.836,28.370752,23.069227,1.0183508,28.191044,9.620292,135.92444,210.8782,7.978536,-77.22378,155.98297,0.05598152,24.97218,0.054,63,764.40656
8/5/2026 14:44,43464.137,43409.492,28.40086,23.007475,1.0183458,28.21617,9.753016,138.04648,214.13199,7.992066,-78.02963,154.4857,0.052717395,25.06591,0.054,63,764.40656
8/5/2026 15:14,43821.43,43280.297,28.31805,22.819885,1.0181081,28.132193,10.281644,146.93915,227.66461,8.026724,-80.189705,164.94751,1.058891,25.654606,0.063,63,764.40656
8/5/2026 15:44,43742.14,43496.184,28.468725,22.86125,1.0183287,28.272518,10.260481,145.86249,226.15541,8.027151,-80.11818,166.893,0.82211566,25.296057,0.054,63,764.40656
8/5/2026 16:14,43622.016,43622.96,28.555252,22.924204,1.0184821,28.354925,9.918175,140.34538,217.72592,8.012763,-79.20742,165.01427,0.6315855,24.998863,0.045,63,764.40656
8/5/2026 16:44,43601.457,43669.145,28.587294,22.935013,1.0185297,28.384945,9.688627,136.93282,212.4642,8.006359,-78.816414,173.68317,0.6069302,24.918848,0.045,63,764.40656
8/5/2026 17:14,43695.406,43653.63,28.57869,22.8857,1.0184845,28.374859,9.622723,136.30339,211.43459,7.999402,-78.44925,203.52364,0.64728206,25.050108,0.045,63,764.40656
8/5/2026 17:44,43943.137,43690.22,28.610529,22.756681,1.0184333,28.398642,9.530601,135.61209,210.25958,7.9884357,-77.88181,201.6449,0.7040668,25.303085,0.063,63,764.40656
8/5/2026 18:14,44315.254,43640.164,28.583666,22.565594,1.0182611,28.366106,8.820217,126.5788,196.05817,7.9207735,-74.095726,207.92484,0.34342164,25.80992,0.063,63,764.40656
8/5/2026 18:44,44745.52,43696.81,28.63303,22.348606,1.0181625,28.402925,7.8267775,113.21029,175.19351,7.8095155,-67.75379,207.27634,0.08481332,26.256527,0.072,63,764.40656
8/5/2026 19:14,44490.133,43305.207,28.349857,22.476894,1.0178959,28.148384,7.1488605,103.548096,160.18326,7.699215,-61.392784,210.82878,0.14690739,26.432575,0.072,63,764.40656
8/5/2026 19:44,42804.117,41472.59,27.019817,23.362238,1.016821,26.957184,6.4902186,93.69934,144.87303,7.559752,-53.343773,207.20482,0.30193946,26.680954,0.081,63,764.40656
8/5/2026 20:14,38944.312,37608.086,24.238735,25.67769,1.0146809,24.445257,5.751623,81.996544,126.731026,7.3634267,-41.96644,204.01955,0.48813552,26.860228,0.09,63,764.40656
8/5/2026 20:44,34465.902,33253.215,21.1522,29.014183,1.0123551,21.61459,5.0448337,70.74331,109.32706,7.1730604,-30.908585,196.95758,0.42175394,26.909332,0.09,63,764.40656
8/5/2026 21:14,31539.367,30455.904,19.197695,31.706408,1.0109069,19.796339,4.538039,62.89152,97.20248,7.059174,-24.285316,183.60614,0.51828766,26.862555,0.081,63,764.40656
8/5/2026 21:44,29564.777,28607.312,17.918392,33.82403,1.0099833,18.594753,4.0878386,56.139877,86.78756,6.9898033,-20.284653,186.60545,0.37717888,26.752317,0.081,63,764.40656
8/5/2026 22:14,28508.328,27638.61,17.25196,35.07747,1.009516,17.965097,3.8359978,52.389275,81.00722,6.9595747,-18.558502,199.9569,0.4472212,26.647516,0.081,63,764.40656
8/5/2026 22:44,26954.78,26204.373,16.270811,37.09917,1.008826,17.032843,3.6218648,49.06621,75.892296,6.9300385,-16.870499,207.32404,0.48408148,26.499304,0.081,63,764.40656
8/5/2026 23:14,25423.967,24806.092,15.320453,39.332966,1.0081723,16.12396,3.495362,46.93977,72.63247,6.906559,-15.525818,214.44797,0.3249076,26.304092,0.081,63,764.40656
8/5/2026 23:44,24425.145,23885.502,14.69839,40.941418,1.0077419,15.525577,3.2679138,43.639004,67.54174,6.8865986,-14.386177,207.76273,0.38641387,26.182873,0.072,63,764.40656
8/6/2026 0:14,22862.94,22429.111,13.720323,43.738907,1.0070591,14.578922,3.169683,41.968746,64.979034,6.8717017,-13.532639,205.79338,0.28022528,26.012678,0.063,63,764.40656
8/6/2026 0:44,22019.156,21652.814,13.201854,45.415,1.0067074,14.074329,3.0093005,39.639862,61.38895,6.8409514,-11.782646,200.79613,0.18035735,25.885809,0.063,63,764.40656
8/6/2026 1:14,20221.123,19960.332,12.079403,49.453236,1.0059245,12.974216,2.7484682,35.846836,55.537148,6.8333526,-11.343956,202.0502,0.29314733,25.684053,0.063,63,764.40656
8/6/2026 1:44,34545.094,34766.87,22.19215,28.94767,1.0137916,22.598465,5.165593,70.08272,108.79195,7.3067546,-38.39016,193.82,0.24446927,24.666023,0.063,63,764.40656
8/6/2026 2:14,40115.832,40718.37,26.431425,24.927814,1.0171071,26.46694,6.3900614,88.136894,136.92998,7.6610427,-58.74157,225.30078,0.8675212,24.225248,0.036,63,764.40656
8/6/2026 2:44,41076.72,41891.81,27.27458,24.34469,1.0178124,27.229675,6.7799506,93.56629,145.42969,7.738348,-63.142776,206.275,0.70370996,23.981306,0.036,63,764.40656
8/6/2026 3:14,41273.332,42208.156,27.50068,24.22872,1.018023,27.435303,6.9582596,95.91403,149.11664,7.7705307,-64.964294,196.39969,0.8553321,23.840422,0.027,63,764.40656
8/6/2026 3:44,41294.965,42317.176,27.577312,24.216028,1.0181108,27.506165,6.941924,95.553986,148.58485,7.775491,-65.226555,200.62447,0.6853442,23.735292,0.027,63,764.40656
8/6/2026 4:14,41308.54,42393.39,27.630829,24.20807,1.0181723,27.555704,6.9381976,95.405785,148.37422,7.781169,-65.5365,216.52222,0.7883698,23.660202,0.027,63,764.40656
8/6/2026 4:44,41413.055,42523.86,27.724834,24.146975,1.0182513,27.640509,6.923099,95.203064,148.06628,7.7834325,-65.66048,230.01193,0.65941465,23.63236,0.027,63,764.40656
8/6/2026 5:14,41441.69,42566.586,27.755466,24.13029,1.0182788,27.668282,6.8394995,94.04335,146.26677,7.77495,-65.169334,239.8634,0.6430242,23.616402,0.027,63,764.40656
8/6/2026 5:44,41464.78,42589.176,27.771893,24.116852,1.0182909,27.682964,6.4638844,88.88924,138.25018,7.733056,-62.761307,223.45065,0.41943502,23.617748,0.027,63,764.40656
8/6/2026 6:14,41381.305,42477.34,27.691475,24.165503,1.0182214,27.610271,6.238495,85.797455,133.43408,7.706566,-61.244965,206.50388,0.28944418,23.649069,0.027,63,764.40656
8/6/2026 6:44,41316.008,42351.562,27.601889,24.203693,1.0181336,27.528515,5.8700695,80.78961,125.62995,7.6618667,-58.689117,222.19658,0.19983925,23.719824,0.027,63,764.40656
8/6/2026 7:14,40135.082,41019.742,26.64148,24.915857,1.0173663,26.662834,5.172206,70.98178,110.3487,7.528163,-51.026344,224.57123,0.10083856,23.870855,0.036,63,764.40656
8/6/2026 7:44,38727.26,39506.234,25.55378,25.821604,1.0165191,25.679052,4.501907,61.50304,95.59629,7.416025,-44.589043,198.35472,0.036990765,23.967657,0.036,63,764.40656
8/6/2026 8:14,32641.473,33117.73,21.02675,30.635872,1.0130337,21.526524,3.7185242,49.74549,77.2818,7.169461,-30.42698,176.11981,0.038502313,24.247084,0.036,63,764.40656
8/6/2026 8:44,28091.914,28406.566,17.760399,35.59743,1.0105321,18.464268,3.2502866,42.808815,66.48415,7.017188,-21.66748,167.78946,0.041015804,24.420065,0.045,63,764.40656
8/6/2026 9:14,26104.209,26300.771,16.322557,38.308,1.0094011,17.0955,3.1223488,40.925198,63.536488,6.9539576,-18.115044,174.61777,0.10981067,24.60871,0.045,63,764.40656
8/6/2026 9:44,24032.672,24152.117,14.868857,41.610023,1.0082747,15.698876,3.0454364,39.681496,61.590324,6.9172754,-16.050339,171.43726,0.14082395,24.741074,0.054,63,764.40656
8/6/2026 10:14,22545.666,22558.986,13.8013525,44.354424,1.0074118,14.6633415,3.1270344,40.663353,63.086998,6.900278,-15.101433,194.00119,0.08715861,24.969088,0.054,63,764.40656
8/6/2026 10:44,21548.396,21430.045,13.0506935,46.407166,1.0067612,13.929529,3.3456116,43.568687,67.55284,6.874975,-13.685226,199.79001,0.07720545,25.289146,0.063,63,764.40656
8/6/2026 11:14,20166.61,19825.771,11.991555,49.586918,1.0057982,12.886751,3.6599233,47.893963,74.16967,6.871371,-13.508797,220.52765,0.080653384,25.900084,0.072,63,764.40656
8/6/2026 11:44,20059.969,19557.879,11.816694,49.850525,1.0055419,12.712622,3.9141104,51.572502,79.79441,6.861701,-12.979507,231.9002,0.320586,26.344084,0.09,63,764.40656
8/6/2026 12:14,19229.055,18542.44,11.15175,52.004635,1.0048747,12.052586,4.363246,57.87692,89.437706,6.8622537,-13.036728,239.73465,0.039290253,26.93871,0.099,63,764.40656
8/6/2026 12:44,19244.984,18408.041,11.064786,51.96159,1.0046816,11.965227,4.5915184,61.346054,94.70881,6.8632555,-13.113022,247.84564,0.05921792,27.380426,0.135,63,764.40656
8/6/2026 13:14,17942.615,16630.879,9.909871,55.733234,1.0032979,10.810072,5.3096223,72.64303,111.70435,6.9321127,-17.137527,242.64813,0.25464386,29.129505,0.153,63,764.40656
8/6/2026 13:44,43603.156,41604.965,27.127256,22.93412,1.016643,27.043228,9.903644,145.08762,223.92737,7.951918,-76.33209,233.48808,0.03775764,27.514542,0.126,63,764.40656
8/6/2026 14:14,44036.85,41769.72,27.251036,22.708254,1.0166328,27.150318,10.162801,149.8042,231.04016,7.9971104,-79.050064,233.02554,0.07273993,27.841724,0.108,63,764.40656
8/6/2026 14:44,44155.83,42062.1,27.460785,22.647066,1.0168642,27.340366,9.923095,145.86746,225.08582,7.9859776,-78.33958,227.50854,0.31057444,27.606125,0.099,63,764.40656
8/6/2026 15:14,44265.465,41428.066,27.011034,22.590975,1.0162157,26.928244,10.119447,150.81758,232.21075,8.002252,-79.545975,237.60796,0.61471605,28.585854,0.117,63,764.40656
8/6/2026 15:44,44223.883,42603.883,27.846912,22.612217,1.017346,27.692524,9.939914,144.92798,223.93372,8.004235,-79.2408,236.26328,0.62535214,26.990822,0.108,63,764.40656
8/6/2026 16:14,44090.047,43012.414,28.134176,22.680857,1.0177708,27.958069,10.206608,147.35623,228.00879,8.03659,-80.93834,242.28096,1.0267184,26.311726,0.072,63,764.40656
8/6/2026 16:44,44630.637,43177.22,28.261684,22.406134,1.0177281,28.065193,10.868368,158.22493,244.59735,8.093754,-84.3811,241.47034,1.6384158,26.762392,0.072,63,764.40656
8/6/2026 17:14,44214.926,43470.355,28.46121,22.616796,1.0181427,28.255732,10.373308,148.98459,230.72247,8.062316,-82.3164,234.11751,1.1978639,25.896767,0.072,63,764.40656
8/6/2026 17:44,44411.953,43506.35,28.490936,22.51646,1.0181065,28.279129,9.9817,143.85643,222.6941,8.037049,-80.90496,231.65703,1.0817807,26.089808,0.072,63,764.40656
8/6/2026 18:14,44470.707,43451.28,28.453114,22.486712,1.0180358,28.243334,9.94708,143.6645,222.33438,8.037144,-80.947876,234.72308,0.9638316,26.228342,0.072,63,764.40656
8/6/2026 18:44,44781.773,43399.33,28.42242,22.330513,1.017878,28.209564,9.813437,142.76816,220.74673,8.029103,-80.599785,244.15494,1.0088633,26.667753,0.081,63,764.40656
8/6/2026 19:14,45060.016,43296.473,28.354393,22.192625,1.0176828,28.142708,8.883118,130.19873,201.11417,7.947929,-76.003075,244.64607,0.58196974,27.132555,0.09,63,764.40656
8/6/2026 19:44,45262.37,43014.133,28.15653,22.093407,1.0173446,27.959187,7.5928106,112.29195,173.22618,7.7991056,-67.481995,237.91791,0.47204384,27.736517,0.099,63,764.40656
8/6/2026 20:14,44971.39,42231.277,27.593424,22.236359,1.0167123,27.45033,6.552813,97.67259,150.44986,7.6179547,-57.048798,239.37225,0.3638314,28.397041,0.108,63,764.40656
8/6/2026 20:44,43754.582,40819.36,26.571026,22.85475,1.0158291,26.532583,5.7913184,86.35652,132.90605,7.4567127,-47.688484,233.7265,0.4274253,28.764795,0.126,63,764.40656
8/6/2026 21:14,40202.027,37412.508,24.118261,24.874367,1.0139515,24.31813,5.130769,75.646965,116.38573,7.27028,-36.80229,222.33487,0.32798174,28.903725,0.126,63,764.40656
8/6/2026 21:44,36169.395,33650.723,21.446636,27.647684,1.0119529,21.87297,4.3684125,63.47646,97.6575,7.1000094,-26.841164,187.62589,0.4216899,28.918713,0.135,63,764.40656
8/6/2026 22:14,33893.418,31577.518,19.991314,29.504253,1.0108926,20.525385,3.8450155,55.349476,85.17005,7.0095673,-21.543503,207.93439,0.5033787,28.839798,0.126,63,764.40656
8/6/2026 22:44,32844.46,30676.938,19.362637,30.446533,1.0104681,19.940008,3.3756618,48.3101,74.36249,6.955274,-18.439293,224.061,0.63665485,28.699287,0.126,63,764.40656
8/6/2026 23:14,31813.943,29799.012,18.752092,31.432758,1.0100626,19.369358,2.962721,42.144035,64.89516,6.916782,-16.226768,225.15775,0.43503788,28.540182,0.117,63,764.40656
8/6/2026 23:44,31392.203,29459.9,18.5167,31.855043,1.0099201,19.148935,2.7194805,38.564373,59.397537,6.897043,-15.091896,216.40778,0.3197485,28.434084,0.117,63,764.40656
8/7/2026 0:14,30434.496,28651.605,17.957457,32.857452,1.0095576,18.623545,2.3890514,33.6731,51.88479,6.877181,-13.947487,219.39755,0.26860157,28.257935,0.117,63,764.40656
8/7/2026 0:44,30015.102,28315.453,17.725298,33.316563,1.0094199,18.405045,2.1801677,30.62938,47.20724,6.8587523,-12.888908,212.91733,0.31780148,28.142693,0.108,63,764.40656
8/7/2026 1:14,27177.701,25800.951,16.00265,36.794872,1.0082413,16.770618,2.1528244,29.77874,45.932083,6.83763,-11.668205,175.37595,0.31719577,27.793741,0.099,63,764.40656
8/7/2026 1:44,28093.08,26665.357,16.592041,35.595955,1.0086781,17.332483,1.8987283,26.354704,40.649834,6.8205,-10.690689,197.1388,0.23110472,27.80326,0.099,63,764.40656
8/7/2026 2:14,25403.553,24256.625,14.954592,39.364574,1.007555,15.766807,1.8971359,25.946718,40.049423,6.8166904,-10.461807,176.40114,0.20895764,27.475555,0.09,63,764.40656
8/7/2026 2:44,38228.14,38178.906,24.622322,26.158741,1.0155026,24.81629,5.1532226,71.3897,110.73641,7.371565,-42.185783,180.29213,0.48107955,25.06752,0.072,63,764.40656
8/7/2026 3:14,42101.176,42676.156,27.850615,23.752306,1.0181566,27.739502,6.4554377,89.874146,139.6112,7.706571,-61.37848,228.37639,1.0395712,24.294603,0.045,63,764.40656
8/7/2026 3:44,42408.246,43080.734,28.142351,23.58032,1.0184089,28.002478,6.7670307,94.18563,146.33871,7.7600408,-64.435005,225.358,0.8675577,24.182728,0.036,63,764.40656
8/7/2026 4:14,42408.688,43160.812,28.198463,23.580074,1.0184786,28.05453,6.854492,95.27515,148.05719,7.776714,-65.374374,238.13724,1.0006375,24.087639,0.036,63,764.40656
8/7/2026 4:44,42433.523,43219.4,28.24019,23.566273,1.0185214,28.09261,6.708233,93.19965,144.84235,7.7653522,-64.71157,242.80548,1.0169972,24.047989,0.027,63,764.40656
8/7/2026 5:14,42399.633,43242.402,28.255339,23.58511,1.0185525,28.107561,6.790081,94.23221,146.4652,7.7805233,-65.56988,245.93353,1.0244925,23.979612,0.036,63,764.40656
8/7/2026 5:44,42339.043,43236.113,28.249208,23.618862,1.0185668,28.103474,6.740793,93.4369,145.24634,7.7713294,-65.02628,235.17133,0.7072956,23.913708,0.036,63,764.40656
8/7/2026 6:14,42266.234,43182.438,28.20956,23.659548,1.018544,28.068584,6.598885,91.40967,142.1013,7.7575,-64.2252,249.3906,0.34062362,23.889162,0.036,63,764.40656
8/7/2026 6:44,42338.145,43234.24,28.247879,23.619364,1.0185655,28.102255,6.258664,86.754906,134.859,7.7081814,-61.392784,243.03912,0.10128955,23.914845,0.036,63,764.40656
8/7/2026 7:14,42327.117,43189.305,28.216103,23.625517,1.0185301,28.073048,6.1954536,85.92313,133.55638,7.7071266,-61.340332,248.20804,0.23425803,23.954819,0.036,63,764.40656
8/7/2026 7:44,42425.203,43191.133,28.220165,23.570894,1.0184997,28.074236,5.872862,81.61784,126.83752,7.663889,-58.875084,247.81705,0.19545749,24.071547,0.036,62,764.40656
8/7/2026 8:14,42351.996,42969.19,28.062664,23.611637,1.0183301,27.929974,5.394783,75.13754,116.72925,7.5863037,-54.4405,242.30957,0.06952371,24.247976,0.045,62,764.40656
8/7/2026 8:44,40030.863,40268.62,26.116217,24.980726,1.0167356,26.174604,4.620594,64.136116,99.55616,7.4021597,-43.89763,242.19037,0.065660544,24.690878,0.045,62,764.40656
8/7/2026 9:14,36149.074,35935.816,23.028181,27.663225,1.0142343,23.35828,3.9591048,54.582706,84.62644,7.1946316,-31.991005,232.72514,0.055180553,25.310701,0.054,62,764.40656
8/7/2026 9:44,32670.238,32101.729,20.336031,30.608898,1.0120354,20.866123,3.580983,49.14636,76.10501,7.0566945,-24.065971,217.81921,0.18466465,25.927208,0.063,62,764.40656
8/7/2026 10:14,30655.41,29829.902,18.760462,32.62067,1.0107027,19.389437,3.4838974,47.821342,73.97454,6.9891577,-20.227432,220.54196,0.12127357,26.448895,0.081,62,764.40656
8/7/2026 10:44,28927.55,27882.338,17.421173,34.569122,1.0095493,18.12352,3.519721,48.378265,74.755554,6.951442,-18.115044,226.66455,0.17152722,26.962646,0.081,62,764.40656
8/7/2026 11:14,28170.38,26861.48,16.724915,35.498276,1.0088534,17.45996,3.7557592,51.94476,80.16482,6.942459,-17.638206,246.2244,0.23281991,27.55119,0.099,62,764.40656
8/7/2026 11:44,27360.246,25824.623,16.020018,36.549377,1.0081574,16.786005,3.9897163,55.4948,85.5365,6.9297,-16.942024,254.47845,0.26677448,28.113274,0.117,62,764.40656
8/7/2026 12:14,26205.361,24386.098,15.046563,38.16013,1.0071884,15.850964,4.1702967,58.47572,89.96665,6.9224305,-16.570091,260.6392,0.13572598,28.90589,0.135,62,764.40656
8/7/2026 12:44,26008.447,23974.484,14.76962,38.449047,1.0068151,15.583415,4.3061357,60.8356,93.477776,6.916518,-16.260147,252.37561,0.30925176,29.44181,0.162,62,764.40656
8/7/2026 13:14,25126.02,22929.086,14.066636,39.79938,1.0061109,14.903906,4.4263783,62.896194,96.50764,6.905782,-15.673637,241.84227,0.19122466,30.016453,0.18,62,764.40656
8/7/2026 13:44,24740.537,22463.36,13.754515,40.419495,1.0057863,14.601183,4.769428,67.98455,104.23892,6.91687,-16.326904,252.1944,0.06274913,30.307487,0.207,62,764.40656
8/7/2026 14:14,23922.633,21264.426,12.953814,41.80142,1.0047909,13.821877,5.68181,82.308586,125.79372,7.0479045,-23.999214,245.05615,0.5174465,31.544884,0.225,62,764.40656
8/7/2026 14:44,44753.184,42859.668,28.038033,22.34478,1.017389,27.858784,9.8250885,144.18555,222.63263,8.008263,-79.56028,242.62428,0.036972106,27.313057,0.135,62,764.40656
8/7/2026 15:14,44313.496,43509.37,28.490978,22.566488,1.0181437,28.281092,9.583409,137.82913,213.41637,8.000668,-78.76396,244.97986,0.04025369,25.967623,0.072,62,764.40656
8/7/2026 15:44,44276.76,43556.168,28.523335,22.58521,1.0181987,28.31151,9.778118,140.41241,217.46065,8.024838,-80.13725,238.87634,0.04389058,25.866175,0.063,62,764.40656
8/7/2026 16:14,43883.41,43550.17,28.510185,22.787655,1.0183287,28.307613,9.402421,133.93623,207.62186,7.9954166,-78.31097,252.90489,0.15286738,25.40062,0.063,62,764.40656
8/7/2026 16:44,43833.66,43625.414,28.562147,22.813519,1.0184127,28.35652,9.307603,132.2817,205.11716,7.991563,-78.048706,257.5302,0.3909375,25.24992,0.063,62,764.40656
8/7/2026 17:14,43575.29,43662.58,28.582008,22.948786,1.0185326,28.380674,9.1701565,129.54846,201.01567,7.981111,-77.35252,262.36057,0.5315427,24.89533,0.054,62,764.40656
8/7/2026 17:44,43516.242,43683.656,28.595356,22.979925,1.018571,28.394377,8.988575,126.782265,196.75925,7.9754286,-76.999664,250.92603,0.6446494,24.799349,0.045,62,764.40656
8/7/2026 18:14,43299.465,43637.254,28.557062,23.094975,1.018602,28.364216,8.640545,121.41551,188.50285,7.9546843,-75.75035,237.65564,0.48914605,24.59472,0.054,62,764.40656
8/7/2026 18:44,43349.402,43688.85,28.59468,23.068369,1.0186307,28.397753,8.498897,119.44742,185.44786,7.947002,-75.30689,164.07489,0.57889444,24.593208,0.045,62,764.40656
8/7/2026 19:14,43252.207,43621.42,28.544685,23.120207,1.0186038,28.353926,8.187595,114.96687,178.5037,7.9148307,-73.44246,164.00815,0.9901511,24.556854,0.045,62,764.40656
8/7/2026 19:44,43418.23,43670.223,28.58337,23.0318,1.0185918,28.385647,8.010794,112.784676,175.06926,7.8938966,-72.26944,183.27237,0.9058143,24.697887,0.045,62,764.40656
8/7/2026 20:14,43583.324,43649.91,28.573275,22.944555,1.0185187,28.372442,7.391004,104.45376,162.06947,7.818222,-67.95406,191.88403,0.5728823,24.920134,0.054,62,764.40656
8/7/2026 20:44,43955.395,43719.516,28.631517,22.750336,1.0184551,28.417685,6.5322046,92.92578,144.08244,7.7016425,-61.297417,196.30432,0.21946478,25.282478,0.054,62,764.40656
8/7/2026 21:14,44260.543,43580.65,28.540314,22.593487,1.0182264,28.327421,5.6200533,80.643005,124.90641,7.514733,-50.582886,179.87729,0.039497882,25.816797,0.063,62,764.40656
8/7/2026 21:44,43692.375,42493.81,27.758926,22.88729,1.0174385,27.620975,5.327774,76.97122,119.059456,7.4122486,-44.7464,171.75674,0.08361074,26.476734,0.072,62,764.40656
8/7/2026 22:14,41233.902,39646.145,25.70465,24.251888,1.0157068,25.769993,4.772316,68.87319,106.39453,7.260291,-36.001205,187.19673,0.15428765,27.096766,0.09,62,764.40656
8/7/2026 22:44,37606.87,35836.617,22.983652,26.590885,1.0135183,23.293802,4.0726027,58.36666,90.0686,7.098604,-26.640892,177.89365,0.34976432,27.58628,0.099,62,764.40656
8/7/2026 23:14,35969.242,34201.47,21.826756,27.80153,1.0126164,22.230955,3.5246239,50.28961,77.58403,7.011855,-21.595955,161.95297,0.20986003,27.706135,0.099,62,764.40656
8/7/2026 23:44,35157.684,33454.363,21.29992,28.443285,1.0122352,21.745337,3.1648672,44.993065,69.41899,6.967328,-19.06395,154.82425,0.27952376,27.665695,0.099,62,764.40656
8/8/2026 0:14,34525.254,32909.484,20.916227,28.964306,1.0119776,21.391165,2.836324,40.17114,61.9923,6.936588,-17.30442,160.8181,0.13935114,27.570545,0.108,62,764.40656
8/8/2026 0:44,33860.3,32346.525,20.520592,29.53311,1.0117186,21.025242,2.5471466,35.922276,55.450012,6.9102,-15.792847,159.16348,0.3878083,27.450197,0.09,62,764.40656
8/8/2026 1:14,33206.2,31795.611,20.134287,30.114859,1.0114688,20.667147,2.269703,31.871017,49.210064,6.889402,-14.600754,167.84192,0.27719107,27.322731,0.099,62,764.40656
8/8/2026 1:44,32726.617,31423.578,19.873455,30.556168,1.0113198,20.425325,1.9699925,27.550682,42.553215,6.8638344,-13.136864,172.05716,0.3084107,27.171043,0.09,62,764.40656
8/8/2026 2:14,31805.953,30613.42,19.30843,31.440655,1.0109369,19.898724,1.8005637,25.045097,38.694122,6.860502,-12.94136,174.08847,0.21668808,27.039507,0.09,62,764.40656
8/8/2026 2:44,31366.377,30281.941,19.077026,31.881271,1.0108131,19.683262,1.3787417,19.09875,29.517448,6.847305,-12.183189,190.78732,0.19338134,26.874937,0.081,62,764.40656
8/8/2026 3:14,30998.943,29982.98,18.86897,32.259163,1.0106876,19.48894,1.2958819,17.898886,27.668917,6.839582,-11.739731,166.58307,0.077670746,26.774063,0.072,62,764.40656
8/8/2026 3:44,30018.377,29540.86,18.555557,33.312927,1.0107251,19.20156,1.9671943,26.690212,41.337517,6.8971405,-14.967918,150.00343,0.071505986,25.846315,0.072,62,764.40656
8/8/2026 4:14,41945.867,43015.86,28.083813,23.84025,1.0185035,27.960308,5.8350983,80.49974,125.18414,7.6488404,-57.935715,189.4188,0.35974807,23.697678,0.036,62,764.40656
8/8/2026 4:44,42422.098,43609.652,28.512959,23.57262,1.0188626,28.346275,6.24639,86.19949,134.07713,7.722514,-62.146187,183.05301,0.2646617,23.574268,0.027,62,764.40656
8/8/2026 5:14,42397.945,43601.145,28.50628,23.586048,1.018863,28.340744,6.458076,89.087234,138.57346,7.750626,-63.757896,166.64505,0.122448325,23.555204,0.027,62,764.40656
8/8/2026 5:44,42216.35,43427.812,28.379652,23.687504,1.0187718,28.228077,6.4564905,88.975784,138.40398,7.7512655,-63.791275,153.71799,0.2224237,23.539478,0.027,62,764.40656
8/8/2026 6:14,42372.094,43595.508,28.50156,23.60044,1.0188664,28.33708,6.3330255,87.3222,135.83383,7.7375245,-62.999725,156.88896,0.040971924,23.530743,0.027,62,764.40656
8/8/2026 6:44,42386.277,43614.285,28.51511,23.59254,1.018878,28.349287,6.085788,83.91251,130.53105,7.7164674,-61.78856,165.61984,0.081234,23.525858,0.018,62,764.40656
8/8/2026 7:14,42374.527,43593.383,28.500143,23.599083,1.0188638,28.3357,6.125142,84.463135,131.38521,7.716679,-61.802864,148.3345,0.040999003,23.536144,0.036,62,764.40656
8/8/2026 7:44,42399.938,43587.67,28.49692,23.58494,1.0188508,28.331987,5.94939,82.09188,127.68825,7.6904116,-60.300827,183.21991,0.058126744,23.573334,0.027,62,764.40656
8/8/2026 8:14,42434.297,43552.293,28.473211,23.565844,1.0188093,28.308992,5.823305,80.45819,125.1288,7.668804,-59.075356,193.19534,0.03898503,23.65601,0.027,62,764.40656
8/8/2026 8:44,42540.734,43514.688,28.450035,23.506882,1.0187429,28.284546,5.806768,80.462074,125.0964,7.663981,-58.83217,192.58023,0.0402765,23.82816,0.036,62,764.40656
8/8/2026 9:14,42692.05,43500.984,28.444782,23.423565,1.018682,28.27564,5.579236,77.5758,120.5659,7.612687,-55.918694,183.58707,0.034532625,24.026402,0.036,62,764.40656
8/8/2026 9:44,42690.04,43270.4,28.283031,23.424667,1.0184819,28.12576,5.360465,74.81888,116.22356,7.537152,-51.617622,175.18044,0.034599036,24.297781,0.036,62,764.40656
8/8/2026 10:14,39744.01,39720.203,25.727448,25.161024,1.016344,25.818132,4.756248,66.26433,102.793304,7.3491983,-40.888786,196.60474,0.03484455,25.03138,0.054,62,764.40656
8/8/2026 10:44,36358.242,35903.008,23.00964,27.50408,1.0141172,23.336956,4.2114143,58.412212,90.50109,7.1720643,-30.722618,198.0257,0.0372084,25.66385,0.063,62,764.40656
8/8/2026 11:14,33556.11,32754.646,20.796457,29.800833,1.0122763,21.29052,4.0389805,55.917877,86.52886,7.075359,-25.177002,192.08908,0.03365788,26.281082,0.081,62,764.40656
8/8/2026 11:44,32008.004,30898.295,19.50533,31.242186,1.0111318,20.08389,4.003023,55.589813,85.91404,7.025674,-22.33982,182.70016,0.040966574,26.880363,0.09,62,764.40656
8/8/2026 12:14,30303.768,28922.984,18.140713,32.9992,1.0099258,18.79994,4.0986114,57.08639,88.10969,7.0027757,-21.05236,189.61429,0.037330158,27.499474,0.099,62,764.40656
8/8/2026 12:44,29841.805,28180.396,17.632078,33.510036,1.0093676,18.317259,4.289264,60.17169,92.75077,6.9875565,-20.246506,172.47678,0.0408409,28.086712,0.117,62,764.40656
8/8/2026 13:14,28204.531,26248.117,16.311245,35.455296,1.0081311,17.061275,4.5033584,63.58563,97.82921,6.9974294,-20.837784,230.4697,0.14624348,28.902372,0.135,62,764.40656
8/8/2026 13:44,28007.863,25813.38,16.016354,35.704258,1.0077397,16.778698,4.7814817,68.02738,104.526085,6.9886174,-20.399094,205.15918,0.17839213,29.45096,0.153,62,764.40656
8/8/2026 14:14,27492.559,25163.34,15.5751095,36.373478,1.0072862,16.35617,4.4577255,63.687355,97.76291,7.0113497,-21.719933,197.66808,0.3117,29.846285,0.171,62,764.40656
8/8/2026 14:44,27579.8,25022.904,15.480495,36.25842,1.0070546,16.264887,4.3403215,62.499973,95.81926,6.9875646,-20.399094,155.58719,0.037019335,30.349855,0.189,62,764.40656
8/8/2026 15:14,25318.227,22626.143,13.863896,39.49724,1.0055691,14.706993,5.984561,86.67222,132.57474,7.107607,-27.49443,164.92844,0.039821655,31.229382,0.207,62,764.40656
8/8/2026 15:44,44636.363,42698.426,27.921282,22.40326,1.0172817,27.753979,8.549635,125.5187,193.78319,7.936057,-75.37365,168.99585,0.115468785,27.376266,0.135,62,764.40656
8/8/2026 16:14,44310.516,43566.36,28.531282,22.568007,1.0181962,28.318134,8.458884,121.532166,188.20969,7.9457664,-75.564384,188.68924,0.36699727,25.894293,0.072,62,764.40656
8/8/2026 16:44,44308.203,43688.715,28.61789,22.569183,1.0183072,28.397665,8.449599,121.144,187.66545,7.9486527,-75.69313,187.09659,0.712566,25.742386,0.063,62,764.40656
8/8/2026 17:14,43729.02,43447.87,28.434309,22.868109,1.01829,28.241117,8.3289,118.46681,183.66399,7.9354935,-74.830055,181.49854,0.776441,25.338789,0.063,62,764.40656
8/8/2026 17:44,43975.035,43706.152,28.622541,22.740175,1.0184367,28.408998,8.301664,118.17198,183.21284,7.9339166,-74.73469,186.13339,0.820729,25.322094,0.054,62,764.40656
8/8/2026 18:14,43877.46,43726.895,28.634853,22.790745,1.018488,28.422482,8.362418,118.755226,184.16768,7.933706,-74.687004,238.80959,1.0062153,25.18028,0.054,62,764.40656
8/8/2026 18:44,43576.664,43706.664,28.613104,22.948063,1.0185711,28.409332,8.042821,113.54229,176.19653,7.8994765,-72.62707,242.47647,0.8098432,24.844275,0.054,62,764.40656
8/8/2026 19:14,43479.297,43770.312,28.655422,22.999453,1.0186595,28.450703,7.790949,109.64749,170.21426,7.8871465,-71.8689,251.71756,0.69295615,24.651901,0.054,62,764.40656
8/8/2026 19:44,43309.316,43701.742,28.602695,23.08972,1.0186554,28.406132,7.603966,106.75724,165.76534,7.8685546,-70.7674,194.86905,0.8148565,24.52986,0.045,62,764.40656
8/8/2026 20:14,43293.67,43636.414,28.556324,23.098064,1.0186032,28.363668,7.314798,102.77524,159.56479,7.848056,-69.59915,211.56787,1.2394266,24.58877,0.045,62,764.40656
8/8/2026 20:44,43356.668,43685.92,28.592813,23.064503,1.0186259,28.39585,7.1794944,100.92433,156.68628,7.8302135,-68.57395,227.33688,1.2143419,24.6054,0.045,62,764.40656
8/8/2026 21:14,43517.906,43678.715,28.591919,22.979046,1.018566,28.391165,6.5826106,92.85748,144.10768,7.755548,-64.31103,221.97723,0.7955249,24.807243,0.045,62,764.40656
8/8/2026 21:44,43816.59,43726.316,28.632957,22.822407,1.0185082,28.422108,5.766966,81.79444,126.86589,7.6239376,-56.772232,222.94522,0.48497748,25.108088,0.054,62,764.40656
8/8/2026 22:14,43991.938,43652.758,28.585213,22.731438,1.0183833,28.374292,5.0066204,71.356606,110.61241,7.464565,-47.61219,226.78851,0.32839012,25.406805,0.063,62,764.40656
8/8/2026 22:44,43738.652,43091.375,28.182667,22.863073,1.0179665,28.009394,4.6410327,66.42573,102.89177,7.361162,-41.685104,196.17557,0.2327337,25.786446,0.054,62,764.40656
8/8/2026 23:14,42072.27,41124.945,26.760717,23.768625,1.0167712,26.731215,4.1521115,59.37549,91.893364,7.2467556,-35.10952,195.34589,0.31386235,26.206034,0.072,62,764.40656
8/8/2026 23:44,38578.867,37391.73,24.081806,25.920927,1.0146234,24.304625,3.6556075,51.89392,80.238815,7.1046114,-26.90792,192.16061,0.51369756,26.662231,0.081,62,764.40656
8/9/2026 0:14,36776.85,35559.75,22.779367,27.191017,1.0136085,23.113836,3.2585764,46.02196,71.140175,7.020617,-22.039413,199.4133,0.45835784,26.791983,0.081,62,764.40656
8/9/2026 0:44,36160.637,34979.785,22.368279,27.65438,1.013308,22.73686,2.9868762,42.069687,65.03416,6.982326,-19.860268,198.99368,0.43061614,26.767445,0.09,62,764.40656
8/9/2026 1:14,35741.32,34628.96,22.119373,27.97882,1.0131474,22.508825,2.652381,37.251522,57.596252,6.957525,-18.444061,188.98486,0.4332009,26.681793,0.072,62,764.40656
8/9/2026 1:44,35304.77,34269.633,21.86469,28.324785,1.0129868,22.27526,2.3752363,33.254097,51.426414,6.9321375,-16.994476,188.88474,0.29971927,26.581448,0.081,62,764.40656
8/9/2026 2:14,34728.457,33770.184,21.511791,28.79483,1.0127511,21.95062,2.1600802,30.132196,46.607758,6.912937,-15.897751,195.78934,0.209328,26.485672,0.081,62,764.40656
8/9/2026 2:44,34318.56,33443.324,21.280714,29.138752,1.0126125,21.738161,1.9920753,27.697323,42.851765,6.8948326,-14.863014,191.46442,0.21237667,26.370197,0.081,62,764.40656
8/9/2026 3:14,33900.324,33111.31,21.046278,29.498243,1.0124732,21.52235,1.7960786,24.886576,38.51281,6.8854523,-14.324188,195.99438,0.21648997,26.247604,0.072,62,764.40656
8/9/2026 3:44,33081.8,32422.43,20.561666,30.2281,1.0121641,21.07458,1.3344761,18.381855,28.457119,6.858386,-12.779236,180.38272,0.29840815,26.06476,0.072,62,764.40656
8/9/2026 4:14,32532.129,31994.705,20.26079,30.738842,1.0119929,20.796558,1.2212905,16.740244,25.925396,6.865335,-13.165474,172.88208,0.14399843,25.879438,0.063,62,764.40656
8/9/2026 4:44,29881.44,29559.246,18.565811,33.46559,1.0108123,19.21351,1.3519986,18.256319,28.29067,6.8578324,-12.726784,168.32828,0.14793065,25.570677,0.063,62,764.40656
8/9/2026 5:14,42087.53,43168.824,28.194845,23.760006,1.01859,28.059736,5.8833094,81.20362,126.28077,7.6260657,-56.624413,169.24858,0.14682606,23.688585,0.036,62,764.40656
8/9/2026 5:44,42518.312,43659.438,28.550669,23.519278,1.0188749,28.378633,6.2506866,86.3644,134.31998,7.6987486,-60.79197,182.81937,0.040882405,23.63157,0.009,62,764.40656
8/9/2026 6:14,42503.68,43633.92,28.532383,23.527374,1.0188575,28.362051,6.3506694,87.755455,136.48048,7.724334,-62.265396,189.75258,0.038819976,23.643827,0.036,62,764.40656
8/9/2026 6:44,42594.34,43720.7,28.595806,23.477297,1.0189034,28.418455,6.3092217,87.225815,135.65498,7.720658,-62.055588,187.55435,0.055695035,23.651173,0.027,62,764.40656
8/9/2026 7:14,42577.08,43683.66,28.569376,23.486816,1.018877,28.39438,6.358776,87.93247,136.74849,7.721488,-62.10804,200.57202,0.07396964,23.67373,0.027,62,764.40656
8/9/2026 7:44,42694.28,43733.902,28.608025,23.42234,1.0188829,28.427036,6.404243,88.70818,137.93478,7.7298136,-62.60395,194.4542,0.037315678,23.755417,0.036,62,764.40656
8/9/2026 8:14,42687.996,43683.508,28.572542,23.425789,1.0188414,28.394281,6.2221475,86.246124,134.09412,7.7135434,-61.678886,223.47928,0.06508934,23.80685,0.036,62,764.40656
8/9/2026 8:44,42797.676,43713.965,28.597075,23.365755,1.0188326,28.414078,5.9141746,82.12657,127.66713,7.697204,-60.75859,196.30432,0.13504267,23.902563,0.036,62,764.40656
8/9/2026 9:14,42878.26,43680.3,28.57578,23.32184,1.0187774,28.392197,6.11554,85.11516,132.2804,7.693407,-60.567856,243.74962,0.03913996,24.03866,0.036,62,764.40656
8/9/2026 9:44,43076.543,43698.3,28.593967,23.21449,1.0187286,28.403896,6.211025,86.78042,134.81519,7.6929727,-60.58693,246.07658,0.03579915,24.255058,0.036,62,764.40656
8/9/2026 10:14,43249.54,43637.31,28.55578,23.121634,1.0186186,28.364252,6.0620584,85.093735,132.12653,7.6637034,-58.956146,248.21281,0.03259462,24.534758,0.036,62,764.40656
8/9/2026 10:44,43340.047,43580.54,28.518217,23.073349,1.0185387,28.32735,5.6940556,80.15576,124.418144,7.5780573,-54.04949,234.86615,0.03768438,24.711079,0.045,62,764.40656
8/9/2026 11:14,42526.383,42364.86,27.642912,23.514814,1.0177356,27.537159,5.315682,75.08854,116.44429,7.4752026,-48.19393,211.20071,0.035443474,25.199615,0.045,62,764.40656
8/9/2026 11:44,38889.984,38201.812,24.651852,25.713562,1.015267,24.831179,4.5604506,64.1526,99.33961,7.249675,-35.247803,203.37105,0.056726743,25.943148,0.063,62,764.40656
8/9/2026 12:14,36229.242,35174.81,22.504251,27.602013,1.0134695,22.863626,4.3342195,60.886784,94.161835,7.1316943,-28.471947,219.48814,0.039066754,26.569477,0.072,62,764.40656
8/9/2026 12:44,34305.473,32929.85,20.927494,29.149868,1.012103,21.404404,4.277384,60.19088,92.96422,7.062083,-24.48082,219.41185,0.085490055,27.187132,0.09,62,764.40656
8/9/2026 13:14,33044.566,31379.66,19.84706,30.262161,1.0111153,20.39678,4.3027406,60.79096,93.77003,7.0264907,-22.454262,228.01877,0.041419685,27.777847,0.099,62,764.40656
8/9/2026 13:44,32062.83,30034.959,18.915712,31.188763,1.0101862,19.522724,4.3027964,61.256527,94.326515,6.9968023,-20.775795,209.09787,0.1380696,28.534924,0.117,62,764.40656
8/9/2026 14:14,31439.646,29170.191,18.31899,31.806973,1.0095727,18.960625,4.3144584,61.776073,95.006744,7.004151,-21.243095,247.91718,0.038128924,29.073322,0.144,62,764.40656
8/9/2026 14:44,30635.06,28076.977,17.566984,32.642338,1.0087918,18.250034,4.608231,66.47858,102.06672,7.014856,-21.920204,216.92752,0.040268946,29.770136,0.153,62,764.40656
8/9/2026 15:14,29613.951,26934.307,16.783403,33.767868,1.0080681,17.5073,4.665685,67.50863,103.53499,7.0242968,-22.506714,229.98334,0.03879863,30.208803,0.18,62,764.40656
8/9/2026 15:44,29485.682,26559.316,16.52761,33.914764,1.0076964,17.263556,4.912378,71.63908,109.712524,7.004152,-21.362305,158.844,0.037027888,30.76871,0.198,62,764.40656
8/9/2026 16:14,26458.146,23510.365,14.458255,37.795544,1.0058994,15.281738,6.3615465,92.941895,142.03725,7.1325417,-28.996468,173.99788,0.5156837,31.564512,0.189,62,764.40656
8/9/2026 16:44,44385.66,42167.883,27.539648,22.529799,1.0168769,27.409124,8.366945,123.350136,190.2778,7.944905,-75.984,157.04633,0.36741894,27.753613,0.144,62,764.40656
8/9/2026 17:14,44804.773,43726.37,28.655243,22.31905,1.0181686,28.422142,8.535112,123.544395,191.172,7.934665,-75.02079,190.20557,0.7163573,26.291231,0.081,62,764.40656
8/9/2026 17:44,44599.92,43876.094,28.757114,22.421564,1.0183753,28.51946,8.402965,120.82014,187.11842,7.9261413,-74.419975,212.45003,1.0107466,25.863726,0.054,62,764.40656
8/9/2026 18:14,44455.023,43841.883,28.729654,22.494646,1.0183944,28.497225,8.446244,121.1513,187.68056,7.9277773,-74.481964,236.15837,1.1007715,25.732212,0.063,62,764.40656
8/9/2026 18:44,44339.344,43907.406,28.773407,22.553333,1.0184925,28.539814,8.364493,119.56358,185.30048,7.924592,-74.243546,245.94307,1.2846918,25.51505,0.063,62,764.40656
8/9/2026 19:14,44166.293,43896.883,28.761892,22.6417,1.0185418,28.532974,8.191459,116.69413,180.92183,7.9097548,-73.337555,249.68625,1.1386199,25.32133,0.054,62,764.40656
8/9/2026 19:44,44024.805,43937.305,28.787027,22.714468,1.0186253,28.559248,7.9127917,112.320465,174.21405,7.8779936,-71.44928,240.12566,1.1219152,25.104267,0.054,62,764.40656
8/9/2026 20:14,43939.81,43959.758,28.800758,22.758406,1.0186735,28.573843,7.6268187,108.03073,167.60156,7.870681,-70.996284,235.74829,1.2042615,24.976238,0.054,62,764.40656
8/9/2026 20:44,43762.8,43882.58,28.741838,22.850456,1.0186642,28.523676,7.382792,104.32436,161.88812,7.853412,-69.971085,226.97449,1.242414,24.857094,0.054,62,764.40656
8/9/2026 21:14,43855.117,44003.676,28.82959,22.802357,1.0187404,28.60239,7.0735655,99.94622,155.10414,7.826866,-68.4309,267.30536,1.3988761,24.823246,0.054,62,764.40656
8/9/2026 21:44,43924.793,44039.145,28.85639,22.766186,1.0187485,28.625444,6.931637,98.024994,152.11089,7.804649,-67.157745,257.55884,1.2211796,24.864052,0.054,62,764.40656
8/9/2026 22:14,43964.984,44030.36,28.851217,22.745373,1.0187275,28.619734,6.2842093,88.955894,138.02261,7.7265434,-62.66117,259.30405,0.73460335,24.922264,0.045,62,764.40656
8/9/2026 22:44,44078.156,44075.598,28.885998,22.686974,1.0187298,28.649137,5.473403,77.60209,120.38766,7.5924144,-54.93164,248.46555,0.41501173,25.003036,0.054,62,764.40656
8/9/2026 23:14,44113.88,44000.633,28.833946,22.668602,1.0186516,28.600412,4.7961597,68.134384,105.673256,7.437422,-46.00048,216.85123,0.32097888,25.134748,0.063,62,764.40656
8/9/2026 23:44,43812.855,43486.508,28.463558,22.82435,1.0182959,28.26623,4.53599,64.58885,100.1242,7.3490005,-40.926933,189.15176,0.41605577,25.392908,0.063,62,764.40656
8/10/2026 0:14,42127.39,41528.035,27.045496,23.737526,1.017121,26.993223,4.122398,58.592743,90.76425,7.2416563,-34.76143,185.25124,0.24328549,25.755629,0.063,62,764.40656
8/10/2026 0:44,38941.99,38139.383,24.609343,25.679222,1.0151877,24.790598,3.6835086,51.94547,80.411224,7.1095924,-27.14634,195.09793,0.4174595,26.101782,0.072,62,764.40656
8/10/2026 1:14,37349.797,36550.445,23.475767,26.773907,1.0143245,23.75779,3.3009872,46.28838,71.6478,7.0378866,-22.993088,193.15244,0.34514117,26.145014,0.072,62,764.40656
8/10/2026 1:44,36825.867,36094.48,23.150576,27.154825,1.0141057,23.461412,3.068481,42.88684,66.39403,7.0023746,-20.928383,199.75186,0.4279814,26.060894,0.072,62,764.40656
8/10/2026 2:14,36201.844,35577.176,22.781826,27.622902,1.0138711,23.125166,2.759185,38.389767,59.448963,6.9761715,-19.454956,209.21231,0.27262434,25.91927,0.072,62,764.40656
8/10/2026 2:44,35779.78,35268.855,22.561493,27.948746,1.013753,22.924757,2.439373,33.80361,52.363853,6.952051,-18.076897,205.35469,0.35938066,25.758461,0.063,62,764.40656
8/10/2026 3:14,35294.906,34881.703,22.286013,28.3327,1.013587,22.673107,2.2188342,30.62605,47.454628,6.9349504,-17.09938,205.48343,0.25223693,25.620201,0.063,62,764.40656
8/10/2026 3:44,34958.535,34654.984,22.123892,28.605318,1.0135125,22.52574,2.084076,28.658936,44.420734,6.915162,-15.969276,202.0502,0.31912398,25.4586,0.063,62,764.40656
8/10/2026 4:14,34525.938,34361.406,21.914185,28.963732,1.0134153,22.334915,1.8051547,24.704165,38.306435,6.905418,-15.406609,198.30704,0.20868331,25.250698,0.054,62,764.40656
8/10/2026 4:44,33784.65,33813.574,21.524723,29.599243,1.0132078,21.978823,1.801732,24.475748,37.973812,6.888991,-14.462471,205.84583,0.16790047,24.95521,0.045,62,764.40656
8/10/2026 5:14,33177.56,33356.105,21.20033,30.140856,1.0130312,21.681467,1.3780781,18.608843,28.884262,6.886577,-14.3146515,191.83159,0.09092625,24.719751,0.045,62,764.40656
8/10/2026 5:44,31109.467,31513.14,19.907393,32.144558,1.0121696,20.483541,1.4252129,18.972212,29.469696,6.8731356,-13.537407,166.18253,0.0758127,24.329334,0.036,62,764.40656
8/10/2026 6:14,42330.723,43732.543,28.59603,23.623505,1.0189967,28.426153,5.518164,75.847664,118.02796,7.626122,-56.557655,197.02911,1.2805253,23.321758,0.027,62,764.40656
8/10/2026 6:44,42724.133,44137.062,28.891045,23.405975,1.019219,28.68909,6.0074778,82.71733,128.71747,7.6990986,-60.749054,231.42815,0.03815526,23.323963,0.027,62,764.40656
8/10/2026 7:14,42750.914,44113.508,28.875414,23.391314,1.0191907,28.67378,6.3207293,87.112946,135.5436,7.7435503,-63.314438,249.63855,1.3531387,23.382807,0.027,62,764.40656
8/10/2026 7:44,41421.66,42708.598,27.853834,24.141958,1.0184078,27.76059,6.5041256,89.176735,138.74515,7.752534,-63.83896,259.38034,0.045917157,23.422356,0.027,62,764.40656
8/10/2026 8:14,41429.938,42634.13,27.80219,24.137135,1.0183411,27.712185,6.6380606,91.14495,141.78273,7.7717457,-64.964294,265.74133,0.13809566,23.521217,0.036,62,764.40656
8/10/2026 8:44,43014.24,44194.03,28.939886,23.248116,1.0191771,28.72612,6.641849,91.92751,142.97955,7.77293,-65.050125,272.13098,0.6163599,23.602314,0.036,62,764.40656
8/10/2026 9:14,42997.777,44162.582,28.91735,23.257015,1.0191553,28.705679,6.5582,90.784744,141.19794,7.7661476,-64.66389,277.7386,0.039736636,23.619091,0.027,62,764.40656
8/10/2026 9:44,43133.4,44182.527,28.9354,23.183891,1.0191298,28.718643,6.717162,93.22021,144.95029,7.774663,-65.18364,269.2318,0.03953862,23.75679,0.036,62,764.40656
8/10/2026 10:14,43222.383,44147.367,28.913351,23.13616,1.0190711,28.69579,6.683721,92.98237,144.54254,7.763249,-64.55898,278.12958,0.03536985,23.903025,0.036,62,764.40656
8/10/2026 10:44,43635.504,44210.434,28.969389,22.917118,1.0189931,28.736782,6.6732116,93.54313,145.30405,7.7506733,-63.92479,282.99332,0.034463946,24.319143,0.036,62,764.40656
8/10/2026 11:14,44092.168,44199.367,28.973734,22.679766,1.0188344,28.72959,6.588659,93.251335,144.70087,7.6911225,-60.606003,280.41364,0.030559296,24.873016,0.045,62,764.40656
8/10/2026 11:44,44325.586,44160.836,28.952349,22.560333,1.0187227,28.704544,6.408501,91.19575,141.42386,7.62332,-56.75316,271.3251,0.03817864,25.195322,0.054,62,764.40656
8/10/2026 12:14,43994.824,43651.688,28.584526,22.729946,1.0183815,28.373596,6.036376,86.039795,133.3721,7.5466723,-52.36149,286.08322,0.03420113,25.41156,0.054,62,764.40656
8/10/2026 12:44,42394.035,41841.01,27.271423,23.588224,1.0173098,27.196657,5.5422087,78.78789,122.063354,7.409578,-44.4746,286.9749,0.03623466,25.691998,0.063,62,764.40656
8/10/2026 13:14,39714.355,38882.37,25.142307,25.179811,1.0155822,25.273542,5.0321374,71.20062,110.21391,7.246518,-35.08568,289.2256,0.033449054,26.120289,0.063,62,764.40656
8/10/2026 13:44,37393.09,36405.848,23.376198,26.742908,1.0141677,23.663801,4.739018,66.72989,103.230255,7.1445937,-29.206276,281.87274,0.038806316,26.419779,0.072,62,764.40656
8/10/2026 14:14,36013.453,34813.793,22.251245,27.7674,1.0132093,22.628965,4.5122733,63.552658,98.2364,7.0840397,-25.725365,288.59616,0.040244166,26.804152,0.063,62,764.40656
8/10/2026 14:44,35239.676,33924.426,21.6256,28.377106,1.0126728,22.050877,4.380907,61.723618,95.36358,7.0486903,-23.68927,273.4232,0.19750875,27.02984,0.081,62,764.40656
8/10/2026 15:14,34203.98,32695.36,20.764797,29.236362,1.0119117,21.251984,4.4199066,62.382416,96.30138,7.0231876,-22.234917,270.15686,0.07934979,27.415796,0.099,62,764.40656
8/10/2026 15:44,33861.527,32181.844,20.407328,29.53204,1.0115477,20.918198,4.4390492,62.864845,96.978714,7.002823,-21.071434,265.87964,0.040818922,27.732647,0.108,62,764.40656
8/10/2026 16:14,33096.027,31055.537,19.62498,30.215107,1.0107448,20.186098,4.776998,68.16677,104.99024,7.015932,-21.886826,275.76447,0.13197675,28.440033,0.126,62,764.40656
8/10/2026 16:44,32914.957,30719.451,19.392435,30.381325,1.010477,19.967644,4.663486,66.79926,102.81218,6.995988,-20.742416,171.62323,0.060347114,28.74186,0.126,62,764.40656
8/10/2026 17:14,31038.012,28935.047,18.155437,32.21856,1.0095352,18.80778,4.8604674,69.21878,106.520355,7.0003157,-20.999908,192.42764,0.08393535,28.80517,0.126,62,764.40656
8/10/2026 17:44,43035.254,41426.79,26.991554,23.236763,1.0166914,26.927414,9.505877,138.03258,213.26028,7.913265,-73.96221,172.94406,0.53127,27.032814,0.108,62,764.40656
8/10/2026 18:14,44575.133,43504.37,28.492922,22.434032,1.0180473,28.277842,9.968565,144.15483,223.0657,8.006856,-79.20742,231.7524,0.8621744,26.288626,0.081,61,764.40656
8/10/2026 18:44,44464.527,44023.137,28.858232,22.489838,1.0185534,28.615038,9.021051,129.0326,199.97171,7.957764,-76.1652,250.55408,0.7832019,25.524939,0.063,61,764.40656
8/10/2026 19:14,44170.684,44001.95,28.836258,22.63945,1.0186337,28.601267,8.543297,121.50588,188.42596,7.927676,-74.34368,249.4049,0.85101163,25.20077,0.063,61,764.40656
8/10/2026 19:44,44031.88,44244.7,29.004162,22.710817,1.0188941,28.759054,7.7906065,110.04431,170.79933,7.874927,-71.18702,259.65692,0.9535337,24.748163,0.054,61,764.40656
8/10/2026 20:14,43748.953,44204.082,28.968018,22.857689,1.0189508,28.732655,7.303015,102.62351,159.3672,7.8391447,-69.05556,234.16043,1.0044688,24.46094,0.045,61,764.40656
8/10/2026 20:44,43414.098,44188.605,28.947832,23.033993,1.0190455,28.722593,6.7956157,94.85462,147.40515,7.7986813,-66.63799,235.34299,0.7761731,24.082338,0.045,61,764.40656
8/10/2026 21:14,43244.348,44099.332,28.880276,23.124409,1.0190226,28.664566,6.621997,92.23819,143.36452,7.787131,-65.95135,222.42546,0.558575,23.984936,0.036,61,764.40656
8/10/2026 21:44,43403.17,44277.867,29.01022,23.039791,1.0191262,28.780615,6.62053,92.25561,143.39653,7.786459,-65.90843,229.82597,0.7047313,23.965723,0.027,61,764.40656
8/10/2026 22:14,43378.176,44263.383,28.999327,23.053066,1.0191216,28.771198,6.4039063,89.21155,138.66824,7.767949,-64.84032,265.4791,0.8455619,23.95295,0.027,61,764.40656
8/10/2026 22:44,43418.31,44315.46,29.037067,23.03176,1.0191538,28.80505,6.2238708,86.70267,134.77164,7.7453775,-63.53855,280.509,0.9596632,23.94007,0.036,61,764.40656
8/10/2026 23:14,43401.24,44296.062,29.022947,23.040817,1.0191426,28.79244,5.8341293,81.26998,126.32649,7.6954055,-60.663223,278.10095,0.28337112,23.942356,0.036,61,764.40656
8/10/2026 23:44,43491.098,44321.945,29.043724,22.993212,1.0191363,28.809265,5.2625737,73.41474,114.10055,7.5968904,-55.007935,270.31897,0.19789459,24.018549,0.036,61,764.40656
8/11/2026 0:14,43543.195,44249.86,28.99454,22.9657,1.0190572,28.76241,4.7354755,66.210686,102.87686,7.4814196,-48.384666,250.535,0.07453262,24.163881,0.036,61,764.40656
8/11/2026 0:44,43432.863,43940.145,28.773691,23.02404,1.0188234,28.561094,4.367848,61.2401,95.11313,7.3502145,-40.860176,191.02097,0.097562864,24.39556,0.036,61,764.40656
8/11/2026 1:14,42224.395,42460.56,27.702742,23.682993,1.017925,27.599363,4.26053,59.694893,92.659096,7.2739315,-36.501884,177.64569,0.16712783,24.708796,0.045,61,764.40656
8/11/2026 1:44,40317.06,40359.566,26.18646,24.803396,1.0167147,26.233719,3.8945267,54.319206,84.27721,7.1593885,-29.916763,174.9754,0.07642986,24.944855,0.054,61,764.40656
8/11/2026 2:14,38886.35,38865.105,25.113161,25.715963,1.015883,25.26232,3.6770828,51.048122,79.18939,7.0912166,-25.987625,177.32144,0.22333646,25.028624,0.054,61,764.40656
8/11/2026 2:44,38118.082,38148.14,24.59856,26.234268,1.0155163,24.796291,3.4446511,47.62335,73.88651,7.0463185,-23.388863,175.22336,0.09755719,24.958744,0.054,61,764.40656
8/11/2026 3:14,37534.715,37620.254,24.220186,26.642004,1.0152544,24.453165,3.222821,44.40026,68.896164,7.0136333,-21.49582,182.73831,0.20996368,24.880955,0.045,61,764.40656
8/11/2026 3:44,37170.734,37316.168,24.001959,26.902885,1.0151148,24.255508,3.0174685,41.4578,64.34069,6.984298,-19.841194,193.15244,0.07034985,24.795948,0.054,61,764.40656
8/11/2026 4:14,36650.934,36868.625,23.681593,27.284435,1.0149041,23.964607,2.7466233,37.598434,58.362694,6.9591866,-18.415451,211.65372,0.084956765,24.690863,0.045,61,764.40656
8/11/2026 4:44,36115.195,36418.64,23.359743,27.689177,1.0146984,23.672117,2.5354755,34.567123,53.670067,6.9284215,-16.670227,200.11902,0.17257951,24.563763,0.045,61,764.40656
8/11/2026 5:14,35542.39,35951.97,23.02616,28.135418,1.014493,23.36878,2.370082,32.159935,49.947464,6.92292,-16.350746,238.26123,0.08160514,24.40354,0.045,61,764.40656
8/11/2026 5:44,34960.21,35471.793,22.6837,28.603947,1.0142802,23.056665,2.0787416,28.072727,43.612373,6.896195,-14.834404,214.67685,0.083946414,24.244911,0.036,61,764.40656
8/11/2026 6:14,34205.293,34766.69,22.184359,29.23524,1.0139301,22.598349,1.7505621,23.53565,36.56985,6.880886,-13.96656,194.48758,0.13317306,24.15458,0.036,61,764.40656
8/11/2026 6:44,38701.88,39909.676,25.831964,25.83854,1.016884,25.94129,3.8258474,51.841656,80.65852,7.179076,-30.89428,175.01831,0.0890006,23.415535,0.027,61,764.40656
8/11/2026 7:14,42670.965,44222.938,28.949383,23.435139,1.0193087,28.74491,5.6994534,78.27874,121.84468,7.643349,-57.516098,256.0711,0.036986563,23.162603,0.027,61,764.40656
8/11/2026 7:44,42813.91,44370.715,29.057262,23.356895,1.01939,28.840963,5.9420834,81.662704,127.11191,7.6572213,-58.312416,261.77884,0.03309275,23.163023,0.027,61,764.40656
8/11/2026 8:14,42881.2,44365.03,29.055447,23.320244,1.0193645,28.83727,6.231828,85.77392,133.49132,7.7237005,-62.146187,275.1541,0.03863953,23.2489,0.027,61,764.40656
8/11/2026 8:44,42991.926,44428.566,29.103416,23.260181,1.0193844,28.878569,6.3141923,87.02087,135.41824,7.733619,-62.72793,284.19495,0.03664254,23.307014,0.027,61,764.40656
8/11/2026 9:14,43044.05,44441.082,29.113815,23.232014,1.019379,28.886705,6.456631,89.06334,138.58524,7.753952,-63.905716,274.48178,0.037840333,23.354156,0.027,61,764.40656
8/11/2026 9:44,43084.113,44439.137,29.11371,23.210411,1.0193647,28.885439,6.403738,88.410835,137.55804,7.742062,-63.233376,244.91788,0.03636315,23.403574,0.036,61,764.40656
8/11/2026 10:14,43162.406,44418.81,29.101902,23.16831,1.0193231,28.872227,6.626651,91.66853,142.59772,7.777728,-65.30762,238.66177,0.035277482,23.51909,0.027,61,764.40656
8/11/2026 10:44,43308.984,44442.207,29.122778,23.089897,1.0192974,28.887436,6.8710732,95.30512,148.21646,7.7955813,-66.366196,212.5454,0.03970275,23.664984,0.027,61,764.40656
8/11/2026 11:14,43427.918,44404.406,29.099798,23.026663,1.0192274,28.862865,6.8268614,94.984886,147.66992,7.780777,-65.55557,217.78107,0.034408238,23.848652,0.036,61,764.40656
8/11/2026 11:44,43950.492,44462.66,29.155643,22.752874,1.0191112,28.90073,6.7621245,95.01909,147.57553,7.7456675,-63.652992,220.59918,0.032186333,24.396906,0.036,61,764.40656
8/11/2026 12:14,44643.01,44472.9,29.180857,22.399923,1.0188934,28.907385,6.8157516,97.12554,150.6182,7.7035847,-61.392784,241.48465,0.028748838,25.200266,0.045,61,764.40656
8/11/2026 12:44,45042.39,44419.113,29.152176,22.20131,1.0187114,28.872423,6.6422014,95.507,147.95319,7.633573,-57.44934,250.41104,0.03143522,25.734646,0.063,61,764.40656
8/11/2026 13:14,44798.97,43922.113,28.79409,22.321943,1.018348,28.549374,6.235647,89.95425,139.26448,7.544014,-52.318573,209.29813,0.028931582,26.045227,0.072,61,764.40656
8/11/2026 13:44,42690.016,41743.05,27.208567,23.42468,1.0171132,27.132984,5.651069,80.98999,125.35004,7.372697,-42.409897,205.5645,0.035153586,26.187725,0.072,61,764.40656
8/11/2026 14:14,39308.027,38220.574,24.672594,25.440096,1.0151186,24.843374,5.1291013,72.83901,112.66473,7.1923723,-31.986237,203.95279,0.03197946,26.489635,0.072,61,764.40656
8/11/2026 14:44,37543.24,36353.44,23.342276,26.635954,1.0140538,23.629738,4.8285184,68.31946,105.62477,7.0978827,-26.521683,193.05707,0.04024448,26.71354,0.081,61,764.40656
8/11/2026 15:14,36733.04,35417.934,22.680374,27.223448,1.0134883,23.021658,4.7356744,67.01999,103.56541,7.066771,-24.733543,195.50323,0.035307582,26.944033,0.09,61,764.40656
8/11/2026 15:44,36482.54,35074.664,22.438736,27.410374,1.0132595,22.798532,4.5877123,65.012146,100.42901,7.041624,-23.283958,185.97125,0.037498236,27.101534,0.09,61,764.40656
8/11/2026 16:14,36146.832,34670.57,22.154043,27.664942,1.0130075,22.53587,4.4655957,63.318226,97.785484,7.036209,-22.978783,188.57956,0.038840685,27.229301,0.099,61,764.40656
8/11/2026 16:44,35949.465,34356.75,21.934065,27.816826,1.0127825,22.331888,4.4096556,62.658203,96.72474,7.020061,-22.053719,184.1259,0.23887062,27.427126,0.099,61,764.40656
8/11/2026 17:14,35607.914,33981.066,21.669651,28.083645,1.0125604,22.087692,4.331118,61.53422,94.97321,7.019961,-22.053719,229.93564,0.07609361,27.506552,0.099,61,764.40656
8/11/2026 17:44,35788.625,34096.5,21.751812,27.94184,1.0125937,22.162725,3.7740138,53.727196,82.907036,7.0037208,-21.11435,175.83371,0.080862075,27.598303,0.099,61,764.40656
8/11/2026 18:14,35162.754,33467.074,21.308765,28.439182,1.0122458,21.7536,3.8362806,54.528805,84.133934,7.004555,-21.166801,191.10202,0.23416339,27.652727,0.099,61,764.40656
8/11/2026 18:44,38282.266,37091.21,23.867502,26.121756,1.014457,24.10929,4.3922405,62.296143,96.31897,7.1838098,-31.5094,180.88818,0.09321295,26.681234,0.09,61,764.40656
8/11/2026 19:14,43779.855,43820.39,28.698423,22.841555,1.0186037,28.483253,7.404661,104.77828,162.56326,7.828585,-68.55965,194.22055,0.93707365,24.951567,0.054,61,764.40656
8/11/2026 19:44,43975.703,44254.43,29.009552,22.73983,1.018921,28.76538,7.3157177,103.200386,160.20042,7.835906,-68.917274,197.32953,1.2135968,24.670246,0.045,61,764.40656
8/11/2026 20:14,43898.867,44305.277,29.043348,22.77963,1.0189905,28.798431,7.224133,101.66244,157.85745,7.823361,-68.1591,201.23004,1.6670426,24.519741,0.045,61,764.40656
8/11/2026 20:44,43887.023,44408.055,29.115437,22.785778,1.019084,28.865236,7.0598717,99.16067,154.01111,7.8199224,-67.93022,186.34796,1.1566882,24.385715,0.045,61,764.40656
8/11/2026 21:14,43786.598,44357.82,29.077301,22.838037,1.0190728,28.832582,6.966018,97.71923,151.78912,7.8005476,-66.80012,236.64474,1.1274246,24.325777,0.036,61,764.40656
8/11/2026 21:44,43801.28,44447.6,29.140902,22.830383,1.019146,28.890942,6.8699675,96.260925,149.54782,7.7955065,-66.49017,238.10387,0.980625,24.23868,0.036,61,764.40656
8/11/2026 22:14,43709.426,44381.57,29.091858,22.87836,1.0191181,28.84802,6.7904887,95.0682,147.70341,7.7988577,-66.67614,214.09035,0.69723153,24.207085,0.036,61,764.40656
8/11/2026 22:44,43583.516,44303.723,29.033552,22.944454,1.019091,28.797419,6.6938853,93.589386,145.42133,7.7899766,-66.15162,203.04202,0.8480423,24.148895,0.036,61,764.40656
8/11/2026 23:14,43550.348,44323.67,29.046635,22.96193,1.0191188,28.810387,6.4437766,90.00117,139.86176,7.7761383,-65.340996,192.00325,0.9923384,24.086533,0.036,61,764.40656
8/11/2026 23:44,43537.285,44298.8,29.028788,22.968819,1.0191014,28.79422,6.1775765,86.29455,134.09839,7.7360053,-63.033104,179.78668,0.69037145,24.099976,0.036,61,764.40656
8/12/2026 0:14,43453.31,44224.676,28.974297,23.013206,1.0190641,28.74604,5.784612,80.761345,125.50302,7.679572,-59.781075,175.82416,0.42114717,24.086803,0.036,61,764.40656
8/12/2026 0:44,43266.348,44092.605,28.876188,23.112652,1.0190096,28.660194,5.204906,72.54095,112.74243,7.5698023,-53.448677,181.9992,0.16027428,24.018894,0.036,61,764.40656
8/12/2026 1:14,43078.547,43919.12,28.749031,23.213411,1.0189198,28.54743,4.524594,62.990276,97.902596,7.4268813,-45.218468,182.17087,0.10170027,23.997952,0.036,61,764.40656
8/12/2026 1:44,42615.1,43406.945,28.376692,23.46586,1.0186254,28.214516,4.042588,56.205994,87.35067,7.2837105,-36.98349,159.9455,0.05695199,24.044907,0.036,61,764.40656
8/12/2026 2:14,40948.47,41628.4,27.0874,24.420938,1.0176245,27.058458,3.7046552,51.21778,79.58393,7.1967187,-31.986237,156.52179,0.040226158,24.144854,0.036,61,764.40656
8/12/2026 2:44,38547.633,39112.05,25.27632,25.94193,1.0162315,25.422832,3.231715,44.295437,68.81522,7.0820565,-25.391579,154.39511,0.07265184,24.24446,0.036,61,764.40656
8/12/2026 3:14,36977.543,37504.277,24.12712,27.043442,1.0153607,24.37778,2.9762483,40.540836,62.979923,7.0247507,-22.091866,153.87535,0.1414318,24.264677,0.036,61,764.40656
8/12/2026 3:44,36044.773,36622.207,23.497906,27.743273,1.0149126,23.804434,2.7684085,37.514378,58.28798,6.986892,-19.946098,152.80246,0.048786335,24.174484,0.027,61,764.40656
8/12/2026 4:14,35125.043,35765.305,22.888405,28.469715,1.0144855,23.247448,2.4829164,33.46227,52.002583,6.9537854,-18.072128,160.02179,0.04531273,24.062733,0.036,61,764.40656
8/12/2026 4:44,34419.82,35127.844,22.43582,29.053028,1.0141778,22.8331,2.2650166,30.3828,47.22699,6.925314,-16.460419,153.28885,0.06653901,23.94473,0.036,61,764.40656
8/12/2026 5:14,33796.21,34557.824,22.032269,29.589115,1.0139015,22.462585,2.0929394,27.960583,43.46961,6.9075513,-15.454292,156.92233,0.038381282,23.846134,0.036,61,764.40656
8/12/2026 5:44,32944.652,33793.598,21.492294,30.35394,1.0135396,21.96584,1.9253861,25.568819,39.762665,6.875604,-13.647079,161.1948,0.08654615,23.684742,0.027,61,764.40656
8/12/2026 6:14,31660.742,32600.705,20.653912,31.584856,1.0129619,21.190458,1.6569251,21.82178,33.94724,6.8683057,-13.227463,177.98424,0.34790492,23.49044,0.027,61,764.40656
8/12/2026 6:44,31239.16,32251.666,20.408234,32.011105,1.0128132,20.963583,1.4317539,18.784271,29.228785,6.845606,-11.944771,200.79613,0.43304637,23.35634,0.018,61,764.40656
8/12/2026 7:14,27839.334,28960.035,18.123346,35.9204,1.0111955,18.824022,1.540197,19.80499,30.837448,6.846814,-11.997223,200.06656,0.08807236,22.973915,0.018,61,764.40656
8/12/2026 7:44,42284.133,43736.5,28.597328,23.649532,1.0190148,28.428726,5.8362427,80.13476,124.71228,7.6055603,-55.365562,194.96442,0.069572695,23.261402,0.027,61,764.40656
8/12/2026 8:14,42878.848,44341.98,29.03925,23.321522,1.0193455,28.822289,6.1860933,85.17192,132.549,7.7060924,-61.14006,211.04813,0.039257716,23.272432,0.027,61,764.40656
8/12/2026 8:44,43010.3,44423.98,29.100784,23.250244,1.0193747,28.875587,6.3970304,88.20318,137.25168,7.7321086,-62.646866,224.16115,0.033700444,23.333904,0.027,61,764.40656
8/12/2026 9:14,43018.68,44375.348,29.067001,23.245716,1.0193306,28.843975,6.5439825,90.31589,140.52316,7.7473907,-63.53855,219.0733,0.03992437,23.39934,0.027,61,764.40656
8/12/2026 9:44,43255.07,44481.664,29.148804,23.118677,1.0193479,28.913082,6.611372,91.541725,142.39111,7.7687917,-64.80217,230.69382,0.035868425,23.556269,0.027,61,764.40656
8/12/2026 10:14,43280.434,44479.887,29.148335,23.10513,1.0193385,28.911926,6.71344,93.0068,144.66183,7.7866716,-65.83691,240.1018,0.035264328,23.588158,0.027,61,764.40656
8/12/2026 10:44,43351.59,44514.59,29.174833,23.067205,1.019346,28.934484,6.7650476,93.80853,145.89748,7.7858386,-65.79876,245.3804,0.037959047,23.632132,0.036,61,764.40656
8/12/2026 11:14,43385.758,44487.633,29.156956,23.049038,1.0193121,28.916962,6.823754,94.73112,147.3137,7.79593,-66.394806,244.02142,0.036623374,23.703241,0.036,61,764.40656
8/12/2026 11:44,43543.184,44517.39,29.182547,22.965708,1.0192883,28.936304,6.881181,95.79575,148.92906,7.7976637,-66.52832,211.1864,0.048671015,23.854254,0.027,61,764.40656
8/12/2026 12:14,43745.348,44480.86,29.16272,22.859573,1.0191926,28.912558,6.8908463,96.38978,149.77664,7.795498,-66.46633,182.71924,0.040170055,24.134268,0.036,61,764.40656
8/12/2026 12:44,44551.15,44573.305,29.249594,22.44611,1.0190122,28.972649,7.027234,99.78906,154.8159,7.7735863,-65.38868,167.03128,0.036369946,24.973978,0.045,61,764.40656
8/12/2026 13:14,45410.96,44555.246,29.257078,22.021114,1.0187082,28.960909,7.158915,103.47419,160.20848,7.740552,-63.700676,181.06937,0.032299444,26.005533,0.063,61,764.40656
8/12/2026 13:44,46048.72,44511.926,29.239344,21.716131,1.0184482,28.93275,7.026883,102.942184,159.12152,7.676391,-60.14347,175.31395,0.034027163,26.807613,0.081,61,764.40656
8/12/2026 14:14,45459.918,43735.66,28.674541,21.9974,1.0179445,28.428179,6.6287613,97.22011,150.195,7.5876064,-55.031776,197.86359,0.032433998,27.06411,0.09,61,764.40656
8/12/2026 14:44,42943.477,41234.855,26.85417,23.286425,1.016546,26.802656,6.077949,88.39179,136.5254,7.421536,-45.39013,193.40039,0.038829334,27.169441,0.099,61,764.40656
8/12/2026 15:14,39126.414,37662.848,24.279888,25.558182,1.0146583,24.48085,5.487998,78.48817,121.26375,7.2424607,-34.956932,181.427,0.040633254,27.03454,0.09,61,764.40656
8/12/2026 15:44,37455.727,35954.703,23.063744,26.698187,1.0137016,23.370558,5.228561,74.46013,115.00324,7.155769,-29.931068,183.35342,0.064351656,27.185738,0.09,61,764.40656
8/12/2026 16:14,36891.195,35305.12,22.604343,27.106739,1.0133069,22.94833,4.910335,69.94571,107.99198,7.1238637,-28.090477,174.58438,0.050415996,27.352077,0.09,61,764.40656
8/12/2026 16:44,36538.49,34876.508,22.302073,27.3684,1.0130368,22.66973,4.822172,68.74,106.097466,7.091456,-26.216507,167.97066,0.23343971,27.49494,0.099,61,764.40656
8/12/2026 17:14,36151.46,34445.54,21.998184,27.6614,1.0127796,22.3896,4.728943,67.408295,104.01971,7.0769033,-25.377274,159.93118,0.1880253,27.59294,0.09,61,764.40656
8/12/2026 17:44,35842.164,34135.36,21.779388,27.9001,1.0126083,22.187983,4.45542,63.458614,97.91948,7.0537868,-24.032593,155.62057,0.2209556,27.617857,0.108,61,764.40656
8/12/2026 18:14,35612.53,33891.906,21.608017,28.080004,1.0124679,22.02974,4.415935,62.87872,97.0161,7.0432568,-23.422241,179.30984,0.15940168,27.658009,0.108,61,764.40656
8/12/2026 18:44,35484.02,33764.863,21.518549,28.1817,1.0123985,21.94716,4.008014,57.04934,88.0204,7.0253253,-22.377968,164.71863,0.30707037,27.665741,0.099,61,764.40656
8/12/2026 19:14,34755.33,33123.68,21.06673,28.772568,1.0120875,21.530392,3.8922544,55.180767,85.153656,7.018642,-21.982193,194.32544,0.48697132,27.579023,0.09,61,764.40656
8/12/2026 19:44,43025.16,43040.168,28.129957,23.242214,1.0181667,27.976109,6.4863596,91.53495,142.00812,7.679097,-59.933662,173.3303,0.8034609,24.981745,0.072,61,764.40656
8/12/2026 20:14,43928.074,44377.56,29.095076,22.764484,1.0190443,28.845413,7.218283,101.52202,157.65407,7.8153715,-67.687035,187.63542,0.7178797,24.469706,0.045,61,764.40656
8/12/2026 20:44,43913.66,44508.164,29.186678,22.771957,1.0191624,28.930305,7.08157,99.35899,154.34332,7.808673,-67.26265,193.38608,0.62644786,24.30067,0.036,61,764.40656
8/12/2026 21:14,43693.844,44476.355,29.158085,22.886518,1.0192052,28.909632,6.866825,95.95858,149.12166,7.7968726,-66.53309,186.44333,0.7719743,24.078856,0.045,61,764.40656
8/12/2026 21:44,43663.543,44534.7,29.198229,22.902401,1.0192652,28.947554,6.7053056,93.554405,145.41266,7.7808695,-65.58895,201.43509,0.69269043,23.97585,0.036,61,764.40656
8/12/2026 22:14,43508.918,44482.344,29.15692,22.983793,1.0192689,28.913523,6.574064,91.50677,142.26117,7.780341,-65.53173,209.62715,0.58563787,23.85427,0.036,61,764.40656
8/12/2026 22:44,43523.574,44540.57,29.198242,22.976055,1.0193143,28.95137,6.5205417,90.70428,141.02615,7.7736516,-65.135956,235.02826,0.6188848,23.804556,0.036,61,764.40656
8/12/2026 23:14,43484.336,44487.832,29.16005,22.996786,1.0192814,28.917091,6.498127,90.395515,140.54247,7.774674,-65.197945,229.84027,0.1422652,23.819025,0.036,61,764.40656
8/12/2026 23:44,43496.902,44527.36,29.18817,22.990143,1.0193114,28.942785,6.406888,89.09282,138.5247,7.76277,-64.50653,215.32535,0.5027106,23.788372,0.036,61,764.40656
8/13/2026 0:14,43431.46,44476,29.150166,23.024784,1.0192878,28.909399,6.217568,86.41403,134.36395,7.7539673,-63.996315,179.12865,0.6952821,23.770393,0.036,61,764.40656
8/13/2026 0:44,43454.914,44526.06,29.186005,23.012358,1.0193235,28.941938,6.0031123,83.40687,129.69507,7.7210793,-62.098503,172.63412,0.55566645,23.740494,0.045,61,764.40656
8/13/2026 1:14,43405.977,44513.86,29.175974,23.038301,1.0193284,28.93401,5.513573,76.54227,119.030075,7.6523256,-58.135986,184.6838,0.114135794,23.696938,0.036,61,764.40656
8/13/2026 1:44,43311.723,44490.055,29.156422,23.088438,1.0193373,28.918537,4.9350643,68.402954,106.3885,7.545025,-51.95141,196.84314,0.037442222,23.613333,0.027,61,764.40656
8/13/2026 2:14,41555.434,42866.754,27.968103,24.064241,1.0185009,27.86339,4.8623323,66.68209,103.751305,7.434114,-45.542717,202.79407,0.0397843,23.398396,0.027,61,764.40656
8/13/2026 2:44,38449.82,39779.242,25.734602,26.007923,1.0168563,25.856506,4.94472,66.768486,103.912636,7.3650794,-41.55636,215.28244,0.07242159,23.250263,0.027,61,764.40656
8/13/2026 3:14,35320.934,36536.77,23.420593,28.311823,1.0151092,23.7489,4.662666,62.13389,96.69846,7.2498717,-34.942627,228.35254,0.039257083,23.257748,0.027,61,764.40656
8/13/2026 3:44,33664.46,34765.88,22.170307,29.704916,1.0141443,22.597822,4.2907467,56.852325,88.46593,7.156794,-29.60682,192.13676,0.040648524,23.341309,0.027,61,764.40656
8/13/2026 4:14,31998.326,33065.188,20.975775,31.251635,1.013253,21.492373,4.023886,52.921772,82.35413,7.1021276,-26.464462,184.1402,0.12957317,23.310715,0.027,61,764.40656
8/13/2026 4:44,30796.879,31875.816,20.14436,32.47082,1.0126492,20.71928,3.8234897,49.971172,77.77378,7.045777,-23.22197,176.45358,0.044593867,23.227846,0.027,61,764.40656
8/13/2026 5:14,30000.39,31092.049,19.598598,33.3329,1.0122561,20.209831,3.6311677,47.25209,73.55029,7.0005717,-20.647049,170.11166,0.04018177,23.16175,0.027,61,764.40656
8/13/2026 5:44,29000.17,30103.924,18.913218,34.482555,1.0117618,19.56755,3.3220818,42.99603,66.93492,6.9409313,-17.290115,155.08176,0.050652906,23.080378,0.036,61,764.40656
8/13/2026 6:14,26794.488,27890.93,17.389673,37.32111,1.0106516,18.129105,3.3059096,42.305412,65.87545,6.9206996,-16.145706,156.93665,0.18892355,22.941793,0.018,61,764.40656
8/13/2026 6:44,23889.016,24968.299,15.400842,41.860245,1.0092081,16.229395,3.1462266,39.652992,61.76678,6.8742566,-13.52787,143.86655,0.37459716,22.736853,0.027,61,764.40656
8/13/2026 7:14,20321.918,21329.852,12.964747,49.207954,1.0074284,13.864404,3.0344424,37.562634,58.5314,6.839911,-11.591911,137.84409,0.30381653,22.525938,0.018,61,764.40656
8/13/2026 7:44,18061.547,19001.773,11.43048,55.366245,1.0063028,12.351153,2.9763927,36.439247,56.791927,6.812946,-10.075569,140.57635,0.45177343,22.40937,0.018,61,764.40656
8/13/2026 8:14,15864.683,16721.816,9.947831,63.033092,1.0052097,10.869182,3.134529,37.98106,59.20403,6.817597,-10.333061,152.78816,0.2082373,22.316315,0.018,61,764.40656
8/13/2026 8:44,41401.797,42768.715,27.895098,24.153542,1.018466,27.799665,5.941677,81.34663,126.583916,7.6222034,-56.33354,209.651,0.0407964,23.326662,0.027,61,764.40656
8/13/2026 9:14,42523.65,43796.586,28.646753,23.516327,1.0189909,28.467781,6.3507776,87.55923,136.21516,7.7106647,-61.445236,215.14417,0.03797299,23.478283,0.036,61,764.40656
8/13/2026 9:44,42805.56,44066.45,28.844177,23.361452,1.0191333,28.643192,6.4625187,89.23829,138.82147,7.7354736,-62.875748,208.91666,0.03951194,23.501917,0.036,61,764.40656
8/13/2026 10:14,42809.645,44080.887,28.854408,23.359222,1.0191443,28.652578,6.579623,90.84181,141.31891,7.7560973,-64.058304,216.05492,0.04024598,23.49011,0.027,61,764.40656
8/13/2026 10:44,43017.04,44215.72,28.955162,23.246603,1.0191947,28.740217,6.628461,91.71527,142.65492,7.7633896,-64.496994,230.89409,0.03588024,23.580639,0.027,61,764.40656
8/13/2026 11:14,43042.195,44211.125,28.952703,23.233015,1.0191829,28.737232,6.7012424,92.77827,144.29933,7.7737913,-65.10258,234.68971,0.040194493,23.61572,0.027,61,764.40656
8/13/2026 11:44,43163.137,44274.79,29.00098,23.167917,1.0191995,28.778612,6.8344603,94.76493,147.37096,7.7850523,-65.76538,232.52487,0.058545794,23.685442,0.036,61,764.40656
8/13/2026 12:14,43267.48,44249.17,28.986118,23.112045,1.0191444,28.761963,6.9654984,96.83337,150.54645,7.7981396,-66.55216,237.03575,0.03852147,23.838451,0.027,61,764.40656
8/13/2026 12:44,43456.996,44294.156,29.023216,23.011255,1.0191232,28.791203,6.9708757,97.22082,151.10194,7.792417,-66.26129,192.02232,0.10693993,24.01047,0.036,61,764.40656
8/13/2026 13:14,43891.11,44277.137,29.023315,22.783657,1.0189685,28.78014,7.071967,99.550865,154.57181,7.7887845,-66.17069,172.09053,0.071993425,24.543537,0.045,61,764.40656
8/13/2026 13:44,44604.867,44248.824,29.02131,22.419079,1.0187072,28.761736,7.1593413,102.316696,158.60025,7.752762,-64.28242,182.62863,0.03641177,25.42128,0.072,61,764.40656
8/13/2026 14:14,45277.383,44108.195,28.936325,22.086082,1.0183502,28.670328,7.138183,103.65745,160.36726,7.7102213,-62.02221,195.92761,0.034003727,26.387814,0.072,61,764.40656
8/13/2026 14:44,45385.086,43520.79,28.52,22.03367,1.0177727,28.288513,6.977689,102.555466,158.37694,7.634082,-57.76882,197.14832,0.036415577,27.242771,0.09,61,764.40656
8/13/2026 15:14,42963.36,41015.22,26.699,23.275648,1.0163308,26.659891,6.469062,94.500496,145.86035,7.507588,-50.44937,195.94193,0.031545527,27.486803,0.099,61,764.40656
8/13/2026 15:44,37591.98,35976.223,23.080662,26.601418,1.0136634,23.384544,5.7208195,81.707436,126.15155,7.2977767,-38.21373,195.85132,0.040941894,27.351404,0.099,61,764.40656
8/13/2026 16:14,31954.865,30651.932,19.336527,31.29414,1.0109019,19.923756,5.178683,72.27452,111.618034,7.1316886,-28.533936,197.94464,0.094535746,27.225521,0.099,61,764.40656
8/13/2026 16:44,29381.975,28199.932,17.64081,34.034473,1.0096443,18.329956,4.8625693,67.18573,103.76601,7.0550237,-24.07074,196.0659,0.13958766,27.194582,0.09,61,764.40656
8/13/2026 17:14,27112.363,26023.957,16.151707,36.88354,1.0085336,16.915573,4.712358,64.56404,99.717926,7.010607,-21.486282,176.29147,0.1220376,27.189697,0.081,61,764.40656
8/13/2026 17:44,25465.566,24469.174,15.0967455,39.26871,1.007763,15.9049635,4.5608134,62.05784,95.85904,6.971354,-19.259453,164.01767,0.094790585,27.131958,0.09,61,764.40656
8/13/2026 18:14,24161.053,23245.88,14.2722645,41.388924,1.0071683,15.109823,4.4069314,59.614605,92.09896,6.9541845,-18.277168,151.82971,0.18291615,27.061218,0.09,61,764.40656
8/13/2026 18:44,22523.06,21709.348,13.243918,44.39894,1.0064297,14.111075,4.375131,58.74335,90.77205,6.928994,-16.83712,143.98099,0.3121891,26.962414,0.09,61,764.40656
8/13/2026 19:14,20171.543,19510.934,11.787142,49.57479,1.0053971,12.682107,4.1590457,55.20451,85.33791,6.914849,-16.021729,179.0762,0.34674114,26.772694,0.081,61,764.40656
8/13/2026 19:44,18658.28,18111.771,10.869245,53.59551,1.004767,11.772652,3.9234986,51.635197,79.8525,6.8718376,-13.566017,182.74307,0.3890483,26.579798,0.081,61,764.40656
8/13/2026 20:14,16165.281,15764.848,9.347343,61.86097,1.0037009,10.24715,3.6900477,47.93725,74.172,6.8622155,-13.008118,185.9951,0.2737505,26.329865,0.072,61,764.40656
8/13/2026 20:44,40796.902,41099.02,26.714123,24.511665,1.0172077,26.714363,6.312397,87.80284,136.31253,7.630938,-57.082176,200.26685,0.98862463,24.615135,0.063,61,764.40656
8/13/2026 21:14,40945.926,41338.402,26.885,24.422455,1.0173689,26.869963,6.8141704,94.68957,147.03482,7.7489133,-63.8628,197.72052,0.76140434,24.50292,0.045,61,764.40656
8/13/2026 21:44,43555.605,44018.83,28.832386,22.959158,1.0188521,28.612238,6.6895814,93.91094,145.8404,7.7536635,-64.12506,205.60265,0.7745569,24.44904,0.036,61,764.40656
8/13/2026 22:14,43628.402,44173.82,28.943428,22.920849,1.0189636,28.712984,6.6414485,93.13974,144.66829,7.762212,-64.59713,213.47522,0.68976206,24.353554,0.036,61,764.40656
8/13/2026 22:44,43704.723,44281.492,29.021305,22.880823,1.0190326,28.78297,6.544877,91.769684,142.54959,7.757215,-64.30149,220.98065,0.5539117,24.318058,0.036,61,764.40656
8/13/2026 23:14,43647.98,44291.258,29.0266,22.910568,1.0190595,28.789318,6.4807897,90.74974,140.98561,7.757592,-64.30626,224.061,0.7356321,24.239592,0.036,61,764.40656
8/13/2026 23:44,43673.52,44357.09,29.073626,22.89717,1.0191084,28.83211,6.4514427,90.29003,140.28334,7.7547035,-64.12983,226.264,0.6535715,24.193161,0.045,61,764.40656
8/14/2026 0:14,43605.73,44311.16,29.03941,22.932766,1.0190903,28.802256,6.387567,89.33708,138.80954,7.7538095,-64.07261,234.88998,0.56416583,24.166496,0.036,61,764.40656
8/14/2026 0:44,43621.746,44357.94,29.072762,22.924347,1.0191257,28.83266,6.3079524,88.185936,137.02975,7.7444196,-63.524246,223.71768,0.643777,24.131065,0.036,61,764.40656
8/14/2026 1:14,43556.875,44320.61,29.044668,22.958488,1.0191141,28.808395,5.864796,81.92974,127.31614,7.724916,-62.394142,187.15381,0.5919135,24.097801,0.036,61,764.40656
8/14/2026 1:44,43503.535,44343.203,29.059023,22.986637,1.0191507,28.823082,5.769749,80.483055,125.08831,7.67794,-59.671402,180.31598,0.24400133,24.008602,0.045,61,764.40656
8/14/2026 2:14,43304.426,44274.652,29.005085,23.092327,1.0191548,28.778524,5.1044736,70.98695,110.36032,7.5664263,-53.224564,189.28052,0.035592444,23.85268,0.045,61,764.40656
8/14/2026 2:44,43032.273,44156.082,28.91384,23.238373,1.0191388,28.701454,4.3890843,60.80836,94.56739,7.4128275,-44.36016,184.94606,0.034711797,23.667496,0.027,61,764.40656
8/14/2026 3:14,42048.66,43209.89,28.222378,23.781971,1.018638,28.08643,4.085888,56.309063,87.5818,7.307087,-38.27095,175.34256,0.035408944,23.592976,0.036,61,764.40656
8/14/2026 3:44,38682.688,39752.176,25.722622,25.851358,1.0167524,25.838915,3.8022943,51.651028,80.337036,7.2037272,-32.32956,174.7036,0.035287723,23.59142,0.036,61,764.40656
8/14/2026 4:14,33754.305,34716.77,22.139294,29.62585,1.0140641,22.565899,3.4300342,45.608715,70.94432,7.0823436,-25.348663,169.71588,0.03601663,23.548515,0.027,61,764.40656
8/14/2026 4:44,30627.197,31549.148,19.92069,32.65072,1.0124155,20.506947,3.1995,41.94478,65.2541,7.0054455,-20.923615,159.173,0.088921234,23.470016,0.036,60,764.40656
8/14/2026 5:14,28991.158,29957.512,18.81531,34.493275,1.0116265,19.472383,3.0585225,39.72828,61.823063,6.96825,-18.839836,165.11441,0.05779695,23.311125,0.027,60,764.40656
8/14/2026 5:44,27553.64,28577.402,17.862503,36.292843,1.0109594,18.575312,2.837826,36.535812,56.87354,6.92468,-16.379356,161.97205,0.06457692,23.12439,0.027,60,764.40656
8/14/2026 6:14,26343.773,27398.61,17.053709,37.959633,1.0103875,17.809097,2.713411,34.68291,54.002224,6.905379,-15.287399,149.61243,0.039506305,22.984316,0.018,60,764.40656
8/14/2026 6:44,25489.926,26568.068,16.486408,39.231186,1.0099893,17.269245,2.6330783,33.479324,52.137913,6.8840795,-14.08577,150.41351,0.06626781,22.875372,0.027,60,764.40656
8/14/2026 7:14,23839.828,24915.229,15.365061,41.94661,1.0091804,16.194899,2.6467445,33.352966,51.953045,6.870176,-13.298988,169.11029,0.07034005,22.74019,0.018,60,764.40656
8/14/2026 7:44,22367.793,23410.828,14.352772,44.707138,1.0084373,15.217039,2.708761,33.889847,52.795826,6.8280854,-10.933876,178.67088,0.067356735,22.667356,0.018,60,764.40656
8/14/2026 8:14,20524.258,21474.92,13.062319,48.722836,1.0074624,13.958698,2.8534746,35.444893,55.216976,6.843371,-11.792183,188.05504,0.05282174,22.68228,0.018,60,764.40656
8/14/2026 8:44,20036.262,20922.373,12.697141,49.90951,1.0071621,13.599543,2.9655554,36.8277,57.36143,6.8201942,-10.495186,166.43524,0.1214275,22.7826,0.018,60,764.40656
8/14/2026 9:14,34805.39,35366.54,22.608076,28.731182,1.0142447,22.98825,6.530285,88.03347,136.78331,7.547723,-52.204132,217.27562,0.039924517,24.169285,0.027,60,764.40656
8/14/2026 9:44,43337.332,44163.832,28.928232,23.074793,1.0190486,28.706491,6.839747,95.35635,148.20155,7.742429,-63.385963,227.96155,2.5562434,24.020191,0.036,60,764.40656
8/14/2026 10:14,43577.39,44299.383,29.030325,22.94768,1.0190892,28.7946,6.9549575,97.23391,151.08487,7.773176,-65.18364,246.09088,0.037631813,24.1467,0.036,60,764.40656
8/14/2026 10:44,43754.074,44377.426,29.090189,22.855015,1.0191002,28.845327,7.0359125,98.601814,153.1773,7.783405,-65.79876,244.5221,0.03690668,24.264576,0.045,60,764.40656
8/14/2026 11:14,43691.223,44256.14,29.003098,22.887892,1.019015,28.76649,7.251221,101.6874,157.9512,7.808303,-67.248344,250.75912,0.06562419,24.331688,0.045,60,764.40656
8/14/2026 11:44,43765.316,44304.355,29.039068,22.849144,1.019033,28.79783,7.322608,102.76552,159.61664,7.8115726,-67.44385,263.66235,0.06829193,24.362999,0.036,60,764.40656
8/14/2026 12:14,43904.82,44355.527,29.078917,22.776543,1.0190324,28.831093,7.456829,104.864105,162.84453,7.8315897,-68.621635,268.5833,0.081754945,24.468,0.045,60,764.40656
8/14/2026 12:44,44005.895,44387.254,29.104008,22.724228,1.0190274,28.851717,7.6017685,107.07057,166.24553,7.8417625,-69.22722,268.59283,0.25184405,24.550175,0.045,60,764.40656
8/14/2026 13:14,44013.86,44390.543,29.106537,22.720116,1.0190276,28.853853,7.5672054,106.59546,165.50615,7.842567,-69.2749,254.96483,0.47816324,24.555725,0.036,60,764.40656
8/14/2026 13:44,44250.742,44425.746,29.137623,22.598492,1.0189811,28.876736,7.46122,105.55521,163.81775,7.8376412,-69.04602,182.47128,0.26670492,24.793755,0.045,60,764.40656
8/14/2026 14:14,44914.594,44400.598,29.136112,22.264479,1.0187383,28.860388,7.8212824,112.203896,173.8632,7.842381,-69.50855,188.98486,0.12991275,25.606087,0.054,60,764.40656
8/14/2026 14:44,45903.01,44519.566,29.241934,21.785063,1.0185062,28.937717,7.7768793,113.585075,175.63913,7.8034735,-67.48676,208.43982,0.06499292,26.626966,0.072,60,764.40656
8/14/2026 15:14,46746.52,44477.395,29.227207,21.391968,1.018168,28.910307,7.5570774,112.3122,173.28242,7.7506685,-64.64481,221.55762,0.03727316,27.671076,0.099,60,764.40656
8/14/2026 15:44,46459.004,43817.613,28.749746,21.524353,1.0176555,28.48145,7.0846434,105.85917,163.1495,7.6535397,-59.080124,229.73538,0.03739053,28.156097,0.108,60,764.40656
8/14/2026 16:14,43599.21,41032.477,26.720604,22.936195,1.0160979,26.67111,6.530299,96.669815,148.94672,7.513816,-50.945282,214.46704,0.0357486,28.275066,0.117,60,764.40656
8/14/2026 16:44,37797.035,35790.152,22.953712,26.457102,1.0133877,23.2636,5.7653813,83.10113,128.13841,7.296666,-38.223267,209.56516,0.11922721,27.93579,0.108,60,764.40656
8/14/2026 17:14,34267.97,32633.055,20.722668,29.18177,1.0118169,21.211485,5.2192073,73.90603,114.03902,7.17008,-30.808449,191.14972,0.10201585,27.623037,0.108,60,764.40656
8/14/2026 17:44,32982.547,31443.098,19.889887,30.319065,1.011213,20.438015,4.8156567,67.80627,104.64063,7.1055155,-27.041435,158.42914,0.21167359,27.563343,0.099,60,764.40656
8/14/2026 18:14,32048.352,30585.77,19.292418,31.202852,1.0107847,19.88075,4.3606977,61.133324,94.35507,7.07081,-25.014877,160.87054,0.2392933,27.503616,0.099,60,764.40656
8/14/2026 18:44,30488.04,29297.48,18.397043,32.799747,1.0102293,19.043362,4.267138,59.140926,91.35422,7.052083,-23.89431,186.49101,0.3300279,27.127588,0.099,60,764.40656
8/14/2026 19:14,28398.049,27488.982,17.149916,35.213688,1.0094151,17.867838,4.4079103,60.252987,93.150185,7.0527897,-23.903847,176.06735,0.5479942,26.731426,0.081,60,764.40656
8/14/2026 19:44,25986.996,25395.13,15.719035,38.480785,1.0084944,16.506834,4.1836143,56.22622,87.01683,7.0272617,-22.382736,155.50137,0.7793245,26.220222,0.072,60,764.40656
8/14/2026 20:14,23246.771,22874.404,14.017495,43.016727,1.0073271,14.868363,3.9428906,52.146576,80.76311,6.982638,-19.817352,156.69823,0.6201064,25.85229,0.063,60,764.40656
8/14/2026 20:44,21356.367,21103.564,12.835551,46.824444,1.0065062,13.717317,3.7713099,49.348267,76.46339,6.943357,-17.576218,170.60757,0.68919104,25.627176,0.063,60,764.40656
8/14/2026 21:14,19410.639,19250.414,11.611082,51.51814,1.005643,12.512769,3.6357336,47.085,72.98399,6.9226766,-16.393661,165.68184,0.5673268,25.435766,0.054,60,764.40656
8/14/2026 21:44,37986.918,38296.547,24.698273,26.324852,1.0157015,24.892756,6.270418,86.16272,133.77586,7.5487976,-52.337646,232.14816,0.966098,24.576696,0.045,60,764.40656
8/14/2026 22:14,43603.72,43857.883,28.720343,22.933825,1.0186952,28.507624,7.108293,100.15459,155.46466,7.7815003,-65.784454,235.75305,1.1648742,24.696587,0.045,60,764.40656
8/14/2026 22:44,43848.35,44207.246,28.972923,22.805874,1.0189213,28.73471,6.898867,97.13893,150.818,7.776344,-65.460205,253.41034,0.96493816,24.57495,0.045,60,764.40656
8/14/2026 23:14,43794.562,44274.34,29.01873,22.833885,1.0189974,28.778322,6.707532,94.23663,146.35063,7.771344,-65.140724,239.43423,0.8738533,24.432646,0.045,60,764.40656
8/14/2026 23:44,43755.4,44321.324,29.050745,22.854322,1.0190511,28.80886,6.597285,92.541794,143.74539,7.758571,-64.38255,249.61948,0.91018,24.33148,0.045,60,764.40656
8/15/2026 0:14,43684.598,44338.156,29.06062,22.891363,1.0190884,28.819801,6.448381,90.29565,140.28307,7.7544065,-64.12029,270.71954,0.786112,24.228256,0.036,60,764.40656
8/15/2026 0:44,43650.176,44372.17,29.083582,22.909414,1.0191289,28.841911,6.33191,88.55274,137.59543,7.746178,-63.62915,270.5145,0.5469241,24.148096,0.036,60,764.40656
8/15/2026 1:14,43580.81,44325.32,29.048666,22.945879,1.0191104,28.811459,6.2732987,87.67325,136.23572,7.7434645,-63.467026,267.10986,0.54313374,24.1206,0.036,60,764.40656
8/15/2026 1:44,43552.05,44350.484,29.065533,22.961031,1.0191416,28.827816,6.0882316,85.00129,132.09894,7.7234893,-62.303543,250.68759,0.6658551,24.057444,0.027,60,764.40656
8/15/2026 2:14,43421.203,44279.227,29.0117,23.030224,1.0191216,28.781498,5.874623,81.89054,127.28119,7.7001405,-60.944557,187.06322,0.43866184,23.985468,0.045,60,764.40656
8/15/2026 2:44,43223.723,44284.906,29.009888,23.135443,1.0191891,28.785189,5.3723226,74.57372,115.958786,7.598516,-55.05085,205.7743,0.14296886,23.745413,0.036,60,764.40656
8/15/2026 3:14,42735.09,44036.2,28.820839,23.399975,1.0191295,28.623531,4.5803413,63.18521,98.30106,7.422681,-44.89422,210.27565,0.04614172,23.453072,0.027,60,764.40656
8/15/2026 3:44,41784.42,43228.324,28.227167,23.932364,1.0187379,28.098412,4.300503,58.91171,91.684875,7.3209767,-39.024353,203.71915,0.037308726,23.251215,0.027,60,764.40656
8/15/2026 4:14,38397.516,39811.69,25.755417,26.043352,1.0169026,25.8776,3.9896417,53.773075,83.70366,7.2203693,-33.23555,205.56927,0.039694652,23.140228,0.027,60,764.40656
8/15/2026 4:44,32835.91,34137.098,21.722017,30.454462,1.0138978,22.189114,3.636004,47.76223,74.364525,7.1018558,-26.421547,197.81589,0.18132773,23.004372,0.027,60,764.40656
8/15/2026 5:14,28400.314,29659.389,18.602028,35.210876,1.0116076,19.278603,3.3263292,42.737545,66.56697,7.0184426,-21.619797,185.3323,0.16633871,22.777428,0.018,60,764.40656
8/15/2026 5:44,25514.854,26780.842,16.626802,39.192856,1.0101857,17.407547,3.0466378,38.52081,60.02456,6.9611487,-18.39161,174.6893,0.20577669,22.525019,0.018,60,764.40656
8/15/2026 6:14,24033.361,25334.19,15.64303,41.60883,1.0094993,16.467224,2.9448593,36.87694,57.4834,6.9337344,-16.841888,170.45021,0.07858792,22.311686,0.018,60,764.40656
8/15/2026 6:44,22857.021,24185.928,14.866934,43.750233,1.0089624,15.720853,2.854378,35.45934,55.29076,6.917325,-15.912056,151.21936,0.16097894,22.123276,0.009,60,764.40656
8/15/2026 7:14,21784.396,23111.4,14.145282,45.904415,1.008451,15.022411,2.8265963,34.883194,54.403854,6.9027147,-15.087128,156.69345,0.14477557,21.993837,0.009,60,764.40656
8/15/2026 7:44,20667.977,21974.611,13.386489,48.38403,1.0079056,14.283498,2.814667,34.51409,53.837532,6.8776774,-13.680458,137.54845,0.2731834,21.886852,0.009,60,764.40656
8/15/2026 8:14,19266.518,20492.832,12.405385,51.903515,1.007171,13.32034,2.9324858,35.740986,55.753117,6.8898787,-14.362335,187.5782,0.08688056,21.866955,0.009,60,764.40656
8/15/2026 8:44,18881.18,20050.363,12.114689,52.96279,1.0069324,13.032736,3.0347846,36.98084,57.679733,6.882313,-13.9427185,199.85199,0.10768592,21.946999,0.009,60,764.40656
8/15/2026 9:14,18095.375,19152.918,11.527063,55.26274,1.0064499,12.449397,3.0387452,37.015205,57.71812,6.8848157,-14.090538,222.83554,0.041036762,22.109125,0.018,60,764.40656
8/15/2026 9:44,15294.721,16002.885,9.486862,65.382034,1.0047721,10.4018755,4.524003,55.047504,85.754326,6.915258,-15.826225,265.3551,0.14443836,22.683128,0.018,60,764.40656
8/15/2026 10:14,43070.137,43556.395,28.494118,23.217943,1.0186068,28.311657,8.37206,117.23465,182.07259,7.842471,-69.236755,229.95949,0.038387064,24.415504,0.045,60,764.40656
8/15/2026 10:44,43698.684,44239.56,28.99163,22.883984,1.0189981,28.755714,7.9563313,111.62281,173.37491,7.839386,-69.04602,264.71616,0.03549261,24.359894,0.054,60,764.40656
8/15/2026 11:14,43733.785,44225.254,28.982517,22.865618,1.0189743,28.746416,7.8253474,109.89081,170.66632,7.836835,-68.912506,255.94235,0.038372092,24.418175,0.036,60,764.40656
8/15/2026 11:44,43875.59,44354.34,29.077291,22.791716,1.019041,28.830322,7.923915,111.367615,172.95453,7.8488455,-69.60869,233.41656,0.049531356,24.434881,0.045,60,764.40656
8/15/2026 12:14,43906.27,44334.04,29.063816,22.775791,1.0190132,28.817127,7.7946553,109.65665,170.27843,7.8462863,-69.475174,274.2672,0.038675606,24.494831,0.045,60,764.40656
8/15/2026 12:44,43984.49,44372.89,29.0933,22.735289,1.0190217,28.842379,8.040254,113.222916,175.80089,7.869085,-70.80078,281.87274,0.120032,24.541721,0.045,60,764.40656
8/15/2026 13:14,44004.344,44331.707,29.064802,22.725029,1.0189793,28.81561,8.360726,117.863075,182.98116,7.897641,-72.46494,283.38434,0.040087793,24.613382,0.045,60,764.40656
8/15/2026 13:44,44105.72,44392.336,29.110245,22.672796,1.0189993,28.855019,8.167483,115.26562,178.93234,7.884294,-71.70677,268.69296,0.22689852,24.661964,0.045,60,764.40656
8/15/2026 14:14,44194.906,44378.113,29.102545,22.627043,1.0189576,28.845776,8.165861,115.48096,179.2255,7.8859334,-71.83075,261.26862,0.45776173,24.78386,0.045,60,764.40656
8/15/2026 14:44,44669.164,44429.59,29.150843,22.386808,1.0188463,28.879234,8.248884,117.69366,182.48534,7.8811326,-71.67339,198.7219,0.3018932,25.282316,0.045,60,764.40656
8/15/2026 15:14,45412.715,44433.48,29.170528,22.020266,1.018598,28.881763,8.282722,119.96063,185.67859,7.860333,-70.6768,191.87927,0.039407797,26.153831,0.072,60,764.40656
8/15/2026 15:44,46295.56,44499.055,29.234793,21.600344,1.0183494,28.924387,7.9558268,117.14839,180.96298,7.801098,-67.45815,195.10269,0.040566184,27.113705,0.081,60,764.40656
8/15/2026 16:14,46393.3,44180.164,29.008402,21.554836,1.0180193,28.717108,7.3950205,109.680786,169.24054,7.7122984,-62.39891,215.21568,0.03640243,27.62269,0.099,60,764.40656
8/15/2026 16:44,44568.31,42333.3,27.660254,22.437468,1.0169638,27.516645,6.904156,101.87139,157.14136,7.593095,-55.480003,223.89412,0.0405841,27.764162,0.108,60,764.40656
8/15/2026 17:14,39500.74,37765.28,24.357225,25.315983,1.014602,24.547432,6.2663655,90.22444,139.28484,7.4128137,-44.91806,236.0487,0.1026775,27.405956,0.099,60,764.40656
8/15/2026 17:44,34350.527,33076.484,21.029,29.111635,1.0122305,21.499716,5.5790143,78.323685,121.01424,7.2356896,-34.561157,209.79404,0.22403838,27.016655,0.099,60,764.40656
8/15/2026 18:14,32295.186,31233.463,19.737894,30.964367,1.0113358,20.30175,5.1717587,71.78959,110.974335,7.15269,-29.711723,173.13004,0.13264613,26.779743,0.072,60,764.40656
8/15/2026 18:44,31271.322,30341.795,19.116493,31.978182,1.0109233,19.722166,4.825408,66.54639,102.90709,7.097475,-26.488304,160.03131,0.36411944,26.603941,0.081,60,764.40656
8/15/2026 19:14,30516.025,29696.578,18.668154,32.76967,1.0106349,19.302776,4.498316,61.709145,95.45831,7.0621395,-24.4236,174.54147,0.30608392,26.444714,0.081,60,764.40656
8/15/2026 19:44,29861.924,29153.627,18.291603,33.48746,1.0104038,18.949858,4.2565684,58.094723,89.89905,7.024811,-22.244453,148.03409,0.4642221,26.272005,0.072,60,764.40656
8/15/2026 20:14,28889.703,28342.18,17.730577,34.61441,1.0100597,18.422417,3.9531195,53.539265,82.89355,7.0090995,-21.314621,165.143,0.39851588,26.01143,0.072,60,764.40656
8/15/2026 20:44,28393.643,27956.98,17.464462,35.21915,1.0099164,18.172037,3.7021787,49.896084,77.28295,6.968384,-19.00673,185.38475,0.29715794,25.81775,0.063,60,764.40656
8/15/2026 21:14,26975.887,26708.764,16.608059,37.070145,1.0093591,17.360697,3.4526856,46.069935,71.39829,6.9547424,-18.21518,167.24109,0.274317,25.52363,0.054,60,764.40656
8/15/2026 21:44,26738.639,26572.697,16.513742,37.399063,1.0093442,17.272253,3.1425238,41.763763,64.74957,6.906275,-15.459061,240.03029,0.14176884,25.32695,0.054,60,764.40656
8/15/2026 22:14,21906.613,22143.674,13.5206785,45.648315,1.007346,14.393389,3.1817374,40.91804,63.5454,6.938006,-17.204285,215.44934,0.19968876,24.439497,0.036,60,764.40656
8/15/2026 22:44,43155.703,43852.45,28.704414,23.17191,1.0188371,28.504093,6.539774,91.29298,141.84811,7.7141447,-61.78856,212.94116,0.55141795,24.168144,0.036,60,764.40656
8/15/2026 23:14,43511.977,44266.797,29.005571,22.982178,1.0190818,28.773417,6.7395105,94.14356,146.2935,7.7648797,-64.697266,250.0391,0.60179925,24.107243,0.045,60,764.40656
8/15/2026 23:44,43450.81,44315.453,29.038002,23.014532,1.0191435,28.805044,6.7438364,94.00991,146.11996,7.7687635,-64.89277,253.3865,0.5853862,23.978474,0.036,60,764.40656
8/16/2026 0:14,43422.098,44289.945,29.01925,23.029749,1.0191306,28.788464,6.720948,93.673454,145.59818,7.7751594,-65.25993,238.90973,0.6581482,23.974102,0.036,60,764.40656
8/16/2026 0:44,43457.61,44357.598,29.067804,23.01093,1.0191776,28.83244,6.5852838,91.74989,142.61774,7.7622895,-64.5113,248.04115,0.44860503,23.937725,0.036,60,764.40656
8/16/2026 1:14,43395.984,44329.094,29.045996,23.043608,1.0191725,28.813911,6.4872804,90.310104,140.38976,7.7592907,-64.3301,245.49484,0.5210123,23.897926,0.027,60,764.40656
8/16/2026 1:44,43390.867,44359.34,29.067072,23.046324,1.0192003,28.833572,6.465883,89.95858,139.85362,7.7548037,-64.06307,266.14667,0.4048709,23.85694,0.027,60,764.40656
8/16/2026 2:14,43305.53,44329.3,29.043465,23.091738,1.0192014,28.814047,6.376053,88.59412,137.74869,7.7504916,-63.80081,243.66379,0.5769693,23.790855,0.036,60,764.40656
8/16/2026 2:44,43267.52,44368.766,29.070019,23.112024,1.0192474,28.839699,5.9999475,83.24887,129.45862,7.7197323,-62.012672,202.63196,0.5570313,23.70051,0.036,60,764.40656
8/16/2026 3:14,43060.473,44313.49,29.024979,23.223154,1.0192649,28.803766,5.941984,82.161514,127.80867,7.69948,-60.811043,197.80637,0.37338224,23.51957,0.027,60,764.40656
8/16/2026 3:44,42729.055,44340.61,29.033484,23.403278,1.0193906,28.821396,5.3120947,72.90945,113.49996,7.573522,-53.49636,206.28929,0.03824936,23.097126,0.027,60,764.40656
8/16/2026 4:14,42295.414,44176.7,28.90476,23.643225,1.0193845,28.714855,4.9729867,67.809784,105.62013,7.4901175,-48.656464,179.82959,0.03710014,22.770391,0.018,60,764.40656
8/16/2026 4:44,41377.336,43445.867,28.365116,24.16782,1.0190489,28.239815,4.74374,64.17977,100.01027,7.4168544,-44.41738,197.23416,0.039021578,22.507238,0.018,60,764.40656
8/16/2026 5:14,37868.715,39887.88,25.791119,26.407022,1.0171453,25.927122,4.3523474,57.84743,90.166306,7.296393,-37.498474,190.92084,0.038797066,22.349688,0.018,60,764.40656
8/16/2026 5:44,34096.473,36010.492,23.02657,29.328547,1.0150921,23.40682,3.8529193,50.273098,78.37738,7.1595893,-29.654503,170.09735,0.052929908,22.217186,0.018,60,764.40656
8/16/2026 6:14,31496.902,33378.13,21.172108,31.749153,1.013736,21.695784,3.6303706,46.7179,72.854744,7.0862513,-25.44403,177.91272,0.04068283,22.04916,0.009,60,764.40656
8/16/2026 6:44,29743.086,31607.201,19.935415,33.621258,1.012838,20.544682,3.3477788,42.66504,66.54924,7.0346494,-22.482872,163.45978,0.09978912,21.91217,0.009,60,764.40656
8/16/2026 7:14,28133.17,29988.756,18.812935,35.54523,1.0120296,19.492693,3.1906705,40.28489,62.85201,6.996351,-20.313263,147.95303,0.0397869,21.760416,0.009,60,764.40656
8/16/2026 7:44,26847.848,28667.803,17.903364,37.246933,1.0113645,18.634071,3.1704323,39.755814,62.0349,6.9722395,-18.959045,153.68462,0.37013566,21.676214,0.009,60,764.40656
8/16/2026 8:14,25991.643,27796.668,17.306137,38.473904,1.010933,18.067835,3.1872427,39.771408,62.066746,6.9784675,-19.302368,193.25732,1.8574032,21.60017,0.009,60,764.40656
8/16/2026 8:44,25690.027,27447.098,17.068357,38.92561,1.0107412,17.840614,3.2179255,40.134647,62.628807,6.9657054,-18.59188,176.70154,0.054231346,21.648342,0.009,60,764.40656
8/16/2026 9:14,24277.006,25828.107,15.9713125,41.191242,1.0098618,16.78827,3.308035,41.15438,64.19874,6.957803,-18.162727,196.45691,0.49182242,21.855772,0.009,60,764.40656
8/16/2026 9:44,24335.16,25617.42,15.835408,41.092804,1.0096271,16.651323,3.9273362,49.29652,76.8343,6.9459143,-17.528534,183.87794,0.037042744,22.379362,0.018,60,764.40656
8/16/2026 10:14,23468.42,24415.234,15.030466,42.610455,1.0088693,15.869902,4.626716,58.436825,90.98999,7.0095525,-21.123886,182.43314,0.037032947,22.96965,0.018,60,764.40656
8/16/2026 10:44,39009.38,39040.76,25.23799,25.634861,1.0159974,25.376495,9.162433,127.134056,197.24583,7.856801,-70.19043,227.23198,0.039051145,24.957912,0.036,60,764.40656
8/16/2026 11:14,41249.633,41567.066,27.052448,24.24264,1.0174668,27.018593,8.938882,124.54428,193.35846,7.9072876,-73.018074,238.13724,0.03573989,24.600174,0.045,60,764.40656
8/16/2026 11:44,43904.613,44118.79,28.912054,22.77665,1.0188253,28.677212,8.869522,125.21351,194.34427,7.915593,-73.53306,254.70734,0.04087611,24.745838,0.045,60,764.40656
8/16/2026 12:14,43900.305,44101.586,28.899807,22.778885,1.0188117,28.66603,8.714429,123.04769,190.97725,7.910818,-73.26126,257.97366,0.079507634,24.761045,0.045,60,764.40656
8/16/2026 12:44,44205.496,44250.637,29.01281,22.621622,1.0188422,28.762913,8.827753,125.12876,194.13882,7.9215064,-73.924065,269.2127,0.28150913,24.946592,0.054,60,764.40656
8/16/2026 13:14,44134.7,44296.06,29.043072,22.65791,1.0189055,28.792439,8.524323,120.56243,187.1029,7.903012,-72.82257,277.96268,0.437775,24.80928,0.045,60,764.40656
8/16/2026 13:44,40541.69,40715.28,26.440022,24.665966,1.0169544,26.464933,8.355078,116.361084,180.59384,7.8841457,-71.725845,272.94635,0.4514116,24.77678,0.054,60,764.40656
8/16/2026 14:14,44234.977,44366.965,29.09571,22.606544,1.0189347,28.838528,8.364854,118.41403,183.75656,7.902781,-72.8178,276.67523,0.6272982,24.844246,0.054,60,764.40656
8/16/2026 14:44,44366.863,44431.58,29.14473,22.539345,1.0189482,28.880527,8.770393,124.36006,192.95464,7.9330015,-74.5821,268.27814,0.58820194,24.923744,0.054,60,764.40656
8/16/2026 15:14,44458.11,44375.555,29.107422,22.493084,1.0188686,28.84411,8.457769,120.26118,186.53291,7.9219317,-73.98605,191.17355,0.55007374,25.097404,0.054,60,764.40656
8/16/2026 15:44,44787.637,44410.598,29.140226,22.32759,1.0187898,28.866888,8.510925,121.763084,188.73537,7.9085717,-73.29941,177.18793,0.62198323,25.444494,0.054,60,764.40656
8/16/2026 16:14,45300.89,44423.043,29.160704,22.074621,1.0186269,28.874977,8.188115,118.34386,183.22035,7.865344,-70.939064,179.05713,0.20099147,26.034613,0.063,60,764.40656
8/16/2026 16:44,45834.297,44461.54,29.1992,21.817722,1.0184774,28.900002,7.7577076,113.2577,175.13672,7.797355,-67.129135,191.04004,0.18848717,26.6165,0.081,60,764.40656
8/16/2026 17:14,45712.668,44096.098,28.936245,21.875774,1.0181859,28.662464,7.2993903,106.952934,165.28207,7.711363,-62.19864,188.03119,0.17670907,26.91938,0.09,60,764.40656
8/16/2026 17:44,44087.26,42568.32,27.819191,22.68229,1.0173632,27.669407,6.8386483,99.48889,153.764,7.6014347,-55.799484,194.16809,0.13297084,26.868193,0.09,60,764.40656
8/16/2026 18:14,39566.887,38450.516,24.8378,25.273659,1.0152332,24.992836,6.1883087,88.00865,136.11996,7.4197764,-45.189857,183.26282,0.48773733,26.520105,0.081,60,764.40656
8/16/2026 18:44,35678.184,34901.24,22.306278,28.028332,1.0134416,22.685806,5.6000648,78.037994,120.78665,7.255802,-35.629272,168.99585,0.5481173,26.16551,0.072,60,764.40656
8/16/2026 19:14,34307.09,33727.258,21.475418,29.148495,1.0128973,21.922718,5.158138,71.21563,110.28613,7.18284,-31.371117,166.07285,0.5031259,25.900095,0.072,60,764.40656
8/16/2026 19:44,33772.64,33329.797,21.1938,29.609766,1.0127459,21.664368,4.8890967,67.154816,104.039894,7.139141,-28.820038,166.63074,0.5170607,25.695639,0.063,60,764.40656
8/16/2026 20:14,32972.938,32677.154,20.733706,30.327902,1.0124652,21.24015,4.491245,61.29209,94.99857,7.106703,-26.922226,151.29565,0.46558633,25.473907,0.054,60,764.40656
8/16/2026 20:44,32520.273,32342.863,20.49772,30.75005,1.012342,21.022861,4.1847067,56.846466,88.14024,7.0876923,-25.806427,145.51639,0.48387486,25.287188,0.054,60,764.40656
8/16/2026 21:14,31901.016,31822.395,20.132505,31.346964,1.0121132,20.684557,3.996484,54.027225,83.79458,7.0576406,-24.056435,174.15524,0.2528397,25.129353,0.054,60,764.40656
8/16/2026 21:44,31424.867,31431.902,19.858795,31.821932,1.011948,20.430737,3.8132684,51.342648,79.65242,7.030921,-22.501945,180.64023,0.3070488,24.988283,0.045,60,764.40656
8/16/2026 22:14,31021.344,31133.816,19.649378,32.23587,1.0118409,20.236982,3.5681016,47.83445,74.23489,7.015208,-21.58165,202.81314,0.35146034,24.81086,0.045,60,764.40656
8/16/2026 22:44,29251.27,29568.197,18.5605,34.18655,1.0111277,19.21933,3.5133188,46.500584,72.21514,6.9866624,-19.950867,199.65172,0.23197886,24.43882,0.036,60,764.40656
8/16/2026 23:14,40968.934,42014.277,27.356861,24.40874,1.0179552,27.30928,6.2867455,86.36833,134.31041,7.597593,-54.98886,244.57932,0.83389,23.697344,0.036,60,764.40656
8/16/2026 23:44,43152.1,43950.676,28.773277,23.173841,1.0189234,28.56794,6.739679,93.92457,145.96875,7.7354484,-62.99019,257.01047,1.1504095,24.0487,0.036,60,764.40656
8/17/2026 0:14,43336.043,44192.195,28.94812,23.07548,1.0190735,28.724928,6.789221,94.60562,147.04399,7.769316,-64.92615,247.22577,1.3706378,23.98569,0.036,60,764.40656
8/17/2026 0:44,43273.88,44223.973,28.968616,23.10863,1.0191207,28.745583,6.759719,94.02362,146.1685,7.761531,-64.45408,237.38861,1.1909758,23.875202,0.036,60,764.40656
8/17/2026 1:14,43116.027,44124.473,28.89417,23.193232,1.019085,28.680908,6.7225795,93.34947,145.13918,7.7463827,-63.56716,237.95605,1.1010627,23.803427,0.036,60,764.40656
8/17/2026 1:44,43123.984,44195.395,28.944136,23.188951,1.0191436,28.727007,6.7872195,94.15397,146.40903,7.7433367,-63.376427,244.03572,1.2130368,23.730755,0.027,60,764.40656
8/17/2026 2:14,43148.43,44184.355,28.937128,23.175814,1.0191264,28.719831,6.7737923,94.03292,146.2099,7.756447,-64.139366,239.54391,1.3050473,23.772486,0.027,60,764.40656
8/17/2026 2:44,43140.504,44212.836,28.956863,23.180073,1.0191535,28.738342,6.8014846,94.35798,146.72643,7.760254,-64.349174,250.19646,0.9378422,23.730164,0.036,60,764.40656
8/17/2026 3:14,43070.93,44191.86,28.940065,23.217516,1.0191574,28.724709,6.672907,92.47061,143.80646,7.7512674,-63.819885,266.8333,1.1236929,23.671988,0.036,60,764.40656
8/17/2026 3:44,43058.836,44197.11,28.943392,23.224037,1.0191656,28.72812,6.280035,86.99688,135.29886,7.718915,-61.955452,183.18176,1.0354412,23.651598,0.027,60,764.40656
8/17/2026 4:14,42822.91,44047.105,28.831167,23.351986,1.0191113,28.63062,6.151582,85.002655,132.22238,7.686612,-60.076714,191.0448,0.6698724,23.544876,0.036,60,764.40656
8/17/2026 4:44,42375.105,43799.566,28.64423,23.59876,1.0190401,28.469719,5.412027,74.37736,115.74492,7.542002,-51.722527,196.37585,0.59124786,23.297264,0.027,60,764.40656
8/17/2026 5:14,41864.75,43416.91,28.36114,23.886444,1.0188737,28.220991,4.9398956,67.57556,105.19092,7.432594,-45.41397,203.19939,0.289773,23.128267,0.027,60,764.40656
8/17/2026 5:44,41149.74,42754.457,27.877296,24.30149,1.0185342,27.790398,4.7408543,64.564644,100.52014,7.3783216,-42.28592,193.73894,0.39302954,23.034899,0.027,60,764.40656
8/17/2026 6:14,38820.875,40378.605,26.159157,25.759336,1.0172515,26.246094,4.4513626,59.964626,93.36719,7.3004847,-37.813187,194.23962,0.26951727,22.980204,0.036,60,764.40656
8/17/2026 6:44,35334.98,36826.594,23.618662,28.300568,1.0153617,23.937286,4.097114,54.289864,84.54593,7.1896963,-31.44741,195.09793,0.51119703,22.879389,0.027,60,764.40656
8/17/2026 7:14,32061.469,33492.457,21.265537,31.190086,1.0136184,21.770096,3.7502234,48.918896,76.19673,7.1070566,-26.698112,189.89087,0.4406406,22.76305,0.018,60,764.40656
8/17/2026 7:44,29724.04,31117.734,19.608557,33.642803,1.0123981,20.226528,3.5544207,45.83243,71.40224,7.0462275,-23.202896,184.94606,0.43863156,22.655088,0.018,60,764.40656
8/17/2026 8:14,28188.432,29566.594,18.53485,35.475544,1.0116141,19.218287,3.3854802,43.307938,67.48015,7.027628,-22.130013,189.61429,0.4319844,22.559574,0.018,60,764.40656
8/17/2026 8:44,26899.012,28270.568,17.64306,37.176086,1.010968,18.37587,3.3684745,42.79016,66.68446,7.009771,-21.100044,193.8343,0.3903087,22.459929,0.018,60,764.40656
8/17/2026 9:14,25279.197,26614.95,16.511984,39.55822,1.0101385,17.299717,3.4440217,43.394012,67.63534,6.991856,-20.103455,233.69312,0.3162785,22.372356,0.018,60,764.40656
8/17/2026 9:44,24783.62,26094.883,16.158775,40.34923,1.0098733,16.961674,3.3734179,42.414993,66.109764,6.9862456,-19.788742,267.46274,0.44484317,22.369116,0.018,60,764.40656
8/17/2026 10:14,23097.945,24307.52,14.951778,43.293896,1.0089577,15.799888,3.5072703,43.81132,68.28326,6.9773693,-19.292831,293.97488,0.20676157,22.394695,0.018,60,764.40656
8/17/2026 10:44,21569.701,22578.076,13.79601,46.36133,1.0080197,14.67575,4.116793,51.33519,79.974075,6.995244,-20.313263,243.02483,0.48150122,22.661692,0.027,60,764.40656
8/17/2026 11:14,39445.457,40735.92,26.424908,25.351461,1.017352,26.47835,7.558664,102.63797,159.71133,7.75757,-64.110756,239.0051,0.8031593,23.341423,0.027,60,764.40656
8/17/2026 11:44,42017.844,43384.355,28.343243,23.799412,1.0187976,28.199831,7.138986,98.03356,152.54408,7.76841,-64.73541,254.22096,0.89307815,23.3509,0.027,60,764.40656
8/17/2026 12:14,42147.516,43522.766,28.44386,23.72619,1.0188752,28.289799,7.2226562,99.23108,154.40886,7.772664,-64.9786,252.0752,0.7796225,23.34563,0.027,60,764.40656
8/17/2026 12:44,42324,43674.547,28.555311,23.627256,1.0189494,28.388456,7.1906223,98.91615,153.9093,7.764228,-64.50176,253.95871,0.8810918,23.380997,0.018,60,764.40656
8/17/2026 13:14,42590.992,43867.363,28.698309,23.479143,1.0190302,28.513786,7.095553,97.853806,152.2308,7.7660236,-64.62574,267.4246,0.8008008,23.476639,0.027,60,764.40656
8/17/2026 13:44,42940.48,44126.9,28.890614,23.288048,1.0191427,28.682484,6.989729,96.69803,150.40204,7.7607737,-64.349174,269.81354,0.781323,23.592329,0.027,60,764.40656
8/17/2026 14:14,43023.582,44178.098,28.929003,23.243067,1.0191605,28.715763,6.942452,96.131874,149.51099,7.7678413,-64.76402,274.55807,0.71999913,23.631767,0.027,60,764.40656
8/17/2026 14:44,43120.37,44244.504,28.978456,23.190895,1.019187,28.758926,6.9052234,95.7073,148.8406,7.7639647,-64.549446,275.2304,0.89931524,23.669777,0.036,59,764.40656
8/17/2026 15:14,43190.832,44245.01,28.980925,23.15306,1.0191652,28.759256,6.8659787,95.303185,148.19026,7.7628226,-64.50176,269.54175,0.75852555,23.75257,0.036,59,764.40656
8/17/2026 15:44,43241.406,44244.797,28.982275,23.125982,1.019149,28.759119,6.8160906,94.71118,147.2539,7.7550526,-64.06784,199.94736,0.9613825,23.812662,0.036,59,764.40656
8/17/2026 16:14,43249.64,44195.754,28.948097,23.12158,1.0191041,28.72724,6.736315,93.69361,145.65443,7.744775,-63.490868,165.93933,0.7877174,23.879196,0.036,59,764.40656
8/17/2026 16:44,43407.496,44233.23,28.978996,23.037495,1.0190862,28.7516,6.7784553,94.533455,146.92197,7.727758,-62.54196,174.58916,0.66936684,24.02263,0.036,59,764.40656
8/17/2026 17:14,43480.168,44105.11,28.89101,22.998991,1.0189518,28.668322,6.652048,93.10565,144.64075,7.6822844,-59.97181,178.42293,0.23783168,24.258148,0.027,59,764.40656
8/17/2026 17:44,43519.844,43962.164,28.79154,22.978024,1.0188143,28.575407,6.391603,89.74463,139.364,7.603702,-55.48477,180.64499,0.15285562,24.473225,0.036,59,764.40656
8/17/2026 18:14,42717.727,43134.42,28.188358,23.409485,1.0183535,28.037374,6.054409,84.74835,131.60017,7.519358,-50.6258,199.37991,3.3381145,24.49422,0.045,59,764.40656
8/17/2026 18:44,40857.61,41332.49,26.878597,24.475245,1.0173942,26.86612,5.624414,78.01146,121.16041,7.408202,-44.202805,216.20273,0.45353118,24.39847,0.045,59,764.40656
8/17/2026 19:14,37094.414,37660.008,24.237251,26.958237,1.0154581,24.479006,5.0331903,68.54102,106.487976,7.259753,-35.624504,214.3097,0.5258071,24.213697,0.045,59,764.40656
8/17/2026 19:44,34166.453,34806.227,22.210398,29.268476,1.0139823,22.624048,4.5367765,60.877872,94.61258,7.1413393,-28.78666,173.88821,0.5200989,24.037645,0.036,59,764.40656
8/17/2026 20:14,32999.15,33688.883,21.422583,30.303812,1.0134201,21.897774,4.154022,55.382557,86.08915,7.0892377,-25.777817,185.17017,0.4032153,23.928083,0.036,59,764.40656
8/17/2026 20:44,32418.79,33137.598,21.035097,30.84631,1.0131463,21.539438,3.9359004,52.298534,81.304535,7.0563474,-23.880005,202.24571,0.55978465,23.864311,0.036,59,764.40656
8/17/2026 21:14,31689.984,32439.824,20.546045,31.555712,1.0127989,21.085886,3.6433449,48.211212,74.96033,7.0241203,-22.02034,204.35333,0.36557755,23.7898,0.036,59,764.40656
8/17/2026 21:44,31071.555,31856.68,20.1382,32.183777,1.012514,20.706842,3.4582467,45.589375,70.89395,6.9989624,-20.594597,157.80927,0.3251002,23.709656,0.027,59,764.40656
8/17/2026 22:14,30227.838,31051.256,19.576778,33.08209,1.0121185,20.183317,3.2373044,42.46457,66.04621,6.9767203,-19.335747,159.76428,0.38123772,23.611622,0.027,59,764.40656
8/17/2026 22:44,29774.236,30618.877,19.276167,33.586082,1.0119075,19.902271,2.9847994,39.04551,60.73447,6.9489107,-17.766953,228.86752,0.38690984,23.555727,0.027,59,764.40656
8/17/2026 23:14,27834.24,28685.953,17.94115,35.92697,1.010933,18.64587,2.651009,34.3455,53.434082,6.9215674,-16.222,230.30281,0.2822771,23.445501,0.027,59,764.40656
8/17/2026 23:44,33006.79,34108.97,21.707577,30.296797,1.0138048,22.17083,3.4507754,45.57389,70.920044,7.0347066,-22.592545,185.97603,0.19829296,23.308195,0.027,59,764.40656
8/18/2026 0:14,42103.09,43442.79,28.386652,23.751226,1.0188208,28.237814,5.314445,73.04173,113.648926,7.562654,-52.924156,229.69246,0.3128724,23.385431,0.018,59,764.40656
8/18/2026 0:44,42751.67,44079.934,28.851942,23.390898,1.0191617,28.651957,5.6157513,77.440544,120.485466,7.6231318,-56.405067,246.4342,0.17622486,23.422356,0.027,59,764.40656
8/18/2026 1:14,42874.32,44209.59,28.946472,23.323984,1.0192342,28.736235,5.6696477,78.221306,121.70096,7.64514,-57.668686,239.31503,0.16697654,23.418682,0.027,59,764.40656
8/18/2026 1:44,42970.02,44313.906,29.022474,23.27204,1.0192934,28.804039,5.7461586,79.30261,123.384735,7.6562014,-58.30288,233.45947,0.113125935,23.412224,0.027,59,764.40656
8/18/2026 2:14,42959.367,44302.35,29.014051,23.277811,1.0192868,28.796528,5.8283205,80.43341,125.143974,7.673299,-59.285164,225.35324,0.039721556,23.412874,0.027,59,764.40656
8/18/2026 2:44,42997.332,44350.96,29.049265,23.257257,1.0193166,28.828125,5.8249083,80.387405,125.07476,7.671759,-59.194565,230.58414,0.08159407,23.402048,0.027,59,764.40656
8/18/2026 3:14,42919.805,44281.32,28.998096,23.299267,1.0192811,28.782858,5.669417,78.20208,121.67714,7.662254,-58.646202,228.5719,0.045492128,23.390213,0.027,59,764.40656
8/18/2026 3:44,42941.344,44310.13,29.018938,23.28758,1.0192991,28.801584,5.4839206,75.64238,117.69598,7.639866,-57.35874,260.66302,0.12512086,23.38267,0.027,59,764.40656
8/18/2026 4:14,42884.71,44272.734,28.990995,23.318335,1.0192848,28.777277,5.2611465,72.52704,112.85342,7.6274943,-56.643486,221.02832,0.046800915,23.358553,0.027,59,764.40656
8/18/2026 4:44,42870.633,44324.918,29.027048,23.32599,1.0193336,28.811197,4.838125,66.6195,103.674995,7.6093125,-55.584908,173.1968,0.48100057,23.282219,0.027,59,764.40656
8/18/2026 5:14,42729.047,44279.676,28.990904,23.403284,1.0193388,28.78179,5.062257,69.548775,108.25534,7.5819435,-53.99227,195.62721,0.039906833,23.166546,0.027,59,764.40656
8/18/2026 5:44,42598.113,44258.32,28.971739,23.475218,1.019361,28.767908,4.6195726,63.313297,98.57175,7.4889402,-48.63262,175.2901,0.035440043,23.036034,0.027,59,764.40656
8/18/2026 6:14,41916.094,43647.332,28.523323,23.857185,1.0190535,28.370768,4.329931,59.071712,91.98583,7.4132705,-44.27433,221.59576,0.036299452,22.923338,0.018,59,764.40656
8/18/2026 6:44,39604.703,41330.133,26.84075,25.249527,1.0178119,26.864588,3.909481,52.716373,82.10462,7.291123,-37.255287,230.76535,0.037750453,22.814266,0.018,59,764.40656
8/18/2026 7:14,35773.703,37417.89,24.034946,27.953495,1.0157245,24.32163,3.436396,45.496914,70.87423,7.1555824,-29.473305,202.90851,0.039431784,22.699413,0.018,59,764.40656
8/18/2026 7:44,32723.59,34264.996,21.805246,30.558994,1.0140569,22.272247,3.0798788,40.21407,62.650482,7.064467,-24.24717,155.0579,0.06177465,22.644773,0.018,59,764.40656
8/18/2026 8:14,30511.986,31969.893,20.199886,32.774006,1.0128549,20.78043,2.8951366,37.43009,58.31642,7.013826,-21.343231,157.33719,0.049167566,22.612434,0.018,59,764.40656
8/18/2026 8:44,29266.938,30635.592,19.274597,34.168247,1.0121449,19.913136,2.9127762,37.49024,58.40537,6.9805436,-19.488335,189.29482,0.039784607,22.66098,0.018,59,764.40656
8/18/2026 9:14,27113.016,28315.14,17.677998,36.882656,1.010912,18.40484,2.797002,35.74501,55.675587,6.9465137,-17.585754,191.77437,0.03687255,22.777214,0.018,59,764.40656
8/18/2026 9:44,26118.145,27221.127,16.931269,38.28756,1.0103232,17.693733,2.8858523,36.789886,57.29318,6.912694,-15.692711,222.48746,0.057273358,22.878567,0.018,59,764.40656
8/18/2026 10:14,24498.523,25454.227,15.732548,40.818787,1.0093805,16.545246,2.9871252,37.92624,59.047108,6.9244294,-16.360283,215.4112,0.06191554,23.034246,0.018,59,764.40656
8/18/2026 10:44,23589.752,24432.6,15.044434,42.39129,1.0088214,15.88119,3.2087023,40.696774,63.343082,6.902981,-15.163422,277.1759,0.08079389,23.193882,0.027,59,764.40656
8/18/2026 11:14,22229.758,22940.598,14.044691,44.984745,1.0080218,14.911388,2.9798265,37.7035,58.665375,6.872125,-13.437271,144.80115,0.03927408,23.377693,0.027,59,764.40656
8/18/2026 11:44,32613.715,32706.412,20.74679,30.661947,1.0126532,21.259169,7.5611196,102.07452,158.39848,7.472707,-47.99366,205.61694,0.08280351,24.851612,0.036,59,764.40656
8/18/2026 12:14,43473.477,43828.574,28.696283,23.002531,1.0187125,28.488573,8.212344,115.452286,179.25102,7.842734,-69.28921,234.60864,0.2413383,24.575811,0.045,59,764.40656
8/18/2026 12:44,43977.266,44231.145,28.99318,22.739021,1.0189,28.750244,8.024279,113.242676,175.77962,7.8414087,-69.24152,234.21765,0.035238642,24.699486,0.036,59,764.40656
8/18/2026 13:14,44084.01,44080.22,28.889408,22.683962,1.018732,28.652142,8.265327,117.19123,181.80357,7.8593354,-70.347786,227.80418,0.040978152,25.004507,0.054,59,764.40656
8/18/2026 13:44,44332.598,44281.004,29.03746,22.556765,1.0188267,28.782654,8.027596,114.0275,176.87642,7.847961,-69.704056,227.89001,0.0535796,25.061,0.054,59,764.40656
8/18/2026 14:14,44295.91,44154.246,28.946962,22.575447,1.0187268,28.700262,8.204501,116.69502,180.97697,7.86791,-70.88184,236.43018,0.13846563,25.167978,0.054,59,764.40656
8/18/2026 14:44,44656.547,44300.09,29.058844,22.393133,1.0187355,28.795057,7.9435544,113.54837,176.0104,7.847164,-69.7422,215.10124,0.34133276,25.421276,0.063,59,764.40656
8/18/2026 15:14,44563.855,44156.89,28.955257,22.43971,1.0186392,28.70198,7.9790998,114.10893,176.85811,7.8556547,-70.24765,230.05963,0.48938882,25.482527,0.054,59,764.40656
8/18/2026 15:44,44562.477,44297.434,29.054718,22.440405,1.0187646,28.793331,8.418022,120.105034,186.21304,7.8826537,-71.76876,247.9744,0.5753921,25.313255,0.054,59,764.40656
8/18/2026 16:14,44605.43,44245.375,29.018887,22.418795,1.0187039,28.759493,8.53082,121.925224,188.99352,7.900076,-72.8035,228.84369,0.54084086,25.426056,0.054,59,764.40656
8/18/2026 16:44,44789.957,44325.953,29.080301,22.326433,1.0187136,28.81187,8.384838,120.13129,186.1682,7.8812656,-71.74492,154.59537,0.48738852,25.548063,0.063,59,764.40656
8/18/2026 17:14,45190.01,44319.473,29.084694,22.128784,1.0185716,28.807657,8.286964,119.708565,185.33554,7.867509,-71.06304,164.17503,0.5313904,26.028399,0.072,59,764.40656
8/18/2026 17:44,45809.61,44382.098,29.142063,21.829481,1.0184137,28.848364,7.697746,112.474106,173.90048,7.796356,-67.08622,169.78264,0.17701554,26.683983,0.081,59,764.40656
8/18/2026 18:14,46201.59,44376.438,29.145435,21.644278,1.01827,28.844685,6.9994297,103.0823,159.22108,7.702168,-61.712265,182.49512,0.09453948,27.153343,0.09,59,764.40656
8/18/2026 18:44,46085.598,44149.996,28.98152,21.698753,1.0181024,28.697498,6.4697027,95.41972,147.34041,7.604084,-56.033134,185.1511,0.17501013,27.295368,0.099,59,764.40656
8/18/2026 19:14,45072.758,43190.957,28.279459,22.18635,1.01758,28.074121,6.046156,88.80137,137.12505,7.514982,-50.845146,196.78592,0.22235726,27.281116,0.09,59,764.40656
8/18/2026 19:44,42252.707,40632.363,26.41671,23.667122,1.0162433,26.411036,5.477322,79.35228,122.58486,7.3704224,-42.40513,208.18234,0.22919984,27.087862,0.108,59,764.40656
8/18/2026 20:14,38030.72,36737.496,23.617144,26.294533,1.0142204,23.879372,4.8604684,69.0301,106.69442,7.2126474,-33.20217,232.53441,0.34190163,26.843018,0.09,59,764.40656
8/18/2026 20:44,35184.03,34124.895,21.763062,28.421986,1.0128977,22.181181,4.3641005,61.10948,94.49532,7.1082826,-27.11773,172.02853,0.33106568,26.624977,0.081,59,764.40656
8/18/2026 21:14,34011.273,33105.44,21.043985,29.402016,1.0124167,21.518536,4.055619,56.37374,87.20711,7.0616636,-24.394989,175.32825,0.18184584,26.432568,0.072,59,764.40656
8/18/2026 21:44,33163.824,32391.904,20.542095,30.153337,1.0120956,21.054737,3.7560925,51.89696,80.31226,7.0279665,-22.425652,171.60892,0.16220073,26.247679,0.072,59,764.40656
8/18/2026 22:14,32437.812,31765.94,20.103304,30.828218,1.0118083,20.64786,3.457588,47.538784,73.58887,7.000262,-20.809174,195.09315,0.1828989,26.107368,0.072,59,764.40656
8/18/2026 22:44,31524.842,30961.967,19.541742,31.721016,1.0114332,20.125278,3.265325,44.632477,69.11169,6.983698,-19.88411,198.17828,0.11486524,25.951809,0.063,59,764.40656
8/18/2026 23:14,30610.482,30133.287,18.965376,32.66855,1.011037,19.586637,3.0654354,41.674774,64.547676,6.958366,-18.439293,263.28564,0.07327821,25.829117,0.063,59,764.40656
8/18/2026 23:44,30134.395,29757.602,18.703787,33.184673,1.010889,19.34244,2.8978875,39.22464,60.772884,6.933393,-17.01355,257.5493,0.10773128,25.662933,0.063,59,764.40656
8/19/2026 0:14,27756.928,27565.309,17.192276,36.027042,1.009842,17.91745,2.7829237,37.151623,57.594868,6.937399,-17.223358,239.37701,0.040710155,25.363949,0.054,59,764.40656
8/19/2026 0:44,39577.062,39814.824,25.789385,25.26716,1.0164906,25.879637,5.6818814,78.715576,122.18814,7.4411798,-46.1483,235.03304,0.29857978,24.687344,0.054,59,764.40656
8/19/2026 1:14,43545.887,43728.25,28.62753,22.964281,1.0186003,28.423363,6.432079,90.712364,140.78543,7.6843386,-60.195923,245.88107,0.74513316,24.781652,0.054,59,764.40656
8/19/2026 1:44,43847.305,44098.293,28.896105,22.80642,1.0188261,28.66389,6.5162945,91.91408,142.6719,7.717759,-62.10804,208.4303,0.83643293,24.702011,0.045,59,764.40656
8/19/2026 2:14,43876.016,44186.113,28.958765,22.791494,1.0188937,28.720974,6.3240056,89.126595,138.3631,7.708751,-61.573982,240.11136,0.837831,24.632563,0.045,59,764.40656
8/19/2026 2:44,43887.82,44296.52,29.036879,22.785364,1.0189865,28.792738,6.202579,87.27904,135.52417,7.697092,-60.8778,246.74416,0.62432826,24.51694,0.045,59,764.40656
8/19/2026 3:14,43771.3,44257.805,29.006462,22.84602,1.0189905,28.767574,6.1819715,86.83442,134.85695,7.698082,-60.915947,239.88248,0.6892986,24.424477,0.036,59,764.40656
8/19/2026 3:44,43779.426,44305.227,29.04007,22.84178,1.0190291,28.798397,6.120918,85.924965,133.45583,7.6910467,-60.5011,246.15765,0.6470501,24.378654,0.045,59,764.40656
8/19/2026 4:14,43683.395,44236.414,28.988993,22.891994,1.0190003,28.75367,6.034233,84.634476,131.45953,7.686116,-60.210228,242.80072,0.80684936,24.345476,0.036,59,764.40656
8/19/2026 4:44,43740.445,44332.508,29.058197,22.862135,1.0190655,28.81613,5.742483,80.51164,125.065994,7.6499424,-58.116913,259.9907,0.95514506,24.300783,0.036,59,764.40656
8/19/2026 5:14,43644.25,44263.26,29.006802,22.912525,1.0190363,28.77112,5.4607553,76.495285,118.834236,7.6243134,-56.63395,194.3779,0.5178002,24.26781,0.036,59,764.40656
8/19/2026 5:44,43620.76,44285.168,29.021559,22.924864,1.0190629,28.785358,5.385135,75.37234,117.10121,7.6104994,-55.828094,186.82956,0.54154277,24.214506,0.045,59,764.40656
8/19/2026 6:14,43515.6,44244.74,28.990168,22.980265,1.0190617,28.759079,5.2407265,73.239075,113.80298,7.5904646,-54.659843,207.22867,0.22750561,24.137192,0.045,59,764.40656
8/19/2026 6:44,43287.58,44073.53,28.863398,23.101316,1.0189865,28.647797,4.8383713,67.48348,104.87314,7.5156527,-50.3397,232.53441,0.12746958,24.066349,0.036,59,764.40656
8/19/2026 7:14,41440.637,42207.8,27.505121,24.130903,1.017967,27.435072,4.525809,62.614426,97.30952,7.4221926,-44.956207,205.99365,0.038650617,24.048382,0.045,59,764.40656
8/19/2026 7:44,38681.37,39362.08,25.45281,25.852238,1.0164071,25.58535,4.116251,56.32777,87.532036,7.2921333,-37.474632,203.00865,0.07882375,24.09458,0.036,59,764.40656
8/19/2026 8:14,34862.727,35432.527,22.654549,28.68393,1.0142827,23.031143,3.6886106,49.728676,77.26825,7.1509895,-29.354095,171.33237,0.07331906,24.158045,0.036,59,764.40656
8/19/2026 8:44,32443.922,32902.094,20.876078,30.822414,1.0129137,21.38636,3.4667442,46.35697,72.01442,7.0624013,-24.261475,177.31189,0.040961854,24.27093,0.045,59,764.40656
8/19/2026 9:14,30206.44,30508.959,19.21176,33.105522,1.011605,19.830824,3.4095736,45.329514,70.390976,7.017194,-21.672249,174.74652,0.07345212,24.480848,0.045,59,764.40656
8/19/2026 9:44,28728.97,28850.475,18.069338,34.808067,1.0106642,18.75281,3.4900274,46.34282,71.92425,6.9775677,-19.459724,167.51767,0.03942992,24.779505,0.045,59,764.40656
8/19/2026 10:14,27082.906,26954.521,16.77364,36.92366,1.0095608,17.52044,3.6388984,48.365574,74.996155,6.9676743,-18.930435,220.71362,0.03798938,25.249374,0.054,59,764.40656
8/19/2026 10:44,26555.715,26262.592,16.304415,37.656677,1.0091144,17.070684,3.8028874,50.709763,78.57963,6.9556026,-18.267632,238.23738,0.11991383,25.584356,0.072,59,764.40656
8/19/2026 11:14,24978.818,24428.031,15.064233,40.03392,1.0080162,15.878221,4.1649384,55.73021,86.25617,6.959244,-18.510818,247.64061,0.038365982,26.18049,0.081,59,764.40656
8/19/2026 11:44,25323.777,24402.863,15.051248,39.48858,1.0077752,15.861861,4.9290586,66.8703,103.32713,6.9534383,-18.229485,247.56432,0.04049617,26.975807,0.099,59,764.40656
8/19/2026 12:14,24153.459,23016.248,14.120018,41.40194,1.0068991,14.960561,5.573735,76.02195,117.313255,7.0369673,-23.050308,220.99017,0.45730302,27.58686,0.108,59,764.40656
8/19/2026 12:44,44889.26,43140.535,28.240328,22.277042,1.0176003,28.04135,9.635553,141.1125,217.97711,7.9699445,-77.281,225.00992,0.06223358,27.122278,0.108,59,764.40656
8/19/2026 13:14,46965.63,45940.055,30.27822,21.292166,1.0194265,29.861036,8.747376,127.51833,197.3706,7.9263124,-74.505806,214.8819,0.43413854,26.168808,0.072,59,764.40656
8/19/2026 13:44,45271.363,44427,29.162867,22.08902,1.0186406,28.87755,8.82677,127.49041,197.39685,7.926318,-74.46289,208.82129,0.7278746,25.995062,0.072,59,764.40656
8/19/2026 14:14,45201.676,44327.387,29.090567,22.123074,1.0185747,28.812801,9.012937,130.20917,201.59108,7.9464793,-75.64068,205.1401,0.9668046,26.032642,0.072,59,764.40656
8/19/2026 14:44,45342.164,44390.805,29.13868,22.054527,1.0185837,28.854023,9.18748,132.96875,205.82619,7.965666,-76.77555,207.09991,1.0237914,26.122065,0.072,59,764.40656
8/19/2026 15:14,45240.13,44310.21,29.079187,22.104269,1.0185461,28.801638,9.306717,134.59592,208.35478,7.980247,-77.614784,215.70206,1.2293488,26.098774,0.072,59,764.40656
8/19/2026 15:44,45201.273,44377.008,29.125818,22.12327,1.0186197,28.845057,9.257392,133.63068,206.91339,7.9692087,-76.942444,228.92952,1.4268166,25.972467,0.072,59,764.40656
8/19/2026 16:14,45098.695,44341.13,29.098078,22.17359,1.0186224,28.821733,9.246541,133.27621,206.39693,7.9678264,-76.84231,253.24344,1.3789933,25.894499,0.063,59,764.40656
8/19/2026 16:44,45057.434,44377.21,29.122772,22.193895,1.0186689,28.845186,8.994575,129.45973,200.52339,7.947978,-75.66929,256.8674,1.507049,25.802523,0.063,59,764.40656
8/19/2026 17:14,45076.945,44364.16,29.113949,22.18429,1.0186505,28.836704,8.7749815,126.37587,195.73166,7.9372706,-75.05894,240.13995,1.5438259,25.841188,0.072,59,764.40656
8/19/2026 17:44,45232.4,44395.363,29.13954,22.108047,1.0186254,28.856985,8.858991,127.92167,198.06773,7.936474,-75.0494,158.33377,1.4823134,25.98713,0.072,59,764.40656
8/19/2026 18:14,45515.344,44398.652,29.147911,21.970613,1.0185311,28.859125,8.768436,127.3304,197.02013,7.9250193,-74.46766,163.84601,1.3244873,26.316832,0.072,59,764.40656
8/19/2026 18:44,45978.91,44515.2,29.240318,21.749102,1.0184758,28.934881,7.874269,115.18978,178.08531,7.834794,-69.327354,169.5299,1.2366793,26.721525,0.081,59,764.40656
8/19/2026 19:14,46250.438,44519.793,29.248787,21.621418,1.0183846,28.937866,7.142345,105.04,162.28593,7.7397337,-63.872337,176.23901,1.1083757,27.035263,0.09,59,764.40656
8/19/2026 19:44,46219.48,44349.273,29.126348,21.635899,1.0182385,28.827028,6.543441,96.444466,148.95085,7.6310005,-57.582855,189.75735,0.9845041,27.207848,0.09,59,764.40656
8/19/2026 20:14,45159.14,43208.38,28.293356,22.143911,1.0175647,28.085447,6.082182,89.46128,138.11937,7.537924,-52.194595,237.69855,1.0528204,27.363758,0.099,59,764.40656
8/19/2026 20:44,42611.61,40662.293,26.443666,23.467783,1.0161322,26.430492,5.55166,81.014565,125.038666,7.401248,-44.260025,258.83197,1.0370023,27.509907,0.099,59,764.40656
8/19/2026 21:14,39292.766,37451.61,24.134567,25.449978,1.0143833,24.343546,4.921145,70.96805,109.517456,7.2521057,-35.58159,188.91335,1.0709672,27.57387,0.099,59,764.40656
8/19/2026 21:44,37103.62,35395.324,22.669891,26.951548,1.0133021,23.00696,4.438741,63.438755,97.908356,7.1524835,-29.773712,188.6511,0.7126756,27.526875,0.108,59,764.40656
8/19/2026 22:14,35729.43,34170.06,21.801968,27.988132,1.0126954,22.210539,4.0099645,56.900265,87.84349,7.089566,-26.097298,173.33984,0.5685417,27.389297,0.099,59,764.40656
8/19/2026 22:44,34718.402,33296.773,21.185629,28.80317,1.0122813,21.642904,3.6499767,51.47878,79.50018,7.0448055,-23.479462,176.12457,0.6580285,27.235376,0.099,59,764.40656
8/19/2026 23:14,33749.69,32474.744,20.607294,29.6299,1.0119033,21.108583,3.3144903,46.45293,71.766304,7.01151,-21.529198,213.26541,0.39266232,27.05548,0.09,59,764.40656
8/19/2026 23:44,33033.285,31889.023,20.19608,30.272495,1.0116489,20.727867,2.959048,41.25069,63.753162,6.975326,-19.469261,260.8061,0.35068065,26.87867,0.081,59,764.40656
8/20/2026 0:14,31751.393,30799.295,19.43441,31.494682,1.0111568,20.019543,2.8996875,40.070736,61.963364,6.959606,-18.558502,236.23466,0.34822255,26.61848,0.081,59,764.40656
8/20/2026 0:44,31110.566,30346.125,19.117197,32.14342,1.0110079,19.724981,2.5642126,35.188854,54.447983,6.950783,-18.03875,231.88113,0.33790433,26.318886,0.072,59,764.40656
8/20/2026 1:14,28617.545,28107.771,17.569023,34.9436,1.0099567,18.270052,2.5339446,34.250275,53.03549,6.9259615,-16.608238,243.12973,0.33839774,25.949547,0.063,59,764.40656
8/20/2026 1:44,41440.227,41733.355,27.173542,24.131142,1.0175487,27.12668,5.791285,80.79025,125.42157,7.5069647,-49.934387,241.21762,0.72537893,24.632257,0.054,59,764.40656
8/20/2026 2:14,43522.46,43794.797,28.673788,22.976643,1.0186667,28.46662,6.2771983,88.38701,137.20418,7.6787634,-59.8526,269.19366,1.0631312,24.674429,0.045,59,764.40656
8/20/2026 2:44,43968.633,44232.77,28.994097,22.743486,1.0189043,28.7513,6.531433,92.15592,143.05124,7.7328544,-62.975883,248.78502,0.88432246,24.687355,0.045,59,764.40656
8/20/2026 3:14,43933,44234.074,28.994072,22.761932,1.018917,28.752148,6.442509,90.83242,141.00838,7.7298737,-62.794685,249.89128,1.0769706,24.643646,0.054,59,764.40656
8/20/2026 3:44,43979.69,44305.19,29.045452,22.737768,1.0189642,28.798374,6.403967,90.27121,140.14456,7.7249336,-62.503815,234.7803,1.0558914,24.615349,0.045,59,764.40656
8/20/2026 4:14,43932.902,44285.766,29.030508,22.761984,1.0189625,28.785748,6.36934,89.72487,139.30486,7.729848,-62.78038,240.80753,0.97533613,24.582832,0.045,59,764.40656
8/20/2026 4:44,43888.367,44299.316,29.038872,22.785082,1.0189887,28.794556,6.2182517,87.49663,135.86272,7.7133102,-61.8124,246.57727,1.1446785,24.514309,0.045,59,764.40656
8/20/2026 5:14,43808.438,44255.094,29.00556,22.826653,1.0189762,28.765812,5.9262023,83.30957,129.37141,7.6842675,-60.129166,247.55478,0.85117424,24.47158,0.036,59,764.40656
8/20/2026 5:44,43776.75,44278.04,29.02085,22.843176,1.0190064,28.780725,5.6316195,79.086754,122.82847,7.6330357,-57.16324,282.7072,0.7387486,24.407259,0.045,59,764.40656
8/20/2026 6:14,43729.344,44260.52,29.007221,22.867939,1.0190064,28.769337,5.3304305,74.80501,116.18619,7.597742,-55.122375,194.84998,0.67040557,24.371668,0.036,59,764.40656
8/20/2026 6:44,43681.055,44295.395,29.03043,22.89322,1.0190524,28.792007,5.4430146,76.26522,118.47551,7.625866,-56.72455,190.26279,0.73035073,24.273865,0.036,59,764.40656
8/20/2026 7:14,43534.223,44240.08,28.987417,22.970434,1.0190516,28.75605,5.308158,74.21572,115.31476,7.611738,-55.890083,171.2656,0.47919425,24.164654,0.036,59,764.40656
8/20/2026 7:44,42780.125,43561.94,28.490002,23.375341,1.0187064,28.315264,5.0347886,70.06552,108.886955,7.5374537,-51.59378,208.12035,0.43842703,24.060356,0.036,59,764.40656
8/20/2026 8:14,40743.7,41452.297,26.959122,24.543673,1.0175391,26.943993,4.516317,62.349655,96.888054,7.4082136,-44.15989,174.36505,0.1485101,24.10501,0.036,59,764.40656
8/20/2026 8:44,38746.26,39315.715,25.422379,25.80894,1.0163424,25.555214,4.1556525,57.004356,88.55964,7.2809677,-36.849976,171.43726,0.2230194,24.241669,0.036,59,764.40656
8/20/2026 9:14,35683.25,36033.97,23.08565,28.024353,1.0145131,23.42208,3.8164904,51.88331,80.566765,7.1655555,-30.226707,205.29747,0.072230145,24.490421,0.045,59,764.40656
8/20/2026 9:44,33748.586,33864.3,21.558609,29.63087,1.0132716,22.011795,3.5746078,48.454567,75.19579,7.082938,-25.491714,176.71585,0.06784623,24.821098,0.045,59,764.40656
8/20/2026 10:14,31323.465,31171.018,19.680191,31.924948,1.0117377,20.261162,3.5609012,48.122204,74.61782,7.0246315,-22.158623,170.50743,0.039706625,25.256058,0.054,59,764.40656
8/20/2026 10:44,29985.049,29561.926,18.569271,33.349953,1.0107634,19.215252,3.679982,49.848164,77.21923,6.9931026,-20.403862,185.09387,0.09187458,25.74938,0.063,59,764.40656
8/20/2026 11:14,28891.598,28230.547,17.655457,34.61214,1.0099412,18.349855,3.8630602,52.493256,81.23866,6.9803543,-19.712448,176.52036,0.0406863,26.225977,0.072,59,764.40656
8/20/2026 11:44,28785.277,27921.307,17.445757,34.739983,1.009669,18.148851,3.994529,54.58794,84.41175,6.9671516,-18.987656,272.88437,0.06180355,26.620054,0.09,59,764.40656
8/20/2026 12:14,28689.324,27674.742,17.278437,34.85617,1.0094556,17.988583,4.1986403,57.620846,89.045616,6.974107,-19.402504,280.1752,0.036323242,26.919422,0.108,59,764.40656
8/20/2026 12:44,29462.604,28316.191,17.720339,33.94133,1.009726,18.405525,3.3252153,45.90554,70.91088,6.9432387,-17.65728,173.53058,0.033369467,27.11969,0.126,59,764.40656
8/20/2026 13:14,28158.951,26458.545,16.45307,35.512688,1.0084032,17.198053,5.6325517,78.87116,121.498085,7.0657463,-24.790764,217.6094,0.19816148,28.364756,0.135,59,764.40656
8/20/2026 13:44,45118.03,43180.24,28.2726,22.164087,1.0175534,28.067156,10.485356,154.17188,238.03342,8.069126,-83.11272,231.33278,0.47882742,27.349571,0.117,59,764.40656
8/20/2026 14:14,45302.21,44200.977,29.002836,22.073978,1.0184258,28.730635,9.697898,140.68282,217.68607,8.006208,-79.17404,234.83276,1.3006235,26.304415,0.081,59,764.40656
8/20/2026 14:44,45388.17,44290.277,29.068148,22.032171,1.018477,28.788681,9.847662,142.89182,221.10715,8.013555,-79.59843,244.72237,1.8120962,26.297832,0.072,59,764.40656
8/20/2026 15:14,45362.25,44216.17,29.014881,22.044762,1.0184188,28.74051,10.132783,147.13232,227.64111,8.041557,-81.23875,235.93903,1.6970291,26.357063,0.081,59,764.40656
8/20/2026 15:44,45361.004,44193.9,28.999008,22.045368,1.0183989,28.726034,10.193755,148.06868,229.0778,8.043738,-81.37226,220.1128,1.6377248,26.382662,0.072,59,764.40656
8/20/2026 16:14,45175.24,44157.336,28.969149,22.13602,1.0184304,28.702269,9.818013,142.16283,220.01999,8.026717,-80.337524,242.7721,1.8009932,26.206898,0.072,59,764.40656
8/20/2026 16:44,45150.727,44139.996,28.95631,22.148037,1.0184231,28.690998,9.720749,140.7252,217.79863,8.031442,-80.60932,244.627,1.8243115,26.198868,0.072,59,764.40656
8/20/2026 17:14,45088.383,44211.58,29.005848,22.178661,1.0185094,28.737526,9.62902,139.05649,215.28609,8.014005,-79.55551,243.56366,2.268739,26.038322,0.072,59,764.40656
8/20/2026 17:44,45159.035,44244.035,29.030426,22.143963,1.0185143,28.758623,9.091635,131.41335,203.43477,7.9640303,-76.67065,234.65157,2.373645,26.082766,0.072,59,764.40656
8/20/2026 18:14,45016.414,44234.297,29.020409,22.214119,1.0185544,28.752293,8.670269,124.98154,193.53926,7.9403615,-75.25921,238.657,2.2542071,25.925718,0.072,59,764.40656
8/20/2026 18:44,45045.57,44220.305,29.011106,22.199741,1.0185319,28.743198,8.696589,125.4639,194.26616,7.9404674,-75.27828,169.78264,2.5813649,25.9771,0.072,59,764.40656
8/20/2026 19:14,44901.605,44100.93,28.92322,22.270918,1.0184739,28.665606,8.411031,121.22917,187.71922,7.93334,-74.858665,169.76834,2.2128036,25.950554,0.063,59,764.40656
8/20/2026 19:44,44759.555,44072.965,28.900248,22.341599,1.0184975,28.647427,7.666372,110.22837,170.731,7.8487024,-69.9234,185.0605,1.6431674,25.815628,0.063,59,764.40656
8/20/2026 20:14,44449.37,43869.684,28.74922,22.497507,1.0184212,28.515295,7.1257033,102.15075,158.25868,7.7714424,-65.42206,203.38058,1.4519194,25.691828,0.063,59,764.40656
8/20/2026 20:44,43370.785,42887.86,28.030758,23.056995,1.0179114,27.87711,6.787674,96.73951,149.9056,7.69429,-60.93502,211.01474,1.309082,25.589539,0.063,59,764.40656
8/20/2026 21:14,40151.145,39829.926,25.813028,24.90589,1.0162936,25.889452,6.291184,88.28757,136.85359,7.5750017,-54.00181,232.64885,1.2268106,25.42224,0.063,59,764.40656
8/20/2026 21:44,37056.723,36816.32,23.654236,26.985657,1.0146954,23.930609,5.7449355,79.52858,123.295685,7.4422297,-46.310425,187.62589,0.8828849,25.341877,0.063,59,764.40656
8/20/2026 22:14,34306.2,34148.44,21.76404,29.14925,1.0133052,22.196487,5.325687,72.8104,112.9022,7.319577,-39.20555,192.50394,0.75982803,25.24187,0.054,59,764.40656
8/20/2026 22:44,32077.771,32024.271,20.272879,31.174236,1.0122304,20.815777,4.844219,65.49151,101.583496,7.2187347,-33.359528,171.1607,0.68234086,25.087465,0.054,59,764.40656
8/20/2026 23:14,29696.91,29817.217,18.736359,33.67354,1.011162,19.381191,4.6542974,62.04818,96.29738,7.1645346,-30.198097,187.40176,0.5798021,24.788752,0.045,59,764.40656
8/20/2026 23:44,26733.557,27121,16.878304,37.40617,1.0099161,17.628649,4.8532043,63.408207,98.506516,7.149421,-29.273033,174.24106,0.7218306,24.252054,0.036,59,764.40656
8/21/2026 0:14,20283.42,21025.104,12.76811,49.30135,1.0071206,13.666317,5.1997466,65.04218,101.24301,7.137598,-28.486252,164.34192,0.6588724,23.153088,0.018,59,764.40656
8/21/2026 0:44,16670.76,17458.031,10.426288,59.985268,1.00549,11.34772,5.179405,63.31331,98.63828,7.0891094,-25.658607,201.87854,0.76328003,22.639,0.018,58,764.40656
8/21/2026 1:14,15606.8125,16391.133,9.735656,64.074585,1.005006,10.654237,4.99634,60.66861,94.54086,7.0611844,-24.046898,237.54596,0.4340418,22.49475,0.009,58,764.40656
8/21/2026 1:44,14874.791,15695.608,9.287189,67.22784,1.0047257,10.202146,4.781634,57.658997,89.885605,7.03685,-22.63546,255.84221,0.5506179,22.261992,0.018,58,764.40656
8/21/2026 2:14,14438.001,15279.69,9.019989,69.261665,1.0045599,9.931799,4.6004195,55.236076,86.129105,7.0246234,-21.924973,283.57028,0.56470215,22.115944,0.018,58,764.40656
8/21/2026 2:44,37761.746,39252.316,25.351303,26.481827,1.0166329,25.514006,4.6894336,62.91321,97.95294,7.421933,-44.784546,276.83734,0.554138,23.011827,0.018,58,764.40656
8/21/2026 3:14,39383.523,40661.746,26.371748,25.391329,1.0173082,26.430136,5.176889,70.29052,109.374176,7.5737104,-53.55358,275.9218,0.18487903,23.354162,0.027,58,764.40656
8/21/2026 3:44,42438.33,43860.926,28.689075,23.563604,1.0190728,28.509604,5.2282023,71.87546,111.85059,7.594883,-54.75998,269.62756,0.10693649,23.301868,0.027,58,764.40656
8/21/2026 4:14,42421.215,43886.992,28.706743,23.57311,1.0191002,28.526545,5.2705684,72.40071,112.677895,7.6076694,-55.48477,257.91168,0.19619937,23.251366,0.027,58,764.40656
8/21/2026 4:44,42117.875,43637.754,28.52316,23.742887,1.0189826,28.36454,5.243441,71.8564,111.84533,7.602763,-55.189133,256.33813,0.29257104,23.176468,0.027,58,764.40656
8/21/2026 5:14,42206.156,43710.29,28.57658,23.693226,1.0190167,28.41169,5.3822303,73.80973,114.88134,7.6250367,-56.471825,254.8027,0.09176367,23.198353,0.018,58,764.40656
8/21/2026 5:44,42290.773,43792.42,28.636581,23.645819,1.0190604,28.465075,5.4914055,75.34142,117.26405,7.6325746,-56.905746,253.04794,0.16874348,23.204704,0.027,58,764.40656
8/21/2026 6:14,42357.914,43856.758,28.683624,23.60834,1.0190942,28.506891,5.346416,73.37987,114.20984,7.619015,-56.1285,289.6309,0.039183546,23.210688,0.036,58,764.40656
8/21/2026 6:44,42388.977,43909.195,28.721218,23.59104,1.0191292,28.540977,4.802239,65.89803,102.56912,7.58005,-53.887367,299.34882,0.06346222,23.187336,0.027,58,764.40656
8/21/2026 7:14,42074.05,43676.742,28.54895,23.767618,1.0190295,28.389883,4.8778443,66.74068,103.90014,7.553802,-52.36149,186.91063,0.036704555,23.078829,0.027,58,764.40656
8/21/2026 7:44,41890.72,43573.008,28.470728,23.871635,1.0189983,28.322454,4.7809377,65.26893,101.626465,7.531417,-51.059723,187.60205,0.03828039,22.97861,0.027,58,764.40656
8/21/2026 8:14,41670.617,43366.754,28.319954,23.997725,1.0188917,28.18839,4.421545,60.28174,93.865425,7.493337,-48.87104,198.81248,0.034202773,22.952276,0.018,58,764.40656
8/21/2026 8:44,40781.16,42592.414,27.75284,24.521128,1.0185126,27.68507,4.0958657,55.481644,86.41743,7.4278026,-45.084953,192.95215,0.034418892,22.773548,0.027,58,764.40656
8/21/2026 9:14,40628.508,42404.168,27.617306,24.61326,1.0184007,27.56271,3.8128693,51.639145,80.427765,7.3849597,-42.63401,150.0225,0.033479422,22.80761,0.018,58,764.40656
8/21/2026 9:44,39069.65,40878.8,26.511974,25.595316,1.0175997,26.57122,3.5916557,48.225082,75.12621,7.314378,-38.571358,172.3957,0.034778602,22.682905,0.018,58,764.40656
8/21/2026 10:14,37071.25,38852.64,25.055763,26.975082,1.0165222,25.254215,3.3988647,45.185383,70.40077,7.265376,-35.75325,190.58228,0.03589346,22.59948,0.018,58,764.40656
8/21/2026 10:44,33788.01,35539.617,22.698275,29.596296,1.0147905,23.100752,3.4022064,44.471,69.30854,7.171394,-30.350685,173.86914,0.037427753,22.419582,0.018,58,764.40656
8/21/2026 11:14,26747.666,28252.104,17.626837,37.38644,1.0110197,18.363869,3.6074178,45.61262,71.11216,7.1015916,-26.335716,165.205,0.10025412,22.212017,0.018,58,764.40656
8/21/2026 11:44,22632.281,23968.346,14.720308,44.184677,1.0088623,15.579425,3.8253894,47.444687,73.98422,7.039093,-22.7499,162.32013,0.36027226,22.081524,0.009,58,764.40656
8/21/2026 12:14,19174.432,20343.768,12.308259,52.152786,1.0070676,13.223449,4.0855126,49.88141,77.79551,6.996834,-20.356178,171.04149,0.3064033,21.990637,0.009,58,764.40656
8/21/2026 12:44,18314.787,19419.244,11.700842,54.60069,1.0066023,12.622508,4.290255,52.227657,81.45055,6.9617076,-18.39161,156.86989,0.5736743,22.022282,0.018,58,764.40656
8/21/2026 13:14,17384.72,18411.164,11.042221,57.521774,1.0060916,11.967257,4.285624,52.029537,81.1338,6.9594283,-18.267632,195.73212,0.1311612,22.08109,0.009,58,764.40656
8/21/2026 13:44,14178.91,15018.007,8.852558,70.52728,1.0044436,9.761704,5.398624,64.70678,100.90348,7.015338,-21.390915,233.94585,1.2994679,22.074728,0.018,58,764.40656
8/21/2026 14:14,39655.926,40757.754,26.446156,25.216911,1.0172999,26.49254,8.489304,115.78727,180.09544,7.8571167,-69.885254,224.71428,0.45021254,23.584631,0.027,58,764.40656
8/21/2026 14:44,42651.87,43808.258,28.658804,23.445631,1.0189604,28.475368,8.091859,111.84628,173.95541,7.8586392,-69.98062,244.87018,0.3721509,23.617985,0.027,58,764.40656
8/21/2026 15:14,42797.098,43978.21,28.782152,23.36607,1.0190603,28.585836,7.8890667,109.07464,169.65184,7.862222,-70.18089,251.67465,0.36496753,23.593887,0.036,58,764.40656
8/21/2026 15:44,42863.52,44041.18,28.828253,23.329863,1.0190934,28.626766,7.851883,108.600945,168.91325,7.8584642,-69.96632,252.2564,0.3647379,23.6,0.027,58,764.40656
8/21/2026 16:14,42771.684,43971.484,28.77667,23.379953,1.0190625,28.581465,7.75744,107.2089,166.75656,7.8584156,-69.95678,242.91039,0.4624963,23.57142,0.036,58,764.40656
8/21/2026 16:44,42733.67,43970.598,28.774895,23.400751,1.0190738,28.580889,7.459133,103.00499,160.2302,7.8315473,-68.40229,249.81021,0.42546937,23.52719,0.027,58,764.40656
8/21/2026 17:14,42758.82,44018.145,28.808943,23.386988,1.0191067,28.611794,7.309464,100.91332,156.98343,7.822852,-67.89684,244.4458,0.47905543,23.502134,0.027,58,764.40656
8/21/2026 17:44,42736.89,43997.836,28.79405,23.398989,1.0190961,28.598593,7.221293,99.683014,155.07024,7.818962,-67.67273,247.42126,0.5635268,23.499514,0.027,58,764.40656
8/21/2026 18:14,42686.38,43981.41,28.781012,23.426676,1.0190979,28.587917,6.7857637,93.59585,145.61139,7.7806168,-65.460205,262.28427,0.7927219,23.458378,0.027,58,764.40656
8/21/2026 18:44,42743.863,44063.5,28.84021,23.395172,1.0191501,28.641275,6.784561,93.567856,145.57458,7.7785597,-65.33623,261.3306,0.9404653,23.432013,0.027,58,764.40656
8/21/2026 19:14,42645.266,43972.125,28.773243,23.449263,1.0191029,28.581882,6.12323,84.39697,131.3091,7.7216644,-62.065125,152.01093,0.86210036,23.420155,0.027,58,764.40656
8/21/2026 19:44,42613.895,43989.36,28.784319,23.466524,1.0191275,28.593084,6.3532996,87.48526,136.12764,7.733413,-62.72793,192.82341,0.9831861,23.362925,0.027,58,764.40656
8/21/2026 20:14,42357.254,43794.15,28.639887,23.608707,1.0190412,28.466196,6.3462353,87.190674,135.68839,7.7265687,-62.31785,227.2272,0.7973014,23.28219,0.027,58,764.40656
8/21/2026 20:44,41189.55,42690.535,27.834105,24.278002,1.0184668,27.74885,5.9857616,81.678535,127.137375,7.6243362,-56.42414,241.44173,0.62630254,23.159182,0.027,58,764.40656
8/21/2026 21:14,39844.594,41338.35,26.853981,25.097507,1.0177407,26.869928,5.657389,76.69244,119.38678,7.549142,-52.099228,181.2601,0.48685837,23.108118,0.018,58,764.40656
8/21/2026 21:44,36663.348,38177.133,24.580654,27.275196,1.0160755,24.815136,5.452591,72.7122,113.22651,7.4360495,-45.580864,162.67776,0.42860672,22.923998,0.027,58,764.40656
8/21/2026 22:14,34518.383,36022.297,23.047407,28.970072,1.0149484,23.414494,5.2011724,68.61146,106.86088,7.3349557,-39.76822,167.0456,0.18583883,22.814161,0.018,58,764.40656
8/21/2026 22:44,30160.924,31634.504,19.965775,33.155483,1.012692,20.56243,4.878705,62.930637,98.054924,7.2120967,-32.696724,193.78662,0.14772667,22.56118,0.018,58,764.40656
8/21/2026 23:14,26203.46,27610.21,17.189617,38.1629,1.0106592,17.946638,4.429405,55.98822,87.27086,7.0959053,-26.021004,174.51764,0.07219752,22.332443,0.018,58,764.40656
8/21/2026 23:44,23467.098,24805.041,15.284242,42.612854,1.0092634,16.123278,4.162788,51.889484,80.90285,7.0297966,-22.22538,200.23822,0.038691927,22.176003,0.018,58,764.40656
8/22/2026 0:14,21105.709,22382.682,13.659276,47.380547,1.00808,14.548743,4.0369887,49.698074,77.50675,6.980795,-19.459724,156.9891,0.03746486,22.012995,0.009,58,764.40656
8/22/2026 0:44,18962.256,20179.49,12.198715,52.73634,1.0070215,13.116669,3.8983393,47.43334,73.99525,6.936173,-16.951561,159.09195,0.038741685,21.841866,0.009,58,764.40656
8/22/2026 1:14,16983.818,18130.56,10.856403,58.879574,1.006047,11.784864,3.738266,45.001835,70.2194,6.91169,-15.573502,230.53647,0.037002705,21.688524,0.009,58,764.40656
8/22/2026 1:44,15681.57,16786.014,9.984116,63.769123,1.0054213,10.910909,3.63921,43.477676,67.855545,6.879488,-13.766289,251.0214,0.036171768,21.55521,0.009,58,764.40656
8/22/2026 2:14,14042.675,15078.428,8.887125,71.2115,1.0046299,9.800978,3.6549406,43.2626,67.53603,6.8758597,-13.55648,246.73938,0.03495409,21.40361,0.009,58,764.40656
8/22/2026 2:44,13471.918,14495.764,8.51537,74.22848,1.0043732,9.422247,3.560837,41.97611,65.53813,6.858357,-12.574196,203.29953,0.039734703,21.30206,0.009,58,764.40656
8/22/2026 3:14,27274.012,29016.9,18.145782,36.66494,1.011502,18.860985,4.302857,54.211765,84.567665,7.104151,-26.450157,212.69798,0.040784623,21.855257,0.009,58,764.40656
8/22/2026 3:44,42021.656,43677.008,28.547447,23.797253,1.019046,28.390057,5.161946,70.548065,109.839294,7.5666304,-53.08628,247.20192,0.25590602,23.015715,0.018,58,764.40656
8/22/2026 4:14,42283.703,43905.953,28.715574,23.649773,1.0191591,28.53887,5.514343,75.50422,117.54571,7.6292176,-56.6864,253.06702,0.21038458,23.065536,0.027,58,764.40656
8/22/2026 4:44,42334.58,44001.715,28.784037,23.621353,1.0192246,28.601114,5.34922,73.20846,113.981255,7.6191583,-56.09989,266.67596,0.12277459,23.016335,0.027,58,764.40656
8/22/2026 5:14,42285.37,43974.984,28.763784,23.64884,1.0192171,28.58374,5.366681,73.40239,114.28869,7.623324,-56.33354,258.9464,0.061162584,22.988373,0.027,58,764.40656
8/22/2026 5:44,42327.312,44005.582,28.786503,23.625408,1.0192301,28.603628,5.420343,74.165695,115.474236,7.6283445,-56.624413,251.71756,0.20161264,23.003262,0.018,58,764.40656
8/22/2026 6:14,42306.46,43979.4,28.76756,23.637053,1.0192144,28.586609,5.4557366,74.64856,116.225006,7.6393824,-57.258606,236.89746,0.052459322,23.008425,0.018,58,764.40656
8/22/2026 6:44,42327.426,44008.414,28.788477,23.625343,1.0192324,28.60547,5.4355764,74.37084,115.794266,7.6341734,-56.9582,243.11066,0.037353143,23.000158,0.027,58,764.40656
8/22/2026 7:14,42286.008,43966.113,28.757624,23.648485,1.0192094,28.577974,5.3759847,73.5412,114.5027,7.629688,-56.700706,266.75702,0.06599808,22.999283,0.027,58,764.40656
8/22/2026 7:44,42220.457,43937.234,28.73533,23.685202,1.0192051,28.559202,5.1718044,70.68246,110.06014,7.6011567,-55.05562,248.98529,0.038326085,22.954273,0.027,58,764.40656
8/22/2026 8:14,42203.41,43926.73,28.72745,23.694767,1.0192016,28.552374,4.990779,68.19525,106.18881,7.5786533,-53.76339,220.33691,0.037878945,22.945982,0.018,58,764.40656
8/22/2026 8:44,42174.758,43975.69,28.760632,23.710865,1.0192517,28.5842,4.9252906,67.20562,104.6639,7.567213,-53.09105,258.56494,0.03718179,22.85587,0.018,58,764.40656
8/22/2026 9:14,41660.62,43529.715,28.432997,24.003483,1.0190327,28.294315,4.6703477,63.488575,98.89254,7.522948,-50.535202,249.83884,0.038366474,22.751919,0.027,58,764.40656
8/22/2026 9:44,41269.684,43142.004,28.150476,24.230862,1.0188258,28.042301,4.4184666,59.94058,93.36982,7.4736,-47.70279,182.81937,0.03884054,22.727802,0.018,58,764.40656
8/22/2026 10:14,40876.926,42754.61,27.868517,24.463678,1.0186201,27.790495,4.1211977,55.78946,86.90758,7.4235864,-44.83223,180.54008,0.033542946,22.700642,0.018,58,764.40656
8/22/2026 10:44,39161.92,41031.043,26.619951,25.535007,1.0176997,26.67018,3.8691576,51.920357,80.89206,7.3487396,-40.53116,197.59178,0.03517549,22.614985,0.018,58,764.40656
8/22/2026 11:14,36131.832,37955.2,24.412615,27.676426,1.0160674,24.67088,3.7272515,49.26464,76.77114,7.2591233,-35.381317,201.02501,0.033942517,22.484814,0.018,58,764.40656
8/22/2026 11:44,30927.105,32614.578,20.64339,32.334095,1.0132738,21.199476,3.6050901,46.455624,72.41701,7.1049676,-26.535988,156.30246,0.04058819,22.29111,0.018,58,764.40656
8/22/2026 12:14,26460.172,27965.664,17.430378,37.79265,1.0108794,18.177683,3.6159976,45.643375,71.16366,7.031373,-22.315979,148.3345,0.07823794,22.181486,0.018,58,764.40656
8/22/2026 12:44,24451.414,25850.623,15.990629,40.89743,1.0097982,16.802906,3.7009132,46.31328,72.209946,6.991936,-20.093918,159.11578,0.20007597,22.166143,0.018,58,764.40656
8/22/2026 13:14,23063.488,24374.412,14.99437,43.358574,1.009043,15.843368,3.7081563,46.15176,71.955986,6.9746356,-19.125938,185.77576,0.072037324,22.184145,0.018,58,764.40656
8/22/2026 13:44,23936.656,25282.49,15.606889,41.776928,1.0094972,16.433619,3.2177489,40.212246,62.69262,6.933409,-16.818047,154.20438,0.04103217,22.21299,0.009,58,764.40656
8/22/2026 14:14,22323.361,23572.512,14.456444,44.79612,1.0086274,15.322132,2.7438755,34.070095,53.11565,6.950673,-17.786026,167.5129,0.035943355,22.22556,0.018,58,764.40656
8/22/2026 14:44,19752.604,20861.994,12.652298,50.626236,1.007271,13.560297,4.2112517,51.736588,80.659195,6.9971523,-20.389557,163.55038,0.73625034,22.215834,0.018,58,764.40656
8/22/2026 15:14,34514.16,35797.59,22.8945,28.973616,1.0147495,23.268433,7.68292,101.82445,158.50562,7.6772165,-59.452057,262.20798,0.6234112,23.122913,0.018,58,764.40656
8/22/2026 15:44,42369.203,43583.35,28.492973,23.602049,1.0188568,28.32918,8.373242,115.469696,179.61525,7.874386,-70.86754,246.84906,0.5562161,23.541462,0.027,58,764.40656
8/22/2026 16:14,41321.543,42518.758,27.71857,24.20045,1.0182767,27.637192,8.506625,116.75487,181.61934,7.9000897,-72.340965,253.79181,1.9493343,23.525793,0.027,58,764.40656
8/22/2026 16:44,42527.406,43786.9,28.64009,23.514248,1.0189815,28.461483,8.020915,110.612144,172.07364,7.868608,-70.524216,263.56696,0.6808449,23.494024,0.036,58,764.40656
8/22/2026 17:14,42419.863,43689.715,28.568861,23.573862,1.0189321,28.398315,7.6567554,105.51761,164.15286,7.842947,-69.04602,273.33258,0.739863,23.47826,0.027,58,764.40656
8/22/2026 17:44,42562.58,43872.633,28.701113,23.494818,1.0190437,28.517212,7.132708,98.29837,152.93315,7.796719,-66.3805,252.03229,0.7396396,23.436628,0.027,58,764.40656
8/22/2026 18:14,42570.105,43893.44,28.715897,23.490664,1.0190592,28.530737,6.713766,92.50801,143.9283,7.769221,-64.7974,259.8667,0.6579789,23.421526,0.027,58,764.40656
8/22/2026 18:44,42657.07,43990.4,28.786385,23.442772,1.0191147,28.59376,6.508567,89.70377,139.5674,7.75041,-63.71498,260.84424,0.82202554,23.413116,0.027,58,764.40656
8/22/2026 19:14,42631.703,43976.05,28.775568,23.456722,1.0191104,28.584433,6.4084954,88.297745,137.38306,7.744236,-63.357353,265.4743,0.8416208,23.399473,0.027,58,764.40656
8/22/2026 19:44,42643.84,44000.83,28.793274,23.450047,1.019128,28.600538,6.229303,85.816284,133.52544,7.7263575,-62.327385,264.04382,0.7728679,23.385334,0.027,58,764.40656
8/22/2026 20:14,42580.5,43946.64,28.753416,23.484928,1.0191014,28.565315,5.963763,82.12044,127.77782,7.6956882,-60.563087,279.2835,1.0843107,23.372442,0.027,58,764.40656
8/22/2026 20:44,42589.324,43996.562,28.788588,23.480062,1.0191412,28.597765,5.9101257,81.33083,126.559616,7.691455,-60.310364,224.76672,1.2646995,23.325384,0.027,58,764.40656
8/22/2026 21:14,42438.285,43898.258,28.715149,23.56363,1.0191046,28.533869,5.8118854,79.85089,124.271095,7.671012,-59.12304,201.23004,0.7711978,23.258736,0.027,58,764.40656
8/22/2026 21:44,42279.582,43804.004,28.644304,23.652079,1.0190737,28.472603,5.504974,75.49511,117.50872,7.5950327,-54.745674,211.12442,0.5724863,23.17796,0.027,58,764.40656
8/22/2026 22:14,41621.04,43183.395,28.190716,24.02631,1.0187511,28.069206,5.4993033,75.12405,116.94571,7.538264,-51.47457,265.04993,0.6424365,23.105783,0.018,58,764.40656
8/22/2026 22:44,39629.07,41220.297,26.765587,25.234001,1.0177097,26.793192,5.4470396,73.633446,114.6503,7.454523,-46.64898,274.00494,0.5498579,22.9789,0.027,58,764.40656
8/22/2026 23:14,36641.06,38244.09,24.625816,27.291788,1.0161418,24.85866,5.2135825,69.39505,108.0829,7.349698,-40.61222,300.1547,0.25911695,22.805452,0.027,58,764.40656
8/22/2026 23:44,32900.094,34478.137,21.954245,30.39505,1.0141802,22.410788,4.8705597,63.602425,99.09462,7.2329893,-33.898354,212.21637,0.2710118,22.603697,0.027,58,764.40656
8/23/2026 0:14,29431.463,30966.176,19.499407,33.977245,1.0123816,20.128016,4.476165,57.418556,89.4896,7.117532,-27.265549,228.43839,0.18788244,22.405184,0.018,58,764.40656
8/23/2026 0:44,26451.197,27932.102,17.408045,37.805473,1.0108517,18.155867,4.122514,52.071175,81.17972,7.032817,-22.40181,164.6185,0.12381022,22.224188,0.018,58,764.40656
8/23/2026 1:14,24286.947,25721.205,15.901899,41.17438,1.0097531,16.718784,3.9609587,49.46347,77.132385,6.985399,-19.721985,159.35422,0.040474303,22.080538,0.009,58,764.40656
8/23/2026 1:44,21982.59,23357.805,14.309224,45.490547,1.0085936,15.182573,3.7159681,45.837337,71.49681,6.936777,-16.989708,166.502,0.080778696,21.917486,0.009,58,764.40656
8/23/2026 2:14,20159.668,21481.887,13.058366,49.603992,1.0076852,13.963226,3.6186767,44.19778,68.95496,6.9134817,-15.678406,234.93767,0.03839609,21.777466,0.018,58,764.40656
8/23/2026 2:44,18607.713,19883.047,12.001916,53.741158,1.0069219,12.923981,3.5646904,43.161343,67.35257,6.8929744,-14.52446,200.29068,0.040957388,21.64179,0,58,764.40656
8/23/2026 3:14,17119.533,18331.46,10.985964,58.412807,1.0061808,11.91545,3.5580516,42.743504,66.711464,6.8888855,-14.29081,198.82202,0.040227596,21.538641,0,58,764.40656
8/23/2026 3:44,15993.925,17165.176,10.228119,62.52374,1.0056357,11.157365,3.4943197,41.704975,65.10201,6.8713174,-13.303757,249.3143,0.0379613,21.427536,0.009,58,764.40656
8/23/2026 4:14,37435.87,39553.867,25.547775,26.712347,1.0170025,25.710014,5.482214,72.56052,113.12801,7.385915,-42.60063,178.20834,0.37775755,22.196484,0.009,58,764.40656
8/23/2026 4:44,41636.676,43606.56,28.485626,24.017286,1.0191048,28.344263,5.493639,74.54726,116.14093,7.55151,-52.15168,256.60992,0.57142735,22.634869,0.018,58,764.40656
8/23/2026 5:14,41745.418,43699.523,28.55395,23.954725,1.01915,28.404692,5.5872707,75.88038,118.2131,7.5848064,-54.063797,261.56427,0.57864356,22.658802,0.027,58,764.40656
8/23/2026 5:44,41798.867,43735.594,28.580845,23.924093,1.019164,28.428137,5.5685134,75.6681,117.877884,7.587646,-54.23069,260.458,0.33752418,22.681538,0.018,58,764.40656
8/23/2026 6:14,41742.32,43673.93,28.536043,23.956503,1.0191293,28.388054,5.6734934,77.078384,120.074295,7.6041126,-55.174828,270.81488,0.2842439,22.684399,0.018,58,764.40656
8/23/2026 6:44,41939.895,43833.29,28.653587,23.843645,1.0192033,28.491638,5.7760773,78.601326,122.43557,7.629894,-56.66256,263.89124,0.13754678,22.738462,0.018,58,764.40656
8/23/2026 7:14,41927.33,43758.19,28.600891,23.850792,1.0191438,28.442825,5.841127,79.562775,123.91835,7.6413846,-57.3349,256.7482,0.035073277,22.8094,0.027,58,764.40656
8/23/2026 7:44,41935.03,43784.2,28.619255,23.84641,1.0191635,28.45973,5.9140444,80.535034,125.43699,7.641537,-57.33967,225.811,0.11787825,22.788813,0.018,58,764.40656
8/23/2026 8:14,41969,43803.74,28.633997,23.82711,1.0191694,28.472431,6.0059385,81.819824,127.43416,7.646383,-57.621002,246.1052,0.114222996,22.807045,0.018,58,764.40656
8/23/2026 8:44,41988.324,43834.375,28.655973,23.816145,1.0191894,28.492344,5.7877426,78.84064,122.79657,7.615481,-55.847168,261.0588,0.45624936,22.795067,0.027,58,764.40656
8/23/2026 9:14,41930.094,43787.363,28.62129,23.849218,1.0191677,28.461786,5.676806,77.292274,120.38818,7.607131,-55.365562,201.60675,0.16000856,22.779285,0.018,58,764.40656
8/23/2026 9:44,41841.723,43738.555,28.584354,23.89959,1.0191535,28.43006,5.6210203,76.44825,119.0836,7.598475,-54.860115,206.76135,0.04056297,22.729448,0.027,58,764.40656
8/23/2026 10:14,41252.8,43247.07,28.22286,24.240778,1.0189197,28.110596,5.555294,75.203,117.17222,7.569391,-53.167343,242.05685,0.044000417,22.585688,0.027,58,764.40656
8/23/2026 10:44,39097.723,41164.637,26.709873,25.576937,1.0178342,26.757015,5.136521,68.66156,107.018394,7.4573617,-46.715736,192.68512,0.29753634,22.371159,0.009,58,764.40656
8/23/2026 11:14,34599.043,36634.36,23.465256,28.902534,1.0154567,23.812334,5.0929427,66.46997,103.65019,7.381178,-42.31453,272.5792,0.36958015,22.091225,0.018,58,764.40656
8/23/2026 11:44,27060.27,28843.1,18.02501,36.954548,1.0114342,18.748014,5.4262195,68.20124,106.40618,7.2896814,-37.04071,264.0295,0.4731995,21.763805,0.009,58,764.40656
8/23/2026 12:14,19658.041,20942.71,12.701627,50.86977,1.0074137,13.612762,5.525841,67.36548,105.09811,7.14774,-28.934479,224.67613,0.115858935,21.788372,0.009,58,764.40656
8/23/2026 12:44,15009.8125,15859.336,9.391856,66.623085,1.0048206,10.308569,5.508745,66.384125,103.49868,7.0473576,-23.231506,203.9051,0.34501615,22.195488,0.009,58,764.40656
8/23/2026 13:14,10845.025,11385.527,6.5650935,92.208176,1.0026143,7.400593,5.697723,67.95354,105.8896,6.9919386,-20.11776,235.87704,0.07284446,22.514519,0.018,58,764.40656
8/23/2026 13:44,7770.422,8091.5205,4.548292,128.69315,1.0009964,5.2594886,6.027867,71.60626,111.5047,6.9657183,-18.672943,255.21756,0.51240635,22.922338,0.009,58,764.40656
8/23/2026 14:14,4917.3486,5082.895,2.7676795,203.36162,0.99956375,3.3038816,6.475771,76.67751,119.324905,6.975646,-19.254684,292.17242,0.4525786,23.294802,0.027,58,764.40656
8/23/2026 14:44,3400.9575,3483.815,1.8530657,294.03485,0.998761,2.2644799,6.4769044,76.94946,119.65094,6.93456,-16.970634,295.58658,0.76163065,23.754791,0.027,58,764.40656
8/23/2026 15:14,2457.1582,2497.1396,1.3033108,406.9742,0.9982451,1.6231408,6.4139757,76.54079,118.928024,6.9105577,-15.640259,298.5716,0.7074857,24.161732,0.036,58,764.40656
8/23/2026 15:44,2053.3901,2071.7913,1.0706098,486.9995,0.9979756,1.3466644,6.307273,75.689705,117.524666,6.864694,-13.0701065,318.89438,0.8119718,24.534988,0.045,58,764.40656
8/23/2026 16:14,2284.6538,2297.0586,1.1935076,437.70306,0.99802184,1.4930881,6.3133826,76.071495,118.07716,6.8551006,-12.536049,335.6886,0.80148387,24.717262,0.045,58,764.40656
8/23/2026 16:44,20761.914,20171.53,12.222044,48.165115,1.0057911,13.111494,7.944584,105.26486,162.80537,7.5852604,-54.798126,226.37845,0.39365384,26.53237,0.063,58,764.40656
8/23/2026 17:14,32774.266,31641.387,20.023108,30.511744,1.0115209,20.566902,8.037547,111.93076,172.99109,7.8025966,-67.49153,269.2461,0.04357098,26.87454,0.081,58,764.40656
8/23/2026 17:44,37532.492,36522.49,23.459528,26.643581,1.0142217,23.739618,7.952456,112.08465,173.38344,7.822573,-68.55488,230.66043,0.14659227,26.447868,0.081,58,764.40656
8/23/2026 18:14,39255.562,38506.92,24.8715,25.474096,1.0154097,25.0295,7.740027,109.15558,169.00072,7.8144794,-67.98744,269.36053,0.19623248,26.01789,0.072,58,764.40656
8/23/2026 18:44,40291.117,39844.848,25.82644,24.819366,1.0162551,25.89915,7.5005107,105.56505,163.58244,7.802083,-67.17205,245.00847,0.41618755,25.586395,0.063,58,764.40656
8/23/2026 19:14,41561.473,41635.03,27.107718,24.060745,1.0174189,27.06277,7.1205335,99.77225,154.80943,7.7787113,-65.67001,228.98674,0.22769254,24.9075,0.045,58,764.40656
8/23/2026 19:44,42194.633,42714.14,27.879723,23.699697,1.0181588,27.76419,6.5035295,90.66728,140.82547,7.728831,-62.675476,247.93625,0.28032148,24.363226,0.045,58,764.40656
8/23/2026 20:14,42095.332,42792.473,27.931875,23.755604,1.0182606,27.815107,6.3788977,88.62113,137.702,7.718775,-62.05082,262.06018,0.40514252,24.147058,0.036,58,764.40656
8/23/2026 20:44,42529.117,43321.133,28.314148,23.513302,1.0185789,28.158735,6.3142424,87.75512,136.38222,7.705817,-61.28311,248.96622,0.5122029,24.042805,0.036,58,764.40656
8/23/2026 21:14,42432.41,43207.035,28.231499,23.56689,1.0185112,28.084574,6.0338683,83.84585,130.30237,7.6804066,-59.82399,228.53851,0.5918725,24.06135,0.036,58,764.40656
8/23/2026 21:44,41910.65,42593.223,27.787395,23.860285,1.0181475,27.685595,6.001663,83.33145,129.47946,7.670371,-59.26609,225.58212,0.35691768,24.160973,0.036,58,764.40656
8/23/2026 22:14,40276.773,40799.098,26.491796,24.828205,1.0171225,26.519413,5.683249,78.55866,122.02576,7.589023,-54.61216,199.27979,0.19122994,24.329723,0.036,58,764.40656
8/23/2026 22:44,38541.027,38917.082,25.141138,25.946377,1.0160584,25.296103,5.175262,71.19102,110.5479,7.455428,-46.93985,166.62598,0.3504077,24.494083,0.045,58,764.40656
8/23/2026 23:14,33823.887,34083.773,21.709953,29.564905,1.0134478,22.154451,4.992483,67.47041,104.74957,7.318227,-39.043427,169.59668,0.039302625,24.600788,0.045,58,764.40656
8/23/2026 23:44,25902.885,26134.26,16.208664,38.60574,1.0093356,16.987268,4.8352413,63.25354,98.214554,7.1199107,-27.599335,205.30225,0.05128202,24.536474,0.045,58,764.40656
8/24/2026 0:14,16638.674,16920.842,10.086227,60.100945,1.0048534,10.998548,4.8109245,60.3255,93.73889,6.9882174,-20.017624,273.21814,0.0784871,24.126925,0.036,58,764.40656
8/24/2026 0:44,11752.306,12080.554,7.001835,85.08968,1.0026795,7.8523602,4.529815,55.24569,85.93024,6.888569,-14.371872,284.94836,0.07279273,23.577404,0.036,58,764.40656
8/24/2026 1:14,7592.958,7907.2886,4.4373465,131.70097,1.0009136,5.1397376,4.241167,50.346054,78.39895,6.81858,-10.409355,260.4389,0.037512142,22.918743,0.027,58,764.40656
8/24/2026 1:44,4916.9663,5173.055,2.8192182,203.37744,0.9998152,3.362486,4.1184964,47.970203,74.76352,6.7810516,-8.28743,213.08423,0.041056305,22.40815,0.018,58,764.40656
8/24/2026 2:14,3653.3872,3866.635,2.0687735,273.7186,0.999317,2.5133128,4.0875125,47.136517,73.499954,6.7674074,-7.5149536,252.02751,0.03853403,22.112528,0.009,58,764.40656
8/24/2026 2:44,2973.7998,3162.9912,1.67215,336.2701,0.99907273,2.0559442,4.0544195,46.4296,72.42634,6.755334,-6.8330765,272.5363,0.040528174,21.868372,0.009,58,764.40656
8/24/2026 3:14,2505.0112,2676.5815,1.4016118,399.1998,0.9989187,1.739778,4.0359783,45.946934,71.69918,6.760799,-7.133484,290.3271,0.039120145,21.64395,0.009,58,764.40656
8/24/2026 3:44,2167.445,2326.2842,1.2088528,461.3727,0.9988216,1.5120848,4.04472,45.80067,71.49572,6.7585897,-7.004738,276.97565,0.073986985,21.425123,0.009,58,764.40656
8/24/2026 4:14,1979.9917,2134.2793,1.1039858,505.0526,0.99878854,1.3872815,4.1194386,46.4287,72.49988,6.757313,-6.928444,293.26917,0.040529,21.215166,0.009,58,764.40656
8/24/2026 4:44,1829.6742,1982.1029,1.0212924,546.5454,0.9987787,1.2883669,4.3625827,48.91476,76.41043,6.7542524,-6.752014,308.94757,0.039840236,20.973692,0.009,58,764.40656
8/24/2026 5:14,2135.3088,2317.828,1.2039878,468.31635,0.9989386,1.5065881,4.3374734,48.593555,75.91989,6.7789145,-8.125305,330.99176,0.038877755,20.877186,0.009,58,764.40656
8/24/2026 5:44,40516.145,41998.016,27.332003,24.681519,1.0180894,27.29871,5.329599,72.506004,112.86106,7.532971,-51.178932,291.88156,0.28984374,23.15265,0.018,58,764.40656
8/24/2026 6:14,41722.58,43181.406,28.192526,23.967838,1.0187175,28.067913,5.433549,74.39172,115.78056,7.5907083,-54.507256,293.04504,0.03830791,23.23122,0.027,58,764.40656
8/24/2026 6:44,41940.824,43437.855,28.378145,23.843117,1.0188677,28.234608,5.4370418,74.472404,115.91333,7.601206,-55.103302,293.1881,0.03481215,23.195616,0.027,58,764.40656
8/24/2026 7:14,41917.7,43399.297,28.35053,23.856272,1.018842,28.209543,5.4782033,75.046844,116.80398,7.612613,-55.761337,274.43884,2.6182096,23.212631,0.027,58,764.40656
8/24/2026 7:44,41908.2,43357.89,28.321362,23.86168,1.0188097,28.182629,5.6393204,77.291405,120.28975,7.6282725,-56.667328,268.8122,0.036172934,23.24945,0.027,58,764.40656
8/24/2026 8:14,42128.188,43515.32,28.438063,23.737076,1.0188748,28.284958,5.80628,79.74832,124.09581,7.6533246,-58.12168,271.1773,0.030531412,23.331053,0.027,58,764.40656
8/24/2026 8:44,42346.273,43639.54,28.531544,23.614828,1.0189123,28.3657,6.042704,83.212585,129.45993,7.677242,-59.518814,277.19974,0.032838203,23.44842,0.027,58,764.40656
8/24/2026 9:14,42351.56,43553.375,28.47148,23.611881,1.0188367,28.309694,6.094738,84.0584,130.75119,7.676205,-59.480667,271.57306,0.030171718,23.555283,0.027,58,764.40656
8/24/2026 9:44,42388.133,43541.72,28.464434,23.591509,1.018815,28.302116,5.7684083,79.63509,123.8582,7.6289716,-56.777,236.93085,0.030544963,23.612886,0.027,58,764.40656
8/24/2026 10:14,42365.566,43404.77,28.367989,23.604074,1.0187043,28.2131,5.99642,82.93166,128.95476,7.657878,-58.465004,215.56854,0.79214233,23.746487,0.036,58,764.40656
8/24/2026 10:44,42187.57,43205.56,28.223455,23.703665,1.0185894,28.083612,5.8063107,80.263954,124.802155,7.6216626,-56.385994,217.25655,0.03775813,23.76641,0.036,57,764.40656
8/24/2026 11:14,41557.832,42588.195,27.773932,24.062853,1.0182595,27.682327,5.3895154,74.266716,115.48392,7.5700316,-53.41053,181.66064,0.037311133,23.733318,0.036,57,764.40656
8/24/2026 11:44,40877.234,41944.695,27.305767,24.463495,1.017925,27.264051,5.1705914,70.97623,110.38015,7.5018992,-49.48139,173.74515,0.031953666,23.667582,0.036,57,764.40656
8/24/2026 12:14,38969.543,40045.22,25.933285,25.661066,1.0169106,26.029392,4.965516,67.53683,105.04509,7.443796,-46.129227,229.62094,0.033168145,23.593636,0.027,57,764.40656
8/24/2026 12:44,33112.914,34030.793,21.657318,30.199697,1.0136905,22.120014,4.7118206,62.52304,97.24774,7.267113,-35.972595,190.25327,0.053512484,23.587852,0.027,57,764.40656
8/24/2026 13:14,20259.107,20683.432,12.547582,49.360516,1.0067532,13.444231,4.875579,61.77668,96.02885,7.0315685,-22.45903,173.69748,0.03541825,23.925909,0.036,57,764.40656
8/24/2026 13:44,16764.375,17017.234,10.149066,59.6503,1.0048754,11.061203,4.9829364,62.61328,97.276924,6.920392,-16.198158,217.8669,0.037884556,24.222044,0.036,57,764.40656
8/24/2026 14:14,14949.35,15060.205,8.89065,66.89254,1.003828,9.789133,5.1110587,64.22049,99.70138,6.8980637,-14.958382,225.45337,0.039830722,24.614616,0.045,57,764.40656
8/24/2026 14:44,13847.361,13838.563,8.113483,72.21593,1.003134,8.995067,5.2220845,65.82365,102.1093,6.8711357,-13.456345,220.71838,0.105864026,25.033283,0.054,57,764.40656
8/24/2026 15:14,12703.898,12592.392,7.3272614,78.715996,1.0024292,8.185055,5.419117,68.53341,106.22428,6.858755,-12.774467,245.20874,0.08207876,25.463617,0.063,57,764.40656
8/24/2026 15:44,11718.095,11529.364,6.6622467,85.338104,1.0018244,7.4940867,5.6522803,71.71922,111.075584,6.8607283,-12.9032135,260.13852,0.50201756,25.857046,0.072,57,764.40656
8/24/2026 16:14,10735.044,10504.071,6.0260267,93.152855,1.0012678,6.8276463,5.9896507,76.12783,117.83349,6.873187,-13.623238,258.4171,0.39853746,26.151247,0.072,57,764.40656
8/24/2026 16:44,10000.538,9753.662,5.563898,99.99462,1.000874,6.3398805,6.3907313,81.266785,125.74307,6.884547,-14.2765045,269.52744,0.58777314,26.32519,0.09,57,764.40656
8/24/2026 17:14,18830.482,18233.436,10.949066,53.105385,1.004788,11.851733,8.0901375,106.77026,165.07106,7.3797855,-42.89627,283.37003,0.90685576,26.71438,0.072,57,764.40656
8/24/2026 17:44,42989.375,42454.86,27.716837,23.261562,1.0176545,27.59566,9.85136,140.32182,217.40987,8.012286,-79.35524,262.84695,0.44141364,25.659174,0.063,57,764.40656
8/24/2026 18:14,43277.734,43082.51,28.165886,23.10657,1.0181181,28.003632,8.696657,123.29364,191.18486,7.9371715,-74.90158,259.552,0.5945656,25.237246,0.063,57,764.40656
8/24/2026 18:44,43301.285,43433.598,28.413782,23.094004,1.018422,28.23184,7.974141,112.43753,174.48341,7.875371,-71.2347,244.34567,0.69816816,24.84051,0.054,57,764.40656
8/24/2026 19:14,43149.496,43355.52,28.354963,23.175241,1.018404,28.181087,7.837541,110.30367,171.20097,7.872766,-71.06304,253.06226,0.94095105,24.75121,0.054,57,764.40656
8/24/2026 19:44,42966.918,43391.355,28.3754,23.27372,1.0184963,28.204382,7.286392,102.09111,158.53246,7.8252244,-68.25924,249.17126,1.0648981,24.487873,0.045,57,764.40656
8/24/2026 20:14,42898.027,43334,28.333279,23.311094,1.0184689,28.1671,7.2917886,102.11618,158.5757,7.832561,-68.678856,247.7026,1.2210755,24.47326,0.045,57,764.40656
8/24/2026 20:44,42917.74,43360.547,28.352453,23.300388,1.0184854,28.184355,7.1429825,100.02949,155.33757,7.8115835,-67.46769,262.21753,0.68376464,24.465326,0.045,57,764.40656
8/24/2026 21:14,42615.55,43296.688,28.299435,23.465612,1.0185292,28.142847,6.6257277,92.29166,143.3977,7.764453,-64.68773,264.89258,0.88476574,24.176342,0.036,57,764.40656
8/24/2026 21:44,42457.594,43222.53,28.243063,23.552914,1.0185163,28.094646,6.403447,89.00624,138.31894,7.7412376,-63.328743,238.46626,0.6476248,24.073423,0.036,57,764.40656
8/24/2026 22:14,42316.945,43048.184,28.117022,23.631195,1.0184107,27.98132,6.3331175,88.02248,136.78087,7.7368765,-63.085556,209.3029,0.7886786,24.110655,0.036,57,764.40656
8/24/2026 22:44,42149.336,42871.516,27.988688,23.725166,1.0183117,27.866486,6.3238115,87.83981,136.49518,7.727658,-62.556267,213.27972,0.8761417,24.118052,0.027,57,764.40656
8/24/2026 23:14,41116.47,41989.29,27.343643,24.321156,1.0178844,27.29304,5.911176,81.50945,126.70573,7.6367617,-57.282448,248.7898,0.58524317,23.91169,0.036,57,764.40656
8/24/2026 23:44,38918.44,39803.312,25.764511,25.69476,1.0167152,25.872154,5.6619563,77.26522,120.12444,7.5416117,-51.794052,196.99573,0.56592315,23.836067,0.036,57,764.40656
8/25/2026 0:14,34717.707,35551.895,22.73251,28.803745,1.0144494,23.108732,5.3988767,72.320496,112.44987,7.3832088,-42.672157,187.10136,0.3921266,23.771523,0.036,57,764.40656
8/25/2026 0:44,29504.166,30253.637,19.02527,33.89352,1.0116787,19.664864,5.411368,70.87418,110.21452,7.256588,-35.381317,250.21075,0.53634775,23.702991,0.027,57,764.40656
8/25/2026 1:14,24451.111,25159.336,15.538185,40.897938,1.0091051,16.353569,5.199872,66.54067,103.508026,7.1407905,-28.705597,251.12628,0.24235667,23.526197,0.027,57,764.40656
8/25/2026 1:44,19685.238,20414.809,12.364509,50.799488,1.0068235,13.269626,4.855821,60.572086,94.2889,7.02082,-21.781921,214.66255,0.27120602,23.128939,0.027,57,764.40656
8/25/2026 2:14,16309.941,17053.432,10.164642,61.312298,1.0052735,11.084731,4.5768156,55.944355,87.1464,6.9332376,-16.83712,230.08347,0.16328593,22.717402,0.018,57,764.40656
8/25/2026 2:44,14111.133,14854.287,8.749733,70.866035,1.0042919,9.655287,4.431148,53.38545,83.20719,6.892325,-14.52446,237.40292,0.31592655,22.380648,0.018,57,764.40656
8/25/2026 3:14,12364.011,13100.403,7.636425,80.879906,1.0035316,8.515262,4.3063006,51.234425,79.89705,6.8645935,-12.955666,215.96432,0.17361335,22.056995,0.009,57,764.40656
8/25/2026 3:44,10890.786,11615.5,6.7052603,91.82074,1.0029063,7.550075,4.144859,48.747517,76.05858,6.8350105,-11.286736,213.23204,0.15182449,21.733402,0.009,57,764.40656
8/25/2026 4:14,9609.174,10312.443,5.8975735,104.06722,1.0023679,6.7030883,4.0326376,46.93206,73.261314,6.8207116,-10.476112,198.25935,0.06535045,21.42952,0.009,57,764.40656
8/25/2026 4:44,8687.879,9377.432,5.32372,115.10289,1.0019982,6.0953307,4.010019,46.263725,72.24956,6.8029523,-9.474754,204.61082,0.08461972,21.150095,0.009,57,764.40656
8/25/2026 5:14,7688.403,8352.276,4.7006702,130.06602,1.0015973,5.42898,3.9826264,45.50569,71.09977,6.797831,-9.179115,231.07053,0.0753183,20.83853,0.009,57,764.40656
8/25/2026 5:44,6942.8623,7582.374,4.2372227,144.03282,1.0013028,4.928543,3.900855,44.231377,69.13532,6.7888165,-8.6689,231.29463,0.040524106,20.584196,0.009,57,764.40656
8/25/2026 6:14,9915.659,10883.075,6.244949,100.85058,1.002875,7.073999,4.113748,46.979565,73.45694,6.7969937,-9.117126,243.51596,0.30764452,20.34598,0,57,764.40656
8/25/2026 6:44,41000.555,42861.71,27.946924,24.389914,1.0186721,27.860113,5.452245,73.875916,115.07721,7.57627,-53.58696,243.55888,0.040877506,22.726578,0.018,57,764.40656
8/25/2026 7:14,41712.395,43485.375,28.40387,23.97369,1.0189792,28.265493,5.7254543,77.97586,121.43518,7.6371207,-57.10125,282.5451,0.035398666,22.865345,0.018,57,764.40656
8/25/2026 7:44,41943.91,43612.508,28.499973,23.841364,1.0190153,28.348131,5.921725,80.88275,125.9339,7.662197,-58.56514,265.03564,0.035103742,22.99688,0.027,57,764.40656
8/25/2026 8:14,41976.81,43532.08,28.444977,23.822678,1.0189368,28.29585,6.034185,82.58672,128.55763,7.679105,-59.56173,260.88715,0.034291115,23.129478,0.018,57,764.40656
8/25/2026 8:44,42142.266,43666.47,28.543968,23.729147,1.0189995,28.383205,6.1703887,84.563446,131.6249,7.6918306,-60.300827,262.5227,0.03396014,23.172483,0.027,57,764.40656
8/25/2026 9:14,42227.918,43655.8,28.539234,23.681017,1.0189635,28.37627,6.4059744,87.96876,136.89798,7.717664,-61.807632,272.97974,0.033754513,23.287552,0.027,57,764.40656
8/25/2026 9:44,42297.895,43651.848,28.53865,23.641838,1.0189382,28.373701,6.3777385,87.71777,136.4863,7.7036448,-61.02085,267.04788,0.033550195,23.376066,0.027,57,764.40656
8/25/2026 10:14,42275.05,43529.348,28.452372,23.654613,1.0188404,28.294075,6.5219245,89.838875,139.75838,7.717671,-61.850548,255.75162,0.03342141,23.491364,0.027,57,764.40656
8/25/2026 10:44,42543.31,43628.95,28.530083,23.505459,1.0188406,28.358818,6.386911,88.338036,137.37352,7.701915,-60.987473,185.67563,0.035485584,23.6972,0.027,57,764.40656
8/25/2026 11:14,42776.234,43617.297,28.528702,23.377466,1.0187558,28.351244,6.6285443,92.15224,143.2295,7.712715,-61.66935,248.81839,0.030052349,23.990427,0.036,57,764.40656
8/25/2026 11:44,42808.64,43322.04,28.322487,23.35977,1.0184878,28.159325,6.443139,90.07895,139.90744,7.6702766,-59.304237,256.33334,0.029124204,24.37954,0.036,57,764.40656
8/25/2026 12:14,41755.09,42308.203,27.58382,23.949177,1.0179496,27.500332,5.940815,82.61334,128.32729,7.5768204,-53.90644,181.39362,0.026511025,24.315527,0.045,57,764.40656
8/25/2026 12:44,39864.645,40495.86,26.270119,25.084885,1.0169975,26.32231,5.630237,77.5287,120.45816,7.4870753,-48.713684,163.52654,0.036590453,24.183918,0.045,57,764.40656
8/25/2026 13:14,34772.574,35386.086,22.62065,28.758297,1.0142756,23.000956,5.455039,73.44328,114.12962,7.3405857,-40.26413,183.62045,0.03762256,24.09227,0.036,57,764.40656
8/25/2026 13:44,24374.775,24808.443,15.306264,41.02602,1.0087816,16.125488,5.1792984,66.861694,103.90337,7.1247787,-27.837753,185.05096,0.04025103,24.084782,0.036,57,764.40656
8/25/2026 14:14,22561.92,22932.307,14.045439,44.322468,1.0078166,14.906,5.199778,66.7275,103.681656,7.0592546,-24.07074,217.81921,0.038478248,24.15438,0.036,57,764.40656
8/25/2026 14:44,20252.984,20453.857,12.399277,49.37544,1.0064927,13.295008,5.3236866,68.08435,105.72539,7.021902,-21.944046,223.8369,0.31806424,24.485825,0.045,57,764.40656
8/25/2026 15:14,18212.656,18283.19,10.974913,54.90687,1.0053408,11.884073,5.4312396,69.28754,107.53081,7.001261,-20.775795,207.76749,0.040612016,24.79802,0.045,57,764.40656
8/25/2026 15:44,16231.486,16225.358,9.640387,61.608654,1.0042813,10.546483,5.5291114,70.28345,109.03041,6.970124,-19.054413,191.55978,0.1411359,25.01977,0.036,57,764.40656
8/25/2026 16:14,14737.76,14646.666,8.62846,67.85292,1.0034407,9.520333,5.6773014,72.150246,111.86036,6.9609356,-18.553734,234.66586,0.05218528,25.325623,0.063,57,764.40656
8/25/2026 16:44,14007.087,13870.459,8.13484,71.39243,1.0030196,9.015799,5.931433,75.426575,116.89646,6.960138,-18.520355,223.14548,0.100036025,25.51572,0.063,57,764.40656
8/25/2026 17:14,13245.957,13128.853,7.665258,75.494736,1.0026814,8.533754,6.0123343,76.18575,118.08433,6.9720607,-19.192696,243.9642,0.24029697,25.466995,0.054,57,764.40656
8/25/2026 17:44,12388.51,12323.088,7.157785,80.719955,1.0023525,8.010007,6.251633,78.72219,122.0607,6.975729,-19.388199,191.57886,0.22794631,25.277952,0.054,57,764.40656
8/25/2026 18:14,25232.07,25346.854,15.676155,39.632103,1.0088738,16.475456,6.662191,87.241356,135.40321,7.3502493,-40.91263,220.3703,0.5360162,24.762907,0.054,57,764.40656
8/25/2026 18:44,42764.496,43307.996,28.31144,23.383884,1.0184902,28.150198,7.2346587,101.0738,156.99486,7.841192,-69.14616,242.70535,0.5939467,24.34295,0.036,57,764.40656
8/25/2026 19:14,43063.207,43691.31,28.588692,23.22168,1.018727,28.399351,7.1737084,100.214485,155.6875,7.838184,-68.95065,255.0602,0.7106466,24.247334,0.045,57,764.40656
8/25/2026 19:44,43055.87,43733.574,28.618158,23.225636,1.0187662,28.426823,7.080005,98.82099,153.53917,7.820289,-67.90638,229.43973,0.9740334,24.18868,0.036,57,764.40656
8/25/2026 20:14,42964.367,43729.957,28.613052,23.2751,1.0187926,28.424473,6.948135,96.79943,150.4271,7.796358,-66.50448,236.31573,1.2536315,24.083391,0.036,57,764.40656
8/25/2026 20:44,42968.695,43804.094,28.665188,23.272757,1.0188556,28.472662,6.8027124,94.66613,147.1338,7.778783,-65.47451,241.74213,1.1155673,24.001507,0.036,57,764.40656
8/25/2026 21:14,42884.08,43807.477,28.665121,23.318678,1.0188856,28.474861,6.575415,91.334625,141.98279,7.756727,-64.18228,261.03973,0.65781313,23.89641,0.036,57,764.40656
8/25/2026 21:44,42891.168,43851.05,28.695871,23.314823,1.018921,28.503183,6.475693,89.89846,139.76091,7.742465,-63.352585,235.54324,0.9049607,23.853947,0.036,57,764.40656
8/25/2026 22:14,42838.28,43794.555,28.65473,23.343607,1.0188891,28.466461,6.4128866,89.00988,138.37878,7.738145,-63.10463,267.4389,0.98185694,23.856783,0.036,57,764.40656
8/25/2026 22:44,42777.6,43799.88,28.656687,23.37672,1.018913,28.469921,6.064878,84.06432,130.70866,7.7119064,-61.57875,211.04813,1.22053,23.778027,0.036,57,764.40656
8/25/2026 23:14,42680.39,43781.797,28.64114,23.429964,1.0189284,28.458168,6.03072,83.44397,129.76608,7.69981,-60.863495,218.17685,0.7863034,23.682896,0.036,57,764.40656
8/25/2026 23:44,42519.703,43757.16,28.619062,23.518509,1.0189583,28.442154,5.7048097,78.69753,122.42023,7.649612,-57.94525,214.50519,0.44244036,23.519363,0.027,57,764.40656
8/26/2026 0:14,42081.168,43435.49,28.380877,23.7636,1.0188214,28.233068,5.3780518,73.88997,114.97234,7.5752454,-53.64418,243.59225,0.39847,23.367535,0.027,57,764.40656
8/26/2026 0:44,40167.75,41604.582,27.048365,24.895594,1.0178642,27.042978,5.1845903,70.46703,109.67981,7.4906545,-48.7566,255.88036,0.46525723,23.191864,0.027,57,764.40656
8/26/2026 1:14,36387.6,37820.074,24.328066,27.481888,1.0158595,24.583048,4.9146867,65.55257,102.0614,7.3697224,-41.79001,266.02747,0.15200633,23.016966,0.027,57,764.40656
8/26/2026 1:44,31907.758,33280.74,21.118673,31.340342,1.0134871,21.632479,4.7068624,61.430977,95.67322,7.2513123,-34.976006,230.89886,0.2407369,22.84008,0.027,57,764.40656
8/26/2026 2:14,27823.783,29142.533,18.244001,35.940475,1.0113764,18.942648,4.527173,57.890663,90.191414,7.1467967,-28.963089,229.9118,0.3715824,22.6308,0.018,57,764.40656
8/26/2026 2:44,24727.254,26014.26,16.104609,40.441208,1.009822,16.90927,4.369446,54.962395,85.66089,7.059473,-23.941994,180.36842,0.2653538,22.409784,0.018,57,764.40656
8/26/2026 3:14,22031.1,23305.523,14.276684,45.39038,1.0085142,15.14859,4.149246,51.382042,80.11679,7.005839,-20.852089,188.9801,0.18142003,22.136997,0.018,57,764.40656
8/26/2026 3:44,19926.924,21191.045,12.866733,50.18336,1.0075164,13.774179,4.037067,49.344788,76.97277,6.961273,-18.35823,183.16745,0.14635321,21.876778,0.009,57,764.40656
8/26/2026 4:14,17931.85,19180.762,11.54091,55.766697,1.0065866,12.467496,3.8829074,46.843365,73.10421,6.9363456,-16.946793,174.6416,0.09488416,21.590954,0.009,57,764.40656
8/26/2026 4:44,16874.344,18133.242,10.855502,59.261562,1.0061239,11.786608,3.7983887,45.446533,70.94958,6.9014974,-14.986992,162.75406,0.046394993,21.36519,0,57,764.40656
8/26/2026 5:14,14976.893,16178.265,9.589498,66.76952,1.0052283,10.515873,3.7269862,44.051144,68.79824,6.885839,-14.100075,161.79085,0.085441165,21.112127,0,57,764.40656
8/26/2026 5:44,14356.868,15583.484,9.206361,69.653076,1.0049932,10.129265,3.5810528,42.04341,65.686134,6.8564577,-12.450218,208.17757,0.19753775,20.878923,0,57,764.40656
8/26/2026 6:14,12862.354,14033.261,8.2177305,77.74627,1.0043029,9.121619,3.5249238,40.949993,64.00184,6.8603253,-12.655258,212.06378,0.18593326,20.63152,0,57,764.40656
8/26/2026 6:44,11967.315,13148.237,7.6570725,83.56093,1.003954,8.546354,3.4262724,39.417423,61.637245,6.848419,-11.978149,244.11679,0.552635,20.297594,0,57,764.40656
8/26/2026 7:14,39961.566,41873.027,27.227633,25.024044,1.0181605,27.217468,5.4147596,72.91066,113.59591,7.5373535,-51.33629,256.0663,3.093403,22.61,0.009,57,764.40656
8/26/2026 7:44,42080.43,43800.348,28.63532,23.764015,1.0191324,28.470226,5.9403315,81.12427,126.32135,7.6608825,-58.47931,259.22775,0.034840934,22.944128,0.018,57,764.40656
8/26/2026 8:14,42180.504,43826.56,28.656853,23.707636,1.0191236,28.487263,6.082627,83.20997,129.54918,7.6850924,-59.88598,172.79147,0.03282245,23.033594,0.027,57,764.40656
8/26/2026 8:44,42382.734,43942.26,28.744114,23.594513,1.0191593,28.56247,6.2366257,85.523766,133.12668,7.7015767,-60.85396,209.6796,0.032208975,23.141863,0.018,57,764.40656
8/26/2026 9:14,42414.63,43884.08,28.704496,23.57677,1.0190998,28.524652,6.432316,88.35121,137.50288,7.724622,-62.19864,254.4117,0.02905168,23.246868,0.027,57,764.40656
8/26/2026 9:44,42541.63,43930.203,28.740717,23.506388,1.0190996,28.554632,6.530732,89.87756,139.8544,7.7353883,-62.8376,263.6814,0.032097194,23.345098,0.027,57,764.40656
8/26/2026 10:14,42616.61,43912.453,28.73063,23.465029,1.0190609,28.543095,6.526672,89.99079,140.00365,7.739133,-63.07602,259.59015,0.03287019,23.454988,0.027,57,764.40656
8/26/2026 10:44,42806.453,43987.445,28.788895,23.360964,1.0190653,28.591839,6.746367,93.27987,145.08498,7.753466,-63.929558,273.94293,0.032860197,23.594326,0.027,57,764.40656
8/26/2026 11:14,42890.87,43940.258,28.758379,23.314985,1.018998,28.561167,6.657229,92.282936,143.49474,7.7459197,-63.529015,215.89279,0.03156184,23.749626,0.036,57,764.40656
8/26/2026 11:44,43267.812,43962.977,28.785192,23.111868,1.0188969,28.575935,6.776911,94.65361,147.06871,7.738803,-63.209534,233.46423,0.03320839,24.17212,0.036,57,764.40656
8/26/2026 12:14,43601.023,43879.875,28.735758,22.935242,1.0187155,28.52192,6.7203465,94.64876,146.92635,7.719042,-62.174797,226.52148,0.029092383,24.667284,0.045,57,764.40656
8/26/2026 12:44,43856.65,43786.723,28.676577,22.80156,1.0185481,28.46137,6.499236,92.16446,142.95685,7.6458917,-58.03585,236.82594,0.031951036,25.083609,0.054,57,764.40656
8/26/2026 13:14,42641,42380.215,27.65639,23.451607,1.0177095,27.54714,6.2579427,88.59244,137.35294,7.570944,-53.749084,262.25568,0.028518656,25.322168,0.054,57,764.40656
8/26/2026 13:44,37833.344,37564.844,24.188261,26.431711,1.015087,24.41715,5.803362,80.62668,124.99022,7.403881,-44.0979,181.80371,0.03554784,25.374222,0.063,57,764.40656
8/26/2026 14:14,32911.54,32647.312,20.71224,30.38448,1.0124636,21.220753,5.62134,76.63801,118.79538,7.2716746,-36.45897,183.62045,0.038354047,25.423737,0.054,57,764.40656
8/26/2026 14:44,28911.006,28654.324,17.940834,34.588905,1.0103731,18.62531,5.5363617,74.36143,115.256256,7.170597,-30.617714,187.3541,0.04035195,25.468998,0.054,57,764.40656
8/26/2026 15:14,26532.729,26215.059,16.27241,37.6893,1.0090762,17.039787,5.5355883,73.86629,114.451546,7.1114783,-27.213097,172.96791,0.08195737,25.634441,0.063,57,764.40656
8/26/2026 15:44,23874.7,23473.209,14.419487,41.885345,1.0076154,15.257586,5.5995655,74.28183,115.03558,7.066699,-24.642944,166.65459,0.37229884,25.895502,0.072,57,764.40656
8/26/2026 16:14,21685.781,21182.14,12.890446,46.113163,1.0063726,13.768392,5.591479,73.99097,114.50414,7.031341,-22.621155,176.12933,0.144823,26.24485,0.072,57,764.40656
8/26/2026 16:44,20316.258,19793.69,11.972173,49.221664,1.0056473,12.865898,5.624281,74.22042,114.82688,7.001987,-20.928383,188.71307,0.23456176,26.382244,0.072,57,764.40656
8/26/2026 17:14,18439.99,17910.984,10.73813,54.229965,1.0046786,11.64214,5.7058997,74.99312,115.98297,6.988455,-20.194054,223.79398,0.2504943,26.54635,0.072,57,764.40656
8/26/2026 17:44,18079.4,17538.623,10.495741,55.31157,1.0044782,11.400105,5.7554207,75.63138,116.95355,6.9722733,-19.278526,260.6678,0.2554755,26.61432,0.081,57,764.40656
8/26/2026 18:14,16078.658,15611.156,9.248988,62.194244,1.0035603,10.147251,5.9260902,77.26748,119.49511,6.99472,-20.551682,255.56088,0.32210013,26.567892,0.063,57,764.40656
8/26/2026 18:44,14835.662,14513.744,8.545496,67.40515,1.0031489,9.433934,6.0872974,78.48849,121.48495,7.0242124,-22.201538,253.973,0.52802616,26.161268,0.072,57,764.40656
8/26/2026 19:14,40726.15,40770.55,26.483028,24.554249,1.0169384,26.500858,8.573284,119.77474,185.83331,7.9035196,-72.88456,258.317,0.42967653,24.942978,0.054,57,764.40656
8/26/2026 19:44,42399.926,42691.81,27.86944,23.584948,1.0180701,27.749676,8.339756,116.82551,181.36063,7.9159546,-73.52829,242.22374,0.64082986,24.642046,0.054,57,764.40656
8/26/2026 20:14,43073.92,43596.42,28.522335,23.215902,1.0186406,28.337675,7.641651,106.9439,166.10364,7.8746643,-71.082115,194.60202,0.64466333,24.37252,0.036,57,764.40656
8/26/2026 20:44,43289.848,43903.562,28.744055,23.100105,1.0188379,28.537315,7.289374,101.95796,158.39003,7.827175,-68.32123,219.1019,0.6990131,24.268133,0.045,57,764.40656
8/26/2026 21:14,43253.484,43925.945,28.75877,23.119524,1.0188694,28.551865,7.2127953,100.77272,156.56876,7.822817,-68.0542,242.23328,0.3088908,24.198484,0.036,57,764.40656
8/26/2026 21:44,43232.01,44008.332,28.816034,23.131008,1.0189478,28.605415,6.898835,96.21278,149.51736,7.79506,-66.428185,245.32318,0.6349906,24.076426,0.036,57,764.40656
8/26/2026 22:14,43159.453,43999.285,28.807606,23.169895,1.0189632,28.599537,6.8524356,95.4345,148.32828,7.7932835,-66.308975,255.58948,0.5081505,24.00066,0.036,57,764.40656
8/26/2026 22:44,43188.89,44030.44,28.830317,23.154102,1.0189807,28.619787,6.8185,94.97214,147.61,7.7937026,-66.33282,261.7073,0.62127954,23.999321,0.036,57,764.40656
8/26/2026 23:14,43112.957,43988.793,28.798908,23.194883,1.0189689,28.592716,6.758257,94.04731,146.18364,7.7905507,-66.14208,252.96689,0.5492534,23.95757,0.045,57,764.40656
8/26/2026 23:44,43100.465,44014.016,28.816236,23.201607,1.0189948,28.60911,6.4535065,89.74572,139.50853,7.757161,-64.21089,182.12318,0.30089915,23.913301,0.036,57,764.40656
8/27/2026 0:14,42953.01,43979.137,28.787468,23.281254,1.0190117,28.58644,6.1290135,85.0178,132.19106,7.70834,-61.37371,220.37506,0.071905345,23.778425,0.036,57,764.40656
8/27/2026 0:44,42808.727,43968.336,28.775589,23.359724,1.0190482,28.57942,5.5299625,76.48865,118.963135,7.577108,-53.79677,233.45471,0.24502206,23.619175,0.027,57,764.40656
8/27/2026 1:14,42163.684,43379.918,28.3446,23.717093,1.0187474,28.196947,5.3611336,73.85635,114.88682,7.5158997,-50.263405,235.94856,0.03689704,23.532103,0.018,57,764.40656
8/27/2026 1:44,40087.465,41304.254,26.837662,24.945454,1.0176309,26.847765,5.2213893,71.215904,110.794,7.4356155,-45.638084,250.52548,0.09824793,23.457634,0.027,57,764.40656
8/27/2026 2:14,36027.125,37150.754,23.859734,27.756865,1.0153965,24.14799,5.040077,67.52463,105.05892,7.3281517,-39.458275,260.396,0.039099075,23.416485,0.027,57,764.40656
8/27/2026 2:44,31717.365,32759.607,20.762484,31.528471,1.0130858,21.293745,4.836946,63.563824,98.91068,7.2108574,-32.71103,234.69449,0.33359587,23.334301,0.027,57,764.40656
8/27/2026 3:14,28827.162,29863.611,18.7487,34.689507,1.0116106,19.411346,4.556582,59.027195,91.87549,7.1229277,-27.647018,177.86026,0.08384785,23.182926,0.027,57,764.40656
8/27/2026 3:44,27113.531,28168.066,17.58069,36.881954,1.0107696,18.309242,4.345355,55.768147,86.82421,7.0692215,-24.552345,175.2472,0.20519255,23.039934,0.027,57,764.40656
8/27/2026 4:14,25438.195,26506.012,16.444391,39.310966,1.0099535,17.228907,4.184766,53.21099,82.86419,7.025283,-22.02034,179.83914,0.26803115,22.890793,0.027,57,764.40656
8/27/2026 4:44,23918.857,24992.748,15.417497,41.808018,1.0092173,16.245285,4.0163536,50.63697,78.87454,6.985621,-19.779205,176.70154,0.121779725,22.75036,0.009,57,764.40656
8/27/2026 5:14,22188.992,23257.008,14.249043,45.06739,1.0083774,15.117055,3.8369358,47.912453,74.65014,6.9603906,-18.353462,187.33978,0.07927053,22.595692,0.018,57,764.40656
8/27/2026 5:44,21334.492,22413.035,13.68422,46.872456,1.0079814,14.568474,3.6807282,45.714443,71.23923,6.92574,-16.403198,208.29678,0.17466623,22.480562,0.009,57,764.40656
8/27/2026 6:14,19665.33,20722.756,12.561311,50.850914,1.0071743,13.469791,3.6298182,44.66358,69.6192,6.9135547,-15.711784,217.87167,0.0545728,22.328415,0.018,57,764.40656
8/27/2026 6:44,19586.193,20656.334,12.517085,51.056374,1.0071512,13.426617,3.3835278,41.59069,64.83371,6.894619,-14.6484375,224.92409,0.59277433,22.287596,0.009,57,764.40656
8/27/2026 7:14,15813.669,16810.062,10.002045,63.23643,1.0053529,10.92654,3.4468899,41.450962,64.65713,6.897095,-14.767647,228.50037,0.5065768,21.89667,0.018,57,764.40656
8/27/2026 7:44,37922.31,39451.656,25.493221,26.369703,1.0167514,25.643578,6.6757126,89.56806,139.46318,7.5287814,-50.907135,225.15297,0.37657985,22.970411,0.018,57,764.40656
8/27/2026 8:14,41737.586,43128.547,28.15615,23.959219,1.0186675,28.033556,6.6268654,90.83952,141.3596,7.6597023,-58.484077,162.55856,0.6935324,23.311438,0.027,57,764.40656
8/27/2026 8:44,42311.375,43613.94,28.512589,23.634306,1.0189013,28.349062,6.3804345,87.835045,136.65433,7.672221,-59.227943,176.03397,0.079791084,23.436342,0.018,57,764.40656
8/27/2026 9:14,42567.16,43747.04,28.613426,23.492289,1.0189346,28.435575,6.5374956,90.29049,140.43698,7.7028036,-61.016083,218.92072,0.042296585,23.587933,0.027,57,764.40656
8/27/2026 9:44,42798.258,43887.16,28.718437,23.365437,1.0189817,28.526653,6.589725,91.2481,141.89795,7.717657,-61.893463,233.53577,0.03882443,23.700975,0.036,57,764.40656
8/27/2026 10:14,42900.926,43959.33,28.772047,23.30952,1.0190113,28.573565,6.5916386,91.36444,142.06914,7.7229075,-62.203407,279.69836,0.040094506,23.739431,0.036,57,764.40656
8/27/2026 10:44,42862.715,43903.105,28.731518,23.3303,1.018975,28.53702,6.669124,92.44919,143.75076,7.7297163,-62.599182,309.95847,0.03924478,23.759296,0.027,57,764.40656
8/27/2026 11:14,42848.066,43891.92,28.723242,23.338276,1.01897,28.529749,6.708585,92.98441,144.58415,7.7395163,-63.16185,319.00882,0.04180983,23.754847,0.036,57,764.40656
8/27/2026 11:44,42977.19,43966.3,28.779179,23.268156,1.018993,28.578094,6.5454345,90.8596,141.26318,7.7258387,-62.389374,321.39777,0.16601518,23.822147,0.036,57,764.40656
8/27/2026 12:14,43113.246,43921.285,28.751547,23.194727,1.0189105,28.548836,6.6883707,93.17839,144.81224,7.7261324,-62.451363,324.3971,0.03430309,24.036781,0.036,57,764.40656
8/27/2026 12:44,43620.17,43991.227,28.814678,22.925173,1.0188069,28.594297,6.5943065,92.74008,143.99281,7.6860304,-60.248375,325.63208,0.036774095,24.558392,0.045,57,764.40656
8/27/2026 13:14,44095.145,43930.68,28.784061,22.678234,1.0185958,28.554943,6.474818,92.05241,142.75212,7.616965,-56.385994,326.51425,0.03549481,25.196007,0.054,57,764.40656
8/27/2026 13:44,43771.69,43394.094,28.397326,22.845816,1.0182273,28.206161,6.289039,89.613525,138.89984,7.546786,-52.375793,322.4516,0.034907363,25.455582,0.063,57,764.40656
8/27/2026 14:14,41498.18,41181.117,26.788147,24.097443,1.0170325,26.767725,6.0459538,85.28891,132.21034,7.4519596,-46.88263,330.15253,0.038382985,25.403103,0.054,57,764.40656
8/27/2026 14:44,37165.867,37083.06,23.840855,26.906408,1.0149009,24.103987,5.6883016,78.52017,121.785324,7.3190365,-39.157867,330.30032,0.31727123,25.11691,0.054,57,764.40656
8/27/2026 15:14,30896.406,31045.453,19.58724,32.366222,1.0118119,20.179544,5.425965,72.63568,112.73746,7.1942706,-31.909943,318.36032,0.27571613,24.748644,0.054,57,764.40656
8/27/2026 15:44,28886.994,29178.424,18.292059,34.617657,1.0109155,18.965975,5.203207,68.80854,106.85169,7.1253824,-27.909279,296.33044,0.42578888,24.477076,0.045,57,764.40656
8/27/2026 16:14,26981.748,27316.064,17.01262,37.06209,1.0099876,17.755442,5.1530266,67.50661,104.85282,7.0843687,-25.53463,301.68533,0.37075782,24.359224,0.045,57,764.40656
8/27/2026 16:44,24785.275,25150.967,15.539145,40.346535,1.0089146,16.34813,4.9913735,64.70072,100.51694,7.056073,-23.89431,304.53204,0.5025952,24.23875,0.045,57,764.40656
8/27/2026 17:14,23004.004,23373.893,14.341432,43.47069,1.008034,15.19303,5.0905023,65.45597,101.70278,7.038201,-22.859573,318.4843,0.62085843,24.171474,0.036,57,764.40656
8/27/2026 17:44,20668.691,21024.86,12.774841,48.38236,1.0068742,13.666159,5.0316133,64.05405,99.535126,7.011697,-21.328926,318.2268,0.56811374,24.11307,0.036,57,764.40656
8/27/2026 18:14,20387.34,20758.2,12.597948,49.05005,1.0067542,13.492829,4.997641,63.50142,98.68509,7.0038886,-20.87593,311.6703,0.64798516,24.064625,0.036,57,764.40656
8/27/2026 18:44,19670.031,20049.344,12.129466,50.83876,1.0064173,13.032074,4.9928765,63.207657,98.238396,6.990811,-20.155907,321.1403,0.9478285,24.009478,0.036,57,764.40656
8/27/2026 19:14,18117.2,18507.605,11.117029,55.19617,1.0056876,12.029943,5.016178,63.0049,97.94343,6.9808774,-19.58847,339.2601,0.94238955,23.895584,0.027,57,764.40656
8/27/2026 19:44,37008.83,37904.082,24.403034,27.02058,1.0157096,24.637653,6.159609,83.29427,129.5147,7.499715,-49.37172,317.55923,0.66387403,23.763407,0.027,57,764.40656
8/27/2026 20:14,41999.035,42991.508,28.068352,23.81007,1.0184653,27.944479,6.375613,88.09371,136.97052,7.6795273,-59.719086,331.14435,0.63694954,23.791342,0.036,57,764.40656
8/27/2026 20:44,42572.523,43661.54,28.553755,23.489328,1.0188594,28.380001,6.3519125,87.8613,136.63287,7.700185,-60.887337,331.81668,0.6190909,23.694124,0.027,57,764.40656
8/27/2026 21:14,42751.883,43904.027,28.728853,23.390783,1.0190109,28.537619,6.335304,87.614914,136.26619,7.709054,-61.383247,334.32483,0.6535744,23.626055,0.027,56,764.40656
8/27/2026 21:44,42855.457,44051.258,28.835066,23.334251,1.0191046,28.633318,6.2379127,86.248924,134.15295,7.705989,-61.19728,333.06598,0.5168497,23.578762,0.027,56,764.40656
8/27/2026 22:14,42848.61,44110.78,28.87653,23.33798,1.0191578,28.672007,6.1190343,84.510994,131.46758,7.7021985,-60.96363,334.89227,0.19087507,23.5019,0.027,56,764.40656
8/27/2026 22:44,42936.816,44224.832,28.95908,23.290035,1.0192276,28.746141,6.016168,83.0908,129.26437,7.695489,-60.572624,337.8439,0.09214039,23.47517,0.027,56,764.40656
8/27/2026 23:14,42912.895,44210.215,28.948112,23.303019,1.0192227,28.73664,5.9259086,81.822296,127.29354,7.6894712,-60.224533,342.82684,0.3137783,23.463644,0.027,56,764.40656
8/27/2026 23:44,42946.086,44249.74,28.976812,23.28501,1.0192461,28.76233,5.810446,80.23264,124.82184,7.6758823,-59.44252,343.54688,0.15371154,23.457525,0.027,56,764.40656
8/28/2026 0:14,42873.484,44185.39,28.92951,23.32444,1.0192139,28.720503,5.6844106,78.45434,122.05779,7.661483,-58.612823,341.73965,0.37883258,23.4455,0.027,56,764.40656
8/28/2026 0:44,42900.133,44237.87,28.967066,23.309952,1.0192503,28.754616,5.5270405,76.26028,118.6503,7.6301227,-56.80561,336.63272,0.17212665,23.41677,0.036,56,764.40656
8/28/2026 1:14,42770.527,44147,28.899454,23.380587,1.0192131,28.69555,4.893005,67.42711,104.91616,7.484174,-48.413277,321.7268,0.03881396,23.367577,0.027,56,764.40656
8/28/2026 1:44,42526.918,43949.434,28.753693,23.514519,1.0191206,28.567133,4.441858,61.091667,95.06859,7.347424,-40.550232,273.73315,0.032166813,23.305387,0.027,56,764.40656
8/28/2026 2:14,41400.01,42856.594,27.956228,24.154583,1.018542,27.856787,4.357631,59.56865,92.7122,7.296877,-37.636757,265.54108,0.037319425,23.220558,0.027,56,764.40656
8/28/2026 2:44,38366.29,39809.58,25.753021,26.064548,1.0169113,25.876226,4.0868998,55.0454,85.68986,7.2010007,-32.11975,257.31085,0.037980504,23.101841,0.018,56,764.40656
8/28/2026 3:14,33452.75,34793.465,22.183266,29.892908,1.0142514,22.615753,3.8631685,50.861504,79.19297,7.101142,-26.378632,259.94778,0.040284436,22.98254,0.027,56,764.40656
8/28/2026 3:44,29778.766,31045.646,19.561861,33.580975,1.0123079,20.17967,3.6228206,46.87917,73.00719,7.0223246,-21.848679,228.88184,0.27042946,22.863508,0.018,56,764.40656
8/28/2026 4:14,28000.014,29236.082,18.3106,35.714268,1.0113859,19.003454,3.4779437,44.61763,69.494286,6.9713073,-18.978119,232.11479,0.0408666,22.786446,0.018,56,764.40656
8/28/2026 4:44,26721.197,27942.092,17.421663,37.423473,1.0107358,18.162361,3.2432938,41.338078,64.394264,6.944373,-17.461777,235.37636,0.19090661,22.71237,0.018,56,764.40656
8/28/2026 5:14,25671.676,26879.607,16.6956,38.953438,1.010206,17.471745,3.1597807,40.05705,62.40559,6.92617,-16.436577,252.00844,0.10088696,22.647194,0.018,56,764.40656
8/28/2026 5:44,24612.066,25806.887,15.96609,40.630478,1.0096751,16.774477,3.0058553,37.895626,59.045334,6.902694,-15.115738,267.32446,0.07856411,22.575994,0.018,56,764.40656
8/28/2026 6:14,23149.816,24310.639,14.955051,43.196888,1.0089333,15.801916,2.8383553,35.52534,55.35923,6.8799767,-13.837814,282.11118,0.04070635,22.500023,0.018,56,764.40656
8/28/2026 6:44,22605.285,23767.178,14.5893,44.237442,1.008673,15.448666,2.6601872,33.188396,51.722683,6.861912,-12.822151,295.58182,0.17847717,22.440502,0.018,56,764.40656
8/28/2026 7:14,21093.887,22207.998,13.546609,47.4071,1.0079049,14.435199,2.5897295,32.074947,49.992985,6.8528624,-12.311935,315.02722,0.060116768,22.37345,0,56,764.40656
8/28/2026 7:44,18483.172,19498.297,11.754762,54.103268,1.0065806,12.673893,2.657463,32.513767,50.685246,6.8376193,-11.453629,322.21317,0.04108001,22.274231,0.018,56,764.40656
8/28/2026 8:14,39071.03,40494.08,26.246498,25.59441,1.0172677,26.321152,5.705048,77.13917,120.0714,7.5357733,-51.341057,328.2547,0.037413187,23.160097,0.018,56,764.40656
8/28/2026 8:44,42765.484,44255.145,28.974915,23.383343,1.0193068,28.765844,6.0717874,83.51568,129.97931,7.674573,-59.32331,339.13135,0.0283034,23.23766,0.027,56,764.40656
8/28/2026 9:14,42895.492,44308.066,29.016045,23.312473,1.0193115,28.800243,6.250063,86.129944,134.02626,7.7042217,-61.044693,341.9733,0.030820195,23.330853,0.027,56,764.40656
8/28/2026 9:44,43042.184,44345.246,29.046654,23.233023,1.0192977,28.82441,6.4594283,89.236336,138.82832,7.723838,-62.19864,337.25262,0.033233624,23.461544,0.027,56,764.40656
8/28/2026 10:14,43019.137,44250.223,28.979391,23.245468,1.0192238,28.762646,6.596115,91.22075,141.89508,7.734823,-62.847137,343.39905,0.031116253,23.543402,0.027,56,764.40656
8/28/2026 10:44,43060.49,44355.773,29.05459,23.223146,1.0193009,28.831253,6.6193933,91.465675,142.29419,7.746376,-63.495636,345.80707,0.034550782,23.471092,0.027,56,764.40656
8/28/2026 11:14,39326.73,40552.66,26.294594,25.427998,1.0172325,26.35923,6.6341944,90.13849,140.24275,7.747324,-63.53855,348.711,0.027981116,23.41725,0.027,56,764.40656
8/28/2026 11:44,43120.57,44406.92,29.092281,23.190788,1.0193261,28.8645,6.597478,91.202385,141.88152,7.7557907,-64.03923,344.47192,0.027962929,23.483383,0.027,56,764.40656
8/28/2026 12:14,43277.26,44375.375,29.074947,23.106823,1.0192499,28.843994,6.7351065,93.45823,145.334,7.7601023,-64.33487,347.62384,0.03412715,23.704397,0.036,56,764.40656
8/28/2026 12:44,43552.863,44436.457,29.125975,22.960604,1.0192155,28.883698,6.7994733,94.80089,147.35461,7.761381,-64.463615,343.94263,0.03232946,23.958931,0.036,56,764.40656
8/28/2026 13:14,44111.72,44398.85,29.11501,22.669712,1.019003,28.859253,6.834106,96.44985,149.72389,7.7363386,-63.171387,340.97195,0.028875744,24.661404,0.045,56,764.40656
8/28/2026 13:44,45020.156,44411.516,29.146275,22.212273,1.0187122,28.867485,6.8820677,98.9237,153.25131,7.676213,-59.91459,334.63956,0.032356236,25.717518,0.063,56,764.40656
8/28/2026 14:14,45162.316,44039.7,28.885254,22.142355,1.0183282,28.625805,6.6663194,96.69019,149.60466,7.6042137,-55.861473,337.8868,0.028257074,26.334604,0.063,56,764.40656
8/28/2026 14:44,44211.027,42786.543,27.976349,22.618792,1.0175198,27.811253,6.444647,93.641945,144.76544,7.5182734,-50.945282,338.72604,0.032770988,26.743078,0.081,56,764.40656
8/28/2026 15:14,40396.434,39053.28,25.274176,24.75466,1.015475,25.384634,6.0520096,86.69477,134.00926,7.3751416,-42.63878,340.5428,0.03597853,26.800673,0.081,56,764.40656
8/28/2026 15:44,35378.418,34294.906,21.883253,28.26582,1.0129789,22.291689,5.657297,79.31109,122.63353,7.223189,-33.79345,329.70905,0.038650323,26.654133,0.081,56,764.40656
8/28/2026 16:14,32178.262,31209.12,19.719679,31.076881,1.011368,20.285927,5.4176335,74.995964,115.96818,7.1339836,-28.61023,335.99377,0.121447675,26.625818,0.072,56,764.40656
8/28/2026 16:44,30078.877,29164.283,18.301722,33.245922,1.0103027,18.956783,5.253275,72.16319,111.584045,7.0820622,-25.596619,331.6164,0.06731147,26.641884,0.081,56,764.40656
8/28/2026 17:14,29040.18,28053.941,17.538288,34.435047,1.0096731,18.235062,5.229229,71.771286,110.93181,7.058548,-24.24717,321.89368,0.3702744,26.840578,0.081,56,764.40656
8/28/2026 17:44,28128.537,27132.074,16.906662,35.551083,1.0091767,17.635849,5.1198487,70.12096,108.36217,7.0397296,-23.15998,310.73572,0.4956798,26.922846,0.081,56,764.40656
8/28/2026 18:14,27006.297,26067.008,16.179459,37.0284,1.0086442,16.943556,4.8867693,66.614365,102.95114,7.0142617,-21.677017,330.46722,0.48592424,26.886576,0.081,56,764.40656
8/28/2026 18:44,26244.975,25370.617,15.705649,38.10253,1.0083144,16.490902,4.7820964,64.92177,100.35266,6.9981146,-20.73288,332.75128,0.54235476,26.804367,0.081,56,764.40656
8/28/2026 19:14,25129.623,24348.299,15.013002,39.793674,1.0078332,15.826394,4.6079006,62.17964,96.13909,6.9824276,-19.860268,321.38348,0.71660405,26.680077,0.072,56,764.40656
8/28/2026 19:44,24794.533,24085.531,14.835016,40.33147,1.0077406,15.655596,4.472949,60.152534,93.0318,6.9637165,-18.787384,331.43042,0.8238328,26.541197,0.081,56,764.40656
8/28/2026 20:14,25410.477,24974.965,15.432441,39.353848,1.0083683,16.233727,4.054145,54.10602,83.78766,7.000166,-20.7901,328.68863,0.4199151,25.912981,0.072,56,764.40656
8/28/2026 20:44,42892.395,43574.37,28.501873,23.314156,1.0186807,28.323341,6.8449755,95.46343,148.32465,7.7607117,-64.47315,335.91748,0.46552265,24.180582,0.045,56,764.40656
8/28/2026 21:14,43302.004,44065.086,28.857878,23.09362,1.0189744,28.642305,6.879099,95.98888,149.1648,7.794746,-66.41388,337.46243,0.3963933,24.093342,0.027,56,764.40656
8/28/2026 21:44,43498.06,44348.52,29.062601,22.989532,1.019157,28.826538,6.6442075,92.662476,144.0211,7.7688627,-64.902306,333.11844,0.25631574,23.995981,0.036,56,764.40656
8/28/2026 22:14,43556.13,44428.676,29.120594,22.958881,1.0192077,28.87864,6.5560646,91.42488,142.10378,7.7611666,-64.45408,332.94202,0.17374818,23.971766,0.036,56,764.40656
8/28/2026 22:44,43612.64,44537.457,29.198679,22.929132,1.0192835,28.949347,6.433417,89.662346,139.37903,7.74871,-63.724518,337.4815,0.32206094,23.912832,0.036,56,764.40656
8/28/2026 23:14,43514.348,44522.547,29.185314,22.980927,1.0193018,28.939655,6.1879196,86.08589,133.84317,7.7287683,-62.556267,343.29413,0.10945373,23.814413,0.036,56,764.40656
8/28/2026 23:44,43503.49,44542.016,29.198658,22.986662,1.0193219,28.95231,6.21613,86.43154,134.389,7.733208,-62.804222,343.1797,0.101707526,23.779285,0.027,56,764.40656
8/29/2026 0:14,43381.99,44508.043,29.171167,23.05104,1.019331,28.930227,6.095423,84.58542,131.54297,7.724716,-62.294006,347.22806,0.44581053,23.675392,0.036,56,764.40656
8/29/2026 0:44,43373.547,44540.758,29.193857,23.055527,1.0193615,28.951494,5.906283,81.90334,127.38266,7.705148,-61.159134,344.22876,0.51691145,23.627989,0.027,56,764.40656
8/29/2026 1:14,43206.164,44476.88,29.143944,23.144846,1.019359,28.909971,5.7705603,79.82428,124.176285,7.6765494,-59.490204,337.88205,0.05293275,23.504177,0.036,56,764.40656
8/29/2026 1:44,43054.55,44527.1,29.174358,23.226349,1.0194488,28.942617,5.161885,71.120804,110.682655,7.5511417,-52.24228,328.18317,0.035616428,23.268538,0.027,56,764.40656
8/29/2026 2:14,42666.96,44293.633,28.998642,23.437338,1.0193698,28.790861,4.8928537,67.11826,104.48824,7.4584913,-46.892166,322.34668,0.03544436,23.077238,0.027,56,764.40656
8/29/2026 2:44,41380.57,43076.633,28.108696,24.165932,1.0187358,27.999811,4.7630486,64.84252,100.96944,7.402173,-43.640137,314.35013,0.043765564,22.938578,0.027,56,764.40656
8/29/2026 3:14,38186.934,39760.215,25.71358,26.186968,1.0169294,25.84414,4.4759426,60.08506,93.56301,7.294614,-37.469864,305.2473,0.036900077,22.928314,0.027,56,764.40656
8/29/2026 3:44,34121.6,35514.453,22.69104,29.306948,1.0146438,23.084396,4.146147,54.7121,85.1937,7.178265,-30.798912,284.9245,0.09462393,22.946636,0.027,56,764.40656
8/29/2026 4:14,31430.258,32773.17,20.764051,31.816475,1.013216,21.30256,3.888919,50.665245,78.90461,7.0970993,-26.135445,281.32916,0.20517865,22.85466,0.018,56,764.40656
8/29/2026 4:44,29391.771,30748.89,19.35348,34.02313,1.0121969,19.986778,3.6309342,46.77906,72.87278,7.041937,-22.95971,281.76785,0.08010873,22.689238,0.018,56,764.40656
8/29/2026 5:14,27817.287,29226.898,18.299732,35.948868,1.011459,18.997484,3.5103912,44.775234,69.77627,7.010585,-21.147728,294.94287,0.046017583,22.474873,0.018,56,764.40656
8/29/2026 5:44,26848.834,28337.193,17.685673,37.245564,1.0110543,18.419176,3.3781276,42.758026,66.65755,6.988856,-19.927025,299.68738,0.04086769,22.250095,0.018,56,764.40656
8/29/2026 6:14,25528.166,27092.48,16.831545,39.172417,1.01048,17.610111,3.3208752,41.61483,64.9043,6.974875,-19.125938,317.14917,0.04036213,21.976973,0.009,56,764.40656
8/29/2026 6:44,25143.691,26799.756,16.629309,39.771408,1.010381,17.41984,3.1607847,39.4065,61.48114,6.9590964,-18.229485,326.60486,0.11919498,21.764711,0.009,56,764.40656
8/29/2026 7:14,23567.48,25251.967,15.577137,42.43135,1.0096512,16.413778,3.1240947,38.52564,60.131435,6.9510202,-17.762184,322.66617,0.09345241,21.507479,0,56,764.40656
8/29/2026 7:44,22919.17,24633.057,15.158027,43.6316,1.009372,16.011488,3.1340551,38.44564,60.020767,6.942817,-17.294884,331.18726,0.103196785,21.35724,0,56,764.40656
8/29/2026 8:14,21112.62,22716.783,13.873943,47.365036,1.0084163,14.765909,2.7471385,33.41334,52.168854,6.92691,-16.403198,339.65112,0.04561215,21.302837,0,56,764.40656
8/29/2026 8:44,25720.986,27580.326,17.15646,38.878757,1.0108522,17.927212,4.8279033,60.04617,93.7265,7.028889,-22.120476,315.16553,0.04949099,21.470396,0,56,764.40656
8/29/2026 9:14,42410.734,44509.402,29.140512,23.578936,1.019629,28.931112,7.0091677,95.298195,148.49564,7.762127,-64.19659,334.04352,0.029678216,22.531353,0.018,56,764.40656
8/29/2026 9:44,42635.574,44726.52,29.299662,23.454592,1.0197436,29.072237,7.1533427,97.38471,151.74152,7.7879367,-65.67955,332.36505,0.026588552,22.552376,0.018,56,764.40656
8/29/2026 10:14,42680.895,44705.664,29.28669,23.429688,1.0197126,29.058681,7.203738,98.1971,152.98778,7.798044,-66.2756,328.59326,0.026137564,22.628736,0.018,56,764.40656
8/29/2026 10:44,42825.633,44748.797,29.321758,23.350502,1.0197055,29.086718,7.377074,100.79752,157.0071,7.8144584,-67.243576,327.46793,0.028981691,22.749903,0.018,56,764.40656
8/29/2026 11:14,42875.85,44685.902,29.279543,23.323153,1.0196375,29.045837,7.445554,101.94256,158.75578,7.8229265,-67.75856,337.1191,0.027037976,22.879263,0.018,56,764.40656
8/29/2026 11:44,43042.93,44790.49,29.358206,23.23262,1.0196753,29.113817,7.4369164,102.011696,158.84227,7.8276863,-68.04943,327.54898,0.025649229,22.957264,0.027,56,764.40656
8/29/2026 12:14,43126.445,44784.844,29.357018,23.187628,1.0196452,29.110147,7.602595,104.47592,162.65033,7.8434753,-68.97926,341.74442,0.027810838,23.06124,0.027,56,764.40656
8/29/2026 12:44,43250.16,44798.465,29.370579,23.121302,1.0196191,29.119003,7.6952662,105.9997,164.98575,7.852338,-69.51809,342.6218,0.026061052,23.190496,0.027,56,764.40656
8/29/2026 13:14,43404.316,44777.945,29.361128,23.039183,1.0195545,29.105665,7.714619,106.64255,165.92752,7.8485184,-69.34643,339.54144,0.02642229,23.393906,0.027,56,764.40656
8/29/2026 13:44,44029.54,44867.684,29.44307,22.712025,1.0194367,29.163996,7.7527184,108.407684,168.48524,7.8325477,-68.57395,329.6423,0.030125856,24.02197,0.036,56,764.40656
8/29/2026 14:14,44911.285,44878.938,29.47495,22.266119,1.0191633,29.17131,7.5815506,107.91715,167.40567,7.780361,-65.79399,331.94064,0.026053766,25.037737,0.045,56,764.40656
8/29/2026 14:44,45430.996,44797.35,29.429598,22.011404,1.0189185,29.118279,7.3043694,105.20418,162.9735,7.708171,-61.769485,331.1348,0.030131852,25.740559,0.063,56,764.40656
8/29/2026 15:14,44836.04,43981.277,28.836872,22.303486,1.0183886,28.587831,7.0758266,102.05103,158.00117,7.640863,-57.926178,333.3235,0.027642462,26.017525,0.063,56,764.40656
8/29/2026 15:44,42234.65,41392.035,26.952013,23.677242,1.0169574,26.904823,6.7844987,96.89158,149.99841,7.530542,-51.54133,328.85074,0.031335406,26.065807,0.072,56,764.40656
8/29/2026 16:14,37342.332,36744.023,23.609802,26.779259,1.014512,23.883615,6.3189483,88.229416,136.6471,7.3689065,-42.142868,335.4311,0.037871998,25.852522,0.063,56,764.40656
8/29/2026 16:44,34209.016,33729.32,21.475126,29.23206,1.0129427,21.924057,6.0386457,83.147484,128.80408,7.264327,-36.07273,340.56665,0.040257286,25.7446,0.063,56,764.40656
8/29/2026 17:14,32527.035,32119.172,20.345528,30.743656,1.0121189,20.877462,5.855285,79.99767,123.944305,7.21144,-33.0019,344.53394,0.040114924,25.664839,0.063,56,764.40656
8/29/2026 17:44,31547.184,31200.996,19.70443,31.698551,1.0116627,20.280647,5.771563,78.452896,121.57109,7.1821823,-31.299591,337.44336,0.1078375,25.58091,0.063,56,764.40656
8/29/2026 18:14,30614.502,30358.055,19.117514,32.664257,1.0112625,19.732735,5.58297,75.45407,116.95593,7.159762,-29.988289,343.98557,0.2575244,25.442272,0.054,56,764.40656
8/29/2026 18:44,29913.16,29779.168,18.71465,33.430103,1.0110195,19.35646,5.4340043,73.00743,113.20909,7.1353717,-28.557777,347.13745,0.33979803,25.235577,0.054,56,764.40656
8/29/2026 19:14,28869.984,28921.393,18.119448,34.63805,1.010666,18.798904,5.215088,69.42566,107.72291,7.1090746,-27.008057,347.4331,0.40707955,24.906937,0.045,56,764.40656
8/29/2026 19:44,28323.17,28510.195,17.834032,35.30678,1.0105219,18.531628,4.9589505,65.61648,101.860634,7.085745,-25.639534,338.92154,0.50036204,24.656548,0.045,56,764.40656
8/29/2026 20:14,27271.074,27616.879,17.218204,36.668888,1.0101459,17.950972,4.882985,64.02726,99.45132,7.074047,-24.938583,347.17084,0.6100407,24.344423,0.036,56,764.40656
8/29/2026 20:44,24383.002,24987.01,15.423713,41.012177,1.0089637,16.241556,4.7612524,61.11807,95.03772,7.068386,-24.561882,356.2212,0.54821956,23.734407,0.036,56,764.40656
8/29/2026 21:14,39611.53,41496.965,26.956223,25.245174,1.0179523,26.973026,6.631488,89.17178,138.9284,7.6700687,-58.94184,331.254,0.39043528,22.621178,0.027,56,764.40656
8/29/2026 21:44,42953.086,44627.34,29.241188,23.281214,1.0195647,29.00777,7.373674,101.21656,157.58298,7.832774,-68.359375,335.8078,0.15507442,23.035791,0.018,56,764.40656
8/29/2026 22:14,43049.14,44754.62,29.33334,23.229267,1.0196431,29.090504,7.20841,98.946655,154.05716,7.8236723,-67.830086,336.38,0.3418021,23.00485,0.027,56,764.40656
8/29/2026 22:44,43007.676,44785.8,29.353752,23.251663,1.019682,29.110771,6.9843802,95.7407,149.08687,7.8086243,-66.94794,338.25397,0.2968135,22.921318,0.018,56,764.40656
8/29/2026 23:14,42937.13,44759.957,29.333332,23.289867,1.0196815,29.093971,6.719351,92.0095,143.28975,7.790208,-65.87982,344.43854,0.2545988,22.867826,0.018,56,764.40656
8/29/2026 23:44,42970.336,44800.4,29.3627,23.271868,1.0197054,29.120258,6.723441,92.0705,143.38634,7.7909813,-65.92274,337.20493,0.16105478,22.861296,0.027,56,764.40656
8/30/2026 0:14,42934.3,44777.473,29.345469,23.2914,1.0196971,29.105356,6.634457,90.81646,141.4373,7.7824793,-65.431595,346.0407,0.20997679,22.844872,0.018,56,764.40656
8/30/2026 0:44,42865.4,44780.473,29.345226,23.32884,1.0197203,29.107307,6.714271,91.77172,142.94539,7.8016033,-66.50925,346.5271,0.13153507,22.760954,0.018,56,764.40656
8/30/2026 1:14,42762.47,44739.11,29.31284,23.384993,1.0197163,29.080421,6.4526134,88.06263,137.18521,7.776848,-65.07397,350.1129,0.54843724,22.68683,0.018,56,764.40656
8/30/2026 1:44,42715.895,44778.668,29.338821,23.41049,1.0197634,29.106134,6.353431,86.56971,134.8819,7.762244,-64.21566,336.8473,0.28715327,22.588167,0.018,56,764.40656
8/30/2026 2:14,42448.707,44775.664,29.327242,23.557844,1.0198398,29.104181,5.896675,79.8981,124.55101,7.686425,-59.809685,339.76077,0.038335733,22.279099,0.018,56,764.40656
8/30/2026 2:44,42154.723,44770.477,29.31279,23.722134,1.0199211,29.10081,5.531172,74.48586,116.17816,7.597779,-54.67415,336.68518,0.037985813,21.941055,0.018,56,764.40656
8/30/2026 3:14,41385.113,44195.355,28.88482,24.163279,1.0196695,28.726982,5.3798018,71.9151,112.21714,7.5393734,-51.288605,325.88007,0.0329228,21.670847,0.009,56,764.40656
8/30/2026 3:44,39033.977,41839.785,27.171715,25.618708,1.0184199,27.19586,5.16984,68.1947,106.44251,7.4504476,-46.18168,310.7071,0.037181817,21.488964,0.009,56,764.40656
8/30/2026 4:14,35144.785,37763.04,24.248533,28.453724,1.0162376,24.545977,4.7604237,61.596226,96.1612,7.2994914,-37.550926,306.6635,0.03979127,21.369963,0.009,56,764.40656
8/30/2026 4:44,32298.07,34794.566,22.147734,30.961601,1.0146807,22.616468,4.434655,56.548214,88.297935,7.201022,-31.91948,285.51578,0.038840696,21.243477,0.009,56,764.40656
8/30/2026 5:14,30246.889,32697.4,20.676888,33.061253,1.0136105,21.25331,4.1684847,52.535152,82.052956,7.137671,-28.290749,275.9218,0.0661326,21.07617,0.009,56,764.40656
8/30/2026 5:44,29007.705,31463.393,19.816133,34.4736,1.0130001,20.451206,3.9772298,49.72165,77.678024,7.094583,-25.820732,271.7018,0.062474504,20.91366,0,56,764.40656
8/30/2026 6:14,27431.49,29903.188,18.733843,36.454453,1.012241,19.43707,3.829678,47.35904,74.014145,7.0581756,-23.727417,271.9736,0.04067619,20.672428,0,56,764.40656
8/30/2026 6:44,26516.406,28985.807,18.10121,37.7125,1.0117947,18.840775,3.6540875,44.9074,70.19666,7.024502,-21.800995,292.3155,0.30902776,20.53961,0.009,56,764.40656
8/30/2026 7:14,25134.07,27589.521,17.143509,39.786633,1.0111179,17.933187,3.5113273,42.74886,66.8424,7.0054703,-20.70427,288.91086,0.12674004,20.340347,0,56,764.40656
8/30/2026 7:44,25030.477,27503.258,17.0839,39.951298,1.0110843,17.877117,3.4506934,41.957996,65.61042,6.980348,-19.321442,292.43945,0.08913287,20.29274,0,56,764.40656
8/30/2026 8:14,24157.615,26578.37,16.454517,41.394814,1.0106225,17.27594,2.827672,34.21537,53.507988,6.9584856,-18.100739,235.28099,0.039402027,20.231422,0,56,764.40656
8/30/2026 8:44,23757.268,26121.943,16.14593,42.092384,1.0103823,16.979263,3.237021,39.11916,61.1742,6.9576826,-18.057823,297.9231,0.040975202,20.260498,0,56,764.40656
8/30/2026 9:14,20234.627,22180.521,13.505946,49.420235,1.0083513,14.417339,4.0011816,47.742012,74.64236,6.978158,-19.207,298.75278,0.039921407,20.406813,0,56,764.40656
8/30/2026 9:44,42291.164,44140.6,28.879456,23.645601,1.0193553,28.691393,7.338021,100.108025,155.91817,7.766575,-64.5113,316.20502,0.034328315,22.806347,0.018,56,764.40656
8/30/2026 10:14,42705.54,44619.992,29.227776,23.416166,1.0196334,29.002996,7.1623297,97.81667,152.363,7.7838297,-65.488815,327.19135,0.035826523,22.753628,0.018,56,764.40656
8/30/2026 10:44,42975.082,44749.33,29.327177,23.269299,1.0196611,29.087065,7.26058,99.5165,154.96582,7.7977214,-66.32328,330.39093,0.03491826,22.924156,0.018,56,764.40656
8/30/2026 11:14,43077.258,44691.914,29.290403,23.214106,1.0195817,29.049744,7.4603057,102.56681,159.66518,7.819686,-67.625046,337.06665,0.03848605,23.10845,0.027,56,764.40656
8/30/2026 11:44,43267.29,44783.176,29.360428,23.112148,1.0196009,29.109064,7.794936,107.43727,167.21246,7.850192,-69.40365,334.65863,0.035742182,23.227776,0.027,56,764.40656
8/30/2026 12:14,43134.098,44706.336,29.302345,23.183516,1.0195764,29.059118,7.8198595,107.61313,167.50621,7.8579507,-69.8328,339.56052,0.036398508,23.158737,0.018,56,764.40656
8/30/2026 12:44,43295.375,44779.75,29.358934,23.097155,1.0195894,29.106838,7.76474,107.089516,166.66061,7.8541117,-69.6373,339.1695,0.035947856,23.264484,0.027,56,764.40656
8/30/2026 13:14,43396.848,44741.57,29.335392,23.043148,1.0195258,29.082022,7.8991895,109.24044,169.95993,7.8645716,-70.27626,342.6218,0.040338125,23.42642,0.027,56,764.40656
8/30/2026 13:44,43576.723,44807.055,29.386908,22.94803,1.0195261,29.124586,7.8657045,109.07038,169.65471,7.8639283,-70.27149,329.7615,0.07524708,23.562386,0.027,56,764.40656
8/30/2026 14:14,43881.453,44800.273,29.391317,22.788671,1.0194253,29.120176,7.9112005,110.40616,171.6209,7.8585362,-70.04738,334.43927,0.03795923,23.926216,0.036,56,764.40656
8/30/2026 14:44,44646.48,44881.555,29.469961,22.398182,1.0192518,29.173012,7.7493215,109.71023,170.28802,7.8134527,-67.63458,333.2758,0.03569129,24.725775,0.045,56,764.40656
8/30/2026 15:14,45013.418,44804.836,29.425009,22.215597,1.0190643,29.123144,7.3993607,105.667496,163.85092,7.748143,-63.97724,330.62933,0.033501573,25.243736,0.054,56,764.40656
8/30/2026 15:44,44838.848,44332.08,29.085773,22.30209,1.0187026,28.815851,7.0360017,100.896416,156.34425,7.6673145,-59.375763,327.90186,0.037195683,25.598495,0.054,56,764.40656
8/30/2026 16:14,42223.08,41827.87,27.25842,23.683731,1.0173589,27.188116,6.6116166,93.665695,145.16954,7.562576,-53.29609,333.50467,0.03746922,25.494682,0.063,56,764.40656
8/30/2026 16:44,37898.844,37815.234,24.363121,26.38603,1.0152937,24.579903,6.026005,83.42756,129.397,7.377059,-42.510033,337.45764,0.31348848,25.115757,0.054,56,764.40656
8/30/2026 17:14,34462.21,34558.79,22.048044,29.01729,1.0136299,22.463215,5.6290684,76.560165,118.80503,7.2521467,-35.262108,329.99994,0.31477338,24.853685,0.045,56,764.40656
8/30/2026 17:44,32743.293,32922.086,20.896048,30.540606,1.0128039,21.399357,5.390385,72.65744,112.77824,7.18896,-31.599998,314.78406,0.36326253,24.715666,0.045,56,764.40656
8/30/2026 18:14,31461.412,31724.648,20.057661,31.78497,1.0122164,20.621023,5.142608,68.80416,106.82728,7.1461573,-29.115677,312.0613,0.37696177,24.565573,0.045,56,764.40656
8/30/2026 18:44,30600.342,30934.443,19.506397,32.679375,1.0118392,20.107388,4.924127,65.52144,101.755226,7.116352,-27.384758,310.33994,0.4967059,24.434538,0.045,56,764.40656
8/30/2026 19:14,29770.363,30177.701,18.98011,33.590454,1.011483,19.615507,4.7679286,63.093777,98.01061,7.0883565,-25.758743,318.56537,0.5122698,24.293303,0.036,56,764.40656
8/30/2026 19:44,28968.729,29445.104,18.47229,34.51998,1.0111402,19.139317,4.5005,59.233494,92.03766,7.0618234,-24.21856,309.4244,0.5120002,24.152962,0.036,56,764.40656
8/30/2026 20:14,28011.867,28534.982,17.844492,35.699154,1.0106996,18.547739,4.4377136,58.08025,90.26427,7.0464106,-23.322105,316.50543,0.4945989,24.040188,0.027,56,764.40656
8/30/2026 20:44,27995.525,28557.252,17.858992,35.719994,1.0107296,18.562214,4.2103057,55.039303,85.5491,7.0307646,-22.416115,322.27515,0.56962514,23.970148,0.036,56,764.40656
8/30/2026 21:14,27039.48,27623.354,17.217905,36.98296,1.0102687,17.955181,3.8865857,50.551323,78.58418,7.0080757,-21.104813,337.1954,0.42710775,23.893353,0.027,56,764.40656
8/30/2026 21:44,29636.254,30495.174,19.190071,33.742455,1.011851,19.821863,4.1770396,54.584846,84.91015,7.0832076,-25.396347,319.2711,0.40409786,23.525354,0.027,56,764.40656
8/30/2026 22:14,42876.473,44213.715,28.949434,23.322815,1.019237,28.738914,7.002743,96.61116,150.31349,7.765339,-64.57329,334.21515,0.6858294,23.416496,0.027,56,764.40656
8/30/2026 22:44,43104.242,44511.645,29.165112,23.199574,1.0194203,28.93257,7.103869,98.00386,152.49956,7.790021,-65.97519,335.19745,0.91535,23.344568,0.027,56,764.40656
8/30/2026 23:14,42946.715,44484.027,29.140776,23.284668,1.0194454,28.91462,6.9411387,95.485374,148.62044,7.7697673,-64.77833,341.16745,0.99506336,23.190641,0.027,56,764.40656
8/30/2026 23:44,42953.43,44565.65,29.198074,23.281029,1.0195124,28.96767,6.856824,94.215546,146.66545,7.7664337,-64.56852,330.6055,1.1299281,23.105953,0.027,56,764.40656
8/31/2026 0:14,43006.047,44612.887,29.232807,23.252544,1.0195365,28.998377,6.792694,93.366844,145.34218,7.76931,-64.73541,341.9876,1.0955756,23.114275,0.027,56,764.40656
8/31/2026 0:44,43066.223,44709.91,29.302635,23.220053,1.0196003,29.061443,6.639723,91.23796,142.03778,7.7615643,-64.28242,346.01212,0.83778894,23.075216,0.027,56,764.40656
8/31/2026 1:14,43010.254,44647.902,29.257439,23.250269,1.0195647,29.021135,6.631349,91.10615,141.83151,7.76213,-64.315796,346.0884,1.0101448,23.079626,0.027,56,764.40656
8/31/2026 1:44,43005.855,44672.41,29.274431,23.252647,1.0195868,29.037067,6.318154,86.76136,135.07527,7.7413106,-63.114166,337.32416,1.0943161,23.046799,0.027,56,764.40656
8/31/2026 2:14,42951.727,44654.137,29.259878,23.281952,1.0195878,29.025188,6.1998177,85.06457,132.44337,7.726757,-62.270164,340.28052,0.86293197,23.003958,0.027,56,764.40656
8/31/2026 2:44,42854.938,44640.13,29.246872,23.334534,1.0196053,29.016083,6.038714,82.70439,128.79016,7.6896157,-60.11963,342.06866,0.6371959,22.906244,0.018,56,764.40656
8/31/2026 3:14,42617.723,44488.098,29.132769,23.464417,1.019549,28.917263,5.602303,76.53053,119.19778,7.602493,-55.103302,340.41406,0.31031227,22.798841,0.018,56,764.40656
8/31/2026 3:44,42098.24,44008.793,28.78113,23.753963,1.019303,28.605717,5.386369,73.33738,114.23825,7.5345864,-51.198006,324.1873,0.29892468,22.727066,0.018,56,764.40656
8/31/2026 4:14,39306.883,41139.914,26.699774,25.440838,1.0177457,26.740944,4.9698477,66.78395,104.04043,7.4111094,-44.112206,317.00134,0.24392137,22.667225,0.018,56,764.40656
8/31/2026 4:44,35217.074,36968.9,23.71202,28.395317,1.0155293,24.029785,4.4549894,58.68116,91.44007,7.2531404,-35.042763,294.28006,0.24132085,22.519033,0.018,56,764.40656
8/31/2026 5:14,32213.682,33900.082,21.544384,31.042711,1.0139263,22.035053,4.087577,53.049946,82.682236,7.1591935,-29.649734,277.62415,0.28096655,22.395485,0.018,56,764.40656
8/31/2026 5:44,30100.65,31764.438,20.050854,33.221874,1.0128356,20.646883,3.8335316,49.19963,76.69871,7.102437,-26.388168,261.8885,0.45486787,22.257647,0,56,764.40656
8/31/2026 6:14,28591.223,30253.053,19.001453,34.97577,1.0120788,19.664486,3.5751755,45.49341,70.93652,7.0601277,-23.956299,262.6324,0.40823725,22.124031,0.009,56,764.40656
8/31/2026 6:44,27192.008,28896.834,18.064245,36.775513,1.0114263,18.782942,3.4133382,43.028793,67.11673,7.0264745,-22.015572,269.44638,0.36890212,21.911152,0.018,56,764.40656
8/31/2026 7:14,25205.59,26887.598,16.688469,39.67374,1.0104356,17.476938,3.343075,41.66262,65.00523,7.0081015,-20.952225,280.88092,0.30423704,21.724762,0.009,55,764.40656
8/31/2026 7:44,19719.182,21063.299,12.780056,50.712044,1.0075043,13.691144,3.2471912,39.508415,61.65055,6.9824915,-19.53125,279.1977,0.46262693,21.658993,0.009,55,764.40656
8/31/2026 8:14,19743.275,21085.295,12.794692,50.650158,1.0075134,13.705442,3.0159113,36.703545,57.272915,6.9557076,-18.033981,295.87744,0.10302434,21.667686,0.009,55,764.40656
8/31/2026 8:44,23451.434,25046.074,15.440354,42.641315,1.0095087,16.279947,2.450094,30.27993,47.249466,6.945988,-17.490387,293.1404,0.3359736,21.666584,0.009,55,764.40656
8/31/2026 9:14,22305.912,23798.742,14.602211,44.831165,1.0088644,15.469182,3.0577426,37.64031,58.730152,6.9569335,-18.105507,266.75702,0.06797448,21.71585,0.009,55,764.40656
8/31/2026 9:44,19423.863,20542.197,12.440527,51.483063,1.0071279,13.352428,3.9984152,49.000977,76.40256,6.993999,-20.208359,294.93332,0.3401094,22.149694,0.018,55,764.40656
8/31/2026 10:14,42482.668,43561.047,28.480772,23.539011,1.0188015,28.31468,8.994,124.376305,193.41391,7.9040613,-72.61276,312.71457,0.040811095,23.7039,0.027,55,764.40656
8/31/2026 10:44,43222.19,44499.656,29.160395,23.136263,1.0193737,28.924776,8.415291,116.40514,181.08453,7.8965607,-72.13116,322.0749,0.037486173,23.497002,0.027,55,764.40656
8/31/2026 11:14,35987.5,37004.863,23.758774,27.787426,1.0152805,24.053162,8.544696,114.70573,178.42085,7.888327,-71.67339,328.15933,0.03603484,23.560595,0.027,55,764.40656
8/31/2026 11:44,43526.164,44747.004,29.343218,22.974688,1.0194904,29.085552,8.206304,113.78298,176.98209,7.883801,-71.4159,329.45157,0.036571678,23.571562,0.027,55,764.40656
8/31/2026 12:14,43581.953,44639.29,29.269299,22.945278,1.0193808,29.01554,8.564014,119.08534,185.16759,7.920488,-73.571205,333.23764,0.04796714,23.759882,0.036,55,764.40656
8/31/2026 12:44,43721.676,44752.383,29.352922,22.87195,1.0194342,29.089048,8.624605,120.05768,186.66803,7.9241533,-73.79055,334.59186,0.2716632,23.79417,0.027,55,764.40656
8/31/2026 13:14,43598.062,44752.03,29.348944,22.9368,1.0194724,29.08882,8.214045,114.05101,177.37436,7.8962455,-72.15023,336.79962,0.10182245,23.649958,0.027,55,764.40656
8/31/2026 13:44,43686.406,44748.297,29.34899,22.890415,1.0194417,29.086393,8.5718155,119.24358,185.41437,7.9236484,-73.7524,318.61783,0.47655848,23.757574,0.027,55,764.40656
8/31/2026 14:14,43744.594,44720.934,29.331503,22.859968,1.0194,29.068607,8.7863245,122.4283,190.33249,7.9441056,-74.95403,310.69757,0.23078257,23.85697,0.036,55,764.40656
8/31/2026 14:44,43945.996,44767.51,29.370153,22.755201,1.0193768,29.098883,8.677076,121.31888,188.54565,7.9346924,-74.45812,289.25897,0.19407305,24.03923,0.036,55,764.40656
8/31/2026 15:14,44295.63,44738.527,29.359545,22.57559,1.01924,29.080042,8.453151,119.09445,184.93828,7.9025807,-72.71767,252.1944,0.09969574,24.481693,0.036,55,764.40656
8/31/2026 15:44,44929.605,44776.79,29.403082,22.25704,1.0190672,29.104914,8.115928,115.75659,179.51791,7.8413787,-69.3512,253.39603,0.032931108,25.178684,0.045,55,764.40656
8/31/2026 16:14,45209.676,44559.676,29.25575,22.11916,1.0187807,28.96379,7.645356,110.05031,170.47282,7.7477827,-64.06784,230.25989,0.039690554,25.763725,0.063,55,764.40656
8/31/2026 16:44,44515.277,43774.18,28.68302,22.464197,1.0183127,28.453217,7.2243648,103.87045,160.8606,7.662869,-59.17549,201.11084,0.10214127,25.886389,0.063,55,764.40656
8/31/2026 17:14,41516.047,40903.695,26.593872,24.087072,1.016773,26.587402,6.7284594,95.43513,147.82736,7.5325336,-51.608086,194.82613,0.8661696,25.7838,0.054,55,764.40656
8/31/2026 17:44,36746.99,36457.195,23.399849,27.213114,1.0144826,23.697176,6.076624,84.10719,130.37517,7.348863,-40.922165,205.99365,0.46031338,25.41617,0.063,55,764.40656
8/31/2026 18:14,34577.766,34486.137,22.00066,28.920319,1.0135125,22.415989,5.7683344,78.826454,122.25516,7.2405863,-34.627914,201.96439,0.421471,25.139105,0.054,55,764.40656
8/31/2026 18:44,34113.688,34134.438,21.750624,29.313747,1.0133737,22.187384,5.503483,74.875725,116.165855,7.206827,-32.658577,178.87115,0.47337234,24.968172,0.054,55,764.40656
8/31/2026 19:14,33389.13,33513.883,21.312197,29.949867,1.013091,21.784025,5.1870337,70.19302,108.93462,7.171694,-30.612946,169.09122,0.4084416,24.805107,0.045,55,764.40656
8/31/2026 19:44,32989.195,33204.95,21.093525,30.312956,1.012968,21.583218,4.878728,65.770035,102.0984,7.1407905,-28.81527,180.6736,0.35229728,24.65981,0.036,55,764.40656
8/31/2026 20:14,32245.705,32560.168,20.639908,31.011883,1.0126737,21.16411,4.6595707,62.47018,97.00582,7.1168356,-27.418137,187.62112,0.4885957,24.49435,0.045,55,764.40656
8/31/2026 20:44,31780.477,32198.88,20.385221,31.465858,1.0125313,20.929272,4.369099,58.309723,90.57461,7.0836,-25.486946,213.48,0.4788296,24.319668,0.036,55,764.40656
8/31/2026 21:14,31099.354,31602.977,19.96781,32.15501,1.0122604,20.541935,4.186633,55.58884,86.372574,7.068512,-24.604797,207.16667,0.267271,24.165657,0.036,55,764.40656
8/31/2026 21:44,30488.9,31046.29,19.579367,32.79882,1.0119976,20.180088,3.9130309,51.74302,80.41248,7.0279965,-22.263527,217.21362,0.20586096,24.06003,0.036,55,764.40656
8/31/2026 22:14,28330.037,29051.047,18.195366,35.298225,1.0110556,18.88318,3.5218503,45.90535,71.38647,7.013787,-21.419525,197.51071,0.49340355,23.700592,0.027,55,764.40656
8/31/2026 22:44,41352.684,42852.95,27.952208,24.182228,1.018554,27.854418,6.7933464,92.774605,144.40707,7.7203445,-61.93638,247.11609,1.0045378,23.167036,0.027,55,764.40656
8/31/2026 23:14,42844.855,44321.35,29.023737,23.340025,1.0193385,28.808878,7.281077,100.20963,155.95598,7.8311424,-68.31646,263.26657,1.0093017,23.255844,0.027,55,764.40656
8/31/2026 23:44,42974.824,44466.17,29.12918,23.269438,1.0194216,28.903011,7.1846375,98.92183,153.95491,7.8198943,-67.66796,259.7189,0.81322926,23.244034,0.027,55,764.40656
9/1/2026 0:14,43025.176,44569.973,29.203411,23.242207,1.0194942,28.970482,6.9438887,95.5489,148.72067,7.7972,-66.35189,267.35306,0.6569877,23.185339,0.027,55,764.40656
9/1/2026 0:44,43085.6,44625.043,29.243893,23.20961,1.0195224,29.006279,6.952533,95.704506,148.96068,7.8006563,-66.55216,277.59076,0.6296367,23.19386,0.027,55,764.40656
9/1/2026 1:14,42988.504,44586.555,29.213827,23.262033,1.0195194,28.98126,6.6863375,91.90988,143.0719,7.7752576,-65.078735,288.93948,0.65986985,23.12348,0.027,55,764.40656
9/1/2026 1:44,42976.703,44595.543,29.219725,23.268421,1.0195305,28.987103,6.5996037,90.6821,141.16652,7.765628,-64.520836,290.43674,0.44953248,23.099451,0.027,55,764.40656
9/1/2026 2:14,42770.008,44408.164,29.082005,23.38087,1.0194353,28.865307,6.5349994,89.67404,139.60466,7.7601767,-64.201355,294.29913,0.5789669,23.06866,0.018,55,764.40656
9/1/2026 2:44,42919.48,44565.6,29.19693,23.299444,1.0195228,28.967642,6.253484,85.86421,133.67409,7.739078,-62.99019,247.55002,0.44320637,23.066124,0.027,55,764.40656
9/1/2026 3:14,42872.805,44553.652,29.187044,23.32481,1.019527,28.959875,6.2230344,85.37875,132.92776,7.72826,-62.360764,235.219,0.6975603,23.0248,0.027,55,764.40656
9/1/2026 3:44,42768.293,44512.3,29.154707,23.381807,1.0195239,28.932995,5.8313885,79.882484,124.38675,7.6534677,-58.054924,238.35182,0.08543891,22.948673,0.027,55,764.40656
9/1/2026 4:14,42537.38,44351.383,29.034689,23.508736,1.019458,28.8284,5.3367615,72.939285,113.592804,7.530863,-51.00727,264.9784,0.038003013,22.8586,0.018,55,764.40656
9/1/2026 4:44,42011.2,43859.117,28.673967,23.803177,1.0192033,28.508427,5.181646,70.59055,109.947,7.48431,-48.327446,270.44296,0.03962287,22.79408,0.027,55,764.40656
9/1/2026 5:14,40007.914,41827.23,27.19749,24.995054,1.0181068,27.1877,4.9077115,66.20523,103.129196,7.4058895,-43.821335,240.59296,0.039935455,22.722723,0.018,55,764.40656
9/1/2026 5:44,36657.37,38392.434,24.727806,27.279644,1.0162653,24.955082,4.4175186,58.65252,91.37787,7.261725,-35.54821,236.16315,0.038951043,22.633886,0.018,55,764.40656
9/1/2026 6:14,33466.33,35119.42,22.40429,29.880781,1.0145378,22.827623,3.9653156,51.85228,80.796745,7.147209,-28.977394,195.82272,0.2118278,22.53557,0.018,55,764.40656
9/1/2026 6:44,31312.732,32917.953,20.857994,31.93589,1.013395,21.39667,3.6358364,47.043766,73.3149,7.0862355,-25.47741,153.98502,0.1834513,22.446894,0.018,55,764.40656
9/1/2026 7:14,29871.828,31447.66,19.832863,33.476357,1.0126404,20.440979,3.4851172,44.768826,69.777695,7.042527,-22.969246,158.93936,0.050666135,22.376455,0.009,55,764.40656
9/1/2026 7:44,28760.844,30316.55,19.04842,34.769493,1.0120653,19.70576,3.3257802,42.478935,66.21554,7.0152025,-21.400452,168.94818,0.2613628,22.31333,0.018,55,764.40656
9/1/2026 8:14,27264.1,28772.227,17.984045,36.67827,1.0112778,18.701948,3.2081993,40.681816,63.420242,6.9875727,-19.8555,172.37186,0.20795494,22.255703,0.018,55,764.40656
9/1/2026 8:44,26490.168,27979.445,17.440264,37.749855,1.0108787,18.18664,3.0856302,38.97373,60.761696,6.9615803,-18.396378,178.85208,0.37421468,22.213219,0.018,55,764.40656
9/1/2026 9:14,25191.771,26624.822,16.516182,39.695503,1.0101901,17.306135,3.1064756,39.004673,60.81305,6.962296,-18.434525,202.8227,0.07241875,22.181997,0.009,55,764.40656
9/1/2026 9:44,24423.223,25821.645,15.970983,40.944637,1.0097839,16.78407,3.205731,40.11077,62.539383,6.938481,-17.09938,199.8186,0.19811366,22.164558,0.009,55,764.40656
9/1/2026 10:14,25008.732,26412.94,16.372675,39.986034,1.0100733,17.168411,3.6065042,45.274223,70.58404,7.001918,-20.656586,225.7824,0.12841997,22.216566,0.018,55,764.40656
9/1/2026 10:44,40726.785,42580.87,27.743048,24.553865,1.0185198,27.677567,6.510575,88.10179,137.23848,7.6327834,-56.824684,269.01245,0.36634237,22.720278,0.018,55,764.40656
9/1/2026 11:14,41357.457,43122.344,28.139717,24.179436,1.0187818,28.029522,6.8048944,92.52205,144.09056,7.701266,-60.777664,275.79785,0.25220108,22.857204,0.018,55,764.40656
9/1/2026 11:44,41151.1,42882.496,27.966303,24.300686,1.0186427,27.873623,6.8199015,92.68076,144.33064,7.710309,-61.302185,276.26514,0.13528997,22.88611,0.027,55,764.40656
9/1/2026 12:14,41030.414,42773.586,27.886734,24.372164,1.0185882,27.802832,6.806146,92.41861,143.92725,7.712127,-61.40232,301.5375,0.38018036,22.866312,0.027,55,764.40656
9/1/2026 12:44,42203.996,43978.598,28.763626,23.694439,1.019245,28.58609,6.784106,92.62257,144.23972,7.7326727,-62.584877,310.7166,0.3551494,22.887358,0.018,55,764.40656
9/1/2026 13:14,42363.11,44133.168,28.876669,23.605444,1.019327,28.68656,6.736196,92.04958,143.34428,7.7452645,-63.30967,295.89175,0.24752364,22.900145,0.027,55,764.40656
9/1/2026 13:44,42481.043,44281.164,28.98382,23.539911,1.0194161,28.782757,6.7127323,91.73935,142.86812,7.742211,-63.12847,295.51508,0.7112544,22.871622,0.027,55,764.40656
9/1/2026 14:14,42572.863,44378.047,29.054482,23.489141,1.0194697,28.84573,6.6907945,91.474846,142.4565,7.7498665,-63.56716,285.59207,24.594713,22.870293,0.027,55,764.40656
9/1/2026 14:44,42733.785,44525.293,29.162628,23.400688,1.0195452,28.94144,6.724898,92.03639,143.32536,7.7534385,-63.77697,285.34412,0.34625655,22.89342,0.027,55,764.40656
9/1/2026 15:14,42632.562,44422.508,29.087498,23.45625,1.0194892,28.87463,6.568894,89.857346,139.93275,7.7428064,-63.16662,275.55466,14.047622,22.890387,0.018,55,764.40656
9/1/2026 15:44,42546.594,44372.89,29.05,23.503645,1.0194734,28.842379,6.552109,89.536354,139.44362,7.7155304,-61.593056,246.78708,46.255253,22.845135,0.018,55,764.40656
9/1/2026 16:14,42287.664,44158.2,28.8916,23.647558,1.0193712,28.70283,6.242274,85.12872,132.59338,7.6441383,-57.487488,259.552,38.68187,22.78221,0.027,55,764.40656
9/1/2026 16:44,41992.723,43902.66,28.70366,23.81365,1.0192456,28.53673,5.852018,79.634964,124.04905,7.5466647,-51.88942,259.3851,3.4958346,22.722311,0.018,55,764.40656
9/1/2026 17:14,41271.676,43166.78,28.167747,24.229692,1.0188462,28.058407,5.409938,73.363525,114.2839,7.4256644,-44.95144,246.50574,0.059304923,22.701468,0.018,55,764.40656
9/1/2026 17:44,39945.89,41815.35,27.187243,25.033865,1.0181165,27.179977,5.092748,68.61923,106.90095,7.3374825,-39.892197,233.71696,20.341887,22.659292,0.018,55,764.40656
9/1/2026 18:14,37179.348,39015.504,25.170734,26.896652,1.0166262,25.360077,4.7281938,62.827816,97.898865,7.2294617,-33.688545,261.47842,8.807624,22.536009,0.018,55,764.40656
9/1/2026 18:44,33847.926,35669.836,22.788237,29.543907,1.0148834,23.185394,4.354602,56.85265,88.61925,7.125741,-27.72808,236.79257,0.31540906,22.325811,0.018,55,764.40656
9/1/2026 19:14,32249.123,34107.793,21.685179,31.008595,1.0140978,22.170065,4.090141,52.886322,82.46098,7.076434,-24.8909,235.77213,0.15869096,22.146914,0.018,55,764.40656
9/1/2026 19:44,31156.88,33056.637,20.946268,32.09564,1.0135807,21.486813,3.8818622,49.835583,77.72397,7.0420504,-22.912025,225.83484,36.93007,21.991114,0.018,55,764.40656
9/1/2026 20:14,30305.04,32228.701,20.366758,32.997814,1.0131731,20.948656,3.800682,48.525448,75.69489,7.015174,-21.367073,232.9111,20.78548,21.874983,0.009,55,764.40656
9/1/2026 20:44,29784.393,31741.396,20.025993,33.57463,1.0129424,20.631907,3.6724331,46.70637,72.86937,6.987216,-19.803047,223.9132,0.5187015,21.772009,0.009,55,764.40656
9/1/2026 21:14,29086.953,31077.97,19.563534,34.379677,1.0126253,20.20068,3.544171,44.849167,69.98595,6.9791813,-19.345284,172.21927,0.10134941,21.645802,0.009,55,764.40656
9/1/2026 21:44,28004.148,30050.25,18.849588,35.708996,1.0121396,19.532663,3.2876127,41.267986,64.41909,6.9491353,-17.652512,217.38052,31.983292,21.435112,0.009,55,764.40656
9/1/2026 22:14,26732.602,28743.803,17.949808,37.40751,1.0114846,18.683472,3.1678984,39.484337,61.644352,6.940961,-17.18998,235.7006,28.291214,21.336655,0.009,55,764.40656
9/1/2026 22:44,34460.72,37262.41,23.885056,29.018547,1.0160414,24.220568,5.808152,74.57067,116.47181,7.310218,-38.12313,202.88467,6.298537,21.063446,0.009,55,764.40656
9/1/2026 23:14,40857.234,43609.445,28.459522,24.47547,1.0193406,28.34614,6.1564927,82.130585,128.15239,7.6127677,-55.48477,259.06085,18.849388,21.695787,0.009,55,764.40656
9/1/2026 23:44,42087.535,44630.84,29.213312,23.760004,1.0198251,29.010046,6.1434383,82.795265,129.12283,7.6829348,-59.55696,269.14597,13.006165,22.016472,0.018,55,764.40656
9/2/2026 0:14,42024.98,44602.746,29.19147,23.79537,1.0198201,28.991785,6.149227,82.79963,129.1385,7.688923,-59.890747,272.93683,16.935135,21.97414,0,55,764.40656
9/2/2026 0:44,42133.03,44693.68,29.25864,23.734348,1.0198638,29.050892,6.173274,83.1952,129.74994,7.694168,-60.195923,278.30124,1.5536451,22.00035,0.009,55,764.40656
9/2/2026 1:14,40574.2,42963.3,28.002537,24.646204,1.0188886,27.926146,6.2562675,83.83244,130.72499,7.704192,-60.7872,284.40475,5.3454866,22.088587,0.009,55,764.40656
9/2/2026 1:44,42311.543,44766.43,29.315811,23.634212,1.0198721,29.098179,6.2411714,84.33284,131.49664,7.7107162,-61.16867,281.27194,16.943935,22.128916,0.018,55,764.40656
9/2/2026 2:14,42227.586,44679.62,29.252377,23.681202,1.0198247,29.041754,6.1913114,83.62493,130.39331,7.710641,-61.163902,281.61526,21.579332,22.126682,0.018,55,764.40656
9/2/2026 2:44,42225.414,44736.605,29.2919,23.68242,1.0198725,29.078794,6.1183825,82.561646,128.74911,7.7002883,-60.55832,279.74606,30.773512,22.061111,0,55,764.40656
9/2/2026 3:14,42188.9,44709.426,29.271658,23.702917,1.0198606,29.061127,5.980854,80.67775,125.81396,7.690327,-59.986115,279.95587,17.831535,22.04839,0.009,55,764.40656
9/2/2026 3:44,42122.316,44721.816,29.27778,23.740385,1.0198902,29.069181,5.897517,79.4254,123.87937,7.672302,-58.937073,235.22855,25.39292,21.956755,0.018,55,764.40656
9/2/2026 4:14,41933.95,44691.867,29.249846,23.847027,1.0199198,29.049715,5.618554,75.4006,117.637474,7.611942,-55.451393,245.2755,13.683154,21.769127,0.009,55,764.40656
9/2/2026 4:44,41667.402,44648.72,29.209557,23.999577,1.0199605,29.021667,5.1496267,68.760864,107.32368,7.4952693,-48.742294,235.3859,0.03370138,21.504047,0,55,764.40656
9/2/2026 5:14,41060.812,44192.34,28.869944,24.35412,1.0197598,28.725021,4.88568,64.85436,101.26033,7.422402,-44.550896,258.47913,0.035777777,21.289984,0.009,55,764.40656
9/2/2026 5:44,39553.57,42777.1,27.835205,25.282167,1.019037,27.805117,4.641459,60.977478,95.24192,7.3428698,-39.982796,257.29657,13.934098,21.054634,0.009,55,764.40656
9/2/2026 6:14,36014.65,39150.527,25.22105,27.76648,1.0171192,25.447844,4.2629824,54.90121,85.783875,7.2264743,-33.32138,227.2892,12.4356365,20.806387,0,55,764.40656
9/2/2026 6:44,32422.996,35401.47,22.558397,30.842306,1.015155,23.010954,3.946044,49.83457,77.89205,7.123819,-27.456284,216.22658,0.12741001,20.59507,0,55,764.40656
9/2/2026 7:14,29891.033,32738.248,20.691137,33.45485,1.0137776,21.279861,3.7307625,46.47179,72.652115,7.0572386,-23.655891,200.15717,0.03577187,20.446644,0,55,764.40656
9/2/2026 7:44,28237.156,30994.514,19.479513,35.41433,1.0128856,20.146435,3.5863478,44.268368,69.2181,7.0225787,-21.677017,188.85612,6.930104,20.342264,0,55,764.40656
9/2/2026 8:14,27455.033,30172.76,18.911451,36.423195,1.0124695,19.612293,3.4886765,42.87186,67.04029,7.002118,-20.532608,183.41064,8.32975,20.284178,0,55,764.40656
9/2/2026 8:44,26436.203,29070.145,18.153439,37.826916,1.0119025,18.895596,3.4885643,42.65686,66.70685,6.9845896,-19.555092,210.17075,0.09987436,20.25621,0,55,764.40656
9/2/2026 9:14,25310.902,27753.387,17.256107,39.508667,1.0111909,18.039701,3.6055033,43.967937,68.74325,6.980145,-19.316673,195.76073,0.034726694,20.392317,0,55,764.40656
,,,,,,,,,,,,,,,,,
Log Notes,,,,,,,,,,,,,,,,,
2026-03-30 14:47:30 Started,,,,,,,,,,,,,,,,,
2026-04-22 09:11:09 Paused,,,,,,,,,,,,,,,,,
"2026-04-22 09:23:32 pH Calibrated (Sensor: pH/ORP, Serial Number: 1111279)",,,,,,,,,,,,,,,,,
2026-04-22 09:25:43 Resumed,,,,,,,,,,,,,,,,,
2026-05-12 14:26:11 Paused,,,,,,,,,,,,,,,,,
2026-05-12 14:28:02 Resumed,,,,,,,,,,,,,,,,,
2026-05-12 14:32:15 Paused,,,,,,,,,,,,,,,,,
"2026-05-12 14:37:02 pH Calibrated (Sensor: pH/ORP, Serial Number: 1111279)",,,,,,,,,,,,,,,,,
2026-05-12 14:39:51 Resumed,,,,,,,,,,,,,,,,,
2026-06-10 12:49:26 Paused,,,,,,,,,,,,,,,,,
"2026-06-10 13:00:01 pH Calibrated (Sensor: pH/ORP, Serial Number: 1111279)",,,,,,,,,,,,,,,,,
2026-06-10 13:03:31 Resumed,,,,,,,,,,,,,,,,,
2026-07-08 11:16:07 Paused,,,,,,,,,,,,,,,,,
"2026-07-08 11:38:20 pH Calibrated (Sensor: pH/ORP, Serial Number: 1111279)",,,,,,,,,,,,,,,,,
2026-07-08 11:40:08 Resumed,,,,,,,,,,,,,,,,,
2026-07-08 11:44:08 Hardware Reset,,,,,,,,,,,,,,,,,
2026-08-05 09:29:23 Paused,,,,,,,,,,,,,,,,,
"2026-08-05 09:39:48 pH Calibrated (Sensor: pH/ORP, Serial Number: 1111279)",,,,,,,,,,,,,,,,,
2026-08-05 09:43:14 Resumed,,,,,,,,,,,,,,,,,
