Location Properties,,,,,,,,,,,,,,,,,
Location Name = Fence Creek,,,,,,,,,,,,,,,,,
Location ID = eedcb52e-0ba7-465c-8a88-f9905ba2800d,,,,,,,,,,,,,,,,,
,,,,,,,,,,,,,,,,,
Report Properties,,,,,,,,,,,,,,,,,
Start Time = 2026-08-05 09:44:08,,,,,,,,,,,,,,,,,
Duration = 56.21:49:59,,,,,,,,,,,,,,,,,
Readings = 2732,,,,,,,,,,,,,,,,,
Time Offset = -04:00:00,,,,,,,,,,,,,,,,,
,,,,,,,,,,,,,,,,,
Instrument Properties,,,,,,,,,,,,,,,,,
Device Model = Aqua TROLL 600,,,,,,,,,,,,,,,,,
Device SN = 1005046,,,,,,,,,,,,,,,,,
Device Firmware = 2.45,,,,,,,,,,,,,,,,,
,,,,,,,,,,,,,,,,,
Log Properties,,,,,,,,,,,,,,,,,
Log Name = LOG_0326FENC_1005046,,,,,,,,,,,,,,,,,
Log Type = Linear,,,,,,,,,,,,,,,,,
Log File Number = 1,,,,,,,,,,,,,,,,,
Log ID = bc6c4267-cd6a-4e47-a025-85d14721e7ce,,,,,,,,,,,,,,,,,
Log Wrapping Enabled = True,,,,,,,,,,,,,,,,,
Interval = 00:30:00,,,,,,,,,,,,,,,,,
,,,,,,,,,,,,,,,,,
,,,,,,,,,,,,,,,,,
Date Time,Actual Conductivity (µS/cm) (1026324),Specific Conductivity (µS/cm) (1026324),Salinity (PSU) (1026324),Resistivity (Ω⋅cm) (1026324),Density (g/cm³) (1026324),Total Dissolved Solids (ppt) (1026324),RDO Concentration (mg/L) (1003555),RDO Saturation (%Sat) (1003555),Oxygen Partial Pressure (Torr) (1003555),pH (pH) (1111279),pH mV (mV) (1111279),ORP (mV) (1111279),Chlorophyll-a Fluorescence (RFU) (1007125),Temperature (°C) (1005046),External Voltage (V) (1005046),Battery Capacity (%) (1005046),Barometric Pressure (mm Hg) (1005046)
8/5/2026 9:44,18545.521,19315.752,11.639865,53.921375,1.0063338,12.555239,5.984873,74.048294,115.30938,7.5273757,-50.816536,70.28103,0.03567495,22.912262,0.162,63,764.40656
8/5/2026 10:14,17381.637,18106.625,10.849546,57.531982,1.0057418,11.769306,4.5135746,55.58169,86.55412,7.13918,-28.553009,133.90063,0.033576347,22.903667,0.027,63,764.40656
8/5/2026 10:44,16620.162,17201.945,10.263781,60.167885,1.0052189,11.181264,4.594931,56.73363,88.29846,7.026921,-22.13955,118.255615,0.03504656,23.22928,0.027,63,764.40656
8/5/2026 11:14,15930.637,16365.589,9.725114,62.77213,1.004717,10.637633,4.9339924,61.15768,95.120605,6.921155,-16.207695,154.16145,0.03545116,23.608522,0.045,63,764.40656
8/5/2026 11:44,15914.239,16197.846,9.619113,62.836807,1.0045143,10.5286,5.1280365,64.07942,99.57995,6.918496,-16.083717,169.52515,0.03382571,24.083303,0.054,63,764.40656
8/5/2026 12:14,15829.799,15938.758,9.454457,63.171997,1.0042433,10.360193,5.5954027,70.56763,109.54959,6.912474,-15.773773,180.71652,0.033977445,24.642088,0.063,63,764.40656
8/5/2026 12:44,37808.15,36197.473,23.237755,26.449326,1.0137876,23.528357,9.767637,139.57732,215.50945,7.8608055,-70.98198,153.31744,0.039608493,27.329683,0.09,63,764.40656
8/5/2026 13:14,42925.676,42476.215,27.730474,23.29608,1.0176963,27.60954,9.693532,137.83536,213.60182,7.9540925,-75.96016,151.15262,0.029553898,25.554003,0.063,63,764.40656
8/5/2026 13:44,43388.08,43249.36,28.286135,23.047806,1.0182292,28.112083,9.618017,136.28622,211.3601,7.9641256,-76.441765,153.31268,0.036877517,25.167929,0.054,63,764.40656
8/5/2026 14:14,43347.79,43370.836,28.370752,23.069227,1.0183508,28.191044,9.620292,135.92444,210.8782,7.978536,-77.22378,155.98297,0.05598152,24.97218,0.054,63,764.40656
8/5/2026 14:44,43464.137,43409.492,28.40086,23.007475,1.0183458,28.21617,9.753016,138.04648,214.13199,7.992066,-78.02963,154.4857,0.052717395,25.06591,0.054,63,764.40656
8/5/2026 15:14,43821.43,43280.297,28.31805,22.819885,1.0181081,28.132193,10.281644,146.93915,227.66461,8.026724,-80.189705,164.94751,1.058891,25.654606,0.063,63,764.40656
8/5/2026 15:44,43742.14,43496.184,28.468725,22.86125,1.0183287,28.272518,10.260481,145.86249,226.15541,8.027151,-80.11818,166.893,0.82211566,25.296057,0.054,63,764.40656
8/5/2026 16:14,43622.016,43622.96,28.555252,22.924204,1.0184821,28.354925,9.918175,140.34538,217.72592,8.012763,-79.20742,165.01427,0.6315855,24.998863,0.045,63,764.40656
8/5/2026 16:44,43601.457,43669.145,28.587294,22.935013,1.0185297,28.384945,9.688627,136.93282,212.4642,8.006359,-78.816414,173.68317,0.6069302,24.918848,0.045,63,764.40656
8/5/2026 17:14,43695.406,43653.63,28.57869,22.8857,1.0184845,28.374859,9.622723,136.30339,211.43459,7.999402,-78.44925,203.52364,0.64728206,25.050108,0.045,63,764.40656
8/5/2026 17:44,43943.137,43690.22,28.610529,22.756681,1.0184333,28.398642,9.530601,135.61209,210.25958,7.9884357,-77.88181,201.6449,0.7040668,25.303085,0.063,63,764.40656
8/5/2026 18:14,44315.254,43640.164,28.583666,22.565594,1.0182611,28.366106,8.820217,126.5788,196.05817,7.9207735,-74.095726,207.92484,0.34342164,25.80992,0.063,63,764.40656
8/5/2026 18:44,44745.52,43696.81,28.63303,22.348606,1.0181625,28.402925,7.8267775,113.21029,175.19351,7.8095155,-67.75379,207.27634,0.08481332,26.256527,0.072,63,764.40656
8/5/2026 19:14,44490.133,43305.207,28.349857,22.476894,1.0178959,28.148384,7.1488605,103.548096,160.18326,7.699215,-61.392784,210.82878,0.14690739,26.432575,0.072,63,764.40656
8/5/2026 19:44,42804.117,41472.59,27.019817,23.362238,1.016821,26.957184,6.4902186,93.69934,144.87303,7.559752,-53.343773,207.20482,0.30193946,26.680954,0.081,63,764.40656
8/5/2026 20:14,38944.312,37608.086,24.238735,25.67769,1.0146809,24.445257,5.751623,81.996544,126.731026,7.3634267,-41.96644,204.01955,0.48813552,26.860228,0.09,63,764.40656
8/5/2026 20:44,34465.902,33253.215,21.1522,29.014183,1.0123551,21.61459,5.0448337,70.74331,109.32706,7.1730604,-30.908585,196.95758,0.42175394,26.909332,0.09,63,764.40656
8/5/2026 21:14,31539.367,30455.904,19.197695,31.706408,1.0109069,19.796339,4.538039,62.89152,97.20248,7.059174,-24.285316,183.60614,0.51828766,26.862555,0.081,63,764.40656
8/5/2026 21:44,29564.777,28607.312,17.918392,33.82403,1.0099833,18.594753,4.0878386,56.139877,86.78756,6.9898033,-20.284653,186.60545,0.37717888,26.752317,0.081,63,764.40656
8/5/2026 22:14,28508.328,27638.61,17.25196,35.07747,1.009516,17.965097,3.8359978,52.389275,81.00722,6.9595747,-18.558502,199.9569,0.4472212,26.647516,0.081,63,764.40656
8/5/2026 22:44,26954.78,26204.373,16.270811,37.09917,1.008826,17.032843,3.6218648,49.06621,75.892296,6.9300385,-16.870499,207.32404,0.48408148,26.499304,0.081,63,764.40656
8/5/2026 23:14,25423.967,24806.092,15.320453,39.332966,1.0081723,16.12396,3.495362,46.93977,72.63247,6.906559,-15.525818,214.44797,0.3249076,26.304092,0.081,63,764.40656
8/5/2026 23:44,24425.145,23885.502,14.69839,40.941418,1.0077419,15.525577,3.2679138,43.639004,67.54174,6.8865986,-14.386177,207.76273,0.38641387,26.182873,0.072,63,764.40656
8/6/2026 0:14,22862.94,22429.111,13.720323,43.738907,1.0070591,14.578922,3.169683,41.968746,64.979034,6.8717017,-13.532639,205.79338,0.28022528,26.012678,0.063,63,764.40656
8/6/2026 0:44,22019.156,21652.814,13.201854,45.415,1.0067074,14.074329,3.0093005,39.639862,61.38895,6.8409514,-11.782646,200.79613,0.18035735,25.885809,0.063,63,764.40656
8/6/2026 1:14,20221.123,19960.332,12.079403,49.453236,1.0059245,12.974216,2.7484682,35.846836,55.537148,6.8333526,-11.343956,202.0502,0.29314733,25.684053,0.063,63,764.40656
8/6/2026 1:44,34545.094,34766.87,22.19215,28.94767,1.0137916,22.598465,5.165593,70.08272,108.79195,7.3067546,-38.39016,193.82,0.24446927,24.666023,0.063,63,764.40656
8/6/2026 2:14,40115.832,40718.37,26.431425,24.927814,1.0171071,26.46694,6.3900614,88.136894,136.92998,7.6610427,-58.74157,225.30078,0.8675212,24.225248,0.036,63,764.40656
8/6/2026 2:44,41076.72,41891.81,27.27458,24.34469,1.0178124,27.229675,6.7799506,93.56629,145.42969,7.738348,-63.142776,206.275,0.70370996,23.981306,0.036,63,764.40656
8/6/2026 3:14,41273.332,42208.156,27.50068,24.22872,1.018023,27.435303,6.9582596,95.91403,149.11664,7.7705307,-64.964294,196.39969,0.8553321,23.840422,0.027,63,764.40656
8/6/2026 3:44,41294.965,42317.176,27.577312,24.216028,1.0181108,27.506165,6.941924,95.553986,148.58485,7.775491,-65.226555,200.62447,0.6853442,23.735292,0.027,63,764.40656
8/6/2026 4:14,41308.54,42393.39,27.630829,24.20807,1.0181723,27.555704,6.9381976,95.405785,148.37422,7.781169,-65.5365,216.52222,0.7883698,23.660202,0.027,63,764.40656
8/6/2026 4:44,41413.055,42523.86,27.724834,24.146975,1.0182513,27.640509,6.923099,95.203064,148.06628,7.7834325,-65.66048,230.01193,0.65941465,23.63236,0.027,63,764.40656
8/6/2026 5:14,41441.69,42566.586,27.755466,24.13029,1.0182788,27.668282,6.8394995,94.04335,146.26677,7.77495,-65.169334,239.8634,0.6430242,23.616402,0.027,63,764.40656
8/6/2026 5:44,41464.78,42589.176,27.771893,24.116852,1.0182909,27.682964,6.4638844,88.88924,138.25018,7.733056,-62.761307,223.45065,0.41943502,23.617748,0.027,63,764.40656
8/6/2026 6:14,41381.305,42477.34,27.691475,24.165503,1.0182214,27.610271,6.238495,85.797455,133.43408,7.706566,-61.244965,206.50388,0.28944418,23.649069,0.027,63,764.40656
8/6/2026 6:44,41316.008,42351.562,27.601889,24.203693,1.0181336,27.528515,5.8700695,80.78961,125.62995,7.6618667,-58.689117,222.19658,0.19983925,23.719824,0.027,63,764.40656
8/6/2026 7:14,40135.082,41019.742,26.64148,24.915857,1.0173663,26.662834,5.172206,70.98178,110.3487,7.528163,-51.026344,224.57123,0.10083856,23.870855,0.036,63,764.40656
8/6/2026 7:44,38727.26,39506.234,25.55378,25.821604,1.0165191,25.679052,4.501907,61.50304,95.59629,7.416025,-44.589043,198.35472,0.036990765,23.967657,0.036,63,764.40656
8/6/2026 8:14,32641.473,33117.73,21.02675,30.635872,1.0130337,21.526524,3.7185242,49.74549,77.2818,7.169461,-30.42698,176.11981,0.038502313,24.247084,0.036,63,764.40656
8/6/2026 8:44,28091.914,28406.566,17.760399,35.59743,1.0105321,18.464268,3.2502866,42.808815,66.48415,7.017188,-21.66748,167.78946,0.041015804,24.420065,0.045,63,764.40656
8/6/2026 9:14,26104.209,26300.771,16.322557,38.308,1.0094011,17.0955,3.1223488,40.925198,63.536488,6.9539576,-18.115044,174.61777,0.10981067,24.60871,0.045,63,764.40656
8/6/2026 9:44,24032.672,24152.117,14.868857,41.610023,1.0082747,15.698876,3.0454364,39.681496,61.590324,6.9172754,-16.050339,171.43726,0.14082395,24.741074,0.054,63,764.40656
8/6/2026 10:14,22545.666,22558.986,13.8013525,44.354424,1.0074118,14.6633415,3.1270344,40.663353,63.086998,6.900278,-15.101433,194.00119,0.08715861,24.969088,0.054,63,764.40656
8/6/2026 10:44,21548.396,21430.045,13.0506935,46.407166,1.0067612,13.929529,3.3456116,43.568687,67.55284,6.874975,-13.685226,199.79001,0.07720545,25.289146,0.063,63,764.40656
8/6/2026 11:14,20166.61,19825.771,11.991555,49.586918,1.0057982,12.886751,3.6599233,47.893963,74.16967,6.871371,-13.508797,220.52765,0.080653384,25.900084,0.072,63,764.40656
8/6/2026 11:44,20059.969,19557.879,11.816694,49.850525,1.0055419,12.712622,3.9141104,51.572502,79.79441,6.861701,-12.979507,231.9002,0.320586,26.344084,0.09,63,764.40656
8/6/2026 12:14,19229.055,18542.44,11.15175,52.004635,1.0048747,12.052586,4.363246,57.87692,89.437706,6.8622537,-13.036728,239.73465,0.039290253,26.93871,0.099,63,764.40656
8/6/2026 12:44,19244.984,18408.041,11.064786,51.96159,1.0046816,11.965227,4.5915184,61.346054,94.70881,6.8632555,-13.113022,247.84564,0.05921792,27.380426,0.135,63,764.40656
8/6/2026 13:14,17942.615,16630.879,9.909871,55.733234,1.0032979,10.810072,5.3096223,72.64303,111.70435,6.9321127,-17.137527,242.64813,0.25464386,29.129505,0.153,63,764.40656
8/6/2026 13:44,43603.156,41604.965,27.127256,22.93412,1.016643,27.043228,9.903644,145.08762,223.92737,7.951918,-76.33209,233.48808,0.03775764,27.514542,0.126,63,764.40656
8/6/2026 14:14,44036.85,41769.72,27.251036,22.708254,1.0166328,27.150318,10.162801,149.8042,231.04016,7.9971104,-79.050064,233.02554,0.07273993,27.841724,0.108,63,764.40656
8/6/2026 14:44,44155.83,42062.1,27.460785,22.647066,1.0168642,27.340366,9.923095,145.86746,225.08582,7.9859776,-78.33958,227.50854,0.31057444,27.606125,0.099,63,764.40656
8/6/2026 15:14,44265.465,41428.066,27.011034,22.590975,1.0162157,26.928244,10.119447,150.81758,232.21075,8.002252,-79.545975,237.60796,0.61471605,28.585854,0.117,63,764.40656
8/6/2026 15:44,44223.883,42603.883,27.846912,22.612217,1.017346,27.692524,9.939914,144.92798,223.93372,8.004235,-79.2408,236.26328,0.62535214,26.990822,0.108,63,764.40656
8/6/2026 16:14,44090.047,43012.414,28.134176,22.680857,1.0177708,27.958069,10.206608,147.35623,228.00879,8.03659,-80.93834,242.28096,1.0267184,26.311726,0.072,63,764.40656
8/6/2026 16:44,44630.637,43177.22,28.261684,22.406134,1.0177281,28.065193,10.868368,158.22493,244.59735,8.093754,-84.3811,241.47034,1.6384158,26.762392,0.072,63,764.40656
8/6/2026 17:14,44214.926,43470.355,28.46121,22.616796,1.0181427,28.255732,10.373308,148.98459,230.72247,8.062316,-82.3164,234.11751,1.1978639,25.896767,0.072,63,764.40656
8/6/2026 17:44,44411.953,43506.35,28.490936,22.51646,1.0181065,28.279129,9.9817,143.85643,222.6941,8.037049,-80.90496,231.65703,1.0817807,26.089808,0.072,63,764.40656
8/6/2026 18:14,44470.707,43451.28,28.453114,22.486712,1.0180358,28.243334,9.94708,143.6645,222.33438,8.037144,-80.947876,234.72308,0.9638316,26.228342,0.072,63,764.40656
8/6/2026 18:44,44781.773,43399.33,28.42242,22.330513,1.017878,28.209564,9.813437,142.76816,220.74673,8.029103,-80.599785,244.15494,1.0088633,26.667753,0.081,63,764.40656
8/6/2026 19:14,45060.016,43296.473,28.354393,22.192625,1.0176828,28.142708,8.883118,130.19873,201.11417,7.947929,-76.003075,244.64607,0.58196974,27.132555,0.09,63,764.40656
8/6/2026 19:44,45262.37,43014.133,28.15653,22.093407,1.0173446,27.959187,7.5928106,112.29195,173.22618,7.7991056,-67.481995,237.91791,0.47204384,27.736517,0.099,63,764.40656
8/6/2026 20:14,44971.39,42231.277,27.593424,22.236359,1.0167123,27.45033,6.552813,97.67259,150.44986,7.6179547,-57.048798,239.37225,0.3638314,28.397041,0.108,63,764.40656
8/6/2026 20:44,43754.582,40819.36,26.571026,22.85475,1.0158291,26.532583,5.7913184,86.35652,132.90605,7.4567127,-47.688484,233.7265,0.4274253,28.764795,0.126,63,764.40656
8/6/2026 21:14,40202.027,37412.508,24.118261,24.874367,1.0139515,24.31813,5.130769,75.646965,116.38573,7.27028,-36.80229,222.33487,0.32798174,28.903725,0.126,63,764.40656
8/6/2026 21:44,36169.395,33650.723,21.446636,27.647684,1.0119529,21.87297,4.3684125,63.47646,97.6575,7.1000094,-26.841164,187.62589,0.4216899,28.918713,0.135,63,764.40656
8/6/2026 22:14,33893.418,31577.518,19.991314,29.504253,1.0108926,20.525385,3.8450155,55.349476,85.17005,7.0095673,-21.543503,207.93439,0.5033787,28.839798,0.126,63,764.40656
8/6/2026 22:44,32844.46,30676.938,19.362637,30.446533,1.0104681,19.940008,3.3756618,48.3101,74.36249,6.955274,-18.439293,224.061,0.63665485,28.699287,0.126,63,764.40656
8/6/2026 23:14,31813.943,29799.012,18.752092,31.432758,1.0100626,19.369358,2.962721,42.144035,64.89516,6.916782,-16.226768,225.15775,0.43503788,28.540182,0.117,63,764.40656
8/6/2026 23:44,31392.203,29459.9,18.5167,31.855043,1.0099201,19.148935,2.7194805,38.564373,59.397537,6.897043,-15.091896,216.40778,0.3197485,28.434084,0.117,63,764.40656
8/7/2026 0:14,30434.496,28651.605,17.957457,32.857452,1.0095576,18.623545,2.3890514,33.6731,51.88479,6.877181,-13.947487,219.39755,0.26860157,28.257935,0.117,63,764.40656
8/7/2026 0:44,30015.102,28315.453,17.725298,33.316563,1.0094199,18.405045,2.1801677,30.62938,47.20724,6.8587523,-12.888908,212.91733,0.31780148,28.142693,0.108,63,764.40656
8/7/2026 1:14,27177.701,25800.951,16.00265,36.794872,1.0082413,16.770618,2.1528244,29.77874,45.932083,6.83763,-11.668205,175.37595,0.31719577,27.793741,0.099,63,764.40656
8/7/2026 1:44,28093.08,26665.357,16.592041,35.595955,1.0086781,17.332483,1.8987283,26.354704,40.649834,6.8205,-10.690689,197.1388,0.23110472,27.80326,0.099,63,764.40656
8/7/2026 2:14,25403.553,24256.625,14.954592,39.364574,1.007555,15.766807,1.8971359,25.946718,40.049423,6.8166904,-10.461807,176.40114,0.20895764,27.475555,0.09,63,764.40656
8/7/2026 2:44,38228.14,38178.906,24.622322,26.158741,1.0155026,24.81629,5.1532226,71.3897,110.73641,7.371565,-42.185783,180.29213,0.48107955,25.06752,0.072,63,764.40656
8/7/2026 3:14,42101.176,42676.156,27.850615,23.752306,1.0181566,27.739502,6.4554377,89.874146,139.6112,7.706571,-61.37848,228.37639,1.0395712,24.294603,0.045,63,764.40656
8/7/2026 3:44,42408.246,43080.734,28.142351,23.58032,1.0184089,28.002478,6.7670307,94.18563,146.33871,7.7600408,-64.435005,225.358,0.8675577,24.182728,0.036,63,764.40656
8/7/2026 4:14,42408.688,43160.812,28.198463,23.580074,1.0184786,28.05453,6.854492,95.27515,148.05719,7.776714,-65.374374,238.13724,1.0006375,24.087639,0.036,63,764.40656
8/7/2026 4:44,42433.523,43219.4,28.24019,23.566273,1.0185214,28.09261,6.708233,93.19965,144.84235,7.7653522,-64.71157,242.80548,1.0169972,24.047989,0.027,63,764.40656
8/7/2026 5:14,42399.633,43242.402,28.255339,23.58511,1.0185525,28.107561,6.790081,94.23221,146.4652,7.7805233,-65.56988,245.93353,1.0244925,23.979612,0.036,63,764.40656
8/7/2026 5:44,42339.043,43236.113,28.249208,23.618862,1.0185668,28.103474,6.740793,93.4369,145.24634,7.7713294,-65.02628,235.17133,0.7072956,23.913708,0.036,63,764.40656
8/7/2026 6:14,42266.234,43182.438,28.20956,23.659548,1.018544,28.068584,6.598885,91.40967,142.1013,7.7575,-64.2252,249.3906,0.34062362,23.889162,0.036,63,764.40656
8/7/2026 6:44,42338.145,43234.24,28.247879,23.619364,1.0185655,28.102255,6.258664,86.754906,134.859,7.7081814,-61.392784,243.03912,0.10128955,23.914845,0.036,63,764.40656
8/7/2026 7:14,42327.117,43189.305,28.216103,23.625517,1.0185301,28.073048,6.1954536,85.92313,133.55638,7.7071266,-61.340332,248.20804,0.23425803,23.954819,0.036,63,764.40656
8/7/2026 7:44,42425.203,43191.133,28.220165,23.570894,1.0184997,28.074236,5.872862,81.61784,126.83752,7.663889,-58.875084,247.81705,0.19545749,24.071547,0.036,62,764.40656
8/7/2026 8:14,42351.996,42969.19,28.062664,23.611637,1.0183301,27.929974,5.394783,75.13754,116.72925,7.5863037,-54.4405,242.30957,0.06952371,24.247976,0.045,62,764.40656
8/7/2026 8:44,40030.863,40268.62,26.116217,24.980726,1.0167356,26.174604,4.620594,64.136116,99.55616,7.4021597,-43.89763,242.19037,0.065660544,24.690878,0.045,62,764.40656
8/7/2026 9:14,36149.074,35935.816,23.028181,27.663225,1.0142343,23.35828,3.9591048,54.582706,84.62644,7.1946316,-31.991005,232.72514,0.055180553,25.310701,0.054,62,764.40656
8/7/2026 9:44,32670.238,32101.729,20.336031,30.608898,1.0120354,20.866123,3.580983,49.14636,76.10501,7.0566945,-24.065971,217.81921,0.18466465,25.927208,0.063,62,764.40656
8/7/2026 10:14,30655.41,29829.902,18.760462,32.62067,1.0107027,19.389437,3.4838974,47.821342,73.97454,6.9891577,-20.227432,220.54196,0.12127357,26.448895,0.081,62,764.40656
8/7/2026 10:44,28927.55,27882.338,17.421173,34.569122,1.0095493,18.12352,3.519721,48.378265,74.755554,6.951442,-18.115044,226.66455,0.17152722,26.962646,0.081,62,764.40656
8/7/2026 11:14,28170.38,26861.48,16.724915,35.498276,1.0088534,17.45996,3.7557592,51.94476,80.16482,6.942459,-17.638206,246.2244,0.23281991,27.55119,0.099,62,764.40656
8/7/2026 11:44,27360.246,25824.623,16.020018,36.549377,1.0081574,16.786005,3.9897163,55.4948,85.5365,6.9297,-16.942024,254.47845,0.26677448,28.113274,0.117,62,764.40656
8/7/2026 12:14,26205.361,24386.098,15.046563,38.16013,1.0071884,15.850964,4.1702967,58.47572,89.96665,6.9224305,-16.570091,260.6392,0.13572598,28.90589,0.135,62,764.40656
8/7/2026 12:44,26008.447,23974.484,14.76962,38.449047,1.0068151,15.583415,4.3061357,60.8356,93.477776,6.916518,-16.260147,252.37561,0.30925176,29.44181,0.162,62,764.40656
8/7/2026 13:14,25126.02,22929.086,14.066636,39.79938,1.0061109,14.903906,4.4263783,62.896194,96.50764,6.905782,-15.673637,241.84227,0.19122466,30.016453,0.18,62,764.40656
8/7/2026 13:44,24740.537,22463.36,13.754515,40.419495,1.0057863,14.601183,4.769428,67.98455,104.23892,6.91687,-16.326904,252.1944,0.06274913,30.307487,0.207,62,764.40656
8/7/2026 14:14,23922.633,21264.426,12.953814,41.80142,1.0047909,13.821877,5.68181,82.308586,125.79372,7.0479045,-23.999214,245.05615,0.5174465,31.544884,0.225,62,764.40656
8/7/2026 14:44,44753.184,42859.668,28.038033,22.34478,1.017389,27.858784,9.8250885,144.18555,222.63263,8.008263,-79.56028,242.62428,0.036972106,27.313057,0.135,62,764.40656
8/7/2026 15:14,44313.496,43509.37,28.490978,22.566488,1.0181437,28.281092,9.583409,137.82913,213.41637,8.000668,-78.76396,244.97986,0.04025369,25.967623,0.072,62,764.40656
8/7/2026 15:44,44276.76,43556.168,28.523335,22.58521,1.0181987,28.31151,9.778118,140.41241,217.46065,8.024838,-80.13725,238.87634,0.04389058,25.866175,0.063,62,764.40656
8/7/2026 16:14,43883.41,43550.17,28.510185,22.787655,1.0183287,28.307613,9.402421,133.93623,207.62186,7.9954166,-78.31097,252.90489,0.15286738,25.40062,0.063,62,764.40656
8/7/2026 16:44,43833.66,43625.414,28.562147,22.813519,1.0184127,28.35652,9.307603,132.2817,205.11716,7.991563,-78.048706,257.5302,0.3909375,25.24992,0.063,62,764.40656
8/7/2026 17:14,43575.29,43662.58,28.582008,22.948786,1.0185326,28.380674,9.1701565,129.54846,201.01567,7.981111,-77.35252,262.36057,0.5315427,24.89533,0.054,62,764.40656
8/7/2026 17:44,43516.242,43683.656,28.595356,22.979925,1.018571,28.394377,8.988575,126.782265,196.75925,7.9754286,-76.999664,250.92603,0.6446494,24.799349,0.045,62,764.40656
8/7/2026 18:14,43299.465,43637.254,28.557062,23.094975,1.018602,28.364216,8.640545,121.41551,188.50285,7.9546843,-75.75035,237.65564,0.48914605,24.59472,0.054,62,764.40656
8/7/2026 18:44,43349.402,43688.85,28.59468,23.068369,1.0186307,28.397753,8.498897,119.44742,185.44786,7.947002,-75.30689,164.07489,0.57889444,24.593208,0.045,62,764.40656
8/7/2026 19:14,43252.207,43621.42,28.544685,23.120207,1.0186038,28.353926,8.187595,114.96687,178.5037,7.9148307,-73.44246,164.00815,0.9901511,24.556854,0.045,62,764.40656
8/7/2026 19:44,43418.23,43670.223,28.58337,23.0318,1.0185918,28.385647,8.010794,112.784676,175.06926,7.8938966,-72.26944,183.27237,0.9058143,24.697887,0.045,62,764.40656
8/7/2026 20:14,43583.324,43649.91,28.573275,22.944555,1.0185187,28.372442,7.391004,104.45376,162.06947,7.818222,-67.95406,191.88403,0.5728823,24.920134,0.054,62,764.40656
8/7/2026 20:44,43955.395,43719.516,28.631517,22.750336,1.0184551,28.417685,6.5322046,92.92578,144.08244,7.7016425,-61.297417,196.30432,0.21946478,25.282478,0.054,62,764.40656
8/7/2026 21:14,44260.543,43580.65,28.540314,22.593487,1.0182264,28.327421,5.6200533,80.643005,124.90641,7.514733,-50.582886,179.87729,0.039497882,25.816797,0.063,62,764.40656
8/7/2026 21:44,43692.375,42493.81,27.758926,22.88729,1.0174385,27.620975,5.327774,76.97122,119.059456,7.4122486,-44.7464,171.75674,0.08361074,26.476734,0.072,62,764.40656
8/7/2026 22:14,41233.902,39646.145,25.70465,24.251888,1.0157068,25.769993,4.772316,68.87319,106.39453,7.260291,-36.001205,187.19673,0.15428765,27.096766,0.09,62,764.40656
8/7/2026 22:44,37606.87,35836.617,22.983652,26.590885,1.0135183,23.293802,4.0726027,58.36666,90.0686,7.098604,-26.640892,177.89365,0.34976432,27.58628,0.099,62,764.40656
8/7/2026 23:14,35969.242,34201.47,21.826756,27.80153,1.0126164,22.230955,3.5246239,50.28961,77.58403,7.011855,-21.595955,161.95297,0.20986003,27.706135,0.099,62,764.40656
8/7/2026 23:44,35157.684,33454.363,21.29992,28.443285,1.0122352,21.745337,3.1648672,44.993065,69.41899,6.967328,-19.06395,154.82425,0.27952376,27.665695,0.099,62,764.40656
8/8/2026 0:14,34525.254,32909.484,20.916227,28.964306,1.0119776,21.391165,2.836324,40.17114,61.9923,6.936588,-17.30442,160.8181,0.13935114,27.570545,0.108,62,764.40656
8/8/2026 0:44,33860.3,32346.525,20.520592,29.53311,1.0117186,21.025242,2.5471466,35.922276,55.450012,6.9102,-15.792847,159.16348,0.3878083,27.450197,0.09,62,764.40656
8/8/2026 1:14,33206.2,31795.611,20.134287,30.114859,1.0114688,20.667147,2.269703,31.871017,49.210064,6.889402,-14.600754,167.84192,0.27719107,27.322731,0.099,62,764.40656
8/8/2026 1:44,32726.617,31423.578,19.873455,30.556168,1.0113198,20.425325,1.9699925,27.550682,42.553215,6.8638344,-13.136864,172.05716,0.3084107,27.171043,0.09,62,764.40656
8/8/2026 2:14,31805.953,30613.42,19.30843,31.440655,1.0109369,19.898724,1.8005637,25.045097,38.694122,6.860502,-12.94136,174.08847,0.21668808,27.039507,0.09,62,764.40656
8/8/2026 2:44,31366.377,30281.941,19.077026,31.881271,1.0108131,19.683262,1.3787417,19.09875,29.517448,6.847305,-12.183189,190.78732,0.19338134,26.874937,0.081,62,764.40656
8/8/2026 3:14,30998.943,29982.98,18.86897,32.259163,1.0106876,19.48894,1.2958819,17.898886,27.668917,6.839582,-11.739731,166.58307,0.077670746,26.774063,0.072,62,764.40656
8/8/2026 3:44,30018.377,29540.86,18.555557,33.312927,1.0107251,19.20156,1.9671943,26.690212,41.337517,6.8971405,-14.967918,150.00343,0.071505986,25.846315,0.072,62,764.40656
8/8/2026 4:14,41945.867,43015.86,28.083813,23.84025,1.0185035,27.960308,5.8350983,80.49974,125.18414,7.6488404,-57.935715,189.4188,0.35974807,23.697678,0.036,62,764.40656
8/8/2026 4:44,42422.098,43609.652,28.512959,23.57262,1.0188626,28.346275,6.24639,86.19949,134.07713,7.722514,-62.146187,183.05301,0.2646617,23.574268,0.027,62,764.40656
8/8/2026 5:14,42397.945,43601.145,28.50628,23.586048,1.018863,28.340744,6.458076,89.087234,138.57346,7.750626,-63.757896,166.64505,0.122448325,23.555204,0.027,62,764.40656
8/8/2026 5:44,42216.35,43427.812,28.379652,23.687504,1.0187718,28.228077,6.4564905,88.975784,138.40398,7.7512655,-63.791275,153.71799,0.2224237,23.539478,0.027,62,764.40656
8/8/2026 6:14,42372.094,43595.508,28.50156,23.60044,1.0188664,28.33708,6.3330255,87.3222,135.83383,7.7375245,-62.999725,156.88896,0.040971924,23.530743,0.027,62,764.40656
8/8/2026 6:44,42386.277,43614.285,28.51511,23.59254,1.018878,28.349287,6.085788,83.91251,130.53105,7.7164674,-61.78856,165.61984,0.081234,23.525858,0.018,62,764.40656
8/8/2026 7:14,42374.527,43593.383,28.500143,23.599083,1.0188638,28.3357,6.125142,84.463135,131.38521,7.716679,-61.802864,148.3345,0.040999003,23.536144,0.036,62,764.40656
8/8/2026 7:44,42399.938,43587.67,28.49692,23.58494,1.0188508,28.331987,5.94939,82.09188,127.68825,7.6904116,-60.300827,183.21991,0.058126744,23.573334,0.027,62,764.40656
8/8/2026 8:14,42434.297,43552.293,28.473211,23.565844,1.0188093,28.308992,5.823305,80.45819,125.1288,7.668804,-59.075356,193.19534,0.03898503,23.65601,0.027,62,764.40656
8/8/2026 8:44,42540.734,43514.688,28.450035,23.506882,1.0187429,28.284546,5.806768,80.462074,125.0964,7.663981,-58.83217,192.58023,0.0402765,23.82816,0.036,62,764.40656
8/8/2026 9:14,42692.05,43500.984,28.444782,23.423565,1.018682,28.27564,5.579236,77.5758,120.5659,7.612687,-55.918694,183.58707,0.034532625,24.026402,0.036,62,764.40656
8/8/2026 9:44,42690.04,43270.4,28.283031,23.424667,1.0184819,28.12576,5.360465,74.81888,116.22356,7.537152,-51.617622,175.18044,0.034599036,24.297781,0.036,62,764.40656
8/8/2026 10:14,39744.01,39720.203,25.727448,25.161024,1.016344,25.818132,4.756248,66.26433,102.793304,7.3491983,-40.888786,196.60474,0.03484455,25.03138,0.054,62,764.40656
8/8/2026 10:44,36358.242,35903.008,23.00964,27.50408,1.0141172,23.336956,4.2114143,58.412212,90.50109,7.1720643,-30.722618,198.0257,0.0372084,25.66385,0.063,62,764.40656
8/8/2026 11:14,33556.11,32754.646,20.796457,29.800833,1.0122763,21.29052,4.0389805,55.917877,86.52886,7.075359,-25.177002,192.08908,0.03365788,26.281082,0.081,62,764.40656
8/8/2026 11:44,32008.004,30898.295,19.50533,31.242186,1.0111318,20.08389,4.003023,55.589813,85.91404,7.025674,-22.33982,182.70016,0.040966574,26.880363,0.09,62,764.40656
8/8/2026 12:14,30303.768,28922.984,18.140713,32.9992,1.0099258,18.79994,4.0986114,57.08639,88.10969,7.0027757,-21.05236,189.61429,0.037330158,27.499474,0.099,62,764.40656
8/8/2026 12:44,29841.805,28180.396,17.632078,33.510036,1.0093676,18.317259,4.289264,60.17169,92.75077,6.9875565,-20.246506,172.47678,0.0408409,28.086712,0.117,62,764.40656
8/8/2026 13:14,28204.531,26248.117,16.311245,35.455296,1.0081311,17.061275,4.5033584,63.58563,97.82921,6.9974294,-20.837784,230.4697,0.14624348,28.902372,0.135,62,764.40656
8/8/2026 13:44,28007.863,25813.38,16.016354,35.704258,1.0077397,16.778698,4.7814817,68.02738,104.526085,6.9886174,-20.399094,205.15918,0.17839213,29.45096,0.153,62,764.40656
8/8/2026 14:14,27492.559,25163.34,15.5751095,36.373478,1.0072862,16.35617,4.4577255,63.687355,97.76291,7.0113497,-21.719933,197.66808,0.3117,29.846285,0.171,62,764.40656
8/8/2026 14:44,27579.8,25022.904,15.480495,36.25842,1.0070546,16.264887,4.3403215,62.499973,95.81926,6.9875646,-20.399094,155.58719,0.037019335,30.349855,0.189,62,764.40656
8/8/2026 15:14,25318.227,22626.143,13.863896,39.49724,1.0055691,14.706993,5.984561,86.67222,132.57474,7.107607,-27.49443,164.92844,0.039821655,31.229382,0.207,62,764.40656
8/8/2026 15:44,44636.363,42698.426,27.921282,22.40326,1.0172817,27.753979,8.549635,125.5187,193.78319,7.936057,-75.37365,168.99585,0.115468785,27.376266,0.135,62,764.40656
8/8/2026 16:14,44310.516,43566.36,28.531282,22.568007,1.0181962,28.318134,8.458884,121.532166,188.20969,7.9457664,-75.564384,188.68924,0.36699727,25.894293,0.072,62,764.40656
8/8/2026 16:44,44308.203,43688.715,28.61789,22.569183,1.0183072,28.397665,8.449599,121.144,187.66545,7.9486527,-75.69313,187.09659,0.712566,25.742386,0.063,62,764.40656
8/8/2026 17:14,43729.02,43447.87,28.434309,22.868109,1.01829,28.241117,8.3289,118.46681,183.66399,7.9354935,-74.830055,181.49854,0.776441,25.338789,0.063,62,764.40656
8/8/2026 17:44,43975.035,43706.152,28.622541,22.740175,1.0184367,28.408998,8.301664,118.17198,183.21284,7.9339166,-74.73469,186.13339,0.820729,25.322094,0.054,62,764.40656
8/8/2026 18:14,43877.46,43726.895,28.634853,22.790745,1.018488,28.422482,8.362418,118.755226,184.16768,7.933706,-74.687004,238.80959,1.0062153,25.18028,0.054,62,764.40656
8/8/2026 18:44,43576.664,43706.664,28.613104,22.948063,1.0185711,28.409332,8.042821,113.54229,176.19653,7.8994765,-72.62707,242.47647,0.8098432,24.844275,0.054,62,764.40656
8/8/2026 19:14,43479.297,43770.312,28.655422,22.999453,1.0186595,28.450703,7.790949,109.64749,170.21426,7.8871465,-71.8689,251.71756,0.69295615,24.651901,0.054,62,764.40656
8/8/2026 19:44,43309.316,43701.742,28.602695,23.08972,1.0186554,28.406132,7.603966,106.75724,165.76534,7.8685546,-70.7674,194.86905,0.8148565,24.52986,0.045,62,764.40656
8/8/2026 20:14,43293.67,43636.414,28.556324,23.098064,1.0186032,28.363668,7.314798,102.77524,159.56479,7.848056,-69.59915,211.56787,1.2394266,24.58877,0.045,62,764.40656
8/8/2026 20:44,43356.668,43685.92,28.592813,23.064503,1.0186259,28.39585,7.1794944,100.92433,156.68628,7.8302135,-68.57395,227.33688,1.2143419,24.6054,0.045,62,764.40656
8/8/2026 21:14,43517.906,43678.715,28.591919,22.979046,1.018566,28.391165,6.5826106,92.85748,144.10768,7.755548,-64.31103,221.97723,0.7955249,24.807243,0.045,62,764.40656
8/8/2026 21:44,43816.59,43726.316,28.632957,22.822407,1.0185082,28.422108,5.766966,81.79444,126.86589,7.6239376,-56.772232,222.94522,0.48497748,25.108088,0.054,62,764.40656
8/8/2026 22:14,43991.938,43652.758,28.585213,22.731438,1.0183833,28.374292,5.0066204,71.356606,110.61241,7.464565,-47.61219,226.78851,0.32839012,25.406805,0.063,62,764.40656
8/8/2026 22:44,43738.652,43091.375,28.182667,22.863073,1.0179665,28.009394,4.6410327,66.42573,102.89177,7.361162,-41.685104,196.17557,0.2327337,25.786446,0.054,62,764.40656
8/8/2026 23:14,42072.27,41124.945,26.760717,23.768625,1.0167712,26.731215,4.1521115,59.37549,91.893364,7.2467556,-35.10952,195.34589,0.31386235,26.206034,0.072,62,764.40656
8/8/2026 23:44,38578.867,37391.73,24.081806,25.920927,1.0146234,24.304625,3.6556075,51.89392,80.238815,7.1046114,-26.90792,192.16061,0.51369756,26.662231,0.081,62,764.40656
8/9/2026 0:14,36776.85,35559.75,22.779367,27.191017,1.0136085,23.113836,3.2585764,46.02196,71.140175,7.020617,-22.039413,199.4133,0.45835784,26.791983,0.081,62,764.40656
8/9/2026 0:44,36160.637,34979.785,22.368279,27.65438,1.013308,22.73686,2.9868762,42.069687,65.03416,6.982326,-19.860268,198.99368,0.43061614,26.767445,0.09,62,764.40656
8/9/2026 1:14,35741.32,34628.96,22.119373,27.97882,1.0131474,22.508825,2.652381,37.251522,57.596252,6.957525,-18.444061,188.98486,0.4332009,26.681793,0.072,62,764.40656
8/9/2026 1:44,35304.77,34269.633,21.86469,28.324785,1.0129868,22.27526,2.3752363,33.254097,51.426414,6.9321375,-16.994476,188.88474,0.29971927,26.581448,0.081,62,764.40656
8/9/2026 2:14,34728.457,33770.184,21.511791,28.79483,1.0127511,21.95062,2.1600802,30.132196,46.607758,6.912937,-15.897751,195.78934,0.209328,26.485672,0.081,62,764.40656
8/9/2026 2:44,34318.56,33443.324,21.280714,29.138752,1.0126125,21.738161,1.9920753,27.697323,42.851765,6.8948326,-14.863014,191.46442,0.21237667,26.370197,0.081,62,764.40656
8/9/2026 3:14,33900.324,33111.31,21.046278,29.498243,1.0124732,21.52235,1.7960786,24.886576,38.51281,6.8854523,-14.324188,195.99438,0.21648997,26.247604,0.072,62,764.40656
8/9/2026 3:44,33081.8,32422.43,20.561666,30.2281,1.0121641,21.07458,1.3344761,18.381855,28.457119,6.858386,-12.779236,180.38272,0.29840815,26.06476,0.072,62,764.40656
8/9/2026 4:14,32532.129,31994.705,20.26079,30.738842,1.0119929,20.796558,1.2212905,16.740244,25.925396,6.865335,-13.165474,172.88208,0.14399843,25.879438,0.063,62,764.40656
8/9/2026 4:44,29881.44,29559.246,18.565811,33.46559,1.0108123,19.21351,1.3519986,18.256319,28.29067,6.8578324,-12.726784,168.32828,0.14793065,25.570677,0.063,62,764.40656
8/9/2026 5:14,42087.53,43168.824,28.194845,23.760006,1.01859,28.059736,5.8833094,81.20362,126.28077,7.6260657,-56.624413,169.24858,0.14682606,23.688585,0.036,62,764.40656
8/9/2026 5:44,42518.312,43659.438,28.550669,23.519278,1.0188749,28.378633,6.2506866,86.3644,134.31998,7.6987486,-60.79197,182.81937,0.040882405,23.63157,0.009,62,764.40656
8/9/2026 6:14,42503.68,43633.92,28.532383,23.527374,1.0188575,28.362051,6.3506694,87.755455,136.48048,7.724334,-62.265396,189.75258,0.038819976,23.643827,0.036,62,764.40656
8/9/2026 6:44,42594.34,43720.7,28.595806,23.477297,1.0189034,28.418455,6.3092217,87.225815,135.65498,7.720658,-62.055588,187.55435,0.055695035,23.651173,0.027,62,764.40656
8/9/2026 7:14,42577.08,43683.66,28.569376,23.486816,1.018877,28.39438,6.358776,87.93247,136.74849,7.721488,-62.10804,200.57202,0.07396964,23.67373,0.027,62,764.40656
8/9/2026 7:44,42694.28,43733.902,28.608025,23.42234,1.0188829,28.427036,6.404243,88.70818,137.93478,7.7298136,-62.60395,194.4542,0.037315678,23.755417,0.036,62,764.40656
8/9/2026 8:14,42687.996,43683.508,28.572542,23.425789,1.0188414,28.394281,6.2221475,86.246124,134.09412,7.7135434,-61.678886,223.47928,0.06508934,23.80685,0.036,62,764.40656
8/9/2026 8:44,42797.676,43713.965,28.597075,23.365755,1.0188326,28.414078,5.9141746,82.12657,127.66713,7.697204,-60.75859,196.30432,0.13504267,23.902563,0.036,62,764.40656
8/9/2026 9:14,42878.26,43680.3,28.57578,23.32184,1.0187774,28.392197,6.11554,85.11516,132.2804,7.693407,-60.567856,243.74962,0.03913996,24.03866,0.036,62,764.40656
8/9/2026 9:44,43076.543,43698.3,28.593967,23.21449,1.0187286,28.403896,6.211025,86.78042,134.81519,7.6929727,-60.58693,246.07658,0.03579915,24.255058,0.036,62,764.40656
8/9/2026 10:14,43249.54,43637.31,28.55578,23.121634,1.0186186,28.364252,6.0620584,85.093735,132.12653,7.6637034,-58.956146,248.21281,0.03259462,24.534758,0.036,62,764.40656
8/9/2026 10:44,43340.047,43580.54,28.518217,23.073349,1.0185387,28.32735,5.6940556,80.15576,124.418144,7.5780573,-54.04949,234.86615,0.03768438,24.711079,0.045,62,764.40656
8/9/2026 11:14,42526.383,42364.86,27.642912,23.514814,1.0177356,27.537159,5.315682,75.08854,116.44429,7.4752026,-48.19393,211.20071,0.035443474,25.199615,0.045,62,764.40656
8/9/2026 11:44,38889.984,38201.812,24.651852,25.713562,1.015267,24.831179,4.5604506,64.1526,99.33961,7.249675,-35.247803,203.37105,0.056726743,25.943148,0.063,62,764.40656
8/9/2026 12:14,36229.242,35174.81,22.504251,27.602013,1.0134695,22.863626,4.3342195,60.886784,94.161835,7.1316943,-28.471947,219.48814,0.039066754,26.569477,0.072,62,764.40656
8/9/2026 12:44,34305.473,32929.85,20.927494,29.149868,1.012103,21.404404,4.277384,60.19088,92.96422,7.062083,-24.48082,219.41185,0.085490055,27.187132,0.09,62,764.40656
8/9/2026 13:14,33044.566,31379.66,19.84706,30.262161,1.0111153,20.39678,4.3027406,60.79096,93.77003,7.0264907,-22.454262,228.01877,0.041419685,27.777847,0.099,62,764.40656
8/9/2026 13:44,32062.83,30034.959,18.915712,31.188763,1.0101862,19.522724,4.3027964,61.256527,94.326515,6.9968023,-20.775795,209.09787,0.1380696,28.534924,0.117,62,764.40656
8/9/2026 14:14,31439.646,29170.191,18.31899,31.806973,1.0095727,18.960625,4.3144584,61.776073,95.006744,7.004151,-21.243095,247.91718,0.038128924,29.073322,0.144,62,764.40656
8/9/2026 14:44,30635.06,28076.977,17.566984,32.642338,1.0087918,18.250034,4.608231,66.47858,102.06672,7.014856,-21.920204,216.92752,0.040268946,29.770136,0.153,62,764.40656
8/9/2026 15:14,29613.951,26934.307,16.783403,33.767868,1.0080681,17.5073,4.665685,67.50863,103.53499,7.0242968,-22.506714,229.98334,0.03879863,30.208803,0.18,62,764.40656
8/9/2026 15:44,29485.682,26559.316,16.52761,33.914764,1.0076964,17.263556,4.912378,71.63908,109.712524,7.004152,-21.362305,158.844,0.037027888,30.76871,0.198,62,764.40656
8/9/2026 16:14,26458.146,23510.365,14.458255,37.795544,1.0058994,15.281738,6.3615465,92.941895,142.03725,7.1325417,-28.996468,173.99788,0.5156837,31.564512,0.189,62,764.40656
8/9/2026 16:44,44385.66,42167.883,27.539648,22.529799,1.0168769,27.409124,8.366945,123.350136,190.2778,7.944905,-75.984,157.04633,0.36741894,27.753613,0.144,62,764.40656
8/9/2026 17:14,44804.773,43726.37,28.655243,22.31905,1.0181686,28.422142,8.535112,123.544395,191.172,7.934665,-75.02079,190.20557,0.7163573,26.291231,0.081,62,764.40656
8/9/2026 17:44,44599.92,43876.094,28.757114,22.421564,1.0183753,28.51946,8.402965,120.82014,187.11842,7.9261413,-74.419975,212.45003,1.0107466,25.863726,0.054,62,764.40656
8/9/2026 18:14,44455.023,43841.883,28.729654,22.494646,1.0183944,28.497225,8.446244,121.1513,187.68056,7.9277773,-74.481964,236.15837,1.1007715,25.732212,0.063,62,764.40656
8/9/2026 18:44,44339.344,43907.406,28.773407,22.553333,1.0184925,28.539814,8.364493,119.56358,185.30048,7.924592,-74.243546,245.94307,1.2846918,25.51505,0.063,62,764.40656
8/9/2026 19:14,44166.293,43896.883,28.761892,22.6417,1.0185418,28.532974,8.191459,116.69413,180.92183,7.9097548,-73.337555,249.68625,1.1386199,25.32133,0.054,62,764.40656
8/9/2026 19:44,44024.805,43937.305,28.787027,22.714468,1.0186253,28.559248,7.9127917,112.320465,174.21405,7.8779936,-71.44928,240.12566,1.1219152,25.104267,0.054,62,764.40656
8/9/2026 20:14,43939.81,43959.758,28.800758,22.758406,1.0186735,28.573843,7.6268187,108.03073,167.60156,7.870681,-70.996284,235.74829,1.2042615,24.976238,0.054,62,764.40656
8/9/2026 20:44,43762.8,43882.58,28.741838,22.850456,1.0186642,28.523676,7.382792,104.32436,161.88812,7.853412,-69.971085,226.97449,1.242414,24.857094,0.054,62,764.40656
8/9/2026 21:14,43855.117,44003.676,28.82959,22.802357,1.0187404,28.60239,7.0735655,99.94622,155.10414,7.826866,-68.4309,267.30536,1.3988761,24.823246,0.054,62,764.40656
8/9/2026 21:44,43924.793,44039.145,28.85639,22.766186,1.0187485,28.625444,6.931637,98.024994,152.11089,7.804649,-67.157745,257.55884,1.2211796,24.864052,0.054,62,764.40656
8/9/2026 22:14,43964.984,44030.36,28.851217,22.745373,1.0187275,28.619734,6.2842093,88.955894,138.02261,7.7265434,-62.66117,259.30405,0.73460335,24.922264,0.045,62,764.40656
8/9/2026 22:44,44078.156,44075.598,28.885998,22.686974,1.0187298,28.649137,5.473403,77.60209,120.38766,7.5924144,-54.93164,248.46555,0.41501173,25.003036,0.054,62,764.40656
8/9/2026 23:14,44113.88,44000.633,28.833946,22.668602,1.0186516,28.600412,4.7961597,68.134384,105.673256,7.437422,-46.00048,216.85123,0.32097888,25.134748,0.063,62,764.40656
8/9/2026 23:44,43812.855,43486.508,28.463558,22.82435,1.0182959,28.26623,4.53599,64.58885,100.1242,7.3490005,-40.926933,189.15176,0.41605577,25.392908,0.063,62,764.40656
8/10/2026 0:14,42127.39,41528.035,27.045496,23.737526,1.017121,26.993223,4.122398,58.592743,90.76425,7.2416563,-34.76143,185.25124,0.24328549,25.755629,0.063,62,764.40656
8/10/2026 0:44,38941.99,38139.383,24.609343,25.679222,1.0151877,24.790598,3.6835086,51.94547,80.411224,7.1095924,-27.14634,195.09793,0.4174595,26.101782,0.072,62,764.40656
8/10/2026 1:14,37349.797,36550.445,23.475767,26.773907,1.0143245,23.75779,3.3009872,46.28838,71.6478,7.0378866,-22.993088,193.15244,0.34514117,26.145014,0.072,62,764.40656
8/10/2026 1:44,36825.867,36094.48,23.150576,27.154825,1.0141057,23.461412,3.068481,42.88684,66.39403,7.0023746,-20.928383,199.75186,0.4279814,26.060894,0.072,62,764.40656
8/10/2026 2:14,36201.844,35577.176,22.781826,27.622902,1.0138711,23.125166,2.759185,38.389767,59.448963,6.9761715,-19.454956,209.21231,0.27262434,25.91927,0.072,62,764.40656
8/10/2026 2:44,35779.78,35268.855,22.561493,27.948746,1.013753,22.924757,2.439373,33.80361,52.363853,6.952051,-18.076897,205.35469,0.35938066,25.758461,0.063,62,764.40656
8/10/2026 3:14,35294.906,34881.703,22.286013,28.3327,1.013587,22.673107,2.2188342,30.62605,47.454628,6.9349504,-17.09938,205.48343,0.25223693,25.620201,0.063,62,764.40656
8/10/2026 3:44,34958.535,34654.984,22.123892,28.605318,1.0135125,22.52574,2.084076,28.658936,44.420734,6.915162,-15.969276,202.0502,0.31912398,25.4586,0.063,62,764.40656
8/10/2026 4:14,34525.938,34361.406,21.914185,28.963732,1.0134153,22.334915,1.8051547,24.704165,38.306435,6.905418,-15.406609,198.30704,0.20868331,25.250698,0.054,62,764.40656
8/10/2026 4:44,33784.65,33813.574,21.524723,29.599243,1.0132078,21.978823,1.801732,24.475748,37.973812,6.888991,-14.462471,205.84583,0.16790047,24.95521,0.045,62,764.40656
8/10/2026 5:14,33177.56,33356.105,21.20033,30.140856,1.0130312,21.681467,1.3780781,18.608843,28.884262,6.886577,-14.3146515,191.83159,0.09092625,24.719751,0.045,62,764.40656
8/10/2026 5:44,31109.467,31513.14,19.907393,32.144558,1.0121696,20.483541,1.4252129,18.972212,29.469696,6.8731356,-13.537407,166.18253,0.0758127,24.329334,0.036,62,764.40656
8/10/2026 6:14,42330.723,43732.543,28.59603,23.623505,1.0189967,28.426153,5.518164,75.847664,118.02796,7.626122,-56.557655,197.02911,1.2805253,23.321758,0.027,62,764.40656
8/10/2026 6:44,42724.133,44137.062,28.891045,23.405975,1.019219,28.68909,6.0074778,82.71733,128.71747,7.6990986,-60.749054,231.42815,0.03815526,23.323963,0.027,62,764.40656
8/10/2026 7:14,42750.914,44113.508,28.875414,23.391314,1.0191907,28.67378,6.3207293,87.112946,135.5436,7.7435503,-63.314438,249.63855,1.3531387,23.382807,0.027,62,764.40656
8/10/2026 7:44,41421.66,42708.598,27.853834,24.141958,1.0184078,27.76059,6.5041256,89.176735,138.74515,7.752534,-63.83896,259.38034,0.045917157,23.422356,0.027,62,764.40656
8/10/2026 8:14,41429.938,42634.13,27.80219,24.137135,1.0183411,27.712185,6.6380606,91.14495,141.78273,7.7717457,-64.964294,265.74133,0.13809566,23.521217,0.036,62,764.40656
8/10/2026 8:44,43014.24,44194.03,28.939886,23.248116,1.0191771,28.72612,6.641849,91.92751,142.97955,7.77293,-65.050125,272.13098,0.6163599,23.602314,0.036,62,764.40656
8/10/2026 9:14,42997.777,44162.582,28.91735,23.257015,1.0191553,28.705679,6.5582,90.784744,141.19794,7.7661476,-64.66389,277.7386,0.039736636,23.619091,0.027,62,764.40656
8/10/2026 9:44,43133.4,44182.527,28.9354,23.183891,1.0191298,28.718643,6.717162,93.22021,144.95029,7.774663,-65.18364,269.2318,0.03953862,23.75679,0.036,62,764.40656
8/10/2026 10:14,43222.383,44147.367,28.913351,23.13616,1.0190711,28.69579,6.683721,92.98237,144.54254,7.763249,-64.55898,278.12958,0.03536985,23.903025,0.036,62,764.40656
8/10/2026 10:44,43635.504,44210.434,28.969389,22.917118,1.0189931,28.736782,6.6732116,93.54313,145.30405,7.7506733,-63.92479,282.99332,0.034463946,24.319143,0.036,62,764.40656
8/10/2026 11:14,44092.168,44199.367,28.973734,22.679766,1.0188344,28.72959,6.588659,93.251335,144.70087,7.6911225,-60.606003,280.41364,0.030559296,24.873016,0.045,62,764.40656
8/10/2026 11:44,44325.586,44160.836,28.952349,22.560333,1.0187227,28.704544,6.408501,91.19575,141.42386,7.62332,-56.75316,271.3251,0.03817864,25.195322,0.054,62,764.40656
8/10/2026 12:14,43994.824,43651.688,28.584526,22.729946,1.0183815,28.373596,6.036376,86.039795,133.3721,7.5466723,-52.36149,286.08322,0.03420113,25.41156,0.054,62,764.40656
8/10/2026 12:44,42394.035,41841.01,27.271423,23.588224,1.0173098,27.196657,5.5422087,78.78789,122.063354,7.409578,-44.4746,286.9749,0.03623466,25.691998,0.063,62,764.40656
8/10/2026 13:14,39714.355,38882.37,25.142307,25.179811,1.0155822,25.273542,5.0321374,71.20062,110.21391,7.246518,-35.08568,289.2256,0.033449054,26.120289,0.063,62,764.40656
8/10/2026 13:44,37393.09,36405.848,23.376198,26.742908,1.0141677,23.663801,4.739018,66.72989,103.230255,7.1445937,-29.206276,281.87274,0.038806316,26.419779,0.072,62,764.40656
8/10/2026 14:14,36013.453,34813.793,22.251245,27.7674,1.0132093,22.628965,4.5122733,63.552658,98.2364,7.0840397,-25.725365,288.59616,0.040244166,26.804152,0.063,62,764.40656
8/10/2026 14:44,35239.676,33924.426,21.6256,28.377106,1.0126728,22.050877,4.380907,61.723618,95.36358,7.0486903,-23.68927,273.4232,0.19750875,27.02984,0.081,62,764.40656
8/10/2026 15:14,34203.98,32695.36,20.764797,29.236362,1.0119117,21.251984,4.4199066,62.382416,96.30138,7.0231876,-22.234917,270.15686,0.07934979,27.415796,0.099,62,764.40656
8/10/2026 15:44,33861.527,32181.844,20.407328,29.53204,1.0115477,20.918198,4.4390492,62.864845,96.978714,7.002823,-21.071434,265.87964,0.040818922,27.732647,0.108,62,764.40656
8/10/2026 16:14,33096.027,31055.537,19.62498,30.215107,1.0107448,20.186098,4.776998,68.16677,104.99024,7.015932,-21.886826,275.76447,0.13197675,28.440033,0.126,62,764.40656
8/10/2026 16:44,32914.957,30719.451,19.392435,30.381325,1.010477,19.967644,4.663486,66.79926,102.81218,6.995988,-20.742416,171.62323,0.060347114,28.74186,0.126,62,764.40656
8/10/2026 17:14,31038.012,28935.047,18.155437,32.21856,1.0095352,18.80778,4.8604674,69.21878,106.520355,7.0003157,-20.999908,192.42764,0.08393535,28.80517,0.126,62,764.40656
8/10/2026 17:44,43035.254,41426.79,26.991554,23.236763,1.0166914,26.927414,9.505877,138.03258,213.26028,7.913265,-73.96221,172.94406,0.53127,27.032814,0.108,62,764.40656
8/10/2026 18:14,44575.133,43504.37,28.492922,22.434032,1.0180473,28.277842,9.968565,144.15483,223.0657,8.006856,-79.20742,231.7524,0.8621744,26.288626,0.081,61,764.40656
8/10/2026 18:44,44464.527,44023.137,28.858232,22.489838,1.0185534,28.615038,9.021051,129.0326,199.97171,7.957764,-76.1652,250.55408,0.7832019,25.524939,0.063,61,764.40656
8/10/2026 19:14,44170.684,44001.95,28.836258,22.63945,1.0186337,28.601267,8.543297,121.50588,188.42596,7.927676,-74.34368,249.4049,0.85101163,25.20077,0.063,61,764.40656
8/10/2026 19:44,44031.88,44244.7,29.004162,22.710817,1.0188941,28.759054,7.7906065,110.04431,170.79933,7.874927,-71.18702,259.65692,0.9535337,24.748163,0.054,61,764.40656
8/10/2026 20:14,43748.953,44204.082,28.968018,22.857689,1.0189508,28.732655,7.303015,102.62351,159.3672,7.8391447,-69.05556,234.16043,1.0044688,24.46094,0.045,61,764.40656
8/10/2026 20:44,43414.098,44188.605,28.947832,23.033993,1.0190455,28.722593,6.7956157,94.85462,147.40515,7.7986813,-66.63799,235.34299,0.7761731,24.082338,0.045,61,764.40656
8/10/2026 21:14,43244.348,44099.332,28.880276,23.124409,1.0190226,28.664566,6.621997,92.23819,143.36452,7.787131,-65.95135,222.42546,0.558575,23.984936,0.036,61,764.40656
8/10/2026 21:44,43403.17,44277.867,29.01022,23.039791,1.0191262,28.780615,6.62053,92.25561,143.39653,7.786459,-65.90843,229.82597,0.7047313,23.965723,0.027,61,764.40656
8/10/2026 22:14,43378.176,44263.383,28.999327,23.053066,1.0191216,28.771198,6.4039063,89.21155,138.66824,7.767949,-64.84032,265.4791,0.8455619,23.95295,0.027,61,764.40656
8/10/2026 22:44,43418.31,44315.46,29.037067,23.03176,1.0191538,28.80505,6.2238708,86.70267,134.77164,7.7453775,-63.53855,280.509,0.9596632,23.94007,0.036,61,764.40656
8/10/2026 23:14,43401.24,44296.062,29.022947,23.040817,1.0191426,28.79244,5.8341293,81.26998,126.32649,7.6954055,-60.663223,278.10095,0.28337112,23.942356,0.036,61,764.40656
8/10/2026 23:44,43491.098,44321.945,29.043724,22.993212,1.0191363,28.809265,5.2625737,73.41474,114.10055,7.5968904,-55.007935,270.31897,0.19789459,24.018549,0.036,61,764.40656
8/11/2026 0:14,43543.195,44249.86,28.99454,22.9657,1.0190572,28.76241,4.7354755,66.210686,102.87686,7.4814196,-48.384666,250.535,0.07453262,24.163881,0.036,61,764.40656
8/11/2026 0:44,43432.863,43940.145,28.773691,23.02404,1.0188234,28.561094,4.367848,61.2401,95.11313,7.3502145,-40.860176,191.02097,0.097562864,24.39556,0.036,61,764.40656
8/11/2026 1:14,42224.395,42460.56,27.702742,23.682993,1.017925,27.599363,4.26053,59.694893,92.659096,7.2739315,-36.501884,177.64569,0.16712783,24.708796,0.045,61,764.40656
8/11/2026 1:44,40317.06,40359.566,26.18646,24.803396,1.0167147,26.233719,3.8945267,54.319206,84.27721,7.1593885,-29.916763,174.9754,0.07642986,24.944855,0.054,61,764.40656
8/11/2026 2:14,38886.35,38865.105,25.113161,25.715963,1.015883,25.26232,3.6770828,51.048122,79.18939,7.0912166,-25.987625,177.32144,0.22333646,25.028624,0.054,61,764.40656
8/11/2026 2:44,38118.082,38148.14,24.59856,26.234268,1.0155163,24.796291,3.4446511,47.62335,73.88651,7.0463185,-23.388863,175.22336,0.09755719,24.958744,0.054,61,764.40656
8/11/2026 3:14,37534.715,37620.254,24.220186,26.642004,1.0152544,24.453165,3.222821,44.40026,68.896164,7.0136333,-21.49582,182.73831,0.20996368,24.880955,0.045,61,764.40656
8/11/2026 3:44,37170.734,37316.168,24.001959,26.902885,1.0151148,24.255508,3.0174685,41.4578,64.34069,6.984298,-19.841194,193.15244,0.07034985,24.795948,0.054,61,764.40656
8/11/2026 4:14,36650.934,36868.625,23.681593,27.284435,1.0149041,23.964607,2.7466233,37.598434,58.362694,6.9591866,-18.415451,211.65372,0.084956765,24.690863,0.045,61,764.40656
8/11/2026 4:44,36115.195,36418.64,23.359743,27.689177,1.0146984,23.672117,2.5354755,34.567123,53.670067,6.9284215,-16.670227,200.11902,0.17257951,24.563763,0.045,61,764.40656
8/11/2026 5:14,35542.39,35951.97,23.02616,28.135418,1.014493,23.36878,2.370082,32.159935,49.947464,6.92292,-16.350746,238.26123,0.08160514,24.40354,0.045,61,764.40656
8/11/2026 5:44,34960.21,35471.793,22.6837,28.603947,1.0142802,23.056665,2.0787416,28.072727,43.612373,6.896195,-14.834404,214.67685,0.083946414,24.244911,0.036,61,764.40656
8/11/2026 6:14,34205.293,34766.69,22.184359,29.23524,1.0139301,22.598349,1.7505621,23.53565,36.56985,6.880886,-13.96656,194.48758,0.13317306,24.15458,0.036,61,764.40656
8/11/2026 6:44,38701.88,39909.676,25.831964,25.83854,1.016884,25.94129,3.8258474,51.841656,80.65852,7.179076,-30.89428,175.01831,0.0890006,23.415535,0.027,61,764.40656
8/11/2026 7:14,42670.965,44222.938,28.949383,23.435139,1.0193087,28.74491,5.6994534,78.27874,121.84468,7.643349,-57.516098,256.0711,0.036986563,23.162603,0.027,61,764.40656
8/11/2026 7:44,42813.91,44370.715,29.057262,23.356895,1.01939,28.840963,5.9420834,81.662704,127.11191,7.6572213,-58.312416,261.77884,0.03309275,23.163023,0.027,61,764.40656
8/11/2026 8:14,42881.2,44365.03,29.055447,23.320244,1.0193645,28.83727,6.231828,85.77392,133.49132,7.7237005,-62.146187,275.1541,0.03863953,23.2489,0.027,61,764.40656
8/11/2026 8:44,42991.926,44428.566,29.103416,23.260181,1.0193844,28.878569,6.3141923,87.02087,135.41824,7.733619,-62.72793,284.19495,0.03664254,23.307014,0.027,61,764.40656
8/11/2026 9:14,43044.05,44441.082,29.113815,23.232014,1.019379,28.886705,6.456631,89.06334,138.58524,7.753952,-63.905716,274.48178,0.037840333,23.354156,0.027,61,764.40656
8/11/2026 9:44,43084.113,44439.137,29.11371,23.210411,1.0193647,28.885439,6.403738,88.410835,137.55804,7.742062,-63.233376,244.91788,0.03636315,23.403574,0.036,61,764.40656
8/11/2026 10:14,43162.406,44418.81,29.101902,23.16831,1.0193231,28.872227,6.626651,91.66853,142.59772,7.777728,-65.30762,238.66177,0.035277482,23.51909,0.027,61,764.40656
8/11/2026 10:44,43308.984,44442.207,29.122778,23.089897,1.0192974,28.887436,6.8710732,95.30512,148.21646,7.7955813,-66.366196,212.5454,0.03970275,23.664984,0.027,61,764.40656
8/11/2026 11:14,43427.918,44404.406,29.099798,23.026663,1.0192274,28.862865,6.8268614,94.984886,147.66992,7.780777,-65.55557,217.78107,0.034408238,23.848652,0.036,61,764.40656
8/11/2026 11:44,43950.492,44462.66,29.155643,22.752874,1.0191112,28.90073,6.7621245,95.01909,147.57553,7.7456675,-63.652992,220.59918,0.032186333,24.396906,0.036,61,764.40656
8/11/2026 12:14,44643.01,44472.9,29.180857,22.399923,1.0188934,28.907385,6.8157516,97.12554,150.6182,7.7035847,-61.392784,241.48465,0.028748838,25.200266,0.045,61,764.40656
8/11/2026 12:44,45042.39,44419.113,29.152176,22.20131,1.0187114,28.872423,6.6422014,95.507,147.95319,7.633573,-57.44934,250.41104,0.03143522,25.734646,0.063,61,764.40656
8/11/2026 13:14,44798.97,43922.113,28.79409,22.321943,1.018348,28.549374,6.235647,89.95425,139.26448,7.544014,-52.318573,209.29813,0.028931582,26.045227,0.072,61,764.40656
8/11/2026 13:44,42690.016,41743.05,27.208567,23.42468,1.0171132,27.132984,5.651069,80.98999,125.35004,7.372697,-42.409897,205.5645,0.035153586,26.187725,0.072,61,764.40656
8/11/2026 14:14,39308.027,38220.574,24.672594,25.440096,1.0151186,24.843374,5.1291013,72.83901,112.66473,7.1923723,-31.986237,203.95279,0.03197946,26.489635,0.072,61,764.40656
8/11/2026 14:44,37543.24,36353.44,23.342276,26.635954,1.0140538,23.629738,4.8285184,68.31946,105.62477,7.0978827,-26.521683,193.05707,0.04024448,26.71354,0.081,61,764.40656
8/11/2026 15:14,36733.04,35417.934,22.680374,27.223448,1.0134883,23.021658,4.7356744,67.01999,103.56541,7.066771,-24.733543,195.50323,0.035307582,26.944033,0.09,61,764.40656
8/11/2026 15:44,36482.54,35074.664,22.438736,27.410374,1.0132595,22.798532,4.5877123,65.012146,100.42901,7.041624,-23.283958,185.97125,0.037498236,27.101534,0.09,61,764.40656
8/11/2026 16:14,36146.832,34670.57,22.154043,27.664942,1.0130075,22.53587,4.4655957,63.318226,97.785484,7.036209,-22.978783,188.57956,0.038840685,27.229301,0.099,61,764.40656
8/11/2026 16:44,35949.465,34356.75,21.934065,27.816826,1.0127825,22.331888,4.4096556,62.658203,96.72474,7.020061,-22.053719,184.1259,0.23887062,27.427126,0.099,61,764.40656
8/11/2026 17:14,35607.914,33981.066,21.669651,28.083645,1.0125604,22.087692,4.331118,61.53422,94.97321,7.019961,-22.053719,229.93564,0.07609361,27.506552,0.099,61,764.40656
8/11/2026 17:44,35788.625,34096.5,21.751812,27.94184,1.0125937,22.162725,3.7740138,53.727196,82.907036,7.0037208,-21.11435,175.83371,0.080862075,27.598303,0.099,61,764.40656
8/11/2026 18:14,35162.754,33467.074,21.308765,28.439182,1.0122458,21.7536,3.8362806,54.528805,84.133934,7.004555,-21.166801,191.10202,0.23416339,27.652727,0.099,61,764.40656
8/11/2026 18:44,38282.266,37091.21,23.867502,26.121756,1.014457,24.10929,4.3922405,62.296143,96.31897,7.1838098,-31.5094,180.88818,0.09321295,26.681234,0.09,61,764.40656
8/11/2026 19:14,43779.855,43820.39,28.698423,22.841555,1.0186037,28.483253,7.404661,104.77828,162.56326,7.828585,-68.55965,194.22055,0.93707365,24.951567,0.054,61,764.40656
8/11/2026 19:44,43975.703,44254.43,29.009552,22.73983,1.018921,28.76538,7.3157177,103.200386,160.20042,7.835906,-68.917274,197.32953,1.2135968,24.670246,0.045,61,764.40656
8/11/2026 20:14,43898.867,44305.277,29.043348,22.77963,1.0189905,28.798431,7.224133,101.66244,157.85745,7.823361,-68.1591,201.23004,1.6670426,24.519741,0.045,61,764.40656
8/11/2026 20:44,43887.023,44408.055,29.115437,22.785778,1.019084,28.865236,7.0598717,99.16067,154.01111,7.8199224,-67.93022,186.34796,1.1566882,24.385715,0.045,61,764.40656
8/11/2026 21:14,43786.598,44357.82,29.077301,22.838037,1.0190728,28.832582,6.966018,97.71923,151.78912,7.8005476,-66.80012,236.64474,1.1274246,24.325777,0.036,61,764.40656
8/11/2026 21:44,43801.28,44447.6,29.140902,22.830383,1.019146,28.890942,6.8699675,96.260925,149.54782,7.7955065,-66.49017,238.10387,0.980625,24.23868,0.036,61,764.40656
8/11/2026 22:14,43709.426,44381.57,29.091858,22.87836,1.0191181,28.84802,6.7904887,95.0682,147.70341,7.7988577,-66.67614,214.09035,0.69723153,24.207085,0.036,61,764.40656
8/11/2026 22:44,43583.516,44303.723,29.033552,22.944454,1.019091,28.797419,6.6938853,93.589386,145.42133,7.7899766,-66.15162,203.04202,0.8480423,24.148895,0.036,61,764.40656
8/11/2026 23:14,43550.348,44323.67,29.046635,22.96193,1.0191188,28.810387,6.4437766,90.00117,139.86176,7.7761383,-65.340996,192.00325,0.9923384,24.086533,0.036,61,764.40656
8/11/2026 23:44,43537.285,44298.8,29.028788,22.968819,1.0191014,28.79422,6.1775765,86.29455,134.09839,7.7360053,-63.033104,179.78668,0.69037145,24.099976,0.036,61,764.40656
8/12/2026 0:14,43453.31,44224.676,28.974297,23.013206,1.0190641,28.74604,5.784612,80.761345,125.50302,7.679572,-59.781075,175.82416,0.42114717,24.086803,0.036,61,764.40656
8/12/2026 0:44,43266.348,44092.605,28.876188,23.112652,1.0190096,28.660194,5.204906,72.54095,112.74243,7.5698023,-53.448677,181.9992,0.16027428,24.018894,0.036,61,764.40656
8/12/2026 1:14,43078.547,43919.12,28.749031,23.213411,1.0189198,28.54743,4.524594,62.990276,97.902596,7.4268813,-45.218468,182.17087,0.10170027,23.997952,0.036,61,764.40656
8/12/2026 1:44,42615.1,43406.945,28.376692,23.46586,1.0186254,28.214516,4.042588,56.205994,87.35067,7.2837105,-36.98349,159.9455,0.05695199,24.044907,0.036,61,764.40656
8/12/2026 2:14,40948.47,41628.4,27.0874,24.420938,1.0176245,27.058458,3.7046552,51.21778,79.58393,7.1967187,-31.986237,156.52179,0.040226158,24.144854,0.036,61,764.40656
8/12/2026 2:44,38547.633,39112.05,25.27632,25.94193,1.0162315,25.422832,3.231715,44.295437,68.81522,7.0820565,-25.391579,154.39511,0.07265184,24.24446,0.036,61,764.40656
8/12/2026 3:14,36977.543,37504.277,24.12712,27.043442,1.0153607,24.37778,2.9762483,40.540836,62.979923,7.0247507,-22.091866,153.87535,0.1414318,24.264677,0.036,61,764.40656
8/12/2026 3:44,36044.773,36622.207,23.497906,27.743273,1.0149126,23.804434,2.7684085,37.514378,58.28798,6.986892,-19.946098,152.80246,0.048786335,24.174484,0.027,61,764.40656
8/12/2026 4:14,35125.043,35765.305,22.888405,28.469715,1.0144855,23.247448,2.4829164,33.46227,52.002583,6.9537854,-18.072128,160.02179,0.04531273,24.062733,0.036,61,764.40656
8/12/2026 4:44,34419.82,35127.844,22.43582,29.053028,1.0141778,22.8331,2.2650166,30.3828,47.22699,6.925314,-16.460419,153.28885,0.06653901,23.94473,0.036,61,764.40656
8/12/2026 5:14,33796.21,34557.824,22.032269,29.589115,1.0139015,22.462585,2.0929394,27.960583,43.46961,6.9075513,-15.454292,156.92233,0.038381282,23.846134,0.036,61,764.40656
8/12/2026 5:44,32944.652,33793.598,21.492294,30.35394,1.0135396,21.96584,1.9253861,25.568819,39.762665,6.875604,-13.647079,161.1948,0.08654615,23.684742,0.027,61,764.40656
8/12/2026 6:14,31660.742,32600.705,20.653912,31.584856,1.0129619,21.190458,1.6569251,21.82178,33.94724,6.8683057,-13.227463,177.98424,0.34790492,23.49044,0.027,61,764.40656
8/12/2026 6:44,31239.16,32251.666,20.408234,32.011105,1.0128132,20.963583,1.4317539,18.784271,29.228785,6.845606,-11.944771,200.79613,0.43304637,23.35634,0.018,61,764.40656
8/12/2026 7:14,27839.334,28960.035,18.123346,35.9204,1.0111955,18.824022,1.540197,19.80499,30.837448,6.846814,-11.997223,200.06656,0.08807236,22.973915,0.018,61,764.40656
8/12/2026 7:44,42284.133,43736.5,28.597328,23.649532,1.0190148,28.428726,5.8362427,80.13476,124.71228,7.6055603,-55.365562,194.96442,0.069572695,23.261402,0.027,61,764.40656
8/12/2026 8:14,42878.848,44341.98,29.03925,23.321522,1.0193455,28.822289,6.1860933,85.17192,132.549,7.7060924,-61.14006,211.04813,0.039257716,23.272432,0.027,61,764.40656
8/12/2026 8:44,43010.3,44423.98,29.100784,23.250244,1.0193747,28.875587,6.3970304,88.20318,137.25168,7.7321086,-62.646866,224.16115,0.033700444,23.333904,0.027,61,764.40656
8/12/2026 9:14,43018.68,44375.348,29.067001,23.245716,1.0193306,28.843975,6.5439825,90.31589,140.52316,7.7473907,-63.53855,219.0733,0.03992437,23.39934,0.027,61,764.40656
8/12/2026 9:44,43255.07,44481.664,29.148804,23.118677,1.0193479,28.913082,6.611372,91.541725,142.39111,7.7687917,-64.80217,230.69382,0.035868425,23.556269,0.027,61,764.40656
8/12/2026 10:14,43280.434,44479.887,29.148335,23.10513,1.0193385,28.911926,6.71344,93.0068,144.66183,7.7866716,-65.83691,240.1018,0.035264328,23.588158,0.027,61,764.40656
8/12/2026 10:44,43351.59,44514.59,29.174833,23.067205,1.019346,28.934484,6.7650476,93.80853,145.89748,7.7858386,-65.79876,245.3804,0.037959047,23.632132,0.036,61,764.40656
8/12/2026 11:14,43385.758,44487.633,29.156956,23.049038,1.0193121,28.916962,6.823754,94.73112,147.3137,7.79593,-66.394806,244.02142,0.036623374,23.703241,0.036,61,764.40656
8/12/2026 11:44,43543.184,44517.39,29.182547,22.965708,1.0192883,28.936304,6.881181,95.79575,148.92906,7.7976637,-66.52832,211.1864,0.048671015,23.854254,0.027,61,764.40656
8/12/2026 12:14,43745.348,44480.86,29.16272,22.859573,1.0191926,28.912558,6.8908463,96.38978,149.77664,7.795498,-66.46633,182.71924,0.040170055,24.134268,0.036,61,764.40656
8/12/2026 12:44,44551.15,44573.305,29.249594,22.44611,1.0190122,28.972649,7.027234,99.78906,154.8159,7.7735863,-65.38868,167.03128,0.036369946,24.973978,0.045,61,764.40656
8/12/2026 13:14,45410.96,44555.246,29.257078,22.021114,1.0187082,28.960909,7.158915,103.47419,160.20848,7.740552,-63.700676,181.06937,0.032299444,26.005533,0.063,61,764.40656
8/12/2026 13:44,46048.72,44511.926,29.239344,21.716131,1.0184482,28.93275,7.026883,102.942184,159.12152,7.676391,-60.14347,175.31395,0.034027163,26.807613,0.081,61,764.40656
8/12/2026 14:14,45459.918,43735.66,28.674541,21.9974,1.0179445,28.428179,6.6287613,97.22011,150.195,7.5876064,-55.031776,197.86359,0.032433998,27.06411,0.09,61,764.40656
8/12/2026 14:44,42943.477,41234.855,26.85417,23.286425,1.016546,26.802656,6.077949,88.39179,136.5254,7.421536,-45.39013,193.40039,0.038829334,27.169441,0.099,61,764.40656
8/12/2026 15:14,39126.414,37662.848,24.279888,25.558182,1.0146583,24.48085,5.487998,78.48817,121.26375,7.2424607,-34.956932,181.427,0.040633254,27.03454,0.09,61,764.40656
8/12/2026 15:44,37455.727,35954.703,23.063744,26.698187,1.0137016,23.370558,5.228561,74.46013,115.00324,7.155769,-29.931068,183.35342,0.064351656,27.185738,0.09,61,764.40656
8/12/2026 16:14,36891.195,35305.12,22.604343,27.106739,1.0133069,22.94833,4.910335,69.94571,107.99198,7.1238637,-28.090477,174.58438,0.050415996,27.352077,0.09,61,764.40656
8/12/2026 16:44,36538.49,34876.508,22.302073,27.3684,1.0130368,22.66973,4.822172,68.74,106.097466,7.091456,-26.216507,167.97066,0.23343971,27.49494,0.099,61,764.40656
8/12/2026 17:14,36151.46,34445.54,21.998184,27.6614,1.0127796,22.3896,4.728943,67.408295,104.01971,7.0769033,-25.377274,159.93118,0.1880253,27.59294,0.09,61,764.40656
8/12/2026 17:44,35842.164,34135.36,21.779388,27.9001,1.0126083,22.187983,4.45542,63.458614,97.91948,7.0537868,-24.032593,155.62057,0.2209556,27.617857,0.108,61,764.40656
8/12/2026 18:14,35612.53,33891.906,21.608017,28.080004,1.0124679,22.02974,4.415935,62.87872,97.0161,7.0432568,-23.422241,179.30984,0.15940168,27.658009,0.108,61,764.40656
8/12/2026 18:44,35484.02,33764.863,21.518549,28.1817,1.0123985,21.94716,4.008014,57.04934,88.0204,7.0253253,-22.377968,164.71863,0.30707037,27.665741,0.099,61,764.40656
8/12/2026 19:14,34755.33,33123.68,21.06673,28.772568,1.0120875,21.530392,3.8922544,55.180767,85.153656,7.018642,-21.982193,194.32544,0.48697132,27.579023,0.09,61,764.40656
8/12/2026 19:44,43025.16,43040.168,28.129957,23.242214,1.0181667,27.976109,6.4863596,91.53495,142.00812,7.679097,-59.933662,173.3303,0.8034609,24.981745,0.072,61,764.40656
8/12/2026 20:14,43928.074,44377.56,29.095076,22.764484,1.0190443,28.845413,7.218283,101.52202,157.65407,7.8153715,-67.687035,187.63542,0.7178797,24.469706,0.045,61,764.40656
8/12/2026 20:44,43913.66,44508.164,29.186678,22.771957,1.0191624,28.930305,7.08157,99.35899,154.34332,7.808673,-67.26265,193.38608,0.62644786,24.30067,0.036,61,764.40656
8/12/2026 21:14,43693.844,44476.355,29.158085,22.886518,1.0192052,28.909632,6.866825,95.95858,149.12166,7.7968726,-66.53309,186.44333,0.7719743,24.078856,0.045,61,764.40656
8/12/2026 21:44,43663.543,44534.7,29.198229,22.902401,1.0192652,28.947554,6.7053056,93.554405,145.41266,7.7808695,-65.58895,201.43509,0.69269043,23.97585,0.036,61,764.40656
8/12/2026 22:14,43508.918,44482.344,29.15692,22.983793,1.0192689,28.913523,6.574064,91.50677,142.26117,7.780341,-65.53173,209.62715,0.58563787,23.85427,0.036,61,764.40656
8/12/2026 22:44,43523.574,44540.57,29.198242,22.976055,1.0193143,28.95137,6.5205417,90.70428,141.02615,7.7736516,-65.135956,235.02826,0.6188848,23.804556,0.036,61,764.40656
8/12/2026 23:14,43484.336,44487.832,29.16005,22.996786,1.0192814,28.917091,6.498127,90.395515,140.54247,7.774674,-65.197945,229.84027,0.1422652,23.819025,0.036,61,764.40656
8/12/2026 23:44,43496.902,44527.36,29.18817,22.990143,1.0193114,28.942785,6.406888,89.09282,138.5247,7.76277,-64.50653,215.32535,0.5027106,23.788372,0.036,61,764.40656
8/13/2026 0:14,43431.46,44476,29.150166,23.024784,1.0192878,28.909399,6.217568,86.41403,134.36395,7.7539673,-63.996315,179.12865,0.6952821,23.770393,0.036,61,764.40656
8/13/2026 0:44,43454.914,44526.06,29.186005,23.012358,1.0193235,28.941938,6.0031123,83.40687,129.69507,7.7210793,-62.098503,172.63412,0.55566645,23.740494,0.045,61,764.40656
8/13/2026 1:14,43405.977,44513.86,29.175974,23.038301,1.0193284,28.93401,5.513573,76.54227,119.030075,7.6523256,-58.135986,184.6838,0.114135794,23.696938,0.036,61,764.40656
8/13/2026 1:44,43311.723,44490.055,29.156422,23.088438,1.0193373,28.918537,4.9350643,68.402954,106.3885,7.545025,-51.95141,196.84314,0.037442222,23.613333,0.027,61,764.40656
8/13/2026 2:14,41555.434,42866.754,27.968103,24.064241,1.0185009,27.86339,4.8623323,66.68209,103.751305,7.434114,-45.542717,202.79407,0.0397843,23.398396,0.027,61,764.40656
8/13/2026 2:44,38449.82,39779.242,25.734602,26.007923,1.0168563,25.856506,4.94472,66.768486,103.912636,7.3650794,-41.55636,215.28244,0.07242159,23.250263,0.027,61,764.40656
8/13/2026 3:14,35320.934,36536.77,23.420593,28.311823,1.0151092,23.7489,4.662666,62.13389,96.69846,7.2498717,-34.942627,228.35254,0.039257083,23.257748,0.027,61,764.40656
8/13/2026 3:44,33664.46,34765.88,22.170307,29.704916,1.0141443,22.597822,4.2907467,56.852325,88.46593,7.156794,-29.60682,192.13676,0.040648524,23.341309,0.027,61,764.40656
8/13/2026 4:14,31998.326,33065.188,20.975775,31.251635,1.013253,21.492373,4.023886,52.921772,82.35413,7.1021276,-26.464462,184.1402,0.12957317,23.310715,0.027,61,764.40656
8/13/2026 4:44,30796.879,31875.816,20.14436,32.47082,1.0126492,20.71928,3.8234897,49.971172,77.77378,7.045777,-23.22197,176.45358,0.044593867,23.227846,0.027,61,764.40656
8/13/2026 5:14,30000.39,31092.049,19.598598,33.3329,1.0122561,20.209831,3.6311677,47.25209,73.55029,7.0005717,-20.647049,170.11166,0.04018177,23.16175,0.027,61,764.40656
8/13/2026 5:44,29000.17,30103.924,18.913218,34.482555,1.0117618,19.56755,3.3220818,42.99603,66.93492,6.9409313,-17.290115,155.08176,0.050652906,23.080378,0.036,61,764.40656
8/13/2026 6:14,26794.488,27890.93,17.389673,37.32111,1.0106516,18.129105,3.3059096,42.305412,65.87545,6.9206996,-16.145706,156.93665,0.18892355,22.941793,0.018,61,764.40656
8/13/2026 6:44,23889.016,24968.299,15.400842,41.860245,1.0092081,16.229395,3.1462266,39.652992,61.76678,6.8742566,-13.52787,143.86655,0.37459716,22.736853,0.027,61,764.40656
8/13/2026 7:14,20321.918,21329.852,12.964747,49.207954,1.0074284,13.864404,3.0344424,37.562634,58.5314,6.839911,-11.591911,137.84409,0.30381653,22.525938,0.018,61,764.40656
8/13/2026 7:44,18061.547,19001.773,11.43048,55.366245,1.0063028,12.351153,2.9763927,36.439247,56.791927,6.812946,-10.075569,140.57635,0.45177343,22.40937,0.018,61,764.40656
8/13/2026 8:14,15864.683,16721.816,9.947831,63.033092,1.0052097,10.869182,3.134529,37.98106,59.20403,6.817597,-10.333061,152.78816,0.2082373,22.316315,0.018,61,764.40656
8/13/2026 8:44,41401.797,42768.715,27.895098,24.153542,1.018466,27.799665,5.941677,81.34663,126.583916,7.6222034,-56.33354,209.651,0.0407964,23.326662,0.027,61,764.40656
8/13/2026 9:14,42523.65,43796.586,28.646753,23.516327,1.0189909,28.467781,6.3507776,87.55923,136.21516,7.7106647,-61.445236,215.14417,0.03797299,23.478283,0.036,61,764.40656
8/13/2026 9:44,42805.56,44066.45,28.844177,23.361452,1.0191333,28.643192,6.4625187,89.23829,138.82147,7.7354736,-62.875748,208.91666,0.03951194,23.501917,0.036,61,764.40656
8/13/2026 10:14,42809.645,44080.887,28.854408,23.359222,1.0191443,28.652578,6.579623,90.84181,141.31891,7.7560973,-64.058304,216.05492,0.04024598,23.49011,0.027,61,764.40656
8/13/2026 10:44,43017.04,44215.72,28.955162,23.246603,1.0191947,28.740217,6.628461,91.71527,142.65492,7.7633896,-64.496994,230.89409,0.03588024,23.580639,0.027,61,764.40656
8/13/2026 11:14,43042.195,44211.125,28.952703,23.233015,1.0191829,28.737232,6.7012424,92.77827,144.29933,7.7737913,-65.10258,234.68971,0.040194493,23.61572,0.027,61,764.40656
8/13/2026 11:44,43163.137,44274.79,29.00098,23.167917,1.0191995,28.778612,6.8344603,94.76493,147.37096,7.7850523,-65.76538,232.52487,0.058545794,23.685442,0.036,61,764.40656
8/13/2026 12:14,43267.48,44249.17,28.986118,23.112045,1.0191444,28.761963,6.9654984,96.83337,150.54645,7.7981396,-66.55216,237.03575,0.03852147,23.838451,0.027,61,764.40656
8/13/2026 12:44,43456.996,44294.156,29.023216,23.011255,1.0191232,28.791203,6.9708757,97.22082,151.10194,7.792417,-66.26129,192.02232,0.10693993,24.01047,0.036,61,764.40656
8/13/2026 13:14,43891.11,44277.137,29.023315,22.783657,1.0189685,28.78014,7.071967,99.550865,154.57181,7.7887845,-66.17069,172.09053,0.071993425,24.543537,0.045,61,764.40656
8/13/2026 13:44,44604.867,44248.824,29.02131,22.419079,1.0187072,28.761736,7.1593413,102.316696,158.60025,7.752762,-64.28242,182.62863,0.03641177,25.42128,0.072,61,764.40656
8/13/2026 14:14,45277.383,44108.195,28.936325,22.086082,1.0183502,28.670328,7.138183,103.65745,160.36726,7.7102213,-62.02221,195.92761,0.034003727,26.387814,0.072,61,764.40656
8/13/2026 14:44,45385.086,43520.79,28.52,22.03367,1.0177727,28.288513,6.977689,102.555466,158.37694,7.634082,-57.76882,197.14832,0.036415577,27.242771,0.09,61,764.40656
8/13/2026 15:14,42963.36,41015.22,26.699,23.275648,1.0163308,26.659891,6.469062,94.500496,145.86035,7.507588,-50.44937,195.94193,0.031545527,27.486803,0.099,61,764.40656
8/13/2026 15:44,37591.98,35976.223,23.080662,26.601418,1.0136634,23.384544,5.7208195,81.707436,126.15155,7.2977767,-38.21373,195.85132,0.040941894,27.351404,0.099,61,764.40656
8/13/2026 16:14,31954.865,30651.932,19.336527,31.29414,1.0109019,19.923756,5.178683,72.27452,111.618034,7.1316886,-28.533936,197.94464,0.094535746,27.225521,0.099,61,764.40656
8/13/2026 16:44,29381.975,28199.932,17.64081,34.034473,1.0096443,18.329956,4.8625693,67.18573,103.76601,7.0550237,-24.07074,196.0659,0.13958766,27.194582,0.09,61,764.40656
8/13/2026 17:14,27112.363,26023.957,16.151707,36.88354,1.0085336,16.915573,4.712358,64.56404,99.717926,7.010607,-21.486282,176.29147,0.1220376,27.189697,0.081,61,764.40656
8/13/2026 17:44,25465.566,24469.174,15.0967455,39.26871,1.007763,15.9049635,4.5608134,62.05784,95.85904,6.971354,-19.259453,164.01767,0.094790585,27.131958,0.09,61,764.40656
8/13/2026 18:14,24161.053,23245.88,14.2722645,41.388924,1.0071683,15.109823,4.4069314,59.614605,92.09896,6.9541845,-18.277168,151.82971,0.18291615,27.061218,0.09,61,764.40656
8/13/2026 18:44,22523.06,21709.348,13.243918,44.39894,1.0064297,14.111075,4.375131,58.74335,90.77205,6.928994,-16.83712,143.98099,0.3121891,26.962414,0.09,61,764.40656
8/13/2026 19:14,20171.543,19510.934,11.787142,49.57479,1.0053971,12.682107,4.1590457,55.20451,85.33791,6.914849,-16.021729,179.0762,0.34674114,26.772694,0.081,61,764.40656
8/13/2026 19:44,18658.28,18111.771,10.869245,53.59551,1.004767,11.772652,3.9234986,51.635197,79.8525,6.8718376,-13.566017,182.74307,0.3890483,26.579798,0.081,61,764.40656
8/13/2026 20:14,16165.281,15764.848,9.347343,61.86097,1.0037009,10.24715,3.6900477,47.93725,74.172,6.8622155,-13.008118,185.9951,0.2737505,26.329865,0.072,61,764.40656
8/13/2026 20:44,40796.902,41099.02,26.714123,24.511665,1.0172077,26.714363,6.312397,87.80284,136.31253,7.630938,-57.082176,200.26685,0.98862463,24.615135,0.063,61,764.40656
8/13/2026 21:14,40945.926,41338.402,26.885,24.422455,1.0173689,26.869963,6.8141704,94.68957,147.03482,7.7489133,-63.8628,197.72052,0.76140434,24.50292,0.045,61,764.40656
8/13/2026 21:44,43555.605,44018.83,28.832386,22.959158,1.0188521,28.612238,6.6895814,93.91094,145.8404,7.7536635,-64.12506,205.60265,0.7745569,24.44904,0.036,61,764.40656
8/13/2026 22:14,43628.402,44173.82,28.943428,22.920849,1.0189636,28.712984,6.6414485,93.13974,144.66829,7.762212,-64.59713,213.47522,0.68976206,24.353554,0.036,61,764.40656
8/13/2026 22:44,43704.723,44281.492,29.021305,22.880823,1.0190326,28.78297,6.544877,91.769684,142.54959,7.757215,-64.30149,220.98065,0.5539117,24.318058,0.036,61,764.40656
8/13/2026 23:14,43647.98,44291.258,29.0266,22.910568,1.0190595,28.789318,6.4807897,90.74974,140.98561,7.757592,-64.30626,224.061,0.7356321,24.239592,0.036,61,764.40656
8/13/2026 23:44,43673.52,44357.09,29.073626,22.89717,1.0191084,28.83211,6.4514427,90.29003,140.28334,7.7547035,-64.12983,226.264,0.6535715,24.193161,0.045,61,764.40656
8/14/2026 0:14,43605.73,44311.16,29.03941,22.932766,1.0190903,28.802256,6.387567,89.33708,138.80954,7.7538095,-64.07261,234.88998,0.56416583,24.166496,0.036,61,764.40656
8/14/2026 0:44,43621.746,44357.94,29.072762,22.924347,1.0191257,28.83266,6.3079524,88.185936,137.02975,7.7444196,-63.524246,223.71768,0.643777,24.131065,0.036,61,764.40656
8/14/2026 1:14,43556.875,44320.61,29.044668,22.958488,1.0191141,28.808395,5.864796,81.92974,127.31614,7.724916,-62.394142,187.15381,0.5919135,24.097801,0.036,61,764.40656
8/14/2026 1:44,43503.535,44343.203,29.059023,22.986637,1.0191507,28.823082,5.769749,80.483055,125.08831,7.67794,-59.671402,180.31598,0.24400133,24.008602,0.045,61,764.40656
8/14/2026 2:14,43304.426,44274.652,29.005085,23.092327,1.0191548,28.778524,5.1044736,70.98695,110.36032,7.5664263,-53.224564,189.28052,0.035592444,23.85268,0.045,61,764.40656
8/14/2026 2:44,43032.273,44156.082,28.91384,23.238373,1.0191388,28.701454,4.3890843,60.80836,94.56739,7.4128275,-44.36016,184.94606,0.034711797,23.667496,0.027,61,764.40656
8/14/2026 3:14,42048.66,43209.89,28.222378,23.781971,1.018638,28.08643,4.085888,56.309063,87.5818,7.307087,-38.27095,175.34256,0.035408944,23.592976,0.036,61,764.40656
8/14/2026 3:44,38682.688,39752.176,25.722622,25.851358,1.0167524,25.838915,3.8022943,51.651028,80.337036,7.2037272,-32.32956,174.7036,0.035287723,23.59142,0.036,61,764.40656
8/14/2026 4:14,33754.305,34716.77,22.139294,29.62585,1.0140641,22.565899,3.4300342,45.608715,70.94432,7.0823436,-25.348663,169.71588,0.03601663,23.548515,0.027,61,764.40656
8/14/2026 4:44,30627.197,31549.148,19.92069,32.65072,1.0124155,20.506947,3.1995,41.94478,65.2541,7.0054455,-20.923615,159.173,0.088921234,23.470016,0.036,60,764.40656
8/14/2026 5:14,28991.158,29957.512,18.81531,34.493275,1.0116265,19.472383,3.0585225,39.72828,61.823063,6.96825,-18.839836,165.11441,0.05779695,23.311125,0.027,60,764.40656
8/14/2026 5:44,27553.64,28577.402,17.862503,36.292843,1.0109594,18.575312,2.837826,36.535812,56.87354,6.92468,-16.379356,161.97205,0.06457692,23.12439,0.027,60,764.40656
8/14/2026 6:14,26343.773,27398.61,17.053709,37.959633,1.0103875,17.809097,2.713411,34.68291,54.002224,6.905379,-15.287399,149.61243,0.039506305,22.984316,0.018,60,764.40656
8/14/2026 6:44,25489.926,26568.068,16.486408,39.231186,1.0099893,17.269245,2.6330783,33.479324,52.137913,6.8840795,-14.08577,150.41351,0.06626781,22.875372,0.027,60,764.40656
8/14/2026 7:14,23839.828,24915.229,15.365061,41.94661,1.0091804,16.194899,2.6467445,33.352966,51.953045,6.870176,-13.298988,169.11029,0.07034005,22.74019,0.018,60,764.40656
8/14/2026 7:44,22367.793,23410.828,14.352772,44.707138,1.0084373,15.217039,2.708761,33.889847,52.795826,6.8280854,-10.933876,178.67088,0.067356735,22.667356,0.018,60,764.40656
8/14/2026 8:14,20524.258,21474.92,13.062319,48.722836,1.0074624,13.958698,2.8534746,35.444893,55.216976,6.843371,-11.792183,188.05504,0.05282174,22.68228,0.018,60,764.40656
8/14/2026 8:44,20036.262,20922.373,12.697141,49.90951,1.0071621,13.599543,2.9655554,36.8277,57.36143,6.8201942,-10.495186,166.43524,0.1214275,22.7826,0.018,60,764.40656
8/14/2026 9:14,34805.39,35366.54,22.608076,28.731182,1.0142447,22.98825,6.530285,88.03347,136.78331,7.547723,-52.204132,217.27562,0.039924517,24.169285,0.027,60,764.40656
8/14/2026 9:44,43337.332,44163.832,28.928232,23.074793,1.0190486,28.706491,6.839747,95.35635,148.20155,7.742429,-63.385963,227.96155,2.5562434,24.020191,0.036,60,764.40656
8/14/2026 10:14,43577.39,44299.383,29.030325,22.94768,1.0190892,28.7946,6.9549575,97.23391,151.08487,7.773176,-65.18364,246.09088,0.037631813,24.1467,0.036,60,764.40656
8/14/2026 10:44,43754.074,44377.426,29.090189,22.855015,1.0191002,28.845327,7.0359125,98.601814,153.1773,7.783405,-65.79876,244.5221,0.03690668,24.264576,0.045,60,764.40656
8/14/2026 11:14,43691.223,44256.14,29.003098,22.887892,1.019015,28.76649,7.251221,101.6874,157.9512,7.808303,-67.248344,250.75912,0.06562419,24.331688,0.045,60,764.40656
8/14/2026 11:44,43765.316,44304.355,29.039068,22.849144,1.019033,28.79783,7.322608,102.76552,159.61664,7.8115726,-67.44385,263.66235,0.06829193,24.362999,0.036,60,764.40656
8/14/2026 12:14,43904.82,44355.527,29.078917,22.776543,1.0190324,28.831093,7.456829,104.864105,162.84453,7.8315897,-68.621635,268.5833,0.081754945,24.468,0.045,60,764.40656
8/14/2026 12:44,44005.895,44387.254,29.104008,22.724228,1.0190274,28.851717,7.6017685,107.07057,166.24553,7.8417625,-69.22722,268.59283,0.25184405,24.550175,0.045,60,764.40656
8/14/2026 13:14,44013.86,44390.543,29.106537,22.720116,1.0190276,28.853853,7.5672054,106.59546,165.50615,7.842567,-69.2749,254.96483,0.47816324,24.555725,0.036,60,764.40656
8/14/2026 13:44,44250.742,44425.746,29.137623,22.598492,1.0189811,28.876736,7.46122,105.55521,163.81775,7.8376412,-69.04602,182.47128,0.26670492,24.793755,0.045,60,764.40656
8/14/2026 14:14,44914.594,44400.598,29.136112,22.264479,1.0187383,28.860388,7.8212824,112.203896,173.8632,7.842381,-69.50855,188.98486,0.12991275,25.606087,0.054,60,764.40656
8/14/2026 14:44,45903.01,44519.566,29.241934,21.785063,1.0185062,28.937717,7.7768793,113.585075,175.63913,7.8034735,-67.48676,208.43982,0.06499292,26.626966,0.072,60,764.40656
8/14/2026 15:14,46746.52,44477.395,29.227207,21.391968,1.018168,28.910307,7.5570774,112.3122,173.28242,7.7506685,-64.64481,221.55762,0.03727316,27.671076,0.099,60,764.40656
8/14/2026 15:44,46459.004,43817.613,28.749746,21.524353,1.0176555,28.48145,7.0846434,105.85917,163.1495,7.6535397,-59.080124,229.73538,0.03739053,28.156097,0.108,60,764.40656
8/14/2026 16:14,43599.21,41032.477,26.720604,22.936195,1.0160979,26.67111,6.530299,96.669815,148.94672,7.513816,-50.945282,214.46704,0.0357486,28.275066,0.117,60,764.40656
8/14/2026 16:44,37797.035,35790.152,22.953712,26.457102,1.0133877,23.2636,5.7653813,83.10113,128.13841,7.296666,-38.223267,209.56516,0.11922721,27.93579,0.108,60,764.40656
8/14/2026 17:14,34267.97,32633.055,20.722668,29.18177,1.0118169,21.211485,5.2192073,73.90603,114.03902,7.17008,-30.808449,191.14972,0.10201585,27.623037,0.108,60,764.40656
8/14/2026 17:44,32982.547,31443.098,19.889887,30.319065,1.011213,20.438015,4.8156567,67.80627,104.64063,7.1055155,-27.041435,158.42914,0.21167359,27.563343,0.099,60,764.40656
8/14/2026 18:14,32048.352,30585.77,19.292418,31.202852,1.0107847,19.88075,4.3606977,61.133324,94.35507,7.07081,-25.014877,160.87054,0.2392933,27.503616,0.099,60,764.40656
8/14/2026 18:44,30488.04,29297.48,18.397043,32.799747,1.0102293,19.043362,4.267138,59.140926,91.35422,7.052083,-23.89431,186.49101,0.3300279,27.127588,0.099,60,764.40656
8/14/2026 19:14,28398.049,27488.982,17.149916,35.213688,1.0094151,17.867838,4.4079103,60.252987,93.150185,7.0527897,-23.903847,176.06735,0.5479942,26.731426,0.081,60,764.40656
8/14/2026 19:44,25986.996,25395.13,15.719035,38.480785,1.0084944,16.506834,4.1836143,56.22622,87.01683,7.0272617,-22.382736,155.50137,0.7793245,26.220222,0.072,60,764.40656
8/14/2026 20:14,23246.771,22874.404,14.017495,43.016727,1.0073271,14.868363,3.9428906,52.146576,80.76311,6.982638,-19.817352,156.69823,0.6201064,25.85229,0.063,60,764.40656
8/14/2026 20:44,21356.367,21103.564,12.835551,46.824444,1.0065062,13.717317,3.7713099,49.348267,76.46339,6.943357,-17.576218,170.60757,0.68919104,25.627176,0.063,60,764.40656
8/14/2026 21:14,19410.639,19250.414,11.611082,51.51814,1.005643,12.512769,3.6357336,47.085,72.98399,6.9226766,-16.393661,165.68184,0.5673268,25.435766,0.054,60,764.40656
8/14/2026 21:44,37986.918,38296.547,24.698273,26.324852,1.0157015,24.892756,6.270418,86.16272,133.77586,7.5487976,-52.337646,232.14816,0.966098,24.576696,0.045,60,764.40656
8/14/2026 22:14,43603.72,43857.883,28.720343,22.933825,1.0186952,28.507624,7.108293,100.15459,155.46466,7.7815003,-65.784454,235.75305,1.1648742,24.696587,0.045,60,764.40656
8/14/2026 22:44,43848.35,44207.246,28.972923,22.805874,1.0189213,28.73471,6.898867,97.13893,150.818,7.776344,-65.460205,253.41034,0.96493816,24.57495,0.045,60,764.40656
8/14/2026 23:14,43794.562,44274.34,29.01873,22.833885,1.0189974,28.778322,6.707532,94.23663,146.35063,7.771344,-65.140724,239.43423,0.8738533,24.432646,0.045,60,764.40656
8/14/2026 23:44,43755.4,44321.324,29.050745,22.854322,1.0190511,28.80886,6.597285,92.541794,143.74539,7.758571,-64.38255,249.61948,0.91018,24.33148,0.045,60,764.40656
8/15/2026 0:14,43684.598,44338.156,29.06062,22.891363,1.0190884,28.819801,6.448381,90.29565,140.28307,7.7544065,-64.12029,270.71954,0.786112,24.228256,0.036,60,764.40656
8/15/2026 0:44,43650.176,44372.17,29.083582,22.909414,1.0191289,28.841911,6.33191,88.55274,137.59543,7.746178,-63.62915,270.5145,0.5469241,24.148096,0.036,60,764.40656
8/15/2026 1:14,43580.81,44325.32,29.048666,22.945879,1.0191104,28.811459,6.2732987,87.67325,136.23572,7.7434645,-63.467026,267.10986,0.54313374,24.1206,0.036,60,764.40656
8/15/2026 1:44,43552.05,44350.484,29.065533,22.961031,1.0191416,28.827816,6.0882316,85.00129,132.09894,7.7234893,-62.303543,250.68759,0.6658551,24.057444,0.027,60,764.40656
8/15/2026 2:14,43421.203,44279.227,29.0117,23.030224,1.0191216,28.781498,5.874623,81.89054,127.28119,7.7001405,-60.944557,187.06322,0.43866184,23.985468,0.045,60,764.40656
8/15/2026 2:44,43223.723,44284.906,29.009888,23.135443,1.0191891,28.785189,5.3723226,74.57372,115.958786,7.598516,-55.05085,205.7743,0.14296886,23.745413,0.036,60,764.40656
8/15/2026 3:14,42735.09,44036.2,28.820839,23.399975,1.0191295,28.623531,4.5803413,63.18521,98.30106,7.422681,-44.89422,210.27565,0.04614172,23.453072,0.027,60,764.40656
8/15/2026 3:44,41784.42,43228.324,28.227167,23.932364,1.0187379,28.098412,4.300503,58.91171,91.684875,7.3209767,-39.024353,203.71915,0.037308726,23.251215,0.027,60,764.40656
8/15/2026 4:14,38397.516,39811.69,25.755417,26.043352,1.0169026,25.8776,3.9896417,53.773075,83.70366,7.2203693,-33.23555,205.56927,0.039694652,23.140228,0.027,60,764.40656
8/15/2026 4:44,32835.91,34137.098,21.722017,30.454462,1.0138978,22.189114,3.636004,47.76223,74.364525,7.1018558,-26.421547,197.81589,0.18132773,23.004372,0.027,60,764.40656
8/15/2026 5:14,28400.314,29659.389,18.602028,35.210876,1.0116076,19.278603,3.3263292,42.737545,66.56697,7.0184426,-21.619797,185.3323,0.16633871,22.777428,0.018,60,764.40656
8/15/2026 5:44,25514.854,26780.842,16.626802,39.192856,1.0101857,17.407547,3.0466378,38.52081,60.02456,6.9611487,-18.39161,174.6893,0.20577669,22.525019,0.018,60,764.40656
8/15/2026 6:14,24033.361,25334.19,15.64303,41.60883,1.0094993,16.467224,2.9448593,36.87694,57.4834,6.9337344,-16.841888,170.45021,0.07858792,22.311686,0.018,60,764.40656
8/15/2026 6:44,22857.021,24185.928,14.866934,43.750233,1.0089624,15.720853,2.854378,35.45934,55.29076,6.917325,-15.912056,151.21936,0.16097894,22.123276,0.009,60,764.40656
8/15/2026 7:14,21784.396,23111.4,14.145282,45.904415,1.008451,15.022411,2.8265963,34.883194,54.403854,6.9027147,-15.087128,156.69345,0.14477557,21.993837,0.009,60,764.40656
8/15/2026 7:44,20667.977,21974.611,13.386489,48.38403,1.0079056,14.283498,2.814667,34.51409,53.837532,6.8776774,-13.680458,137.54845,0.2731834,21.886852,0.009,60,764.40656
8/15/2026 8:14,19266.518,20492.832,12.405385,51.903515,1.007171,13.32034,2.9324858,35.740986,55.753117,6.8898787,-14.362335,187.5782,0.08688056,21.866955,0.009,60,764.40656
8/15/2026 8:44,18881.18,20050.363,12.114689,52.96279,1.0069324,13.032736,3.0347846,36.98084,57.679733,6.882313,-13.9427185,199.85199,0.10768592,21.946999,0.009,60,764.40656
8/15/2026 9:14,18095.375,19152.918,11.527063,55.26274,1.0064499,12.449397,3.0387452,37.015205,57.71812,6.8848157,-14.090538,222.83554,0.041036762,22.109125,0.018,60,764.40656
8/15/2026 9:44,15294.721,16002.885,9.486862,65.382034,1.0047721,10.4018755,4.524003,55.047504,85.754326,6.915258,-15.826225,265.3551,0.14443836,22.683128,0.018,60,764.40656
8/15/2026 10:14,43070.137,43556.395,28.494118,23.217943,1.0186068,28.311657,8.37206,117.23465,182.07259,7.842471,-69.236755,229.95949,0.038387064,24.415504,0.045,60,764.40656
8/15/2026 10:44,43698.684,44239.56,28.99163,22.883984,1.0189981,28.755714,7.9563313,111.62281,173.37491,7.839386,-69.04602,264.71616,0.03549261,24.359894,0.054,60,764.40656
8/15/2026 11:14,43733.785,44225.254,28.982517,22.865618,1.0189743,28.746416,7.8253474,109.89081,170.66632,7.836835,-68.912506,255.94235,0.038372092,24.418175,0.036,60,764.40656
8/15/2026 11:44,43875.59,44354.34,29.077291,22.791716,1.019041,28.830322,7.923915,111.367615,172.95453,7.8488455,-69.60869,233.41656,0.049531356,24.434881,0.045,60,764.40656
8/15/2026 12:14,43906.27,44334.04,29.063816,22.775791,1.0190132,28.817127,7.7946553,109.65665,170.27843,7.8462863,-69.475174,274.2672,0.038675606,24.494831,0.045,60,764.40656
8/15/2026 12:44,43984.49,44372.89,29.0933,22.735289,1.0190217,28.842379,8.040254,113.222916,175.80089,7.869085,-70.80078,281.87274,0.120032,24.541721,0.045,60,764.40656
8/15/2026 13:14,44004.344,44331.707,29.064802,22.725029,1.0189793,28.81561,8.360726,117.863075,182.98116,7.897641,-72.46494,283.38434,0.040087793,24.613382,0.045,60,764.40656
8/15/2026 13:44,44105.72,44392.336,29.110245,22.672796,1.0189993,28.855019,8.167483,115.26562,178.93234,7.884294,-71.70677,268.69296,0.22689852,24.661964,0.045,60,764.40656
8/15/2026 14:14,44194.906,44378.113,29.102545,22.627043,1.0189576,28.845776,8.165861,115.48096,179.2255,7.8859334,-71.83075,261.26862,0.45776173,24.78386,0.045,60,764.40656
8/15/2026 14:44,44669.164,44429.59,29.150843,22.386808,1.0188463,28.879234,8.248884,117.69366,182.48534,7.8811326,-71.67339,198.7219,0.3018932,25.282316,0.045,60,764.40656
8/15/2026 15:14,45412.715,44433.48,29.170528,22.020266,1.018598,28.881763,8.282722,119.96063,185.67859,7.860333,-70.6768,191.87927,0.039407797,26.153831,0.072,60,764.40656
8/15/2026 15:44,46295.56,44499.055,29.234793,21.600344,1.0183494,28.924387,7.9558268,117.14839,180.96298,7.801098,-67.45815,195.10269,0.040566184,27.113705,0.081,60,764.40656
8/15/2026 16:14,46393.3,44180.164,29.008402,21.554836,1.0180193,28.717108,7.3950205,109.680786,169.24054,7.7122984,-62.39891,215.21568,0.03640243,27.62269,0.099,60,764.40656
8/15/2026 16:44,44568.31,42333.3,27.660254,22.437468,1.0169638,27.516645,6.904156,101.87139,157.14136,7.593095,-55.480003,223.89412,0.0405841,27.764162,0.108,60,764.40656
8/15/2026 17:14,39500.74,37765.28,24.357225,25.315983,1.014602,24.547432,6.2663655,90.22444,139.28484,7.4128137,-44.91806,236.0487,0.1026775,27.405956,0.099,60,764.40656
8/15/2026 17:44,34350.527,33076.484,21.029,29.111635,1.0122305,21.499716,5.5790143,78.323685,121.01424,7.2356896,-34.561157,209.79404,0.22403838,27.016655,0.099,60,764.40656
8/15/2026 18:14,32295.186,31233.463,19.737894,30.964367,1.0113358,20.30175,5.1717587,71.78959,110.974335,7.15269,-29.711723,173.13004,0.13264613,26.779743,0.072,60,764.40656
8/15/2026 18:44,31271.322,30341.795,19.116493,31.978182,1.0109233,19.722166,4.825408,66.54639,102.90709,7.097475,-26.488304,160.03131,0.36411944,26.603941,0.081,60,764.40656
8/15/2026 19:14,30516.025,29696.578,18.668154,32.76967,1.0106349,19.302776,4.498316,61.709145,95.45831,7.0621395,-24.4236,174.54147,0.30608392,26.444714,0.081,60,764.40656
8/15/2026 19:44,29861.924,29153.627,18.291603,33.48746,1.0104038,18.949858,4.2565684,58.094723,89.89905,7.024811,-22.244453,148.03409,0.4642221,26.272005,0.072,60,764.40656
8/15/2026 20:14,28889.703,28342.18,17.730577,34.61441,1.0100597,18.422417,3.9531195,53.539265,82.89355,7.0090995,-21.314621,165.143,0.39851588,26.01143,0.072,60,764.40656
8/15/2026 20:44,28393.643,27956.98,17.464462,35.21915,1.0099164,18.172037,3.7021787,49.896084,77.28295,6.968384,-19.00673,185.38475,0.29715794,25.81775,0.063,60,764.40656
8/15/2026 21:14,26975.887,26708.764,16.608059,37.070145,1.0093591,17.360697,3.4526856,46.069935,71.39829,6.9547424,-18.21518,167.24109,0.274317,25.52363,0.054,60,764.40656
8/15/2026 21:44,26738.639,26572.697,16.513742,37.399063,1.0093442,17.272253,3.1425238,41.763763,64.74957,6.906275,-15.459061,240.03029,0.14176884,25.32695,0.054,60,764.40656
8/15/2026 22:14,21906.613,22143.674,13.5206785,45.648315,1.007346,14.393389,3.1817374,40.91804,63.5454,6.938006,-17.204285,215.44934,0.19968876,24.439497,0.036,60,764.40656
8/15/2026 22:44,43155.703,43852.45,28.704414,23.17191,1.0188371,28.504093,6.539774,91.29298,141.84811,7.7141447,-61.78856,212.94116,0.55141795,24.168144,0.036,60,764.40656
8/15/2026 23:14,43511.977,44266.797,29.005571,22.982178,1.0190818,28.773417,6.7395105,94.14356,146.2935,7.7648797,-64.697266,250.0391,0.60179925,24.107243,0.045,60,764.40656
8/15/2026 23:44,43450.81,44315.453,29.038002,23.014532,1.0191435,28.805044,6.7438364,94.00991,146.11996,7.7687635,-64.89277,253.3865,0.5853862,23.978474,0.036,60,764.40656
8/16/2026 0:14,43422.098,44289.945,29.01925,23.029749,1.0191306,28.788464,6.720948,93.673454,145.59818,7.7751594,-65.25993,238.90973,0.6581482,23.974102,0.036,60,764.40656
8/16/2026 0:44,43457.61,44357.598,29.067804,23.01093,1.0191776,28.83244,6.5852838,91.74989,142.61774,7.7622895,-64.5113,248.04115,0.44860503,23.937725,0.036,60,764.40656
8/16/2026 1:14,43395.984,44329.094,29.045996,23.043608,1.0191725,28.813911,6.4872804,90.310104,140.38976,7.7592907,-64.3301,245.49484,0.5210123,23.897926,0.027,60,764.40656
8/16/2026 1:44,43390.867,44359.34,29.067072,23.046324,1.0192003,28.833572,6.465883,89.95858,139.85362,7.7548037,-64.06307,266.14667,0.4048709,23.85694,0.027,60,764.40656
8/16/2026 2:14,43305.53,44329.3,29.043465,23.091738,1.0192014,28.814047,6.376053,88.59412,137.74869,7.7504916,-63.80081,243.66379,0.5769693,23.790855,0.036,60,764.40656
8/16/2026 2:44,43267.52,44368.766,29.070019,23.112024,1.0192474,28.839699,5.9999475,83.24887,129.45862,7.7197323,-62.012672,202.63196,0.5570313,23.70051,0.036,60,764.40656
8/16/2026 3:14,43060.473,44313.49,29.024979,23.223154,1.0192649,28.803766,5.941984,82.161514,127.80867,7.69948,-60.811043,197.80637,0.37338224,23.51957,0.027,60,764.40656
8/16/2026 3:44,42729.055,44340.61,29.033484,23.403278,1.0193906,28.821396,5.3120947,72.90945,113.49996,7.573522,-53.49636,206.28929,0.03824936,23.097126,0.027,60,764.40656
8/16/2026 4:14,42295.414,44176.7,28.90476,23.643225,1.0193845,28.714855,4.9729867,67.809784,105.62013,7.4901175,-48.656464,179.82959,0.03710014,22.770391,0.018,60,764.40656
8/16/2026 4:44,41377.336,43445.867,28.365116,24.16782,1.0190489,28.239815,4.74374,64.17977,100.01027,7.4168544,-44.41738,197.23416,0.039021578,22.507238,0.018,60,764.40656
8/16/2026 5:14,37868.715,39887.88,25.791119,26.407022,1.0171453,25.927122,4.3523474,57.84743,90.166306,7.296393,-37.498474,190.92084,0.038797066,22.349688,0.018,60,764.40656
8/16/2026 5:44,34096.473,36010.492,23.02657,29.328547,1.0150921,23.40682,3.8529193,50.273098,78.37738,7.1595893,-29.654503,170.09735,0.052929908,22.217186,0.018,60,764.40656
8/16/2026 6:14,31496.902,33378.13,21.172108,31.749153,1.013736,21.695784,3.6303706,46.7179,72.854744,7.0862513,-25.44403,177.91272,0.04068283,22.04916,0.009,60,764.40656
8/16/2026 6:44,29743.086,31607.201,19.935415,33.621258,1.012838,20.544682,3.3477788,42.66504,66.54924,7.0346494,-22.482872,163.45978,0.09978912,21.91217,0.009,60,764.40656
8/16/2026 7:14,28133.17,29988.756,18.812935,35.54523,1.0120296,19.492693,3.1906705,40.28489,62.85201,6.996351,-20.313263,147.95303,0.0397869,21.760416,0.009,60,764.40656
8/16/2026 7:44,26847.848,28667.803,17.903364,37.246933,1.0113645,18.634071,3.1704323,39.755814,62.0349,6.9722395,-18.959045,153.68462,0.37013566,21.676214,0.009,60,764.40656
8/16/2026 8:14,25991.643,27796.668,17.306137,38.473904,1.010933,18.067835,3.1872427,39.771408,62.066746,6.9784675,-19.302368,193.25732,1.8574032,21.60017,0.009,60,764.40656
8/16/2026 8:44,25690.027,27447.098,17.068357,38.92561,1.0107412,17.840614,3.2179255,40.134647,62.628807,6.9657054,-18.59188,176.70154,0.054231346,21.648342,0.009,60,764.40656
8/16/2026 9:14,24277.006,25828.107,15.9713125,41.191242,1.0098618,16.78827,3.308035,41.15438,64.19874,6.957803,-18.162727,196.45691,0.49182242,21.855772,0.009,60,764.40656
8/16/2026 9:44,24335.16,25617.42,15.835408,41.092804,1.0096271,16.651323,3.9273362,49.29652,76.8343,6.9459143,-17.528534,183.87794,0.037042744,22.379362,0.018,60,764.40656
8/16/2026 10:14,23468.42,24415.234,15.030466,42.610455,1.0088693,15.869902,4.626716,58.436825,90.98999,7.0095525,-21.123886,182.43314,0.037032947,22.96965,0.018,60,764.40656
8/16/2026 10:44,39009.38,39040.76,25.23799,25.634861,1.0159974,25.376495,9.162433,127.134056,197.24583,7.856801,-70.19043,227.23198,0.039051145,24.957912,0.036,60,764.40656
8/16/2026 11:14,41249.633,41567.066,27.052448,24.24264,1.0174668,27.018593,8.938882,124.54428,193.35846,7.9072876,-73.018074,238.13724,0.03573989,24.600174,0.045,60,764.40656
8/16/2026 11:44,43904.613,44118.79,28.912054,22.77665,1.0188253,28.677212,8.869522,125.21351,194.34427,7.915593,-73.53306,254.70734,0.04087611,24.745838,0.045,60,764.40656
8/16/2026 12:14,43900.305,44101.586,28.899807,22.778885,1.0188117,28.66603,8.714429,123.04769,190.97725,7.910818,-73.26126,257.97366,0.079507634,24.761045,0.045,60,764.40656
8/16/2026 12:44,44205.496,44250.637,29.01281,22.621622,1.0188422,28.762913,8.827753,125.12876,194.13882,7.9215064,-73.924065,269.2127,0.28150913,24.946592,0.054,60,764.40656
8/16/2026 13:14,44134.7,44296.06,29.043072,22.65791,1.0189055,28.792439,8.524323,120.56243,187.1029,7.903012,-72.82257,277.96268,0.437775,24.80928,0.045,60,764.40656
8/16/2026 13:44,40541.69,40715.28,26.440022,24.665966,1.0169544,26.464933,8.355078,116.361084,180.59384,7.8841457,-71.725845,272.94635,0.4514116,24.77678,0.054,60,764.40656
8/16/2026 14:14,44234.977,44366.965,29.09571,22.606544,1.0189347,28.838528,8.364854,118.41403,183.75656,7.902781,-72.8178,276.67523,0.6272982,24.844246,0.054,60,764.40656
8/16/2026 14:44,44366.863,44431.58,29.14473,22.539345,1.0189482,28.880527,8.770393,124.36006,192.95464,7.9330015,-74.5821,268.27814,0.58820194,24.923744,0.054,60,764.40656
8/16/2026 15:14,44458.11,44375.555,29.107422,22.493084,1.0188686,28.84411,8.457769,120.26118,186.53291,7.9219317,-73.98605,191.17355,0.55007374,25.097404,0.054,60,764.40656
8/16/2026 15:44,44787.637,44410.598,29.140226,22.32759,1.0187898,28.866888,8.510925,121.763084,188.73537,7.9085717,-73.29941,177.18793,0.62198323,25.444494,0.054,60,764.40656
8/16/2026 16:14,45300.89,44423.043,29.160704,22.074621,1.0186269,28.874977,8.188115,118.34386,183.22035,7.865344,-70.939064,179.05713,0.20099147,26.034613,0.063,60,764.40656
8/16/2026 16:44,45834.297,44461.54,29.1992,21.817722,1.0184774,28.900002,7.7577076,113.2577,175.13672,7.797355,-67.129135,191.04004,0.18848717,26.6165,0.081,60,764.40656
8/16/2026 17:14,45712.668,44096.098,28.936245,21.875774,1.0181859,28.662464,7.2993903,106.952934,165.28207,7.711363,-62.19864,188.03119,0.17670907,26.91938,0.09,60,764.40656
8/16/2026 17:44,44087.26,42568.32,27.819191,22.68229,1.0173632,27.669407,6.8386483,99.48889,153.764,7.6014347,-55.799484,194.16809,0.13297084,26.868193,0.09,60,764.40656
8/16/2026 18:14,39566.887,38450.516,24.8378,25.273659,1.0152332,24.992836,6.1883087,88.00865,136.11996,7.4197764,-45.189857,183.26282,0.48773733,26.520105,0.081,60,764.40656
8/16/2026 18:44,35678.184,34901.24,22.306278,28.028332,1.0134416,22.685806,5.6000648,78.037994,120.78665,7.255802,-35.629272,168.99585,0.5481173,26.16551,0.072,60,764.40656
8/16/2026 19:14,34307.09,33727.258,21.475418,29.148495,1.0128973,21.922718,5.158138,71.21563,110.28613,7.18284,-31.371117,166.07285,0.5031259,25.900095,0.072,60,764.40656
8/16/2026 19:44,33772.64,33329.797,21.1938,29.609766,1.0127459,21.664368,4.8890967,67.154816,104.039894,7.139141,-28.820038,166.63074,0.5170607,25.695639,0.063,60,764.40656
8/16/2026 20:14,32972.938,32677.154,20.733706,30.327902,1.0124652,21.24015,4.491245,61.29209,94.99857,7.106703,-26.922226,151.29565,0.46558633,25.473907,0.054,60,764.40656
8/16/2026 20:44,32520.273,32342.863,20.49772,30.75005,1.012342,21.022861,4.1847067,56.846466,88.14024,7.0876923,-25.806427,145.51639,0.48387486,25.287188,0.054,60,764.40656
8/16/2026 21:14,31901.016,31822.395,20.132505,31.346964,1.0121132,20.684557,3.996484,54.027225,83.79458,7.0576406,-24.056435,174.15524,0.2528397,25.129353,0.054,60,764.40656
8/16/2026 21:44,31424.867,31431.902,19.858795,31.821932,1.011948,20.430737,3.8132684,51.342648,79.65242,7.030921,-22.501945,180.64023,0.3070488,24.988283,0.045,60,764.40656
8/16/2026 22:14,31021.344,31133.816,19.649378,32.23587,1.0118409,20.236982,3.5681016,47.83445,74.23489,7.015208,-21.58165,202.81314,0.35146034,24.81086,0.045,60,764.40656
8/16/2026 22:44,29251.27,29568.197,18.5605,34.18655,1.0111277,19.21933,3.5133188,46.500584,72.21514,6.9866624,-19.950867,199.65172,0.23197886,24.43882,0.036,60,764.40656
8/16/2026 23:14,40968.934,42014.277,27.356861,24.40874,1.0179552,27.30928,6.2867455,86.36833,134.31041,7.597593,-54.98886,244.57932,0.83389,23.697344,0.036,60,764.40656
8/16/2026 23:44,43152.1,43950.676,28.773277,23.173841,1.0189234,28.56794,6.739679,93.92457,145.96875,7.7354484,-62.99019,257.01047,1.1504095,24.0487,0.036,60,764.40656
8/17/2026 0:14,43336.043,44192.195,28.94812,23.07548,1.0190735,28.724928,6.789221,94.60562,147.04399,7.769316,-64.92615,247.22577,1.3706378,23.98569,0.036,60,764.40656
8/17/2026 0:44,43273.88,44223.973,28.968616,23.10863,1.0191207,28.745583,6.759719,94.02362,146.1685,7.761531,-64.45408,237.38861,1.1909758,23.875202,0.036,60,764.40656
8/17/2026 1:14,43116.027,44124.473,28.89417,23.193232,1.019085,28.680908,6.7225795,93.34947,145.13918,7.7463827,-63.56716,237.95605,1.1010627,23.803427,0.036,60,764.40656
8/17/2026 1:44,43123.984,44195.395,28.944136,23.188951,1.0191436,28.727007,6.7872195,94.15397,146.40903,7.7433367,-63.376427,244.03572,1.2130368,23.730755,0.027,60,764.40656
8/17/2026 2:14,43148.43,44184.355,28.937128,23.175814,1.0191264,28.719831,6.7737923,94.03292,146.2099,7.756447,-64.139366,239.54391,1.3050473,23.772486,0.027,60,764.40656
8/17/2026 2:44,43140.504,44212.836,28.956863,23.180073,1.0191535,28.738342,6.8014846,94.35798,146.72643,7.760254,-64.349174,250.19646,0.9378422,23.730164,0.036,60,764.40656
8/17/2026 3:14,43070.93,44191.86,28.940065,23.217516,1.0191574,28.724709,6.672907,92.47061,143.80646,7.7512674,-63.819885,266.8333,1.1236929,23.671988,0.036,60,764.40656
8/17/2026 3:44,43058.836,44197.11,28.943392,23.224037,1.0191656,28.72812,6.280035,86.99688,135.29886,7.718915,-61.955452,183.18176,1.0354412,23.651598,0.027,60,764.40656
8/17/2026 4:14,42822.91,44047.105,28.831167,23.351986,1.0191113,28.63062,6.151582,85.002655,132.22238,7.686612,-60.076714,191.0448,0.6698724,23.544876,0.036,60,764.40656
8/17/2026 4:44,42375.105,43799.566,28.64423,23.59876,1.0190401,28.469719,5.412027,74.37736,115.74492,7.542002,-51.722527,196.37585,0.59124786,23.297264,0.027,60,764.40656
8/17/2026 5:14,41864.75,43416.91,28.36114,23.886444,1.0188737,28.220991,4.9398956,67.57556,105.19092,7.432594,-45.41397,203.19939,0.289773,23.128267,0.027,60,764.40656
8/17/2026 5:44,41149.74,42754.457,27.877296,24.30149,1.0185342,27.790398,4.7408543,64.564644,100.52014,7.3783216,-42.28592,193.73894,0.39302954,23.034899,0.027,60,764.40656
8/17/2026 6:14,38820.875,40378.605,26.159157,25.759336,1.0172515,26.246094,4.4513626,59.964626,93.36719,7.3004847,-37.813187,194.23962,0.26951727,22.980204,0.036,60,764.40656
8/17/2026 6:44,35334.98,36826.594,23.618662,28.300568,1.0153617,23.937286,4.097114,54.289864,84.54593,7.1896963,-31.44741,195.09793,0.51119703,22.879389,0.027,60,764.40656
8/17/2026 7:14,32061.469,33492.457,21.265537,31.190086,1.0136184,21.770096,3.7502234,48.918896,76.19673,7.1070566,-26.698112,189.89087,0.4406406,22.76305,0.018,60,764.40656
8/17/2026 7:44,29724.04,31117.734,19.608557,33.642803,1.0123981,20.226528,3.5544207,45.83243,71.40224,7.0462275,-23.202896,184.94606,0.43863156,22.655088,0.018,60,764.40656
8/17/2026 8:14,28188.432,29566.594,18.53485,35.475544,1.0116141,19.218287,3.3854802,43.307938,67.48015,7.027628,-22.130013,189.61429,0.4319844,22.559574,0.018,60,764.40656
8/17/2026 8:44,26899.012,28270.568,17.64306,37.176086,1.010968,18.37587,3.3684745,42.79016,66.68446,7.009771,-21.100044,193.8343,0.3903087,22.459929,0.018,60,764.40656
8/17/2026 9:14,25279.197,26614.95,16.511984,39.55822,1.0101385,17.299717,3.4440217,43.394012,67.63534,6.991856,-20.103455,233.69312,0.3162785,22.372356,0.018,60,764.40656
8/17/2026 9:44,24783.62,26094.883,16.158775,40.34923,1.0098733,16.961674,3.3734179,42.414993,66.109764,6.9862456,-19.788742,267.46274,0.44484317,22.369116,0.018,60,764.40656
8/17/2026 10:14,23097.945,24307.52,14.951778,43.293896,1.0089577,15.799888,3.5072703,43.81132,68.28326,6.9773693,-19.292831,293.97488,0.20676157,22.394695,0.018,60,764.40656
8/17/2026 10:44,21569.701,22578.076,13.79601,46.36133,1.0080197,14.67575,4.116793,51.33519,79.974075,6.995244,-20.313263,243.02483,0.48150122,22.661692,0.027,60,764.40656
8/17/2026 11:14,39445.457,40735.92,26.424908,25.351461,1.017352,26.47835,7.558664,102.63797,159.71133,7.75757,-64.110756,239.0051,0.8031593,23.341423,0.027,60,764.40656
8/17/2026 11:44,42017.844,43384.355,28.343243,23.799412,1.0187976,28.199831,7.138986,98.03356,152.54408,7.76841,-64.73541,254.22096,0.89307815,23.3509,0.027,60,764.40656
8/17/2026 12:14,42147.516,43522.766,28.44386,23.72619,1.0188752,28.289799,7.2226562,99.23108,154.40886,7.772664,-64.9786,252.0752,0.7796225,23.34563,0.027,60,764.40656
8/17/2026 12:44,42324,43674.547,28.555311,23.627256,1.0189494,28.388456,7.1906223,98.91615,153.9093,7.764228,-64.50176,253.95871,0.8810918,23.380997,0.018,60,764.40656
8/17/2026 13:14,42590.992,43867.363,28.698309,23.479143,1.0190302,28.513786,7.095553,97.853806,152.2308,7.7660236,-64.62574,267.4246,0.8008008,23.476639,0.027,60,764.40656
8/17/2026 13:44,42940.48,44126.9,28.890614,23.288048,1.0191427,28.682484,6.989729,96.69803,150.40204,7.7607737,-64.349174,269.81354,0.781323,23.592329,0.027,60,764.40656
8/17/2026 14:14,43023.582,44178.098,28.929003,23.243067,1.0191605,28.715763,6.942452,96.131874,149.51099,7.7678413,-64.76402,274.55807,0.71999913,23.631767,0.027,60,764.40656
8/17/2026 14:44,43120.37,44244.504,28.978456,23.190895,1.019187,28.758926,6.9052234,95.7073,148.8406,7.7639647,-64.549446,275.2304,0.89931524,23.669777,0.036,59,764.40656
8/17/2026 15:14,43190.832,44245.01,28.980925,23.15306,1.0191652,28.759256,6.8659787,95.303185,148.19026,7.7628226,-64.50176,269.54175,0.75852555,23.75257,0.036,59,764.40656
8/17/2026 15:44,43241.406,44244.797,28.982275,23.125982,1.019149,28.759119,6.8160906,94.71118,147.2539,7.7550526,-64.06784,199.94736,0.9613825,23.812662,0.036,59,764.40656
8/17/2026 16:14,43249.64,44195.754,28.948097,23.12158,1.0191041,28.72724,6.736315,93.69361,145.65443,7.744775,-63.490868,165.93933,0.7877174,23.879196,0.036,59,764.40656
8/17/2026 16:44,43407.496,44233.23,28.978996,23.037495,1.0190862,28.7516,6.7784553,94.533455,146.92197,7.727758,-62.54196,174.58916,0.66936684,24.02263,0.036,59,764.40656
8/17/2026 17:14,43480.168,44105.11,28.89101,22.998991,1.0189518,28.668322,6.652048,93.10565,144.64075,7.6822844,-59.97181,178.42293,0.23783168,24.258148,0.027,59,764.40656
8/17/2026 17:44,43519.844,43962.164,28.79154,22.978024,1.0188143,28.575407,6.391603,89.74463,139.364,7.603702,-55.48477,180.64499,0.15285562,24.473225,0.036,59,764.40656
8/17/2026 18:14,42717.727,43134.42,28.188358,23.409485,1.0183535,28.037374,6.054409,84.74835,131.60017,7.519358,-50.6258,199.37991,3.3381145,24.49422,0.045,59,764.40656
8/17/2026 18:44,40857.61,41332.49,26.878597,24.475245,1.0173942,26.86612,5.624414,78.01146,121.16041,7.408202,-44.202805,216.20273,0.45353118,24.39847,0.045,59,764.40656
8/17/2026 19:14,37094.414,37660.008,24.237251,26.958237,1.0154581,24.479006,5.0331903,68.54102,106.487976,7.259753,-35.624504,214.3097,0.5258071,24.213697,0.045,59,764.40656
8/17/2026 19:44,34166.453,34806.227,22.210398,29.268476,1.0139823,22.624048,4.5367765,60.877872,94.61258,7.1413393,-28.78666,173.88821,0.5200989,24.037645,0.036,59,764.40656
8/17/2026 20:14,32999.15,33688.883,21.422583,30.303812,1.0134201,21.897774,4.154022,55.382557,86.08915,7.0892377,-25.777817,185.17017,0.4032153,23.928083,0.036,59,764.40656
8/17/2026 20:44,32418.79,33137.598,21.035097,30.84631,1.0131463,21.539438,3.9359004,52.298534,81.304535,7.0563474,-23.880005,202.24571,0.55978465,23.864311,0.036,59,764.40656
8/17/2026 21:14,31689.984,32439.824,20.546045,31.555712,1.0127989,21.085886,3.6433449,48.211212,74.96033,7.0241203,-22.02034,204.35333,0.36557755,23.7898,0.036,59,764.40656
8/17/2026 21:44,31071.555,31856.68,20.1382,32.183777,1.012514,20.706842,3.4582467,45.589375,70.89395,6.9989624,-20.594597,157.80927,0.3251002,23.709656,0.027,59,764.40656
8/17/2026 22:14,30227.838,31051.256,19.576778,33.08209,1.0121185,20.183317,3.2373044,42.46457,66.04621,6.9767203,-19.335747,159.76428,0.38123772,23.611622,0.027,59,764.40656
8/17/2026 22:44,29774.236,30618.877,19.276167,33.586082,1.0119075,19.902271,2.9847994,39.04551,60.73447,6.9489107,-17.766953,228.86752,0.38690984,23.555727,0.027,59,764.40656
8/17/2026 23:14,27834.24,28685.953,17.94115,35.92697,1.010933,18.64587,2.651009,34.3455,53.434082,6.9215674,-16.222,230.30281,0.2822771,23.445501,0.027,59,764.40656
8/17/2026 23:44,33006.79,34108.97,21.707577,30.296797,1.0138048,22.17083,3.4507754,45.57389,70.920044,7.0347066,-22.592545,185.97603,0.19829296,23.308195,0.027,59,764.40656
8/18/2026 0:14,42103.09,43442.79,28.386652,23.751226,1.0188208,28.237814,5.314445,73.04173,113.648926,7.562654,-52.924156,229.69246,0.3128724,23.385431,0.018,59,764.40656
8/18/2026 0:44,42751.67,44079.934,28.851942,23.390898,1.0191617,28.651957,5.6157513,77.440544,120.485466,7.6231318,-56.405067,246.4342,0.17622486,23.422356,0.027,59,764.40656
8/18/2026 1:14,42874.32,44209.59,28.946472,23.323984,1.0192342,28.736235,5.6696477,78.221306,121.70096,7.64514,-57.668686,239.31503,0.16697654,23.418682,0.027,59,764.40656
8/18/2026 1:44,42970.02,44313.906,29.022474,23.27204,1.0192934,28.804039,5.7461586,79.30261,123.384735,7.6562014,-58.30288,233.45947,0.113125935,23.412224,0.027,59,764.40656
8/18/2026 2:14,42959.367,44302.35,29.014051,23.277811,1.0192868,28.796528,5.8283205,80.43341,125.143974,7.673299,-59.285164,225.35324,0.039721556,23.412874,0.027,59,764.40656
8/18/2026 2:44,42997.332,44350.96,29.049265,23.257257,1.0193166,28.828125,5.8249083,80.387405,125.07476,7.671759,-59.194565,230.58414,0.08159407,23.402048,0.027,59,764.40656
8/18/2026 3:14,42919.805,44281.32,28.998096,23.299267,1.0192811,28.782858,5.669417,78.20208,121.67714,7.662254,-58.646202,228.5719,0.045492128,23.390213,0.027,59,764.40656
8/18/2026 3:44,42941.344,44310.13,29.018938,23.28758,1.0192991,28.801584,5.4839206,75.64238,117.69598,7.639866,-57.35874,260.66302,0.12512086,23.38267,0.027,59,764.40656
8/18/2026 4:14,42884.71,44272.734,28.990995,23.318335,1.0192848,28.777277,5.2611465,72.52704,112.85342,7.6274943,-56.643486,221.02832,0.046800915,23.358553,0.027,59,764.40656
8/18/2026 4:44,42870.633,44324.918,29.027048,23.32599,1.0193336,28.811197,4.838125,66.6195,103.674995,7.6093125,-55.584908,173.1968,0.48100057,23.282219,0.027,59,764.40656
8/18/2026 5:14,42729.047,44279.676,28.990904,23.403284,1.0193388,28.78179,5.062257,69.548775,108.25534,7.5819435,-53.99227,195.62721,0.039906833,23.166546,0.027,59,764.40656
8/18/2026 5:44,42598.113,44258.32,28.971739,23.475218,1.019361,28.767908,4.6195726,63.313297,98.57175,7.4889402,-48.63262,175.2901,0.035440043,23.036034,0.027,59,764.40656
8/18/2026 6:14,41916.094,43647.332,28.523323,23.857185,1.0190535,28.370768,4.329931,59.071712,91.98583,7.4132705,-44.27433,221.59576,0.036299452,22.923338,0.018,59,764.40656
8/18/2026 6:44,39604.703,41330.133,26.84075,25.249527,1.0178119,26.864588,3.909481,52.716373,82.10462,7.291123,-37.255287,230.76535,0.037750453,22.814266,0.018,59,764.40656
8/18/2026 7:14,35773.703,37417.89,24.034946,27.953495,1.0157245,24.32163,3.436396,45.496914,70.87423,7.1555824,-29.473305,202.90851,0.039431784,22.699413,0.018,59,764.40656
8/18/2026 7:44,32723.59,34264.996,21.805246,30.558994,1.0140569,22.272247,3.0798788,40.21407,62.650482,7.064467,-24.24717,155.0579,0.06177465,22.644773,0.018,59,764.40656
8/18/2026 8:14,30511.986,31969.893,20.199886,32.774006,1.0128549,20.78043,2.8951366,37.43009,58.31642,7.013826,-21.343231,157.33719,0.049167566,22.612434,0.018,59,764.40656
8/18/2026 8:44,29266.938,30635.592,19.274597,34.168247,1.0121449,19.913136,2.9127762,37.49024,58.40537,6.9805436,-19.488335,189.29482,0.039784607,22.66098,0.018,59,764.40656
8/18/2026 9:14,27113.016,28315.14,17.677998,36.882656,1.010912,18.40484,2.797002,35.74501,55.675587,6.9465137,-17.585754,191.77437,0.03687255,22.777214,0.018,59,764.40656
8/18/2026 9:44,26118.145,27221.127,16.931269,38.28756,1.0103232,17.693733,2.8858523,36.789886,57.29318,6.912694,-15.692711,222.48746,0.057273358,22.878567,0.018,59,764.40656
8/18/2026 10:14,24498.523,25454.227,15.732548,40.818787,1.0093805,16.545246,2.9871252,37.92624,59.047108,6.9244294,-16.360283,215.4112,0.06191554,23.034246,0.018,59,764.40656
8/18/2026 10:44,23589.752,24432.6,15.044434,42.39129,1.0088214,15.88119,3.2087023,40.696774,63.343082,6.902981,-15.163422,277.1759,0.08079389,23.193882,0.027,59,764.40656
8/18/2026 11:14,22229.758,22940.598,14.044691,44.984745,1.0080218,14.911388,2.9798265,37.7035,58.665375,6.872125,-13.437271,144.80115,0.03927408,23.377693,0.027,59,764.40656
8/18/2026 11:44,32613.715,32706.412,20.74679,30.661947,1.0126532,21.259169,7.5611196,102.07452,158.39848,7.472707,-47.99366,205.61694,0.08280351,24.851612,0.036,59,764.40656
8/18/2026 12:14,43473.477,43828.574,28.696283,23.002531,1.0187125,28.488573,8.212344,115.452286,179.25102,7.842734,-69.28921,234.60864,0.2413383,24.575811,0.045,59,764.40656
8/18/2026 12:44,43977.266,44231.145,28.99318,22.739021,1.0189,28.750244,8.024279,113.242676,175.77962,7.8414087,-69.24152,234.21765,0.035238642,24.699486,0.036,59,764.40656
8/18/2026 13:14,44084.01,44080.22,28.889408,22.683962,1.018732,28.652142,8.265327,117.19123,181.80357,7.8593354,-70.347786,227.80418,0.040978152,25.004507,0.054,59,764.40656
8/18/2026 13:44,44332.598,44281.004,29.03746,22.556765,1.0188267,28.782654,8.027596,114.0275,176.87642,7.847961,-69.704056,227.89001,0.0535796,25.061,0.054,59,764.40656
8/18/2026 14:14,44295.91,44154.246,28.946962,22.575447,1.0187268,28.700262,8.204501,116.69502,180.97697,7.86791,-70.88184,236.43018,0.13846563,25.167978,0.054,59,764.40656
8/18/2026 14:44,44656.547,44300.09,29.058844,22.393133,1.0187355,28.795057,7.9435544,113.54837,176.0104,7.847164,-69.7422,215.10124,0.34133276,25.421276,0.063,59,764.40656
8/18/2026 15:14,44563.855,44156.89,28.955257,22.43971,1.0186392,28.70198,7.9790998,114.10893,176.85811,7.8556547,-70.24765,230.05963,0.48938882,25.482527,0.054,59,764.40656
8/18/2026 15:44,44562.477,44297.434,29.054718,22.440405,1.0187646,28.793331,8.418022,120.105034,186.21304,7.8826537,-71.76876,247.9744,0.5753921,25.313255,0.054,59,764.40656
8/18/2026 16:14,44605.43,44245.375,29.018887,22.418795,1.0187039,28.759493,8.53082,121.925224,188.99352,7.900076,-72.8035,228.84369,0.54084086,25.426056,0.054,59,764.40656
8/18/2026 16:44,44789.957,44325.953,29.080301,22.326433,1.0187136,28.81187,8.384838,120.13129,186.1682,7.8812656,-71.74492,154.59537,0.48738852,25.548063,0.063,59,764.40656
8/18/2026 17:14,45190.01,44319.473,29.084694,22.128784,1.0185716,28.807657,8.286964,119.708565,185.33554,7.867509,-71.06304,164.17503,0.5313904,26.028399,0.072,59,764.40656
8/18/2026 17:44,45809.61,44382.098,29.142063,21.829481,1.0184137,28.848364,7.697746,112.474106,173.90048,7.796356,-67.08622,169.78264,0.17701554,26.683983,0.081,59,764.40656
8/18/2026 18:14,46201.59,44376.438,29.145435,21.644278,1.01827,28.844685,6.9994297,103.0823,159.22108,7.702168,-61.712265,182.49512,0.09453948,27.153343,0.09,59,764.40656
8/18/2026 18:44,46085.598,44149.996,28.98152,21.698753,1.0181024,28.697498,6.4697027,95.41972,147.34041,7.604084,-56.033134,185.1511,0.17501013,27.295368,0.099,59,764.40656
8/18/2026 19:14,45072.758,43190.957,28.279459,22.18635,1.01758,28.074121,6.046156,88.80137,137.12505,7.514982,-50.845146,196.78592,0.22235726,27.281116,0.09,59,764.40656
8/18/2026 19:44,42252.707,40632.363,26.41671,23.667122,1.0162433,26.411036,5.477322,79.35228,122.58486,7.3704224,-42.40513,208.18234,0.22919984,27.087862,0.108,59,764.40656
8/18/2026 20:14,38030.72,36737.496,23.617144,26.294533,1.0142204,23.879372,4.8604684,69.0301,106.69442,7.2126474,-33.20217,232.53441,0.34190163,26.843018,0.09,59,764.40656
8/18/2026 20:44,35184.03,34124.895,21.763062,28.421986,1.0128977,22.181181,4.3641005,61.10948,94.49532,7.1082826,-27.11773,172.02853,0.33106568,26.624977,0.081,59,764.40656
8/18/2026 21:14,34011.273,33105.44,21.043985,29.402016,1.0124167,21.518536,4.055619,56.37374,87.20711,7.0616636,-24.394989,175.32825,0.18184584,26.432568,0.072,59,764.40656
8/18/2026 21:44,33163.824,32391.904,20.542095,30.153337,1.0120956,21.054737,3.7560925,51.89696,80.31226,7.0279665,-22.425652,171.60892,0.16220073,26.247679,0.072,59,764.40656
8/18/2026 22:14,32437.812,31765.94,20.103304,30.828218,1.0118083,20.64786,3.457588,47.538784,73.58887,7.000262,-20.809174,195.09315,0.1828989,26.107368,0.072,59,764.40656
8/18/2026 22:44,31524.842,30961.967,19.541742,31.721016,1.0114332,20.125278,3.265325,44.632477,69.11169,6.983698,-19.88411,198.17828,0.11486524,25.951809,0.063,59,764.40656
8/18/2026 23:14,30610.482,30133.287,18.965376,32.66855,1.011037,19.586637,3.0654354,41.674774,64.547676,6.958366,-18.439293,263.28564,0.07327821,25.829117,0.063,59,764.40656
8/18/2026 23:44,30134.395,29757.602,18.703787,33.184673,1.010889,19.34244,2.8978875,39.22464,60.772884,6.933393,-17.01355,257.5493,0.10773128,25.662933,0.063,59,764.40656
8/19/2026 0:14,27756.928,27565.309,17.192276,36.027042,1.009842,17.91745,2.7829237,37.151623,57.594868,6.937399,-17.223358,239.37701,0.040710155,25.363949,0.054,59,764.40656
8/19/2026 0:44,39577.062,39814.824,25.789385,25.26716,1.0164906,25.879637,5.6818814,78.715576,122.18814,7.4411798,-46.1483,235.03304,0.29857978,24.687344,0.054,59,764.40656
8/19/2026 1:14,43545.887,43728.25,28.62753,22.964281,1.0186003,28.423363,6.432079,90.712364,140.78543,7.6843386,-60.195923,245.88107,0.74513316,24.781652,0.054,59,764.40656
8/19/2026 1:44,43847.305,44098.293,28.896105,22.80642,1.0188261,28.66389,6.5162945,91.91408,142.6719,7.717759,-62.10804,208.4303,0.83643293,24.702011,0.045,59,764.40656
8/19/2026 2:14,43876.016,44186.113,28.958765,22.791494,1.0188937,28.720974,6.3240056,89.126595,138.3631,7.708751,-61.573982,240.11136,0.837831,24.632563,0.045,59,764.40656
8/19/2026 2:44,43887.82,44296.52,29.036879,22.785364,1.0189865,28.792738,6.202579,87.27904,135.52417,7.697092,-60.8778,246.74416,0.62432826,24.51694,0.045,59,764.40656
8/19/2026 3:14,43771.3,44257.805,29.006462,22.84602,1.0189905,28.767574,6.1819715,86.83442,134.85695,7.698082,-60.915947,239.88248,0.6892986,24.424477,0.036,59,764.40656
8/19/2026 3:44,43779.426,44305.227,29.04007,22.84178,1.0190291,28.798397,6.120918,85.924965,133.45583,7.6910467,-60.5011,246.15765,0.6470501,24.378654,0.045,59,764.40656
8/19/2026 4:14,43683.395,44236.414,28.988993,22.891994,1.0190003,28.75367,6.034233,84.634476,131.45953,7.686116,-60.210228,242.80072,0.80684936,24.345476,0.036,59,764.40656
8/19/2026 4:44,43740.445,44332.508,29.058197,22.862135,1.0190655,28.81613,5.742483,80.51164,125.065994,7.6499424,-58.116913,259.9907,0.95514506,24.300783,0.036,59,764.40656
8/19/2026 5:14,43644.25,44263.26,29.006802,22.912525,1.0190363,28.77112,5.4607553,76.495285,118.834236,7.6243134,-56.63395,194.3779,0.5178002,24.26781,0.036,59,764.40656
8/19/2026 5:44,43620.76,44285.168,29.021559,22.924864,1.0190629,28.785358,5.385135,75.37234,117.10121,7.6104994,-55.828094,186.82956,0.54154277,24.214506,0.045,59,764.40656
8/19/2026 6:14,43515.6,44244.74,28.990168,22.980265,1.0190617,28.759079,5.2407265,73.239075,113.80298,7.5904646,-54.659843,207.22867,0.22750561,24.137192,0.045,59,764.40656
8/19/2026 6:44,43287.58,44073.53,28.863398,23.101316,1.0189865,28.647797,4.8383713,67.48348,104.87314,7.5156527,-50.3397,232.53441,0.12746958,24.066349,0.036,59,764.40656
8/19/2026 7:14,41440.637,42207.8,27.505121,24.130903,1.017967,27.435072,4.525809,62.614426,97.30952,7.4221926,-44.956207,205.99365,0.038650617,24.048382,0.045,59,764.40656
8/19/2026 7:44,38681.37,39362.08,25.45281,25.852238,1.0164071,25.58535,4.116251,56.32777,87.532036,7.2921333,-37.474632,203.00865,0.07882375,24.09458,0.036,59,764.40656
8/19/2026 8:14,34862.727,35432.527,22.654549,28.68393,1.0142827,23.031143,3.6886106,49.728676,77.26825,7.1509895,-29.354095,171.33237,0.07331906,24.158045,0.036,59,764.40656
8/19/2026 8:44,32443.922,32902.094,20.876078,30.822414,1.0129137,21.38636,3.4667442,46.35697,72.01442,7.0624013,-24.261475,177.31189,0.040961854,24.27093,0.045,59,764.40656
8/19/2026 9:14,30206.44,30508.959,19.21176,33.105522,1.011605,19.830824,3.4095736,45.329514,70.390976,7.017194,-21.672249,174.74652,0.07345212,24.480848,0.045,59,764.40656
8/19/2026 9:44,28728.97,28850.475,18.069338,34.808067,1.0106642,18.75281,3.4900274,46.34282,71.92425,6.9775677,-19.459724,167.51767,0.03942992,24.779505,0.045,59,764.40656
8/19/2026 10:14,27082.906,26954.521,16.77364,36.92366,1.0095608,17.52044,3.6388984,48.365574,74.996155,6.9676743,-18.930435,220.71362,0.03798938,25.249374,0.054,59,764.40656
8/19/2026 10:44,26555.715,26262.592,16.304415,37.656677,1.0091144,17.070684,3.8028874,50.709763,78.57963,6.9556026,-18.267632,238.23738,0.11991383,25.584356,0.072,59,764.40656
8/19/2026 11:14,24978.818,24428.031,15.064233,40.03392,1.0080162,15.878221,4.1649384,55.73021,86.25617,6.959244,-18.510818,247.64061,0.038365982,26.18049,0.081,59,764.40656
8/19/2026 11:44,25323.777,24402.863,15.051248,39.48858,1.0077752,15.861861,4.9290586,66.8703,103.32713,6.9534383,-18.229485,247.56432,0.04049617,26.975807,0.099,59,764.40656
8/19/2026 12:14,24153.459,23016.248,14.120018,41.40194,1.0068991,14.960561,5.573735,76.02195,117.313255,7.0369673,-23.050308,220.99017,0.45730302,27.58686,0.108,59,764.40656
8/19/2026 12:44,44889.26,43140.535,28.240328,22.277042,1.0176003,28.04135,9.635553,141.1125,217.97711,7.9699445,-77.281,225.00992,0.06223358,27.122278,0.108,59,764.40656
8/19/2026 13:14,46965.63,45940.055,30.27822,21.292166,1.0194265,29.861036,8.747376,127.51833,197.3706,7.9263124,-74.505806,214.8819,0.43413854,26.168808,0.072,59,764.40656
8/19/2026 13:44,45271.363,44427,29.162867,22.08902,1.0186406,28.87755,8.82677,127.49041,197.39685,7.926318,-74.46289,208.82129,0.7278746,25.995062,0.072,59,764.40656
8/19/2026 14:14,45201.676,44327.387,29.090567,22.123074,1.0185747,28.812801,9.012937,130.20917,201.59108,7.9464793,-75.64068,205.1401,0.9668046,26.032642,0.072,59,764.40656
8/19/2026 14:44,45342.164,44390.805,29.13868,22.054527,1.0185837,28.854023,9.18748,132.96875,205.82619,7.965666,-76.77555,207.09991,1.0237914,26.122065,0.072,59,764.40656
8/19/2026 15:14,45240.13,44310.21,29.079187,22.104269,1.0185461,28.801638,9.306717,134.59592,208.35478,7.980247,-77.614784,215.70206,1.2293488,26.098774,0.072,59,764.40656
8/19/2026 15:44,45201.273,44377.008,29.125818,22.12327,1.0186197,28.845057,9.257392,133.63068,206.91339,7.9692087,-76.942444,228.92952,1.4268166,25.972467,0.072,59,764.40656
8/19/2026 16:14,45098.695,44341.13,29.098078,22.17359,1.0186224,28.821733,9.246541,133.27621,206.39693,7.9678264,-76.84231,253.24344,1.3789933,25.894499,0.063,59,764.40656
8/19/2026 16:44,45057.434,44377.21,29.122772,22.193895,1.0186689,28.845186,8.994575,129.45973,200.52339,7.947978,-75.66929,256.8674,1.507049,25.802523,0.063,59,764.40656
8/19/2026 17:14,45076.945,44364.16,29.113949,22.18429,1.0186505,28.836704,8.7749815,126.37587,195.73166,7.9372706,-75.05894,240.13995,1.5438259,25.841188,0.072,59,764.40656
8/19/2026 17:44,45232.4,44395.363,29.13954,22.108047,1.0186254,28.856985,8.858991,127.92167,198.06773,7.936474,-75.0494,158.33377,1.4823134,25.98713,0.072,59,764.40656
8/19/2026 18:14,45515.344,44398.652,29.147911,21.970613,1.0185311,28.859125,8.768436,127.3304,197.02013,7.9250193,-74.46766,163.84601,1.3244873,26.316832,0.072,59,764.40656
8/19/2026 18:44,45978.91,44515.2,29.240318,21.749102,1.0184758,28.934881,7.874269,115.18978,178.08531,7.834794,-69.327354,169.5299,1.2366793,26.721525,0.081,59,764.40656
8/19/2026 19:14,46250.438,44519.793,29.248787,21.621418,1.0183846,28.937866,7.142345,105.04,162.28593,7.7397337,-63.872337,176.23901,1.1083757,27.035263,0.09,59,764.40656
8/19/2026 19:44,46219.48,44349.273,29.126348,21.635899,1.0182385,28.827028,6.543441,96.444466,148.95085,7.6310005,-57.582855,189.75735,0.9845041,27.207848,0.09,59,764.40656
8/19/2026 20:14,45159.14,43208.38,28.293356,22.143911,1.0175647,28.085447,6.082182,89.46128,138.11937,7.537924,-52.194595,237.69855,1.0528204,27.363758,0.099,59,764.40656
8/19/2026 20:44,42611.61,40662.293,26.443666,23.467783,1.0161322,26.430492,5.55166,81.014565,125.038666,7.401248,-44.260025,258.83197,1.0370023,27.509907,0.099,59,764.40656
8/19/2026 21:14,39292.766,37451.61,24.134567,25.449978,1.0143833,24.343546,4.921145,70.96805,109.517456,7.2521057,-35.58159,188.91335,1.0709672,27.57387,0.099,59,764.40656
8/19/2026 21:44,37103.62,35395.324,22.669891,26.951548,1.0133021,23.00696,4.438741,63.438755,97.908356,7.1524835,-29.773712,188.6511,0.7126756,27.526875,0.108,59,764.40656
8/19/2026 22:14,35729.43,34170.06,21.801968,27.988132,1.0126954,22.210539,4.0099645,56.900265,87.84349,7.089566,-26.097298,173.33984,0.5685417,27.389297,0.099,59,764.40656
8/19/2026 22:44,34718.402,33296.773,21.185629,28.80317,1.0122813,21.642904,3.6499767,51.47878,79.50018,7.0448055,-23.479462,176.12457,0.6580285,27.235376,0.099,59,764.40656
8/19/2026 23:14,33749.69,32474.744,20.607294,29.6299,1.0119033,21.108583,3.3144903,46.45293,71.766304,7.01151,-21.529198,213.26541,0.39266232,27.05548,0.09,59,764.40656
8/19/2026 23:44,33033.285,31889.023,20.19608,30.272495,1.0116489,20.727867,2.959048,41.25069,63.753162,6.975326,-19.469261,260.8061,0.35068065,26.87867,0.081,59,764.40656
8/20/2026 0:14,31751.393,30799.295,19.43441,31.494682,1.0111568,20.019543,2.8996875,40.070736,61.963364,6.959606,-18.558502,236.23466,0.34822255,26.61848,0.081,59,764.40656
8/20/2026 0:44,31110.566,30346.125,19.117197,32.14342,1.0110079,19.724981,2.5642126,35.188854,54.447983,6.950783,-18.03875,231.88113,0.33790433,26.318886,0.072,59,764.40656
8/20/2026 1:14,28617.545,28107.771,17.569023,34.9436,1.0099567,18.270052,2.5339446,34.250275,53.03549,6.9259615,-16.608238,243.12973,0.33839774,25.949547,0.063,59,764.40656
8/20/2026 1:44,41440.227,41733.355,27.173542,24.131142,1.0175487,27.12668,5.791285,80.79025,125.42157,7.5069647,-49.934387,241.21762,0.72537893,24.632257,0.054,59,764.40656
8/20/2026 2:14,43522.46,43794.797,28.673788,22.976643,1.0186667,28.46662,6.2771983,88.38701,137.20418,7.6787634,-59.8526,269.19366,1.0631312,24.674429,0.045,59,764.40656
8/20/2026 2:44,43968.633,44232.77,28.994097,22.743486,1.0189043,28.7513,6.531433,92.15592,143.05124,7.7328544,-62.975883,248.78502,0.88432246,24.687355,0.045,59,764.40656
8/20/2026 3:14,43933,44234.074,28.994072,22.761932,1.018917,28.752148,6.442509,90.83242,141.00838,7.7298737,-62.794685,249.89128,1.0769706,24.643646,0.054,59,764.40656
8/20/2026 3:44,43979.69,44305.19,29.045452,22.737768,1.0189642,28.798374,6.403967,90.27121,140.14456,7.7249336,-62.503815,234.7803,1.0558914,24.615349,0.045,59,764.40656
8/20/2026 4:14,43932.902,44285.766,29.030508,22.761984,1.0189625,28.785748,6.36934,89.72487,139.30486,7.729848,-62.78038,240.80753,0.97533613,24.582832,0.045,59,764.40656
8/20/2026 4:44,43888.367,44299.316,29.038872,22.785082,1.0189887,28.794556,6.2182517,87.49663,135.86272,7.7133102,-61.8124,246.57727,1.1446785,24.514309,0.045,59,764.40656
8/20/2026 5:14,43808.438,44255.094,29.00556,22.826653,1.0189762,28.765812,5.9262023,83.30957,129.37141,7.6842675,-60.129166,247.55478,0.85117424,24.47158,0.036,59,764.40656
8/20/2026 5:44,43776.75,44278.04,29.02085,22.843176,1.0190064,28.780725,5.6316195,79.086754,122.82847,7.6330357,-57.16324,282.7072,0.7387486,24.407259,0.045,59,764.40656
8/20/2026 6:14,43729.344,44260.52,29.007221,22.867939,1.0190064,28.769337,5.3304305,74.80501,116.18619,7.597742,-55.122375,194.84998,0.67040557,24.371668,0.036,59,764.40656
8/20/2026 6:44,43681.055,44295.395,29.03043,22.89322,1.0190524,28.792007,5.4430146,76.26522,118.47551,7.625866,-56.72455,190.26279,0.73035073,24.273865,0.036,59,764.40656
8/20/2026 7:14,43534.223,44240.08,28.987417,22.970434,1.0190516,28.75605,5.308158,74.21572,115.31476,7.611738,-55.890083,171.2656,0.47919425,24.164654,0.036,59,764.40656
8/20/2026 7:44,42780.125,43561.94,28.490002,23.375341,1.0187064,28.315264,5.0347886,70.06552,108.886955,7.5374537,-51.59378,208.12035,0.43842703,24.060356,0.036,59,764.40656
8/20/2026 8:14,40743.7,41452.297,26.959122,24.543673,1.0175391,26.943993,4.516317,62.349655,96.888054,7.4082136,-44.15989,174.36505,0.1485101,24.10501,0.036,59,764.40656
8/20/2026 8:44,38746.26,39315.715,25.422379,25.80894,1.0163424,25.555214,4.1556525,57.004356,88.55964,7.2809677,-36.849976,171.43726,0.2230194,24.241669,0.036,59,764.40656
8/20/2026 9:14,35683.25,36033.97,23.08565,28.024353,1.0145131,23.42208,3.8164904,51.88331,80.566765,7.1655555,-30.226707,205.29747,0.072230145,24.490421,0.045,59,764.40656
8/20/2026 9:44,33748.586,33864.3,21.558609,29.63087,1.0132716,22.011795,3.5746078,48.454567,75.19579,7.082938,-25.491714,176.71585,0.06784623,24.821098,0.045,59,764.40656
8/20/2026 10:14,31323.465,31171.018,19.680191,31.924948,1.0117377,20.261162,3.5609012,48.122204,74.61782,7.0246315,-22.158623,170.50743,0.039706625,25.256058,0.054,59,764.40656
8/20/2026 10:44,29985.049,29561.926,18.569271,33.349953,1.0107634,19.215252,3.679982,49.848164,77.21923,6.9931026,-20.403862,185.09387,0.09187458,25.74938,0.063,59,764.40656
8/20/2026 11:14,28891.598,28230.547,17.655457,34.61214,1.0099412,18.349855,3.8630602,52.493256,81.23866,6.9803543,-19.712448,176.52036,0.0406863,26.225977,0.072,59,764.40656
8/20/2026 11:44,28785.277,27921.307,17.445757,34.739983,1.009669,18.148851,3.994529,54.58794,84.41175,6.9671516,-18.987656,272.88437,0.06180355,26.620054,0.09,59,764.40656
8/20/2026 12:14,28689.324,27674.742,17.278437,34.85617,1.0094556,17.988583,4.1986403,57.620846,89.045616,6.974107,-19.402504,280.1752,0.036323242,26.919422,0.108,59,764.40656
8/20/2026 12:44,29462.604,28316.191,17.720339,33.94133,1.009726,18.405525,3.3252153,45.90554,70.91088,6.9432387,-17.65728,173.53058,0.033369467,27.11969,0.126,59,764.40656
8/20/2026 13:14,28158.951,26458.545,16.45307,35.512688,1.0084032,17.198053,5.6325517,78.87116,121.498085,7.0657463,-24.790764,217.6094,0.19816148,28.364756,0.135,59,764.40656
8/20/2026 13:44,45118.03,43180.24,28.2726,22.164087,1.0175534,28.067156,10.485356,154.17188,238.03342,8.069126,-83.11272,231.33278,0.47882742,27.349571,0.117,59,764.40656
8/20/2026 14:14,45302.21,44200.977,29.002836,22.073978,1.0184258,28.730635,9.697898,140.68282,217.68607,8.006208,-79.17404,234.83276,1.3006235,26.304415,0.081,59,764.40656
8/20/2026 14:44,45388.17,44290.277,29.068148,22.032171,1.018477,28.788681,9.847662,142.89182,221.10715,8.013555,-79.59843,244.72237,1.8120962,26.297832,0.072,59,764.40656
8/20/2026 15:14,45362.25,44216.17,29.014881,22.044762,1.0184188,28.74051,10.132783,147.13232,227.64111,8.041557,-81.23875,235.93903,1.6970291,26.357063,0.081,59,764.40656
8/20/2026 15:44,45361.004,44193.9,28.999008,22.045368,1.0183989,28.726034,10.193755,148.06868,229.0778,8.043738,-81.37226,220.1128,1.6377248,26.382662,0.072,59,764.40656
8/20/2026 16:14,45175.24,44157.336,28.969149,22.13602,1.0184304,28.702269,9.818013,142.16283,220.01999,8.026717,-80.337524,242.7721,1.8009932,26.206898,0.072,59,764.40656
8/20/2026 16:44,45150.727,44139.996,28.95631,22.148037,1.0184231,28.690998,9.720749,140.7252,217.79863,8.031442,-80.60932,244.627,1.8243115,26.198868,0.072,59,764.40656
8/20/2026 17:14,45088.383,44211.58,29.005848,22.178661,1.0185094,28.737526,9.62902,139.05649,215.28609,8.014005,-79.55551,243.56366,2.268739,26.038322,0.072,59,764.40656
8/20/2026 17:44,45159.035,44244.035,29.030426,22.143963,1.0185143,28.758623,9.091635,131.41335,203.43477,7.9640303,-76.67065,234.65157,2.373645,26.082766,0.072,59,764.40656
8/20/2026 18:14,45016.414,44234.297,29.020409,22.214119,1.0185544,28.752293,8.670269,124.98154,193.53926,7.9403615,-75.25921,238.657,2.2542071,25.925718,0.072,59,764.40656
8/20/2026 18:44,45045.57,44220.305,29.011106,22.199741,1.0185319,28.743198,8.696589,125.4639,194.26616,7.9404674,-75.27828,169.78264,2.5813649,25.9771,0.072,59,764.40656
8/20/2026 19:14,44901.605,44100.93,28.92322,22.270918,1.0184739,28.665606,8.411031,121.22917,187.71922,7.93334,-74.858665,169.76834,2.2128036,25.950554,0.063,59,764.40656
8/20/2026 19:44,44759.555,44072.965,28.900248,22.341599,1.0184975,28.647427,7.666372,110.22837,170.731,7.8487024,-69.9234,185.0605,1.6431674,25.815628,0.063,59,764.40656
8/20/2026 20:14,44449.37,43869.684,28.74922,22.497507,1.0184212,28.515295,7.1257033,102.15075,158.25868,7.7714424,-65.42206,203.38058,1.4519194,25.691828,0.063,59,764.40656
8/20/2026 20:44,43370.785,42887.86,28.030758,23.056995,1.0179114,27.87711,6.787674,96.73951,149.9056,7.69429,-60.93502,211.01474,1.309082,25.589539,0.063,59,764.40656
8/20/2026 21:14,40151.145,39829.926,25.813028,24.90589,1.0162936,25.889452,6.291184,88.28757,136.85359,7.5750017,-54.00181,232.64885,1.2268106,25.42224,0.063,59,764.40656
8/20/2026 21:44,37056.723,36816.32,23.654236,26.985657,1.0146954,23.930609,5.7449355,79.52858,123.295685,7.4422297,-46.310425,187.62589,0.8828849,25.341877,0.063,59,764.40656
8/20/2026 22:14,34306.2,34148.44,21.76404,29.14925,1.0133052,22.196487,5.325687,72.8104,112.9022,7.319577,-39.20555,192.50394,0.75982803,25.24187,0.054,59,764.40656
8/20/2026 22:44,32077.771,32024.271,20.272879,31.174236,1.0122304,20.815777,4.844219,65.49151,101.583496,7.2187347,-33.359528,171.1607,0.68234086,25.087465,0.054,59,764.40656
8/20/2026 23:14,29696.91,29817.217,18.736359,33.67354,1.011162,19.381191,4.6542974,62.04818,96.29738,7.1645346,-30.198097,187.40176,0.5798021,24.788752,0.045,59,764.40656
8/20/2026 23:44,26733.557,27121,16.878304,37.40617,1.0099161,17.628649,4.8532043,63.408207,98.506516,7.149421,-29.273033,174.24106,0.7218306,24.252054,0.036,59,764.40656
8/21/2026 0:14,20283.42,21025.104,12.76811,49.30135,1.0071206,13.666317,5.1997466,65.04218,101.24301,7.137598,-28.486252,164.34192,0.6588724,23.153088,0.018,59,764.40656
8/21/2026 0:44,16670.76,17458.031,10.426288,59.985268,1.00549,11.34772,5.179405,63.31331,98.63828,7.0891094,-25.658607,201.87854,0.76328003,22.639,0.018,58,764.40656
8/21/2026 1:14,15606.8125,16391.133,9.735656,64.074585,1.005006,10.654237,4.99634,60.66861,94.54086,7.0611844,-24.046898,237.54596,0.4340418,22.49475,0.009,58,764.40656
8/21/2026 1:44,14874.791,15695.608,9.287189,67.22784,1.0047257,10.202146,4.781634,57.658997,89.885605,7.03685,-22.63546,255.84221,0.5506179,22.261992,0.018,58,764.40656
8/21/2026 2:14,14438.001,15279.69,9.019989,69.261665,1.0045599,9.931799,4.6004195,55.236076,86.129105,7.0246234,-21.924973,283.57028,0.56470215,22.115944,0.018,58,764.40656
8/21/2026 2:44,37761.746,39252.316,25.351303,26.481827,1.0166329,25.514006,4.6894336,62.91321,97.95294,7.421933,-44.784546,276.83734,0.554138,23.011827,0.018,58,764.40656
8/21/2026 3:14,39383.523,40661.746,26.371748,25.391329,1.0173082,26.430136,5.176889,70.29052,109.374176,7.5737104,-53.55358,275.9218,0.18487903,23.354162,0.027,58,764.40656
8/21/2026 3:44,42438.33,43860.926,28.689075,23.563604,1.0190728,28.509604,5.2282023,71.87546,111.85059,7.594883,-54.75998,269.62756,0.10693649,23.301868,0.027,58,764.40656
8/21/2026 4:14,42421.215,43886.992,28.706743,23.57311,1.0191002,28.526545,5.2705684,72.40071,112.677895,7.6076694,-55.48477,257.91168,0.19619937,23.251366,0.027,58,764.40656
8/21/2026 4:44,42117.875,43637.754,28.52316,23.742887,1.0189826,28.36454,5.243441,71.8564,111.84533,7.602763,-55.189133,256.33813,0.29257104,23.176468,0.027,58,764.40656
8/21/2026 5:14,42206.156,43710.29,28.57658,23.693226,1.0190167,28.41169,5.3822303,73.80973,114.88134,7.6250367,-56.471825,254.8027,0.09176367,23.198353,0.018,58,764.40656
8/21/2026 5:44,42290.773,43792.42,28.636581,23.645819,1.0190604,28.465075,5.4914055,75.34142,117.26405,7.6325746,-56.905746,253.04794,0.16874348,23.204704,0.027,58,764.40656
8/21/2026 6:14,42357.914,43856.758,28.683624,23.60834,1.0190942,28.506891,5.346416,73.37987,114.20984,7.619015,-56.1285,289.6309,0.039183546,23.210688,0.036,58,764.40656
8/21/2026 6:44,42388.977,43909.195,28.721218,23.59104,1.0191292,28.540977,4.802239,65.89803,102.56912,7.58005,-53.887367,299.34882,0.06346222,23.187336,0.027,58,764.40656
8/21/2026 7:14,42074.05,43676.742,28.54895,23.767618,1.0190295,28.389883,4.8778443,66.74068,103.90014,7.553802,-52.36149,186.91063,0.036704555,23.078829,0.027,58,764.40656
8/21/2026 7:44,41890.72,43573.008,28.470728,23.871635,1.0189983,28.322454,4.7809377,65.26893,101.626465,7.531417,-51.059723,187.60205,0.03828039,22.97861,0.027,58,764.40656
8/21/2026 8:14,41670.617,43366.754,28.319954,23.997725,1.0188917,28.18839,4.421545,60.28174,93.865425,7.493337,-48.87104,198.81248,0.034202773,22.952276,0.018,58,764.40656
8/21/2026 8:44,40781.16,42592.414,27.75284,24.521128,1.0185126,27.68507,4.0958657,55.481644,86.41743,7.4278026,-45.084953,192.95215,0.034418892,22.773548,0.027,58,764.40656
8/21/2026 9:14,40628.508,42404.168,27.617306,24.61326,1.0184007,27.56271,3.8128693,51.639145,80.427765,7.3849597,-42.63401,150.0225,0.033479422,22.80761,0.018,58,764.40656
8/21/2026 9:44,39069.65,40878.8,26.511974,25.595316,1.0175997,26.57122,3.5916557,48.225082,75.12621,7.314378,-38.571358,172.3957,0.034778602,22.682905,0.018,58,764.40656
8/21/2026 10:14,37071.25,38852.64,25.055763,26.975082,1.0165222,25.254215,3.3988647,45.185383,70.40077,7.265376,-35.75325,190.58228,0.03589346,22.59948,0.018,58,764.40656
8/21/2026 10:44,33788.01,35539.617,22.698275,29.596296,1.0147905,23.100752,3.4022064,44.471,69.30854,7.171394,-30.350685,173.86914,0.037427753,22.419582,0.018,58,764.40656
8/21/2026 11:14,26747.666,28252.104,17.626837,37.38644,1.0110197,18.363869,3.6074178,45.61262,71.11216,7.1015916,-26.335716,165.205,0.10025412,22.212017,0.018,58,764.40656
8/21/2026 11:44,22632.281,23968.346,14.720308,44.184677,1.0088623,15.579425,3.8253894,47.444687,73.98422,7.039093,-22.7499,162.32013,0.36027226,22.081524,0.009,58,764.40656
8/21/2026 12:14,19174.432,20343.768,12.308259,52.152786,1.0070676,13.223449,4.0855126,49.88141,77.79551,6.996834,-20.356178,171.04149,0.3064033,21.990637,0.009,58,764.40656
8/21/2026 12:44,18314.787,19419.244,11.700842,54.60069,1.0066023,12.622508,4.290255,52.227657,81.45055,6.9617076,-18.39161,156.86989,0.5736743,22.022282,0.018,58,764.40656
8/21/2026 13:14,17384.72,18411.164,11.042221,57.521774,1.0060916,11.967257,4.285624,52.029537,81.1338,6.9594283,-18.267632,195.73212,0.1311612,22.08109,0.009,58,764.40656
8/21/2026 13:44,14178.91,15018.007,8.852558,70.52728,1.0044436,9.761704,5.398624,64.70678,100.90348,7.015338,-21.390915,233.94585,1.2994679,22.074728,0.018,58,764.40656
8/21/2026 14:14,39655.926,40757.754,26.446156,25.216911,1.0172999,26.49254,8.489304,115.78727,180.09544,7.8571167,-69.885254,224.71428,0.45021254,23.584631,0.027,58,764.40656
8/21/2026 14:44,42651.87,43808.258,28.658804,23.445631,1.0189604,28.475368,8.091859,111.84628,173.95541,7.8586392,-69.98062,244.87018,0.3721509,23.617985,0.027,58,764.40656
8/21/2026 15:14,42797.098,43978.21,28.782152,23.36607,1.0190603,28.585836,7.8890667,109.07464,169.65184,7.862222,-70.18089,251.67465,0.36496753,23.593887,0.036,58,764.40656
8/21/2026 15:44,42863.52,44041.18,28.828253,23.329863,1.0190934,28.626766,7.851883,108.600945,168.91325,7.8584642,-69.96632,252.2564,0.3647379,23.6,0.027,58,764.40656
8/21/2026 16:14,42771.684,43971.484,28.77667,23.379953,1.0190625,28.581465,7.75744,107.2089,166.75656,7.8584156,-69.95678,242.91039,0.4624963,23.57142,0.036,58,764.40656
8/21/2026 16:44,42733.67,43970.598,28.774895,23.400751,1.0190738,28.580889,7.459133,103.00499,160.2302,7.8315473,-68.40229,249.81021,0.42546937,23.52719,0.027,58,764.40656
8/21/2026 17:14,42758.82,44018.145,28.808943,23.386988,1.0191067,28.611794,7.309464,100.91332,156.98343,7.822852,-67.89684,244.4458,0.47905543,23.502134,0.027,58,764.40656
8/21/2026 17:44,42736.89,43997.836,28.79405,23.398989,1.0190961,28.598593,7.221293,99.683014,155.07024,7.818962,-67.67273,247.42126,0.5635268,23.499514,0.027,58,764.40656
8/21/2026 18:14,42686.38,43981.41,28.781012,23.426676,1.0190979,28.587917,6.7857637,93.59585,145.61139,7.7806168,-65.460205,262.28427,0.7927219,23.458378,0.027,58,764.40656
8/21/2026 18:44,42743.863,44063.5,28.84021,23.395172,1.0191501,28.641275,6.784561,93.567856,145.57458,7.7785597,-65.33623,261.3306,0.9404653,23.432013,0.027,58,764.40656
8/21/2026 19:14,42645.266,43972.125,28.773243,23.449263,1.0191029,28.581882,6.12323,84.39697,131.3091,7.7216644,-62.065125,152.01093,0.86210036,23.420155,0.027,58,764.40656
8/21/2026 19:44,42613.895,43989.36,28.784319,23.466524,1.0191275,28.593084,6.3532996,87.48526,136.12764,7.733413,-62.72793,192.82341,0.9831861,23.362925,0.027,58,764.40656
8/21/2026 20:14,42357.254,43794.15,28.639887,23.608707,1.0190412,28.466196,6.3462353,87.190674,135.68839,7.7265687,-62.31785,227.2272,0.7973014,23.28219,0.027,58,764.40656
8/21/2026 20:44,41189.55,42690.535,27.834105,24.278002,1.0184668,27.74885,5.9857616,81.678535,127.137375,7.6243362,-56.42414,241.44173,0.62630254,23.159182,0.027,58,764.40656
8/21/2026 21:14,39844.594,41338.35,26.853981,25.097507,1.0177407,26.869928,5.657389,76.69244,119.38678,7.549142,-52.099228,181.2601,0.48685837,23.108118,0.018,58,764.40656
8/21/2026 21:44,36663.348,38177.133,24.580654,27.275196,1.0160755,24.815136,5.452591,72.7122,113.22651,7.4360495,-45.580864,162.67776,0.42860672,22.923998,0.027,58,764.40656
8/21/2026 22:14,34518.383,36022.297,23.047407,28.970072,1.0149484,23.414494,5.2011724,68.61146,106.86088,7.3349557,-39.76822,167.0456,0.18583883,22.814161,0.018,58,764.40656
8/21/2026 22:44,30160.924,31634.504,19.965775,33.155483,1.012692,20.56243,4.878705,62.930637,98.054924,7.2120967,-32.696724,193.78662,0.14772667,22.56118,0.018,58,764.40656
8/21/2026 23:14,26203.46,27610.21,17.189617,38.1629,1.0106592,17.946638,4.429405,55.98822,87.27086,7.0959053,-26.021004,174.51764,0.07219752,22.332443,0.018,58,764.40656
8/21/2026 23:44,23467.098,24805.041,15.284242,42.612854,1.0092634,16.123278,4.162788,51.889484,80.90285,7.0297966,-22.22538,200.23822,0.038691927,22.176003,0.018,58,764.40656
8/22/2026 0:14,21105.709,22382.682,13.659276,47.380547,1.00808,14.548743,4.0369887,49.698074,77.50675,6.980795,-19.459724,156.9891,0.03746486,22.012995,0.009,58,764.40656
8/22/2026 0:44,18962.256,20179.49,12.198715,52.73634,1.0070215,13.116669,3.8983393,47.43334,73.99525,6.936173,-16.951561,159.09195,0.038741685,21.841866,0.009,58,764.40656
8/22/2026 1:14,16983.818,18130.56,10.856403,58.879574,1.006047,11.784864,3.738266,45.001835,70.2194,6.91169,-15.573502,230.53647,0.037002705,21.688524,0.009,58,764.40656
8/22/2026 1:44,15681.57,16786.014,9.984116,63.769123,1.0054213,10.910909,3.63921,43.477676,67.855545,6.879488,-13.766289,251.0214,0.036171768,21.55521,0.009,58,764.40656
8/22/2026 2:14,14042.675,15078.428,8.887125,71.2115,1.0046299,9.800978,3.6549406,43.2626,67.53603,6.8758597,-13.55648,246.73938,0.03495409,21.40361,0.009,58,764.40656
8/22/2026 2:44,13471.918,14495.764,8.51537,74.22848,1.0043732,9.422247,3.560837,41.97611,65.53813,6.858357,-12.574196,203.29953,0.039734703,21.30206,0.009,58,764.40656
8/22/2026 3:14,27274.012,29016.9,18.145782,36.66494,1.011502,18.860985,4.302857,54.211765,84.567665,7.104151,-26.450157,212.69798,0.040784623,21.855257,0.009,58,764.40656
8/22/2026 3:44,42021.656,43677.008,28.547447,23.797253,1.019046,28.390057,5.161946,70.548065,109.839294,7.5666304,-53.08628,247.20192,0.25590602,23.015715,0.018,58,764.40656
8/22/2026 4:14,42283.703,43905.953,28.715574,23.649773,1.0191591,28.53887,5.514343,75.50422,117.54571,7.6292176,-56.6864,253.06702,0.21038458,23.065536,0.027,58,764.40656
8/22/2026 4:44,42334.58,44001.715,28.784037,23.621353,1.0192246,28.601114,5.34922,73.20846,113.981255,7.6191583,-56.09989,266.67596,0.12277459,23.016335,0.027,58,764.40656
8/22/2026 5:14,42285.37,43974.984,28.763784,23.64884,1.0192171,28.58374,5.366681,73.40239,114.28869,7.623324,-56.33354,258.9464,0.061162584,22.988373,0.027,58,764.40656
8/22/2026 5:44,42327.312,44005.582,28.786503,23.625408,1.0192301,28.603628,5.420343,74.165695,115.474236,7.6283445,-56.624413,251.71756,0.20161264,23.003262,0.018,58,764.40656
8/22/2026 6:14,42306.46,43979.4,28.76756,23.637053,1.0192144,28.586609,5.4557366,74.64856,116.225006,7.6393824,-57.258606,236.89746,0.052459322,23.008425,0.018,58,764.40656
8/22/2026 6:44,42327.426,44008.414,28.788477,23.625343,1.0192324,28.60547,5.4355764,74.37084,115.794266,7.6341734,-56.9582,243.11066,0.037353143,23.000158,0.027,58,764.40656
8/22/2026 7:14,42286.008,43966.113,28.757624,23.648485,1.0192094,28.577974,5.3759847,73.5412,114.5027,7.629688,-56.700706,266.75702,0.06599808,22.999283,0.027,58,764.40656
8/22/2026 7:44,42220.457,43937.234,28.73533,23.685202,1.0192051,28.559202,5.1718044,70.68246,110.06014,7.6011567,-55.05562,248.98529,0.038326085,22.954273,0.027,58,764.40656
8/22/2026 8:14,42203.41,43926.73,28.72745,23.694767,1.0192016,28.552374,4.990779,68.19525,106.18881,7.5786533,-53.76339,220.33691,0.037878945,22.945982,0.018,58,764.40656
8/22/2026 8:44,42174.758,43975.69,28.760632,23.710865,1.0192517,28.5842,4.9252906,67.20562,104.6639,7.567213,-53.09105,258.56494,0.03718179,22.85587,0.018,58,764.40656
8/22/2026 9:14,41660.62,43529.715,28.432997,24.003483,1.0190327,28.294315,4.6703477,63.488575,98.89254,7.522948,-50.535202,249.83884,0.038366474,22.751919,0.027,58,764.40656
8/22/2026 9:44,41269.684,43142.004,28.150476,24.230862,1.0188258,28.042301,4.4184666,59.94058,93.36982,7.4736,-47.70279,182.81937,0.03884054,22.727802,0.018,58,764.40656
8/22/2026 10:14,40876.926,42754.61,27.868517,24.463678,1.0186201,27.790495,4.1211977,55.78946,86.90758,7.4235864,-44.83223,180.54008,0.033542946,22.700642,0.018,58,764.40656
8/22/2026 10:44,39161.92,41031.043,26.619951,25.535007,1.0176997,26.67018,3.8691576,51.920357,80.89206,7.3487396,-40.53116,197.59178,0.03517549,22.614985,0.018,58,764.40656
8/22/2026 11:14,36131.832,37955.2,24.412615,27.676426,1.0160674,24.67088,3.7272515,49.26464,76.77114,7.2591233,-35.381317,201.02501,0.033942517,22.484814,0.018,58,764.40656
8/22/2026 11:44,30927.105,32614.578,20.64339,32.334095,1.0132738,21.199476,3.6050901,46.455624,72.41701,7.1049676,-26.535988,156.30246,0.04058819,22.29111,0.018,58,764.40656
8/22/2026 12:14,26460.172,27965.664,17.430378,37.79265,1.0108794,18.177683,3.6159976,45.643375,71.16366,7.031373,-22.315979,148.3345,0.07823794,22.181486,0.018,58,764.40656
8/22/2026 12:44,24451.414,25850.623,15.990629,40.89743,1.0097982,16.802906,3.7009132,46.31328,72.209946,6.991936,-20.093918,159.11578,0.20007597,22.166143,0.018,58,764.40656
8/22/2026 13:14,23063.488,24374.412,14.99437,43.358574,1.009043,15.843368,3.7081563,46.15176,71.955986,6.9746356,-19.125938,185.77576,0.072037324,22.184145,0.018,58,764.40656
8/22/2026 13:44,23936.656,25282.49,15.606889,41.776928,1.0094972,16.433619,3.2177489,40.212246,62.69262,6.933409,-16.818047,154.20438,0.04103217,22.21299,0.009,58,764.40656
8/22/2026 14:14,22323.361,23572.512,14.456444,44.79612,1.0086274,15.322132,2.7438755,34.070095,53.11565,6.950673,-17.786026,167.5129,0.035943355,22.22556,0.018,58,764.40656
8/22/2026 14:44,19752.604,20861.994,12.652298,50.626236,1.007271,13.560297,4.2112517,51.736588,80.659195,6.9971523,-20.389557,163.55038,0.73625034,22.215834,0.018,58,764.40656
8/22/2026 15:14,34514.16,35797.59,22.8945,28.973616,1.0147495,23.268433,7.68292,101.82445,158.50562,7.6772165,-59.452057,262.20798,0.6234112,23.122913,0.018,58,764.40656
8/22/2026 15:44,42369.203,43583.35,28.492973,23.602049,1.0188568,28.32918,8.373242,115.469696,179.61525,7.874386,-70.86754,246.84906,0.5562161,23.541462,0.027,58,764.40656
8/22/2026 16:14,41321.543,42518.758,27.71857,24.20045,1.0182767,27.637192,8.506625,116.75487,181.61934,7.9000897,-72.340965,253.79181,1.9493343,23.525793,0.027,58,764.40656
8/22/2026 16:44,42527.406,43786.9,28.64009,23.514248,1.0189815,28.461483,8.020915,110.612144,172.07364,7.868608,-70.524216,263.56696,0.6808449,23.494024,0.036,58,764.40656
8/22/2026 17:14,42419.863,43689.715,28.568861,23.573862,1.0189321,28.398315,7.6567554,105.51761,164.15286,7.842947,-69.04602,273.33258,0.739863,23.47826,0.027,58,764.40656
8/22/2026 17:44,42562.58,43872.633,28.701113,23.494818,1.0190437,28.517212,7.132708,98.29837,152.93315,7.796719,-66.3805,252.03229,0.7396396,23.436628,0.027,58,764.40656
8/22/2026 18:14,42570.105,43893.44,28.715897,23.490664,1.0190592,28.530737,6.713766,92.50801,143.9283,7.769221,-64.7974,259.8667,0.6579789,23.421526,0.027,58,764.40656
8/22/2026 18:44,42657.07,43990.4,28.786385,23.442772,1.0191147,28.59376,6.508567,89.70377,139.5674,7.75041,-63.71498,260.84424,0.82202554,23.413116,0.027,58,764.40656
8/22/2026 19:14,42631.703,43976.05,28.775568,23.456722,1.0191104,28.584433,6.4084954,88.297745,137.38306,7.744236,-63.357353,265.4743,0.8416208,23.399473,0.027,58,764.40656
8/22/2026 19:44,42643.84,44000.83,28.793274,23.450047,1.019128,28.600538,6.229303,85.816284,133.52544,7.7263575,-62.327385,264.04382,0.7728679,23.385334,0.027,58,764.40656
8/22/2026 20:14,42580.5,43946.64,28.753416,23.484928,1.0191014,28.565315,5.963763,82.12044,127.77782,7.6956882,-60.563087,279.2835,1.0843107,23.372442,0.027,58,764.40656
8/22/2026 20:44,42589.324,43996.562,28.788588,23.480062,1.0191412,28.597765,5.9101257,81.33083,126.559616,7.691455,-60.310364,224.76672,1.2646995,23.325384,0.027,58,764.40656
8/22/2026 21:14,42438.285,43898.258,28.715149,23.56363,1.0191046,28.533869,5.8118854,79.85089,124.271095,7.671012,-59.12304,201.23004,0.7711978,23.258736,0.027,58,764.40656
8/22/2026 21:44,42279.582,43804.004,28.644304,23.652079,1.0190737,28.472603,5.504974,75.49511,117.50872,7.5950327,-54.745674,211.12442,0.5724863,23.17796,0.027,58,764.40656
8/22/2026 22:14,41621.04,43183.395,28.190716,24.02631,1.0187511,28.069206,5.4993033,75.12405,116.94571,7.538264,-51.47457,265.04993,0.6424365,23.105783,0.018,58,764.40656
8/22/2026 22:44,39629.07,41220.297,26.765587,25.234001,1.0177097,26.793192,5.4470396,73.633446,114.6503,7.454523,-46.64898,274.00494,0.5498579,22.9789,0.027,58,764.40656
8/22/2026 23:14,36641.06,38244.09,24.625816,27.291788,1.0161418,24.85866,5.2135825,69.39505,108.0829,7.349698,-40.61222,300.1547,0.25911695,22.805452,0.027,58,764.40656
8/22/2026 23:44,32900.094,34478.137,21.954245,30.39505,1.0141802,22.410788,4.8705597,63.602425,99.09462,7.2329893,-33.898354,212.21637,0.2710118,22.603697,0.027,58,764.40656
8/23/2026 0:14,29431.463,30966.176,19.499407,33.977245,1.0123816,20.128016,4.476165,57.418556,89.4896,7.117532,-27.265549,228.43839,0.18788244,22.405184,0.018,58,764.40656
8/23/2026 0:44,26451.197,27932.102,17.408045,37.805473,1.0108517,18.155867,4.122514,52.071175,81.17972,7.032817,-22.40181,164.6185,0.12381022,22.224188,0.018,58,764.40656
8/23/2026 1:14,24286.947,25721.205,15.901899,41.17438,1.0097531,16.718784,3.9609587,49.46347,77.132385,6.985399,-19.721985,159.35422,0.040474303,22.080538,0.009,58,764.40656
8/23/2026 1:44,21982.59,23357.805,14.309224,45.490547,1.0085936,15.182573,3.7159681,45.837337,71.49681,6.936777,-16.989708,166.502,0.080778696,21.917486,0.009,58,764.40656
8/23/2026 2:14,20159.668,21481.887,13.058366,49.603992,1.0076852,13.963226,3.6186767,44.19778,68.95496,6.9134817,-15.678406,234.93767,0.03839609,21.777466,0.018,58,764.40656
8/23/2026 2:44,18607.713,19883.047,12.001916,53.741158,1.0069219,12.923981,3.5646904,43.161343,67.35257,6.8929744,-14.52446,200.29068,0.040957388,21.64179,0,58,764.40656
8/23/2026 3:14,17119.533,18331.46,10.985964,58.412807,1.0061808,11.91545,3.5580516,42.743504,66.711464,6.8888855,-14.29081,198.82202,0.040227596,21.538641,0,58,764.40656
8/23/2026 3:44,15993.925,17165.176,10.228119,62.52374,1.0056357,11.157365,3.4943197,41.704975,65.10201,6.8713174,-13.303757,249.3143,0.0379613,21.427536,0.009,58,764.40656
8/23/2026 4:14,37435.87,39553.867,25.547775,26.712347,1.0170025,25.710014,5.482214,72.56052,113.12801,7.385915,-42.60063,178.20834,0.37775755,22.196484,0.009,58,764.40656
8/23/2026 4:44,41636.676,43606.56,28.485626,24.017286,1.0191048,28.344263,5.493639,74.54726,116.14093,7.55151,-52.15168,256.60992,0.57142735,22.634869,0.018,58,764.40656
8/23/2026 5:14,41745.418,43699.523,28.55395,23.954725,1.01915,28.404692,5.5872707,75.88038,118.2131,7.5848064,-54.063797,261.56427,0.57864356,22.658802,0.027,58,764.40656
8/23/2026 5:44,41798.867,43735.594,28.580845,23.924093,1.019164,28.428137,5.5685134,75.6681,117.877884,7.587646,-54.23069,260.458,0.33752418,22.681538,0.018,58,764.40656
8/23/2026 6:14,41742.32,43673.93,28.536043,23.956503,1.0191293,28.388054,5.6734934,77.078384,120.074295,7.6041126,-55.174828,270.81488,0.2842439,22.684399,0.018,58,764.40656
8/23/2026 6:44,41939.895,43833.29,28.653587,23.843645,1.0192033,28.491638,5.7760773,78.601326,122.43557,7.629894,-56.66256,263.89124,0.13754678,22.738462,0.018,58,764.40656
8/23/2026 7:14,41927.33,43758.19,28.600891,23.850792,1.0191438,28.442825,5.841127,79.562775,123.91835,7.6413846,-57.3349,256.7482,0.035073277,22.8094,0.027,58,764.40656
8/23/2026 7:44,41935.03,43784.2,28.619255,23.84641,1.0191635,28.45973,5.9140444,80.535034,125.43699,7.641537,-57.33967,225.811,0.11787825,22.788813,0.018,58,764.40656
8/23/2026 8:14,41969,43803.74,28.633997,23.82711,1.0191694,28.472431,6.0059385,81.819824,127.43416,7.646383,-57.621002,246.1052,0.114222996,22.807045,0.018,58,764.40656
8/23/2026 8:44,41988.324,43834.375,28.655973,23.816145,1.0191894,28.492344,5.7877426,78.84064,122.79657,7.615481,-55.847168,261.0588,0.45624936,22.795067,0.027,58,764.40656
8/23/2026 9:14,41930.094,43787.363,28.62129,23.849218,1.0191677,28.461786,5.676806,77.292274,120.38818,7.607131,-55.365562,201.60675,0.16000856,22.779285,0.018,58,764.40656
8/23/2026 9:44,41841.723,43738.555,28.584354,23.89959,1.0191535,28.43006,5.6210203,76.44825,119.0836,7.598475,-54.860115,206.76135,0.04056297,22.729448,0.027,58,764.40656
8/23/2026 10:14,41252.8,43247.07,28.22286,24.240778,1.0189197,28.110596,5.555294,75.203,117.17222,7.569391,-53.167343,242.05685,0.044000417,22.585688,0.027,58,764.40656
8/23/2026 10:44,39097.723,41164.637,26.709873,25.576937,1.0178342,26.757015,5.136521,68.66156,107.018394,7.4573617,-46.715736,192.68512,0.29753634,22.371159,0.009,58,764.40656
8/23/2026 11:14,34599.043,36634.36,23.465256,28.902534,1.0154567,23.812334,5.0929427,66.46997,103.65019,7.381178,-42.31453,272.5792,0.36958015,22.091225,0.018,58,764.40656
8/23/2026 11:44,27060.27,28843.1,18.02501,36.954548,1.0114342,18.748014,5.4262195,68.20124,106.40618,7.2896814,-37.04071,264.0295,0.4731995,21.763805,0.009,58,764.40656
8/23/2026 12:14,19658.041,20942.71,12.701627,50.86977,1.0074137,13.612762,5.525841,67.36548,105.09811,7.14774,-28.934479,224.67613,0.115858935,21.788372,0.009,58,764.40656
8/23/2026 12:44,15009.8125,15859.336,9.391856,66.623085,1.0048206,10.308569,5.508745,66.384125,103.49868,7.0473576,-23.231506,203.9051,0.34501615,22.195488,0.009,58,764.40656
8/23/2026 13:14,10845.025,11385.527,6.5650935,92.208176,1.0026143,7.400593,5.697723,67.95354,105.8896,6.9919386,-20.11776,235.87704,0.07284446,22.514519,0.018,58,764.40656
8/23/2026 13:44,7770.422,8091.5205,4.548292,128.69315,1.0009964,5.2594886,6.027867,71.60626,111.5047,6.9657183,-18.672943,255.21756,0.51240635,22.922338,0.009,58,764.40656
8/23/2026 14:14,4917.3486,5082.895,2.7676795,203.36162,0.99956375,3.3038816,6.475771,76.67751,119.324905,6.975646,-19.254684,292.17242,0.4525786,23.294802,0.027,58,764.40656
8/23/2026 14:44,3400.9575,3483.815,1.8530657,294.03485,0.998761,2.2644799,6.4769044,76.94946,119.65094,6.93456,-16.970634,295.58658,0.76163065,23.754791,0.027,58,764.40656
8/23/2026 15:14,2457.1582,2497.1396,1.3033108,406.9742,0.9982451,1.6231408,6.4139757,76.54079,118.928024,6.9105577,-15.640259,298.5716,0.7074857,24.161732,0.036,58,764.40656
8/23/2026 15:44,2053.3901,2071.7913,1.0706098,486.9995,0.9979756,1.3466644,6.307273,75.689705,117.524666,6.864694,-13.0701065,318.89438,0.8119718,24.534988,0.045,58,764.40656
8/23/2026 16:14,2284.6538,2297.0586,1.1935076,437.70306,0.99802184,1.4930881,6.3133826,76.071495,118.07716,6.8551006,-12.536049,335.6886,0.80148387,24.717262,0.045,58,764.40656
8/23/2026 16:44,20761.914,20171.53,12.222044,48.165115,1.0057911,13.111494,7.944584,105.26486,162.80537,7.5852604,-54.798126,226.37845,0.39365384,26.53237,0.063,58,764.40656
8/23/2026 17:14,32774.266,31641.387,20.023108,30.511744,1.0115209,20.566902,8.037547,111.93076,172.99109,7.8025966,-67.49153,269.2461,0.04357098,26.87454,0.081,58,764.40656
8/23/2026 17:44,37532.492,36522.49,23.459528,26.643581,1.0142217,23.739618,7.952456,112.08465,173.38344,7.822573,-68.55488,230.66043,0.14659227,26.447868,0.081,58,764.40656
8/23/2026 18:14,39255.562,38506.92,24.8715,25.474096,1.0154097,25.0295,7.740027,109.15558,169.00072,7.8144794,-67.98744,269.36053,0.19623248,26.01789,0.072,58,764.40656
8/23/2026 18:44,40291.117,39844.848,25.82644,24.819366,1.0162551,25.89915,7.5005107,105.56505,163.58244,7.802083,-67.17205,245.00847,0.41618755,25.586395,0.063,58,764.40656
8/23/2026 19:14,41561.473,41635.03,27.107718,24.060745,1.0174189,27.06277,7.1205335,99.77225,154.80943,7.7787113,-65.67001,228.98674,0.22769254,24.9075,0.045,58,764.40656
8/23/2026 19:44,42194.633,42714.14,27.879723,23.699697,1.0181588,27.76419,6.5035295,90.66728,140.82547,7.728831,-62.675476,247.93625,0.28032148,24.363226,0.045,58,764.40656
8/23/2026 20:14,42095.332,42792.473,27.931875,23.755604,1.0182606,27.815107,6.3788977,88.62113,137.702,7.718775,-62.05082,262.06018,0.40514252,24.147058,0.036,58,764.40656
8/23/2026 20:44,42529.117,43321.133,28.314148,23.513302,1.0185789,28.158735,6.3142424,87.75512,136.38222,7.705817,-61.28311,248.96622,0.5122029,24.042805,0.036,58,764.40656
8/23/2026 21:14,42432.41,43207.035,28.231499,23.56689,1.0185112,28.084574,6.0338683,83.84585,130.30237,7.6804066,-59.82399,228.53851,0.5918725,24.06135,0.036,58,764.40656
8/23/2026 21:44,41910.65,42593.223,27.787395,23.860285,1.0181475,27.685595,6.001663,83.33145,129.47946,7.670371,-59.26609,225.58212,0.35691768,24.160973,0.036,58,764.40656
8/23/2026 22:14,40276.773,40799.098,26.491796,24.828205,1.0171225,26.519413,5.683249,78.55866,122.02576,7.589023,-54.61216,199.27979,0.19122994,24.329723,0.036,58,764.40656
8/23/2026 22:44,38541.027,38917.082,25.141138,25.946377,1.0160584,25.296103,5.175262,71.19102,110.5479,7.455428,-46.93985,166.62598,0.3504077,24.494083,0.045,58,764.40656
8/23/2026 23:14,33823.887,34083.773,21.709953,29.564905,1.0134478,22.154451,4.992483,67.47041,104.74957,7.318227,-39.043427,169.59668,0.039302625,24.600788,0.045,58,764.40656
8/23/2026 23:44,25902.885,26134.26,16.208664,38.60574,1.0093356,16.987268,4.8352413,63.25354,98.214554,7.1199107,-27.599335,205.30225,0.05128202,24.536474,0.045,58,764.40656
8/24/2026 0:14,16638.674,16920.842,10.086227,60.100945,1.0048534,10.998548,4.8109245,60.3255,93.73889,6.9882174,-20.017624,273.21814,0.0784871,24.126925,0.036,58,764.40656
8/24/2026 0:44,11752.306,12080.554,7.001835,85.08968,1.0026795,7.8523602,4.529815,55.24569,85.93024,6.888569,-14.371872,284.94836,0.07279273,23.577404,0.036,58,764.40656
8/24/2026 1:14,7592.958,7907.2886,4.4373465,131.70097,1.0009136,5.1397376,4.241167,50.346054,78.39895,6.81858,-10.409355,260.4389,0.037512142,22.918743,0.027,58,764.40656
8/24/2026 1:44,4916.9663,5173.055,2.8192182,203.37744,0.9998152,3.362486,4.1184964,47.970203,74.76352,6.7810516,-8.28743,213.08423,0.041056305,22.40815,0.018,58,764.40656
8/24/2026 2:14,3653.3872,3866.635,2.0687735,273.7186,0.999317,2.5133128,4.0875125,47.136517,73.499954,6.7674074,-7.5149536,252.02751,0.03853403,22.112528,0.009,58,764.40656
8/24/2026 2:44,2973.7998,3162.9912,1.67215,336.2701,0.99907273,2.0559442,4.0544195,46.4296,72.42634,6.755334,-6.8330765,272.5363,0.040528174,21.868372,0.009,58,764.40656
8/24/2026 3:14,2505.0112,2676.5815,1.4016118,399.1998,0.9989187,1.739778,4.0359783,45.946934,71.69918,6.760799,-7.133484,290.3271,0.039120145,21.64395,0.009,58,764.40656
8/24/2026 3:44,2167.445,2326.2842,1.2088528,461.3727,0.9988216,1.5120848,4.04472,45.80067,71.49572,6.7585897,-7.004738,276.97565,0.073986985,21.425123,0.009,58,764.40656
8/24/2026 4:14,1979.9917,2134.2793,1.1039858,505.0526,0.99878854,1.3872815,4.1194386,46.4287,72.49988,6.757313,-6.928444,293.26917,0.040529,21.215166,0.009,58,764.40656
8/24/2026 4:44,1829.6742,1982.1029,1.0212924,546.5454,0.9987787,1.2883669,4.3625827,48.91476,76.41043,6.7542524,-6.752014,308.94757,0.039840236,20.973692,0.009,58,764.40656
8/24/2026 5:14,2135.3088,2317.828,1.2039878,468.31635,0.9989386,1.5065881,4.3374734,48.593555,75.91989,6.7789145,-8.125305,330.99176,0.038877755,20.877186,0.009,58,764.40656
8/24/2026 5:44,40516.145,41998.016,27.332003,24.681519,1.0180894,27.29871,5.329599,72.506004,112.86106,7.532971,-51.178932,291.88156,0.28984374,23.15265,0.018,58,764.40656
8/24/2026 6:14,41722.58,43181.406,28.192526,23.967838,1.0187175,28.067913,5.433549,74.39172,115.78056,7.5907083,-54.507256,293.04504,0.03830791,23.23122,0.027,58,764.40656
8/24/2026 6:44,41940.824,43437.855,28.378145,23.843117,1.0188677,28.234608,5.4370418,74.472404,115.91333,7.601206,-55.103302,293.1881,0.03481215,23.195616,0.027,58,764.40656
8/24/2026 7:14,41917.7,43399.297,28.35053,23.856272,1.018842,28.209543,5.4782033,75.046844,116.80398,7.612613,-55.761337,274.43884,2.6182096,23.212631,0.027,58,764.40656
8/24/2026 7:44,41908.2,43357.89,28.321362,23.86168,1.0188097,28.182629,5.6393204,77.291405,120.28975,7.6282725,-56.667328,268.8122,0.036172934,23.24945,0.027,58,764.40656
8/24/2026 8:14,42128.188,43515.32,28.438063,23.737076,1.0188748,28.284958,5.80628,79.74832,124.09581,7.6533246,-58.12168,271.1773,0.030531412,23.331053,0.027,58,764.40656
8/24/2026 8:44,42346.273,43639.54,28.531544,23.614828,1.0189123,28.3657,6.042704,83.212585,129.45993,7.677242,-59.518814,277.19974,0.032838203,23.44842,0.027,58,764.40656
8/24/2026 9:14,42351.56,43553.375,28.47148,23.611881,1.0188367,28.309694,6.094738,84.0584,130.75119,7.676205,-59.480667,271.57306,0.030171718,23.555283,0.027,58,764.40656
8/24/2026 9:44,42388.133,43541.72,28.464434,23.591509,1.018815,28.302116,5.7684083,79.63509,123.8582,7.6289716,-56.777,236.93085,0.030544963,23.612886,0.027,58,764.40656
8/24/2026 10:14,42365.566,43404.77,28.367989,23.604074,1.0187043,28.2131,5.99642,82.93166,128.95476,7.657878,-58.465004,215.56854,0.79214233,23.746487,0.036,58,764.40656
8/24/2026 10:44,42187.57,43205.56,28.223455,23.703665,1.0185894,28.083612,5.8063107,80.263954,124.802155,7.6216626,-56.385994,217.25655,0.03775813,23.76641,0.036,57,764.40656
8/24/2026 11:14,41557.832,42588.195,27.773932,24.062853,1.0182595,27.682327,5.3895154,74.266716,115.48392,7.5700316,-53.41053,181.66064,0.037311133,23.733318,0.036,57,764.40656
8/24/2026 11:44,40877.234,41944.695,27.305767,24.463495,1.017925,27.264051,5.1705914,70.97623,110.38015,7.5018992,-49.48139,173.74515,0.031953666,23.667582,0.036,57,764.40656
8/24/2026 12:14,38969.543,40045.22,25.933285,25.661066,1.0169106,26.029392,4.965516,67.53683,105.04509,7.443796,-46.129227,229.62094,0.033168145,23.593636,0.027,57,764.40656
8/24/2026 12:44,33112.914,34030.793,21.657318,30.199697,1.0136905,22.120014,4.7118206,62.52304,97.24774,7.267113,-35.972595,190.25327,0.053512484,23.587852,0.027,57,764.40656
8/24/2026 13:14,20259.107,20683.432,12.547582,49.360516,1.0067532,13.444231,4.875579,61.77668,96.02885,7.0315685,-22.45903,173.69748,0.03541825,23.925909,0.036,57,764.40656
8/24/2026 13:44,16764.375,17017.234,10.149066,59.6503,1.0048754,11.061203,4.9829364,62.61328,97.276924,6.920392,-16.198158,217.8669,0.037884556,24.222044,0.036,57,764.40656
8/24/2026 14:14,14949.35,15060.205,8.89065,66.89254,1.003828,9.789133,5.1110587,64.22049,99.70138,6.8980637,-14.958382,225.45337,0.039830722,24.614616,0.045,57,764.40656
8/24/2026 14:44,13847.361,13838.563,8.113483,72.21593,1.003134,8.995067,5.2220845,65.82365,102.1093,6.8711357,-13.456345,220.71838,0.105864026,25.033283,0.054,57,764.40656
8/24/2026 15:14,12703.898,12592.392,7.3272614,78.715996,1.0024292,8.185055,5.419117,68.53341,106.22428,6.858755,-12.774467,245.20874,0.08207876,25.463617,0.063,57,764.40656
8/24/2026 15:44,11718.095,11529.364,6.6622467,85.338104,1.0018244,7.4940867,5.6522803,71.71922,111.075584,6.8607283,-12.9032135,260.13852,0.50201756,25.857046,0.072,57,764.40656
8/24/2026 16:14,10735.044,10504.071,6.0260267,93.152855,1.0012678,6.8276463,5.9896507,76.12783,117.83349,6.873187,-13.623238,258.4171,0.39853746,26.151247,0.072,57,764.40656
8/24/2026 16:44,10000.538,9753.662,5.563898,99.99462,1.000874,6.3398805,6.3907313,81.266785,125.74307,6.884547,-14.2765045,269.52744,0.58777314,26.32519,0.09,57,764.40656
8/24/2026 17:14,18830.482,18233.436,10.949066,53.105385,1.004788,11.851733,8.0901375,106.77026,165.07106,7.3797855,-42.89627,283.37003,0.90685576,26.71438,0.072,57,764.40656
8/24/2026 17:44,42989.375,42454.86,27.716837,23.261562,1.0176545,27.59566,9.85136,140.32182,217.40987,8.012286,-79.35524,262.84695,0.44141364,25.659174,0.063,57,764.40656
8/24/2026 18:14,43277.734,43082.51,28.165886,23.10657,1.0181181,28.003632,8.696657,123.29364,191.18486,7.9371715,-74.90158,259.552,0.5945656,25.237246,0.063,57,764.40656
8/24/2026 18:44,43301.285,43433.598,28.413782,23.094004,1.018422,28.23184,7.974141,112.43753,174.48341,7.875371,-71.2347,244.34567,0.69816816,24.84051,0.054,57,764.40656
8/24/2026 19:14,43149.496,43355.52,28.354963,23.175241,1.018404,28.181087,7.837541,110.30367,171.20097,7.872766,-71.06304,253.06226,0.94095105,24.75121,0.054,57,764.40656
8/24/2026 19:44,42966.918,43391.355,28.3754,23.27372,1.0184963,28.204382,7.286392,102.09111,158.53246,7.8252244,-68.25924,249.17126,1.0648981,24.487873,0.045,57,764.40656
8/24/2026 20:14,42898.027,43334,28.333279,23.311094,1.0184689,28.1671,7.2917886,102.11618,158.5757,7.832561,-68.678856,247.7026,1.2210755,24.47326,0.045,57,764.40656
8/24/2026 20:44,42917.74,43360.547,28.352453,23.300388,1.0184854,28.184355,7.1429825,100.02949,155.33757,7.8115835,-67.46769,262.21753,0.68376464,24.465326,0.045,57,764.40656
8/24/2026 21:14,42615.55,43296.688,28.299435,23.465612,1.0185292,28.142847,6.6257277,92.29166,143.3977,7.764453,-64.68773,264.89258,0.88476574,24.176342,0.036,57,764.40656
8/24/2026 21:44,42457.594,43222.53,28.243063,23.552914,1.0185163,28.094646,6.403447,89.00624,138.31894,7.7412376,-63.328743,238.46626,0.6476248,24.073423,0.036,57,764.40656
8/24/2026 22:14,42316.945,43048.184,28.117022,23.631195,1.0184107,27.98132,6.3331175,88.02248,136.78087,7.7368765,-63.085556,209.3029,0.7886786,24.110655,0.036,57,764.40656
8/24/2026 22:44,42149.336,42871.516,27.988688,23.725166,1.0183117,27.866486,6.3238115,87.83981,136.49518,7.727658,-62.556267,213.27972,0.8761417,24.118052,0.027,57,764.40656
8/24/2026 23:14,41116.47,41989.29,27.343643,24.321156,1.0178844,27.29304,5.911176,81.50945,126.70573,7.6367617,-57.282448,248.7898,0.58524317,23.91169,0.036,57,764.40656
8/24/2026 23:44,38918.44,39803.312,25.764511,25.69476,1.0167152,25.872154,5.6619563,77.26522,120.12444,7.5416117,-51.794052,196.99573,0.56592315,23.836067,0.036,57,764.40656
8/25/2026 0:14,34717.707,35551.895,22.73251,28.803745,1.0144494,23.108732,5.3988767,72.320496,112.44987,7.3832088,-42.672157,187.10136,0.3921266,23.771523,0.036,57,764.40656
8/25/2026 0:44,29504.166,30253.637,19.02527,33.89352,1.0116787,19.664864,5.411368,70.87418,110.21452,7.256588,-35.381317,250.21075,0.53634775,23.702991,0.027,57,764.40656
8/25/2026 1:14,24451.111,25159.336,15.538185,40.897938,1.0091051,16.353569,5.199872,66.54067,103.508026,7.1407905,-28.705597,251.12628,0.24235667,23.526197,0.027,57,764.40656
8/25/2026 1:44,19685.238,20414.809,12.364509,50.799488,1.0068235,13.269626,4.855821,60.572086,94.2889,7.02082,-21.781921,214.66255,0.27120602,23.128939,0.027,57,764.40656
8/25/2026 2:14,16309.941,17053.432,10.164642,61.312298,1.0052735,11.084731,4.5768156,55.944355,87.1464,6.9332376,-16.83712,230.08347,0.16328593,22.717402,0.018,57,764.40656
8/25/2026 2:44,14111.133,14854.287,8.749733,70.866035,1.0042919,9.655287,4.431148,53.38545,83.20719,6.892325,-14.52446,237.40292,0.31592655,22.380648,0.018,57,764.40656
8/25/2026 3:14,12364.011,13100.403,7.636425,80.879906,1.0035316,8.515262,4.3063006,51.234425,79.89705,6.8645935,-12.955666,215.96432,0.17361335,22.056995,0.009,57,764.40656
8/25/2026 3:44,10890.786,11615.5,6.7052603,91.82074,1.0029063,7.550075,4.144859,48.747517,76.05858,6.8350105,-11.286736,213.23204,0.15182449,21.733402,0.009,57,764.40656
8/25/2026 4:14,9609.174,10312.443,5.8975735,104.06722,1.0023679,6.7030883,4.0326376,46.93206,73.261314,6.8207116,-10.476112,198.25935,0.06535045,21.42952,0.009,57,764.40656
8/25/2026 4:44,8687.879,9377.432,5.32372,115.10289,1.0019982,6.0953307,4.010019,46.263725,72.24956,6.8029523,-9.474754,204.61082,0.08461972,21.150095,0.009,57,764.40656
8/25/2026 5:14,7688.403,8352.276,4.7006702,130.06602,1.0015973,5.42898,3.9826264,45.50569,71.09977,6.797831,-9.179115,231.07053,0.0753183,20.83853,0.009,57,764.40656
8/25/2026 5:44,6942.8623,7582.374,4.2372227,144.03282,1.0013028,4.928543,3.900855,44.231377,69.13532,6.7888165,-8.6689,231.29463,0.040524106,20.584196,0.009,57,764.40656
8/25/2026 6:14,9915.659,10883.075,6.244949,100.85058,1.002875,7.073999,4.113748,46.979565,73.45694,6.7969937,-9.117126,243.51596,0.30764452,20.34598,0,57,764.40656
8/25/2026 6:44,41000.555,42861.71,27.946924,24.389914,1.0186721,27.860113,5.452245,73.875916,115.07721,7.57627,-53.58696,243.55888,0.040877506,22.726578,0.018,57,764.40656
8/25/2026 7:14,41712.395,43485.375,28.40387,23.97369,1.0189792,28.265493,5.7254543,77.97586,121.43518,7.6371207,-57.10125,282.5451,0.035398666,22.865345,0.018,57,764.40656
8/25/2026 7:44,41943.91,43612.508,28.499973,23.841364,1.0190153,28.348131,5.921725,80.88275,125.9339,7.662197,-58.56514,265.03564,0.035103742,22.99688,0.027,57,764.40656
8/25/2026 8:14,41976.81,43532.08,28.444977,23.822678,1.0189368,28.29585,6.034185,82.58672,128.55763,7.679105,-59.56173,260.88715,0.034291115,23.129478,0.018,57,764.40656
8/25/2026 8:44,42142.266,43666.47,28.543968,23.729147,1.0189995,28.383205,6.1703887,84.563446,131.6249,7.6918306,-60.300827,262.5227,0.03396014,23.172483,0.027,57,764.40656
8/25/2026 9:14,42227.918,43655.8,28.539234,23.681017,1.0189635,28.37627,6.4059744,87.96876,136.89798,7.717664,-61.807632,272.97974,0.033754513,23.287552,0.027,57,764.40656
8/25/2026 9:44,42297.895,43651.848,28.53865,23.641838,1.0189382,28.373701,6.3777385,87.71777,136.4863,7.7036448,-61.02085,267.04788,0.033550195,23.376066,0.027,57,764.40656
8/25/2026 10:14,42275.05,43529.348,28.452372,23.654613,1.0188404,28.294075,6.5219245,89.838875,139.75838,7.717671,-61.850548,255.75162,0.03342141,23.491364,0.027,57,764.40656
8/25/2026 10:44,42543.31,43628.95,28.530083,23.505459,1.0188406,28.358818,6.386911,88.338036,137.37352,7.701915,-60.987473,185.67563,0.035485584,23.6972,0.027,57,764.40656
8/25/2026 11:14,42776.234,43617.297,28.528702,23.377466,1.0187558,28.351244,6.6285443,92.15224,143.2295,7.712715,-61.66935,248.81839,0.030052349,23.990427,0.036,57,764.40656
8/25/2026 11:44,42808.64,43322.04,28.322487,23.35977,1.0184878,28.159325,6.443139,90.07895,139.90744,7.6702766,-59.304237,256.33334,0.029124204,24.37954,0.036,57,764.40656
8/25/2026 12:14,41755.09,42308.203,27.58382,23.949177,1.0179496,27.500332,5.940815,82.61334,128.32729,7.5768204,-53.90644,181.39362,0.026511025,24.315527,0.045,57,764.40656
8/25/2026 12:44,39864.645,40495.86,26.270119,25.084885,1.0169975,26.32231,5.630237,77.5287,120.45816,7.4870753,-48.713684,163.52654,0.036590453,24.183918,0.045,57,764.40656
8/25/2026 13:14,34772.574,35386.086,22.62065,28.758297,1.0142756,23.000956,5.455039,73.44328,114.12962,7.3405857,-40.26413,183.62045,0.03762256,24.09227,0.036,57,764.40656
8/25/2026 13:44,24374.775,24808.443,15.306264,41.02602,1.0087816,16.125488,5.1792984,66.861694,103.90337,7.1247787,-27.837753,185.05096,0.04025103,24.084782,0.036,57,764.40656
8/25/2026 14:14,22561.92,22932.307,14.045439,44.322468,1.0078166,14.906,5.199778,66.7275,103.681656,7.0592546,-24.07074,217.81921,0.038478248,24.15438,0.036,57,764.40656
8/25/2026 14:44,20252.984,20453.857,12.399277,49.37544,1.0064927,13.295008,5.3236866,68.08435,105.72539,7.021902,-21.944046,223.8369,0.31806424,24.485825,0.045,57,764.40656
8/25/2026 15:14,18212.656,18283.19,10.974913,54.90687,1.0053408,11.884073,5.4312396,69.28754,107.53081,7.001261,-20.775795,207.76749,0.040612016,24.79802,0.045,57,764.40656
8/25/2026 15:44,16231.486,16225.358,9.640387,61.608654,1.0042813,10.546483,5.5291114,70.28345,109.03041,6.970124,-19.054413,191.55978,0.1411359,25.01977,0.036,57,764.40656
8/25/2026 16:14,14737.76,14646.666,8.62846,67.85292,1.0034407,9.520333,5.6773014,72.150246,111.86036,6.9609356,-18.553734,234.66586,0.05218528,25.325623,0.063,57,764.40656
8/25/2026 16:44,14007.087,13870.459,8.13484,71.39243,1.0030196,9.015799,5.931433,75.426575,116.89646,6.960138,-18.520355,223.14548,0.100036025,25.51572,0.063,57,764.40656
8/25/2026 17:14,13245.957,13128.853,7.665258,75.494736,1.0026814,8.533754,6.0123343,76.18575,118.08433,6.9720607,-19.192696,243.9642,0.24029697,25.466995,0.054,57,764.40656
8/25/2026 17:44,12388.51,12323.088,7.157785,80.719955,1.0023525,8.010007,6.251633,78.72219,122.0607,6.975729,-19.388199,191.57886,0.22794631,25.277952,0.054,57,764.40656
8/25/2026 18:14,25232.07,25346.854,15.676155,39.632103,1.0088738,16.475456,6.662191,87.241356,135.40321,7.3502493,-40.91263,220.3703,0.5360162,24.762907,0.054,57,764.40656
8/25/2026 18:44,42764.496,43307.996,28.31144,23.383884,1.0184902,28.150198,7.2346587,101.0738,156.99486,7.841192,-69.14616,242.70535,0.5939467,24.34295,0.036,57,764.40656
8/25/2026 19:14,43063.207,43691.31,28.588692,23.22168,1.018727,28.399351,7.1737084,100.214485,155.6875,7.838184,-68.95065,255.0602,0.7106466,24.247334,0.045,57,764.40656
8/25/2026 19:44,43055.87,43733.574,28.618158,23.225636,1.0187662,28.426823,7.080005,98.82099,153.53917,7.820289,-67.90638,229.43973,0.9740334,24.18868,0.036,57,764.40656
8/25/2026 20:14,42964.367,43729.957,28.613052,23.2751,1.0187926,28.424473,6.948135,96.79943,150.4271,7.796358,-66.50448,236.31573,1.2536315,24.083391,0.036,57,764.40656
8/25/2026 20:44,42968.695,43804.094,28.665188,23.272757,1.0188556,28.472662,6.8027124,94.66613,147.1338,7.778783,-65.47451,241.74213,1.1155673,24.001507,0.036,57,764.40656
8/25/2026 21:14,42884.08,43807.477,28.665121,23.318678,1.0188856,28.474861,6.575415,91.334625,141.98279,7.756727,-64.18228,261.03973,0.65781313,23.89641,0.036,57,764.40656
8/25/2026 21:44,42891.168,43851.05,28.695871,23.314823,1.018921,28.503183,6.475693,89.89846,139.76091,7.742465,-63.352585,235.54324,0.9049607,23.853947,0.036,57,764.40656
8/25/2026 22:14,42838.28,43794.555,28.65473,23.343607,1.0188891,28.466461,6.4128866,89.00988,138.37878,7.738145,-63.10463,267.4389,0.98185694,23.856783,0.036,57,764.40656
8/25/2026 22:44,42777.6,43799.88,28.656687,23.37672,1.018913,28.469921,6.064878,84.06432,130.70866,7.7119064,-61.57875,211.04813,1.22053,23.778027,0.036,57,764.40656
8/25/2026 23:14,42680.39,43781.797,28.64114,23.429964,1.0189284,28.458168,6.03072,83.44397,129.76608,7.69981,-60.863495,218.17685,0.7863034,23.682896,0.036,57,764.40656
8/25/2026 23:44,42519.703,43757.16,28.619062,23.518509,1.0189583,28.442154,5.7048097,78.69753,122.42023,7.649612,-57.94525,214.50519,0.44244036,23.519363,0.027,57,764.40656
8/26/2026 0:14,42081.168,43435.49,28.380877,23.7636,1.0188214,28.233068,5.3780518,73.88997,114.97234,7.5752454,-53.64418,243.59225,0.39847,23.367535,0.027,57,764.40656
8/26/2026 0:44,40167.75,41604.582,27.048365,24.895594,1.0178642,27.042978,5.1845903,70.46703,109.67981,7.4906545,-48.7566,255.88036,0.46525723,23.191864,0.027,57,764.40656
8/26/2026 1:14,36387.6,37820.074,24.328066,27.481888,1.0158595,24.583048,4.9146867,65.55257,102.0614,7.3697224,-41.79001,266.02747,0.15200633,23.016966,0.027,57,764.40656
8/26/2026 1:44,31907.758,33280.74,21.118673,31.340342,1.0134871,21.632479,4.7068624,61.430977,95.67322,7.2513123,-34.976006,230.89886,0.2407369,22.84008,0.027,57,764.40656
8/26/2026 2:14,27823.783,29142.533,18.244001,35.940475,1.0113764,18.942648,4.527173,57.890663,90.191414,7.1467967,-28.963089,229.9118,0.3715824,22.6308,0.018,57,764.40656
8/26/2026 2:44,24727.254,26014.26,16.104609,40.441208,1.009822,16.90927,4.369446,54.962395,85.66089,7.059473,-23.941994,180.36842,0.2653538,22.409784,0.018,57,764.40656
8/26/2026 3:14,22031.1,23305.523,14.276684,45.39038,1.0085142,15.14859,4.149246,51.382042,80.11679,7.005839,-20.852089,188.9801,0.18142003,22.136997,0.018,57,764.40656
8/26/2026 3:44,19926.924,21191.045,12.866733,50.18336,1.0075164,13.774179,4.037067,49.344788,76.97277,6.961273,-18.35823,183.16745,0.14635321,21.876778,0.009,57,764.40656
8/26/2026 4:14,17931.85,19180.762,11.54091,55.766697,1.0065866,12.467496,3.8829074,46.843365,73.10421,6.9363456,-16.946793,174.6416,0.09488416,21.590954,0.009,57,764.40656
8/26/2026 4:44,16874.344,18133.242,10.855502,59.261562,1.0061239,11.786608,3.7983887,45.446533,70.94958,6.9014974,-14.986992,162.75406,0.046394993,21.36519,0,57,764.40656
8/26/2026 5:14,14976.893,16178.265,9.589498,66.76952,1.0052283,10.515873,3.7269862,44.051144,68.79824,6.885839,-14.100075,161.79085,0.085441165,21.112127,0,57,764.40656
8/26/2026 5:44,14356.868,15583.484,9.206361,69.653076,1.0049932,10.129265,3.5810528,42.04341,65.686134,6.8564577,-12.450218,208.17757,0.19753775,20.878923,0,57,764.40656
8/26/2026 6:14,12862.354,14033.261,8.2177305,77.74627,1.0043029,9.121619,3.5249238,40.949993,64.00184,6.8603253,-12.655258,212.06378,0.18593326,20.63152,0,57,764.40656
8/26/2026 6:44,11967.315,13148.237,7.6570725,83.56093,1.003954,8.546354,3.4262724,39.417423,61.637245,6.848419,-11.978149,244.11679,0.552635,20.297594,0,57,764.40656
8/26/2026 7:14,39961.566,41873.027,27.227633,25.024044,1.0181605,27.217468,5.4147596,72.91066,113.59591,7.5373535,-51.33629,256.0663,3.093403,22.61,0.009,57,764.40656
8/26/2026 7:44,42080.43,43800.348,28.63532,23.764015,1.0191324,28.470226,5.9403315,81.12427,126.32135,7.6608825,-58.47931,259.22775,0.034840934,22.944128,0.018,57,764.40656
8/26/2026 8:14,42180.504,43826.56,28.656853,23.707636,1.0191236,28.487263,6.082627,83.20997,129.54918,7.6850924,-59.88598,172.79147,0.03282245,23.033594,0.027,57,764.40656
8/26/2026 8:44,42382.734,43942.26,28.744114,23.594513,1.0191593,28.56247,6.2366257,85.523766,133.12668,7.7015767,-60.85396,209.6796,0.032208975,23.141863,0.018,57,764.40656
8/26/2026 9:14,42414.63,43884.08,28.704496,23.57677,1.0190998,28.524652,6.432316,88.35121,137.50288,7.724622,-62.19864,254.4117,0.02905168,23.246868,0.027,57,764.40656
8/26/2026 9:44,42541.63,43930.203,28.740717,23.506388,1.0190996,28.554632,6.530732,89.87756,139.8544,7.7353883,-62.8376,263.6814,0.032097194,23.345098,0.027,57,764.40656
8/26/2026 10:14,42616.61,43912.453,28.73063,23.465029,1.0190609,28.543095,6.526672,89.99079,140.00365,7.739133,-63.07602,259.59015,0.03287019,23.454988,0.027,57,764.40656
8/26/2026 10:44,42806.453,43987.445,28.788895,23.360964,1.0190653,28.591839,6.746367,93.27987,145.08498,7.753466,-63.929558,273.94293,0.032860197,23.594326,0.027,57,764.40656
8/26/2026 11:14,42890.87,43940.258,28.758379,23.314985,1.018998,28.561167,6.657229,92.282936,143.49474,7.7459197,-63.529015,215.89279,0.03156184,23.749626,0.036,57,764.40656
8/26/2026 11:44,43267.812,43962.977,28.785192,23.111868,1.0188969,28.575935,6.776911,94.65361,147.06871,7.738803,-63.209534,233.46423,0.03320839,24.17212,0.036,57,764.40656
8/26/2026 12:14,43601.023,43879.875,28.735758,22.935242,1.0187155,28.52192,6.7203465,94.64876,146.92635,7.719042,-62.174797,226.52148,0.029092383,24.667284,0.045,57,764.40656
8/26/2026 12:44,43856.65,43786.723,28.676577,22.80156,1.0185481,28.46137,6.499236,92.16446,142.95685,7.6458917,-58.03585,236.82594,0.031951036,25.083609,0.054,57,764.40656
8/26/2026 13:14,42641,42380.215,27.65639,23.451607,1.0177095,27.54714,6.2579427,88.59244,137.35294,7.570944,-53.749084,262.25568,0.028518656,25.322168,0.054,57,764.40656
8/26/2026 13:44,37833.344,37564.844,24.188261,26.431711,1.015087,24.41715,5.803362,80.62668,124.99022,7.403881,-44.0979,181.80371,0.03554784,25.374222,0.063,57,764.40656
8/26/2026 14:14,32911.54,32647.312,20.71224,30.38448,1.0124636,21.220753,5.62134,76.63801,118.79538,7.2716746,-36.45897,183.62045,0.038354047,25.423737,0.054,57,764.40656
8/26/2026 14:44,28911.006,28654.324,17.940834,34.588905,1.0103731,18.62531,5.5363617,74.36143,115.256256,7.170597,-30.617714,187.3541,0.04035195,25.468998,0.054,57,764.40656
8/26/2026 15:14,26532.729,26215.059,16.27241,37.6893,1.0090762,17.039787,5.5355883,73.86629,114.451546,7.1114783,-27.213097,172.96791,0.08195737,25.634441,0.063,57,764.40656
8/26/2026 15:44,23874.7,23473.209,14.419487,41.885345,1.0076154,15.257586,5.5995655,74.28183,115.03558,7.066699,-24.642944,166.65459,0.37229884,25.895502,0.072,57,764.40656
8/26/2026 16:14,21685.781,21182.14,12.890446,46.113163,1.0063726,13.768392,5.591479,73.99097,114.50414,7.031341,-22.621155,176.12933,0.144823,26.24485,0.072,57,764.40656
8/26/2026 16:44,20316.258,19793.69,11.972173,49.221664,1.0056473,12.865898,5.624281,74.22042,114.82688,7.001987,-20.928383,188.71307,0.23456176,26.382244,0.072,57,764.40656
8/26/2026 17:14,18439.99,17910.984,10.73813,54.229965,1.0046786,11.64214,5.7058997,74.99312,115.98297,6.988455,-20.194054,223.79398,0.2504943,26.54635,0.072,57,764.40656
8/26/2026 17:44,18079.4,17538.623,10.495741,55.31157,1.0044782,11.400105,5.7554207,75.63138,116.95355,6.9722733,-19.278526,260.6678,0.2554755,26.61432,0.081,57,764.40656
8/26/2026 18:14,16078.658,15611.156,9.248988,62.194244,1.0035603,10.147251,5.9260902,77.26748,119.49511,6.99472,-20.551682,255.56088,0.32210013,26.567892,0.063,57,764.40656
8/26/2026 18:44,14835.662,14513.744,8.545496,67.40515,1.0031489,9.433934,6.0872974,78.48849,121.48495,7.0242124,-22.201538,253.973,0.52802616,26.161268,0.072,57,764.40656
8/26/2026 19:14,40726.15,40770.55,26.483028,24.554249,1.0169384,26.500858,8.573284,119.77474,185.83331,7.9035196,-72.88456,258.317,0.42967653,24.942978,0.054,57,764.40656
8/26/2026 19:44,42399.926,42691.81,27.86944,23.584948,1.0180701,27.749676,8.339756,116.82551,181.36063,7.9159546,-73.52829,242.22374,0.64082986,24.642046,0.054,57,764.40656
8/26/2026 20:14,43073.92,43596.42,28.522335,23.215902,1.0186406,28.337675,7.641651,106.9439,166.10364,7.8746643,-71.082115,194.60202,0.64466333,24.37252,0.036,57,764.40656
8/26/2026 20:44,43289.848,43903.562,28.744055,23.100105,1.0188379,28.537315,7.289374,101.95796,158.39003,7.827175,-68.32123,219.1019,0.6990131,24.268133,0.045,57,764.40656
8/26/2026 21:14,43253.484,43925.945,28.75877,23.119524,1.0188694,28.551865,7.2127953,100.77272,156.56876,7.822817,-68.0542,242.23328,0.3088908,24.198484,0.036,57,764.40656
8/26/2026 21:44,43232.01,44008.332,28.816034,23.131008,1.0189478,28.605415,6.898835,96.21278,149.51736,7.79506,-66.428185,245.32318,0.6349906,24.076426,0.036,57,764.40656
8/26/2026 22:14,43159.453,43999.285,28.807606,23.169895,1.0189632,28.599537,6.8524356,95.4345,148.32828,7.7932835,-66.308975,255.58948,0.5081505,24.00066,0.036,57,764.40656
8/26/2026 22:44,43188.89,44030.44,28.830317,23.154102,1.0189807,28.619787,6.8185,94.97214,147.61,7.7937026,-66.33282,261.7073,0.62127954,23.999321,0.036,57,764.40656
8/26/2026 23:14,43112.957,43988.793,28.798908,23.194883,1.0189689,28.592716,6.758257,94.04731,146.18364,7.7905507,-66.14208,252.96689,0.5492534,23.95757,0.045,57,764.40656
8/26/2026 23:44,43100.465,44014.016,28.816236,23.201607,1.0189948,28.60911,6.4535065,89.74572,139.50853,7.757161,-64.21089,182.12318,0.30089915,23.913301,0.036,57,764.40656
8/27/2026 0:14,42953.01,43979.137,28.787468,23.281254,1.0190117,28.58644,6.1290135,85.0178,132.19106,7.70834,-61.37371,220.37506,0.071905345,23.778425,0.036,57,764.40656
8/27/2026 0:44,42808.727,43968.336,28.775589,23.359724,1.0190482,28.57942,5.5299625,76.48865,118.963135,7.577108,-53.79677,233.45471,0.24502206,23.619175,0.027,57,764.40656
8/27/2026 1:14,42163.684,43379.918,28.3446,23.717093,1.0187474,28.196947,5.3611336,73.85635,114.88682,7.5158997,-50.263405,235.94856,0.03689704,23.532103,0.018,57,764.40656
8/27/2026 1:44,40087.465,41304.254,26.837662,24.945454,1.0176309,26.847765,5.2213893,71.215904,110.794,7.4356155,-45.638084,250.52548,0.09824793,23.457634,0.027,57,764.40656
8/27/2026 2:14,36027.125,37150.754,23.859734,27.756865,1.0153965,24.14799,5.040077,67.52463,105.05892,7.3281517,-39.458275,260.396,0.039099075,23.416485,0.027,57,764.40656
8/27/2026 2:44,31717.365,32759.607,20.762484,31.528471,1.0130858,21.293745,4.836946,63.563824,98.91068,7.2108574,-32.71103,234.69449,0.33359587,23.334301,0.027,57,764.40656
8/27/2026 3:14,28827.162,29863.611,18.7487,34.689507,1.0116106,19.411346,4.556582,59.027195,91.87549,7.1229277,-27.647018,177.86026,0.08384785,23.182926,0.027,57,764.40656
8/27/2026 3:44,27113.531,28168.066,17.58069,36.881954,1.0107696,18.309242,4.345355,55.768147,86.82421,7.0692215,-24.552345,175.2472,0.20519255,23.039934,0.027,57,764.40656
8/27/2026 4:14,25438.195,26506.012,16.444391,39.310966,1.0099535,17.228907,4.184766,53.21099,82.86419,7.025283,-22.02034,179.83914,0.26803115,22.890793,0.027,57,764.40656
8/27/2026 4:44,23918.857,24992.748,15.417497,41.808018,1.0092173,16.245285,4.0163536,50.63697,78.87454,6.985621,-19.779205,176.70154,0.121779725,22.75036,0.009,57,764.40656
8/27/2026 5:14,22188.992,23257.008,14.249043,45.06739,1.0083774,15.117055,3.8369358,47.912453,74.65014,6.9603906,-18.353462,187.33978,0.07927053,22.595692,0.018,57,764.40656
8/27/2026 5:44,21334.492,22413.035,13.68422,46.872456,1.0079814,14.568474,3.6807282,45.714443,71.23923,6.92574,-16.403198,208.29678,0.17466623,22.480562,0.009,57,764.40656
8/27/2026 6:14,19665.33,20722.756,12.561311,50.850914,1.0071743,13.469791,3.6298182,44.66358,69.6192,6.9135547,-15.711784,217.87167,0.0545728,22.328415,0.018,57,764.40656
8/27/2026 6:44,19586.193,20656.334,12.517085,51.056374,1.0071512,13.426617,3.3835278,41.59069,64.83371,6.894619,-14.6484375,224.92409,0.59277433,22.287596,0.009,57,764.40656
8/27/2026 7:14,15813.669,16810.062,10.002045,63.23643,1.0053529,10.92654,3.4468899,41.450962,64.65713,6.897095,-14.767647,228.50037,0.5065768,21.89667,0.018,57,764.40656
8/27/2026 7:44,37922.31,39451.656,25.493221,26.369703,1.0167514,25.643578,6.6757126,89.56806,139.46318,7.5287814,-50.907135,225.15297,0.37657985,22.970411,0.018,57,764.40656
8/27/2026 8:14,41737.586,43128.547,28.15615,23.959219,1.0186675,28.033556,6.6268654,90.83952,141.3596,7.6597023,-58.484077,162.55856,0.6935324,23.311438,0.027,57,764.40656
8/27/2026 8:44,42311.375,43613.94,28.512589,23.634306,1.0189013,28.349062,6.3804345,87.835045,136.65433,7.672221,-59.227943,176.03397,0.079791084,23.436342,0.018,57,764.40656
8/27/2026 9:14,42567.16,43747.04,28.613426,23.492289,1.0189346,28.435575,6.5374956,90.29049,140.43698,7.7028036,-61.016083,218.92072,0.042296585,23.587933,0.027,57,764.40656
8/27/2026 9:44,42798.258,43887.16,28.718437,23.365437,1.0189817,28.526653,6.589725,91.2481,141.89795,7.717657,-61.893463,233.53577,0.03882443,23.700975,0.036,57,764.40656
8/27/2026 10:14,42900.926,43959.33,28.772047,23.30952,1.0190113,28.573565,6.5916386,91.36444,142.06914,7.7229075,-62.203407,279.69836,0.040094506,23.739431,0.036,57,764.40656
8/27/2026 10:44,42862.715,43903.105,28.731518,23.3303,1.018975,28.53702,6.669124,92.44919,143.75076,7.7297163,-62.599182,309.95847,0.03924478,23.759296,0.027,57,764.40656
8/27/2026 11:14,42848.066,43891.92,28.723242,23.338276,1.01897,28.529749,6.708585,92.98441,144.58415,7.7395163,-63.16185,319.00882,0.04180983,23.754847,0.036,57,764.40656
8/27/2026 11:44,42977.19,43966.3,28.779179,23.268156,1.018993,28.578094,6.5454345,90.8596,141.26318,7.7258387,-62.389374,321.39777,0.16601518,23.822147,0.036,57,764.40656
8/27/2026 12:14,43113.246,43921.285,28.751547,23.194727,1.0189105,28.548836,6.6883707,93.17839,144.81224,7.7261324,-62.451363,324.3971,0.03430309,24.036781,0.036,57,764.40656
8/27/2026 12:44,43620.17,43991.227,28.814678,22.925173,1.0188069,28.594297,6.5943065,92.74008,143.99281,7.6860304,-60.248375,325.63208,0.036774095,24.558392,0.045,57,764.40656
8/27/2026 13:14,44095.145,43930.68,28.784061,22.678234,1.0185958,28.554943,6.474818,92.05241,142.75212,7.616965,-56.385994,326.51425,0.03549481,25.196007,0.054,57,764.40656
8/27/2026 13:44,43771.69,43394.094,28.397326,22.845816,1.0182273,28.206161,6.289039,89.613525,138.89984,7.546786,-52.375793,322.4516,0.034907363,25.455582,0.063,57,764.40656
8/27/2026 14:14,41498.18,41181.117,26.788147,24.097443,1.0170325,26.767725,6.0459538,85.28891,132.21034,7.4519596,-46.88263,330.15253,0.038382985,25.403103,0.054,57,764.40656
8/27/2026 14:44,37165.867,37083.06,23.840855,26.906408,1.0149009,24.103987,5.6883016,78.52017,121.785324,7.3190365,-39.157867,330.30032,0.31727123,25.11691,0.054,57,764.40656
8/27/2026 15:14,30896.406,31045.453,19.58724,32.366222,1.0118119,20.179544,5.425965,72.63568,112.73746,7.1942706,-31.909943,318.36032,0.27571613,24.748644,0.054,57,764.40656
8/27/2026 15:44,28886.994,29178.424,18.292059,34.617657,1.0109155,18.965975,5.203207,68.80854,106.85169,7.1253824,-27.909279,296.33044,0.42578888,24.477076,0.045,57,764.40656
8/27/2026 16:14,26981.748,27316.064,17.01262,37.06209,1.0099876,17.755442,5.1530266,67.50661,104.85282,7.0843687,-25.53463,301.68533,0.37075782,24.359224,0.045,57,764.40656
8/27/2026 16:44,24785.275,25150.967,15.539145,40.346535,1.0089146,16.34813,4.9913735,64.70072,100.51694,7.056073,-23.89431,304.53204,0.5025952,24.23875,0.045,57,764.40656
8/27/2026 17:14,23004.004,23373.893,14.341432,43.47069,1.008034,15.19303,5.0905023,65.45597,101.70278,7.038201,-22.859573,318.4843,0.62085843,24.171474,0.036,57,764.40656
8/27/2026 17:44,20668.691,21024.86,12.774841,48.38236,1.0068742,13.666159,5.0316133,64.05405,99.535126,7.011697,-21.328926,318.2268,0.56811374,24.11307,0.036,57,764.40656
8/27/2026 18:14,20387.34,20758.2,12.597948,49.05005,1.0067542,13.492829,4.997641,63.50142,98.68509,7.0038886,-20.87593,311.6703,0.64798516,24.064625,0.036,57,764.40656
8/27/2026 18:44,19670.031,20049.344,12.129466,50.83876,1.0064173,13.032074,4.9928765,63.207657,98.238396,6.990811,-20.155907,321.1403,0.9478285,24.009478,0.036,57,764.40656
8/27/2026 19:14,18117.2,18507.605,11.117029,55.19617,1.0056876,12.029943,5.016178,63.0049,97.94343,6.9808774,-19.58847,339.2601,0.94238955,23.895584,0.027,57,764.40656
8/27/2026 19:44,37008.83,37904.082,24.403034,27.02058,1.0157096,24.637653,6.159609,83.29427,129.5147,7.499715,-49.37172,317.55923,0.66387403,23.763407,0.027,57,764.40656
8/27/2026 20:14,41999.035,42991.508,28.068352,23.81007,1.0184653,27.944479,6.375613,88.09371,136.97052,7.6795273,-59.719086,331.14435,0.63694954,23.791342,0.036,57,764.40656
8/27/2026 20:44,42572.523,43661.54,28.553755,23.489328,1.0188594,28.380001,6.3519125,87.8613,136.63287,7.700185,-60.887337,331.81668,0.6190909,23.694124,0.027,57,764.40656
8/27/2026 21:14,42751.883,43904.027,28.728853,23.390783,1.0190109,28.537619,6.335304,87.614914,136.26619,7.709054,-61.383247,334.32483,0.6535744,23.626055,0.027,56,764.40656
8/27/2026 21:44,42855.457,44051.258,28.835066,23.334251,1.0191046,28.633318,6.2379127,86.248924,134.15295,7.705989,-61.19728,333.06598,0.5168497,23.578762,0.027,56,764.40656
8/27/2026 22:14,42848.61,44110.78,28.87653,23.33798,1.0191578,28.672007,6.1190343,84.510994,131.46758,7.7021985,-60.96363,334.89227,0.19087507,23.5019,0.027,56,764.40656
8/27/2026 22:44,42936.816,44224.832,28.95908,23.290035,1.0192276,28.746141,6.016168,83.0908,129.26437,7.695489,-60.572624,337.8439,0.09214039,23.47517,0.027,56,764.40656
8/27/2026 23:14,42912.895,44210.215,28.948112,23.303019,1.0192227,28.73664,5.9259086,81.822296,127.29354,7.6894712,-60.224533,342.82684,0.3137783,23.463644,0.027,56,764.40656
8/27/2026 23:44,42946.086,44249.74,28.976812,23.28501,1.0192461,28.76233,5.810446,80.23264,124.82184,7.6758823,-59.44252,343.54688,0.15371154,23.457525,0.027,56,764.40656
8/28/2026 0:14,42873.484,44185.39,28.92951,23.32444,1.0192139,28.720503,5.6844106,78.45434,122.05779,7.661483,-58.612823,341.73965,0.37883258,23.4455,0.027,56,764.40656
8/28/2026 0:44,42900.133,44237.87,28.967066,23.309952,1.0192503,28.754616,5.5270405,76.26028,118.6503,7.6301227,-56.80561,336.63272,0.17212665,23.41677,0.036,56,764.40656
8/28/2026 1:14,42770.527,44147,28.899454,23.380587,1.0192131,28.69555,4.893005,67.42711,104.91616,7.484174,-48.413277,321.7268,0.03881396,23.367577,0.027,56,764.40656
8/28/2026 1:44,42526.918,43949.434,28.753693,23.514519,1.0191206,28.567133,4.441858,61.091667,95.06859,7.347424,-40.550232,273.73315,0.032166813,23.305387,0.027,56,764.40656
8/28/2026 2:14,41400.01,42856.594,27.956228,24.154583,1.018542,27.856787,4.357631,59.56865,92.7122,7.296877,-37.636757,265.54108,0.037319425,23.220558,0.027,56,764.40656
8/28/2026 2:44,38366.29,39809.58,25.753021,26.064548,1.0169113,25.876226,4.0868998,55.0454,85.68986,7.2010007,-32.11975,257.31085,0.037980504,23.101841,0.018,56,764.40656
8/28/2026 3:14,33452.75,34793.465,22.183266,29.892908,1.0142514,22.615753,3.8631685,50.861504,79.19297,7.101142,-26.378632,259.94778,0.040284436,22.98254,0.027,56,764.40656
8/28/2026 3:44,29778.766,31045.646,19.561861,33.580975,1.0123079,20.17967,3.6228206,46.87917,73.00719,7.0223246,-21.848679,228.88184,0.27042946,22.863508,0.018,56,764.40656
8/28/2026 4:14,28000.014,29236.082,18.3106,35.714268,1.0113859,19.003454,3.4779437,44.61763,69.494286,6.9713073,-18.978119,232.11479,0.0408666,22.786446,0.018,56,764.40656
8/28/2026 4:44,26721.197,27942.092,17.421663,37.423473,1.0107358,18.162361,3.2432938,41.338078,64.394264,6.944373,-17.461777,235.37636,0.19090661,22.71237,0.018,56,764.40656
8/28/2026 5:14,25671.676,26879.607,16.6956,38.953438,1.010206,17.471745,3.1597807,40.05705,62.40559,6.92617,-16.436577,252.00844,0.10088696,22.647194,0.018,56,764.40656
8/28/2026 5:44,24612.066,25806.887,15.96609,40.630478,1.0096751,16.774477,3.0058553,37.895626,59.045334,6.902694,-15.115738,267.32446,0.07856411,22.575994,0.018,56,764.40656
8/28/2026 6:14,23149.816,24310.639,14.955051,43.196888,1.0089333,15.801916,2.8383553,35.52534,55.35923,6.8799767,-13.837814,282.11118,0.04070635,22.500023,0.018,56,764.40656
8/28/2026 6:44,22605.285,23767.178,14.5893,44.237442,1.008673,15.448666,2.6601872,33.188396,51.722683,6.861912,-12.822151,295.58182,0.17847717,22.440502,0.018,56,764.40656
8/28/2026 7:14,21093.887,22207.998,13.546609,47.4071,1.0079049,14.435199,2.5897295,32.074947,49.992985,6.8528624,-12.311935,315.02722,0.060116768,22.37345,0,56,764.40656
8/28/2026 7:44,18483.172,19498.297,11.754762,54.103268,1.0065806,12.673893,2.657463,32.513767,50.685246,6.8376193,-11.453629,322.21317,0.04108001,22.274231,0.018,56,764.40656
8/28/2026 8:14,39071.03,40494.08,26.246498,25.59441,1.0172677,26.321152,5.705048,77.13917,120.0714,7.5357733,-51.341057,328.2547,0.037413187,23.160097,0.018,56,764.40656
8/28/2026 8:44,42765.484,44255.145,28.974915,23.383343,1.0193068,28.765844,6.0717874,83.51568,129.97931,7.674573,-59.32331,339.13135,0.0283034,23.23766,0.027,56,764.40656
8/28/2026 9:14,42895.492,44308.066,29.016045,23.312473,1.0193115,28.800243,6.250063,86.129944,134.02626,7.7042217,-61.044693,341.9733,0.030820195,23.330853,0.027,56,764.40656
8/28/2026 9:44,43042.184,44345.246,29.046654,23.233023,1.0192977,28.82441,6.4594283,89.236336,138.82832,7.723838,-62.19864,337.25262,0.033233624,23.461544,0.027,56,764.40656
8/28/2026 10:14,43019.137,44250.223,28.979391,23.245468,1.0192238,28.762646,6.596115,91.22075,141.89508,7.734823,-62.847137,343.39905,0.031116253,23.543402,0.027,56,764.40656
8/28/2026 10:44,43060.49,44355.773,29.05459,23.223146,1.0193009,28.831253,6.6193933,91.465675,142.29419,7.746376,-63.495636,345.80707,0.034550782,23.471092,0.027,56,764.40656
8/28/2026 11:14,39326.73,40552.66,26.294594,25.427998,1.0172325,26.35923,6.6341944,90.13849,140.24275,7.747324,-63.53855,348.711,0.027981116,23.41725,0.027,56,764.40656
8/28/2026 11:44,43120.57,44406.92,29.092281,23.190788,1.0193261,28.8645,6.597478,91.202385,141.88152,7.7557907,-64.03923,344.47192,0.027962929,23.483383,0.027,56,764.40656
8/28/2026 12:14,43277.26,44375.375,29.074947,23.106823,1.0192499,28.843994,6.7351065,93.45823,145.334,7.7601023,-64.33487,347.62384,0.03412715,23.704397,0.036,56,764.40656
8/28/2026 12:44,43552.863,44436.457,29.125975,22.960604,1.0192155,28.883698,6.7994733,94.80089,147.35461,7.761381,-64.463615,343.94263,0.03232946,23.958931,0.036,56,764.40656
8/28/2026 13:14,44111.72,44398.85,29.11501,22.669712,1.019003,28.859253,6.834106,96.44985,149.72389,7.7363386,-63.171387,340.97195,0.028875744,24.661404,0.045,56,764.40656
8/28/2026 13:44,45020.156,44411.516,29.146275,22.212273,1.0187122,28.867485,6.8820677,98.9237,153.25131,7.676213,-59.91459,334.63956,0.032356236,25.717518,0.063,56,764.40656
8/28/2026 14:14,45162.316,44039.7,28.885254,22.142355,1.0183282,28.625805,6.6663194,96.69019,149.60466,7.6042137,-55.861473,337.8868,0.028257074,26.334604,0.063,56,764.40656
8/28/2026 14:44,44211.027,42786.543,27.976349,22.618792,1.0175198,27.811253,6.444647,93.641945,144.76544,7.5182734,-50.945282,338.72604,0.032770988,26.743078,0.081,56,764.40656
8/28/2026 15:14,40396.434,39053.28,25.274176,24.75466,1.015475,25.384634,6.0520096,86.69477,134.00926,7.3751416,-42.63878,340.5428,0.03597853,26.800673,0.081,56,764.40656
8/28/2026 15:44,35378.418,34294.906,21.883253,28.26582,1.0129789,22.291689,5.657297,79.31109,122.63353,7.223189,-33.79345,329.70905,0.038650323,26.654133,0.081,56,764.40656
8/28/2026 16:14,32178.262,31209.12,19.719679,31.076881,1.011368,20.285927,5.4176335,74.995964,115.96818,7.1339836,-28.61023,335.99377,0.121447675,26.625818,0.072,56,764.40656
8/28/2026 16:44,30078.877,29164.283,18.301722,33.245922,1.0103027,18.956783,5.253275,72.16319,111.584045,7.0820622,-25.596619,331.6164,0.06731147,26.641884,0.081,56,764.40656
8/28/2026 17:14,29040.18,28053.941,17.538288,34.435047,1.0096731,18.235062,5.229229,71.771286,110.93181,7.058548,-24.24717,321.89368,0.3702744,26.840578,0.081,56,764.40656
8/28/2026 17:44,28128.537,27132.074,16.906662,35.551083,1.0091767,17.635849,5.1198487,70.12096,108.36217,7.0397296,-23.15998,310.73572,0.4956798,26.922846,0.081,56,764.40656
8/28/2026 18:14,27006.297,26067.008,16.179459,37.0284,1.0086442,16.943556,4.8867693,66.614365,102.95114,7.0142617,-21.677017,330.46722,0.48592424,26.886576,0.081,56,764.40656
8/28/2026 18:44,26244.975,25370.617,15.705649,38.10253,1.0083144,16.490902,4.7820964,64.92177,100.35266,6.9981146,-20.73288,332.75128,0.54235476,26.804367,0.081,56,764.40656
8/28/2026 19:14,25129.623,24348.299,15.013002,39.793674,1.0078332,15.826394,4.6079006,62.17964,96.13909,6.9824276,-19.860268,321.38348,0.71660405,26.680077,0.072,56,764.40656
8/28/2026 19:44,24794.533,24085.531,14.835016,40.33147,1.0077406,15.655596,4.472949,60.152534,93.0318,6.9637165,-18.787384,331.43042,0.8238328,26.541197,0.081,56,764.40656
8/28/2026 20:14,25410.477,24974.965,15.432441,39.353848,1.0083683,16.233727,4.054145,54.10602,83.78766,7.000166,-20.7901,328.68863,0.4199151,25.912981,0.072,56,764.40656
8/28/2026 20:44,42892.395,43574.37,28.501873,23.314156,1.0186807,28.323341,6.8449755,95.46343,148.32465,7.7607117,-64.47315,335.91748,0.46552265,24.180582,0.045,56,764.40656
8/28/2026 21:14,43302.004,44065.086,28.857878,23.09362,1.0189744,28.642305,6.879099,95.98888,149.1648,7.794746,-66.41388,337.46243,0.3963933,24.093342,0.027,56,764.40656
8/28/2026 21:44,43498.06,44348.52,29.062601,22.989532,1.019157,28.826538,6.6442075,92.662476,144.0211,7.7688627,-64.902306,333.11844,0.25631574,23.995981,0.036,56,764.40656
8/28/2026 22:14,43556.13,44428.676,29.120594,22.958881,1.0192077,28.87864,6.5560646,91.42488,142.10378,7.7611666,-64.45408,332.94202,0.17374818,23.971766,0.036,56,764.40656
8/28/2026 22:44,43612.64,44537.457,29.198679,22.929132,1.0192835,28.949347,6.433417,89.662346,139.37903,7.74871,-63.724518,337.4815,0.32206094,23.912832,0.036,56,764.40656
8/28/2026 23:14,43514.348,44522.547,29.185314,22.980927,1.0193018,28.939655,6.1879196,86.08589,133.84317,7.7287683,-62.556267,343.29413,0.10945373,23.814413,0.036,56,764.40656
8/28/2026 23:44,43503.49,44542.016,29.198658,22.986662,1.0193219,28.95231,6.21613,86.43154,134.389,7.733208,-62.804222,343.1797,0.101707526,23.779285,0.027,56,764.40656
8/29/2026 0:14,43381.99,44508.043,29.171167,23.05104,1.019331,28.930227,6.095423,84.58542,131.54297,7.724716,-62.294006,347.22806,0.44581053,23.675392,0.036,56,764.40656
8/29/2026 0:44,43373.547,44540.758,29.193857,23.055527,1.0193615,28.951494,5.906283,81.90334,127.38266,7.705148,-61.159134,344.22876,0.51691145,23.627989,0.027,56,764.40656
8/29/2026 1:14,43206.164,44476.88,29.143944,23.144846,1.019359,28.909971,5.7705603,79.82428,124.176285,7.6765494,-59.490204,337.88205,0.05293275,23.504177,0.036,56,764.40656
8/29/2026 1:44,43054.55,44527.1,29.174358,23.226349,1.0194488,28.942617,5.161885,71.120804,110.682655,7.5511417,-52.24228,328.18317,0.035616428,23.268538,0.027,56,764.40656
8/29/2026 2:14,42666.96,44293.633,28.998642,23.437338,1.0193698,28.790861,4.8928537,67.11826,104.48824,7.4584913,-46.892166,322.34668,0.03544436,23.077238,0.027,56,764.40656
8/29/2026 2:44,41380.57,43076.633,28.108696,24.165932,1.0187358,27.999811,4.7630486,64.84252,100.96944,7.402173,-43.640137,314.35013,0.043765564,22.938578,0.027,56,764.40656
8/29/2026 3:14,38186.934,39760.215,25.71358,26.186968,1.0169294,25.84414,4.4759426,60.08506,93.56301,7.294614,-37.469864,305.2473,0.036900077,22.928314,0.027,56,764.40656
8/29/2026 3:44,34121.6,35514.453,22.69104,29.306948,1.0146438,23.084396,4.146147,54.7121,85.1937,7.178265,-30.798912,284.9245,0.09462393,22.946636,0.027,56,764.40656
8/29/2026 4:14,31430.258,32773.17,20.764051,31.816475,1.013216,21.30256,3.888919,50.665245,78.90461,7.0970993,-26.135445,281.32916,0.20517865,22.85466,0.018,56,764.40656
8/29/2026 4:44,29391.771,30748.89,19.35348,34.02313,1.0121969,19.986778,3.6309342,46.77906,72.87278,7.041937,-22.95971,281.76785,0.08010873,22.689238,0.018,56,764.40656
8/29/2026 5:14,27817.287,29226.898,18.299732,35.948868,1.011459,18.997484,3.5103912,44.775234,69.77627,7.010585,-21.147728,294.94287,0.046017583,22.474873,0.018,56,764.40656
8/29/2026 5:44,26848.834,28337.193,17.685673,37.245564,1.0110543,18.419176,3.3781276,42.758026,66.65755,6.988856,-19.927025,299.68738,0.04086769,22.250095,0.018,56,764.40656
8/29/2026 6:14,25528.166,27092.48,16.831545,39.172417,1.01048,17.610111,3.3208752,41.61483,64.9043,6.974875,-19.125938,317.14917,0.04036213,21.976973,0.009,56,764.40656
8/29/2026 6:44,25143.691,26799.756,16.629309,39.771408,1.010381,17.41984,3.1607847,39.4065,61.48114,6.9590964,-18.229485,326.60486,0.11919498,21.764711,0.009,56,764.40656
8/29/2026 7:14,23567.48,25251.967,15.577137,42.43135,1.0096512,16.413778,3.1240947,38.52564,60.131435,6.9510202,-17.762184,322.66617,0.09345241,21.507479,0,56,764.40656
8/29/2026 7:44,22919.17,24633.057,15.158027,43.6316,1.009372,16.011488,3.1340551,38.44564,60.020767,6.942817,-17.294884,331.18726,0.103196785,21.35724,0,56,764.40656
8/29/2026 8:14,21112.62,22716.783,13.873943,47.365036,1.0084163,14.765909,2.7471385,33.41334,52.168854,6.92691,-16.403198,339.65112,0.04561215,21.302837,0,56,764.40656
8/29/2026 8:44,25720.986,27580.326,17.15646,38.878757,1.0108522,17.927212,4.8279033,60.04617,93.7265,7.028889,-22.120476,315.16553,0.04949099,21.470396,0,56,764.40656
8/29/2026 9:14,42410.734,44509.402,29.140512,23.578936,1.019629,28.931112,7.0091677,95.298195,148.49564,7.762127,-64.19659,334.04352,0.029678216,22.531353,0.018,56,764.40656
8/29/2026 9:44,42635.574,44726.52,29.299662,23.454592,1.0197436,29.072237,7.1533427,97.38471,151.74152,7.7879367,-65.67955,332.36505,0.026588552,22.552376,0.018,56,764.40656
8/29/2026 10:14,42680.895,44705.664,29.28669,23.429688,1.0197126,29.058681,7.203738,98.1971,152.98778,7.798044,-66.2756,328.59326,0.026137564,22.628736,0.018,56,764.40656
8/29/2026 10:44,42825.633,44748.797,29.321758,23.350502,1.0197055,29.086718,7.377074,100.79752,157.0071,7.8144584,-67.243576,327.46793,0.028981691,22.749903,0.018,56,764.40656
8/29/2026 11:14,42875.85,44685.902,29.279543,23.323153,1.0196375,29.045837,7.445554,101.94256,158.75578,7.8229265,-67.75856,337.1191,0.027037976,22.879263,0.018,56,764.40656
8/29/2026 11:44,43042.93,44790.49,29.358206,23.23262,1.0196753,29.113817,7.4369164,102.011696,158.84227,7.8276863,-68.04943,327.54898,0.025649229,22.957264,0.027,56,764.40656
8/29/2026 12:14,43126.445,44784.844,29.357018,23.187628,1.0196452,29.110147,7.602595,104.47592,162.65033,7.8434753,-68.97926,341.74442,0.027810838,23.06124,0.027,56,764.40656
8/29/2026 12:44,43250.16,44798.465,29.370579,23.121302,1.0196191,29.119003,7.6952662,105.9997,164.98575,7.852338,-69.51809,342.6218,0.026061052,23.190496,0.027,56,764.40656
8/29/2026 13:14,43404.316,44777.945,29.361128,23.039183,1.0195545,29.105665,7.714619,106.64255,165.92752,7.8485184,-69.34643,339.54144,0.02642229,23.393906,0.027,56,764.40656
8/29/2026 13:44,44029.54,44867.684,29.44307,22.712025,1.0194367,29.163996,7.7527184,108.407684,168.48524,7.8325477,-68.57395,329.6423,0.030125856,24.02197,0.036,56,764.40656
8/29/2026 14:14,44911.285,44878.938,29.47495,22.266119,1.0191633,29.17131,7.5815506,107.91715,167.40567,7.780361,-65.79399,331.94064,0.026053766,25.037737,0.045,56,764.40656
8/29/2026 14:44,45430.996,44797.35,29.429598,22.011404,1.0189185,29.118279,7.3043694,105.20418,162.9735,7.708171,-61.769485,331.1348,0.030131852,25.740559,0.063,56,764.40656
8/29/2026 15:14,44836.04,43981.277,28.836872,22.303486,1.0183886,28.587831,7.0758266,102.05103,158.00117,7.640863,-57.926178,333.3235,0.027642462,26.017525,0.063,56,764.40656
8/29/2026 15:44,42234.65,41392.035,26.952013,23.677242,1.0169574,26.904823,6.7844987,96.89158,149.99841,7.530542,-51.54133,328.85074,0.031335406,26.065807,0.072,56,764.40656
8/29/2026 16:14,37342.332,36744.023,23.609802,26.779259,1.014512,23.883615,6.3189483,88.229416,136.6471,7.3689065,-42.142868,335.4311,0.037871998,25.852522,0.063,56,764.40656
8/29/2026 16:44,34209.016,33729.32,21.475126,29.23206,1.0129427,21.924057,6.0386457,83.147484,128.80408,7.264327,-36.07273,340.56665,0.040257286,25.7446,0.063,56,764.40656
8/29/2026 17:14,32527.035,32119.172,20.345528,30.743656,1.0121189,20.877462,5.855285,79.99767,123.944305,7.21144,-33.0019,344.53394,0.040114924,25.664839,0.063,56,764.40656
8/29/2026 17:44,31547.184,31200.996,19.70443,31.698551,1.0116627,20.280647,5.771563,78.452896,121.57109,7.1821823,-31.299591,337.44336,0.1078375,25.58091,0.063,56,764.40656
8/29/2026 18:14,30614.502,30358.055,19.117514,32.664257,1.0112625,19.732735,5.58297,75.45407,116.95593,7.159762,-29.988289,343.98557,0.2575244,25.442272,0.054,56,764.40656
8/29/2026 18:44,29913.16,29779.168,18.71465,33.430103,1.0110195,19.35646,5.4340043,73.00743,113.20909,7.1353717,-28.557777,347.13745,0.33979803,25.235577,0.054,56,764.40656
8/29/2026 19:14,28869.984,28921.393,18.119448,34.63805,1.010666,18.798904,5.215088,69.42566,107.72291,7.1090746,-27.008057,347.4331,0.40707955,24.906937,0.045,56,764.40656
8/29/2026 19:44,28323.17,28510.195,17.834032,35.30678,1.0105219,18.531628,4.9589505,65.61648,101.860634,7.085745,-25.639534,338.92154,0.50036204,24.656548,0.045,56,764.40656
8/29/2026 20:14,27271.074,27616.879,17.218204,36.668888,1.0101459,17.950972,4.882985,64.02726,99.45132,7.074047,-24.938583,347.17084,0.6100407,24.344423,0.036,56,764.40656
8/29/2026 20:44,24383.002,24987.01,15.423713,41.012177,1.0089637,16.241556,4.7612524,61.11807,95.03772,7.068386,-24.561882,356.2212,0.54821956,23.734407,0.036,56,764.40656
8/29/2026 21:14,39611.53,41496.965,26.956223,25.245174,1.0179523,26.973026,6.631488,89.17178,138.9284,7.6700687,-58.94184,331.254,0.39043528,22.621178,0.027,56,764.40656
8/29/2026 21:44,42953.086,44627.34,29.241188,23.281214,1.0195647,29.00777,7.373674,101.21656,157.58298,7.832774,-68.359375,335.8078,0.15507442,23.035791,0.018,56,764.40656
8/29/2026 22:14,43049.14,44754.62,29.33334,23.229267,1.0196431,29.090504,7.20841,98.946655,154.05716,7.8236723,-67.830086,336.38,0.3418021,23.00485,0.027,56,764.40656
8/29/2026 22:44,43007.676,44785.8,29.353752,23.251663,1.019682,29.110771,6.9843802,95.7407,149.08687,7.8086243,-66.94794,338.25397,0.2968135,22.921318,0.018,56,764.40656
8/29/2026 23:14,42937.13,44759.957,29.333332,23.289867,1.0196815,29.093971,6.719351,92.0095,143.28975,7.790208,-65.87982,344.43854,0.2545988,22.867826,0.018,56,764.40656
8/29/2026 23:44,42970.336,44800.4,29.3627,23.271868,1.0197054,29.120258,6.723441,92.0705,143.38634,7.7909813,-65.92274,337.20493,0.16105478,22.861296,0.027,56,764.40656
8/30/2026 0:14,42934.3,44777.473,29.345469,23.2914,1.0196971,29.105356,6.634457,90.81646,141.4373,7.7824793,-65.431595,346.0407,0.20997679,22.844872,0.018,56,764.40656
8/30/2026 0:44,42865.4,44780.473,29.345226,23.32884,1.0197203,29.107307,6.714271,91.77172,142.94539,7.8016033,-66.50925,346.5271,0.13153507,22.760954,0.018,56,764.40656
8/30/2026 1:14,42762.47,44739.11,29.31284,23.384993,1.0197163,29.080421,6.4526134,88.06263,137.18521,7.776848,-65.07397,350.1129,0.54843724,22.68683,0.018,56,764.40656
8/30/2026 1:44,42715.895,44778.668,29.338821,23.41049,1.0197634,29.106134,6.353431,86.56971,134.8819,7.762244,-64.21566,336.8473,0.28715327,22.588167,0.018,56,764.40656
8/30/2026 2:14,42448.707,44775.664,29.327242,23.557844,1.0198398,29.104181,5.896675,79.8981,124.55101,7.686425,-59.809685,339.76077,0.038335733,22.279099,0.018,56,764.40656
8/30/2026 2:44,42154.723,44770.477,29.31279,23.722134,1.0199211,29.10081,5.531172,74.48586,116.17816,7.597779,-54.67415,336.68518,0.037985813,21.941055,0.018,56,764.40656
8/30/2026 3:14,41385.113,44195.355,28.88482,24.163279,1.0196695,28.726982,5.3798018,71.9151,112.21714,7.5393734,-51.288605,325.88007,0.0329228,21.670847,0.009,56,764.40656
8/30/2026 3:44,39033.977,41839.785,27.171715,25.618708,1.0184199,27.19586,5.16984,68.1947,106.44251,7.4504476,-46.18168,310.7071,0.037181817,21.488964,0.009,56,764.40656
8/30/2026 4:14,35144.785,37763.04,24.248533,28.453724,1.0162376,24.545977,4.7604237,61.596226,96.1612,7.2994914,-37.550926,306.6635,0.03979127,21.369963,0.009,56,764.40656
8/30/2026 4:44,32298.07,34794.566,22.147734,30.961601,1.0146807,22.616468,4.434655,56.548214,88.297935,7.201022,-31.91948,285.51578,0.038840696,21.243477,0.009,56,764.40656
8/30/2026 5:14,30246.889,32697.4,20.676888,33.061253,1.0136105,21.25331,4.1684847,52.535152,82.052956,7.137671,-28.290749,275.9218,0.0661326,21.07617,0.009,56,764.40656
8/30/2026 5:44,29007.705,31463.393,19.816133,34.4736,1.0130001,20.451206,3.9772298,49.72165,77.678024,7.094583,-25.820732,271.7018,0.062474504,20.91366,0,56,764.40656
8/30/2026 6:14,27431.49,29903.188,18.733843,36.454453,1.012241,19.43707,3.829678,47.35904,74.014145,7.0581756,-23.727417,271.9736,0.04067619,20.672428,0,56,764.40656
8/30/2026 6:44,26516.406,28985.807,18.10121,37.7125,1.0117947,18.840775,3.6540875,44.9074,70.19666,7.024502,-21.800995,292.3155,0.30902776,20.53961,0.009,56,764.40656
8/30/2026 7:14,25134.07,27589.521,17.143509,39.786633,1.0111179,17.933187,3.5113273,42.74886,66.8424,7.0054703,-20.70427,288.91086,0.12674004,20.340347,0,56,764.40656
8/30/2026 7:44,25030.477,27503.258,17.0839,39.951298,1.0110843,17.877117,3.4506934,41.957996,65.61042,6.980348,-19.321442,292.43945,0.08913287,20.29274,0,56,764.40656
8/30/2026 8:14,24157.615,26578.37,16.454517,41.394814,1.0106225,17.27594,2.827672,34.21537,53.507988,6.9584856,-18.100739,235.28099,0.039402027,20.231422,0,56,764.40656
8/30/2026 8:44,23757.268,26121.943,16.14593,42.092384,1.0103823,16.979263,3.237021,39.11916,61.1742,6.9576826,-18.057823,297.9231,0.040975202,20.260498,0,56,764.40656
8/30/2026 9:14,20234.627,22180.521,13.505946,49.420235,1.0083513,14.417339,4.0011816,47.742012,74.64236,6.978158,-19.207,298.75278,0.039921407,20.406813,0,56,764.40656
8/30/2026 9:44,42291.164,44140.6,28.879456,23.645601,1.0193553,28.691393,7.338021,100.108025,155.91817,7.766575,-64.5113,316.20502,0.034328315,22.806347,0.018,56,764.40656
8/30/2026 10:14,42705.54,44619.992,29.227776,23.416166,1.0196334,29.002996,7.1623297,97.81667,152.363,7.7838297,-65.488815,327.19135,0.035826523,22.753628,0.018,56,764.40656
8/30/2026 10:44,42975.082,44749.33,29.327177,23.269299,1.0196611,29.087065,7.26058,99.5165,154.96582,7.7977214,-66.32328,330.39093,0.03491826,22.924156,0.018,56,764.40656
8/30/2026 11:14,43077.258,44691.914,29.290403,23.214106,1.0195817,29.049744,7.4603057,102.56681,159.66518,7.819686,-67.625046,337.06665,0.03848605,23.10845,0.027,56,764.40656
8/30/2026 11:44,43267.29,44783.176,29.360428,23.112148,1.0196009,29.109064,7.794936,107.43727,167.21246,7.850192,-69.40365,334.65863,0.035742182,23.227776,0.027,56,764.40656
8/30/2026 12:14,43134.098,44706.336,29.302345,23.183516,1.0195764,29.059118,7.8198595,107.61313,167.50621,7.8579507,-69.8328,339.56052,0.036398508,23.158737,0.018,56,764.40656
8/30/2026 12:44,43295.375,44779.75,29.358934,23.097155,1.0195894,29.106838,7.76474,107.089516,166.66061,7.8541117,-69.6373,339.1695,0.035947856,23.264484,0.027,56,764.40656
8/30/2026 13:14,43396.848,44741.57,29.335392,23.043148,1.0195258,29.082022,7.8991895,109.24044,169.95993,7.8645716,-70.27626,342.6218,0.040338125,23.42642,0.027,56,764.40656
8/30/2026 13:44,43576.723,44807.055,29.386908,22.94803,1.0195261,29.124586,7.8657045,109.07038,169.65471,7.8639283,-70.27149,329.7615,0.07524708,23.562386,0.027,56,764.40656
8/30/2026 14:14,43881.453,44800.273,29.391317,22.788671,1.0194253,29.120176,7.9112005,110.40616,171.6209,7.8585362,-70.04738,334.43927,0.03795923,23.926216,0.036,56,764.40656
8/30/2026 14:44,44646.48,44881.555,29.469961,22.398182,1.0192518,29.173012,7.7493215,109.71023,170.28802,7.8134527,-67.63458,333.2758,0.03569129,24.725775,0.045,56,764.40656
8/30/2026 15:14,45013.418,44804.836,29.425009,22.215597,1.0190643,29.123144,7.3993607,105.667496,163.85092,7.748143,-63.97724,330.62933,0.033501573,25.243736,0.054,56,764.40656
8/30/2026 15:44,44838.848,44332.08,29.085773,22.30209,1.0187026,28.815851,7.0360017,100.896416,156.34425,7.6673145,-59.375763,327.90186,0.037195683,25.598495,0.054,56,764.40656
8/30/2026 16:14,42223.08,41827.87,27.25842,23.683731,1.0173589,27.188116,6.6116166,93.665695,145.16954,7.562576,-53.29609,333.50467,0.03746922,25.494682,0.063,56,764.40656
8/30/2026 16:44,37898.844,37815.234,24.363121,26.38603,1.0152937,24.579903,6.026005,83.42756,129.397,7.377059,-42.510033,337.45764,0.31348848,25.115757,0.054,56,764.40656
8/30/2026 17:14,34462.21,34558.79,22.048044,29.01729,1.0136299,22.463215,5.6290684,76.560165,118.80503,7.2521467,-35.262108,329.99994,0.31477338,24.853685,0.045,56,764.40656
8/30/2026 17:44,32743.293,32922.086,20.896048,30.540606,1.0128039,21.399357,5.390385,72.65744,112.77824,7.18896,-31.599998,314.78406,0.36326253,24.715666,0.045,56,764.40656
8/30/2026 18:14,31461.412,31724.648,20.057661,31.78497,1.0122164,20.621023,5.142608,68.80416,106.82728,7.1461573,-29.115677,312.0613,0.37696177,24.565573,0.045,56,764.40656
8/30/2026 18:44,30600.342,30934.443,19.506397,32.679375,1.0118392,20.107388,4.924127,65.52144,101.755226,7.116352,-27.384758,310.33994,0.4967059,24.434538,0.045,56,764.40656
8/30/2026 19:14,29770.363,30177.701,18.98011,33.590454,1.011483,19.615507,4.7679286,63.093777,98.01061,7.0883565,-25.758743,318.56537,0.5122698,24.293303,0.036,56,764.40656
8/30/2026 19:44,28968.729,29445.104,18.47229,34.51998,1.0111402,19.139317,4.5005,59.233494,92.03766,7.0618234,-24.21856,309.4244,0.5120002,24.152962,0.036,56,764.40656
8/30/2026 20:14,28011.867,28534.982,17.844492,35.699154,1.0106996,18.547739,4.4377136,58.08025,90.26427,7.0464106,-23.322105,316.50543,0.4945989,24.040188,0.027,56,764.40656
8/30/2026 20:44,27995.525,28557.252,17.858992,35.719994,1.0107296,18.562214,4.2103057,55.039303,85.5491,7.0307646,-22.416115,322.27515,0.56962514,23.970148,0.036,56,764.40656
8/30/2026 21:14,27039.48,27623.354,17.217905,36.98296,1.0102687,17.955181,3.8865857,50.551323,78.58418,7.0080757,-21.104813,337.1954,0.42710775,23.893353,0.027,56,764.40656
8/30/2026 21:44,29636.254,30495.174,19.190071,33.742455,1.011851,19.821863,4.1770396,54.584846,84.91015,7.0832076,-25.396347,319.2711,0.40409786,23.525354,0.027,56,764.40656
8/30/2026 22:14,42876.473,44213.715,28.949434,23.322815,1.019237,28.738914,7.002743,96.61116,150.31349,7.765339,-64.57329,334.21515,0.6858294,23.416496,0.027,56,764.40656
8/30/2026 22:44,43104.242,44511.645,29.165112,23.199574,1.0194203,28.93257,7.103869,98.00386,152.49956,7.790021,-65.97519,335.19745,0.91535,23.344568,0.027,56,764.40656
8/30/2026 23:14,42946.715,44484.027,29.140776,23.284668,1.0194454,28.91462,6.9411387,95.485374,148.62044,7.7697673,-64.77833,341.16745,0.99506336,23.190641,0.027,56,764.40656
8/30/2026 23:44,42953.43,44565.65,29.198074,23.281029,1.0195124,28.96767,6.856824,94.215546,146.66545,7.7664337,-64.56852,330.6055,1.1299281,23.105953,0.027,56,764.40656
8/31/2026 0:14,43006.047,44612.887,29.232807,23.252544,1.0195365,28.998377,6.792694,93.366844,145.34218,7.76931,-64.73541,341.9876,1.0955756,23.114275,0.027,56,764.40656
8/31/2026 0:44,43066.223,44709.91,29.302635,23.220053,1.0196003,29.061443,6.639723,91.23796,142.03778,7.7615643,-64.28242,346.01212,0.83778894,23.075216,0.027,56,764.40656
8/31/2026 1:14,43010.254,44647.902,29.257439,23.250269,1.0195647,29.021135,6.631349,91.10615,141.83151,7.76213,-64.315796,346.0884,1.0101448,23.079626,0.027,56,764.40656
8/31/2026 1:44,43005.855,44672.41,29.274431,23.252647,1.0195868,29.037067,6.318154,86.76136,135.07527,7.7413106,-63.114166,337.32416,1.0943161,23.046799,0.027,56,764.40656
8/31/2026 2:14,42951.727,44654.137,29.259878,23.281952,1.0195878,29.025188,6.1998177,85.06457,132.44337,7.726757,-62.270164,340.28052,0.86293197,23.003958,0.027,56,764.40656
8/31/2026 2:44,42854.938,44640.13,29.246872,23.334534,1.0196053,29.016083,6.038714,82.70439,128.79016,7.6896157,-60.11963,342.06866,0.6371959,22.906244,0.018,56,764.40656
8/31/2026 3:14,42617.723,44488.098,29.132769,23.464417,1.019549,28.917263,5.602303,76.53053,119.19778,7.602493,-55.103302,340.41406,0.31031227,22.798841,0.018,56,764.40656
8/31/2026 3:44,42098.24,44008.793,28.78113,23.753963,1.019303,28.605717,5.386369,73.33738,114.23825,7.5345864,-51.198006,324.1873,0.29892468,22.727066,0.018,56,764.40656
8/31/2026 4:14,39306.883,41139.914,26.699774,25.440838,1.0177457,26.740944,4.9698477,66.78395,104.04043,7.4111094,-44.112206,317.00134,0.24392137,22.667225,0.018,56,764.40656
8/31/2026 4:44,35217.074,36968.9,23.71202,28.395317,1.0155293,24.029785,4.4549894,58.68116,91.44007,7.2531404,-35.042763,294.28006,0.24132085,22.519033,0.018,56,764.40656
8/31/2026 5:14,32213.682,33900.082,21.544384,31.042711,1.0139263,22.035053,4.087577,53.049946,82.682236,7.1591935,-29.649734,277.62415,0.28096655,22.395485,0.018,56,764.40656
8/31/2026 5:44,30100.65,31764.438,20.050854,33.221874,1.0128356,20.646883,3.8335316,49.19963,76.69871,7.102437,-26.388168,261.8885,0.45486787,22.257647,0,56,764.40656
8/31/2026 6:14,28591.223,30253.053,19.001453,34.97577,1.0120788,19.664486,3.5751755,45.49341,70.93652,7.0601277,-23.956299,262.6324,0.40823725,22.124031,0.009,56,764.40656
8/31/2026 6:44,27192.008,28896.834,18.064245,36.775513,1.0114263,18.782942,3.4133382,43.028793,67.11673,7.0264745,-22.015572,269.44638,0.36890212,21.911152,0.018,56,764.40656
8/31/2026 7:14,25205.59,26887.598,16.688469,39.67374,1.0104356,17.476938,3.343075,41.66262,65.00523,7.0081015,-20.952225,280.88092,0.30423704,21.724762,0.009,55,764.40656
8/31/2026 7:44,19719.182,21063.299,12.780056,50.712044,1.0075043,13.691144,3.2471912,39.508415,61.65055,6.9824915,-19.53125,279.1977,0.46262693,21.658993,0.009,55,764.40656
8/31/2026 8:14,19743.275,21085.295,12.794692,50.650158,1.0075134,13.705442,3.0159113,36.703545,57.272915,6.9557076,-18.033981,295.87744,0.10302434,21.667686,0.009,55,764.40656
8/31/2026 8:44,23451.434,25046.074,15.440354,42.641315,1.0095087,16.279947,2.450094,30.27993,47.249466,6.945988,-17.490387,293.1404,0.3359736,21.666584,0.009,55,764.40656
8/31/2026 9:14,22305.912,23798.742,14.602211,44.831165,1.0088644,15.469182,3.0577426,37.64031,58.730152,6.9569335,-18.105507,266.75702,0.06797448,21.71585,0.009,55,764.40656
8/31/2026 9:44,19423.863,20542.197,12.440527,51.483063,1.0071279,13.352428,3.9984152,49.000977,76.40256,6.993999,-20.208359,294.93332,0.3401094,22.149694,0.018,55,764.40656
8/31/2026 10:14,42482.668,43561.047,28.480772,23.539011,1.0188015,28.31468,8.994,124.376305,193.41391,7.9040613,-72.61276,312.71457,0.040811095,23.7039,0.027,55,764.40656
8/31/2026 10:44,43222.19,44499.656,29.160395,23.136263,1.0193737,28.924776,8.415291,116.40514,181.08453,7.8965607,-72.13116,322.0749,0.037486173,23.497002,0.027,55,764.40656
8/31/2026 11:14,35987.5,37004.863,23.758774,27.787426,1.0152805,24.053162,8.544696,114.70573,178.42085,7.888327,-71.67339,328.15933,0.03603484,23.560595,0.027,55,764.40656
8/31/2026 11:44,43526.164,44747.004,29.343218,22.974688,1.0194904,29.085552,8.206304,113.78298,176.98209,7.883801,-71.4159,329.45157,0.036571678,23.571562,0.027,55,764.40656
8/31/2026 12:14,43581.953,44639.29,29.269299,22.945278,1.0193808,29.01554,8.564014,119.08534,185.16759,7.920488,-73.571205,333.23764,0.04796714,23.759882,0.036,55,764.40656
8/31/2026 12:44,43721.676,44752.383,29.352922,22.87195,1.0194342,29.089048,8.624605,120.05768,186.66803,7.9241533,-73.79055,334.59186,0.2716632,23.79417,0.027,55,764.40656
8/31/2026 13:14,43598.062,44752.03,29.348944,22.9368,1.0194724,29.08882,8.214045,114.05101,177.37436,7.8962455,-72.15023,336.79962,0.10182245,23.649958,0.027,55,764.40656
8/31/2026 13:44,43686.406,44748.297,29.34899,22.890415,1.0194417,29.086393,8.5718155,119.24358,185.41437,7.9236484,-73.7524,318.61783,0.47655848,23.757574,0.027,55,764.40656
8/31/2026 14:14,43744.594,44720.934,29.331503,22.859968,1.0194,29.068607,8.7863245,122.4283,190.33249,7.9441056,-74.95403,310.69757,0.23078257,23.85697,0.036,55,764.40656
8/31/2026 14:44,43945.996,44767.51,29.370153,22.755201,1.0193768,29.098883,8.677076,121.31888,188.54565,7.9346924,-74.45812,289.25897,0.19407305,24.03923,0.036,55,764.40656
8/31/2026 15:14,44295.63,44738.527,29.359545,22.57559,1.01924,29.080042,8.453151,119.09445,184.93828,7.9025807,-72.71767,252.1944,0.09969574,24.481693,0.036,55,764.40656
8/31/2026 15:44,44929.605,44776.79,29.403082,22.25704,1.0190672,29.104914,8.115928,115.75659,179.51791,7.8413787,-69.3512,253.39603,0.032931108,25.178684,0.045,55,764.40656
8/31/2026 16:14,45209.676,44559.676,29.25575,22.11916,1.0187807,28.96379,7.645356,110.05031,170.47282,7.7477827,-64.06784,230.25989,0.039690554,25.763725,0.063,55,764.40656
8/31/2026 16:44,44515.277,43774.18,28.68302,22.464197,1.0183127,28.453217,7.2243648,103.87045,160.8606,7.662869,-59.17549,201.11084,0.10214127,25.886389,0.063,55,764.40656
8/31/2026 17:14,41516.047,40903.695,26.593872,24.087072,1.016773,26.587402,6.7284594,95.43513,147.82736,7.5325336,-51.608086,194.82613,0.8661696,25.7838,0.054,55,764.40656
8/31/2026 17:44,36746.99,36457.195,23.399849,27.213114,1.0144826,23.697176,6.076624,84.10719,130.37517,7.348863,-40.922165,205.99365,0.46031338,25.41617,0.063,55,764.40656
8/31/2026 18:14,34577.766,34486.137,22.00066,28.920319,1.0135125,22.415989,5.7683344,78.826454,122.25516,7.2405863,-34.627914,201.96439,0.421471,25.139105,0.054,55,764.40656
8/31/2026 18:44,34113.688,34134.438,21.750624,29.313747,1.0133737,22.187384,5.503483,74.875725,116.165855,7.206827,-32.658577,178.87115,0.47337234,24.968172,0.054,55,764.40656
8/31/2026 19:14,33389.13,33513.883,21.312197,29.949867,1.013091,21.784025,5.1870337,70.19302,108.93462,7.171694,-30.612946,169.09122,0.4084416,24.805107,0.045,55,764.40656
8/31/2026 19:44,32989.195,33204.95,21.093525,30.312956,1.012968,21.583218,4.878728,65.770035,102.0984,7.1407905,-28.81527,180.6736,0.35229728,24.65981,0.036,55,764.40656
8/31/2026 20:14,32245.705,32560.168,20.639908,31.011883,1.0126737,21.16411,4.6595707,62.47018,97.00582,7.1168356,-27.418137,187.62112,0.4885957,24.49435,0.045,55,764.40656
8/31/2026 20:44,31780.477,32198.88,20.385221,31.465858,1.0125313,20.929272,4.369099,58.309723,90.57461,7.0836,-25.486946,213.48,0.4788296,24.319668,0.036,55,764.40656
8/31/2026 21:14,31099.354,31602.977,19.96781,32.15501,1.0122604,20.541935,4.186633,55.58884,86.372574,7.068512,-24.604797,207.16667,0.267271,24.165657,0.036,55,764.40656
8/31/2026 21:44,30488.9,31046.29,19.579367,32.79882,1.0119976,20.180088,3.9130309,51.74302,80.41248,7.0279965,-22.263527,217.21362,0.20586096,24.06003,0.036,55,764.40656
8/31/2026 22:14,28330.037,29051.047,18.195366,35.298225,1.0110556,18.88318,3.5218503,45.90535,71.38647,7.013787,-21.419525,197.51071,0.49340355,23.700592,0.027,55,764.40656
8/31/2026 22:44,41352.684,42852.95,27.952208,24.182228,1.018554,27.854418,6.7933464,92.774605,144.40707,7.7203445,-61.93638,247.11609,1.0045378,23.167036,0.027,55,764.40656
8/31/2026 23:14,42844.855,44321.35,29.023737,23.340025,1.0193385,28.808878,7.281077,100.20963,155.95598,7.8311424,-68.31646,263.26657,1.0093017,23.255844,0.027,55,764.40656
8/31/2026 23:44,42974.824,44466.17,29.12918,23.269438,1.0194216,28.903011,7.1846375,98.92183,153.95491,7.8198943,-67.66796,259.7189,0.81322926,23.244034,0.027,55,764.40656
9/1/2026 0:14,43025.176,44569.973,29.203411,23.242207,1.0194942,28.970482,6.9438887,95.5489,148.72067,7.7972,-66.35189,267.35306,0.6569877,23.185339,0.027,55,764.40656
9/1/2026 0:44,43085.6,44625.043,29.243893,23.20961,1.0195224,29.006279,6.952533,95.704506,148.96068,7.8006563,-66.55216,277.59076,0.6296367,23.19386,0.027,55,764.40656
9/1/2026 1:14,42988.504,44586.555,29.213827,23.262033,1.0195194,28.98126,6.6863375,91.90988,143.0719,7.7752576,-65.078735,288.93948,0.65986985,23.12348,0.027,55,764.40656
9/1/2026 1:44,42976.703,44595.543,29.219725,23.268421,1.0195305,28.987103,6.5996037,90.6821,141.16652,7.765628,-64.520836,290.43674,0.44953248,23.099451,0.027,55,764.40656
9/1/2026 2:14,42770.008,44408.164,29.082005,23.38087,1.0194353,28.865307,6.5349994,89.67404,139.60466,7.7601767,-64.201355,294.29913,0.5789669,23.06866,0.018,55,764.40656
9/1/2026 2:44,42919.48,44565.6,29.19693,23.299444,1.0195228,28.967642,6.253484,85.86421,133.67409,7.739078,-62.99019,247.55002,0.44320637,23.066124,0.027,55,764.40656
9/1/2026 3:14,42872.805,44553.652,29.187044,23.32481,1.019527,28.959875,6.2230344,85.37875,132.92776,7.72826,-62.360764,235.219,0.6975603,23.0248,0.027,55,764.40656
9/1/2026 3:44,42768.293,44512.3,29.154707,23.381807,1.0195239,28.932995,5.8313885,79.882484,124.38675,7.6534677,-58.054924,238.35182,0.08543891,22.948673,0.027,55,764.40656
9/1/2026 4:14,42537.38,44351.383,29.034689,23.508736,1.019458,28.8284,5.3367615,72.939285,113.592804,7.530863,-51.00727,264.9784,0.038003013,22.8586,0.018,55,764.40656
9/1/2026 4:44,42011.2,43859.117,28.673967,23.803177,1.0192033,28.508427,5.181646,70.59055,109.947,7.48431,-48.327446,270.44296,0.03962287,22.79408,0.027,55,764.40656
9/1/2026 5:14,40007.914,41827.23,27.19749,24.995054,1.0181068,27.1877,4.9077115,66.20523,103.129196,7.4058895,-43.821335,240.59296,0.039935455,22.722723,0.018,55,764.40656
9/1/2026 5:44,36657.37,38392.434,24.727806,27.279644,1.0162653,24.955082,4.4175186,58.65252,91.37787,7.261725,-35.54821,236.16315,0.038951043,22.633886,0.018,55,764.40656
9/1/2026 6:14,33466.33,35119.42,22.40429,29.880781,1.0145378,22.827623,3.9653156,51.85228,80.796745,7.147209,-28.977394,195.82272,0.2118278,22.53557,0.018,55,764.40656
9/1/2026 6:44,31312.732,32917.953,20.857994,31.93589,1.013395,21.39667,3.6358364,47.043766,73.3149,7.0862355,-25.47741,153.98502,0.1834513,22.446894,0.018,55,764.40656
9/1/2026 7:14,29871.828,31447.66,19.832863,33.476357,1.0126404,20.440979,3.4851172,44.768826,69.777695,7.042527,-22.969246,158.93936,0.050666135,22.376455,0.009,55,764.40656
9/1/2026 7:44,28760.844,30316.55,19.04842,34.769493,1.0120653,19.70576,3.3257802,42.478935,66.21554,7.0152025,-21.400452,168.94818,0.2613628,22.31333,0.018,55,764.40656
9/1/2026 8:14,27264.1,28772.227,17.984045,36.67827,1.0112778,18.701948,3.2081993,40.681816,63.420242,6.9875727,-19.8555,172.37186,0.20795494,22.255703,0.018,55,764.40656
9/1/2026 8:44,26490.168,27979.445,17.440264,37.749855,1.0108787,18.18664,3.0856302,38.97373,60.761696,6.9615803,-18.396378,178.85208,0.37421468,22.213219,0.018,55,764.40656
9/1/2026 9:14,25191.771,26624.822,16.516182,39.695503,1.0101901,17.306135,3.1064756,39.004673,60.81305,6.962296,-18.434525,202.8227,0.07241875,22.181997,0.009,55,764.40656
9/1/2026 9:44,24423.223,25821.645,15.970983,40.944637,1.0097839,16.78407,3.205731,40.11077,62.539383,6.938481,-17.09938,199.8186,0.19811366,22.164558,0.009,55,764.40656
9/1/2026 10:14,25008.732,26412.94,16.372675,39.986034,1.0100733,17.168411,3.6065042,45.274223,70.58404,7.001918,-20.656586,225.7824,0.12841997,22.216566,0.018,55,764.40656
9/1/2026 10:44,40726.785,42580.87,27.743048,24.553865,1.0185198,27.677567,6.510575,88.10179,137.23848,7.6327834,-56.824684,269.01245,0.36634237,22.720278,0.018,55,764.40656
9/1/2026 11:14,41357.457,43122.344,28.139717,24.179436,1.0187818,28.029522,6.8048944,92.52205,144.09056,7.701266,-60.777664,275.79785,0.25220108,22.857204,0.018,55,764.40656
9/1/2026 11:44,41151.1,42882.496,27.966303,24.300686,1.0186427,27.873623,6.8199015,92.68076,144.33064,7.710309,-61.302185,276.26514,0.13528997,22.88611,0.027,55,764.40656
9/1/2026 12:14,41030.414,42773.586,27.886734,24.372164,1.0185882,27.802832,6.806146,92.41861,143.92725,7.712127,-61.40232,301.5375,0.38018036,22.866312,0.027,55,764.40656
9/1/2026 12:44,42203.996,43978.598,28.763626,23.694439,1.019245,28.58609,6.784106,92.62257,144.23972,7.7326727,-62.584877,310.7166,0.3551494,22.887358,0.018,55,764.40656
9/1/2026 13:14,42363.11,44133.168,28.876669,23.605444,1.019327,28.68656,6.736196,92.04958,143.34428,7.7452645,-63.30967,295.89175,0.24752364,22.900145,0.027,55,764.40656
9/1/2026 13:44,42481.043,44281.164,28.98382,23.539911,1.0194161,28.782757,6.7127323,91.73935,142.86812,7.742211,-63.12847,295.51508,0.7112544,22.871622,0.027,55,764.40656
9/1/2026 14:14,42572.863,44378.047,29.054482,23.489141,1.0194697,28.84573,6.6907945,91.474846,142.4565,7.7498665,-63.56716,285.59207,24.594713,22.870293,0.027,55,764.40656
9/1/2026 14:44,42733.785,44525.293,29.162628,23.400688,1.0195452,28.94144,6.724898,92.03639,143.32536,7.7534385,-63.77697,285.34412,0.34625655,22.89342,0.027,55,764.40656
9/1/2026 15:14,42632.562,44422.508,29.087498,23.45625,1.0194892,28.87463,6.568894,89.857346,139.93275,7.7428064,-63.16662,275.55466,14.047622,22.890387,0.018,55,764.40656
9/1/2026 15:44,42546.594,44372.89,29.05,23.503645,1.0194734,28.842379,6.552109,89.536354,139.44362,7.7155304,-61.593056,246.78708,46.255253,22.845135,0.018,55,764.40656
9/1/2026 16:14,42287.664,44158.2,28.8916,23.647558,1.0193712,28.70283,6.242274,85.12872,132.59338,7.6441383,-57.487488,259.552,38.68187,22.78221,0.027,55,764.40656
9/1/2026 16:44,41992.723,43902.66,28.70366,23.81365,1.0192456,28.53673,5.852018,79.634964,124.04905,7.5466647,-51.88942,259.3851,3.4958346,22.722311,0.018,55,764.40656
9/1/2026 17:14,41271.676,43166.78,28.167747,24.229692,1.0188462,28.058407,5.409938,73.363525,114.2839,7.4256644,-44.95144,246.50574,0.059304923,22.701468,0.018,55,764.40656
9/1/2026 17:44,39945.89,41815.35,27.187243,25.033865,1.0181165,27.179977,5.092748,68.61923,106.90095,7.3374825,-39.892197,233.71696,20.341887,22.659292,0.018,55,764.40656
9/1/2026 18:14,37179.348,39015.504,25.170734,26.896652,1.0166262,25.360077,4.7281938,62.827816,97.898865,7.2294617,-33.688545,261.47842,8.807624,22.536009,0.018,55,764.40656
9/1/2026 18:44,33847.926,35669.836,22.788237,29.543907,1.0148834,23.185394,4.354602,56.85265,88.61925,7.125741,-27.72808,236.79257,0.31540906,22.325811,0.018,55,764.40656
9/1/2026 19:14,32249.123,34107.793,21.685179,31.008595,1.0140978,22.170065,4.090141,52.886322,82.46098,7.076434,-24.8909,235.77213,0.15869096,22.146914,0.018,55,764.40656
9/1/2026 19:44,31156.88,33056.637,20.946268,32.09564,1.0135807,21.486813,3.8818622,49.835583,77.72397,7.0420504,-22.912025,225.83484,36.93007,21.991114,0.018,55,764.40656
9/1/2026 20:14,30305.04,32228.701,20.366758,32.997814,1.0131731,20.948656,3.800682,48.525448,75.69489,7.015174,-21.367073,232.9111,20.78548,21.874983,0.009,55,764.40656
9/1/2026 20:44,29784.393,31741.396,20.025993,33.57463,1.0129424,20.631907,3.6724331,46.70637,72.86937,6.987216,-19.803047,223.9132,0.5187015,21.772009,0.009,55,764.40656
9/1/2026 21:14,29086.953,31077.97,19.563534,34.379677,1.0126253,20.20068,3.544171,44.849167,69.98595,6.9791813,-19.345284,172.21927,0.10134941,21.645802,0.009,55,764.40656
9/1/2026 21:44,28004.148,30050.25,18.849588,35.708996,1.0121396,19.532663,3.2876127,41.267986,64.41909,6.9491353,-17.652512,217.38052,31.983292,21.435112,0.009,55,764.40656
9/1/2026 22:14,26732.602,28743.803,17.949808,37.40751,1.0114846,18.683472,3.1678984,39.484337,61.644352,6.940961,-17.18998,235.7006,28.291214,21.336655,0.009,55,764.40656
9/1/2026 22:44,34460.72,37262.41,23.885056,29.018547,1.0160414,24.220568,5.808152,74.57067,116.47181,7.310218,-38.12313,202.88467,6.298537,21.063446,0.009,55,764.40656
9/1/2026 23:14,40857.234,43609.445,28.459522,24.47547,1.0193406,28.34614,6.1564927,82.130585,128.15239,7.6127677,-55.48477,259.06085,18.849388,21.695787,0.009,55,764.40656
9/1/2026 23:44,42087.535,44630.84,29.213312,23.760004,1.0198251,29.010046,6.1434383,82.795265,129.12283,7.6829348,-59.55696,269.14597,13.006165,22.016472,0.018,55,764.40656
9/2/2026 0:14,42024.98,44602.746,29.19147,23.79537,1.0198201,28.991785,6.149227,82.79963,129.1385,7.688923,-59.890747,272.93683,16.935135,21.97414,0,55,764.40656
9/2/2026 0:44,42133.03,44693.68,29.25864,23.734348,1.0198638,29.050892,6.173274,83.1952,129.74994,7.694168,-60.195923,278.30124,1.5536451,22.00035,0.009,55,764.40656
9/2/2026 1:14,40574.2,42963.3,28.002537,24.646204,1.0188886,27.926146,6.2562675,83.83244,130.72499,7.704192,-60.7872,284.40475,5.3454866,22.088587,0.009,55,764.40656
9/2/2026 1:44,42311.543,44766.43,29.315811,23.634212,1.0198721,29.098179,6.2411714,84.33284,131.49664,7.7107162,-61.16867,281.27194,16.943935,22.128916,0.018,55,764.40656
9/2/2026 2:14,42227.586,44679.62,29.252377,23.681202,1.0198247,29.041754,6.1913114,83.62493,130.39331,7.710641,-61.163902,281.61526,21.579332,22.126682,0.018,55,764.40656
9/2/2026 2:44,42225.414,44736.605,29.2919,23.68242,1.0198725,29.078794,6.1183825,82.561646,128.74911,7.7002883,-60.55832,279.74606,30.773512,22.061111,0,55,764.40656
9/2/2026 3:14,42188.9,44709.426,29.271658,23.702917,1.0198606,29.061127,5.980854,80.67775,125.81396,7.690327,-59.986115,279.95587,17.831535,22.04839,0.009,55,764.40656
9/2/2026 3:44,42122.316,44721.816,29.27778,23.740385,1.0198902,29.069181,5.897517,79.4254,123.87937,7.672302,-58.937073,235.22855,25.39292,21.956755,0.018,55,764.40656
9/2/2026 4:14,41933.95,44691.867,29.249846,23.847027,1.0199198,29.049715,5.618554,75.4006,117.637474,7.611942,-55.451393,245.2755,13.683154,21.769127,0.009,55,764.40656
9/2/2026 4:44,41667.402,44648.72,29.209557,23.999577,1.0199605,29.021667,5.1496267,68.760864,107.32368,7.4952693,-48.742294,235.3859,0.03370138,21.504047,0,55,764.40656
9/2/2026 5:14,41060.812,44192.34,28.869944,24.35412,1.0197598,28.725021,4.88568,64.85436,101.26033,7.422402,-44.550896,258.47913,0.035777777,21.289984,0.009,55,764.40656
9/2/2026 5:44,39553.57,42777.1,27.835205,25.282167,1.019037,27.805117,4.641459,60.977478,95.24192,7.3428698,-39.982796,257.29657,13.934098,21.054634,0.009,55,764.40656
9/2/2026 6:14,36014.65,39150.527,25.22105,27.76648,1.0171192,25.447844,4.2629824,54.90121,85.783875,7.2264743,-33.32138,227.2892,12.4356365,20.806387,0,55,764.40656
9/2/2026 6:44,32422.996,35401.47,22.558397,30.842306,1.015155,23.010954,3.946044,49.83457,77.89205,7.123819,-27.456284,216.22658,0.12741001,20.59507,0,55,764.40656
9/2/2026 7:14,29891.033,32738.248,20.691137,33.45485,1.0137776,21.279861,3.7307625,46.47179,72.652115,7.0572386,-23.655891,200.15717,0.03577187,20.446644,0,55,764.40656
9/2/2026 7:44,28237.156,30994.514,19.479513,35.41433,1.0128856,20.146435,3.5863478,44.268368,69.2181,7.0225787,-21.677017,188.85612,6.930104,20.342264,0,55,764.40656
9/2/2026 8:14,27455.033,30172.76,18.911451,36.423195,1.0124695,19.612293,3.4886765,42.87186,67.04029,7.002118,-20.532608,183.41064,8.32975,20.284178,0,55,764.40656
9/2/2026 8:44,26436.203,29070.145,18.153439,37.826916,1.0119025,18.895596,3.4885643,42.65686,66.70685,6.9845896,-19.555092,210.17075,0.09987436,20.25621,0,55,764.40656
9/2/2026 9:14,25310.902,27753.387,17.256107,39.508667,1.0111909,18.039701,3.6055033,43.967937,68.74325,6.980145,-19.316673,195.76073,0.034726694,20.392317,0,55,764.40656
9/2/2026 10:04,95.69471,105.58742,0.04950176,10449.898,0.99822474,0.06863182,9.50415,103.59208,162.89616,8.098951,-86.05003,38.380623,0.006129037,20.094654,0.081,99,767.87177
9/2/2026 10:34,21595.914,23192.424,14.192508,46.305054,1.0086339,15.075076,4.6906753,56.956028,89.386536,6.9959426,-23.04554,120.46814,0.32113448,21.395937,0.009,99,768.3743
9/2/2026 11:04,41033.844,42571.887,27.746727,24.370127,1.0184151,27.671726,10.089341,136.75084,214.01503,7.96403,-79.135895,167.75607,0.031858765,23.108473,0.027,99,768.3743
9/2/2026 11:34,42789.453,44627.37,29.235764,23.370245,1.0196143,29.007792,9.304255,126.603745,198.22418,7.903656,-75.57869,144.79637,0.024509186,22.843788,0.018,99,768.3743
9/2/2026 12:04,42930.855,44635.63,29.246248,23.29327,1.0195785,29.013159,9.526972,130.0028,203.49202,7.9355626,-77.4622,147.08997,0.02658388,23.000362,0.027,99,768.3743
9/2/2026 12:34,42945.67,44699.566,29.291428,23.285234,1.019628,29.054718,9.447299,128.8242,201.66599,7.932591,-77.27623,153.27454,0.028591491,22.945688,0.018,99,768.3743
9/2/2026 13:04,43174.76,44820.215,29.383347,23.16168,1.0196604,29.13314,9.334611,127.65371,199.78853,7.9327364,-77.319145,164.06537,0.026992526,23.07789,0.027,99,768.3743
9/2/2026 13:34,43248.742,44897.74,29.440014,23.122059,1.0197035,29.18353,9.198559,125.83276,196.93884,7.9319153,-77.27146,155.49182,0.029002307,23.07708,0.027,99,768.3743
9/2/2026 14:04,43146.47,44916.266,29.449589,23.176868,1.01975,29.195574,8.643288,117.950455,184.6465,7.8801312,-74.243546,158.59604,0.027809072,22.937061,0.018,99,768.3743
9/2/2026 14:34,43201.37,45047.67,29.543318,23.147413,1.0198442,29.280987,8.287035,112.98397,176.89655,7.855473,-72.79873,163.09738,0.028357081,22.854162,0.018,99,768.3743
9/2/2026 15:04,43301.094,45157.066,29.623188,23.094105,1.0199062,29.352093,8.36455,114.08151,178.61676,7.8709393,-73.690414,193.93445,0.0328969,22.848146,0.027,99,768.3743
9/2/2026 15:34,43252.06,45143.766,29.612213,23.120287,1.0199096,29.343449,8.192458,111.64366,174.81227,7.8598895,-73.041916,218.6203,0.03250368,22.806068,0.018,99,768.3743
9/2/2026 16:04,43292.3,45176.605,29.636549,23.098795,1.0199251,29.364794,8.17668,111.464775,174.52913,7.8566256,-72.85595,227.71835,0.038288824,22.816246,0.018,99,768.3743
9/2/2026 16:34,43353.24,45161.684,29.62818,23.066328,1.0198945,29.355095,8.133424,111.041245,173.84035,7.84709,-72.32666,231.06097,0.04073539,22.903463,0.018,99,768.3743
9/2/2026 17:04,43582.883,45171.727,29.642824,22.944788,1.019834,29.361622,7.966421,109.262344,170.98088,7.8171434,-70.65773,226.14479,0.03464648,23.158459,0.027,99,768.3743
9/2/2026 17:34,43674.777,45068.316,29.573277,22.896511,1.0197184,29.294405,7.692007,105.87121,165.61037,7.769657,-67.9636,231.29941,0.030373573,23.38112,0.027,99,768.3743
9/2/2026 18:04,43472.758,44685.188,29.29821,23.00291,1.0194542,29.045372,7.2730827,100.29589,156.83464,7.6842813,-63.066483,234.55142,0.038178593,23.57944,0.027,99,768.3743
9/2/2026 18:34,42121.27,43273.8,28.269194,23.740974,1.0186697,28.12797,6.9615154,95.47635,149.29135,7.5966377,-57.997704,235.79597,0.032331917,23.60558,0.027,99,768.3743
9/2/2026 19:04,39170.484,40401.56,26.185505,25.529427,1.0171537,26.261013,6.4338384,86.87792,135.89432,7.446497,-49.271584,233.56915,0.038534414,23.404661,0.027,99,768.3743
9/2/2026 19:34,35961.703,37289.21,23.952614,27.80736,1.0155436,24.237988,5.990739,79.47855,124.37804,7.29326,-40.369034,232.84912,0.06486487,23.136108,0.027,99,768.3743
9/2/2026 20:04,34550.34,36000.57,23.033562,28.943275,1.0149171,23.40037,5.6578693,74.33696,116.38053,7.213427,-35.72464,225.09097,0.12889065,22.890915,0.018,99,768.3743
9/2/2026 20:34,33763.797,35290.195,22.528656,29.617521,1.0145783,22.938627,5.3592896,70.01206,109.63833,7.1582437,-32.520294,222.57327,0.058854032,22.735458,0.018,99,768.3743
9/2/2026 21:04,33342.957,34904.74,22.255455,29.99134,1.0143931,22.68808,5.149199,67.066475,105.03928,7.129061,-30.827522,221.04263,0.09848229,22.657377,0.018,99,768.3743
9/2/2026 21:34,32754.812,34364.406,21.873234,30.529865,1.0141339,22.336864,4.8533,62.947437,98.60613,7.092065,-28.681755,220.62302,0.044896517,22.547697,0.018,99,768.3743
9/2/2026 22:04,32146.305,33827.96,21.493849,31.107775,1.0138876,21.988174,4.574389,59.03795,92.50503,7.0504737,-26.268959,229.01535,0.064674795,22.397274,0.018,99,768.3743
9/2/2026 22:34,31463.361,33215.113,21.061779,31.782999,1.0136033,21.589823,4.3728275,56.13275,87.97586,7.029289,-25.03395,229.81644,0.040582772,22.238768,0.009,99,768.3743
9/2/2026 23:04,30623.105,32440.297,20.517744,32.655083,1.0132374,21.086193,4.3355746,55.30498,86.70274,7.014773,-24.15657,226.39752,0.06038905,22.067198,0,99,768.3743
9/2/2026 23:34,29086.896,30974.85,19.495102,34.37974,1.0125321,20.133654,3.8743634,48.895542,76.686424,6.9723597,-21.753311,173.47336,0.08941151,21.808838,0,99,768.3743
9/3/2026 0:04,40547.445,43430.39,28.324022,24.662466,1.0192835,28.229753,6.4956717,85.86152,134.72354,7.579659,-56.614876,218.19592,0.13217074,21.52456,0.009,99,768.3743
9/3/2026 0:34,42035.41,44823.305,29.34489,23.789467,1.0199987,29.135147,6.7313175,89.86402,140.9549,7.702832,-63.74359,234.13658,0.08428062,21.743587,0.009,99,768.3743
9/3/2026 1:04,42161.855,44864.668,29.378445,23.71812,1.0199964,29.162035,6.8145833,91.16145,142.96664,7.716367,-64.54468,242.30003,0.04031211,21.845882,0.009,99,768.3743
9/3/2026 1:34,42156.69,44829.76,29.35402,23.721027,1.0199693,29.139345,6.6140466,88.51758,138.8131,7.6925516,-63.180923,247.00165,0.07896827,21.878159,0.009,99,768.3743
9/3/2026 2:04,42188.598,44840.527,29.3627,23.703087,1.0199689,29.146343,6.61881,88.626366,138.97804,7.6917114,-63.13801,250.35858,0.056313664,21.903595,0,99,768.3743
9/3/2026 2:34,42480.67,45041.46,29.513317,23.540117,1.0200505,29.27695,6.6127834,88.81445,139.24612,7.6997123,-63.624382,253.62968,0.035877466,22.02335,0.009,99,768.3743
9/3/2026 3:04,42502.137,45048.188,29.518793,23.528229,1.0200498,29.281322,6.591176,88.55506,138.83548,7.7016335,-63.738823,235.0664,0.039276067,22.040922,0.009,99,768.3743
9/3/2026 3:34,42497.074,45038.15,29.51162,23.531033,1.020043,29.274796,6.5208735,87.61495,137.36047,7.685138,-62.789917,222.71156,0.038822275,22.046047,0.018,99,768.3743
9/3/2026 4:04,42457.367,44996.734,29.481337,23.553038,1.0200204,29.247879,6.4828134,87.08705,136.53297,7.684313,-62.742233,234.07936,0.03438266,22.045313,0.009,99,768.3743
9/3/2026 4:34,42414.77,44965.906,29.458319,23.576693,1.0200073,29.227839,6.337041,85.09328,133.41058,7.6664867,-61.712265,255.29861,0.038316593,22.029587,0.009,99,768.3743
9/3/2026 5:04,42390.242,44978.52,29.466166,23.590334,1.0200245,29.236038,6.122096,82.1482,128.80208,7.637243,-60.019493,253.6726,0.03724782,21.987188,0.009,99,768.3743
9/3/2026 5:34,42136.062,44802.74,29.334478,23.73264,1.0199529,29.12178,5.5788693,74.66257,117.084656,7.5244484,-53.505898,251.03091,0.031661104,21.883749,0.009,99,768.3743
9/3/2026 6:04,41780.805,44529.29,29.131268,23.934437,1.0198301,28.944038,5.229851,69.76348,109.42219,7.4328237,-48.213005,224.68567,0.032383967,21.768427,0.009,99,768.3743
9/3/2026 6:34,40718.957,43497.652,28.37704,24.558586,1.0192888,28.273474,5.0535026,66.978,105.072075,7.379257,-45.113564,209.05972,0.031129321,21.655418,0.009,99,768.3743
9/3/2026 7:04,38476.25,41204.754,26.71528,25.990059,1.0180626,26.78309,4.6922317,61.452526,96.4226,7.274666,-39.081573,191.8602,0.032391246,21.53308,0.009,99,768.3743
9/3/2026 7:34,35168.434,37743.586,24.236223,28.43459,1.0162133,24.53333,4.324871,55.71955,87.441666,7.1525307,-32.048225,179.75807,0.040172633,21.427876,0.009,99,768.3743
9/3/2026 8:04,32236.492,34635.305,22.038877,31.020744,1.0145651,22.512949,4.0153832,51.021397,80.07552,7.062596,-26.874542,170.65048,0.038978353,21.373865,0.009,99,768.3743
9/3/2026 8:34,30364.16,32640.732,20.643187,32.933563,1.0135164,21.216476,3.799349,47.861626,75.11941,7.0108047,-23.875237,162.58716,0.036135413,21.348356,0.009,99,768.3743
9/3/2026 9:04,29122.514,31277.727,19.697105,34.337696,1.0127906,20.330523,3.682647,46.173508,72.46492,6.974353,-21.834373,172.20497,0.07348691,21.392374,0.009,99,768.3743
9/3/2026 9:34,28046.844,30028.035,18.83625,35.654636,1.0121017,19.518223,3.6670434,45.877674,71.98332,6.946108,-20.26081,173.06328,0.04036536,21.545652,0.009,99,768.3743
9/3/2026 10:04,27215.45,28991.613,18.1274,36.743835,1.0115042,18.84455,3.745542,46.88064,73.52823,6.929759,-19.359589,191.1211,0.037338395,21.792421,0.009,99,768.3743
9/3/2026 10:34,25980.088,27522.01,17.125645,38.491016,1.010679,17.889307,3.8506656,48.16027,75.50189,6.91909,-18.777847,189.85748,0.039670162,22.066751,0.018,99,768.3743
9/3/2026 11:04,25496.559,26921.254,16.718462,39.220978,1.0103307,17.498816,3.8169146,47.76862,74.86808,6.898135,-17.609596,192.24167,0.040003337,22.229277,0.018,99,768.3743
9/3/2026 11:34,23810.852,24889.854,15.347832,41.997658,1.0091699,16.178406,4.362238,54.66392,85.604,6.9242654,-19.111633,179.64363,0.06864916,22.73031,0.018,99,768.3743
9/3/2026 12:04,42979.938,44552.086,29.189444,23.26667,1.0194927,28.958857,8.403514,114.94366,179.87323,7.830613,-71.434975,224.07056,0.028338702,23.152468,0.027,99,768.3743
9/3/2026 12:34,43352.305,45063.41,29.559383,23.066824,1.019812,29.291216,7.882818,107.784164,168.71005,7.800748,-69.675446,232.625,0.03457743,23.011988,0.027,99,768.3743
9/3/2026 13:04,43383.98,45079.453,29.571657,23.049982,1.019816,29.301643,7.8905644,107.93369,168.93869,7.7983603,-69.54193,221.5433,0.028261578,23.03085,0.027,99,768.3743
9/3/2026 13:34,43388.58,45097.25,29.584272,23.04754,1.0198296,29.313211,7.858333,107.472916,168.22165,7.8089,-70.147514,235.672,0.029308345,23.016304,0.027,99,768.3743
9/3/2026 14:04,43469.81,45137.668,29.61526,23.004473,1.0198394,29.339483,8.010784,109.67271,171.65045,7.821405,-70.88184,238.27075,0.03808785,23.065416,0.027,99,768.3743
9/3/2026 14:34,43517.527,45174.082,29.642332,22.979246,1.0198556,29.363153,8.108079,111.05109,173.8034,7.822582,-70.95337,233.22583,2.9067998,23.080082,0.018,99,768.3743
9/3/2026 15:04,43534.094,45108.496,29.596922,22.970503,1.0197953,29.320522,8.242031,113.04077,176.88931,7.836797,-71.79737,194.86905,0.037024464,23.172642,0.027,99,768.3743
9/3/2026 15:34,43511.707,45104.96,29.593718,22.98232,1.019799,29.318224,8.214926,112.62307,176.24234,7.8194027,-70.786476,193.45284,0.03263588,23.150614,0.018,99,768.3743
9/3/2026 16:04,43644.305,45119.656,29.608309,22.912497,1.0197712,29.327776,8.264303,113.58476,177.70511,7.840024,-72.01195,204.59653,0.5458034,23.28803,0.027,99,768.3743
9/3/2026 16:34,43714.156,45076.91,29.580551,22.875885,1.0197136,29.299992,8.379054,115.40569,180.51346,7.849701,-72.603226,242.74826,0.42101198,23.417187,0.027,99,768.3743
9/3/2026 17:04,43918.145,45118.39,29.61603,22.769632,1.0196865,29.326954,8.309077,114.84798,179.58124,7.8392615,-72.04533,249.03775,0.2595026,23.607216,0.027,99,768.3743
9/3/2026 17:34,44185.68,45120.113,29.62532,22.631767,1.0196049,29.328074,8.079579,112.2868,175.4802,7.8107367,-70.466995,253.56769,0.15957943,23.915712,0.027,99,768.3743
9/3/2026 18:04,44586.69,45164.75,29.668337,22.428217,1.0195174,29.357088,7.645038,107.04349,167.16048,7.751286,-67.11483,254.06837,0.036945347,24.3299,0.036,99,768.3743
9/3/2026 18:34,44744.965,45024.395,29.573534,22.348883,1.0193448,29.265858,6.9732113,98.16904,153.20413,7.648926,-61.244965,255.03159,0.1022751,24.675066,0.045,99,768.3743
9/3/2026 19:04,44359.953,44547.707,29.22658,22.542854,1.0190525,28.956009,6.4701166,91.0702,142.09781,7.5469155,-55.336952,251.44577,0.10000447,24.779339,0.045,99,768.3743
9/3/2026 19:34,42719.68,42900.477,28.024103,23.408415,1.0181464,27.88531,5.9731016,83.49948,130.28514,7.432887,-48.708916,253.00026,0.06694444,24.779352,0.045,99,768.3743
9/3/2026 20:04,39208.785,39509.79,25.568481,25.504488,1.0163492,25.681362,5.4628806,75.07085,117.172874,7.2844887,-40.05909,245.75233,0.090819456,24.601126,0.045,99,768.3743
9/3/2026 20:34,35780.03,36205.867,23.20586,27.94855,1.0146338,23.533813,4.97598,67.206696,104.94035,7.147647,-32.086372,225.97313,0.09678826,24.384216,0.045,99,768.3743
9/3/2026 21:04,34574.715,35103.484,22.422897,28.92287,1.0140935,22.817265,4.68116,62.75039,98.01302,7.0849276,-28.429031,212.70276,0.052810177,24.211353,0.045,99,768.3743
9/3/2026 21:34,33894.434,34487.156,21.986513,29.50337,1.0137963,22.41665,4.4482985,59.363007,92.74084,7.0472064,-26.230812,205.96027,0.17411344,24.10017,0.027,99,768.3743
9/3/2026 22:04,33429.598,34069.46,21.691303,29.913612,1.0135975,22.14515,4.218049,56.11201,87.67513,7.0246334,-24.914742,218.10056,0.15559898,24.016691,0.036,99,768.3743
9/3/2026 22:34,32772.54,33471.55,21.26977,30.513351,1.013311,21.75651,3.9823365,52.744976,82.43044,6.997022,-23.303032,220.35123,0.10026734,23.906609,0.036,99,768.3743
9/3/2026 23:04,31986.463,32751.387,20.76355,31.263226,1.0129658,21.2884,3.719963,49.01365,76.61678,6.9668403,-21.586418,214.85806,0.09438574,23.777199,0.036,99,768.3743
9/3/2026 23:34,31423.463,32238.436,20.403828,31.823355,1.0127228,20.954983,3.5896485,47.11409,73.660614,6.9470596,-20.461082,207.1476,0.040853605,23.676464,0.027,99,768.3743
9/4/2026 0:04,31000.85,31862.684,20.140564,32.25718,1.01255,20.710745,3.3175018,43.404213,67.87148,6.9198294,-18.91613,206.55632,0.09145474,23.583853,0.027,99,768.3743
9/4/2026 0:34,27390.777,28350.912,17.70842,36.50864,1.0108162,18.428093,3.0541418,39.150223,61.257607,6.8783236,-16.551018,166.3208,0.096742205,23.226906,0.018,99,768.3743
9/4/2026 1:04,42332.734,44052.57,28.81945,23.622381,1.0192683,28.63417,5.896933,80.20658,125.556,7.554924,-55.46093,191.617,0.26088032,22.955996,0.027,99,768.3743
9/4/2026 1:34,43113.97,44904.453,29.440247,23.19434,1.0197498,29.187895,6.4037437,87.34563,136.74167,7.6587505,-61.450005,228.81985,0.3685251,22.9124,0.018,99,768.3743
9/4/2026 2:04,43224.18,45018.258,29.523514,23.135199,1.0198125,29.26187,6.4322867,87.77895,137.41977,7.6707993,-62.146187,245.0943,0.410158,22.913494,0.018,99,768.3743
9/4/2026 2:34,43174.223,44975.88,29.4922,23.161968,1.0197918,29.234322,6.4263754,87.66571,137.24503,7.670261,-62.11281,250.74005,0.39939886,22.90271,0.018,99,768.3743
9/4/2026 3:04,43214.94,45015.45,29.521244,23.140144,1.019813,29.260042,6.4176445,87.5662,137.08847,7.670167,-62.10804,247.6549,0.08466626,22.90589,0.027,99,768.3743
9/4/2026 3:34,43223.727,45018.848,29.523914,23.13544,1.0198131,29.26225,6.403906,87.390114,136.81134,7.6723723,-62.236786,255.64194,0.53551227,22.912308,0.018,99,768.3743
9/4/2026 4:04,43210.613,45037.46,29.536491,23.142462,1.0198328,29.27435,6.3232713,86.24071,135.02013,7.6651554,-61.8124,257.17258,0.35867897,22.876293,0.027,99,768.3743
9/4/2026 4:34,43076.34,44912.508,29.444609,23.2146,1.0197679,29.19313,6.2500305,85.17122,133.34952,7.660592,-61.545372,259.4185,0.19498603,22.859516,0.018,99,768.3743
9/4/2026 5:04,43060.734,44890.465,29.428679,23.223013,1.019754,29.178802,6.126813,83.494026,130.72217,7.6439734,-60.58693,253.43417,0.24090444,22.865974,0.018,99,768.3743
9/4/2026 5:34,42969.875,44827.855,29.38187,23.272118,1.0197287,29.138107,6.0083513,81.80526,128.08594,7.6256866,-59.523582,261.8122,0.102350935,22.829996,0.009,99,768.3743
9/4/2026 6:04,42839.824,44739.645,29.315851,23.342766,1.0196935,29.080769,5.8831644,79.99444,125.261925,7.6039033,-58.255196,262.4321,0.6617855,22.77676,0.018,99,768.3743
9/4/2026 6:34,42457.73,44415.1,29.076424,23.552837,1.0195358,28.869816,5.4409738,73.76888,115.529785,7.510589,-52.85263,255.78499,0.04289464,22.692673,0.018,99,768.3743
9/4/2026 7:04,42199.273,44186.31,28.908175,23.69709,1.0194216,28.721102,5.1521077,69.72588,109.20664,7.4395933,-48.747063,239.49146,0.03388621,22.645575,0.018,99,768.3743
9/4/2026 7:34,41235.344,43224.848,28.206844,24.251041,1.0189064,28.096151,4.9275875,66.35125,103.93076,7.3715715,-44.813156,227.82803,0.03301769,22.590216,0.009,99,768.3743
9/4/2026 8:04,39304.695,41178.22,26.726128,25.442253,1.0177791,26.765842,4.596004,61.387856,96.1518,7.2710156,-39.014816,214.56241,0.032211293,22.617912,0.009,99,768.3743
9/4/2026 8:34,36021.742,37695.477,24.231932,27.761011,1.0158798,24.50206,4.1888285,55.203716,86.45729,7.1524096,-32.17697,200.19531,0.5696876,22.675316,0.018,99,768.3743
9/4/2026 9:04,32973.41,34417.793,21.915592,30.327467,1.0140978,22.371565,3.912524,50.993103,79.84571,7.0588512,-26.788712,189.78595,0.034194954,22.802816,0.018,99,768.3743
9/4/2026 9:34,29965.066,31124.73,19.619583,33.372192,1.012302,20.231075,3.7269359,48.148605,75.36021,6.9833345,-22.463799,194.1824,0.034635045,23.049286,0.018,99,768.3743
9/4/2026 10:04,28339.357,29284.535,18.351149,35.286613,1.0112776,19.034948,3.737984,48.166496,75.35435,6.9491115,-20.551682,193.2621,0.04695131,23.310173,0.027,99,768.3743
9/4/2026 10:34,26163.084,26821.723,16.668617,38.221794,1.0099043,17.43412,3.8249204,49.170288,76.87022,6.9157176,-18.692017,202.2171,0.049168836,23.714336,0.036,99,768.3743
9/4/2026 11:04,25464.78,25936.846,16.070042,39.269924,1.0093651,16.85895,3.9517913,50.931908,79.57685,6.8967257,-17.638206,215.621,0.060074538,24.04709,0.036,99,768.3743
9/4/2026 11:34,24535.025,24831.49,15.324306,40.758057,1.0087162,16.140469,4.1012053,52.943596,82.67055,6.8968873,-17.666817,232.41519,0.07270847,24.374918,0.045,99,768.3743
9/4/2026 12:04,22280.428,22263.041,13.604123,44.882442,1.0072442,14.470977,4.589225,59.369167,92.58852,6.904337,-18.129349,228.03784,0.036963765,25.040886,0.054,99,768.3743
9/4/2026 12:34,34633.195,34194.098,21.801481,28.874033,1.0132083,22.226164,7.871666,107.872696,168.02599,7.5255046,-54.25453,230.15022,0.039161313,25.672321,0.063,99,768.3743
9/4/2026 13:04,43755.715,44359.73,29.077784,22.854158,1.0190842,28.833826,9.6067,133.95602,209.20383,7.9087267,-76.24149,246.67264,0.038752776,24.287104,0.045,99,768.3743
9/4/2026 13:34,44198.81,44970.16,29.520119,22.625044,1.0194716,29.230604,9.7509775,135.8743,212.27116,7.939063,-77.95334,255.35107,0.036299665,24.10196,0.036,99,768.3743
9/4/2026 14:04,44118.38,45089.543,29.601812,22.66629,1.0195996,29.308203,9.376189,130.19032,203.47537,7.9205184,-76.81847,257.9546,0.03946713,23.872326,0.036,99,768.3743
9/4/2026 14:34,43938.637,45099.285,29.60324,22.759012,1.0196637,29.314537,8.550079,118.2647,184.90897,7.8656693,-73.58551,259.03702,0.040429953,23.6526,0.036,99,768.3743
9/4/2026 15:04,43820.652,45180.94,29.656921,22.82029,1.0197695,29.367613,7.9639406,109.749,171.66354,7.8275876,-71.3253,255.08405,0.05214001,23.423689,0.036,99,768.3743
9/4/2026 15:34,43630.086,45171.54,29.644234,22.919964,1.0198195,29.361502,7.577848,104.03457,162.78471,7.799763,-69.66591,242.22852,0.09690064,23.21338,0.027,99,768.3743
9/4/2026 16:04,43544.992,45206.164,29.665703,22.964754,1.0198743,29.384007,7.2899923,99.85262,156.27803,7.779695,-68.473816,208.53043,0.0697806,23.076097,0.018,99,768.3743
9/4/2026 16:34,43320.15,45099.81,29.583782,23.083946,1.0198524,29.314877,6.942257,94.80585,148.41537,7.7505474,-66.7572,196.90991,0.03905315,22.934006,0.027,99,768.3743
9/4/2026 17:04,43420.633,45193.258,29.652534,23.030525,1.0199009,29.375618,6.8962455,94.235725,147.51971,7.749508,-66.69998,194.97871,2.7969017,22.946426,0.027,99,768.3743
9/4/2026 17:34,43481.195,45200.14,29.659378,22.998447,1.0198885,29.38009,6.864669,93.91174,146.99692,7.745633,-66.49017,240.31639,0.5373758,23.00892,0.018,99,768.3743
9/4/2026 18:04,43618.27,45236.605,29.689445,22.926172,1.019878,29.403795,6.8535023,93.97129,147.06041,7.735688,-65.94181,250.53024,0.46650156,23.126965,0.027,99,768.3743
9/4/2026 18:34,43720.52,45211.54,29.67519,22.872555,1.0198259,29.3875,6.750488,92.790596,145.17601,7.7178097,-64.94045,250.97847,0.055378664,23.273363,0.027,99,768.3743
9/4/2026 19:04,44041.027,45264.633,29.72259,22.7061,1.0197734,29.42201,6.479828,89.583786,140.08264,7.6658125,-61.998367,248.18896,0.034464028,23.5847,0.027,99,768.3743
9/4/2026 19:34,44250.31,45163.902,29.658054,22.598713,1.0196223,29.356537,6.0342083,83.91378,131.13335,7.5731306,-56.700706,248.4274,0.03451703,23.940924,0.036,99,768.3743
9/4/2026 20:04,44076.668,44689.13,29.318687,22.68774,1.0192673,29.047935,5.676538,79.256744,123.77908,7.467567,-50.640106,238.41858,0.037996203,24.282463,0.036,99,768.3743
9/4/2026 20:34,42563.05,42912.42,28.028473,23.494556,1.0182099,27.893074,5.604263,78.066536,121.85484,7.399398,-46.73004,230.37433,0.03530983,24.573746,0.045,99,768.3743
9/4/2026 21:04,39303.93,39517.117,25.57586,25.442749,1.0163213,25.686127,5.315968,73.20357,114.23354,7.28266,-39.96849,221.7102,0.03870308,24.71755,0.045,99,768.3743
9/4/2026 21:34,35826.77,35988.176,23.057432,27.91209,1.0144136,23.392313,4.9436703,67.16176,104.79599,7.1585894,-32.76348,211.58218,0.040830903,24.765182,0.045,99,768.3743
9/4/2026 22:04,34294.52,34527.758,22.023245,29.159178,1.0136703,22.443043,4.622873,62.303993,97.23779,7.0841293,-28.424263,204.59653,0.050270304,24.646334,0.045,99,768.3743
9/4/2026 22:34,33358.203,33680.73,21.425198,29.977634,1.0132626,21.892475,4.3725724,58.577057,91.44624,7.043727,-26.06392,200.6054,0.16861297,24.498642,0.036,99,768.3743
9/4/2026 23:04,32500.914,32912.39,20.884314,30.768366,1.012899,21.393053,4.1135907,54.78892,85.55664,7.0131655,-24.251938,200.85812,0.0817965,24.345434,0.036,99,768.3743
9/4/2026 23:34,31715.98,32222.812,20.399996,31.529846,1.0125823,20.94483,3.91898,51.8965,81.064926,6.9867096,-22.740364,218.96838,0.040585,24.17649,0.036,99,768.3743
9/5/2026 0:04,30825.668,31435.209,19.84866,32.4405,1.0122209,20.432886,3.6478055,47.98901,74.98723,6.9523306,-20.780563,183.87794,0.2334264,23.984795,0.036,99,768.3743
9/5/2026 0:34,29879.633,30584.732,19.255701,33.467613,1.0118275,19.880077,3.463685,45.256508,70.74174,6.9294605,-19.47403,186.36227,0.08910935,23.792986,0.027,99,768.3743
9/5/2026 1:04,29143.951,29978.396,18.832859,34.31244,1.0115775,19.485958,3.2614248,42.31962,66.18029,6.9127016,-18.510818,183.42496,0.10379425,23.542677,0.027,99,768.3743
9/5/2026 1:34,26059.63,27064.887,16.826889,38.373528,1.0101984,17.592176,3.0680475,39.007256,61.05191,6.8740973,-16.303062,160.98022,0.061182573,23.055368,0.018,99,768.3743
9/5/2026 2:04,41832.082,44018.477,28.778675,23.905098,1.0193913,28.61201,4.9827466,67.08763,105.1175,7.475856,-50.797462,190.84454,0.037563346,22.39948,0.018,99,768.3743
9/5/2026 2:34,42679.742,44982.113,29.479328,23.430319,1.0199436,29.238375,5.4209623,73.18156,114.68084,7.576925,-56.610107,220.92819,0.029276073,22.320202,0.018,99,768.3743
9/5/2026 3:04,42794.742,45149.5,29.600105,23.367357,1.0200491,29.347176,5.6126833,75.75403,118.72202,7.609607,-58.484077,234.07458,0.029922772,22.26939,0.018,99,768.3743
9/5/2026 3:34,42791.34,45158.184,29.606024,23.369215,1.0200572,29.35282,5.75244,77.62411,121.65549,7.6266146,-59.461594,246.2721,0.034418598,22.255901,0.018,99,768.3743
9/5/2026 4:04,42760.22,45165.547,29.61002,23.386223,1.0200723,29.357605,5.791616,78.092865,122.39897,7.6302443,-59.661865,252.76184,0.035459444,22.211737,0.018,99,768.3743
9/5/2026 4:34,42762.94,45166.324,29.610657,23.384733,1.020072,29.35811,5.768318,77.78229,121.911736,7.6323047,-59.781075,256.80542,0.030934315,22.21404,0.018,99,768.3743
9/5/2026 5:04,42839.555,45180.793,29.623528,23.342913,1.0200619,29.367516,5.937103,80.16876,125.63718,7.6474357,-60.66799,251.65558,0.039084267,22.286947,0.018,99,768.3743
9/5/2026 5:34,42828.74,45164.836,29.612026,23.348808,1.0200518,29.357143,5.9813995,80.768776,126.57645,7.6542015,-61.059,260.8347,0.034342643,22.291945,0.018,99,768.3743
9/5/2026 6:04,42737.723,45171.562,29.613379,23.398533,1.0200838,29.361515,5.671935,76.4359,119.808334,7.624731,-59.337616,266.9525,0.030989213,22.179062,0.027,99,768.3743
9/5/2026 6:34,42675.707,45138.71,29.588213,23.432535,1.0200746,29.340162,5.590472,75.27861,118.00122,7.6018467,-58.01201,261.68347,0.027399685,22.143185,0.018,99,768.3743
9/5/2026 7:04,42637.516,45163.945,29.604364,23.453524,1.0201064,29.356564,5.6668773,76.21619,119.48488,7.6106195,-58.50315,259.7141,0.028070316,22.07125,0.009,99,768.3743
9/5/2026 7:34,42384.684,45137.723,29.576553,23.593428,1.0201572,29.339521,5.305369,71.003914,111.36094,7.5497985,-54.950714,255.48935,0.8792155,21.806704,0.009,99,768.3743
9/5/2026 8:04,42200.062,45068.164,29.521118,23.696648,1.0201527,29.294306,4.997511,66.69511,104.62619,7.481274,-50.98343,249.0282,0.036318302,21.668102,0.009,99,768.3743
9/5/2026 8:34,41531.715,44368.504,29.010311,24.077986,1.0197697,28.839529,4.8018556,63.87512,100.20488,7.419391,-47.421455,241.87088,0.027801525,21.652514,0.009,99,768.3743
9/5/2026 9:04,39468.164,42094.6,27.363089,25.336876,1.0185,27.361492,4.474337,59.03537,92.60059,7.3149824,-41.427612,228.72925,0.026044065,21.733315,0.009,99,768.3743
9/5/2026 9:34,35575.31,37812.367,24.297115,28.109385,1.0161352,24.57804,4.125591,53.634502,84.10625,7.177064,-33.512115,216.21704,0.029007943,21.90251,0.009,99,768.3743
9/5/2026 10:04,32358.877,34210.75,21.757801,30.903421,1.0141476,22.236988,3.931776,50.608086,79.3266,7.081535,-28.038025,207.37648,0.0288797,22.1659,0.009,99,768.3743
9/5/2026 10:34,29857.129,31356.703,19.771748,33.49284,1.0125629,20.381857,3.8868115,49.755356,77.94763,7.0229583,-24.690628,203.15646,0.028962743,22.496174,0.009,99,768.3743
9/5/2026 11:04,28354.328,29568.844,18.540659,35.267982,1.0115424,19.21975,3.948583,50.51176,79.08579,6.986311,-22.616386,205.2641,0.031812795,22.84952,0.018,99,768.3743
9/5/2026 11:34,26651.24,27489.996,17.121178,37.521706,1.0103278,17.868498,4.1576366,53.28517,83.348885,6.9574428,-21.028519,218.58215,0.034576952,23.402548,0.027,99,768.3743
9/5/2026 12:04,25837.219,26431.203,16.403835,38.703857,1.009676,17.180283,4.369975,56.20238,87.84679,6.9510965,-20.699501,231.76193,0.036096636,23.82341,0.036,99,768.3743
9/5/2026 12:34,23739.281,24036.264,14.787888,42.124275,1.0083199,15.623572,4.588196,59.026066,92.17192,6.9416904,-20.20359,238.82388,0.035911936,24.353107,0.036,99,768.3743
9/5/2026 13:04,22952.09,22966.395,14.073942,43.569016,1.0076165,14.928157,4.9103446,63.609745,99.21573,6.947256,-20.561218,253.7632,0.037335973,24.96739,0.054,99,768.3743
9/5/2026 13:34,24557.623,24292.123,14.968907,40.720554,1.0081182,15.789881,5.929812,78.040504,121.582275,7.037614,-25.801659,247.00165,0.08403508,25.572224,0.063,99,768.3743
9/5/2026 14:04,44657.273,44935.074,29.508068,22.392769,1.019295,29.207798,11.069476,155.78171,243.11475,8.026904,-83.208084,250.58746,0.02999076,24.676323,0.054,99,768.3743
9/5/2026 14:34,44029.273,44725.652,29.343077,22.712162,1.0193142,29.071674,10.192992,142.0943,221.95505,7.981021,-80.40905,258.35513,0.028340312,24.184814,0.036,99,768.3743
9/5/2026 15:04,44025.81,45086.402,29.596828,22.71395,1.0196258,29.306162,9.05956,125.56172,196.27766,7.909129,-76.13182,254.82178,0.10796144,23.7684,0.036,99,768.3743
9/5/2026 15:34,43902.812,45130.8,29.624277,22.777584,1.0197017,29.33502,8.492402,117.32206,183.4601,7.8663287,-73.60458,260.5295,0.03847651,23.575415,0.036,99,768.3743
9/5/2026 16:04,43798.32,45163.695,29.644106,22.831926,1.0197617,29.356401,8.1292,112.00545,175.19492,7.8418717,-72.15023,261.82175,0.040560544,23.417187,0.036,99,768.3743
9/5/2026 16:34,43567.918,45068.04,29.569675,22.95267,1.0197507,29.294226,7.708049,105.85851,165.62611,7.807748,-70.13798,261.62146,0.0694224,23.257294,0.027,99,768.3743
9/5/2026 17:04,43577.85,45158.316,29.633265,22.947437,1.0198241,29.352905,7.518104,103.12441,161.37329,7.7991242,-69.618225,222.41592,0.11821481,23.167627,0.027,99,768.3743
9/5/2026 17:34,43483.12,44994.74,29.515564,22.997429,1.0197145,29.24658,7.760363,106.51318,166.65509,7.791899,-69.21768,196.84792,0.22329706,23.24108,0.027,99,768.3743
9/5/2026 18:04,43669.32,45170.926,29.645071,22.899372,1.0198072,29.361103,7.8687425,108.11684,169.1588,7.8056774,-70.01877,198.97937,0.17984474,23.25954,0.027,99,768.3743
9/5/2026 18:34,43563.008,45093.277,29.587204,22.955256,1.0197736,29.31063,7.6409426,104.88444,164.11172,7.814814,-70.53852,229.43973,0.26864564,23.223267,0.027,99,768.3743
9/5/2026 19:04,43644.78,45169.785,29.643478,22.912247,1.0198135,29.360361,7.5603113,103.82816,162.4564,7.801088,-69.74697,247.86472,0.69915223,23.232376,0.027,99,768.3743
9/5/2026 19:34,43588.465,45150.594,29.628193,22.941849,1.0198144,29.347887,7.454925,102.29279,160.06618,7.7898846,-69.088936,252.91443,0.34042236,23.188578,0.027,99,768.3743
9/5/2026 20:04,43587.574,45200.004,29.662798,22.942318,1.0198563,29.380003,6.8205996,93.514465,146.34418,7.71257,-64.60667,254.16374,0.050218176,23.132292,0.027,99,768.3743
9/5/2026 20:34,43513.707,45147.688,29.623722,22.981264,1.0198346,29.345997,6.144984,84.192,131.76122,7.607487,-58.526993,248.80887,0.036968116,23.105137,0.027,99,768.3743
9/5/2026 21:04,43545.754,45084.348,29.580381,22.964352,1.0197712,29.304825,5.648536,77.51877,121.295006,7.494054,-51.989555,226.90295,0.038723562,23.213245,0.027,99,768.3743
9/5/2026 21:34,43103.95,44401.516,29.087984,23.19973,1.0193266,28.860985,5.4844036,75.39327,117.916595,7.4197774,-47.736168,214.88666,7.464119,23.469973,0.027,99,768.3743
9/5/2026 22:04,41522.125,42574.016,27.763008,24.083546,1.018259,27.673111,5.3230963,72.92275,114.00517,7.3471627,-43.56861,211.84445,0.03359698,23.706419,0.036,99,768.3743
9/5/2026 22:34,38164.066,39036.55,25.214113,26.202658,1.016302,25.373758,5.076632,68.68444,107.355545,7.234926,-37.083626,208.09174,0.038156006,23.829819,0.036,99,768.3743
9/5/2026 23:04,36067.418,36901.285,23.689915,27.725855,1.0151575,23.985836,4.887773,65.53797,102.4399,7.155863,-32.50122,204.66327,19.41066,23.816896,0.027,99,768.3743
9/5/2026 23:34,34940.242,35830.176,22.928118,28.620295,1.0146165,23.289614,4.7656007,63.48843,99.25702,7.109237,-29.788017,208.4446,7.4302897,23.699608,0.036,99,768.3743
9/6/2026 0:04,33818.72,34801.605,22.198605,29.569424,1.0141163,22.621044,4.48584,59.322247,92.77283,7.0648947,-27.20356,181.80847,0.18069755,23.521334,0.027,99,768.3743
9/6/2026 0:34,33152.18,34196.51,21.770672,30.163929,1.0138271,22.227734,4.2109585,55.4307,86.705154,7.036075,-25.525093,202.45552,0.22184642,23.401093,0.036,99,768.3743
9/6/2026 1:04,32344.822,33444.84,21.241068,30.91685,1.0134615,21.739145,3.9945369,52.30595,81.8349,7.006344,-23.77987,199.18918,3.0846496,23.277983,0.027,98,768.3743
9/6/2026 1:34,31496.855,32656.072,20.68705,31.7492,1.0130812,21.226446,3.7584515,48.93718,76.582344,6.9800835,-22.287369,207.88669,0.8352284,23.141481,0.027,98,768.3743
9/6/2026 2:04,30677.54,31880.3,20.144299,32.597137,1.0127037,20.722197,3.5431528,45.89271,71.83239,6.944305,-20.26081,199.20825,0.16096425,23.024742,0.018,98,768.3743
9/6/2026 2:34,28274.627,29569.242,18.538876,35.367397,1.0115784,19.220007,3.2893107,41.969044,65.72624,6.9017763,-17.843246,175.2615,0.13800219,22.707724,0.018,98,768.3743
9/6/2026 3:04,41708.99,43866.71,28.668894,23.975647,1.0193013,28.513363,5.401705,72.71488,113.92992,7.4893413,-51.579475,209.51749,0.2995545,22.424704,0.018,98,768.3743
9/6/2026 3:34,42767.797,44884.332,29.414318,23.382078,1.0198363,29.174816,6.0207863,81.55504,127.75815,7.631853,-59.81922,238.5187,0.42137685,22.531136,0.018,98,768.3743
9/6/2026 4:04,42749.63,44934.66,29.448767,23.392015,1.0198836,29.20753,6.029955,81.5834,127.81891,7.6411357,-60.338974,250.26321,0.040296227,22.454092,0.018,98,768.3743
9/6/2026 4:34,42751.098,44952.64,29.461344,23.391212,1.0198982,29.219215,6.0295024,81.55649,127.780594,7.6472363,-60.687065,255.13171,0.5054057,22.43588,0.018,98,768.3743
9/6/2026 5:04,42772.473,44998,29.493727,23.379522,1.0199296,29.248701,5.9556756,80.536736,126.18818,7.641207,-60.334206,251.0643,0.038015887,22.410559,0.018,98,768.3743
9/6/2026 5:34,42760.945,44990.633,29.488184,23.385826,1.0199269,29.243912,6.0235176,81.443794,127.61051,7.653051,-61.016083,259.3422,0.06896778,22.405293,0.009,98,768.3743
9/6/2026 6:04,42795.613,45028.14,29.515562,23.36688,1.0199479,29.268291,6.0689154,82.06898,128.59032,7.658265,-61.31649,259.8667,0.067511834,22.40415,0.018,98,768.3743
9/6/2026 6:34,42772.4,45007.777,29.500542,23.379564,1.0199378,29.255056,5.945393,80.38517,125.95294,7.639509,-60.23407,226.54533,0.03629865,22.39966,0.018,98,768.3743
9/6/2026 7:04,42801.516,45037.812,29.522518,23.363659,1.0199543,29.274578,5.979953,80.8637,126.70261,7.6506705,-60.8778,246.2721,0.04032742,22.400326,0.018,98,768.3743
9/6/2026 7:34,42735.4,45005.83,29.497852,23.399805,1.0199469,29.253788,5.845886,78.98087,123.76095,7.6322927,-59.809685,259.6426,0.037276518,22.358772,0.018,98,768.3743
9/6/2026 8:04,42707.035,45036.285,29.51805,23.415346,1.0199807,29.273586,5.8345985,78.74383,123.403,7.6263223,-59.452057,260.51044,0.035794176,22.292177,0.027,98,768.3743
9/6/2026 8:34,42483.715,44956.457,29.45431,23.538431,1.0199794,29.221697,5.532018,74.402885,116.63286,7.563601,-55.804253,259.3088,0.032067474,22.12026,0.018,98,768.3743
9/6/2026 9:04,42102.793,44707.02,29.26677,23.751394,1.0198836,29.059565,5.1902733,69.517654,109.00483,7.463614,-50.01545,245.82863,0.026232248,21.95021,0,98,768.3743
9/6/2026 9:34,41848.94,44568.72,29.161205,23.895468,1.019843,28.969667,4.948953,66.071655,103.62558,7.377451,-45.0325,238.3566,0.03157499,21.805008,0.018,98,768.3743
9/6/2026 10:04,40957.504,43628.402,28.476418,24.41555,1.0193268,28.358461,4.843359,64.39221,100.99321,7.332731,-42.45758,234.58005,0.029679542,21.794804,0.009,98,768.3743
9/6/2026 10:34,38836.32,41324.637,26.810772,25.749092,1.0180514,26.861015,4.5727205,60.26401,94.51057,7.2418785,-37.236214,225.42477,0.020615395,21.84744,0.009,98,768.3743
9/6/2026 11:04,35454.746,37652.895,24.184694,28.20497,1.0160395,24.474382,4.2908125,55.787617,87.47686,7.143688,-31.59523,210.65712,0.03221736,21.943493,0.009,98,768.3743
9/6/2026 11:34,32516.531,34531.17,21.978266,30.753588,1.0143719,22.445263,4.0480347,51.96153,81.47718,7.059868,-26.769638,206.77567,0.034594547,21.94541,0.009,98,768.3743
9/6/2026 12:04,30438.53,32348.908,20.451078,32.8531,1.0132282,21.02679,3.8535476,48.993702,76.82815,7.0059233,-23.646355,199.81384,0.036248516,21.908092,0.018,98,768.3743
9/6/2026 12:34,29388.756,31046.578,19.551733,34.02662,1.012473,20.180277,3.9171376,49.81285,78.075195,6.9764194,-22.010803,199.17488,0.03417672,22.2043,0.018,98,768.3743
9/6/2026 13:04,28375.389,29892.117,18.755907,35.24181,1.0118369,19.429876,3.8951216,49.430702,77.458565,6.9633536,-21.28601,216.15506,0.039541706,22.343452,0.018,98,768.3743
9/6/2026 13:34,27413.863,28712.12,17.948294,36.477894,1.0111531,18.662878,4.0086646,50.90307,79.72752,6.945035,-20.275116,219.06853,0.03768738,22.632654,0.018,98,768.3743
9/6/2026 14:04,26623.42,27716.352,17.270185,37.560913,1.0105634,18.015627,4.195226,53.35811,83.53011,6.9368014,-19.831657,234.21765,0.05721604,22.935457,0.027,98,768.3743
9/6/2026 14:34,25558.99,26405.018,16.380695,39.125175,1.0097923,17.163263,4.5878344,58.463776,91.46202,6.963118,-21.343231,231.68088,0.04189213,23.32249,0.027,98,768.3743
9/6/2026 15:04,43343.79,44166.55,28.930332,23.071356,1.0190488,28.70826,11.061242,153.40446,239.69133,8.022971,-82.798004,241.91379,0.12452574,24.024681,0.045,98,768.3743
9/6/2026 15:34,43433.1,44849.07,29.411888,23.023914,1.0196061,29.151896,9.579256,131.64522,205.93993,7.950564,-78.42064,258.02136,0.44022804,23.347023,0.027,98,768.3743
9/6/2026 16:04,43526.285,44961.438,29.493612,22.974623,1.0196731,29.224936,9.459643,130.02094,203.40535,7.953697,-78.59707,261.57855,0.5041674,23.328815,0.027,98,768.3743
9/6/2026 16:34,43464.13,45023.137,29.534853,23.007479,1.0197442,29.26504,8.859401,121.49556,190.11485,7.9074183,-75.883865,260.21002,0.48069194,23.187075,0.018,98,768.3743
9/6/2026 17:04,42983.168,44643.195,29.253256,23.264921,1.019569,29.018078,8.595147,117.40182,183.75122,7.890271,-74.858665,256.06155,0.6582816,23.053179,0.018,98,768.3743
9/6/2026 17:34,43341.72,45084.207,29.573584,23.072458,1.0198328,29.304735,8.182017,111.8139,175.02829,7.8540444,-72.74628,263.92938,1.1393249,22.97646,0.027,98,768.3743
9/6/2026 18:04,42903.184,44678.723,29.275444,23.308294,1.0196233,29.04117,7.671827,104.55526,163.68181,7.7971625,-69.44656,252.46143,1.4004555,22.919365,0.018,98,768.3743
9/6/2026 18:34,43246.285,45062.2,29.554993,23.123373,1.0198429,29.29043,7.4789476,102.03856,159.7498,7.7933183,-69.21768,211.78246,0.52392167,22.89016,0.018,98,768.3743
9/6/2026 19:04,43223.344,45049.55,29.54537,23.135647,1.0198392,29.282207,7.5106215,102.44219,160.38518,7.7970843,-69.43226,204.2675,0.5916341,22.877605,0.036,98,768.3743
9/6/2026 19:34,43122.367,44962.312,29.480974,23.189821,1.019796,29.225504,7.553555,102.952896,161.19019,7.802533,-69.7422,219.05899,0.92109346,22.85749,0.027,98,768.3743
9/6/2026 20:04,43170.555,45053.9,29.546616,23.163937,1.0198585,29.285034,7.360316,100.27499,157.00972,7.778112,-68.32123,235.60524,0.7771588,22.811413,0.027,98,768.3743
9/6/2026 20:34,43040.266,45016.152,29.515789,23.234056,1.0198658,29.2605,7.176111,97.55806,152.78369,7.759549,-67.2245,243.9785,0.53190637,22.701944,0.018,98,768.3743
9/6/2026 21:04,42913.645,45046.008,29.532217,23.302612,1.0199282,29.279905,6.6452184,90.05963,141.08305,7.693387,-63.36689,241.36066,0.08934479,22.521597,0.018,98,768.3743
9/6/2026 21:34,42686.547,44991.04,29.485785,23.426584,1.0199491,29.244175,6.073782,81.99467,128.49207,7.600754,-57.9834,239.24828,0.037173595,22.318266,0.018,98,768.3743
9/6/2026 22:04,42402.43,44864.715,29.387508,23.583553,1.019927,29.162066,5.587272,75.12535,117.76418,7.4945483,-51.82743,226.38321,0.036809605,22.126572,0.009,98,768.3743
9/6/2026 22:34,41554.254,44012.875,28.764795,24.064924,1.0194694,28.608368,5.5073576,73.71505,115.563065,7.4254127,-47.836304,211.97797,0.036304757,22.07532,0.009,98,768.3743
9/6/2026 23:04,39341.63,41659.844,27.059319,25.418367,1.0181754,27.078897,5.440952,72.12167,113.063065,7.354022,-43.725967,212.23544,0.04315095,22.086584,0.018,98,768.3743
9/6/2026 23:34,36072.7,38264.074,24.621216,27.721796,1.0163541,24.871647,5.1330647,66.978905,105.01534,7.2264695,-36.36837,205.55972,0.045004003,22.00158,0.009,98,768.3743
9/7/2026 0:04,34144.004,36319.824,23.23737,29.28772,1.0153445,23.607885,4.9478498,63.883106,100.18371,7.1510444,-32.01008,191.17831,0.0675037,21.863497,0.009,98,768.3743
9/7/2026 0:34,33163.63,35423.96,22.600176,30.153515,1.014916,23.025576,4.821036,61.783333,96.92233,7.1113873,-29.706955,186.46716,0.39467242,21.659266,0.009,98,768.3743
9/7/2026 1:04,32406.941,34760.77,22.128849,30.857586,1.0146124,22.594501,4.6694155,59.451756,93.29475,7.0832906,-28.071404,183.67767,0.27027208,21.45471,0.009,98,768.3743
9/7/2026 1:34,31715.416,34159.39,21.70229,31.530407,1.014341,22.203604,4.5139523,57.11707,89.65907,7.058801,-26.64566,189.73828,0.096066356,21.254126,0.009,98,768.3743
9/7/2026 2:04,30907.258,33480.258,21.220783,32.35486,1.014047,21.762167,4.3587995,54.715664,85.926186,7.0369697,-25.367737,200.51003,0.14565131,20.97637,0.009,98,768.3743
9/7/2026 2:34,30103.58,32791.562,20.7343,33.21864,1.0137457,21.314516,4.2512555,52.94798,83.18398,7.0165896,-24.147034,198.19736,0.14257559,20.708284,0,98,768.3743
9/7/2026 3:04,29306.934,32090.607,20.24123,34.121616,1.0134339,20.858896,4.090315,50.55847,79.459595,6.989408,-22.60685,168.6716,0.06949814,20.45842,0,98,768.3743
9/7/2026 3:34,28289.715,31118.193,19.56275,35.348537,1.0129731,20.226826,3.999167,49.03345,77.087494,6.9668326,-21.328926,163.92708,0.0406154,20.241116,0,98,768.3743
9/7/2026 4:04,24831.898,27728.37,17.222336,40.270782,1.0113678,18.02344,3.9042435,46.57749,73.30115,6.936444,-19.583702,152.9789,0.12965508,19.530954,0,98,768.3743
9/7/2026 4:34,40868.4,44020.63,28.743732,24.468784,1.0196745,28.613409,5.676396,74.84318,117.485085,7.5259485,-53.477287,186.36227,0.037723362,21.250885,0,98,768.3743
9/7/2026 5:04,41835.004,44840.17,29.348734,23.903427,1.0200694,29.146112,6.0879407,80.90627,126.95504,7.628048,-59.390068,215.22998,0.041030858,21.491125,0.009,98,768.3743
9/7/2026 5:34,41902.44,44909.29,29.39927,23.864958,1.0201069,29.191038,6.108487,81.208496,127.428604,7.6417227,-60.17685,232.625,0.16748191,21.494562,0.009,98,768.3743
9/7/2026 6:04,41877.16,44932.75,29.414505,23.879366,1.020133,29.20629,6.0231304,80.00102,125.5447,7.6357784,-59.82399,239.45808,0.0400493,21.439598,0.009,98,768.3743
9/7/2026 6:34,41857.305,44920.81,29.405447,23.890692,1.020129,29.198526,6.1066947,81.091705,127.25832,7.6483426,-60.544014,246.72986,0.04094482,21.429428,0,98,768.3743
9/7/2026 7:04,41986.887,44962.082,29.439192,23.81696,1.0201261,29.225353,6.322381,84.134155,132.01088,7.673342,-62.003136,245.46146,0.0333978,21.535538,0.009,98,768.3743
9/7/2026 7:34,42070.973,44975.824,29.45204,23.769358,1.0201136,29.234287,6.427721,85.67085,134.40446,7.6852274,-62.704086,251.05476,0.030605182,21.618484,0.009,98,768.3743
9/7/2026 8:04,42205.887,45013.215,29.483225,23.693377,1.0201061,29.258589,6.574265,87.82408,137.75714,7.6981416,-63.471794,253.63922,0.031980515,21.734726,0.009,98,768.3743
9/7/2026 8:34,42165.27,44965.99,29.448885,23.7162,1.0200788,29.227892,6.5958347,88.10133,138.19107,7.697628,-63.443184,257.81155,0.5385576,21.738993,0.009,98,768.3743
9/7/2026 9:04,42161.336,44992.04,29.466806,23.718414,1.0201013,29.244825,6.643428,88.69346,139.12718,7.6887994,-62.9282,258.06903,0.03449938,21.705986,0.009,98,768.3743
9/7/2026 9:34,42081.176,44970.24,29.44856,23.763594,1.0201062,29.230656,6.495288,86.597694,135.85469,7.6681643,-61.72657,258.12625,0.027522815,21.636446,0.009,98,768.3743
9/7/2026 10:04,41931.9,44941.324,29.422626,23.848192,1.0201247,29.21186,6.0915017,80.99288,127.09036,7.5926185,-57.353973,257.91644,0.025343455,21.494062,0.009,98,768.3743
9/7/2026 10:34,41540.8,44528.258,29.121208,24.072718,1.019898,28.943369,5.849955,77.634964,121.82254,7.529432,-53.720474,260.5152,0.08512303,21.48737,0.009,98,768.3743
9/7/2026 11:04,40273.72,43162.207,28.128555,24.830088,1.019143,28.055435,5.6088305,74.01636,116.14271,7.446787,-48.971176,257.65417,0.026871977,21.496244,0.009,98,768.3743
9/7/2026 11:34,36843.184,39475.504,25.47342,27.142063,1.0171286,25.659077,5.2972856,68.844696,108.02545,7.3115497,-41.19873,255.45596,0.02407229,21.50878,0.009,98,768.3743
9/7/2026 12:04,33673.426,35935.855,22.962307,29.697008,1.0151782,23.358305,5.1778035,66.5502,104.39295,7.2037325,-35.02369,247.0684,0.0294428,21.703798,0.009,98,768.3743
9/7/2026 12:34,31397.396,33318.31,21.128942,31.849775,1.0137211,21.656902,5.0784373,64.90946,101.77399,7.1280484,-30.698776,244.59839,0.029505322,21.9815,0.009,98,768.3743
9/7/2026 13:04,30238.256,31850.139,20.112064,33.07069,1.0128577,20.70259,5.1284933,65.60482,102.80247,7.093555,-28.748512,240.57864,0.03321609,22.350348,0.009,98,768.3743
9/7/2026 13:34,28666.197,29875.576,18.752651,34.884293,1.011694,19.419125,5.2802873,67.66845,105.942276,7.062692,-27.017593,258.95596,0.033269983,22.880604,0.009,98,768.3743
9/7/2026 14:04,28159.66,29066.846,18.202023,35.51179,1.0111505,18.89345,5.4513264,70.25476,109.89979,7.0548377,-26.607513,257.54453,0.03595743,23.365953,0.027,98,768.3743
9/7/2026 14:34,26666.55,27225.115,16.94606,37.500164,1.0100558,17.696325,5.6203074,72.64192,113.52169,7.034802,-25.496483,258.24548,0.03345765,23.925838,0.036,98,768.3743
9/7/2026 15:04,26331.35,26709.953,16.597961,37.977543,1.0097041,17.36147,5.8556128,75.98419,118.6735,7.0182037,-24.561882,248.16037,0.032438286,24.257872,0.036,98,768.3743
9/7/2026 15:34,25226.6,25193.646,15.574749,39.640697,1.0087131,16.37587,6.257842,81.90735,127.73095,7.063522,-27.265549,244.83203,0.039055318,25.068481,0.036,98,768.3743
9/7/2026 16:04,22754.137,22603.117,13.833143,43.94805,1.0073302,14.692026,6.6420937,86.512665,134.83984,7.132513,-31.309128,250.206,0.065023005,25.349808,0.054,98,768.3743
9/7/2026 16:34,41214.215,41863.555,27.258625,24.263474,1.0177412,27.21131,9.893214,136.28516,212.87985,7.970485,-79.7987,241.21762,0.33921176,24.187912,0.045,98,768.3743
9/7/2026 17:04,43283.36,44913.57,29.45223,23.103567,1.0197064,29.19382,9.633972,131.85094,206.34985,7.970588,-79.512596,248.96622,0.56817055,23.099655,0.027,98,768.3743
9/7/2026 17:34,43237.73,44970.145,29.490322,23.127949,1.019768,29.230595,9.371574,128.02339,200.39957,7.9575944,-78.73058,255.02205,1.1122555,22.983055,0.027,98,768.3743
9/7/2026 18:04,43193.918,45014.605,29.519947,23.151407,1.0198185,29.259493,9.051218,123.447914,193.27046,7.9316387,-77.204704,256.2189,1.0164578,22.882378,0.018,98,768.3743
9/7/2026 18:34,43091.938,44971.203,29.486155,23.206198,1.0198126,29.231283,8.719343,118.750084,185.93765,7.9052,-75.65975,260.41507,1.1719159,22.81214,0.027,98,768.3743
9/7/2026 19:04,43078.21,44986.164,29.496143,23.213593,1.0198293,29.241007,8.680256,118.15587,185.01741,7.9079876,-75.81234,257.1249,0.74909854,22.779478,0.018,98,768.3743
9/7/2026 19:34,42969.31,44988.28,29.49387,23.272425,1.0198634,29.242382,7.907105,107.3836,168.18585,7.8369246,-71.67816,248.90424,1.2453864,22.650383,0.018,98,768.3743
9/7/2026 20:04,43010.383,45009.48,29.510094,23.2502,1.019869,29.256163,8.021646,108.99638,170.70486,7.844176,-72.10255,230.47447,0.6513025,22.674604,0.018,98,768.3743
9/7/2026 20:34,42988.05,44984.848,29.492125,23.262278,1.019855,29.240152,8.132879,110.499054,173.05789,7.8532577,-72.62707,208.54474,1.0435568,22.67601,0.018,98,768.3743
9/7/2026 21:04,42967.594,44984.582,29.491232,23.273354,1.0198609,29.239979,8.038959,109.17679,170.99374,7.8573236,-72.85595,244.82251,0.60692465,22.652498,0.018,98,768.3743
9/7/2026 21:34,42866.137,44978.297,29.483313,23.328438,1.0198855,29.235893,7.829896,106.12237,166.24068,7.834572,-71.51604,258.3313,1.035417,22.541382,0.018,98,768.3743
9/7/2026 22:04,42718.71,45034.406,29.517159,23.408947,1.0199757,29.272366,7.1775484,96.894775,151.84428,7.762592,-67.31033,257.77817,0.13429374,22.307823,0.018,98,768.3743
9/7/2026 22:34,42467.445,45022.33,29.499514,23.54745,1.0200386,29.264513,6.425668,86.303185,135.30765,7.6527443,-60.920715,252.74753,0.30886,22.028952,0.009,98,768.3743
9/7/2026 23:04,42233.74,44970.375,29.454569,23.677752,1.0200628,29.230743,6.0115056,80.40764,126.108086,7.553587,-55.17006,235.4145,0.038140085,21.813915,0.009,98,768.3743
9/7/2026 23:34,41537.016,44267.285,28.940445,24.074913,1.0196848,28.773735,5.9488497,79.26963,124.331825,7.508976,-52.59514,229.87366,0.2984448,21.770842,0.009,98,768.3743
9/8/2026 0:04,39222.152,41791.49,27.145592,25.495796,1.0183225,27.164469,5.7221127,75.46839,118.36777,7.4171257,-47.311783,235.40973,0.03634937,21.781157,0.009,98,768.3743
9/8/2026 0:34,35284.613,37594.29,24.13911,28.340965,1.0160471,24.436289,5.3859816,69.80401,109.48311,7.2774863,-39.277077,225.56781,0.10491648,21.783411,0.009,98,768.3743
9/8/2026 1:04,33593.367,35855.652,22.905512,29.76778,1.0151371,23.306175,5.107318,65.613884,102.9254,7.186837,-34.05094,211.93982,0.035183147,21.69664,0.009,98,768.3743
9/8/2026 1:34,32865.92,35179.508,22.425673,30.426653,1.0148104,22.86668,4.9247212,62.92931,98.73607,7.1474767,-31.77166,205.63126,0.045059457,21.556799,0.009,98,768.3743
9/8/2026 2:04,32403.371,34784.05,22.144346,30.860987,1.014634,22.609634,4.704281,59.85892,93.93928,7.1160445,-29.950142,204.94937,0.041068103,21.416664,0.009,98,768.3743
9/8/2026 2:34,32017.643,34454.71,21.910343,31.23278,1.0144875,22.395561,4.5528727,57.725273,90.607796,7.0973315,-28.862953,217.84782,0.037101876,21.29673,0.009,98,768.3743
9/8/2026 3:04,31549.373,34072.566,21.638466,31.69635,1.014326,22.14717,4.387465,55.36104,86.92017,7.069805,-27.265549,208.3826,0.037582085,21.122856,0,98,768.3743
9/8/2026 3:34,30762.568,33357.65,21.134026,32.50704,1.0139937,21.682472,4.231903,53.04687,83.311775,7.0554943,-26.426315,209.29337,0.038380716,20.926931,0.009,98,768.3743
9/8/2026 4:04,30295.873,33010.508,20.886524,33.007797,1.0138643,21.456831,4.113542,51.265408,80.54223,7.0220065,-24.485588,181.77032,0.066900544,20.694479,0,98,768.3743
9/8/2026 4:34,30015.275,32806.457,20.740925,33.31637,1.0137908,21.324196,3.8738885,48.102962,75.59062,7.007876,-23.646355,156.01636,0.033066507,20.545538,0,98,768.3743
9/8/2026 5:04,29203.404,32057.928,20.215797,34.242584,1.0134441,20.837654,3.6356575,44.830185,70.46933,6.9905977,-22.66407,158.2861,0.036416408,20.338081,0,98,768.3743
9/8/2026 5:34,36835.156,40136.82,25.92279,27.147978,1.01768,26.088932,5.2296886,67.13106,105.46871,7.341902,-42.824745,164.10352,0.10004347,20.69318,0,98,768.3743
9/8/2026 6:04,41186.85,44138.684,28.837915,24.279593,1.0196801,28.690144,6.359225,84.271065,132.23338,7.6652656,-61.531067,212.47388,0.074221246,21.498625,0.009,98,768.3743
9/8/2026 6:34,41782.62,44736.52,29.27489,23.933395,1.0199996,29.078737,6.523889,86.74396,136.1042,7.6918097,-63.066483,229.69724,1.7934467,21.542992,0,98,768.3743
9/8/2026 7:04,41985.836,44878.125,29.380978,23.817556,1.0200578,29.17078,6.668346,88.85281,139.39484,7.712893,-64.29672,238.13724,0.09312066,21.625776,0.009,98,768.3743
9/8/2026 7:34,42189.098,44862.81,29.378187,23.702806,1.0199871,29.160826,6.9431667,92.93799,145.74483,7.736203,-65.693855,249.34769,0.38284084,21.879711,0.009,98,768.3743
9/8/2026 8:04,42346.246,44892.11,29.404465,23.614843,1.019966,29.17987,7.206367,96.73845,151.66776,7.761783,-67.20066,255.4083,0.040421925,22.030853,0.018,98,768.3743
9/8/2026 8:34,42456.87,44880.266,29.400324,23.553314,1.019924,29.172173,7.3544655,98.976364,155.14058,7.776946,-68.10665,259.25635,0.118775144,22.172935,0.018,98,768.3743
9/8/2026 9:04,42526.5,44910.094,29.423618,23.51475,1.0199286,29.191563,7.5517716,101.733444,159.44957,7.789661,-68.85052,259.41373,0.19800179,22.221216,0.018,98,768.3743
9/8/2026 9:34,42517.81,44861.52,29.3895,23.519556,1.0198908,29.159988,7.778712,104.851654,164.32516,7.8088446,-69.96632,266.6521,0.03553869,22.264751,0.018,98,768.3743
9/8/2026 10:04,42656.836,44903.83,29.423971,23.442902,1.0198852,29.187489,7.85906,106.1747,166.36708,7.8080397,-69.94724,268.42117,0.3606383,22.3801,0.018,98,768.3743
9/8/2026 10:34,42838.875,44901.277,29.428623,23.343283,1.0198293,29.185831,7.783722,105.56423,165.35156,7.7926955,-69.11278,266.13235,0.5117198,22.595188,0.018,98,768.3743
9/8/2026 11:04,43013.336,44910.035,29.440748,23.248604,1.0197847,29.191523,7.316744,99.58054,155.92828,7.706847,-64.201355,258.73184,0.040245764,22.788834,0.018,98,768.3743
9/8/2026 11:34,42928.934,44744.824,29.32249,23.294313,1.0196712,29.084137,6.9383974,94.511375,147.96915,7.635354,-60.09102,263.2761,0.033228293,22.875221,0.018,98,768.3743
9/8/2026 12:04,42207.336,43968.918,28.75699,23.692564,1.019236,28.579796,6.575501,89.31878,139.83304,7.5592256,-55.69935,264.6208,0.027072363,22.902397,0.027,98,768.3743
9/8/2026 12:34,39470.387,41193.008,26.74171,25.33545,1.0177382,26.775454,6.0438647,81.01283,126.84939,7.428717,-48.146248,264.12488,0.026553633,22.810558,0.027,98,768.3743
9/8/2026 13:04,36347.004,37845.695,24.344398,27.512585,1.0158964,24.599703,5.678638,75.22569,117.764755,7.2867374,-39.963722,255.84221,0.032885473,22.926699,0.018,98,768.3743
9/8/2026 13:34,34229.652,35505.97,22.688316,29.214436,1.0145954,23.07888,5.4770713,72.112144,112.85365,7.204786,-35.25257,238.43289,0.029240528,23.117981,0.027,98,768.3743
9/8/2026 14:04,33066.08,34048.6,21.668207,30.242474,1.0137256,22.131592,5.4176006,71.38488,111.643616,7.1600256,-32.70626,259.68552,0.03740899,23.48919,0.027,98,768.3743
9/8/2026 14:34,32343.947,33026.758,20.95828,30.917686,1.0130737,21.467394,5.40523,71.47704,111.70292,7.122846,-30.59864,257.4396,0.032204885,23.91757,0.036,98,768.3743
9/8/2026 15:04,31693.47,32130.975,20.337397,31.55224,1.0125043,20.885134,5.401085,71.63813,111.87977,7.096389,-29.101372,252.73323,0.032480434,24.287107,0.036,98,768.3743
9/8/2026 15:34,31320.406,31516.889,19.914274,31.928066,1.0120785,20.485977,5.5785074,74.320175,115.98552,7.0849056,-28.471947,261.29245,0.036755532,24.673603,0.054,98,768.3743
9/8/2026 16:04,30935.93,30848.076,19.454567,32.324875,1.011599,20.051249,5.8024898,77.75108,121.23076,7.0948577,-29.096603,264.8592,0.051739674,25.149103,0.045,98,768.3743
9/8/2026 16:34,30365.826,30095.47,18.93583,32.931755,1.0111183,19.562056,6.1724463,82.93153,129.22797,7.1154356,-30.326843,274.3292,0.11593163,25.47033,0.045,98,768.3743
9/8/2026 17:04,29379.168,29186.736,18.306543,34.037724,1.0106825,18.971378,5.7243204,76.4684,119.18575,7.091336,-28.910637,241.92334,0.17605437,25.345192,0.036,98,768.3743
9/8/2026 17:34,33225.676,33511.555,21.307173,30.097206,1.0131586,21.78251,6.1116333,81.89841,127.8409,7.3205576,-42.147636,232.00035,0.2942347,24.553364,0.045,98,768.3743
9/8/2026 18:04,43223.355,44655.918,29.26991,23.135641,1.0195063,29.026346,9.439057,129.55151,202.67398,8.034196,-83.251,249.86267,1.6251789,23.32042,0.027,98,768.3743
9/8/2026 18:34,43459.06,44917.277,29.46051,23.010162,1.0196561,29.19623,10.120231,139.00398,217.4693,8.04394,-83.8089,256.42395,10.2498255,23.300283,0.027,98,768.3743
9/8/2026 19:04,43426.715,44924.285,29.46439,23.0273,1.0196718,29.200787,9.7167425,133.3579,208.65254,8.016704,-82.22103,254.31155,3.4469407,23.254692,0.027,98,768.3743
9/8/2026 19:34,43356.285,44899.14,29.444502,23.064707,1.019672,29.18444,9.427199,129.24638,202.23843,8.004674,-81.510544,265.46954,1.7060252,23.200909,0.027,98,768.3743
9/8/2026 20:04,43370.043,44942.01,29.474974,23.05739,1.0197042,29.212309,9.446978,129.46635,202.59387,8.007961,-81.69174,268.13507,2.2231588,23.168705,0.027,98,768.3743
9/8/2026 20:34,43347.273,44917.92,29.457365,23.069502,1.0196906,29.19665,9.374022,128.45486,201.01086,8.0068035,-81.624985,258.96548,2.1001215,23.169262,0.027,98,768.3743
9/8/2026 21:04,43192.18,44900.73,29.440254,23.15234,1.019723,29.185476,8.75736,119.650536,187.28537,7.9347863,-77.41928,221.92477,1.8134321,23.007763,0.027,98,768.3743
9/8/2026 21:34,43091.336,44851.703,29.402607,23.206522,1.0197122,29.153606,8.579227,117.0612,183.2519,7.9326763,-77.281,216.11691,1.5910351,22.945099,0.018,98,768.3743
9/8/2026 22:04,43100.098,44897.418,29.434864,23.201803,1.0197481,29.183321,8.36538,114.081726,178.60016,7.914039,-76.19381,256.33813,1.6488603,22.904102,0.018,98,768.3743
9/8/2026 22:34,43031.37,44876.83,29.418154,23.23886,1.0197514,29.169939,8.244033,112.30193,175.83084,7.9009995,-75.4261,261.4832,2.1879773,22.846977,0.018,98,768.3743
9/8/2026 23:04,42983.656,44940.21,29.460808,23.264656,1.0198189,29.211138,7.837777,106.5547,166.86795,7.8619895,-73.14205,255.30815,1.2050911,22.720583,0.027,98,768.3743
9/8/2026 23:34,42813.21,44942.816,29.456694,23.357277,1.0198717,29.212831,7.15983,96.987015,151.93579,7.7817616,-68.46428,261.36874,0.7426073,22.519121,0.018,98,768.3743
9/9/2026 0:04,42628.18,44926.95,29.439049,23.45866,1.0199128,29.202517,6.5431013,88.31086,138.38936,7.675273,-62.2797,253.45325,0.7039177,22.321108,0.009,98,768.3743
9/9/2026 0:34,41917.31,44261.21,28.95035,23.856493,1.0195684,28.769787,6.2855573,84.45243,132.36327,7.609007,-58.441162,247.44987,0.564547,22.227427,0.018,98,768.3743
9/9/2026 1:04,39638.387,41914.168,27.244993,25.22807,1.0182968,27.244211,5.833723,77.51044,121.496895,7.4838614,-51.21708,239.37701,0.37247047,22.157267,0.018,98,768.3743
9/9/2026 1:34,35650.4,37730.684,24.244102,28.050177,1.0160394,24.524944,5.3190713,69.39472,108.78337,7.3107443,-41.236877,231.9002,0.4527477,22.113348,0.009,98,768.3743
9/9/2026 2:04,33980.426,36044.684,23.045982,29.428707,1.0151635,23.429045,4.951584,64.02138,100.37826,7.2106533,-35.45761,215.38257,0.1598857,22.001598,0.018,98,768.3743
9/9/2026 2:34,33426.04,35545.08,22.690508,29.916796,1.0149273,23.104301,4.7549577,61.21453,95.99642,7.17214,-33.226013,209.23138,0.25027877,21.878769,0.009,98,768.3743
9/9/2026 3:04,32853.914,35041.4,22.332396,30.437773,1.0146949,22.776909,4.5311947,58.055454,91.06377,7.141513,-31.44741,205.13535,0.17837155,21.731638,0.009,98,768.3743
9/9/2026 3:34,32476.117,34733.31,22.112762,30.791859,1.0145636,22.57665,4.326536,55.226135,86.644226,7.1148953,-29.902458,218.27698,0.16822831,21.597572,0.009,98,768.3743
9/9/2026 4:04,31949.94,34285.203,21.794533,31.298964,1.014365,22.285381,4.125723,52.406654,82.24192,7.0866437,-28.262138,220.22723,0.10697284,21.433882,0.009,98,768.3743
9/9/2026 4:34,31400.088,33821.41,21.465536,31.847044,1.0141627,21.983917,3.9429648,49.82093,78.2063,7.0671067,-27.122498,216.83693,0.29076982,21.251759,0.009,98,768.3743
9/9/2026 5:04,30976.59,33543.613,21.265438,32.282444,1.0140766,21.803349,3.7800162,47.477703,74.55766,7.0482445,-26.016235,196.69055,0.0934721,20.993301,0.009,98,768.3743
9/9/2026 5:34,30609.94,33187.043,21.015114,32.66913,1.013902,21.571577,3.626821,45.43683,71.35915,7.016428,-24.15657,198.21643,0.10279116,20.934351,0,98,768.3743
9/9/2026 6:04,27838.148,30469.541,19.12004,35.92193,1.0125804,19.805202,3.3625386,41.305195,64.91486,7.001235,-23.269653,156.66008,0.09925112,20.47846,0,98,768.3743
9/9/2026 6:34,41002.25,43767.645,28.57437,24.388905,1.0194286,28.44897,6.263765,83.16921,130.46457,7.637789,-59.990883,186.93448,0.74806684,21.691961,0.009,98,768.3743
9/9/2026 7:04,42140.188,44780.566,29.319235,23.730316,1.0199335,29.107368,6.678102,89.41285,140.20923,7.7290335,-65.28854,214.61487,0.51019824,21.912954,0.018,98,768.3743
9/9/2026 7:34,42289.617,44846.703,29.3708,23.646465,1.0199449,29.150356,7.007941,94.02919,147.42397,7.7608533,-67.14344,228.33824,0.50593257,22.014746,0.009,98,768.3743
9/9/2026 8:04,42409.62,44877.56,29.3967,23.579556,1.0199356,29.170414,7.2853656,97.95267,153.54903,7.7870045,-68.67409,236.81165,0.61821425,22.120804,0.009,98,768.3743
9/9/2026 8:34,42472.477,44824.562,29.362133,23.544659,1.0198733,29.135965,7.756499,104.512955,163.79756,7.8103004,-70.04738,240.27824,0.5881128,22.252714,0.018,98,768.3743
9/9/2026 9:04,42546.223,44828.992,29.367882,23.503849,1.0198554,29.138845,8.060429,108.76983,170.44643,7.838089,-71.668625,235.41928,0.7624159,22.33394,0.018,98,768.3743
9/9/2026 9:34,42580.13,44768.434,29.326916,23.485134,1.019795,29.099482,8.248971,111.50033,174.69443,7.8593025,-72.91794,216.35532,0.7123953,22.44081,0.018,98,768.3743
9/9/2026 10:04,42670.465,44854.75,29.390259,23.435413,1.0198404,29.155588,8.17563,110.568825,173.23221,7.86538,-73.2708,212.23544,1.0234025,22.450424,0.018,98,768.3743
9/9/2026 10:34,42761.465,44839.773,29.383024,23.385542,1.0198009,29.145853,8.384727,113.64087,178.00897,7.8726206,-73.719025,229.31577,0.6576726,22.573318,0.018,98,768.3743
9/9/2026 11:04,42918.508,44840.31,29.388823,23.29997,1.0197544,29.1462,8.562228,116.42853,182.3198,7.885047,-74.481964,200.56725,0.7817365,22.756084,0.018,98,768.3743
9/9/2026 11:34,43308.32,44849.375,29.40811,23.090252,1.0196446,29.152094,8.556263,117.2815,183.51634,7.8718114,-73.8287,241.19855,0.3644898,23.201012,0.027,98,768.3743
9/9/2026 12:04,43888.504,44898.996,29.460943,22.78501,1.0195078,29.184347,8.282612,114.81099,179.45514,7.8177056,-70.848465,249.5575,0.06059784,23.821678,0.036,98,768.3743
9/9/2026 12:34,44004.473,44795.098,29.391258,22.724962,1.0193819,29.116814,7.7950387,108.48992,169.49759,7.7345953,-66.08963,253.56293,0.039651,24.075926,0.036,98,768.3743
9/9/2026 13:04,43472.066,44250.09,28.992693,23.003277,1.0190802,28.762558,7.296341,101.32345,158.30014,7.645611,-60.930252,250.28229,0.03777488,24.079454,0.036,98,768.3743
9/9/2026 13:34,41250.035,41982.133,27.342358,24.242403,1.0178334,27.288385,6.6907434,92.050545,143.8109,7.51246,-53.21026,257.29657,0.036745355,24.086996,0.036,98,768.3743
9/9/2026 14:04,37316.992,38114.74,24.5561,26.797443,1.0157855,24.77458,5.998956,80.963326,126.53096,7.3163843,-41.81385,243.37769,0.04004604,23.90418,0.036,98,768.3743
9/9/2026 14:34,35059.03,35724.17,22.858664,28.523321,1.0144736,23.220713,5.7133117,76.525024,119.56867,7.2206063,-36.27777,221.6816,0.033168096,24.025196,0.036,98,768.3743
9/9/2026 15:04,34400.98,34824.652,22.228441,29.06894,1.0139046,22.636024,5.588416,75.02966,117.16013,7.1762743,-33.745766,221.32397,0.03933598,24.363045,0.036,98,768.3743
9/9/2026 15:34,34030.184,34345.86,21.893263,29.385677,1.0136087,22.32481,5.463276,73.41063,114.599045,7.148218,-32.134056,232.01942,0.03782793,24.518793,0.036,98,768.3743
9/9/2026 16:04,33826.68,34048.02,21.685616,29.562464,1.0134128,22.131212,5.2627563,70.808105,110.507416,7.1228437,-30.674934,249.2857,0.052122865,24.659643,0.045,98,768.3743
9/9/2026 16:34,33425.992,33597.47,21.369925,29.916838,1.013155,21.838354,5.11116,68.73314,107.25442,7.1065507,-29.735565,257.98322,0.03926733,24.73278,0.045,98,768.3743
9/9/2026 17:04,33133.27,33322.914,21.176813,30.181145,1.0130186,21.659893,4.9414463,66.34186,103.528915,7.093885,-28.996468,261.1637,0.09396777,24.702036,0.045,98,768.3743
9/9/2026 17:34,32642.402,32886.605,20.869843,30.635,1.0128136,21.376293,4.565367,61.08767,95.345726,7.0560336,-26.788712,255.54181,0.11504591,24.611225,0.036,98,768.3743
9/9/2026 18:04,32060.014,32358.525,20.49928,31.191504,1.0125618,21.033043,4.42755,59.01994,92.134514,7.034339,-25.520325,246.64401,0.22525977,24.51701,0.045,98,768.3743
9/9/2026 18:34,42290.465,43231.266,28.244423,23.645992,1.0185784,28.100323,7.0578175,97.21809,151.94603,7.835978,-71.91658,217.57126,1.3390788,23.860628,0.036,98,768.3743
9/9/2026 19:04,43358.48,44416.23,29.10605,23.06354,1.0192596,28.87055,7.5858707,104.812805,163.84746,7.9213796,-76.83754,211.69662,2.1487005,23.753166,0.036,98,768.3743
9/9/2026 19:34,43430.406,44558.902,29.208315,23.025343,1.0193594,28.963287,7.6624794,105.78659,165.39294,7.9142404,-76.40362,217.2327,2.2031107,23.674034,0.027,98,768.3743
9/9/2026 20:04,43503.94,44717.92,29.322128,22.986423,1.0194725,29.06665,7.5343547,103.9118,162.4891,7.9246306,-76.98059,253.54385,2.5757313,23.578663,0.027,98,768.3743
9/9/2026 20:34,43379.83,44833.703,29.399427,23.052189,1.0196093,29.141907,7.511568,103.14037,161.36078,7.909712,-76.04599,266.31833,2.3149593,23.302193,0.027,98,768.3743
9/9/2026 21:04,43199.277,44861.965,29.413366,23.148535,1.0196882,29.160276,7.574152,103.56334,162.09021,7.8899136,-74.83959,266.27063,9.14916,23.059566,0.027,98,768.3743
9/9/2026 21:34,43276.625,44821.26,29.387398,23.107162,1.0196303,29.13382,7.6099505,104.28791,163.18607,7.901442,-75.54054,262.72296,8.299631,23.195698,0.027,97,768.3743
9/9/2026 22:04,43314.562,44823.695,29.390322,23.086924,1.0196209,29.135403,7.631368,104.66014,163.7568,7.910742,-76.088905,228.73878,4.607349,23.237267,0.027,97,768.3743
9/9/2026 22:34,43202.453,44792.707,29.365005,23.146833,1.0196288,29.11526,7.578351,103.74155,162.34639,7.913643,-76.23196,252.50435,11.0797415,23.141228,0.027,97,768.3743
9/9/2026 23:04,43179.926,44814.863,29.379774,23.158909,1.0196544,29.129662,7.321212,100.13919,156.72281,7.8854904,-74.59164,269.07443,24.866596,23.089947,0.027,97,768.3743
9/9/2026 23:34,43159.07,44788.71,29.360792,23.170101,1.0196387,29.112661,7.162846,97.97126,153.32857,7.8772182,-74.1148,274.0097,6.9569435,23.095022,0.027,97,768.3743
9/10/2026 0:04,43120.438,44864.168,29.412296,23.190859,1.019714,29.16171,6.538356,89.25067,139.71155,7.8012686,-69.69452,273.78558,2.9463685,22.965084,0.018,97,768.3743
9/10/2026 0:34,42971.105,44854.062,29.400217,23.271452,1.0197505,29.15514,5.82112,79.225174,124.05203,7.6885467,-63.147545,269.04584,2.6425238,22.802113,0.018,97,768.3743
9/10/2026 1:04,42807.22,44749.715,29.321777,23.360546,1.0197117,29.087317,5.151912,69.992325,109.6089,7.554096,-55.37033,245.69034,10.351731,22.72733,0.018,97,768.3743
9/10/2026 1:34,42172.953,44046.19,28.809687,23.71188,1.0193117,28.630024,4.8472223,65.711685,102.89739,7.4790373,-51.045418,241.69922,7.830147,22.773352,0.018,97,768.3743
9/10/2026 2:04,39985.992,41739.727,27.136244,25.008759,1.0180391,27.130821,4.484077,60.23144,94.31165,7.3623495,-44.312477,237.25034,1.6455204,22.80021,0.018,97,768.3743
9/10/2026 2:34,36953.492,38593.79,24.874798,27.061043,1.016338,25.085964,4.1782007,55.36796,86.70003,7.2377863,-37.117004,235.65292,1.5203091,22.774788,0.018,97,768.3743
9/10/2026 3:04,35742.523,37366.67,23.999065,27.977879,1.0156907,24.288338,4.011565,52.84303,82.7533,7.179577,-33.750534,223.54126,3.5843484,22.724335,0.018,97,768.3743
9/10/2026 3:34,35181.77,36812.023,23.60418,28.423813,1.0154042,23.927816,3.8438506,50.47911,79.05705,7.1402535,-31.47602,228.29532,6.2462206,22.681368,0.018,97,768.3743
9/10/2026 4:04,34846.863,36496.816,23.379658,28.696987,1.0152478,23.72293,3.5940409,47.096035,73.76466,7.111174,-29.792786,215.2109,1.3955889,22.633085,0.018,97,768.3743
9/10/2026 4:34,34423.875,36090.242,23.090738,29.049606,1.0150433,23.458658,3.395332,44.377342,69.51234,7.080932,-28.042793,224.8335,1.6418463,22.582605,0.018,97,768.3743
9/10/2026 5:04,34019.402,35706.46,22.818281,29.39499,1.0148528,23.2092,3.174764,41.3868,64.83406,7.059285,-26.788712,225.26741,3.6917274,22.526285,0.018,97,768.3743
9/10/2026 5:34,33449.652,35161.457,22.432219,29.895678,1.0145814,22.854946,3.0056942,39.041885,61.168293,7.032036,-25.21038,217.95749,5.2971487,22.451094,0.036,97,768.3743
9/10/2026 6:04,33386.105,35147.594,22.420916,29.95258,1.0145928,22.845936,3.3297915,43.18995,67.67559,7.0461235,-26.016235,185.54211,1.5921762,22.37608,0.018,97,768.3743
9/10/2026 6:34,32909.246,34701.32,22.105112,30.386597,1.0143756,22.555859,3.2731676,42.316246,66.315254,7.065355,-27.11773,203.0468,1.2912658,22.296186,0.018,97,768.3743
9/10/2026 7:04,32533.836,34378.906,21.876358,30.73723,1.0142308,22.34629,2.9849482,38.46443,60.289417,7.041111,-25.71106,167.09805,19.722149,22.190123,0.018,97,768.3743
9/10/2026 7:34,42297.758,44374.38,29.042538,23.641914,1.0195496,28.843348,7.0127897,94.819305,148.53235,7.78263,-68.5215,216.2838,6.410024,22.549854,0.018,97,768.3743
9/10/2026 8:04,42569.523,44620.523,29.223465,23.490984,1.0196745,29.003342,7.1682415,97.09832,152.09132,7.8184037,-70.59574,249.42398,12.954969,22.593437,0.018,97,768.3743
9/10/2026 8:34,42642.285,44639.133,29.238964,23.450901,1.0196683,29.015436,7.179988,97.37801,152.51303,7.8278866,-71.15841,261.75977,6.8274393,22.657951,0.018,97,768.3743
9/10/2026 9:04,42811.773,44712.434,29.295902,23.35806,1.0196792,29.063082,7.2317805,98.31635,153.9525,7.834256,-71.554184,265.57922,12.022438,22.774422,0.018,97,768.3743
9/10/2026 9:34,42839.027,44664.62,29.26345,23.3432,1.0196308,29.032003,7.271414,98.987114,154.98044,7.8400908,-71.91181,274.10983,16.399673,22.860031,0.018,97,768.3743
9/10/2026 10:04,42929.223,44707.67,29.296537,23.294155,1.0196398,29.059988,7.3376594,100.00958,156.56607,7.8467836,-72.312355,236.2442,6.708863,22.917303,0.027,97,768.3743
9/10/2026 10:34,43024.84,44701.305,29.295261,23.242388,1.0196054,29.05585,7.459094,101.87894,159.46019,7.846775,-72.340965,224.25174,12.143574,23.036453,0.027,97,768.3743
9/10/2026 11:04,43123.805,44729.836,29.318449,23.189049,1.0195994,29.074394,7.5526166,103.32296,161.69719,7.8495564,-72.52216,229.21562,3.8814404,23.120152,0.027,97,768.3743
9/10/2026 11:34,43192.1,44697.562,29.29807,23.152382,1.0195513,29.053415,7.3939757,101.34915,158.57643,7.8426313,-72.15023,204.27704,2.2925384,23.236595,0.027,97,768.3743
9/10/2026 12:04,43632.582,44762.133,29.357086,22.918653,1.0194703,29.095387,7.6023164,105.05479,164.24739,7.8534527,-72.88456,238.72852,1.6840146,23.678822,0.027,97,768.3743
9/10/2026 12:34,44217.64,44752.82,29.367496,22.615408,1.0192776,29.089333,7.483485,104.68109,163.4581,7.8133,-70.72449,254.26389,3.9830177,24.373896,0.036,97,768.3743
9/10/2026 13:04,44743.867,44757.074,29.384464,22.349432,1.0191109,29.092098,7.1748857,101.43958,158.21591,7.7461233,-66.96224,254.62628,19.936686,24.984552,0.045,97,768.3743
9/10/2026 13:34,44743.99,44478.145,29.187037,22.349371,1.0188644,28.910795,6.898033,97.9672,152.7039,7.6803293,-63.204765,256.2189,1.7701273,25.312925,0.045,97,768.3743
9/10/2026 14:04,43478.223,43150.96,28.218878,23.000021,1.0181105,28.048124,6.554012,92.704056,144.47656,7.583586,-57.587624,256.45258,0.97840947,25.39707,0.063,97,768.3743
9/10/2026 14:34,39715.535,39476.277,25.556824,25.179064,1.016132,25.659582,6.00816,83.59269,130.2969,7.4136076,-47.67418,260.38647,0.98685807,25.317324,0.054,97,768.3743
9/10/2026 15:04,37052.11,36840.637,23.670948,26.989017,1.01472,23.946413,5.535317,76.17092,118.73235,7.2783685,-39.79683,231.65703,11.200089,25.300535,0.054,97,768.3743
9/10/2026 15:34,36226.332,35883.945,22.993952,27.60423,1.0141536,23.324566,5.466753,75.198265,117.17091,7.2254558,-36.740303,206.08902,1.456918,25.499554,0.054,97,768.3743
9/10/2026 16:04,35912.645,35393.1,22.649574,27.845346,1.0138164,23.005516,5.2388525,72.25892,112.53139,7.1835976,-34.332275,216.5842,1.1319628,25.768543,0.063,97,768.3743
9/10/2026 16:34,35862.887,35219.117,22.528696,27.88398,1.0136701,22.892427,5.0777235,70.216965,109.31035,7.155608,-32.720566,252.33746,0.90758216,25.957016,0.063,97,768.3743
9/10/2026 17:04,35573.773,34866.062,22.280241,28.110598,1.0134526,22.662941,4.6614485,64.48759,100.36984,7.128945,-31.175613,232.00513,6.377242,26.062723,0.072,97,768.3743
9/10/2026 17:34,35474.594,34720.656,22.17834,28.189188,1.0133544,22.568426,4.687183,64.88913,100.97973,7.1141133,-30.317307,244.81773,2.250709,26.136873,0.072,97,768.3743
9/10/2026 18:04,35433.098,34687.72,22.154938,28.2222,1.0133401,22.547016,4.567128,63.205887,98.362625,7.104579,-29.759407,223.65094,1.0018877,26.12504,0.072,97,768.3743
9/10/2026 18:34,34820.152,34128.094,21.759418,28.719002,1.0130626,22.18326,4.442436,61.27608,95.3716,7.104115,-29.726028,245.0943,1.1122496,26.061684,0.063,97,768.3743
9/10/2026 19:04,34468.242,33841.043,21.556255,29.012213,1.0129371,21.99668,4.086282,56.20998,87.50264,7.0717506,-27.828217,195.12177,1.8238856,25.970348,0.063,97,768.3743
9/10/2026 19:34,37951.67,38219.113,24.643877,26.3493,1.0156442,24.842422,4.8441973,66.25601,103.40818,7.331114,-42.772293,187.15858,2.9968781,24.633635,0.054,97,768.3743
9/10/2026 20:04,43439.434,44379.72,29.08281,23.020557,1.0192025,28.846817,7.454024,103.22576,161.32695,7.850827,-72.784424,230.32188,17.616888,23.890718,0.036,97,768.3743
9/10/2026 20:34,43573.29,44618.227,29.254251,22.94984,1.0193654,29.001846,7.4495697,103.05457,161.09302,7.850745,-72.751045,224.01334,20.267008,23.773846,0.036,97,768.3743
9/10/2026 21:04,43527.527,44663.324,29.284536,22.973967,1.0194184,29.031162,7.365219,101.717514,159.03265,7.8492966,-72.64137,237.05482,4.2885494,23.668575,0.027,97,768.3743
9/10/2026 21:34,42751.47,44030.14,28.817102,23.391008,1.0191191,28.61959,7.393421,101.49468,158.73706,7.8421865,-72.18361,261.15894,3.91024,23.479538,0.018,97,768.3743
9/10/2026 22:04,43328.215,44700.867,29.304708,23.079649,1.0195123,29.055563,7.32032,100.61914,157.39172,7.825328,-71.18702,260.60104,5.131891,23.392279,0.027,97,768.3743
9/10/2026 22:34,43213.5,44642.793,29.260405,23.140917,1.0194981,29.017817,7.3008027,100.20432,156.7615,7.828498,-71.35391,247.36404,6.3772535,23.323757,0.027,97,768.3743
9/10/2026 23:04,43204.21,44656.207,29.269505,23.145891,1.0195123,29.026535,7.24177,99.35343,155.43738,7.829678,-71.4159,237.30278,3.5546577,23.297646,0.018,97,768.3743
9/10/2026 23:34,43161.95,44651.773,29.265057,23.168554,1.0195217,29.023653,7.1746774,98.35325,153.88448,7.821618,-70.939064,264.01996,5.750067,23.253119,0.027,97,768.3743
9/11/2026 0:04,43160.88,44691.824,29.293055,23.16913,1.019556,29.049686,6.852643,93.8764,146.89178,7.7950077,-69.38934,273.90958,2.3392258,23.206514,0.027,97,768.3743
9/11/2026 0:34,43048.1,44658.977,29.266417,23.229828,1.0195626,29.028336,6.7046757,91.68116,143.48027,7.777986,-68.38322,271.25836,3.1504476,23.111488,0.027,97,768.3743
9/11/2026 1:04,42887.383,44692.87,29.284794,23.316881,1.01964,29.050367,5.9215145,80.65624,126.275154,7.6595926,-61.49292,249.39537,16.159676,22.884941,0.027,97,768.3743
9/11/2026 1:34,42700.656,44671.734,29.263706,23.418844,1.0196782,29.036629,5.3043065,71.9904,112.745,7.538604,-54.46911,227.16046,16.052605,22.689865,0.018,97,768.3743
9/11/2026 2:04,42354.883,44349.867,29.027443,23.61003,1.0195119,28.827414,5.057586,68.49309,107.275894,7.486362,-51.44596,216.34102,1.0365463,22.644875,0.018,97,768.3743
9/11/2026 2:34,40709.754,42598.906,27.754984,24.564138,1.0185405,27.68929,4.6621165,62.710804,98.21405,7.3815026,-45.399666,214.54811,2.063305,22.678146,0.018,97,768.3743
9/11/2026 3:04,37115.707,38807.758,25.02641,26.942772,1.0164682,25.225042,4.1485577,54.966583,86.079865,7.227255,-36.501884,195.54138,23.125135,22.717234,0.018,97,768.3743
9/11/2026 3:34,34778.945,36412.5,23.320303,28.753029,1.0151982,23.668127,3.7914617,49.68226,77.813,7.1325426,-31.027794,187.56866,1.0476916,22.651178,0.018,97,768.3743
9/11/2026 4:04,34234.793,35922.246,22.97106,29.210049,1.0149642,23.34946,3.5908816,46.86502,73.41417,7.1030703,-29.315948,190.91606,0.9600608,22.540567,0.018,97,768.3743
9/11/2026 4:34,33562.62,35312.668,22.53788,29.795052,1.0146734,22.953234,3.4009833,44.166756,69.202835,7.0733676,-27.589798,198.63605,0.83423114,22.405306,0.018,97,768.3743
9/11/2026 5:04,33057.684,34882.07,22.231586,30.250153,1.0144801,22.673347,3.2254283,41.703465,65.35864,7.0515933,-26.321411,188.18378,0.40191218,22.261698,0.018,97,768.3743
9/11/2026 5:34,32658.672,34546.06,21.992764,30.61974,1.014332,22.454939,3.0008006,38.659153,60.599617,7.0353937,-25.377274,203.0468,0.11552943,22.139582,0.018,97,768.3743
9/11/2026 6:04,32287.922,34243.934,21.777905,30.971334,1.0142038,22.258558,2.8873854,37.06335,58.110397,7.021014,-24.53804,196.70486,0.58147335,22.009428,0.009,97,768.3743
9/11/2026 6:34,31992.254,34040.89,21.632162,31.257566,1.0141355,22.12658,2.7755792,35.493526,55.66348,7.0112705,-23.941994,189.59045,0.25604925,21.849129,0.009,97,768.3743
9/11/2026 7:04,31537.207,33625.14,21.338871,31.708578,1.0139397,21.85634,2.7583642,35.14849,55.131184,6.9938374,-22.95494,200.87242,0.90811986,21.748985,0.009,97,768.3743
9/11/2026 7:34,31034.377,33167.48,21.016506,32.222332,1.013726,21.558863,2.2130024,28.086102,44.061802,6.946766,-20.303726,199.70894,0.41639763,21.632826,0.009,97,768.3743
9/11/2026 8:04,40736.387,43055.914,28.072393,24.548079,1.0189168,27.986345,6.0295386,80.53056,126.22637,7.592041,-57.45411,183.86841,0.2898341,22.179451,0.009,97,768.3743
9/11/2026 8:34,42217.492,44474.6,29.109465,23.686865,1.0196574,28.908491,6.790957,91.51647,143.40765,7.7580695,-67.05761,235.4002,5.2104464,22.342905,0.018,97,768.3743
9/11/2026 9:04,42608.855,44808.28,29.355698,23.4693,1.0198197,29.125381,7.0309377,95.03415,148.89848,7.7851787,-68.64071,244.79866,0.6992379,22.430092,0.018,97,768.3743
9/11/2026 9:34,42596.086,44766.844,29.326376,23.476336,1.0197889,29.098448,7.1638494,96.86806,151.76402,7.7991085,-69.45133,261.50226,1.0354519,22.46124,0.018,97,768.3743
9/11/2026 10:04,42751.027,44840.85,29.38341,23.39125,1.0198048,29.146555,7.44738,100.91269,158.07486,7.823088,-70.858,270.1855,0.4575708,22.55993,0.018,97,768.3743
9/11/2026 10:34,42714.06,44815.4,29.364368,23.411495,1.0197945,29.130009,7.4233046,100.5489,157.5089,7.817364,-70.524216,273.8762,0.18647116,22.545092,0.018,97,768.3743
9/11/2026 11:04,42777.258,44813.65,29.365345,23.376907,1.0197743,29.128872,7.462244,101.21341,158.5298,7.82267,-70.848465,221.9534,0.047577582,22.620874,0.018,97,768.3743
9/11/2026 11:34,42833.34,44767.7,29.335213,23.3463,1.0197191,29.099005,7.715982,104.85461,164.2008,7.8428354,-72.04056,243.62564,0.509498,22.737757,0.018,97,768.3743
9/11/2026 12:04,43065.117,44986.582,29.495985,23.22065,1.0198336,29.24128,7.5743117,103.07295,161.4037,7.835127,-71.60187,261.24,0.03920152,22.763775,0.018,97,768.3743
9/11/2026 12:34,43208.95,44927.242,29.459349,23.143354,1.0197405,29.20271,7.6742024,104.84407,164.11209,7.8289485,-71.30146,272.58395,0.03866578,22.997585,0.018,97,768.3743
9/11/2026 13:04,43615.152,44856.92,29.423086,22.927813,1.0195569,29.157,7.939845,109.5139,171.2577,7.8413935,-72.155,265.15485,0.28384277,23.550632,0.027,97,768.3743
9/11/2026 13:34,44277.16,44869.188,29.451183,22.585007,1.0193596,29.164972,7.813934,109.23302,170.58614,7.8038697,-70.16182,265.71274,1.5617658,24.309189,0.036,97,768.3743
9/11/2026 14:04,44880.344,44899.426,29.488676,22.28147,1.0191914,29.184626,7.506865,106.183876,165.61777,7.7406573,-66.64276,263.29517,0.034388356,24.97775,0.045,97,768.3743
9/11/2026 14:34,44581.816,44501.836,29.199821,22.43067,1.0189394,28.926193,7.216002,102.10588,159.22192,7.6734223,-62.75654,261.2114,0.037993018,25.094093,0.054,97,768.3743
9/11/2026 15:04,42895.26,42858.184,27.998718,23.312597,1.018049,27.85782,6.798887,95.46775,148.88443,7.5683603,-56.63395,256.40964,0.03644404,25.045296,0.054,97,768.3743
9/11/2026 15:34,39095.812,39308.098,25.425697,25.578186,1.0162083,25.550262,6.1467586,84.57102,131.97244,7.38859,-46.12446,266.5758,0.037955787,24.717249,0.054,97,768.3743
9/11/2026 16:04,37063.66,37282.184,23.97607,26.980606,1.0151248,24.23342,5.8178368,79.35274,123.834946,7.2873116,-40.23552,269.24133,0.04488388,24.693123,0.045,97,768.3743
9/11/2026 16:34,36397.195,36573.535,23.472668,27.474644,1.0147308,23.772799,5.6048265,76.30081,119.06007,7.2368107,-37.30774,268.57376,0.037910298,24.747564,0.045,97,768.3743
9/11/2026 17:04,35974.14,36117,23.149214,27.797745,1.0144746,23.47605,5.410531,73.57839,114.80224,7.2093143,-35.715103,271.0867,0.0896884,24.792906,0.045,97,768.3743
9/11/2026 17:34,35774.617,35920.71,23.009928,27.95278,1.0143716,23.348461,5.2578373,71.43798,111.46382,7.1894746,-34.561157,277.35233,0.03968686,24.787066,0.045,97,768.3743
9/11/2026 18:04,35437.797,35644.906,22.813168,28.218458,1.0142498,23.16919,4.9893236,67.605354,105.50188,7.1629057,-33.006668,280.79987,0.22783755,24.695793,0.045,97,768.3743
9/11/2026 18:34,34966.715,35282.098,22.554037,28.598625,1.0141017,22.933365,4.793687,64.67197,100.95494,7.1363707,-31.44741,277.18066,0.07784153,24.531994,0.045,97,768.3743
9/11/2026 19:04,34737.062,35169.293,22.471643,28.787697,1.0140893,22.86004,4.478594,60.205944,94.01377,7.129954,-31.056404,260.52475,0.19824359,24.356546,0.036,97,768.3743
9/11/2026 19:34,33965.367,34513.176,22.005905,29.441755,1.0137918,22.433563,4.3090205,57.580944,89.94555,7.0775166,-27.99511,280.0226,0.12189798,24.168983,0.036,97,768.3743
9/11/2026 20:04,32016.508,32831.074,20.818127,31.233887,1.0130278,21.340199,3.4608154,45.551388,71.21431,7.020233,-24.633408,239.34842,0.24716757,23.701002,0.036,97,768.3743
9/11/2026 20:34,42364.08,44349.38,29.027414,23.604904,1.0195088,28.827097,7.0967946,96.12904,150.55728,7.777989,-68.27831,241.58954,0.60579383,22.656279,0.018,97,768.3743
9/11/2026 21:04,43004.363,44986.73,29.494005,23.253454,1.0198517,29.241375,7.35526,99.964806,156.55525,7.8233624,-70.905685,251.18828,0.5507795,22.6929,0.018,97,768.3743
9/11/2026 21:34,43064.13,45038.676,29.53234,23.221182,1.0198774,29.27514,7.291608,99.14244,155.26428,7.8296747,-71.27285,266.79517,0.36474672,22.704653,0.009,97,768.3743
9/11/2026 22:04,43080.21,45101.06,29.576466,23.212515,1.0199249,29.31569,7.2955794,99.13258,155.26201,7.8310423,-71.33961,274.92047,0.14848658,22.654076,0.018,97,768.3743
9/11/2026 22:34,43023.934,45068.113,29.55151,23.242878,1.019914,29.294275,7.2687483,98.70304,154.5967,7.830915,-71.3253,278.9402,0.07907996,22.62526,0.018,97,768.3743
9/11/2026 23:04,43028.28,45081.39,29.560926,23.240528,1.0199238,29.302904,7.2495384,98.4308,154.17278,7.825171,-70.991516,274.75833,0.24759124,22.61559,0.018,97,768.3743
9/11/2026 23:34,42938.4,45042.633,29.530731,23.289179,1.019918,29.277712,7.2320523,98.06868,153.62134,7.8278236,-71.1298,232.44858,0.47116205,22.55411,0.018,97,768.3743
9/12/2026 0:04,42925.04,45065.242,29.546034,23.296427,1.0199406,29.292408,7.1826572,97.33707,152.48558,7.805343,-69.823265,197.63947,0.37526265,22.513548,0.018,97,768.3743
9/12/2026 0:34,42842.082,45044.316,29.5285,23.341536,1.0199476,29.278807,7.049342,95.39587,149.46272,7.805726,-69.82803,253.28159,0.22259419,22.440292,0.018,97,768.3743
9/12/2026 1:04,42761.15,45070.664,29.54396,23.385714,1.0199933,29.29593,6.865176,92.707726,145.28052,7.7911754,-68.96019,255.9185,0.5422392,22.317165,0.018,97,768.3743
9/12/2026 1:34,42501.973,45091.223,29.548714,23.52832,1.0200855,29.309294,6.431065,86.345505,135.38171,7.737419,-65.78922,263.50977,0.048570782,21.993587,0.009,97,768.3743
9/12/2026 2:04,42167.625,45140.06,29.569702,23.714876,1.0202206,29.341038,5.819413,77.523735,121.63557,7.6335554,-59.719086,249.27615,0.038547125,21.5524,0.009,97,768.3743
9/12/2026 2:34,41694.11,45013.938,29.46319,23.984203,1.0202501,29.25906,5.4342556,71.80637,112.737625,7.5410867,-54.326057,220.96634,0.03700391,21.138685,0.009,97,768.3743
9/12/2026 3:04,41032.04,44442.1,29.040976,24.371199,1.0199708,28.887367,5.218998,68.59601,107.72302,7.483755,-51.00727,208.47797,0.03720756,20.982697,0.009,97,768.3743
9/12/2026 3:34,38586.586,41919.42,27.208504,25.915741,1.0186181,27.247623,4.824835,62.569977,98.28146,7.355751,-43.640137,206.82335,0.0335949,20.83739,0,97,768.3743
9/12/2026 4:04,35259.21,38424.914,24.70034,28.361383,1.016755,24.976194,4.357862,55.53255,87.247314,7.202679,-34.84249,166.13483,0.03984016,20.68656,0,97,768.3743
9/12/2026 4:34,33821.4,36988.305,23.675938,29.56708,1.0160211,24.042398,4.1173697,51.989006,81.70071,7.1372814,-31.075478,157.51839,0.039437458,20.517326,0,97,768.3743
9/12/2026 5:04,33384.094,36630.883,23.418756,29.954386,1.0158657,23.810074,3.999106,50.270897,79.019196,7.120003,-30.069351,165.14778,0.03861955,20.359406,0,97,768.3743
9/12/2026 5:34,32787.01,36112.88,23.048075,30.499882,1.0156294,23.473372,3.883596,48.54719,76.330055,7.099914,-28.9011,169.47746,0.037059925,20.178198,0,97,768.3743
9/12/2026 6:04,32406.008,35835.156,22.847088,30.858475,1.0155232,23.292852,3.7280557,46.383137,72.947495,7.0820622,-27.861595,171.39435,0.79148173,19.989933,0,97,768.3743
9/12/2026 6:34,31809.764,35324.652,22.482445,31.43689,1.0152951,22.961025,3.5695972,44.149487,69.4545,7.0660415,-26.926994,181.70834,0.073111355,19.790451,0,97,768.3743
9/12/2026 7:04,31582.367,35215.016,22.399956,31.663239,1.0152787,22.889761,3.422755,42.1597,66.34227,7.0448933,-25.701523,164.0892,0.040682238,19.59915,0,97,768.3743
9/12/2026 7:34,31239.02,34963.902,22.218672,32.01125,1.0151833,22.726536,3.283233,40.262127,63.37203,7.0350575,-25.12455,167.80853,0.036228944,19.422245,0,97,768.3743
9/12/2026 8:04,30849.611,34582.484,21.949404,32.415318,1.0149964,22.478615,3.338504,40.817295,64.25247,6.9954796,-22.859573,164.73294,0.039745096,19.348629,0,97,768.3743
9/12/2026 8:34,39485.61,42701.883,27.780848,25.325682,1.0189953,27.756224,6.708363,87.640594,137.61504,7.6050673,-57.9834,161.74792,0.031177985,21.056585,0,97,768.3743
9/12/2026 9:04,42069.688,44832.81,29.352806,23.770084,1.0199968,29.141325,7.467413,99.74884,156.45224,7.7819457,-68.302155,180.50194,0.034701727,21.77321,0.009,97,768.3743
9/12/2026 9:34,42193.473,44795.67,29.331732,23.700348,1.0199306,29.117188,7.547614,101.14497,158.59486,7.8078675,-69.83757,191.83159,0.033352174,21.958618,0.009,97,768.3743
9/12/2026 10:04,42846.297,45113.25,29.576704,23.33924,1.0200038,29.323612,7.5934415,102.65705,160.85815,7.8238816,-70.858,222.22995,0.037147615,22.369093,0.018,97,768.3743
9/12/2026 10:34,42130.105,44240.637,28.943605,23.735996,1.019488,28.756414,7.7648325,104.8384,164.24,7.822914,-70.83416,239.96353,0.039975666,22.502317,0.018,97,768.3743
9/12/2026 11:04,42965.13,45076.953,29.555618,23.274689,1.0199387,29.300018,7.92646,107.48706,168.37686,7.840664,-71.8689,193.84384,0.034713812,22.547155,0.018,97,768.3743
9/12/2026 11:34,43044.848,45006.35,29.509098,23.231585,1.0198561,29.254128,7.924166,107.754715,168.74788,7.845396,-72.18361,183.08163,0.03633688,22.718178,0.018,97,768.3743
9/12/2026 12:04,43129.805,45039.03,29.534845,23.185823,1.0198582,29.27537,8.061491,109.76021,171.87053,7.858677,-72.96562,191.08295,0.03731562,22.780603,0.018,97,768.3743
9/12/2026 12:34,43139.473,45068.67,29.555887,23.180626,1.0198803,29.294636,8.343986,113.576454,177.85278,7.874132,-73.85254,206.65169,0.03414094,22.758858,0.018,97,768.3743
9/12/2026 13:04,43296.32,45126.19,29.60143,23.096651,1.0198817,29.332026,8.389467,114.46534,179.20898,7.8926115,-74.949265,247.4928,0.23680447,22.87696,0.009,97,768.3743
9/12/2026 13:34,43682.33,45102.754,29.597673,22.892553,1.0197453,29.31679,8.433497,116.03191,181.51384,7.8856726,-74.66793,257.40146,0.041019376,23.351145,0.018,97,768.3743
9/12/2026 14:04,44256.863,45168.434,29.66144,22.595366,1.0196242,29.359482,8.234419,114.51781,178.95792,7.853566,-72.956085,257.01523,0.036319397,23.943375,0.036,97,768.3743
9/12/2026 14:34,44816.32,45206.684,29.704285,22.3133,1.0194807,29.384346,7.986785,112.27518,175.25986,7.8103714,-70.59574,257.58743,0.02829974,24.547905,0.045,97,768.3743
9/12/2026 15:04,45176.83,45177.348,29.69305,22.13524,1.019339,29.365276,7.621105,107.965416,168.38956,7.7426233,-66.76197,248.98529,0.03555924,24.999397,0.054,97,768.3743
9/12/2026 15:34,44595.918,44599.41,29.269186,22.423576,1.0190207,28.989616,7.2709894,102.75073,160.25748,7.6710725,-62.599182,247.60246,0.035237506,24.9959,0.054,97,768.3743
9/12/2026 16:04,42252.742,42528.086,27.75082,23.667103,1.0179752,27.643255,6.822392,95.02821,148.30637,7.5513973,-55.57537,248.10791,0.03779197,24.661026,0.036,97,768.3743
9/12/2026 16:34,39247.09,39807.7,25.77623,25.479597,1.0166028,25.875006,6.345356,86.78568,135.5423,7.404184,-46.958923,254.13513,0.07865768,24.262672,0.045,97,768.3743
9/12/2026 17:04,37762.832,38464.984,24.809084,26.481064,1.0159365,25.00224,6.0710063,82.25807,128.522,7.3258305,-42.381287,247.4451,0.04030407,24.04428,0.027,97,768.3743
9/12/2026 17:34,37081.258,37875.61,24.385347,26.967802,1.0156574,24.619146,5.811918,78.35909,122.46149,7.278213,-39.601326,254.71687,0.056181006,23.901958,0.036,97,768.3743
9/12/2026 18:04,36870.434,37748.805,24.29263,27.122004,1.0156212,24.536724,5.66645,76.19483,119.10469,7.2417793,-37.474632,260.31018,0.26576826,23.781736,0.036,97,768.3743
9/12/2026 18:34,36520.945,37523.996,24.128942,27.381548,1.0155485,24.390596,5.2702084,70.572624,110.351715,7.2015705,-35.123825,267.93958,0.18321635,23.600473,0.027,97,768.3743
9/12/2026 19:04,36157.965,37273.5,23.947361,27.656424,1.015458,24.227774,5.0254707,67.02504,104.835266,7.173318,-33.4692,264.0915,0.4818332,23.433073,0.027,97,768.3743
9/12/2026 19:34,35797.254,37048.49,23.783398,27.935104,1.0153898,24.081516,4.6905203,62.27444,97.43882,7.136932,-31.342506,273.15616,0.23461801,23.231785,0.018,97,768.3743
9/12/2026 20:04,35455.055,36851.133,23.638893,28.204723,1.0153397,23.953238,4.5939417,60.706818,95.02113,7.1246176,-30.608177,273.7093,0.3082026,23.016533,0.027,97,768.3743
9/12/2026 20:34,35064.562,36582.273,23.444288,28.518822,1.0152441,23.778479,4.2911563,56.45009,88.386604,7.100265,-29.182434,262.20798,0.24557249,22.827875,0.018,97,768.3743
9/12/2026 21:04,38394.152,40547.168,26.261307,26.045633,1.0175357,26.35566,5.074148,67.10958,105.18291,7.360216,-44.10267,188.43651,0.5920804,22.219946,0.018,97,768.3743
9/12/2026 21:34,42699.316,44797.36,29.351274,23.419579,1.019784,29.118284,7.5917892,102.82851,161.07912,7.8947163,-74.98741,242.17606,1.146637,22.547955,0.018,97,768.3743
9/12/2026 22:04,42990.26,45061.367,29.545626,23.261082,1.0199183,29.289888,7.940958,107.76679,168.80202,7.9221177,-76.58005,257.60175,0.96788174,22.593616,0.009,97,768.3743
9/12/2026 22:34,42926.44,45075.62,29.553324,23.295666,1.0199491,29.299154,7.812984,105.86497,165.84787,7.901028,-75.34027,267.93002,0.93040943,22.503696,0.018,97,768.3743
9/12/2026 23:04,42929.254,45108.016,29.57602,23.294138,1.0199752,29.32021,7.685383,104.08921,163.0748,7.8837276,-74.334145,270.42865,0.7065715,22.471151,0.018,97,768.3743
9/12/2026 23:34,42890.37,45091.016,29.56278,23.315256,1.0199726,29.30916,7.5660453,102.41691,160.46179,7.8748302,-73.81439,281.33392,0.75191224,22.444792,0.009,97,768.3743
9/13/2026 0:04,42820.12,45003.926,29.499556,23.353508,1.0199206,29.252552,7.4592185,100.9601,158.17552,7.862365,-73.09914,250.98325,0.72509617,22.459435,0.027,97,768.3743
9/13/2026 0:34,42833.53,44982.2,29.48488,23.346195,1.0198984,29.23843,7.407934,100.32843,157.17554,7.846405,-72.18838,217.98134,0.6510883,22.499104,0.018,97,768.3743
9/13/2026 1:04,42852.625,45020.52,29.512278,23.335793,1.0199248,29.263338,7.3544254,99.583725,156.0141,7.8431015,-71.992874,229.8069,0.96730745,22.478876,0.018,97,768.3743
9/13/2026 1:34,42767.26,44998.45,29.493856,23.382372,1.0199314,29.248991,7.054372,95.38285,149.45126,7.814805,-70.34302,268.50223,0.7368547,22.404,0.009,97,768.3743
9/13/2026 2:04,42795.98,45048.137,29.52951,23.36668,1.0199643,29.281288,6.957817,94.06065,147.38481,7.814233,-70.30487,270.87213,0.9394185,22.382492,0.018,97,768.3743
9/13/2026 2:34,42603.96,45019.438,29.50256,23.471996,1.0199966,29.262634,6.3292165,85.256546,133.63153,7.7265596,-65.20748,268.79788,0.28540865,22.190886,0.018,97,768.3743
9/13/2026 3:04,42500.207,45066.023,29.53112,23.529297,1.0200651,29.292915,5.7310185,76.97393,120.68299,7.6162634,-58.817863,242.90085,0.040657323,22.019133,0.009,97,768.3743
9/13/2026 3:34,42249.793,44883.785,29.395056,23.668755,1.019987,29.17446,5.50851,73.80501,115.731705,7.565062,-55.851936,231.91452,0.23620053,21.927502,0.018,97,768.3743
9/13/2026 4:04,41508.117,44184.355,28.881916,24.091673,1.0196248,28.719831,5.248098,69.98136,109.75334,7.5053163,-52.394867,223.01674,0.21211684,21.828804,0.009,97,768.3743
9/13/2026 4:34,39091.273,41732.51,27.100227,25.581158,1.0183135,27.126133,4.8074884,63.279957,99.26588,7.371217,-44.6558,207.32404,0.07835022,21.686403,0.009,97,768.3743
9/13/2026 5:04,35795.465,38351.844,24.671219,27.9365,1.0165211,24.928698,4.312138,55.78102,87.52683,7.2148323,-35.63881,184.21173,0.12980106,21.510157,0.009,97,768.3743
9/13/2026 5:34,34253.566,36768.727,23.544394,29.19404,1.0156922,23.899673,4.032967,51.74034,81.19819,7.1449146,-31.609535,184.76962,0.084742285,21.418594,0.009,97,768.3743
9/13/2026 6:04,33595.78,36097.37,23.06848,29.765642,1.0153443,23.463293,3.835484,49.027744,76.94685,7.106166,-29.377937,177.41681,0.30788732,21.371666,0.009,97,768.3743
9/13/2026 6:34,33150.316,35637.016,22.743044,30.165625,1.0151045,23.16406,3.6276805,46.261967,72.60892,7.0764155,-27.666092,181.09799,0.17424199,21.346672,0.009,97,768.3743
9/13/2026 7:04,32849.29,35325.64,22.523272,30.442059,1.0149426,22.961668,3.3561335,42.73082,67.0685,7.0537024,-26.359558,175.72403,0.2839972,21.329807,0.009,97,768.3743
9/13/2026 7:34,32459.012,34921.72,22.238586,30.808084,1.014733,22.699118,3.1462162,39.975254,62.745613,7.02867,-24.91951,197.12448,0.10224208,21.30781,0.009,97,768.3743
9/13/2026 8:04,31076.342,33437.22,21.197987,32.17882,1.0139472,21.734192,3.4210289,43.19971,67.80722,7.0327435,-25.15316,179.4672,0.8248892,21.303337,0.009,97,768.3743
9/13/2026 8:34,20130.928,21698.959,13.19625,49.67481,1.0079255,14.104324,4.8722725,58.61934,92.02259,7.097219,-28.848648,181.42224,0.9501282,21.216599,0.009,97,768.3743
9/13/2026 9:04,17898.006,19302.957,11.617225,55.872147,1.0067405,12.546923,5.001953,59.596153,93.55998,7.05251,-26.278496,205.66464,0.9130413,21.189306,0.009,97,768.3743
9/13/2026 9:34,31866.947,33917.355,21.54528,31.380476,1.0140735,22.04628,6.775248,86.57407,135.7747,7.5556726,-55.294037,221.95816,0.83534753,21.834917,0.009,97,768.3743
9/13/2026 10:04,39008.996,41298.64,26.799051,25.635113,1.0179754,26.844116,6.789649,89.88053,140.90063,7.7183094,-64.71157,250.31567,0.5238425,22.097319,0.018,97,768.3743
9/13/2026 10:34,40371.906,42655.992,27.78291,24.7697,1.0186931,27.726397,6.8876023,91.864555,143.98764,7.7535152,-66.76197,264.11057,0.26511845,22.196508,0.018,97,768.3743
9/13/2026 11:04,41077.617,43361.094,28.295834,24.344158,1.0190688,28.18471,6.973215,93.361885,146.32349,7.7639246,-67.37232,256.07587,0.2091579,22.242832,0.018,97,768.3743
9/13/2026 11:34,41693.69,43972.297,28.741688,23.984444,1.0193943,28.581993,7.0099707,94.171875,147.58229,7.774008,-67.9636,247.51187,0.06789983,22.286955,0.018,97,768.3743
9/13/2026 12:04,42224.31,44464.434,29.102636,23.68304,1.0196469,28.901882,6.9807014,94.1024,147.45514,7.7773466,-68.17341,224.73335,0.09825655,22.362293,0.009,97,768.3743
9/13/2026 12:34,42448.035,44666.094,29.250948,23.558216,1.0197488,29.03296,6.950491,93.83931,147.03372,7.7668586,-67.57736,193.94875,0.09548211,22.40007,0.018,97,768.3743
9/13/2026 13:04,42603.105,44799.504,29.349375,23.472467,1.0198141,29.119677,6.9211545,93.55192,146.5754,7.7668924,-67.5869,188.50803,0.08354696,22.433126,0.018,97,768.3743
9/13/2026 13:34,42451.78,44651.598,29.240988,23.556137,1.0197356,29.023539,6.755308,91.23238,142.94415,7.7590866,-67.1339,254.54999,0.060671907,22.420612,0.009,97,768.3743
9/13/2026 14:04,42466.69,44650.56,29.240793,23.547867,1.0197302,29.022863,6.742709,91.092545,142.72066,7.7547965,-66.89072,264.08673,0.631386,22.439257,0.018,97,768.3743
9/13/2026 14:34,41767.7,43900.773,28.694616,23.941946,1.0193123,28.535503,6.6164737,89.130844,139.64325,7.7209144,-64.94045,262.34625,0.04043321,22.456097,0.018,97,768.3743
9/13/2026 15:04,39469.8,41436.24,26.909605,25.335825,1.0179459,26.933556,6.3016405,84.10434,131.75516,7.6205015,-59.161186,257.99274,10.046378,22.515345,0.018,97,768.3743
9/13/2026 15:34,36738.16,38426.383,24.753548,27.219654,1.0162668,24.97715,6.011764,79.50254,124.507774,7.499497,-52.21367,261.693,0.041390974,22.699791,0.018,97,768.3743
9/13/2026 16:04,33248.16,34793.914,22.177748,30.076853,1.01433,22.616043,5.6672873,73.8034,115.58742,7.356976,-43.98346,243.78299,0.040432096,22.674032,0.018,97,768.3743
9/13/2026 16:34,25021.77,26280.742,16.286448,39.9652,1.0099379,17.082483,5.3473916,67.07911,105.08809,7.1815248,-33.836365,203.86696,0.039547242,22.491898,0.009,97,768.3743
9/13/2026 17:04,18935.16,19972.887,12.066594,52.811806,1.006814,12.982377,4.9969153,60.92896,95.486465,7.02807,-24.967194,178.59937,0.03849564,22.27975,0.018,97,768.3743
9/13/2026 17:34,12542.746,13319.899,7.7742476,79.727356,1.0036623,8.657935,4.6598735,55.07498,86.35919,6.8850284,-16.856194,169.0197,0.03661053,21.945274,0.009,97,768.3743
9/13/2026 18:04,8651.445,9232.588,5.237132,115.58762,1.0018053,6.0011826,4.5205216,52.405735,82.20539,6.790831,-11.553764,171.74243,0.037687518,21.704464,0.009,96,768.3743
9/13/2026 18:34,5538.944,5932.9204,3.2615657,180.53984,1.0003544,3.8563983,4.4960136,51.347412,80.56832,6.73011,-8.13961,175.87662,0.039049726,21.523289,0.009,96,768.3743
9/13/2026 19:04,3651.3396,3919.6545,2.098324,273.8721,0.9994981,2.5477755,4.5188365,51.153824,80.27807,6.696243,-6.23703,183.1913,0.040325534,21.416035,0.009,96,768.3743
9/13/2026 19:34,2535.3464,2728.1409,1.4299496,394.4234,0.99901736,1.7732916,4.516213,50.81131,79.75497,6.6962013,-6.2322617,201.26343,0.0384785,21.300066,0.009,96,768.3743
9/13/2026 20:04,2023.8396,2182.5723,1.1302747,494.1103,0.99881345,1.418672,4.5306573,50.778507,79.7168,6.6833954,-5.5122375,216.83693,0.048538547,21.192284,0.009,96,768.3743
9/13/2026 20:34,1753.0157,1894.8035,0.9741259,570.44556,0.9987191,1.2316222,4.627919,51.710453,81.1936,6.687688,-5.750656,230.27896,0.039386068,21.082212,0.009,96,768.3743
9/13/2026 21:04,1611.0326,1745.6024,0.8937386,620.7199,0.9986838,1.1346415,4.661156,51.937458,81.56483,6.671722,-4.8542023,239.7728,0.045526125,20.963837,0,96,768.3743
9/13/2026 21:34,1551.4865,1684.8416,0.8611078,644.54315,0.99868244,1.095147,4.7573295,52.887405,83.070274,6.6857224,-5.636215,248.58475,0.067613535,20.856024,0,96,768.3743
9/13/2026 22:04,2099.9143,2282.7747,1.1847893,476.2099,0.9989395,1.4838035,4.7206426,52.527725,82.51157,6.6613755,-4.272461,250.87357,0.059148844,20.806047,0,96,768.3743
9/13/2026 22:34,39824.773,42031.812,27.332651,25.109999,1.0183378,27.320679,6.510556,86.693375,135.87033,7.670648,-61.998367,263.1092,0.23452571,22.250849,0.009,96,768.3743
9/13/2026 23:04,41490.527,43705.117,28.549011,24.101887,1.0192319,28.408325,6.6036143,88.70921,139.0077,7.714796,-64.56375,267.75836,0.30635336,22.347057,0.027,96,768.3743
9/13/2026 23:34,41930.254,44147.72,28.87196,23.849129,1.0194701,28.696016,6.604452,88.923874,139.33875,7.726783,-65.25993,278.6398,1.6848494,22.370247,0.018,96,768.3743
9/14/2026 0:04,42486.14,44670.754,29.255543,23.537086,1.0197413,29.03599,6.604342,89.23107,139.8041,7.74016,-66.046715,282.52124,0.6546837,22.439539,0.018,96,768.3743
9/14/2026 0:34,42589.45,44782.594,29.33711,23.479994,1.0198041,29.108686,6.603356,89.25434,139.84138,7.7440605,-66.27083,286.36456,0.056843333,22.43596,0.018,96,768.3743
9/14/2026 1:04,42632.066,44829.605,29.371372,23.456522,1.0198306,29.139244,6.6058664,89.30215,139.91687,7.745476,-66.35189,282.7263,0.21466406,22.433517,0.018,96,768.3743
9/14/2026 1:34,42593.656,44797.984,29.347979,23.477674,1.0198156,29.11869,6.581154,88.940506,139.3525,7.74601,-66.3805,289.20172,0.093085,22.423773,0.018,96,768.3743
9/14/2026 2:04,42338.85,44589.164,29.19351,23.618969,1.0197167,28.982956,6.317645,85.20224,133.5099,7.714259,-64.53514,292.2058,0.040953044,22.35771,0.018,96,768.3743
9/14/2026 2:34,42423.44,44701.75,29.274895,23.571873,1.0197856,29.056139,6.314358,85.15821,133.44664,7.713283,-64.47315,290.01236,0.09609095,22.331577,0.018,96,768.3743
9/14/2026 3:04,41909.168,44331.594,28.998934,23.861128,1.0196294,28.815536,5.846183,78.44681,122.96829,7.6285124,-59.547424,275.56897,0.040252537,22.139091,0.018,96,768.3743
9/14/2026 3:34,37328.625,39822.035,25.727398,26.789093,1.0172646,25.884323,5.1507387,67.30054,105.566956,7.407925,-46.772957,261.61194,0.034143284,21.721786,0.009,96,768.3743
9/14/2026 4:04,28112.91,30338.166,19.043036,35.570847,1.0123545,19.719807,4.8167505,59.90267,94.04548,7.173467,-33.221245,226.1734,0.033149783,21.159771,0.009,96,768.3743
9/14/2026 4:34,21733.105,23603.654,14.460495,46.012753,1.0089678,15.342376,4.7316647,56.95484,89.459694,7.0512075,-26.173592,210.75249,0.6470446,20.850878,0,96,768.3743
9/14/2026 5:04,14836.977,16223.744,9.614166,67.39918,1.0053827,10.545434,4.694125,54.578403,85.76901,6.9398594,-19.841194,205.14966,0.03935193,20.52473,0,96,768.3743
9/14/2026 5:34,9027.293,9932.956,5.6598353,110.77518,1.0024585,6.456422,4.7075696,53.169292,83.59144,6.8383026,-14.1477585,213.95683,0.062967725,20.226303,0,96,768.3743
9/14/2026 6:04,5753.257,6359.2417,3.509276,173.81459,1.000875,4.1335073,4.7809486,53.094357,83.4998,6.78288,-11.043549,228.28102,0.038996458,20.010887,0,96,768.3743
9/14/2026 6:34,4201.256,4657.619,2.5181284,238.02406,1.0001521,3.0274525,4.801346,52.863438,83.15352,6.748192,-9.102821,239.19583,0.19650526,19.87005,0,96,768.3743
9/14/2026 7:04,3180.767,3535.7095,1.8795357,314.38956,0.9996928,2.2982113,4.780429,52.304672,82.289406,6.73159,-8.172989,242.6958,0.25104535,19.74409,0,96,768.3743
9/14/2026 7:34,2546.176,2836.4827,1.4888008,392.74582,0.99941653,1.8437138,4.801977,52.312717,82.314064,6.724115,-7.753372,248.59428,0.03943949,19.641495,0,96,768.3743
9/14/2026 8:04,2152.3716,2401.2139,1.2488843,464.6038,0.9992475,1.560789,4.821532,52.381126,82.429565,6.716704,-7.338524,249.06635,0.45543584,19.574247,0,96,768.3743
9/14/2026 8:34,2004.3992,2236.7634,1.1589884,498.90262,0.9991817,1.4538962,4.877678,52.949116,83.324936,6.7155976,-7.276535,251.894,0.040052637,19.561039,0,96,768.3743
9/14/2026 9:04,1921.3562,2142.4558,1.1076572,520.4657,0.9991352,1.3925962,4.953558,53.794903,84.65164,6.7019806,-6.518364,249.95328,0.17238355,19.596903,0,96,768.3743
9/14/2026 9:34,1887.1545,2094.2979,1.081615,529.8983,0.9990692,1.3612937,5.113737,55.77465,87.738914,6.703515,-6.608963,253.17192,0.0402222,19.821558,0,96,768.3743
9/14/2026 10:04,28066.691,30011.873,18.826189,35.62942,1.0120785,19.507717,6.709097,84.0264,131.82704,7.4766498,-50.706863,244.79388,0.039563783,21.606611,0,96,768.3743
9/14/2026 10:34,42594.734,44723.016,29.295774,23.47708,1.0197529,29.06996,7.7072024,104.28458,163.37074,7.8022223,-69.64207,277.524,0.040035304,22.50848,0.018,96,768.3743
9/14/2026 11:04,42776.656,44870.54,29.40501,23.377235,1.0198221,29.165852,7.8738914,106.69952,167.14052,7.823349,-70.87231,274.03354,0.026890317,22.556808,0.018,96,768.3743
9/14/2026 11:34,42796.676,44818.582,29.369465,23.3663,1.0197726,29.13208,7.992105,108.435974,169.83757,7.8394547,-71.82121,286.99875,0.027545985,22.63806,0.018,96,768.3743
9/14/2026 12:04,42942.62,44934.516,29.455421,23.286888,1.0198264,29.207436,8.038078,109.19371,171.0126,7.8504357,-72.46494,290.85635,0.032851283,22.679115,0.027,96,768.3743
9/14/2026 12:34,42918.715,44904.79,29.433844,23.299858,1.0198087,29.188112,8.168145,110.95708,173.77277,7.8669367,-73.41862,293.5648,0.032159336,22.684368,0.018,96,768.3743
9/14/2026 13:04,42999.57,44971.98,29.483543,23.256046,1.0198408,29.231789,8.268056,112.385544,176.00424,7.8743706,-73.85254,282.14932,0.030992595,22.703735,0.018,96,768.3743
9/14/2026 13:34,42992.457,44944.43,29.464062,23.259893,1.0198197,29.21388,8.233751,111.95117,175.31734,7.875017,-73.895454,278.5063,0.031188952,22.726135,0.018,96,768.3743
9/14/2026 14:04,43104.49,45001.438,29.507708,23.19944,1.0198342,29.250935,8.239823,112.19543,175.6801,7.8825736,-74.34845,288.29575,0.031641975,22.793032,0.018,96,768.3743
9/14/2026 14:34,43208.65,44962.86,29.484253,23.143515,1.0197705,29.225859,8.138757,111.127556,173.95952,7.8670845,-73.49491,291.92926,0.034387615,22.95735,0.018,96,768.3743
9/14/2026 15:04,43603.496,45018.742,29.536247,22.93394,1.0196981,29.262182,8.210899,112.93505,176.66837,7.866206,-73.542595,277.89594,0.068370216,23.354094,0.027,96,768.3743
9/14/2026 15:34,44013.523,44839.4,29.422697,22.72029,1.0194174,29.145609,7.955772,110.66924,172.91498,7.817483,-70.88661,287.63293,0.028080171,24.035677,0.036,96,768.3743
9/14/2026 16:04,43230.97,43513.453,28.46818,23.131565,1.0185158,28.283745,7.4919286,104.78074,163.527,7.7168484,-65.18841,289.4926,0.036272384,24.66011,0.045,96,768.3743
9/14/2026 16:34,38666.29,38898.61,25.131346,25.862322,1.0159954,25.284098,7.0875273,97.30037,151.845,7.576095,-57.01542,290.1268,0.03309252,24.687307,0.045,96,768.3743
9/14/2026 17:04,32442.984,32874.12,20.857086,30.823305,1.0128877,21.36818,6.6303496,88.24562,137.80966,7.3970623,-46.55361,275.45453,0.03405177,24.313362,0.045,96,768.3743
9/14/2026 17:34,26009.883,26656.098,16.555954,38.446926,1.0098152,17.326464,6.1104846,78.5242,122.75697,7.200646,-35.08568,264.7543,0.04106129,23.730753,0.036,96,768.3743
9/14/2026 18:04,20401.352,21106.379,12.822705,49.01636,1.0071363,13.719146,5.660576,70.579796,110.43025,7.045121,-26.035309,242.40018,0.109385245,23.251123,0.027,96,768.3743
9/14/2026 18:34,16895.52,17642.99,10.547238,59.18729,1.0055451,11.467944,5.296209,64.614235,101.17746,6.9426537,-20.151138,233.49286,0.06639822,22.78186,0.027,96,768.3743
9/14/2026 19:04,14732.572,15508.441,9.16789,67.87681,1.0046066,10.080487,5.0857773,61.095257,95.7312,6.8798413,-16.589165,233.94107,0.072014004,22.38069,0.018,96,768.3743
9/14/2026 19:34,13062.824,13847.112,8.107877,76.55312,1.0038923,9.000624,4.929659,58.47515,91.67753,6.8403993,-14.352798,242.28574,0.06877153,22.0346,0.018,96,768.3743
9/14/2026 20:04,11531.093,12297.463,7.1309,86.722046,1.0032266,7.993351,4.821168,56.54518,88.69403,6.817898,-13.074875,244.69376,0.097353585,21.737204,0.009,96,768.3743
9/14/2026 20:34,10306.547,11050.754,6.3535733,97.02571,1.0027018,7.18299,4.7593465,55.290054,86.76136,6.8051014,-12.345314,260.27203,0.039358526,21.474115,0.009,96,768.3743
9/14/2026 21:04,8758.258,9464.791,5.37683,114.177956,1.0020516,6.152114,4.7594,54.57436,85.68913,6.7981534,-11.940002,259.34695,0.04106207,21.0917,0.009,96,768.3743
9/14/2026 21:34,7174.068,7831.664,4.386662,139.39093,1.0014117,5.090582,4.811328,54.33507,85.37653,6.803196,-12.202263,265.5506,0.08542921,20.603859,0,96,768.3743
9/14/2026 22:04,6273.0474,6881.999,3.819288,159.41216,1.0010335,4.4732995,4.7391706,53.09668,83.459984,6.786479,-11.258125,269.54175,0.08468007,20.367292,0,96,768.3743
9/14/2026 22:34,5123.982,5647.837,3.0922894,195.16072,1.0005304,3.671094,4.569226,50.751366,79.79964,6.779546,-10.86235,279.87482,2.9791088,20.143812,0,96,768.3743
9/14/2026 23:04,41038.18,43774.754,28.580654,24.367552,1.019424,28.45359,6.6006117,87.70052,137.56503,7.694109,-63.238144,265.60785,0.14583099,21.726967,0.009,96,768.3743
9/14/2026 23:34,41983.92,44719.9,29.271202,23.818642,1.0199286,29.067934,7.050223,94.17134,147.69856,7.780856,-68.244934,290.24124,0.039012544,21.796843,0.009,96,768.3743
9/15/2026 0:04,42088.13,44835.027,29.355053,23.759668,1.0199932,29.142769,7.0895643,94.73562,148.58466,7.79463,-69.03648,297.97076,1.9673327,21.792316,0.009,96,768.3743
9/15/2026 0:34,42032.043,44824.625,29.345682,23.791372,1.0200008,29.136007,7.0188627,93.69409,146.96379,7.790789,-68.80283,302.1908,0.07799799,21.738209,0.009,96,768.3743
9/15/2026 1:04,42049.867,44874.195,29.380747,23.781288,1.0200363,29.168228,6.932192,92.500244,145.09889,7.7887697,-68.678856,302.25278,0.17070891,21.704773,0.009,96,768.3743
9/15/2026 1:34,42050.004,44850.027,29.363987,23.78121,1.0200164,29.15252,7.016694,93.66358,146.9175,7.7965355,-69.13185,306.39172,0.038280625,21.731373,0.009,96,768.3743
9/15/2026 2:04,41968.24,44873.156,29.376842,23.827543,1.0200588,29.167553,6.9150014,92.1119,144.51128,7.7942915,-68.974495,308.98096,0.44801882,21.610666,0.009,96,768.3743
9/15/2026 2:34,41534.99,44705.754,29.24369,24.076088,1.0200443,29.058739,6.5224953,86.30726,135.47331,7.7338533,-65.42683,311.72275,0.036474846,21.286638,0.009,96,768.3743
9/15/2026 3:04,41714.234,44797.4,29.3143,23.972631,1.0200685,29.11831,6.530752,86.6251,135.94891,7.7425556,-65.95135,304.14105,0.57315725,21.396614,0.009,96,768.3743
9/15/2026 3:34,41542.242,44783.785,29.2979,24.071882,1.0201057,29.10946,6.500602,85.92559,134.89017,7.7510037,-66.394806,307.09744,0.21203825,21.210363,0.009,96,768.3743
9/15/2026 4:04,40824.42,44312.152,28.942734,24.495142,1.0199234,28.8029,6.199778,81.28595,127.67141,7.706173,-63.74836,304.4939,0.2751494,20.87915,0.009,96,768.3743
9/15/2026 4:34,39239.8,42827.63,27.85672,25.48433,1.0191679,27.83796,5.794537,75.12246,118.037895,7.6242275,-58.994293,301.7664,0.06341636,20.613945,0,96,768.3743
9/15/2026 5:04,37455.777,41025.375,26.55206,26.69815,1.0182209,26.666494,5.5010343,70.55049,110.88208,7.549401,-54.67415,293.05936,0.13542086,20.444527,0,96,768.3743
9/15/2026 5:34,29618.125,32983.105,20.84197,33.76311,1.0140823,21.439018,5.4312544,66.35983,104.41469,7.4181614,-47.03045,279.83188,0.09715116,19.658567,0,96,768.3743
9/15/2026 6:04,22134.828,25153.137,15.464394,45.177673,1.0102181,16.349539,5.1936846,60.35717,95.09333,7.159635,-32.157898,264.87827,0.2350446,18.717419,0,96,768.3743
9/15/2026 6:34,17108.635,19718.062,11.850728,58.450016,1.0076122,12.816741,5.070431,56.93632,89.780396,7.0415473,-25.377274,258.85583,0.09901823,18.071365,0,96,768.3743
9/15/2026 7:04,15087.65,17501.275,10.407458,66.27937,1.0065747,11.375829,5.0416827,55.799355,88.020615,6.9763465,-21.677017,258.9464,0.118219994,17.779509,0,96,768.3743
9/15/2026 7:34,12993.04,15182.527,8.918729,76.96428,1.0055078,9.868643,5.085492,55.413246,87.44805,6.93086,-19.135475,257.2298,0.11155477,17.449686,0,96,768.3743
9/15/2026 8:04,11736.214,13758.932,8.016873,85.20635,1.0048494,8.943306,5.1425,55.565556,87.70445,6.8975825,-17.285347,253.3865,0.08274354,17.303076,0,96,768.3743
9/15/2026 8:34,10992.108,12884.662,7.4685135,90.97436,1.0044305,8.3750305,5.1654263,55.63703,87.81654,6.8748145,-16.026497,258.04044,0.039845247,17.309727,0,96,768.3743
9/15/2026 9:04,10526.532,12301.304,7.1057234,94.99805,1.004128,7.9958477,5.214411,56.1986,88.6878,6.8608904,-15.263557,252.91919,0.0410719,17.446333,0,96,768.3743
9/15/2026 9:34,10155.077,11810.259,6.8022776,98.47291,1.003855,7.676668,5.284029,57.09556,90.07876,6.844066,-14.343262,253.89194,0.07279606,17.662416,0,96,768.3743
9/15/2026 10:04,9587.016,11065.36,6.343873,104.30775,1.0034392,7.1924844,5.4346824,58.970627,92.99617,6.8374825,-13.995171,268.27814,0.11455573,18.005177,0,96,768.3743
9/15/2026 10:34,40290.426,42882.99,27.936686,24.819792,1.0189072,27.873943,9.187463,121.851105,191.09998,7.890816,-74.5821,271.43954,0.03614423,21.834732,0,96,768.3743
9/15/2026 11:04,41921.22,44613.727,29.19517,23.854269,1.0198591,28.998922,9.315986,124.47793,195.21794,7.926336,-76.62773,290.40338,0.052909333,21.840233,0.009,96,768.3743
9/15/2026 11:34,42005.246,44572.188,29.169518,23.806551,1.0198005,28.971922,9.426033,126.25765,197.96306,7.937443,-77.30484,298.61926,0.047870535,21.984781,0.009,96,768.3743
9/15/2026 12:04,42292.37,44706.32,29.273317,23.644926,1.0198278,29.059109,9.29442,124.99202,195.91884,7.9362564,-77.28577,301.80933,0.03848201,22.173,0.018,96,768.3743
9/15/2026 12:34,42390.152,44715.773,29.283447,23.590385,1.0198071,29.065254,9.12429,122.94019,192.6699,7.9340467,-77.18563,303.87402,0.03192932,22.277016,0.018,96,768.3743
9/15/2026 13:04,42549.14,44777.836,29.33236,23.502237,1.019812,29.105593,8.945245,120.81501,189.3029,7.9251637,-76.704025,302.84406,0.034694344,22.39412,0.009,96,768.3743
9/15/2026 13:34,42500.188,44691.812,29.27071,23.529308,1.0197546,29.049679,8.972576,121.223785,189.93135,7.9295387,-76.966286,306.08655,0.047296092,22.432531,0.018,96,768.3743
9/15/2026 14:04,42677.438,44809.887,29.359238,23.431585,1.0198009,29.126427,8.833079,119.56249,187.30493,7.917871,-76.31302,302.57703,0.040443543,22.508438,0.018,96,768.3743
9/15/2026 14:34,42684.34,44767.914,29.330221,23.427795,1.0197637,29.099144,9.188942,124.48014,194.99106,7.950603,-78.2156,302.9251,1.4261683,22.563261,0.018,96,768.3743
9/15/2026 15:04,42758.746,44740.707,29.313824,23.387028,1.0197188,29.08146,9.079548,123.243996,193.01683,7.937424,-77.48604,299.47757,0.033367198,22.680689,0.018,96,768.3743
9/15/2026 15:34,43086.863,44802.785,29.368267,23.208931,1.0196723,29.12181,9.107168,124.34941,194.64467,7.9394665,-77.68631,302.16217,0.052111402,22.994793,0.018,96,768.3743
9/15/2026 16:04,43467.375,44845.23,29.410276,23.00576,1.0195923,29.1494,8.806779,121.12268,189.4643,7.901734,-75.6073,290.28894,0.038731452,23.39138,0.036,96,768.3743
9/15/2026 16:34,43799.707,44799.137,29.388105,22.831203,1.01945,29.119438,8.364958,115.924774,181.1927,7.849594,-72.69859,295.42447,0.03481188,23.831982,0.036,96,768.3743
9/15/2026 17:04,43073.516,43924.93,28.752962,23.216122,1.0189264,28.551205,7.9584694,110.18481,172.17377,7.767762,-67.99221,296.4258,0.039602753,23.98516,0.036,96,768.3743
9/15/2026 17:34,40487.2,41438.31,26.942297,24.699165,1.0176139,26.934902,7.646996,104.434425,163.24286,7.661503,-61.793327,299.72552,0.03338567,23.798302,0.036,96,768.3743
9/15/2026 18:04,34932.598,36171.38,23.160635,28.626556,1.0149271,23.511396,7.097675,93.85388,146.85645,7.4849186,-51.460266,297.4081,0.044646285,23.206932,0.027,96,768.3743
9/15/2026 18:34,29272.041,30693.045,19.31302,34.162292,1.0121962,19.95048,6.5328827,83.52768,130.83856,7.2740865,-39.186478,285.51102,0.09375555,22.57606,0.018,96,768.3743
9/15/2026 19:04,25404.271,26911.896,16.709867,39.36346,1.0103654,17.492733,6.053553,75.52952,118.40922,7.1269007,-30.641556,269.4559,0.059249077,22.066975,0.018,96,768.3743
9/15/2026 19:34,22602.496,24152.922,14.838931,44.2429,1.0090618,15.699399,5.695389,69.73419,109.39868,7.035976,-25.367737,264.3442,0.06785711,21.639158,0.009,96,768.3743
9/15/2026 20:04,21339.78,22923.965,14.013069,46.86084,1.008502,14.900577,5.451721,66.110176,103.75533,6.990266,-22.726059,267.86804,0.18381205,21.38188,0.009,96,768.3743
9/15/2026 20:34,19486.908,21098.895,12.796598,51.316505,1.0076756,13.714282,5.2175803,62.37081,97.94441,6.9510345,-20.49923,266.95728,0.14109829,20.999924,0,96,768.3743
9/15/2026 21:04,18064.475,19688.086,11.864462,55.35727,1.0070465,12.797256,5.12535,60.567204,95.15787,6.9226236,-18.88752,262.36536,0.074330784,20.68237,0,96,768.3743
9/15/2026 21:34,16710.004,18312.682,10.963574,59.84439,1.006427,11.903243,4.9509315,57.90316,91.00824,6.894437,-17.294884,265.0261,0.06981039,20.417938,0.009,96,768.3743
9/15/2026 22:04,15922.922,17540.404,10.460086,62.802544,1.0061022,11.401263,4.8315516,56.07331,88.16407,6.869767,-15.902519,260.83948,0.13706864,20.172009,0,96,768.3743
9/15/2026 22:34,14445.592,16046.614,9.494086,69.22527,1.0054597,10.4303,4.7643185,54.558258,85.83096,6.868442,-15.807152,266.65686,0.041057426,19.77627,0,96,768.3743
9/15/2026 23:04,14640.894,16319.831,9.667882,68.30184,1.0056269,10.60789,4.596109,52.5192,82.64221,6.859789,-15.3160095,244.2503,0.059921794,19.613762,0,96,768.3743
9/15/2026 23:34,37759.824,40904.098,26.482075,26.483173,1.0180316,26.587664,7.572044,98.02737,153.94366,7.7419558,-65.8226,257.5636,1.0958371,20.975422,0,96,768.3743
9/16/2026 0:04,39951.742,43055.832,28.042664,25.030197,1.0191494,27.98629,7.851001,103.04345,161.75883,7.821516,-70.44792,258.19302,1.0473176,21.225414,0.009,96,768.3743
9/16/2026 0:34,40967.547,43940.754,28.692587,24.409565,1.019581,28.56149,7.9783673,105.55885,165.64769,7.8717365,-73.39001,273.695,1.3155437,21.457382,0.009,96,768.3743
9/16/2026 1:04,41380.31,44320.375,28.971107,24.166084,1.0197735,28.808243,7.922563,105.123856,164.94708,7.877656,-73.747635,291.67175,0.9349317,21.526875,0.009,96,768.3743
9/16/2026 1:34,41361.664,44357.566,28.99608,24.176977,1.0198092,28.832418,7.7911887,103.27763,162.06622,7.86532,-73.02284,289.6309,0.9475222,21.463884,0,96,768.3743
9/16/2026 2:04,41158.77,44237.496,28.90505,24.296158,1.0197691,28.754372,7.730983,102.22504,160.44148,7.8623824,-72.82734,302.04773,0.7686872,21.356262,0.009,96,768.3743
9/16/2026 2:34,40828.426,43991.156,28.721798,24.492739,1.0196619,28.594252,7.6115694,100.318146,157.47809,7.853685,-72.29805,306.70642,0.7354197,21.235878,0.009,96,768.3743
9/16/2026 3:04,40853.562,44014.72,28.739056,24.477669,1.019674,28.609568,7.4411745,98.08925,153.97824,7.8312526,-71.01059,303.9646,0.94772166,21.239767,0.009,96,768.3743
9/16/2026 3:34,40723.637,44012.375,28.73214,24.555763,1.0197088,28.608044,7.2866015,95.78198,150.3916,7.8004932,-69.208145,306.201,0.8399972,21.0878,0.009,96,768.3743
9/16/2026 4:04,40702.52,44095.76,28.78867,24.568504,1.0197822,28.662245,7.1698303,94.077515,147.74171,7.7993093,-69.11278,308.41827,0.86852574,20.971119,0.009,96,768.3743
9/16/2026 4:34,40502.363,44092.52,28.77795,24.689917,1.0198354,28.660137,6.9841194,91.24268,143.34073,7.7810583,-68.011284,292.9163,0.8277259,20.737,0,96,768.3743
9/16/2026 5:04,38846.363,42615.406,27.694693,25.742435,1.0191076,27.700014,6.653842,85.79235,134.8522,7.701358,-63.36212,282.33527,0.5783142,20.369467,0.009,96,768.3743
9/16/2026 5:34,36941.703,40769.277,26.35606,27.069677,1.0181631,26.50003,6.2287207,79.25867,124.63427,7.5906625,-56.967735,220.57533,0.5228356,20.084621,0,96,768.3743
9/16/2026 6:04,33774.574,37562.99,24.05896,29.60807,1.0165089,24.415943,5.908359,73.66211,115.89449,7.469897,-49.996376,221.49564,0.4338924,19.719633,0,96,768.3743
9/16/2026 6:34,25721.426,29185.457,18.199894,38.878094,1.0122796,18.970549,5.4713635,64.71487,101.94953,7.2319193,-36.28254,205.48343,0.3920145,18.785847,0,96,768.3743
9/16/2026 7:04,22324.78,25544.078,15.720818,44.793278,1.010482,16.603651,5.1796336,59.913975,94.43487,7.0969553,-28.557777,179.64363,0.24814402,18.401613,0,96,768.3743
9/16/2026 7:34,20124.086,23144.191,14.110963,49.691696,1.0093093,15.043724,5.07107,57.82955,91.17744,7.028647,-24.652481,203.47595,0.2496619,18.168018,0,96,768.3743
9/16/2026 8:04,17168.287,19870.246,11.947242,58.24693,1.0077249,12.91566,4.9482374,55.384937,87.35561,6.967606,-21.20018,214.81514,0.3357218,17.880621,0,96,768.3743
9/16/2026 8:34,15100.564,17529.33,10.425105,66.22269,1.0065949,11.394065,4.918045,54.3999,85.81675,6.930422,-19.130707,218.96362,0.06926936,17.745844,0,96,768.3743
9/16/2026 9:04,13609.493,15805.959,9.318965,73.47812,1.0057579,10.273873,4.9244466,54.08716,85.325714,6.894719,-17.151833,221.54808,0.55931276,17.724375,0,96,768.3743
9/16/2026 9:34,12756.501,14790.222,8.673565,78.3914,1.0052518,9.613644,4.9619617,54.37248,85.76748,6.877768,-16.217232,232.28168,0.07350826,17.800817,0,96,768.3743
9/16/2026 10:04,11929.603,13797.269,8.047047,83.82509,1.004753,8.9682255,5.0214105,54.94185,86.65315,6.8500376,-14.686584,244.236,0.088050805,17.912834,0,96,768.3743
9/16/2026 10:34,11185.336,12832.838,7.444619,89.40277,1.0042217,8.341345,5.1153603,56.180233,88.56421,6.8449793,-14.424324,256.7339,0.04049112,18.278442,0,96,768.3743
9/16/2026 11:04,11337.372,12801.251,7.4305463,88.203865,1.00406,8.320813,5.4921823,61.203987,96.388855,6.8541827,-14.972687,266.87622,0.07452547,19.01286,0.009,96,768.3743
9/16/2026 11:34,40484.098,42470.56,27.65851,24.701057,1.0185025,27.605864,9.276804,124.431,194.91797,7.925449,-76.761246,275.07782,0.32457212,22.551168,0.009,96,768.3743
9/16/2026 12:04,41945.63,44235.348,28.933403,23.840385,1.0195385,28.752975,9.038713,121.567726,190.51498,7.9473896,-77.95811,286.42178,0.076698124,22.289936,0.018,96,768.3743
9/16/2026 12:34,42123.605,44315.04,28.995138,23.739658,1.0195521,28.804775,9.141218,123.25727,193.12427,7.958165,-78.611374,299.11993,0.36843282,22.410929,0.018,96,768.3743
9/16/2026 13:04,42313.855,44379.02,29.046322,23.632921,1.0195487,28.846363,9.29896,125.764046,197.0021,7.976636,-79.717636,294.43265,0.16747896,22.563631,0.018,96,768.3743
9/16/2026 13:34,42325.613,44344.82,29.022923,23.626356,1.0195166,28.824135,9.528604,128.97299,202.01108,8.003165,-81.26259,302.12402,0.43043792,22.616009,0.018,96,768.3743
9/16/2026 14:04,42421.348,44421.73,29.079802,23.573036,1.0195525,28.874125,9.744168,131.99594,206.73683,8.025432,-82.55482,304.14105,0.418205,22.64232,0.018,96,768.3743
9/16/2026 14:34,42351.855,44389.008,29.054604,23.611717,1.0195457,28.852856,9.993237,135.24138,211.83592,8.044492,-83.642006,305.66217,0.66371155,22.59722,0.018,96,768.3743
9/16/2026 15:04,42337.594,44415.367,29.072468,23.61967,1.0195721,28.86999,9.980349,134.96886,211.42543,8.039843,-83.36067,304.69418,0.8182343,22.550756,0.018,96,768.3743
9/16/2026 15:34,42412.566,44370.23,29.043612,23.577917,1.0195118,28.84065,9.842912,133.41891,208.94888,8.025284,-82.559586,308.5041,0.5611575,22.689997,0.009,96,768.3743
9/16/2026 16:04,42457.098,44394.645,29.062143,23.553188,1.0195189,28.85652,9.978838,135.33597,211.94232,8.019546,-82.23534,297.70374,0.66168654,22.714989,0.018,96,768.3743
9/16/2026 16:34,42541.945,44313.254,29.008234,23.506212,1.0194246,28.803616,9.985886,135.85262,212.68237,8.033646,-83.10318,279.2406,0.58440137,22.907204,0.018,96,768.3743
9/16/2026 17:04,42791.01,44349.316,29.041573,23.369394,1.019379,28.827057,9.343437,127.70868,199.84625,7.975833,-79.83208,275.0063,0.5137603,23.160362,0.027,96,768.3743
9/16/2026 17:34,42841.094,44247.52,28.971983,23.342075,1.0192769,28.760887,8.660324,118.691444,185.67921,7.9032974,-75.68359,282.33527,1.5226293,23.33584,0.027,96,768.3743
9/16/2026 18:04,41372.754,42683.4,27.834803,24.170496,1.018402,27.74421,7.9825583,108.79614,170.1824,7.7913713,-69.22245,287.39453,0.3190346,23.392345,0.027,96,768.3743
9/16/2026 18:34,37464.836,38763.66,25.006626,26.691696,1.0163083,25.19638,7.248631,96.94304,151.67998,7.6216846,-59.375763,300.4074,0.5006825,23.245747,0.027,96,768.3743
9/16/2026 19:04,32310.49,33672.32,21.393707,30.949701,1.0136832,21.887009,6.5791993,85.61372,134.03711,7.4027557,-46.658516,300.45987,0.5001947,22.882534,0.018,96,768.3743
9/16/2026 19:34,28663.834,30089.969,18.895185,34.88717,1.0118963,19.55848,6.0827746,77.50336,121.41363,7.2378473,-37.088394,286.3884,0.53353083,22.518549,0.018,96,768.3743
9/16/2026 20:04,25218.553,26635.807,16.524076,39.653347,1.010188,17.313274,5.665503,70.80404,110.97437,7.115299,-29.988289,248.88039,0.46417204,22.21421,0.018,96,768.3743
9/16/2026 20:34,22983.928,24383.87,14.998479,43.508663,1.0090939,15.849515,5.404827,66.678024,104.54487,7.050682,-26.245117,259.52817,0.432939,21.994104,0.009,96,768.3743
9/16/2026 21:04,20751.736,22121.336,13.48267,48.18874,1.0080098,14.378869,5.1335883,62.50055,98.032005,6.9946733,-23.002625,256.63376,0.42318806,21.758478,0.009,96,768.3743
9/16/2026 21:34,19101.553,20437.033,12.365854,52.351765,1.0072116,13.284072,4.943082,59.58963,93.492874,6.96493,-21.31939,278.84485,0.27686933,21.578741,0.018,96,768.3743
9/16/2026 22:04,18329.031,19655.162,11.850667,54.558258,1.00685,12.775855,4.7431784,56.888874,89.27114,6.9236794,-18.997192,278.8782,0.35285202,21.467548,0.009,96,768.3743
9/16/2026 22:34,16825.494,18093.244,10.8292055,59.433617,1.0061121,11.760609,4.6315165,55.07766,86.447334,6.913036,-18.39161,288.55322,0.2158394,21.331541,0.009,96,768.3743
9/16/2026 23:04,16371.389,17626.994,10.525947,61.082172,1.0058978,11.457546,4.441073,52.658615,82.65834,6.8863964,-16.89434,286.62204,0.259347,21.270576,0.009,96,768.3743
9/16/2026 23:34,15256.812,16480.291,9.783775,65.544495,1.0053747,10.712189,4.230315,49.793125,78.179375,6.880856,-16.57486,290.31754,0.22211526,21.113144,0.009,96,768.3743
9/17/2026 0:04,14501.695,15681.695,9.270543,68.95746,1.0049996,10.193102,4.0219,47.15065,74.03648,6.8638005,-15.616417,268.2352,0.24955529,21.060366,0.009,96,768.3743
9/17/2026 0:34,39808.95,42303.06,27.51913,25.11998,1.0185701,27.496988,7.453067,98.747856,154.84752,7.792648,-68.95065,276.9661,0.9457737,21.913189,0.009,96,768.3743
9/17/2026 1:04,41401.996,43874.39,28.663212,24.153425,1.0193994,28.518354,7.9355426,106.10399,166.34613,7.875053,-73.72856,262.2366,0.99109405,22.049652,0.018,96,768.3743
9/17/2026 1:34,41462.527,43921.047,28.697765,24.118164,1.0194203,28.548681,7.911431,105.84057,165.92784,7.881922,-74.129105,270.09964,1.1135162,22.069328,0.018,96,768.3743
9/17/2026 2:04,41520.73,43995.754,28.751692,24.084354,1.0194652,28.59724,7.751729,103.709274,162.59045,7.8678284,-73.31371,263.75293,0.99990404,22.054659,0,96,768.3743
9/17/2026 2:34,41500.605,44010.53,28.761194,24.096033,1.0194833,28.606846,7.61094,101.75681,159.53993,7.857984,-72.73674,265.30267,0.98877084,22.014128,0.018,96,768.3743
9/17/2026 3:04,41522.688,44054.445,28.79245,24.08322,1.0195132,28.63539,7.5389204,100.77061,157.99956,7.8579993,-72.73197,279.6793,1.0740014,21.99116,0.009,96,768.3743
9/17/2026 3:34,41558.84,44099.2,28.824806,24.06227,1.0195397,28.66448,7.4938965,100.17481,157.06723,7.8498316,-72.2599,301.08453,1.1378434,21.984003,0.009,96,768.3743
9/17/2026 4:04,41551.242,44125.367,28.842667,24.06667,1.0195634,28.68149,7.223882,96.50891,151.32867,7.820344,-70.552826,307.68396,1.0499536,21.945728,0.018,96,768.3743
9/17/2026 4:34,41433.066,44048.45,28.784962,24.135313,1.0195345,28.63149,7.0715327,94.349304,147.95529,7.778405,-68.125725,308.78067,0.8748635,21.891352,0.009,96,768.3743
9/17/2026 5:04,41411.53,44074.227,28.801985,24.147863,1.0195621,28.648247,6.92962,92.37439,144.87093,7.789063,-68.72654,303.5641,0.75041854,21.83697,0.009,96,768.3743
9/17/2026 5:34,41226.42,43973.367,28.725164,24.256289,1.0195328,28.58269,6.705304,89.17085,139.87079,7.7720103,-67.72041,309.5913,0.9137526,21.729404,0.009,96,768.3743
9/17/2026 6:04,40679.836,43467.016,28.354399,24.582203,1.0192751,28.25356,6.3781633,84.50443,132.56941,7.7277517,-65.15503,312.8195,0.6469958,21.642843,0.009,96,768.3743
9/17/2026 6:34,39555.94,42350.453,27.542318,25.280653,1.0186857,27.527794,6.003953,79.02995,124.00024,7.6544805,-60.920715,312.7098,0.4005103,21.545263,0.009,96,768.3743
9/17/2026 7:04,36790.84,39564.445,25.532038,27.18068,1.0172198,25.71689,5.531652,71.67973,112.50549,7.5171514,-52.986145,305.88626,0.48333037,21.329657,0.009,96,768.3743
9/17/2026 7:34,32355.393,35033.95,22.310078,30.90675,1.014866,22.772068,5.1456614,65.031746,102.12347,7.3244286,-41.866302,295.6104,0.2902066,20.997063,0,96,768.3743
9/17/2026 8:04,27596.977,30084.406,18.85857,36.235855,1.0123357,19.554865,4.705254,57.920074,91.00046,7.1459813,-31.590462,277.1759,0.2788077,20.671114,0,96,768.3743
9/17/2026 8:34,24268.99,26529.238,16.426506,41.204845,1.0105282,17.244005,4.5108504,54.603447,85.80649,7.0555196,-26.392937,249.75777,0.26125875,20.53935,0,96,768.3743
9/17/2026 9:04,22902.178,25027.895,15.412241,43.66397,1.009758,16.268131,4.4161954,53.154045,83.52711,7.007609,-23.63205,253.95393,0.30996934,20.5532,0,96,768.3743
9/17/2026 9:34,21530.34,23496.393,14.385587,46.446087,1.0089664,15.2726555,4.1995654,50.30593,79.04376,6.9602036,-20.985603,253.9873,0.25637925,20.619127,0,96,768.3743
9/17/2026 10:04,21592.445,23517.6,14.401074,46.312496,1.0089554,15.28644,4.1464815,49.76424,78.18148,6.944999,-20.141602,259.1324,0.3931965,20.714125,0.009,96,768.3743
9/17/2026 10:34,21056.83,22817.066,13.936595,47.49053,1.0085458,14.831094,4.1292357,49.654568,77.979996,6.932096,-19.435883,271.32034,0.086691365,20.960962,0.009,96,768.3743
9/17/2026 11:04,21283.9,22939.037,14.021193,46.98387,1.0085468,14.910375,3.9125323,47.30513,74.26051,6.9033747,-17.843246,279.83667,0.08021826,21.22232,0.009,96,768.3743
9/17/2026 11:34,20260.969,21536.078,13.095525,49.35598,1.007683,13.998451,4.389768,53.4661,83.84248,6.9152894,-18.553734,268.16846,0.059935607,21.9001,0.018,96,768.3743
9/17/2026 12:04,35740.438,35798.902,22.925486,27.979511,1.0142716,23.269287,9.1940775,125.13813,195.2046,7.858075,-73.456764,261.8885,0.059022654,24.914495,0.036,96,768.3743
9/17/2026 12:34,42454.312,43430.055,28.388273,23.554733,1.0186975,28.229536,10.5959015,145.97964,228.17244,8.02904,-83.09364,280.97153,0.5181779,23.823717,0.036,96,768.3743
9/17/2026 13:04,42843.45,43616.07,28.529747,23.340792,1.0187329,28.350447,10.828558,149.95795,234.28596,8.05843,-84.86748,283.24603,0.080333196,24.07256,0.036,96,768.3743
9/17/2026 13:34,43101.203,43529.113,28.47577,23.201208,1.0185728,28.293922,10.804306,150.65588,235.19879,8.059931,-85.07252,298.7671,0.23055133,24.485315,0.036,96,768.3743
9/17/2026 14:04,42619.35,42896.664,28.018867,23.46352,1.0181769,27.882832,9.267523,129.28493,201.76915,7.9442515,-78.401566,297.94693,0.5306484,24.661535,0.045,95,768.3743
9/17/2026 14:34,42728.848,42749.754,27.918392,23.403393,1.0180095,27.787342,9.70362,136.0257,212.16418,7.98563,-80.890656,301.39447,1.3411819,24.974398,0.045,95,768.3743
9/17/2026 15:04,42788.64,42273.316,27.584463,23.37069,1.0175612,27.477655,10.184914,144.13911,224.53072,8.030883,-83.70876,294.45172,0.9882733,25.638237,0.063,95,768.3743
9/17/2026 15:34,42820.97,42528.297,27.76478,23.353045,1.0177797,27.643394,10.270074,144.80069,225.68373,8.037951,-84.04255,299.00073,1.1026111,25.360304,0.063,95,768.3743
9/17/2026 16:04,42964.754,42850.918,27.99529,23.27489,1.018019,27.853098,9.999386,140.63252,219.28075,8.004854,-82.05414,303.4973,0.9237503,25.139088,0.045,95,768.3743
9/17/2026 16:34,43033.887,42908.477,28.037464,23.237501,1.0180465,27.890509,9.567672,134.62541,209.90855,7.974392,-80.28507,303.04907,4.103868,25.153023,0.045,95,768.3743
9/17/2026 17:04,42996.266,42744.688,27.921234,23.257833,1.017913,27.784046,9.836091,138.68097,216.16747,8.007086,-82.23057,296.2923,0.6514542,25.308144,0.054,95,768.3743
9/17/2026 17:34,42902.09,42603.65,27.819708,23.308887,1.0178192,27.692373,9.343456,131.79182,205.40579,7.9727488,-80.246925,300.91284,0.45776832,25.36676,0.063,95,768.3743
9/17/2026 18:04,43090.6,42852.23,27.999199,23.206917,1.0179768,27.85395,8.869778,125.07556,194.96658,7.918966,-77.09503,302.81543,0.6236697,25.291237,0.054,95,768.3743
9/17/2026 18:34,43161.95,42988,28.09654,23.168554,1.0180736,27.9422,8.157546,114.93876,179.19281,7.8310127,-71.95473,306.35358,0.17385478,25.211855,0.054,95,768.3743
9/17/2026 19:04,41850.387,41741.82,27.189463,23.894642,1.0174133,27.132183,7.995498,111.9294,174.52649,7.778969,-68.90774,300.2262,0.36249086,25.136171,0.054,95,768.3743
9/17/2026 19:34,38182.82,38168.266,24.613945,26.189789,1.0155102,24.809372,7.236263,99.625755,155.37642,7.602788,-58.631897,311.49866,0.5151155,25.019964,0.054,95,768.3743
9/17/2026 20:04,34716.01,34816.184,22.22956,28.805153,1.0137675,22.630518,6.4451337,87.276436,136.16042,7.403493,-47.011375,312.94345,0.38003868,24.849365,0.054,95,768.3743
9/17/2026 20:34,31069.963,31311.383,19.770319,32.185425,1.0119921,20.3524,5.738641,76.28638,119.07119,7.224988,-36.60202,305.62402,0.4709712,24.596321,0.045,95,768.3743
9/17/2026 21:04,28149.084,28482.266,17.81206,35.525135,1.01058,18.513474,5.209347,68.226746,106.53248,7.108623,-29.821396,281.63434,0.3848962,24.387547,0.054,95,768.3743
9/17/2026 21:34,25945.535,26350.148,16.352365,38.54228,1.0095365,17.127596,4.814409,62.3164,97.33787,7.032183,-25.367737,278.0628,0.40271267,24.196058,0.045,95,768.3743
9/17/2026 22:04,24152.268,24632.979,15.186874,41.40398,1.0087205,16.011436,4.473229,57.29033,89.522446,6.9797297,-22.330284,277.54785,0.3394412,23.978277,0.036,95,768.3743
9/17/2026 22:34,23122.096,23643.605,14.519789,43.248676,1.0082552,15.368343,4.2536635,54.14,84.61987,6.947613,-20.503998,278.99744,0.26511827,23.845177,0.036,95,768.3743
9/17/2026 23:04,22041.791,22605.266,13.823223,45.368362,1.007772,14.693422,3.9206417,49.567142,77.4933,6.922235,-19.059181,269.8803,0.2887487,23.69494,0.027,95,768.3743
9/17/2026 23:34,20772.977,21368.793,12.998882,48.139465,1.0071936,13.889715,3.7647762,47.238518,73.87289,6.9035883,-17.995834,289.68335,0.27559325,23.54018,0.027,95,768.3743
9/18/2026 0:04,19963.447,20595.803,12.485969,50.09155,1.0068467,13.387272,3.6851215,45.978592,71.92116,6.878329,-16.560555,266.94775,0.27623385,23.392506,0.027,95,768.3743
9/18/2026 0:34,18297.686,18942.176,11.397174,54.651722,1.0060734,12.312415,3.3706102,41.658676,65.183464,6.894555,-17.466545,265.46478,0.4490269,23.218634,0.027,95,768.3743
9/18/2026 1:04,40801.004,42590.508,27.752174,24.509201,1.0185047,27.68383,6.9215236,93.30389,146.09718,7.743224,-66.30421,289.27325,0.8364198,22.800182,0.018,95,768.3743
9/18/2026 1:34,41969.098,43863.254,28.675436,23.827055,1.0192196,28.511114,7.189623,97.33143,152.4193,7.800951,-69.62299,314.24524,0.94602,22.739098,0.018,95,768.3743
9/18/2026 2:04,42089.285,43999.797,28.774553,23.759016,1.019298,28.599869,7.256353,98.269554,153.89159,7.816531,-70.51945,319.5238,0.8135002,22.726652,0.018,95,768.3743
9/18/2026 2:34,42069.523,44028.72,28.79402,23.770176,1.0193285,28.618668,7.1747117,97.07724,152.03879,7.8090806,-70.07599,321.56467,0.8637115,22.670258,0.018,95,768.3743
9/18/2026 3:04,42102.62,44094.117,28.84068,23.75149,1.0193733,28.661177,7.187687,97.218636,152.26915,7.81129,-70.1952,313.73022,1.0999601,22.635357,0.018,95,768.3743
9/18/2026 3:34,42104.734,44115.246,28.855461,23.750298,1.0193903,28.67491,7.131216,96.42611,151.03326,7.8103037,-70.13321,322.8569,1.0519003,22.613922,0.018,95,768.3743
9/18/2026 4:04,42156.754,44182.89,28.904339,23.720991,1.0194315,28.718878,7.0710783,95.61477,149.76616,7.8018527,-69.64207,325.45566,0.9938821,22.599062,0.018,95,768.3743
9/18/2026 4:34,42113.98,44145.027,28.876501,23.745085,1.0194126,28.69427,6.8526244,92.632866,145.09737,7.7798195,-68.36891,325.97064,1.396837,22.591179,0.018,95,768.3743
9/18/2026 5:04,42090.938,44129.99,28.865244,23.758083,1.0194069,28.684494,6.6098194,89.32836,139.92369,7.743415,-66.26606,321.96997,0.5311438,22.580858,0.018,95,768.3743
9/18/2026 5:34,42053.977,44096.074,28.840366,23.778965,1.0193896,28.662449,6.2864,84.93685,133.04605,7.7178984,-64.79263,326.0374,0.6336973,22.575384,0.018,95,768.3743
9/18/2026 6:04,42088.016,44147.406,28.87726,23.759733,1.0194225,28.695814,6.3946624,86.390854,135.32762,7.721933,-65.021515,324.46863,0.6935425,22.557692,0.018,95,768.3743
9/18/2026 6:34,41913.4,43979.387,28.754332,23.858719,1.0193342,28.586601,6.175727,83.34811,130.56502,7.704723,-64.024925,322.63278,0.5643436,22.540508,0.018,95,768.3743
9/18/2026 7:04,41369.56,43393.83,28.328722,24.172363,1.0190074,28.205988,5.740767,77.310455,121.10355,7.6364717,-60.09102,305.42374,0.20527917,22.557653,0.018,95,768.3743
9/18/2026 7:34,40394.37,42360.633,27.57939,24.755924,1.0184374,27.534412,5.332763,71.52008,112.03092,7.553533,-55.308342,312.28064,0.12374535,22.569777,0.018,95,768.3743
9/18/2026 8:04,38491.68,40357.69,26.134323,25.979641,1.0173424,26.2325,4.9170804,65.40615,102.4523,7.4284606,-48.093796,309.7105,0.28488567,22.579222,0.027,95,768.3743
9/18/2026 8:34,34188.87,35877.652,22.939428,29.249285,1.0149417,23.320475,4.668143,60.907715,95.412865,7.2944307,-40.35473,286.89862,0.23100792,22.535572,0.018,95,768.3743
9/18/2026 9:04,30527.953,32050.389,20.254213,32.756863,1.0129223,20.832752,4.2468443,54.533012,85.430016,7.1499877,-32.019615,268.9314,0.2770588,22.51302,0.018,95,768.3743
9/18/2026 9:34,27563.537,28932.076,18.097778,36.279816,1.0112942,18.805851,3.8845644,49.271343,77.18587,7.0421786,-25.801659,271.79718,0.48956627,22.523466,0.018,95,768.3743
9/18/2026 10:04,25808.51,26987.393,16.76984,38.74691,1.0102447,17.541805,3.792104,47.896423,75.00824,6.995637,-23.13137,271.62076,0.4570709,22.712944,0.018,95,768.3743
9/18/2026 10:34,25280.139,26331.385,16.325922,39.556744,1.0098594,17.1154,3.6727767,46.43746,72.69927,6.9589086,-21.076202,272.96542,0.074681744,22.909754,0.018,95,768.3743
9/18/2026 11:04,25306.32,26197.373,16.238436,39.51582,1.0097126,17.028292,3.6891358,46.884743,73.360634,6.952857,-20.756721,272.26926,0.32465443,23.219212,0.036,95,768.3743
9/18/2026 11:34,24855.238,25530.04,15.789957,40.232967,1.0092704,16.594526,3.61089,46.103294,72.08796,6.9311004,-19.555092,281.77737,0.03981487,23.616144,0.045,95,768.3743
9/18/2026 12:04,22322.668,22574.2,13.807875,44.797512,1.0075676,14.673229,3.97565,50.918507,79.502304,6.939006,-20.05577,283.79916,0.05045352,24.416626,0.054,95,768.3743
9/18/2026 12:34,34691.676,34304.21,21.878115,28.82536,1.0132895,22.297737,8.8500185,121.16217,188.75607,7.798108,-70.12844,271.90686,0.6006657,25.591358,0.063,95,768.3743
9/18/2026 13:04,43582.516,44192.734,28.955477,22.94498,1.0189949,28.725277,10.28855,143.33833,223.86063,8.023321,-82.8886,296.46396,0.23785087,24.277061,0.045,95,768.3743
9/18/2026 13:34,43480.28,44435.516,29.123182,22.998932,1.0192376,28.883085,10.117354,140.1011,218.96413,8.0360365,-83.51326,307.9605,0.40373597,23.8745,0.036,95,768.3743
9/18/2026 14:04,43433.15,44582.67,29.225079,23.02389,1.0193788,28.978737,10.127484,139.7725,218.5378,8.04075,-83.72307,309.1383,0.4463824,23.650047,0.036,95,768.3743
9/18/2026 14:34,43176.098,44499.188,29.15864,23.160963,1.0193875,28.924473,10.044893,138.0768,215.9649,8.035824,-83.379745,312.61444,1.5687106,23.443306,0.027,95,768.3743
9/18/2026 15:04,43198.37,44588.61,29.221975,23.149021,1.0194567,28.982597,9.853353,135.31267,211.66954,8.023252,-82.63111,305.6097,0.50184876,23.367582,0.027,95,768.3743
9/18/2026 15:34,42997.645,44525.527,29.171438,23.257088,1.0194649,28.941593,9.60764,131.51839,205.79268,8.012909,-81.98738,313.84467,0.7944718,23.203415,0.027,95,768.3743
9/18/2026 16:04,42896.18,44607.395,29.225372,23.3121,1.0195652,28.994806,9.181329,125.251526,196.05782,7.986028,-80.37567,317.297,0.74723166,22.991535,0.027,95,768.3743
9/18/2026 16:34,42777.766,44506.637,29.151062,23.37663,1.0195161,28.929314,9.020732,122.95246,192.4674,7.975995,-79.78916,318.69888,0.65424556,22.966219,0.027,95,768.3743
9/18/2026 17:04,43017.31,44613.066,29.233307,23.246456,1.0195332,28.998493,8.923419,122.03141,190.97296,7.96749,-79.340935,312.00885,0.92572254,23.127285,0.027,95,768.3743
9/18/2026 17:34,42982.41,44589.504,29.21569,23.265331,1.0195239,28.983177,8.154038,111.470406,174.4498,7.8842354,-74.52488,316.9298,0.039250486,23.112986,0.018,95,768.3743
9/18/2026 18:04,43103.39,44647.953,29.26049,23.200031,1.0195364,29.02117,8.903961,121.91715,190.77399,7.95871,-78.84979,315.0034,0.46538264,23.188784,0.027,95,768.3743
9/18/2026 18:34,43133.453,44551.477,29.19393,23.18386,1.0194452,28.95846,8.996791,123.455925,193.13344,7.9662056,-79.32186,313.85898,0.31210306,23.333567,0.027,95,768.3743
9/18/2026 19:04,43300.62,44567.586,29.210436,23.094357,1.0194072,28.968931,8.760247,120.599045,188.60556,7.9428086,-78.01533,303.46393,0.592986,23.511625,0.027,95,768.3743
9/18/2026 19:34,42925.707,43861.117,28.703934,23.296064,1.0189186,28.509726,8.316239,114.90084,179.57574,7.8706055,-73.92883,308.8379,0.36057502,23.88342,0.036,95,768.3743
9/18/2026 20:04,41737.39,42375.125,27.630144,23.959332,1.0180143,27.54383,7.759588,107.16624,167.38817,7.767936,-68.0542,308.54224,0.51859224,24.212059,0.036,95,768.3743
9/18/2026 20:34,40729.227,41215.164,26.79344,24.552393,1.0173347,26.789856,7.1395035,98.42411,153.68542,7.6507006,-61.28788,308.0988,0.30437735,24.38271,0.036,95,768.3743
9/18/2026 21:04,36793.56,37172.82,23.894423,27.17867,1.0151284,24.162333,6.4373455,87.41241,136.47018,7.4746666,-51.083565,310.09198,0.19103949,24.46583,0.045,95,768.3743
9/18/2026 21:34,33406.67,33836.2,21.532093,29.934141,1.0133889,21.99353,5.657118,75.61306,118.077126,7.277382,-39.610863,313.9639,0.21818401,24.335373,0.045,95,768.3743
9/18/2026 22:04,31195.871,31696.42,20.032967,32.055523,1.0123074,20.602673,5.165152,68.25121,106.612465,7.1684256,-33.26893,303.5736,0.20981063,24.173195,0.036,95,768.3743
9/18/2026 22:34,28802.285,29405.787,18.44248,34.719467,1.0111802,19.113762,4.7143817,61.45734,96.042984,7.0800514,-28.119087,285.0437,0.3343511,23.925486,0.036,95,768.3743
9/18/2026 23:04,26960.918,27699.465,17.266737,37.090725,1.0103834,18.004654,4.3704615,56.264423,87.977974,7.02309,-24.790764,285.95447,0.20127638,23.60404,0.036,95,768.3743
9/18/2026 23:34,24782.104,25630.098,15.854149,40.3517,1.0094109,16.659563,4.126093,52.368298,81.93391,6.985407,-22.597313,289.06345,0.15053196,23.267754,0.027,95,768.3743
9/19/2026 0:04,23778.617,24735.441,15.246309,42.05459,1.0090302,16.078037,3.9056838,49.133907,76.91214,6.9505386,-20.608902,294.00348,0.16018395,22.974747,0.018,95,768.3743
9/19/2026 0:34,22225.326,23269.525,14.257978,44.993717,1.0083702,15.125192,3.8140984,47.425255,74.27813,6.934346,-19.674301,280.48993,0.12186624,22.65057,0.018,95,768.3743
9/19/2026 1:04,19345.314,20524.973,12.427728,51.692104,1.0071576,13.341232,3.7211342,45.223534,70.90661,6.93623,-19.73629,284.06143,0.13688856,21.990877,0,95,768.3743
9/19/2026 1:34,37967.066,40530.195,26.234608,26.338617,1.0176573,26.344627,5.3568673,70.15932,110.056946,7.4980392,-51.95141,235.54324,0.8025554,21.689007,0.009,95,768.3743
9/19/2026 2:04,41397.875,44351.086,28.993034,24.155828,1.0197937,28.828207,6.3098845,83.716095,131.3594,7.707346,-63.9534,303.4544,0.9535982,21.513765,0.009,95,768.3743
9/19/2026 2:34,41563.484,44593.734,29.167389,24.05958,1.0199449,28.985928,6.638968,88.05794,138.18771,7.7616253,-67.05761,316.04767,0.9645721,21.442286,0.009,95,768.3743
9/19/2026 3:04,41507.164,44628.52,29.189188,24.092226,1.0199893,29.00854,6.645542,87.98972,138.10313,7.7619553,-67.05284,317.1444,0.9067672,21.338175,0.009,95,768.3743
9/19/2026 3:34,41569.81,44619.914,29.185747,24.05592,1.0199646,29.002945,6.6524415,88.21207,138.4342,7.771251,-67.60597,324.22543,0.5583075,21.421072,0.009,95,768.3743
9/19/2026 4:04,41579.574,44649.332,29.20648,24.05027,1.0199858,29.022066,6.704392,88.878235,139.48416,7.7783036,-68.006516,327.91614,0.52828485,21.400387,0.009,95,768.3743
9/19/2026 4:34,41590.875,44637.39,29.198677,24.043736,1.0199729,29.014303,6.7555146,89.59476,140.60287,7.782512,-68.25447,331.52582,0.52897644,21.426685,0.009,95,768.3743
9/19/2026 5:04,41552.934,44646.48,29.203444,24.06569,1.0199909,29.020212,6.678743,88.491516,138.88336,7.7745166,-67.7824,319.7336,0.862572,21.372257,0.009,95,768.3743
9/19/2026 5:34,41459.8,44604.734,29.170832,24.11975,1.0199832,28.993078,6.5106316,86.14795,135.21864,7.753357,-66.55216,324.4734,0.40840167,21.308548,0.009,95,768.3743
9/19/2026 6:04,41432.715,44645.703,29.198025,24.135517,1.0200241,29.019707,5.985684,79.10441,124.17774,7.6941304,-63.13324,329.01288,0.37780848,21.232128,0,95,768.3743
9/19/2026 6:34,41289.523,44626.383,29.178795,24.21922,1.0200484,29.00715,6.1038365,80.44122,126.304886,7.704564,-63.700676,319.2854,0.45081973,21.085169,0,95,768.3743
9/19/2026 7:04,41126.64,44564.14,29.129055,24.31514,1.0200433,28.96669,6.1780224,81.2114,127.53833,7.708022,-63.872337,312.4666,0.32025522,20.961462,0,95,768.3743
9/19/2026 7:34,40507.79,44209.375,28.858463,24.686611,1.0199279,28.736094,5.98418,78.043045,122.626526,7.680128,-62.19864,313.90668,0.48530093,20.616304,0,95,768.3743
9/19/2026 8:04,39987.03,43698.027,28.48493,25.008108,1.0196605,28.403719,5.6494007,73.43068,115.39004,7.624605,-59.00383,317.39233,0.20984414,20.553736,0,95,768.3743
9/19/2026 8:34,39276.633,42963.285,27.951069,25.46043,1.0192668,27.926136,5.3572617,69.35564,108.993965,7.5604324,-55.31788,307.57428,0.037192658,20.507364,0,95,768.3743
9/19/2026 9:04,37143.625,40719.71,26.33123,26.92252,1.0180641,26.467812,5.1317725,65.67733,103.22957,7.4600363,-49.54815,290.67517,0.038946304,20.401989,0,95,768.3743
9/19/2026 9:34,34927.305,38324.78,24.619352,28.630896,1.0167762,24.911108,4.962567,62.823997,98.751114,7.3537445,-43.45417,284.9388,0.49091712,20.358658,0,95,768.3743
9/19/2026 10:04,31263.79,34315.18,21.789509,31.985886,1.0146345,22.304867,4.7856216,59.566547,93.63279,7.218877,-35.72941,276.82306,0.038044576,20.344372,0,95,768.3743
9/19/2026 10:34,29127.436,31781.432,20.0305,34.331894,1.013233,20.65793,4.764442,59.00575,92.71222,7.143733,-31.456947,267.0908,0.33322158,20.627865,0,95,768.3743
9/19/2026 11:04,27862.348,30195.7,18.940836,35.89073,1.0123284,19.627205,4.7708445,59.068893,92.7657,7.100742,-29.025078,270.28082,0.038380083,20.954226,0.009,95,768.3743
9/19/2026 11:34,26604.982,28613.492,17.860312,37.586945,1.0114199,18.59877,4.7225103,58.505905,91.8291,7.0698943,-27.28939,291.7099,0.114489295,21.324898,0.009,95,768.3743
9/19/2026 12:04,27252.094,29115.979,18.210434,36.694427,1.0116032,18.925386,4.60492,57.510986,90.22167,7.0512166,-26.245117,295.80594,0.036785282,21.648384,0.009,95,768.3743
9/19/2026 12:34,27347.518,28949.5,18.103415,36.56639,1.0114069,18.817175,4.666653,58.737377,92.07846,7.0393395,-25.601387,279.63638,0.038300067,22.102768,0.018,95,768.3743
9/19/2026 13:04,26081.072,27014.04,16.793844,38.34198,1.0101376,17.559126,6.3745375,81.23231,127.11034,7.1628194,-32.835007,271.6541,0.04012812,23.191814,0.018,95,768.3743
9/19/2026 13:34,39659.113,40476.11,26.25091,25.214886,1.0170515,26.309471,10.172522,138.72826,216.79182,8.03595,-83.527565,295.2862,0.25783736,23.943213,0.036,95,768.3743
9/19/2026 14:04,43061.754,44272.42,28.996248,23.222464,1.0192293,28.777073,11.517226,158.51582,247.87915,8.130601,-88.90152,302.08112,0.03867151,23.56828,0.027,95,768.3743
9/19/2026 14:34,43102.46,44346.5,29.049393,23.200531,1.01928,28.825226,11.83008,162.76582,254.54163,8.1691,-91.11881,303.06818,1.482305,23.531273,0.027,95,768.3743
9/19/2026 15:04,43134.992,44314.69,29.028097,23.183035,1.0192426,28.80455,12.065124,166.198,259.8748,8.182126,-91.89606,297.7085,0.11834629,23.606236,0.027,95,768.3743
9/19/2026 15:34,43100.445,44278.38,29.001602,23.201616,1.0192224,28.780947,12.011934,165.44272,258.69336,8.197275,-92.77344,302.05725,0.72869235,23.607178,0.027,95,768.3743
9/19/2026 16:04,43025.457,44319.074,29.027807,23.242054,1.0192806,28.807398,11.8738165,163.17621,255.21008,8.186142,-92.08679,302.88696,0.6499813,23.471794,0.018,95,768.3743
9/19/2026 16:34,42861.434,44339.527,29.036982,23.330997,1.0193489,28.820692,11.537624,157.95862,247.14297,8.164302,-90.75642,305.60016,1.2283026,23.254671,0.027,95,768.3743
9/19/2026 17:04,42700.11,44379.52,29.05972,23.419144,1.0194324,28.84669,11.042757,150.57326,235.6833,8.138155,-89.17332,305.2807,0.74714446,23.018742,0.027,95,768.3743
9/19/2026 17:34,42635.92,44387.73,29.063337,23.454401,1.0194588,28.852024,10.822122,147.3457,230.66486,8.123987,-88.329315,308.73776,1.5381248,22.933714,0.027,95,768.3743
9/19/2026 18:04,42601.77,44434.4,29.094767,23.473204,1.0195086,28.882359,10.624873,144.44742,226.16333,8.114146,-87.73327,310.50684,1.0311868,22.840656,0.018,95,768.3743
9/19/2026 18:34,42565.836,44410.43,29.076836,23.49302,1.0194993,28.86678,10.271498,139.5909,218.56508,8.081112,-85.82115,307.53613,0.941059,22.825386,0.018,95,768.3743
9/19/2026 19:04,42486.348,44409.895,29.073776,23.536972,1.0195228,28.86643,10.163751,137.89546,215.94432,8.082488,-85.873604,304.12674,0.92757744,22.73228,0.027,95,768.3743
9/19/2026 19:34,42458.49,44379.332,29.05152,23.552416,1.0195055,28.846565,10.298615,139.71136,218.78743,8.096935,-86.70807,307.1499,0.8864257,22.733906,0.009,95,768.3743
9/19/2026 20:04,42457.324,44382.125,29.05343,23.553062,1.0195082,28.848383,10.159119,137.80951,215.81078,8.090515,-86.336136,306.983,0.7681344,22.729382,0.009,95,768.3743
9/19/2026 20:34,42240.254,44162.79,28.893194,23.6741,1.0193894,28.705814,9.745788,132.05972,206.80952,8.05446,-84.25236,305.5811,0.47004825,22.720789,0.018,95,768.3743
9/19/2026 21:04,41057.035,42851.332,27.941584,24.356361,1.0186458,27.853367,9.216748,124.3972,194.78128,7.973514,-79.603195,303.30182,0.5116532,22.80772,0.018,95,768.3743
9/19/2026 21:34,37578.86,39303.7,25.380959,26.610706,1.0167398,25.547405,8.149223,108.16654,169.39734,7.794657,-69.25106,311.78473,0.31113505,22.70236,0.018,95,768.3743
9/19/2026 22:04,34752.01,36410.71,23.318272,28.775312,1.0152063,23.666962,7.176443,93.97527,147.19424,7.583714,-57.058334,320.31537,0.4180888,22.614908,0.018,95,768.3743
9/19/2026 22:34,32469.324,34098.848,21.68579,30.7983,1.0140058,22.164251,6.473434,83.79368,131.27228,7.405956,-46.782494,321.41687,0.21484101,22.497997,0.018,95,768.3743
9/19/2026 23:04,30634.08,32321.697,20.43878,32.643383,1.013126,21.009102,5.938589,75.99498,119.10022,7.293496,-40.26413,315.17505,0.100176424,22.266329,0.018,95,768.3743
9/19/2026 23:34,28356.053,30101.92,18.894442,35.26584,1.0120393,19.56625,5.4608226,68.87283,107.99145,7.1861362,-34.041405,316.75815,0.13354793,21.963428,0.009,95,768.3743
9/20/2026 0:04,26423.373,28249.398,17.61584,37.845284,1.0111626,18.362108,5.0640235,62.98778,98.81863,7.109888,-29.616356,304.28888,0.35257024,21.615734,0.009,95,768.3743
9/20/2026 0:34,24941.701,26828.795,16.642385,40.093494,1.0105021,17.438717,4.8272686,59.37138,93.18861,7.0645947,-26.984215,272.93683,0.23669101,21.317364,0.009,95,768.3743
9/20/2026 1:04,24295.344,26309.453,16.284851,41.16015,1.010312,17.101145,4.6809063,57.101055,89.6701,7.0435104,-25.744438,266.0513,0.1141893,20.991905,0,95,768.3743
9/20/2026 1:34,22822.035,24892.912,15.322758,43.817303,1.0096687,16.180393,4.668903,56.263638,88.40152,7.0323114,-25.072098,282.47357,0.16213292,20.644428,0,95,768.3743
9/20/2026 2:04,21896.307,24026,14.736319,45.669804,1.0092928,15.6169,4.4300976,52.913963,83.17378,7.029156,-24.867058,279.18338,0.20529485,20.359102,0,95,768.3743
9/20/2026 2:34,35998.355,39920.67,25.74073,27.779047,1.0177526,25.948437,6.97437,88.04743,138.50032,7.6206346,-58.636665,295.1908,0.84434795,19.855877,0,95,768.3743
9/20/2026 3:04,38921.73,42980.387,27.946918,25.692589,1.019379,27.937252,7.0378885,90.3524,142.08505,7.7396345,-65.48405,312.23773,1.1541597,20.055998,0,95,768.3743
9/20/2026 3:34,39532.996,43654.938,28.435076,25.295326,1.0197498,28.37571,7.12309,91.71105,144.22154,7.7893124,-68.326,323.45294,0.99560887,20.056494,0,95,768.3743
9/20/2026 4:04,39849.395,43942.89,28.64637,25.094484,1.0198936,28.562878,7.283558,94.009895,147.82234,7.825794,-70.42885,327.26764,1.0067233,20.122778,0,95,768.3743
9/20/2026 4:34,39262.836,43538.566,28.343102,25.469378,1.01973,28.300068,7.2329865,92.733086,145.87042,7.7821126,-67.86823,331.7356,1.2528696,19.858345,0,95,768.3743
9/20/2026 5:04,39333.18,43639.133,28.41496,25.423828,1.0197909,28.365437,7.288241,93.438896,146.98581,7.7895527,-68.28785,325.43182,1.020125,19.833939,0,95,768.3743
9/20/2026 5:34,39529.47,43788.613,28.526138,25.297583,1.0198567,28.462599,7.2382126,92.98567,146.2574,7.802096,-69.02218,334.41544,1.028065,19.90754,0,95,768.3743
9/20/2026 6:04,39910.65,44047.363,28.72062,25.05597,1.0199602,28.630787,7.1206193,91.87924,144.48044,7.8066244,-69.322586,338.21582,1.1639745,20.082975,0,95,768.3743
9/20/2026 6:34,39669.2,43924.047,28.62513,25.208475,1.0199269,28.55063,7.098556,91.28036,143.57082,7.7853317,-68.068504,339.18857,0.986397,19.928358,0,95,768.3743
9/20/2026 7:04,39645.05,43929.11,28.627443,25.22383,1.0199372,28.55392,6.7504473,86.74997,136.45189,7.732177,-65.021515,336.8616,0.5586187,19.894133,0,95,768.3743
9/20/2026 7:34,39553.54,43901.46,28.604252,25.282188,1.0199395,28.53595,6.7340775,86.40005,135.91695,7.7354045,-65.18841,337.0714,0.7239902,19.81475,0,95,768.3743
9/20/2026 8:04,39491.973,43922.72,28.615797,25.321602,1.0199727,28.549767,6.72717,86.16253,135.56194,7.7483807,-65.90843,336.65656,1.157846,19.718536,0,95,768.3743
9/20/2026 8:34,39259.582,43790.18,28.514297,25.471489,1.0199292,28.463617,6.7644143,86.36887,135.91266,7.736557,-65.20271,334.05304,0.7553867,19.583168,0,95,768.3743
9/20/2026 9:04,39001.867,43601.555,28.373407,25.639797,1.0198486,28.341011,6.6591825,84.78531,133.4407,7.709828,-63.652992,326.78604,0.530925,19.47677,0,95,768.3743
9/20/2026 9:34,38549.633,43132.098,28.032433,25.940584,1.0195987,28.035864,6.3334737,80.4161,126.57112,7.6491656,-60.181618,328.53125,0.49887428,19.43756,0,95,768.3743
9/20/2026 10:04,37940.95,42363.676,27.481926,26.356747,1.0191561,27.53639,5.963332,75.60635,118.984665,7.5783396,-56.157112,332.98016,0.5596812,19.534082,0,95,768.3743
9/20/2026 10:34,36631.754,40847.152,26.394579,27.29872,1.0183136,26.55065,5.746276,72.471634,114.04135,7.528454,-53.31993,325.68454,0.47537753,19.596895,0,95,768.3743
9/20/2026 11:04,35955.695,40038.547,25.818205,27.812006,1.0178597,26.025057,5.4215975,68.22591,107.350494,7.457718,-49.290657,325.79422,0.44290224,19.661097,0,95,768.3743
9/20/2026 11:34,32646.285,36352.395,23.201826,30.631357,1.0158722,23.629055,5.0879183,63.043922,99.19669,7.344281,-42.81044,323.20978,0.9170799,19.662325,0,95,768.3743
9/20/2026 12:04,29981.514,33413.52,21.140722,33.353886,1.0143175,21.718788,4.9428697,60.45794,95.13317,7.221167,-35.772324,325.92297,0.38941926,19.622349,0,95,768.3743
9/20/2026 12:34,28592.193,31874.328,20.070997,34.974583,1.0135094,20.718313,4.6898007,56.985714,89.67119,7.1596684,-32.258034,318.2268,0.33875948,19.608845,0,95,768.3743
9/20/2026 13:04,26972.215,30102.959,18.847298,37.07519,1.0125941,19.566923,4.530604,54.597675,85.919975,7.1234503,-30.183792,306.89716,0.4499584,19.554909,0,95,768.3743
9/20/2026 13:34,25275.115,28240.107,17.570421,39.564606,1.0116383,18.35607,4.5167356,53.96677,84.93334,7.1029997,-29.010773,294.4851,0.45727548,19.503021,0,95,768.3743
9/20/2026 14:04,33204.453,36756.83,23.495552,30.116442,1.0160276,23.89194,7.3815594,92.104706,144.86496,7.6496096,-60.310364,310.91214,0.8806079,19.940035,0,95,768.3743
9/20/2026 14:34,37400.906,41040.5,26.559977,26.73732,1.0182492,26.676325,7.6478386,97.928505,153.93118,7.8017464,-69.10801,329.98083,1.078373,20.356915,0,95,768.3743
9/20/2026 15:04,39083.89,42774.78,27.813875,25.585989,1.0191691,27.803608,7.6749234,99.23428,155.95477,7.854751,-72.17407,317.81195,0.9114689,20.482376,0,95,768.3743
9/20/2026 15:34,39489.504,43214.332,28.132015,25.323185,1.0194095,28.089315,7.6260653,98.79625,155.26526,7.8626375,-72.62707,328.65524,1.1333736,20.48721,0,95,768.3743
9/20/2026 16:04,39596.906,43313.035,28.204237,25.254498,1.019459,28.153475,7.5862656,98.36021,154.57518,7.86363,-72.68906,332.09802,1.0101585,20.508009,0,95,768.3743
9/20/2026 16:34,39513.652,43255.086,28.160948,25.307709,1.0194355,28.115807,7.479478,96.88539,152.26578,7.8464746,-71.697235,335.35004,1.3876817,20.471365,0,95,768.3743
9/20/2026 17:04,39529.44,43297.234,28.19047,25.2976,1.019465,28.143202,7.597937,98.38707,154.63213,7.850088,-71.89751,332.4032,2.405038,20.443897,0,95,768.3743
9/20/2026 17:34,39640.5,43412.227,28.274023,25.226725,1.0195266,28.217947,7.604097,98.5285,154.85275,7.8558836,-72.23129,337.32416,1.0379709,20.451221,0,95,768.3743
9/20/2026 18:04,39868.83,43631.305,28.434044,25.082253,1.0196394,28.36035,7.6679196,99.51141,156.38966,7.8691387,-72.999,337.05234,1.4451421,20.48516,0.009,95,768.3743
9/20/2026 18:34,39913.355,43660.656,28.456099,25.05427,1.0196506,28.379427,7.6539426,99.38193,156.18123,7.876371,-73.41862,337.286,1.2525214,20.506393,0,95,768.3743
9/20/2026 19:04,40160.87,43899.72,28.630795,24.899858,1.0197746,28.534819,7.632115,99.26371,155.98744,7.888786,-74.13864,331.5115,1.5621814,20.540947,0.009,95,768.3743
9/20/2026 19:34,40066.92,43830.004,28.57888,24.958244,1.0197443,28.489504,7.3293467,95.23357,149.6623,7.851575,-71.99764,336.94745,1.7128226,20.504906,0,95,768.3743
9/20/2026 20:04,39974,43783.016,28.542587,25.01626,1.0197322,28.45896,7.231957,93.84449,147.4924,7.839094,-71.26808,330.18112,2.0433183,20.445152,0,95,768.3743
9/20/2026 20:34,39661.926,43542.31,28.363962,25.213097,1.0196248,28.302502,6.9593506,90.02727,141.51617,7.7866,-68.2354,331.16818,1.3743587,20.334162,0,95,768.3743
9/20/2026 21:04,39321.758,43300.81,28.183647,25.431213,1.019525,28.145527,6.304366,81.24867,127.744156,7.650798,-60.429573,330.38617,0.9441677,20.188833,0,95,768.3743
9/20/2026 21:34,38904.586,42930.703,27.91228,25.70391,1.019344,27.904957,5.760968,73.990814,116.349655,7.514882,-52.633286,331.72607,0.6992802,20.08996,0,95,768.3743
9/20/2026 22:04,37957,41943.234,27.197506,26.345602,1.0188174,27.263103,5.5894947,71.39849,112.28398,7.461485,-49.567223,326.4761,0.6172825,20.024145,0,95,768.3743
9/20/2026 22:34,35730.387,39568.52,25.491451,27.987383,1.0175471,25.719538,5.231289,66.025894,103.8502,7.3643837,-43.997765,321.38348,0.35625085,19.921486,0,95,768.3743
9/20/2026 23:04,33525.953,37257.98,23.844196,29.827639,1.0163372,24.217688,4.9531784,61.716873,97.09575,7.262853,-38.170815,311.718,0.33553582,19.755644,0,95,768.3743
9/20/2026 23:34,29754.305,33205.08,20.993835,33.60858,1.0142213,21.583302,4.650083,56.75883,89.32045,7.1436496,-31.337738,290.31277,0.42790195,19.559002,0,95,768.3743
9/21/2026 0:04,26268.426,29432.088,18.38256,38.068516,1.0122842,19.130856,4.3239408,51.782158,81.51011,7.0508404,-26.021004,260.73456,0.44730887,19.372238,0,95,768.3743
9/21/2026 0:34,23520.912,26443.469,16.34411,42.515358,1.0107747,17.188255,4.1148734,48.53726,76.41918,6.9845343,-22.239685,251.5936,0.29694396,19.213564,0,95,768.3743
9/21/2026 1:04,21668.514,24425.781,14.983375,46.149914,1.0097705,15.876758,3.9556327,46.17247,72.70835,6.953341,-20.494461,260.70117,0.21905267,19.089869,0,95,768.3743
9/21/2026 1:34,19880.98,22466.79,13.675033,50.29933,1.008804,14.603413,3.8598871,44.605152,70.25141,6.9076247,-17.943382,267.8299,0.20438111,18.974098,0,95,768.3743
9/21/2026 2:04,18719.941,21207.314,12.840126,53.418972,1.0081959,13.784755,3.7778125,43.34282,68.27397,6.895917,-17.285347,255.7373,0.17339663,18.859241,0,95,768.3743
9/21/2026 2:34,17340.627,19718.498,11.859975,57.66804,1.0074894,12.817024,3.8419552,43.673454,68.810844,6.8918962,-17.051697,255.40352,0.32407323,18.686342,0,95,768.3743
9/21/2026 3:04,36422.473,40295.312,26.012495,27.455578,1.0179312,26.191954,5.607681,71.05657,111.755325,7.535277,-53.777695,246.42468,0.7805082,19.967989,0,95,768.3743
9/21/2026 3:34,40146.59,44072.336,28.748468,24.908716,1.0199165,28.647018,6.3327184,82.11041,129.07106,7.7386236,-65.488815,299.03888,0.55510914,20.336384,0.009,95,768.3743
9/21/2026 4:04,40302.516,44247.266,28.875347,24.812347,1.020014,28.760721,6.709048,87.048485,136.83417,7.7913547,-68.507195,314.86987,0.7012766,20.332335,0,95,768.3743
9/21/2026 4:34,40303.316,44262.523,28.885836,24.811853,1.020026,28.77064,6.7100906,87.04252,136.82791,7.802661,-69.150925,324.4257,0.79172665,20.316845,0,95,768.3743
9/21/2026 5:04,40351.54,44299.87,28.913609,24.782202,1.0200428,28.794918,6.8352213,88.70771,139.44206,7.815583,-69.89479,321.26904,0.92876595,20.333647,0,95,768.3743
9/21/2026 5:34,40314.33,44232.562,28.865799,24.805077,1.0199991,28.751165,6.7649055,87.81659,138.03549,7.811301,-69.65637,330.7295,0.87230474,20.362167,0,95,768.3743
9/21/2026 6:04,40628.887,44415.426,29.005276,24.61303,1.0200601,28.870028,6.858159,89.38708,140.46774,7.822729,-70.352554,333.80984,0.407909,20.5365,0,95,768.3743
9/21/2026 6:34,40741.43,44423.414,29.015696,24.54504,1.0200359,28.87522,6.901563,90.16365,141.66183,7.824623,-70.49084,335.50262,0.26551196,20.660528,0.009,95,768.3743
9/21/2026 7:04,40696.6,44416.406,29.008926,24.572077,1.0200424,28.870663,6.653302,86.84451,136.45619,7.796692,-68.87913,333.37115,0.25480416,20.615263,0,95,768.3743
9/21/2026 7:34,40693.18,44370.652,28.97733,24.574142,1.0200067,28.840925,6.8423104,89.36972,140.41444,7.8192987,-70.18566,337.38135,0.366243,20.660694,0,95,768.3743
9/21/2026 8:04,40318.83,44303.93,28.914917,24.802309,1.0200547,28.797554,6.341462,82.23488,129.27542,7.747631,-65.99426,338.04895,0.13639222,20.290619,0,95,768.3743
9/21/2026 8:34,40575.03,44420.176,29.006142,24.645699,1.0200784,28.873116,6.6381836,86.41124,135.8052,7.7862244,-68.244934,330.68658,0.31134728,20.467903,0.009,95,768.3743
9/21/2026 9:04,40399.383,44366.273,28.961288,24.752853,1.0200828,28.838078,6.615659,85.85879,134.96674,7.7751703,-67.57736,321.7554,0.3256244,20.318727,0,94,768.3743
9/21/2026 9:34,39257.992,43370.39,28.22822,25.47252,1.0195979,28.190754,6.57717,84.54611,132.95822,7.7354627,-65.24086,325.39844,0.0765054,20.035583,0,94,768.3743
9/21/2026 10:04,39088.855,43161.332,28.077892,25.582739,1.0194774,28.054867,6.3088975,81.06216,127.47479,7.685021,-62.360764,325.1791,0.18774842,20.059961,0,94,768.3743
9/21/2026 10:34,37378.383,41322.438,26.750242,26.753431,1.0184829,26.859585,6.2913575,80.12016,126.0039,7.623205,-58.813095,320.72543,0.0982832,20.002834,0,94,768.3743
9/21/2026 11:04,36117.14,39862.742,25.706913,27.687685,1.0176711,25.910782,6.1203933,77.57642,121.98968,7.5493355,-54.602623,307.9176,0.10166383,20.080498,0,94,768.3743
9/21/2026 11:34,33282.1,36634.305,23.41689,30.046179,1.0159014,23.812298,6.0558906,75.91118,119.34865,7.444109,-48.60401,320.90186,0.08381493,20.20919,0,94,768.3743
9/21/2026 12:04,29320.217,32077.662,20.233171,34.10616,1.0134178,20.850481,5.783834,71.54312,112.433,7.28405,-39.482117,321.28812,0.04048349,20.499395,0,94,768.3743
9/21/2026 12:34,25801.83,28008.586,17.43885,38.75694,1.0112123,18.205582,5.574959,68.318184,107.30433,7.185582,-33.88405,320.8637,0.110667095,20.874945,0,94,768.3743
9/21/2026 13:04,23478.08,25265.293,15.58321,42.592922,1.0097078,16.42244,5.5012517,67.21718,105.50671,7.092767,-28.600693,302.5961,0.2029473,21.29645,0.009,94,768.3743
9/21/2026 13:34,22186.145,23653.465,14.5052805,45.073177,1.0087824,15.374753,5.5586143,68.071014,106.770355,7.0608354,-26.807785,318.20773,0.039797746,21.752144,0,94,768.3743
9/21/2026 14:04,21005.729,22187.307,13.531239,47.60606,1.0079339,14.42175,5.6702905,69.64102,109.15196,7.041989,-25.763512,327.15796,0.06264939,22.211796,0.018,94,768.3743
9/21/2026 14:34,19467.285,20337.082,12.310391,51.368233,1.0068768,13.219103,5.9579854,73.40293,114.9435,7.0449586,-25.982857,333.94336,0.16839527,22.760784,0.018,94,768.3743
9/21/2026 15:04,35951.68,36820.24,23.631365,27.815111,1.0151278,23.933155,10.147375,135.89072,212.42523,8.059863,-84.86271,288.02396,0.42094904,23.764965,0.027,94,768.3743
9/21/2026 15:34,42540.58,44132.797,28.882221,23.506968,1.0192722,28.686317,11.972333,163.34822,255.6388,8.200124,-92.782974,307.81268,0.7678507,23.111103,0.018,94,768.3743
9/21/2026 16:04,42526.33,44394.2,29.064188,23.514845,1.0194974,28.85623,11.573415,157.19345,246.13812,8.188696,-92.0248,310.48297,0.39263958,22.797138,0.018,94,768.3743
9/21/2026 16:34,42362.12,44383.816,29.05134,23.605995,1.0195383,28.849482,11.694365,158.31075,247.96333,8.190833,-92.09156,309.32428,0.8683027,22.615168,0.018,94,768.3743
9/21/2026 17:04,42279.29,44406.52,29.064274,23.652243,1.019582,28.864237,11.668945,157.63156,246.95012,8.190506,-92.03434,304.05045,0.47884575,22.491962,0.018,94,768.3743
9/21/2026 17:34,42132.15,44408.285,29.060287,23.734844,1.0196273,28.865387,11.387303,153.34143,240.29868,8.176481,-91.171265,310.92166,0.73184854,22.316504,0.018,94,768.3743
9/21/2026 18:04,41895.242,44480.637,29.101866,23.869059,1.0197569,28.912413,10.439948,139.71327,219.07039,8.109007,-87.17537,317.12054,0.5021523,21.95686,0.009,94,768.3743
9/21/2026 18:34,41683.81,44478.797,29.092556,23.99013,1.0198164,28.911219,9.400222,125.23374,196.44408,8.036917,-82.95536,322.58032,0.5590271,21.710016,0.009,94,768.3743
9/21/2026 19:04,41650.727,44517.508,29.118078,24.009186,1.0198578,28.93638,8.940853,118.955826,186.62054,8.005312,-81.11477,319.48566,0.4856601,21.628445,0.009,94,768.3743
9/21/2026 19:34,41571.29,44497.312,29.100998,24.055063,1.019864,28.923254,8.551168,113.613365,178.25923,7.9787836,-79.56982,327.33917,0.43485916,21.55721,0.009,94,768.3743
9/21/2026 20:04,41587.977,44547.69,29.13652,24.045412,1.0199004,28.956,8.444623,112.14835,175.97054,7.970491,-79.08344,329.22745,0.743582,21.521507,0.009,94,768.3743
9/21/2026 20:34,41510.777,44495.035,29.09704,24.09013,1.0198792,28.921772,8.265424,109.67749,172.10245,7.947253,-77.73876,329.30374,0.28737587,21.48851,0.009,94,768.3743
9/21/2026 21:04,41451.34,44513.035,29.107115,24.124672,1.0199108,28.933474,8.112769,107.48326,168.68301,7.9332266,-76.909065,319.9673,0.5168724,21.398846,0.009,94,768.3743
9/21/2026 21:34,41299.24,44499.5,29.09162,24.213522,1.0199426,28.924675,7.941139,104.88655,164.6498,7.9105606,-75.564384,318.18866,0.2934117,21.234722,0.009,94,768.3743
9/21/2026 22:04,41211.992,44480.844,29.075174,24.264782,1.0199519,28.912548,7.8484983,103.497635,162.49014,7.8770456,-73.61889,318.90393,0.08715588,21.152407,0.009,94,768.3743
9/21/2026 22:34,40879.25,44121.477,28.813694,24.462288,1.0197536,28.67896,8.001686,105.356544,165.40854,7.871813,-73.31848,315.85693,0.24423334,21.152664,0.009,94,768.3743
9/21/2026 23:04,39908.59,43053.387,28.039253,25.057262,1.01916,27.984703,8.010209,105.035484,164.89862,7.840158,-71.5065,302.84406,0.03820441,21.175701,0,94,768.3743
9/21/2026 23:34,37860.56,40846.7,26.4469,26.412712,1.0179539,26.550354,7.652917,99.41301,156.07251,7.7633595,-67.09576,302.54364,0.03877916,21.172459,0.009,94,768.3743
9/22/2026 0:04,34857.68,37623.273,24.143465,28.688084,1.0162144,24.455128,7.1803675,91.989075,144.42204,7.6271644,-59.27086,303.9217,0.2776318,21.15144,0,94,768.3743
9/22/2026 0:34,31827.97,34441.926,21.8951,31.418905,1.0145446,22.38725,6.6139297,83.43066,131.01056,7.44283,-48.666,308.8379,0.06953625,21.026464,0,94,768.3743
9/22/2026 1:04,29387.191,31950.152,20.151316,34.02843,1.0132818,20.7676,6.07777,75.56786,118.70451,7.3064594,-40.807724,299.29163,0.23920925,20.80013,0.009,94,768.3743
9/22/2026 1:34,27405.355,29967.467,18.775093,36.48922,1.0123082,19.478855,5.619841,68.95281,108.358284,7.2008524,-34.718513,299.43466,0.040909704,20.523748,0.009,94,768.3743
9/22/2026 2:04,26004.373,28621.463,17.84538,38.45507,1.0116798,18.603952,5.258407,63.789543,100.290344,7.1300135,-30.62725,301.00824,0.093184836,20.212671,0,94,768.3743
9/22/2026 2:34,24344.424,26993.557,16.729412,41.077168,1.0109175,17.54581,4.9937716,59.78039,94.0349,7.0907836,-28.34797,304.5082,0.052852113,19.861809,0,94,768.3743
9/22/2026 3:04,23517.094,26235.44,16.210415,42.522263,1.0105908,17.053036,4.6602597,55.311855,87.04138,7.0646343,-26.826859,291.85773,0.61580634,19.57521,0,94,768.3743
9/22/2026 3:34,22128.676,24842.574,15.266388,45.19023,1.0099424,16.147675,4.5603323,53.518124,84.253456,7.0383635,-25.30098,272.90344,0.08054884,19.280426,0,94,768.3743
9/22/2026 4:04,20728.783,23408.889,14.30222,48.2421,1.0092728,15.215778,4.3120522,50.04736,78.81928,7.00359,-23.283958,249.83406,0.07791667,19.00571,0,94,768.3743
9/22/2026 4:34,39436.312,43394.723,28.252956,25.35734,1.0195688,28.20657,6.4334846,83.00092,130.49239,7.705488,-63.56716,267.38644,0.41239315,20.22415,0,94,768.3743
9/22/2026 5:04,40642.242,44480.14,29.0503,24.604942,1.0201082,28.91209,6.8263493,88.90776,139.72574,7.798733,-68.96496,298.32364,0.2254177,20.482544,0,94,768.3743
9/22/2026 5:34,40638.316,44530.426,29.084646,24.607319,1.0201495,28.944777,6.9965053,91.04391,143.09532,7.825364,-70.47653,307.89374,0.14955983,20.423908,0,94,768.3743
9/22/2026 6:04,40669.53,44604.98,29.137217,24.588432,1.0202005,28.993238,6.98598,90.86261,142.81949,7.828876,-70.66727,316.12396,0.30836228,20.380686,0.018,94,768.3743
9/22/2026 6:34,40633.062,44583.17,29.120605,24.6105,1.0201931,28.979061,6.9790792,90.731606,142.61766,7.828958,-70.66727,321.24518,0.5916997,20.361212,0,94,768.3743
9/22/2026 7:04,40599.6,44604.926,29.134018,24.630783,1.0202192,28.993202,6.9535837,90.30297,141.95697,7.8253064,-70.44315,319.95297,0.0409933,20.29866,0,94,768.3743
9/22/2026 7:34,40563.434,44576.402,29.11281,24.652746,1.0202062,28.97466,7.095455,92.113335,144.80547,7.841099,-71.344376,328.0163,0.2888888,20.286673,0,94,768.3743
9/22/2026 8:04,40618.41,44625.81,29.149195,24.619379,1.0202309,29.006777,7.0954795,92.15341,144.86594,7.8412156,-71.35391,332.7942,0.39089537,20.298428,0,94,768.3743
9/22/2026 8:34,40587.766,44588.414,29.122154,24.637966,1.0202092,28.98247,7.2364902,93.97679,147.73146,7.8493605,-71.82121,333.86707,0.040182184,20.30241,0,94,768.3743
9/22/2026 9:04,40408.56,44572.56,29.103054,24.747232,1.0202444,28.972164,6.933696,89.712555,141.06802,7.7998505,-68.94112,311.87057,0.46134076,20.108866,0,94,768.3743
9/22/2026 9:34,40395.508,44571.324,29.101606,24.755228,1.0202469,28.971361,6.8122663,88.1179,138.56331,7.787323,-68.22109,312.45233,1.0841135,20.094847,0,94,768.3743
9/22/2026 10:04,40508.176,44621.19,29.140984,24.686375,1.0202565,29.003775,7.2760353,94.27674,148.2309,7.834745,-70.95337,316.80585,0.22010732,20.174013,0,94,768.3743
9/22/2026 10:34,40371.703,44504.535,29.054766,24.769825,1.0202003,28.927948,7.2786546,94.200035,148.11803,7.824064,-70.33348,318.2745,0.2094828,20.138056,0,94,768.3743
9/22/2026 11:04,38936.168,43117.02,28.040653,25.683062,1.0194837,28.026064,6.9632425,89.222984,140.33589,7.7380676,-65.36484,313.93527,0.45763016,19.923288,0,94,768.3743
9/22/2026 11:34,37867.57,41892.805,27.159214,26.40782,1.018802,27.230324,6.768259,86.348175,135.80518,7.678604,-61.974525,315.72818,0.041029457,19.969416,0,94,768.3743
9/22/2026 12:04,35845.36,39667.664,25.56336,27.897614,1.0175934,25.783981,6.4980583,82.1006,129.12741,7.576427,-56.1285,315.14645,0.040748708,19.955067,0,94,768.3743
9/22/2026 12:34,33429.098,36952.73,23.636002,29.914059,1.0161173,24.019274,6.246018,78.09964,122.8254,7.4702044,-50.063133,321.61713,0.03650286,20.007584,0,94,768.3743
9/22/2026 13:04,30380.023,33451.797,21.182188,32.916367,1.0142117,21.74367,6.1011405,75.45341,118.63187,7.3425937,-42.791367,318.00748,0.035506032,20.19231,0,94,768.3743
9/22/2026 13:34,28712.883,31409.537,19.770119,34.82757,1.0130659,20.4162,5.8546047,72.22924,113.51031,7.259817,-38.09452,314.47888,0.76100993,20.504992,0,94,768.3743
9/22/2026 14:04,26599.47,28966.527,18.091455,37.594734,1.0117432,18.828243,5.650645,69.310844,108.88868,7.1801515,-33.55503,310.08243,0.067381814,20.721626,0,94,768.3743
9/22/2026 14:34,24566.357,26650.186,16.514595,40.706074,1.0105063,17.32262,5.5786905,68.03452,106.853714,7.1202736,-30.140877,309.58176,0.039792247,20.906183,0,94,768.3743
9/22/2026 15:04,23294.14,25112.062,15.478629,42.92925,1.00965,16.32284,5.6408,68.768234,107.955795,7.086105,-28.209686,317.08716,0.03794353,21.209824,0.009,94,768.3743
9/22/2026 15:34,21711.863,23352.508,14.298605,46.05777,1.0087321,15.179131,6.1516023,74.63719,117.148865,7.102933,-29.187202,323.3814,0.051492866,21.321695,0.009,94,768.3743
9/22/2026 16:04,37062.285,39158.527,25.264772,26.981607,1.0167884,25.453043,9.1533,120.3112,188.57442,8.080134,-85.58273,301.27527,0.1596196,22.197268,0.009,94,768.3743
9/22/2026 16:34,41527.24,44136.04,28.849157,24.08058,1.0195793,28.688425,10.895299,145.45758,228.09637,8.184898,-91.52889,311.93732,0.31089523,21.90533,0.009,94,768.3743
9/22/2026 17:04,41498.902,44350.207,28.996374,24.097023,1.019764,28.827635,10.994721,146.1929,229.34865,8.190341,-91.757774,301.43262,0.6371028,21.633999,0.018,94,768.3743
9/22/2026 17:34,41372.418,44374.723,29.00837,24.170692,1.0198202,28.843569,11.024361,146.1297,229.3132,8.1859865,-91.4526,305.98163,0.71406835,21.457697,0.009,94,768.3743
9/22/2026 18:04,41316.152,44451.586,29.059221,24.20361,1.0198989,28.89353,10.91267,144.29675,226.4901,8.177919,-90.94238,310.15396,0.7711255,21.307022,0.009,94,768.3743
9/22/2026 18:34,41232.645,44504.832,29.092575,24.252628,1.0199656,28.928143,10.783613,142.21254,223.27278,8.167716,-90.30819,314.29767,1.0068197,21.150558,0.009,94,768.3743
9/22/2026 19:04,41172.805,44567.008,29.132965,24.287876,1.0200328,28.968555,10.375436,136.51804,214.37776,8.140952,-88.72986,301.12744,1.0654341,21.01259,0,94,768.3743
9/22/2026 19:34,41136.965,44574.266,29.136463,24.309036,1.0200485,28.973272,9.810348,128.9675,202.53648,8.094513,-86.05003,319.21863,0.99260527,20.962616,0,94,768.3743
9/22/2026 20:04,41177.758,44668.24,29.202951,24.284956,1.0201132,29.034355,9.464922,124.352585,195.30501,8.070684,-84.667206,323.25745,0.6985244,20.908777,0,94,768.3743
9/22/2026 20:34,41109.805,44652.055,29.188908,24.325098,1.0201188,29.023836,9.14314,119.978455,188.45293,8.0443945,-83.14133,325.1314,0.7569295,20.846596,0,94,768.3743
9/22/2026 21:04,41026.793,44652.844,29.185883,24.374315,1.0201422,29.02435,9.172059,120.139626,188.73409,8.056853,-83.82797,318.4271,1.0273682,20.748411,0,94,768.3743
9/22/2026 21:34,40923.824,44611.746,29.153141,24.435644,1.0201372,28.997637,8.871538,116.0177,182.27972,8.032779,-82.42607,322.62326,0.61465234,20.67188,0,94,768.3743
9/22/2026 22:04,40812.84,44689.49,29.201677,24.502092,1.0202296,29.048168,8.708549,113.47233,178.33739,8.010267,-81.07662,316.61035,1.3283386,20.458305,0.009,94,768.3743
9/22/2026 22:34,40476.527,44651.914,29.160574,24.705677,1.0202893,29.023743,8.274782,107.09182,168.3971,7.964388,-78.35388,315.8188,0.5291808,20.104204,0,94,768.3743
9/22/2026 23:04,40079.594,44624.992,29.123253,24.950354,1.0203717,29.006245,7.8976994,101.362175,159.48758,7.9064193,-74.92542,311.37466,0.13187604,19.66714,0,94,768.3743
9/22/2026 23:34,39563.805,44265.723,28.852938,25.275627,1.0202231,28.77272,7.668293,97.84175,153.99802,7.8682666,-72.68906,307.07837,0.040911607,19.438726,0,94,768.3743
9/23/2026 0:04,38651.168,43385.617,28.209414,25.872438,1.0197709,28.200651,7.4142156,93.97066,147.9365,7.8125987,-69.475174,304.9469,0.049166385,19.286657,0,94,768.3743
9/23/2026 0:34,36731.27,41334.625,26.727934,27.22476,1.0186719,26.867508,7.0865,88.83254,139.87039,7.7233753,-64.35871,302.763,0.07875321,19.16921,0,94,768.3743
9/23/2026 1:04,33746.645,38065.16,24.392803,29.632576,1.0169216,24.742355,6.6662407,82.24145,129.5119,7.564461,-55.274963,295.31955,0.039017674,19.060175,0,94,768.3743
9/23/2026 1:34,30985.377,35146.15,22.327398,32.27329,1.0154122,22.844997,6.161928,74.72038,117.70932,7.3873425,-45.137405,293.14517,0.06530195,18.80184,0,94,768.3743
9/23/2026 2:04,29768.703,33937.934,21.475782,33.592327,1.0148185,22.059658,5.8529406,70.29672,110.77536,7.2938905,-39.782524,306.86856,0.06984968,18.568132,0,94,768.3743
9/23/2026 2:34,28846.148,33080.26,20.870823,34.66667,1.0144197,21.50217,5.6116714,66.80574,105.3118,7.2348294,-36.387444,295.10974,0.07981617,18.298681,0,94,768.3743
9/23/2026 3:04,28048.504,32344.465,20.353067,35.652527,1.0140823,21.023903,5.412345,63.91786,100.79258,7.1898093,-33.798218,289.92175,0.07458533,18.046124,0,94,768.3743
9/23/2026 3:34,27036.922,31389.53,19.684433,36.986458,1.0136406,20.403194,5.2122855,60.942127,96.137924,7.1489296,-31.442642,288.72012,0.037465226,17.740088,0,94,768.3743
9/23/2026 4:04,26038.695,30640.021,19.15059,38.40438,1.0133634,19.916014,4.9871984,57.43427,90.67259,7.1307144,-30.345917,258.7366,0.039960813,17.1375,0,94,768.3743
9/23/2026 4:34,25465.207,29994.887,18.70731,39.269268,1.0130347,19.496677,4.782824,54.885315,86.653206,7.103429,-28.796196,251.38855,0.0971353,17.093452,0,94,768.3743
9/23/2026 5:04,37227.8,43025.25,27.890013,26.861647,1.0198499,27.966413,7.1440444,88.09788,138.94037,7.7609487,-66.223145,261.6644,0.4966711,17.945272,0,94,768.3743
9/23/2026 5:34,39311.89,44480.645,28.98605,25.437595,1.0204536,28.91242,7.5188913,95.07261,149.7476,7.889457,-73.76671,297.16968,0.9328516,18.916111,0,94,768.3743
9/23/2026 6:04,39336.395,44549.617,29.034124,25.421751,1.0205007,28.95725,7.5966554,96.0057,151.22612,7.912161,-75.0494,309.91077,0.65070015,18.873266,0,94,768.3743
9/23/2026 6:34,39335.637,44547.508,29.032656,25.42224,1.0204992,28.955881,7.542306,95.320305,150.14621,7.9016933,-74.453354,319.65256,0.5088587,18.874563,0,94,768.3743
9/23/2026 7:04,39372.383,44449.434,28.968048,25.398514,1.0204144,28.892132,7.528865,95.375015,150.20267,7.9001226,-74.4009,323.18115,0.36224905,19.019852,0,94,768.3743
9/23/2026 7:34,39640.465,44579.105,29.070023,25.226748,1.0204476,28.97642,7.6776185,97.648506,153.74501,7.9094353,-74.977875,329.24176,1.0152233,19.199802,0,94,768.3743
9/23/2026 8:04,40022.617,44693.81,29.167412,24.985872,1.0204401,29.050976,7.8742394,100.82542,158.67427,7.921406,-75.74558,331.33508,0.34911144,19.527987,0,94,768.3743
9/23/2026 8:34,40091.324,44621.277,29.12129,24.943052,1.0203658,29.003832,8.100296,103.995636,163.62709,7.936553,-76.65157,330.90115,0.4920507,19.684816,0,94,768.3743
9/23/2026 9:04,40249.25,44720.598,29.19679,24.845184,1.0204028,29.068388,8.24053,106.00189,166.76465,7.9490347,-77.3859,326.7193,0.1565484,19.765232,0,94,768.3743
9/23/2026 9:34,40202.74,44665.848,29.157133,24.873928,1.0203719,29.032803,8.356226,107.471504,169.07588,7.9621196,-78.13454,330.92023,0.3040262,19.76847,0,94,768.3743
9/23/2026 10:04,40321.055,44732.82,29.208593,24.800938,1.0203938,29.076334,8.160773,105.122375,165.36415,7.931271,-76.38931,326.37598,0.23271018,19.8364,0,94,768.3743
9/23/2026 10:34,40330.38,44688.68,29.178856,24.795204,1.0203568,29.047642,8.510868,109.73008,172.59813,7.9601994,-78.05824,322.485,0.35149032,19.893936,0,94,768.3743
9/23/2026 11:04,40360.54,44704.586,29.191174,24.776676,1.0203614,29.057981,8.364339,107.88602,169.693,7.9269214,-76.16043,317.93594,0.41693306,19.912443,0,94,768.3743
9/23/2026 11:34,40211.83,44637.527,29.138214,24.868305,1.0203472,29.014395,8.036283,103.42303,162.69734,7.870411,-72.90363,319.36646,0.15589036,19.809032,0,94,768.3743
9/23/2026 12:04,39845.91,44306.582,28.894606,25.096678,1.0201821,28.799278,7.774431,99.75997,156.95285,7.8126793,-69.58485,319.76224,0.036285933,19.728931,0,94,768.3743
9/23/2026 12:34,38832.625,43246.117,28.123592,25.751543,1.0196135,28.109976,7.6201315,97.203415,152.94629,7.7542996,-66.23268,316.5102,0.034578405,19.656797,0,94,768.3743
9/23/2026 13:04,37251.54,41529.12,26.884293,26.844528,1.0186833,26.993929,7.4065776,93.700966,147.44562,7.6723475,-61.540604,310.8692,0.03704705,19.607227,0,94,768.3743
9/23/2026 13:34,34475.742,38507.164,24.722132,29.005901,1.0170615,25.029657,7.092984,88.443306,139.1897,7.544821,-54.240227,314.0974,2.511819,19.518702,0,94,768.3743
9/23/2026 14:04,31856.537,35566.492,22.644997,31.390732,1.0154792,23.11822,6.7997994,83.78192,131.85002,7.405388,-46.281815,320.40118,0.038213924,19.538723,0,94,768.3743
9/23/2026 14:34,30047.738,33498.49,21.199532,33.280376,1.0143659,21.774017,6.556599,80.20012,126.20112,7.309694,-40.826797,329.59937,0.045041233,19.606697,0,94,768.3743
9/23/2026 15:04,28830.283,32030.242,20.183022,34.68575,1.0135562,20.819656,6.5139356,79.44584,124.985306,7.2608194,-38.056374,327.18182,0.037732653,19.769407,0,94,768.3743
9/23/2026 15:34,27917.775,30896.535,19.403126,35.819473,1.0129216,20.082748,6.5292277,79.54235,125.104294,7.2257156,-36.07273,333.39502,0.035681367,19.952314,0,94,768.3743
9/23/2026 16:04,27218.867,30053.984,18.824926,36.739223,1.0124576,19.535091,6.478004,78.812164,123.93638,7.206977,-35.014153,338.92633,0.03736306,20.061039,0,94,768.3743
9/23/2026 16:34,34337.53,37482.844,24.028788,29.122652,1.0162662,24.36385,8.265758,104.76056,164.60925,7.9548903,-77.9438,310.4782,0.35559028,20.606628,0,94,768.3743
9/23/2026 17:04,40758.496,44101.9,28.795223,24.534761,1.0197716,28.666233,9.5278225,125.158806,196.53462,8.201505,-92.21077,301.47076,0.9204792,21.030846,0.009,94,768.3743
9/23/2026 17:34,40731.9,44285.137,28.920202,24.550783,1.0199271,28.78534,9.95952,130.37173,204.7926,8.203353,-92.24415,305.29022,1.372437,20.799192,0,94,768.3743
9/23/2026 18:04,40784.418,44478.81,29.055647,24.519169,1.0200685,28.911226,10.3688965,135.47055,212.84933,8.19992,-92.00096,305.5954,1.249301,20.65133,0,94,768.3743
9/23/2026 18:34,40723.023,44517.355,29.07944,24.556133,1.0201161,28.936281,10.430508,136.01012,213.73338,8.194799,-91.67194,308.11786,1.2878535,20.53756,0,94,768.3743
9/23/2026 19:04,40673.19,44603.184,29.136148,24.58622,1.0201982,28.99207,10.344508,134.55954,211.50117,8.176804,-90.59429,310.80246,1.4450996,20.386904,0,94,768.3743
9/23/2026 19:34,40595.363,44624.867,29.147507,24.633354,1.0202364,29.006163,10.052446,130.49348,205.14474,8.150766,-89.06841,318.59875,1.245768,20.272392,0,94,768.3743
9/23/2026 20:04,40602.504,44700.676,29.199816,24.629023,1.0202947,29.055439,9.810001,127.21502,200.01196,8.123157,-87.46624,322.4516,1.203912,20.199982,0,94,768.3743
9/23/2026 20:34,40510.14,44668.805,29.1737,24.685177,1.0202937,29.034723,9.584898,124.106094,195.14517,8.114877,-86.97033,322.6471,1.0795202,20.125658,0,94,768.3743
9/23/2026 21:04,40525.926,44705.293,29.199432,24.675562,1.0203185,29.058441,9.352814,121.0739,190.38297,8.083479,-85.167885,318.84192,1.2876347,20.105389,0,94,768.3743
9/23/2026 21:34,40379.254,44648.594,29.153744,24.765192,1.0203122,29.021585,9.121429,117.802666,185.26909,8.080211,-84.94854,324.5592,1.4397359,19.993668,0,94,768.3743
9/23/2026 22:04,40384.29,44695.88,29.186342,24.762104,1.0203483,29.052322,8.988229,116.00944,182.46053,8.074181,-84.59091,327.6396,2.7624974,19.949472,0,94,768.3743
9/23/2026 22:34,40203.242,44668.734,29.159128,24.873615,1.0203741,29.034678,8.774045,112.84125,177.52429,8.053329,-83.34637,317.72137,1.0015887,19.766016,0,94,768.3743
9/23/2026 23:04,39971.152,44733.824,29.192122,25.018044,1.0204846,29.076986,8.562626,109.44652,172.26648,8.0269575,-81.744194,313.82083,0.7660042,19.425817,0,94,768.3743
9/23/2026 23:34,39604.805,44703.016,29.152391,25.249462,1.0205525,29.056961,8.156911,103.46235,162.93704,7.9876633,-79.39339,316.50067,0.4528647,19.028994,0,94,768.3743
9/24/2026 0:04,39207.258,44713.914,29.138437,25.505482,1.0206583,29.064045,7.6125975,95.683655,150.78397,7.9243355,-75.65975,314.55994,0.6724345,18.552193,0,94,768.3743
9/24/2026 0:34,38592.344,44262.02,28.798946,25.911875,1.0204613,28.770313,7.298252,91.09696,143.60515,7.8676515,-72.369576,308.13693,0.3389478,18.293535,0,94,768.3743
9/24/2026 1:04,37492.332,43148.035,27.987434,26.672121,1.0198791,28.046225,7.004146,86.74234,136.76848,7.7986927,-68.41183,293.92242,0.15084805,18.137342,0,94,768.3743
9/24/2026 1:34,35000.78,40455.11,26.048426,28.570791,1.0184456,26.295822,6.6819067,81.48649,128.51413,7.673393,-61.249733,288.12885,0.35644054,17.94114,0,94,768.3743
9/24/2026 2:04,31921.436,37071.8,23.642,31.326912,1.0166591,24.09667,6.3033166,75.45121,119.02852,7.503537,-51.56517,284.6527,0.27443674,17.726204,0,94,768.3743
9/24/2026 2:34,30379.834,35441.6,22.490175,32.916573,1.0158265,23.037043,5.9842124,70.85416,111.80524,7.3792267,-44.47937,291.12817,0.20491567,17.522516,0,94,768.3743
9/24/2026 3:04,29601.154,34690.184,21.957903,33.782467,1.0154651,22.54862,5.745634,67.5413,106.60477,7.3112836,-40.597916,282.47357,0.19954766,17.3194,0,94,768.3743
9/24/2026 3:34,28954.395,34086.65,21.530254,34.53707,1.0151827,22.15632,5.5700045,65.04746,102.69429,7.2635365,-37.86564,304.4796,0.058658373,17.117018,0,94,768.3743
9/24/2026 4:04,28314.207,33504.02,21.117384,35.31796,1.0149163,21.777613,5.3555946,62.10739,98.07982,7.222685,-35.52437,303.8597,0.21276017,16.889992,0,94,768.3743
9/24/2026 4:34,27519.805,32769.63,20.598892,36.337467,1.0145788,21.300259,5.154783,59.262253,93.61809,7.180523,-33.106804,277.37616,0.09366325,16.61236,0,94,768.3743
9/24/2026 5:04,27930.938,33378.28,21.013992,35.802593,1.0149287,21.695885,4.880428,56.073208,88.59681,7.1753545,-32.79686,247.04933,0.394595,16.455484,0,94,768.3743
9/24/2026 5:34,36864.965,43011.793,27.859657,27.126026,1.0199261,27.957664,7.32624,89.58608,141.36436,7.7968016,-68.1591,290.26508,0.6686418,17.517784,0,94,768.3743
9/24/2026 6:04,38702.17,44412.008,28.906292,25.838343,1.0205492,28.867805,7.7465854,96.70967,152.45795,7.929989,-75.90771,306.35358,0.96225274,18.26884,0,94,768.3743
9/24/2026 6:34,38873.73,44463.113,28.950409,25.724312,1.020547,28.901024,7.8998203,98.93022,155.9278,7.9587264,-77.581406,312.0184,0.87355137,18.418415,0,94,768.3743
9/24/2026 7:04,38865.95,44520.01,28.988401,25.729464,1.0205923,28.938007,7.9325852,99.235344,156.42271,7.9580364,-77.524185,312.70505,0.854173,18.350763,0,94,768.3743
9/24/2026 7:34,38896.004,44506.582,28.981018,25.709581,1.0205748,28.92928,8.028913,100.53005,158.45325,7.973902,-78.43971,324.41138,0.7438299,18.399906,0,94,768.3743
9/24/2026 8:04,39298.027,44594.297,29.062366,25.44657,1.0205445,28.986292,8.348535,105.34369,165.95563,7.993949,-79.68426,328.23563,1.0709962,18.781902,0,94,768.3743
9/24/2026 8:34,39475.625,44574.816,29.05856,25.332088,1.0204856,28.97363,8.5530815,108.389534,170.70088,8.005736,-80.41859,329.57553,1.2459226,19.01067,0,94,768.3743
9/24/2026 9:04,39640.234,44608.88,29.090256,25.226894,1.020471,28.995771,8.777299,111.58269,175.69162,8.019607,-81.25305,308.33722,1.035851,19.168459,0,94,768.3743
9/24/2026 9:34,39735.14,44574.78,29.071909,25.166641,1.0204206,28.973608,8.921534,113.71741,179.01631,8.030255,-81.90155,322.66617,0.6874245,19.315523,0,94,768.3743
9/24/2026 10:04,39908.36,44633.76,29.12079,25.057407,1.0204226,29.011944,8.992588,114.96092,180.93811,8.036661,-82.30686,325.12665,0.7956154,19.457035,0,94,768.3743
9/24/2026 10:34,39832.984,44585.883,29.084389,25.104822,1.0204043,28.980824,8.8359,112.85239,177.62897,8.028496,-81.830025,320.5395,0.7124586,19.418798,0,94,768.3743
9/24/2026 11:04,39958.484,44626.52,29.118345,25.025974,1.0204041,29.007238,9.063803,116.01336,182.57751,8.036417,-82.31163,308.68054,0.6845336,19.52344,0,94,768.3743
9/24/2026 11:34,39991.3,44585.805,29.092192,25.005438,1.0203638,28.980772,8.90729,114.16576,179.64915,8.0179,-81.27689,309.11923,0.6377042,19.604786,0,94,768.3743
9/24/2026 12:04,40166.72,44630.902,29.131512,24.896233,1.0203538,29.010088,8.580542,110.32869,173.5722,7.9631457,-78.19176,306.12946,0.17894022,19.763117,0,94,768.3743
9/24/2026 12:34,39951.87,44335.625,28.919516,25.030117,1.0201772,28.818155,8.32822,107.06974,168.43068,7.9043856,-74.84913,302.5484,0.1898947,19.823217,0,94,768.3743
9/24/2026 13:04,38960.58,43425.676,28.251833,25.666971,1.0197212,28.226688,7.9808216,101.80546,160.19655,7.8277555,-70.41931,294.0655,0.050889034,19.61667,0,94,768.3743
9/24/2026 13:34,37137.9,41638.9,26.953012,26.926672,1.0188013,27.065285,7.6038394,95.754265,150.73312,7.72472,-64.47315,299.592,0.03871421,19.340519,0,94,768.3743
9/24/2026 14:04,34013.08,38359.074,24.601482,29.400455,1.0170785,24.933397,7.221564,89.21683,140.49503,7.5663586,-55.384636,303.14923,0.067707494,19.06818,0,94,768.3743
9/24/2026 14:34,31333.977,35414.004,22.520447,31.914238,1.01552,23.019102,6.9139285,84.203865,132.61899,7.4129953,-46.625137,301.9476,0.041092366,18.96809,0,94,768.3743
9/24/2026 15:04,30218.145,34131.203,21.623648,33.0927,1.0148317,22.185282,6.7582912,81.91653,129.01129,7.333605,-42.10472,298.53345,0.310673,18.997513,0,94,768.3743
9/24/2026 15:34,29702.154,33477.805,21.170918,33.66759,1.0144649,21.760572,6.583694,79.73508,125.558876,7.289703,-39.61563,310.2398,0.040432815,19.095247,0,94,768.3743
9/24/2026 16:04,29427.516,33120.758,20.924303,33.9818,1.0142621,21.528494,6.3816257,77.27334,121.67122,7.245983,-37.13131,325.78467,0.13476716,19.161863,0,94,768.3743
9/24/2026 16:34,28859.412,32485.688,20.482979,34.65074,1.0139284,21.115696,6.417749,77.49795,122.02591,7.232535,-36.3636,326.3092,0.046293486,19.155663,0,94,768.3743
9/24/2026 17:04,28545.299,32148.531,20.248592,35.03204,1.013756,20.896545,6.1979523,74.70556,117.632965,7.192282,-34.065247,325.98972,0.04300545,19.131897,0,94,768.3743
9/24/2026 17:34,28689.682,32435.67,20.442738,34.855736,1.0139447,21.083187,5.6899157,68.425934,107.7713,7.1959105,-34.251213,315.3467,0.23521115,18.953415,0,94,768.3743
9/24/2026 18:04,38964.027,43210.816,28.105814,25.664698,1.0195504,28.08703,9.780086,125.204155,196.94894,8.149399,-88.86337,304.97552,0.8701312,19.854412,0,94,768.3743
9/24/2026 18:34,40152.344,44477.832,29.026224,24.905146,1.020237,28.910591,10.745657,138.45511,217.77615,8.201654,-91.86745,305.1853,1.2173909,19.908354,0,94,768.3743
9/24/2026 19:04,40096.973,44485.016,29.028502,24.939539,1.0202571,28.91526,10.790054,138.841,218.40596,8.210228,-92.33475,302.31952,1.6064414,19.835552,0,94,768.3743
9/24/2026 19:34,39991.516,44470.332,29.013401,25.005304,1.020273,28.905716,10.522495,135.11278,212.57417,8.190799,-91.19034,311.37466,1.5294958,19.726978,0,94,768.3743
9/24/2026 20:04,40045.242,44570.49,29.084373,24.971756,1.0203377,28.970818,10.217207,131.14362,206.34198,8.158315,-89.32114,316.7963,1.4748116,19.684286,0,94,768.3743
9/24/2026 20:34,39948.875,44525.98,29.0493,25.031994,1.0203277,28.941889,9.553171,122.443214,192.67085,8.102903,-86.135864,322.07013,1.2995739,19.617994,0,94,768.3743
9/24/2026 21:04,39915.145,44564.523,29.073925,25.053148,1.0203667,28.96694,9.458512,121.06608,190.52542,8.103149,-86.12633,319.30923,1.3715527,19.537739,0,94,768.3743
9/24/2026 21:34,39886.29,44526.586,29.046635,25.071272,1.0203444,28.94228,9.579719,122.611275,192.95557,8.109382,-86.483955,321.94138,1.3065585,19.543764,0.009,94,768.3743
9/24/2026 22:04,39854.01,44566.906,29.072515,25.091578,1.0203841,28.96849,9.584045,122.501366,192.80437,8.116647,-86.87496,315.21796,1.1820607,19.463413,0,94,768.3743
9/24/2026 22:34,39746.125,44512.71,29.030203,25.159685,1.0203693,28.933264,9.387386,119.800705,188.57224,8.106984,-86.30276,321.37872,1.4839553,19.393526,0,94,768.3743
9/24/2026 23:04,39630.86,44533.285,29.038366,25.232862,1.0204145,28.946636,9.0267935,114.86545,180.84346,8.080045,-84.71966,302.82974,1.2218871,19.236412,0,94,768.3743
9/24/2026 23:34,39419.95,44531.24,29.026062,25.367867,1.0204659,28.945307,8.91305,112.88643,177.78786,8.066319,-83.86612,311.25067,1.0251094,18.990582,0,94,768.3743
9/25/2026 0:04,39069.69,44575.96,29.037533,25.595287,1.0205859,28.974375,8.302369,104.25191,164.2906,8.008216,-80.42812,311.93732,1.287858,18.532696,0,94,768.3743
9/25/2026 0:34,38573.984,44522.953,28.973701,25.924208,1.0206636,28.939919,7.741604,96.19892,151.70505,7.9416943,-76.50375,310.05383,0.3346211,18.004408,0,93,768.3743
9/25/2026 1:04,38145.24,44358.05,28.83751,26.215591,1.0206386,28.832733,7.4641747,92.07684,145.26733,7.889975,-73.480606,301.404,0.49980485,17.666988,0,93,768.3743
9/25/2026 1:34,37184.055,43457.48,28.17652,26.893248,1.0201856,28.247362,7.279875,89.05834,140.54495,7.827898,-69.90433,306.02933,0.5020209,17.442,0,93,768.3743
9/25/2026 2:04,34857.406,40980.625,26.388565,28.688309,1.0188792,26.637405,6.976312,83.99508,132.59819,7.7062845,-62.95204,301.82837,0.2090615,17.1771,0,93,768.3743
9/25/2026 2:34,31570.854,37369.875,23.817013,31.674786,1.0169809,24.290419,6.5644484,77.35718,122.1644,7.514714,-52.046776,291.49054,0.09670233,16.87544,0,93,768.3743
9/25/2026 3:04,30141.502,35892.8,22.769804,33.176846,1.0162376,23.330322,6.26529,72.981026,115.290215,7.396118,-45.29476,285.20584,0.2759795,16.610712,0,93,768.3743
9/25/2026 3:34,29544.965,35350.99,22.38268,33.846714,1.015986,22.978142,6.1225567,70.85412,111.95813,7.3422546,-42.219162,273.9334,0.05998489,16.401081,0,93,768.3743
9/25/2026 4:04,28990.54,34900.527,22.057667,34.49401,1.0157931,22.685343,5.9818273,68.72036,108.62054,7.30501,-40.078163,273.98587,0.18185131,16.134134,0,93,768.3743
9/25/2026 4:34,28466.18,34503.61,21.769245,35.129406,1.0156331,22.427347,5.8269687,66.42717,105.03165,7.272414,-38.199425,268.18274,0.043977883,15.838761,0,93,768.3743
9/25/2026 5:04,27976.781,34052.12,21.448433,35.743927,1.0154238,22.133879,5.5920954,63.393772,100.25588,7.237632,-36.215782,248.21759,0.0404314,15.659005,0,93,768.3743
9/25/2026 5:34,27447.236,33621.797,21.138882,36.43354,1.0152414,21.85417,5.4241734,61.03276,96.5517,7.1993623,-34.0271,237.26941,0.040617388,15.384944,0,93,768.3743
9/25/2026 6:04,35827.855,42750.965,27.620817,27.911243,1.0199679,27.788128,7.4550543,89.2755,141.04607,7.784314,-67.219734,234.67542,0.59324485,16.521444,0,93,768.3743
9/25/2026 6:34,37904.184,44265.52,28.760857,26.382313,1.0206245,28.772587,7.8188086,96.05211,151.57553,7.9418726,-76.37501,258.95117,0.6114338,17.47599,0,93,768.3743
9/25/2026 7:04,38080.062,44364.06,28.837603,26.260462,1.0206581,28.836637,7.9658203,98.107895,154.79861,7.968357,-77.905655,278.58258,0.78967327,17.583975,0,93,768.3743
9/25/2026 7:34,37926.223,44321.594,28.799747,26.366982,1.0206614,28.809036,7.963371,97.79302,154.32872,7.9685917,-77.88181,295.27188,0.8034225,17.445305,0,93,768.3743
9/25/2026 8:04,38309.867,44400.92,28.876125,26.102936,1.0206329,28.8606,8.221655,101.73888,160.48004,7.9906893,-79.23603,301.75687,0.6294482,17.817638,0,93,768.3743
9/25/2026 8:34,38693.71,44419.89,28.911127,25.843992,1.0205572,28.872929,8.42212,105.109856,165.70433,8.005389,-80.189705,305.7766,0.6990962,18.250772,0,93,768.3743
9/25/2026 9:04,39075.934,44448.48,28.951626,25.5912,1.0204868,28.891514,8.585957,108.04209,170.23189,8.003607,-80.20401,267.60577,0.64585495,18.67166,0,93,768.3743
9/25/2026 9:34,38987.188,44362.055,28.888329,25.649452,1.0204422,28.835335,8.649935,108.774994,171.39014,8.01239,-80.69992,263.33807,0.5237419,18.656591,0,93,768.3743
9/25/2026 10:04,39116.42,44422.45,28.936193,25.56471,1.020457,28.874594,8.7114315,109.76608,172.93083,8.016392,-80.952644,236.33003,0.52007675,18.74635,0,93,768.3743
9/25/2026 10:34,38915.895,44351.875,28.87757,25.696442,1.0204518,28.828718,8.7939625,110.424805,174.00679,8.029671,-81.66313,258.46957,0.6091691,18.582993,0,93,768.3743
9/25/2026 11:04,38932.844,44390.062,28.904316,25.685255,1.0204769,28.85354,8.756874,109.935905,173.2409,8.03672,-82.05891,282.26852,0.43031436,18.563461,0,93,768.3743
9/25/2026 11:34,38890.38,44359.31,28.881203,25.7133,1.0204637,28.83355,8.709995,109.294075,172.23369,8.03103,-81.72989,295.4054,0.63510245,18.545177,0,93,768.3743
9/25/2026 12:04,38968.95,44445.965,28.944092,25.661457,1.020511,28.88988,8.700103,109.21761,172.11246,8.027244,-81.51531,295.6152,0.15050061,18.548237,0,93,768.3743
9/25/2026 12:34,38821.402,44418.29,28.91723,25.758987,1.0205253,28.871887,8.563473,107.18829,168.94711,8.008258,-80.394745,296.46875,0.083017096,18.402925,0,93,768.3743
9/25/2026 13:04,38692.168,44430.207,28.917994,25.845024,1.0205654,28.879635,8.388953,104.675476,165.02223,7.9776864,-78.611374,297.20306,0.066159055,18.238365,0,93,768.3743
9/25/2026 13:34,38291.812,44149.58,28.706093,26.115244,1.0204476,28.697226,8.208846,101.93704,160.74385,7.928375,-75.75989,298.11383,0.03623822,18.053402,0,93,768.3743
9/25/2026 14:04,37176.418,43118.902,27.94973,26.898773,1.0199331,28.027287,7.9488344,97.75433,154.20148,7.8491287,-71.19179,295.7964,0.07502212,17.784489,0,93,768.3743
9/25/2026 14:34,35263.883,41193.22,26.553827,28.357626,1.0189407,26.775593,7.681098,93.092026,146.90659,7.7408457,-64.97383,294.65198,0.037498083,17.463894,0,93,768.3743
9/25/2026 15:04,33635.01,39450.59,25.304928,29.730925,1.0180279,25.642883,7.4361806,89.13097,140.68765,7.6213098,-58.15983,286.3455,0.045497812,17.281975,0,93,768.3743
9/25/2026 15:34,32709.648,38467.312,24.603361,30.57202,1.0175185,25.003754,7.272841,86.60337,136.71805,7.5348477,-53.23887,296.96942,0.04011769,17.163519,0,93,768.3743
9/25/2026 16:04,32023.652,37789.64,24.11846,31.22692,1.0171816,24.563267,7.085272,83.8719,132.43066,7.4645023,-49.22867,303.22076,0.29842794,17.011454,0,93,768.3743
9/25/2026 16:34,31442.281,37194.65,23.69495,31.804308,1.0168817,24.176523,6.9552464,81.946304,129.40736,7.4118266,-46.229362,308.67578,0.08752103,16.902836,0,93,768.3743
9/25/2026 17:04,30972.291,36728.832,23.363138,32.286922,1.0166517,23.873741,6.7209578,78.85742,124.54587,7.3593645,-43.24436,307.03067,0.057433747,16.794195,0,93,768.3743
9/25/2026 17:34,30410.512,36157.992,22.958143,32.883366,1.0163672,23.502695,6.470044,75.552734,119.34322,7.302076,-39.987564,298.21872,0.07840647,16.677767,0,93,768.3743
9/25/2026 18:04,33795.72,40017.188,25.68773,29.589546,1.018414,26.011173,7.094502,84.53,133.49437,7.623308,-58.18844,255.52274,0.16999699,16.86021,0,93,768.3743
9/25/2026 18:34,37683.02,43624.074,28.317791,26.537151,1.0201943,28.355648,8.67577,107.10606,168.93481,8.022185,-81.038475,269.1364,0.6897975,17.869762,0,93,768.3743
9/25/2026 19:04,38436.918,44216.098,28.759188,26.016655,1.0204635,28.740465,9.098079,113.23959,178.54268,8.079424,-84.37157,267.64392,0.77581507,18.156908,0,93,768.3743
9/25/2026 19:34,38402.875,44191.113,28.740423,26.039717,1.0204527,28.724224,9.073571,112.89015,177.99512,8.086126,-84.74827,287.87137,0.96129334,18.142303,0,93,768.3743
9/25/2026 20:04,38477.074,44252.66,28.786097,25.989502,1.0204817,28.76423,8.960149,111.56183,175.89514,8.07778,-84.28097,302.51025,1.0416352,18.166815,0,93,768.3743
9/25/2026 20:34,38535.58,44255.105,28.79108,25.950045,1.0204698,28.76582,8.817728,109.93189,173.31013,8.063433,-83.48465,304.88492,0.6342701,18.233513,0,93,768.3743
9/25/2026 21:04,38581.08,44258.25,28.79577,25.919441,1.0204612,28.767862,8.638283,107.80171,169.94063,8.037935,-82.04937,278.52057,0.7699398,18.284096,0,93,768.3743
9/25/2026 21:34,38499.957,44161.297,28.725832,25.974054,1.0204068,28.704844,8.500479,106.04583,167.17169,8.017788,-80.90496,218.02426,0.88425386,18.288122,0,93,768.3743
9/25/2026 22:04,38727.875,44362.848,28.874575,25.821196,1.0205057,28.835852,8.368671,104.617386,164.90651,8.00248,-80.05142,227.24152,0.47657505,18.349731,0,93,768.3743
9/25/2026 22:34,38595.05,44247.906,28.789576,25.910057,1.02045,28.76114,8.353124,104.29353,164.40434,8.01147,-80.5521,230.73196,0.41771904,18.311298,0,93,768.3743
9/25/2026 23:04,38680.176,44288.64,28.821829,25.853037,1.0204605,28.787617,8.361212,104.531235,164.76634,8.010681,-80.52349,250.34904,0.627529,18.369928,0,93,768.3743
9/25/2026 23:34,38657.254,44276.516,28.81237,25.868366,1.0204567,28.779736,8.260916,103.24286,162.73868,8.00874,-80.40905,288.7058,0.6455681,18.355341,0,93,768.3743
9/26/2026 0:04,38598.84,44321.418,28.839357,25.907515,1.020505,28.808922,8.04969,100.398094,158.27858,7.9900084,-79.312325,303.7405,0.58253294,18.24003,0,93,768.3743
9/26/2026 0:34,38372.53,44262.465,28.786697,26.060308,1.0205139,28.770603,7.9030085,98.14835,154.77356,7.9742126,-78.35865,305.2473,0.51339024,18.03307,0,93,768.3743
9/26/2026 1:04,38111.266,44221.203,28.743649,26.23896,1.0205439,28.743782,7.5804396,93.6367,147.70964,7.9398575,-76.33686,301.013,0.13303883,17.766094,0,93,768.3743
9/26/2026 1:34,37650.133,43995.15,28.564348,26.560331,1.0204805,28.596848,7.3468714,90.10092,142.18898,7.902216,-74.11957,306.01025,0.3225667,17.44917,0,93,768.3743
9/26/2026 2:04,37159.01,43700.434,28.337074,26.911373,1.0203723,28.405283,7.03369,85.66471,135.2363,7.844574,-70.78171,303.49255,0.103364125,17.162943,0,93,768.3743
9/26/2026 2:34,36172.31,42767.383,27.654121,27.645456,1.0199034,27.798798,6.646295,80.24179,126.71202,7.7503,-65.38868,295.96805,0.04024463,16.92628,0,93,768.3743
9/26/2026 3:04,34934.39,41502.688,26.738241,28.625088,1.0192498,26.976748,6.4197955,76.75807,121.241905,7.6577225,-60.105324,293.35974,0.084498525,16.714033,0,93,768.3743
9/26/2026 3:34,33835.805,40368.43,25.921041,29.554491,1.0186654,26.23948,6.293616,74.602455,117.86332,7.58416,-55.909157,286.72217,0.074990176,16.527485,0,93,768.3743
9/26/2026 4:04,33029.414,39538.89,25.325298,30.276045,1.0182412,25.70028,6.2476783,73.57563,116.26131,7.5251503,-52.547455,272.25494,0.36091188,16.380379,0,93,768.3743
9/26/2026 4:34,32282.541,38777.816,24.779808,30.976496,1.0178559,25.205582,6.242711,73.05543,115.45964,7.466258,-49.19529,272.16913,0.044484917,16.23038,0,93,768.3743
9/26/2026 5:04,31677.637,38181.188,24.351944,31.568012,1.0175596,24.817772,6.163973,71.7336,113.39016,7.4207363,-46.601295,272.9845,0.15597777,16.081993,0,93,768.3743
9/26/2026 5:34,34731.848,41374.11,26.640392,28.792019,1.0192012,26.893171,6.825039,81.36357,128.53479,7.614887,-57.65915,270.7529,0.33699822,16.594685,0,93,768.3743
9/26/2026 6:04,37229.836,43702.598,28.342947,26.860178,1.020358,28.406689,7.373428,89.950066,141.98697,7.8263755,-69.77081,300.41693,0.3806726,17.245586,0,93,768.3743
9/26/2026 6:34,37345.03,43722.25,28.363209,26.777325,1.0203464,28.419462,7.3096547,89.38731,141.07796,7.839168,-70.524216,311.6417,0.9472259,17.363482,0,93,768.3743
9/26/2026 7:04,37819.652,44012.957,28.586565,26.44128,1.020455,28.608423,7.6376433,94.01238,148.32742,7.896936,-73.866844,307.68396,0.49002257,17.632698,0,93,768.3743
9/26/2026 7:34,37822.117,43862.83,28.486074,26.439556,1.0203415,28.51084,7.7213044,95.272156,150.285,7.9252157,-75.51193,310.38284,0.4872204,17.789623,0,93,768.3743
9/26/2026 8:04,38172.375,44124.61,28.682383,26.196955,1.0204568,28.680996,7.8114343,96.772606,152.62292,7.9268913,-75.64545,269.0077,0.4914608,17.937378,0,93,768.3743
9/26/2026 8:34,38121.977,44056.273,28.633516,26.231588,1.0204171,28.636578,7.862838,97.400276,153.61082,7.935911,-76.16043,229.31577,0.52187353,17.947744,0,93,768.3743
9/26/2026 9:04,38208.95,44111.684,28.675816,26.171879,1.0204384,28.672596,7.863234,97.516396,153.78473,7.9322567,-75.96493,226.2783,0.45924953,17.994064,0,93,768.3743
9/26/2026 9:34,38184.36,44106.81,28.67111,26.188734,1.0204406,28.669426,7.8707476,97.56167,153.86095,7.9359775,-76.16997,214.54811,0.52112424,17.969889,0,93,768.3743
9/26/2026 10:04,38122.855,44100.86,28.663525,26.230984,1.0204505,28.665558,7.8771043,97.510704,153.79382,7.940568,-76.413155,222.39685,0.51198876,17.902985,0,93,768.3743
9/26/2026 10:34,38087.22,44057.61,28.63239,26.255527,1.0204263,28.637447,7.925038,98.089584,154.70644,7.939467,-76.351166,250.72098,0.38237503,17.905064,0,93,768.3743
9/26/2026 11:04,38093.74,44014.63,28.603897,26.251034,1.0203923,28.609509,7.9501996,98.482445,155.31566,7.951233,-77.03304,269.71817,0.26521486,17.957014,0,93,768.3743
9/26/2026 11:34,38106.85,43991.195,28.58891,26.242,1.0203714,28.594276,7.9384027,98.40245,155.18152,7.931992,-75.95062,294.28006,0.38021716,17.996761,0,93,768.3743
9/26/2026 12:04,38195.76,44042.25,28.628366,26.180916,1.0203891,28.627462,8.067426,100.12747,157.89102,7.9528146,-77.147484,303.00616,0.42585158,18.049881,0,93,768.3743
9/26/2026 12:34,38157.71,43885.965,28.521063,26.207024,1.0202795,28.525879,8.130062,101.06466,159.34479,7.9498396,-77.0092,306.33926,0.116962254,18.166183,0,93,768.3743
9/26/2026 13:04,38217.8,43890.266,28.52735,26.165817,1.0202684,28.528673,8.087862,100.673134,158.71352,7.9300675,-75.90294,295.9013,0.040140536,18.233402,0,93,768.3743
9/26/2026 13:34,37863.492,43555.277,28.281979,26.410666,1.020099,28.31093,8.042722,99.8205,157.3848,7.9032288,-74.35799,308.3086,0.19802175,18.158134,0,93,768.3743
9/26/2026 14:04,37328.156,43050.742,27.912851,26.789429,1.019845,27.982983,7.872465,97.27163,153.38953,7.850376,-71.3253,307.89853,0.14196931,18.040497,0,93,768.3743
9/26/2026 14:34,36793.527,42471.168,27.49419,27.178694,1.0195347,27.606258,7.6359787,94.04126,148.3031,7.7748284,-67.02423,304.7514,0.108386464,18.00093,0,93,768.3743
9/26/2026 15:04,36247.63,41978.01,27.133451,27.58801,1.0192939,27.285707,7.3604183,90.19408,142.2632,7.703367,-62.93297,289.83594,0.040727675,17.852926,0,93,768.3743
9/26/2026 15:34,35673.35,41503.33,26.783936,28.03213,1.0190749,26.977163,7.150932,87.09318,137.40845,7.630616,-58.760643,296.49734,0.039681107,17.645546,0,93,768.3743
9/26/2026 16:04,34813.992,40683.188,26.189068,28.724083,1.018666,26.44407,6.983785,84.42691,133.2352,7.5453696,-53.887367,290.99942,0.039739966,17.446815,0,93,768.3743
9/26/2026 16:34,33452.3,39298.59,25.193947,29.89331,1.0179589,25.544083,6.827638,81.66882,128.92043,7.4405036,-47.90306,283.0696,0.054459926,17.21121,0,93,768.3743
9/26/2026 17:04,32159.352,37982.727,24.252924,31.095154,1.0172927,24.688772,6.662707,78.87406,124.54513,7.3306723,-41.646957,235.25714,0.036747705,16.972961,0,93,768.3743
9/26/2026 17:34,30511.521,36273.56,23.039293,32.774506,1.0164281,23.577814,6.4917574,75.85177,119.8148,7.196992,-34.046173,159.60217,0.03988268,16.68327,0,93,768.3743
9/26/2026 18:04,28474.762,34125.855,21.527328,35.11882,1.0153469,22.181807,6.245756,71.8032,113.46731,7.0384083,-25.048256,140.33318,0.1062676,16.330069,0,93,768.3743
9/26/2026 18:34,26186.893,31601.479,19.77266,38.187042,1.0140672,20.540962,6.105163,69.02252,109.11139,6.9516964,-20.189285,141.41559,0.03496025,16.029337,0,93,768.3743
9/26/2026 19:04,32989.42,39370.793,25.212763,30.312748,1.0181264,25.591015,7.3588896,86.8322,137.18713,7.5192366,-52.23751,129.25148,0.5578114,16.513931,0,93,768.3743
9/26/2026 19:34,36749.336,43113.098,27.920153,27.211376,1.0200286,28.023514,7.9646053,96.963974,153.05348,7.9041076,-74.18156,257.43484,0.76658505,17.271923,0,93,768.3743
9/26/2026 20:04,37124.055,43432.18,28.155964,26.936712,1.0201805,28.230917,8.025645,98.08185,154.79411,7.947544,-76.675415,297.61792,0.9033877,17.395767,0,93,768.3743
9/26/2026 20:34,37302.734,43590.57,28.27266,26.807686,1.0202576,28.33387,8.043647,98.47021,155.39694,7.9652166,-77.69108,313.57764,1.0637801,17.447767,0,93,768.3743
9/26/2026 21:04,37468.727,43718.84,28.368496,26.688925,1.0203155,28.417246,8.011744,98.26417,155.05869,7.9643946,-77.66247,318.61304,0.8422648,17.5151,0,93,768.3743
9/26/2026 21:34,37618.03,43802.39,28.433414,26.582996,1.0203437,28.471554,8.02403,98.63015,155.61795,7.9534492,-77.06642,325.54626,0.7312893,17.607973,0,93,768.3743
9/26/2026 22:04,37734.17,43868.18,28.484442,26.501179,1.0203661,28.514318,7.9945188,98.432724,155.29245,7.9431167,-76.498985,318.81808,0.36968675,17.67915,0,93,768.3743
9/26/2026 22:34,37771.336,43862.55,28.482885,26.475103,1.0203533,28.510658,7.97626,98.301956,155.07628,7.9321294,-75.88863,316.37668,0.6298017,17.729292,0,93,768.3743
9/26/2026 23:04,37807.47,43901.496,28.511139,26.4498,1.0203742,28.535973,7.9420576,97.90288,154.44609,7.9312744,-75.84095,311.66553,0.6008783,17.73239,0,93,768.3743
9/26/2026 23:34,37868.703,43918.58,28.52622,26.40703,1.0203726,28.547075,7.907603,97.59133,153.9437,7.943369,-76.5419,309.64374,0.60003275,17.787851,0,93,768.3743
9/27/2026 0:04,37920.555,43988.688,28.57632,26.370922,1.0204133,28.592648,7.8364625,96.72328,152.5764,7.940056,-76.351166,322.99042,0.66307944,17.777613,0,93,768.3743
9/27/2026 0:34,37773.406,43922.98,28.523506,26.473652,1.0203981,28.549936,7.717759,95.03025,149.9263,7.923663,-75.39272,328.79828,0.60033923,17.669731,0,93,768.3743
9/27/2026 1:04,37573.945,43887.832,28.487915,26.614187,1.0204177,28.527092,7.5886674,93.05698,146.85056,7.9078503,-74.44382,330.6103,0.40912256,17.467846,0,93,768.3743
9/27/2026 1:34,37187.586,43702.73,28.3404,26.890694,1.0203675,28.406775,7.3586407,89.679886,141.56935,7.8658175,-71.992874,335.8078,0.26925293,17.194834,0,93,768.3743
9/27/2026 2:04,36888.844,43566.516,28.230755,27.108467,1.0203335,28.318235,7.2050843,87.37544,137.96877,7.8201942,-69.355965,339.17426,0.22393274,16.975115,0,93,768.3743
9/27/2026 2:34,36238.535,42996.25,27.810148,27.594934,1.0200573,27.947561,6.932605,83.5234,131.91887,7.751508,-65.42206,335.42633,0.071787976,16.77121,0,93,768.3743
9/27/2026 3:04,35233.016,41962.78,27.061144,28.38247,1.0195214,27.275808,6.4341116,76.91251,121.50196,7.6314735,-58.59852,333.03738,0.04506269,16.603422,0,93,768.3743
9/27/2026 3:34,33943.56,40537.758,26.03919,29.46067,1.0187653,26.349543,6.2049084,73.53941,116.18993,7.5232162,-52.456856,320.2963,0.04267282,16.483343,0,93,768.3743
9/27/2026 4:04,32958.066,39486.117,25.286148,30.341585,1.0182189,25.665976,6.106758,71.8474,113.53528,7.434003,-47.392845,298.6288,0.03674852,16.344229,0,93,768.3743
9/27/2026 4:34,31921.871,38353.93,24.48026,31.326485,1.0176288,24.930054,6.116007,71.42722,112.88777,7.3626556,-43.344498,276.53217,0.04699432,16.219751,0,93,768.3743
9/27/2026 5:04,30646.674,36925.777,23.470556,32.629967,1.016882,24.001755,6.158762,71.31088,112.72002,7.304003,-40.016174,244.15494,0.12000388,16.097034,0,93,768.3743
9/27/2026 5:34,29110.295,35184.62,22.248016,34.352108,1.0159744,22.870003,6.1422544,70.399826,111.29738,7.227154,-35.66265,221.14276,0.03739491,15.961178,0,93,768.3743
9/27/2026 6:04,28297.031,34269.062,21.60805,35.339397,1.0155021,22.27489,6.1483955,70.07516,110.79498,7.1917396,-33.655167,232.06711,0.121369004,15.875976,0,93,768.3743
9/27/2026 6:34,35127.082,41689.516,26.873907,28.468063,1.0193439,27.098185,7.266911,87.03428,137.46616,7.666833,-60.629845,249.55273,0.2872726,16.75853,0,93,768.3743
9/27/2026 7:04,36842.8,43330.965,28.071072,27.142345,1.0201695,28.165129,7.4910493,91.08422,143.79234,7.810404,-68.84575,290.99942,0.42184114,17.16047,0,93,768.3743
9/27/2026 7:34,37150.258,43548.637,28.235294,26.917713,1.0202614,28.306614,7.496505,91.502304,144.42606,7.840249,-70.5719,297.48917,0.4097557,17.307596,0,93,768.3743
9/27/2026 8:04,37417.785,43744.4,28.382477,26.72526,1.0203463,28.433859,7.685208,94.10827,148.51697,7.889274,-73.38047,305.53818,0.5640861,17.427912,0,93,768.3743
9/27/2026 8:34,37559.57,43813.586,28.437374,26.624372,1.0203655,28.478832,7.85219,96.36872,152.06549,7.911873,-74.687004,313.84946,0.42637447,17.526625,0,93,768.3743
9/27/2026 9:04,37703.45,43907.996,28.509268,26.522772,1.020403,28.5402,7.9409385,97.641685,154.05956,7.9207797,-75.211525,313.42984,0.5096878,17.60168,0,93,768.3743
9/27/2026 9:34,37714.414,43881.35,28.49208,26.51506,1.0203806,28.522879,7.9635124,97.98542,154.59402,7.915889,-74.944496,305.90533,0.5028356,17.642057,0,93,768.3743
9/27/2026 10:04,37799.027,43943.926,28.539074,26.455708,1.0204079,28.563553,7.9848256,98.345116,155.1543,7.9153857,-74.92542,307.7507,0.43883765,17.678795,0,93,768.3743
9/27/2026 10:34,37832.527,43924.664,28.528152,26.432281,1.0203856,28.551033,8.055876,99.32784,156.69281,7.9267097,-75.58346,299.3965,0.42349744,17.738476,0,93,768.3743
9/27/2026 11:04,37869.582,43924.344,28.530142,26.406418,1.0203768,28.550823,8.102754,99.99262,157.73254,7.9288583,-75.71697,282.4688,0.49744985,17.782972,0,93,768.3743
9/27/2026 11:34,37909.863,43898.188,28.514965,26.378359,1.0203476,28.533821,8.147804,100.68461,158.8089,7.934394,-76.05076,273.1228,0.4522686,17.857908,0,93,768.3743
9/27/2026 12:04,38003.434,43941.797,28.549711,26.313412,1.0203584,28.562168,8.031556,99.39584,156.76271,7.9229198,-75.416565,264.3442,0.47595814,17.924526,0,93,768.3743
9/27/2026 12:34,38062.32,43885.734,28.515446,26.272701,1.0203022,28.525728,8.203932,101.758095,160.4618,7.9378624,-76.29871,285.60638,0.06265517,18.052624,0,93,768.3743
9/27/2026 13:04,38298.07,43882.18,28.526411,26.110975,1.0202428,28.523417,8.265041,103.08279,162.49014,7.930261,-75.941086,249.71962,0.31169766,18.337574,0,93,768.3743
9/27/2026 13:34,38356.504,43724.176,28.423079,26.071198,1.0201076,28.420713,8.231235,103.05812,162.40065,7.9099154,-74.84436,258.84152,0.0740396,18.572662,0,93,768.3743
9/27/2026 14:04,38228.37,43380.69,28.184326,26.158583,1.0198752,28.19745,8.1186495,101.90722,160.54196,7.881179,-73.26126,276.99948,0.0408003,18.781681,0,93,768.3743
9/27/2026 14:34,37822.914,42720.13,27.71714,26.439,1.0194666,27.768084,7.9336414,99.715996,157.04375,7.826433,-70.1952,277.28558,0.035832684,18.998173,0,93,768.3743
9/27/2026 15:04,37019.645,41712.33,26.996695,27.012686,1.018891,27.113012,7.752218,97.223885,153.09543,7.7542114,-66.103935,286.41223,0.0369166,19.109892,0,93,768.3743
9/27/2026 15:34,35419.047,40028.996,25.786137,28.233397,1.0180031,26.018847,7.4762125,92.843346,146.22548,7.654784,-60.40573,298.81955,0.03353568,18.970406,0,93,768.3743
9/27/2026 16:04,34309.11,38876.11,24.960682,29.146778,1.017404,25.269472,7.180378,88.527916,139.45177,7.538544,-53.75862,270.3142,0.05009649,18.849436,0,93,768.3743
9/27/2026 16:34,32862.918,37312.25,23.84956,30.429434,1.0165805,24.252962,6.9655867,85.16189,134.16632,7.428491,-47.473907,273.2277,0.03728788,18.75676,0,93,768.3743
9/27/2026 17:04,31388.8,35747.805,22.743244,31.858496,1.0157715,23.236073,6.737141,81.60583,128.58836,7.314802,-40.979385,226.86005,0.040462326,18.61583,0,93,768.3743
9/27/2026 17:34,29659.06,33926.04,21.46271,33.71651,1.0148436,22.051926,6.4538283,77.27812,121.80163,7.1927447,-34.008026,196.58566,0.037931982,18.415026,0,93,768.3743
9/27/2026 18:04,27380.941,31469.271,19.753004,36.521755,1.0135919,20.455027,6.155494,72.648926,114.537994,7.062325,-26.569366,179.4529,0.0928763,18.198168,0,93,768.3743
9/27/2026 18:34,25177.133,29054.244,18.0907,39.718582,1.0123681,18.88526,5.9837327,69.669716,109.867386,6.9909973,-22.506714,185.53734,0.04035823,18.013409,0,93,768.3743
9/27/2026 19:04,23026.309,26680.928,16.474375,43.428585,1.0111784,17.342602,5.8465753,67.170845,105.95195,6.917587,-18.424988,176.8732,0.040005926,17.828535,0,93,768.3743
9/27/2026 19:34,20940.994,24354.363,14.907497,47.753223,1.0100216,15.830337,5.7291965,64.99097,102.53525,6.890652,-16.92295,197.14832,0.036855206,17.662079,0,93,768.3743
9/27/2026 20:04,36542.3,42072.773,27.213463,27.365545,1.0192931,27.347301,7.69045,94.76558,149.42268,7.8162265,-69.40365,238.34229,0.66372466,18.117792,0,93,768.3743
9/27/2026 20:34,37884.484,43583.94,28.30244,26.39603,1.0201157,28.329561,8.149925,101.15408,159.4884,7.9384046,-76.355934,288.7869,0.9919365,18.15342,0,93,768.3743
9/27/2026 21:04,37918.902,43629.645,28.335117,26.372072,1.0201422,28.359268,8.187385,101.626686,160.23491,7.95018,-77.023506,301.09406,0.5802522,18.147049,0,93,768.3743
9/27/2026 21:34,38036.15,43772.324,28.437712,26.29078,1.0202224,28.452011,8.18388,101.629875,160.24164,7.9612093,-77.64816,314.58856,0.49035498,18.138966,0,93,768.3743
9/27/2026 22:04,38221.062,43950.4,28.568018,26.163584,1.0203134,28.567759,8.07606,100.43843,158.35562,7.952735,-77.176094,321.7888,0.44705385,18.174915,0,93,768.3743
9/27/2026 22:34,38249.137,43940.75,28.563118,26.14438,1.0202993,28.561487,8.052279,100.22287,158.0068,7.93215,-76.01738,317.26837,0.27176133,18.21836,0,93,768.3743
9/27/2026 23:04,38211.04,43950.25,28.567354,26.170448,1.0203156,28.567663,8.002322,99.49861,156.87627,7.928963,-75.82188,311.22684,0.7066207,18.163128,0,93,768.3743
9/27/2026 23:34,38311.12,44015.957,28.61726,26.102081,1.0203416,28.610373,8.0090275,99.70913,157.1977,7.937537,-76.322556,310.74524,0.2971852,18.214224,0,93,768.3743
9/28/2026 0:04,38373.97,44064.594,28.653568,26.059332,1.0203635,28.641985,7.9876194,99.51042,156.87943,7.9348245,-76.174736,311.78952,0.22457449,18.238598,0,93,768.3743
9/28/2026 0:34,38360.562,44057.223,28.64785,26.06844,1.0203612,28.637196,7.938104,98.874565,155.87868,7.939644,-76.44653,325.63687,0.20960252,18.230293,0,93,768.3743
9/28/2026 1:04,38303.164,44053.68,28.642204,26.107504,1.0203722,28.634892,7.746766,96.369125,151.9416,7.9156117,-75.063705,327.80646,0.2094391,18.165743,0,93,768.3743
9/28/2026 1:34,38112.5,43983.668,28.584179,26.238111,1.0203644,28.589384,7.5256333,93.309044,147.14641,7.892389,-73.70472,331.47336,0.68302673,18.011248,0,93,768.3743
9/28/2026 2:04,37824.793,43844.69,28.47407,26.437687,1.0203273,28.49905,7.1985474,88.85301,140.15538,7.839856,-70.672035,334.12933,0.040400643,17.811493,0,93,768.3743
9/28/2026 2:34,37479.094,43580.297,28.276428,26.681541,1.0202092,28.327192,6.87912,84.57881,133.4373,7.7765903,-67.04807,333.14227,0.037689243,17.670202,0,93,768.3743
9/28/2026 3:04,36752.715,42843.57,27.740662,27.208874,1.0198262,27.848322,6.3263173,77.36196,122.06903,7.6632166,-60.591698,325.35553,0.03497725,17.556807,0,93,768.3743
9/28/2026 3:34,35261.133,41169.58,26.53798,28.359838,1.0189236,26.760225,6.0187173,72.96913,115.147865,7.5549116,-54.43573,319.6764,0.034247138,17.486132,0,93,768.3743
9/28/2026 4:04,33191.227,38855.26,24.886692,30.128443,1.0176892,25.25592,5.797579,69.43189,109.58218,7.441646,-47.99366,303.82632,0.040156342,17.36792,0,93,768.3743
9/28/2026 4:34,31518.885,37000.543,23.572655,31.72701,1.0167139,24.050352,5.6942787,67.49164,106.536415,7.3451366,-42.505264,265.63644,0.03572832,17.243416,0,93,768.3743
9/28/2026 5:04,29654.682,34934.066,22.119291,33.72149,1.0156385,22.707144,5.6919613,66.67,105.25966,7.271772,-38.32817,249.4812,0.034435194,17.087732,0,93,768.3743
9/28/2026 5:34,27760.146,32822.402,20.646648,36.022865,1.0145495,21.334562,5.6018147,64.82328,102.36439,7.190592,-33.712387,240.03983,0.03783916,16.92504,0,93,768.3743
9/28/2026 6:04,25488.756,30260.87,18.878284,39.232986,1.0132382,19.669565,5.5453234,63.257175,99.913246,7.1188807,-29.63543,234.55142,0.06474298,16.743498,0,93,768.3743
9/28/2026 6:34,22988.135,27399.771,16.927141,43.5007,1.0117847,17.809853,5.450454,61.23072,96.7326,7.0509477,-25.777817,232.77283,0.10806285,16.570158,0,93,768.3743
9/28/2026 7:04,20708.906,24774.652,15.158993,48.288403,1.0104678,16.103523,5.373199,59.523308,94.05334,6.999562,-22.854805,240.97443,0.0409972,16.407898,0,93,768.3743
9/28/2026 7:34,19280.248,23126.72,14.059972,51.866554,1.0096517,15.032369,5.4368725,59.6874,94.32548,6.9733396,-21.400452,250.10109,0.040787175,16.292065,0,93,768.3743
9/28/2026 8:04,35677.957,41794.547,26.977753,28.028511,1.0192933,27.166456,7.237891,87.72943,138.46579,7.7209826,-63.819885,274.05737,1.029408,17.337751,0,93,768.3743
9/28/2026 8:34,37218.957,43396.055,28.137604,26.868029,1.0201316,28.207436,7.438683,91.16592,143.8519,7.825349,-69.78512,311.28406,0.184192,17.547518,0,93,768.3743
9/28/2026 9:04,37519.68,43622.066,28.306807,26.65268,1.0202311,28.354343,7.5843453,93.27678,147.1588,7.8645563,-72.04056,316.5245,0.15835804,17.6758,0,93,768.3743
9/28/2026 9:34,37724.93,43746.58,28.402391,26.50767,1.0202769,28.435276,7.7540264,95.63479,150.85634,7.892437,-73.65227,329.7615,0.3164349,17.793274,0,93,768.3743
9/28/2026 10:04,37988.824,43871.62,28.501734,26.323532,1.0203089,28.516554,7.8556924,97.29412,153.4371,7.9009256,-74.18156,332.24582,0.2081464,17.97952,0,93,768.3743
9/28/2026 10:34,37983.375,43821.457,28.467712,26.327307,1.0202723,28.483946,7.913808,98.07912,154.66599,7.90324,-74.32461,325.98972,0.33099928,18.02491,0,93,768.3743
9/28/2026 11:04,38079.066,43879.066,28.511929,26.261148,1.0202932,28.521395,8.003075,99.31561,156.6048,7.8830214,-73.189735,322.7043,0.096636586,18.079504,0,93,768.3743
9/28/2026 11:34,38008.582,43847.28,28.486519,26.309847,1.0202858,28.500734,8.023258,99.453285,156.8323,7.9114504,-74.79191,319.74316,0.47142494,18.028278,0,93,768.3743
9/28/2026 12:04,38133.938,43907.574,28.534246,26.22336,1.0203017,28.539923,8.116085,100.80098,158.93953,7.9264965,-75.66929,321.88416,0.3662066,18.115433,0,93,768.3743
9/28/2026 12:34,38119.39,43841.043,28.48866,26.233368,1.0202546,28.49668,8.155607,101.3642,159.81688,7.9384255,-76.3607,327.9209,0.32091364,18.167068,0,93,768.3743
9/28/2026 13:04,38187.875,43874.594,28.515114,26.186323,1.0202637,28.518486,8.048194,100.13484,157.8689,7.9192514,-75.28305,329.1559,0.3405607,18.213978,0,93,768.3743
9/28/2026 13:34,38141.125,43799.52,28.461945,26.21842,1.0202178,28.469688,8.200533,102.041016,160.86945,7.9312286,-75.969696,331.53534,0.16567384,18.236204,0,93,768.3743
9/28/2026 14:04,38066.438,43681.39,28.378237,26.269861,1.0201459,28.392904,8.229947,102.421875,161.4627,7.9275513,-75.769424,330.23358,0.16165459,18.269981,0,93,768.3743
9/28/2026 14:34,38023.547,43550.645,28.287832,26.299494,1.0200566,28.307919,8.10812,101.01577,159.22818,7.8949656,-73.93837,329.99994,0.1714894,18.355392,0,93,768.3743
9/28/2026 15:04,37659.562,43060.37,27.937819,26.55368,1.019771,27.98924,7.890021,98.23889,154.83511,7.846757,-71.21563,326.5953,0.046098806,18.433294,0,92,768.3743
9/28/2026 15:34,37043.07,42258.79,27.365568,26.995602,1.0193096,27.468212,7.6812296,95.50305,150.5022,7.7926817,-68.16387,328.99857,0.03806491,18.538048,0,92,768.3743
9/28/2026 16:04,35829.65,40934.64,26.413322,27.909847,1.0186,26.607517,7.3699203,90.99515,143.4111,7.702528,-63.0188,327.58713,0.039230045,18.47064,0,92,768.3743
9/28/2026 16:34,34095.234,39131.7,25.119768,29.329613,1.0176631,25.435604,7.013244,85.57961,134.91327,7.5858216,-56.33831,318.68933,0.0376148,18.261494,0,92,768.3743
9/28/2026 17:04,32591.562,37550.68,23.993427,30.682789,1.0168455,24.407942,6.6988792,80.91848,127.59445,7.473379,-49.915314,301.12268,0.03335764,18.08562,0,92,768.3743
9/28/2026 17:34,30667.877,35463.24,22.519783,32.60741,1.0157603,23.051105,6.405862,76.45242,120.57803,7.358086,-43.33973,294.37543,0.03552627,17.920387,0,92,768.3743
9/28/2026 18:04,28530.613,33126.29,20.884861,35.05007,1.0145557,21.53209,6.170155,72.65839,114.62118,7.248333,-37.083626,277.338,0.040326647,17.736547,0,92,768.3743
9/28/2026 18:34,25806.06,30120.465,18.805504,38.750587,1.013023,19.578302,5.95636,68.94814,108.80061,7.1366043,-30.71785,251.52206,0.036387265,17.50061,0,92,768.3743
9/28/2026 19:04,23344.816,27369.846,16.926949,42.836063,1.0116345,17.7904,5.760289,65.66693,103.64875,7.0437427,-25.434494,243.32523,0.03901925,17.300484,0,92,768.3743
9/28/2026 19:34,20547.512,24199.256,14.791558,48.667694,1.0100493,15.729516,5.610234,62.884476,99.28162,6.972691,-21.424294,246.35315,0.041029338,17.09931,0,92,768.3743
9/28/2026 20:04,18505.467,21867.197,13.241776,54.038086,1.0088984,14.213678,5.5426645,61.365036,96.900276,6.9247212,-18.763542,255.99957,0.4965363,16.951103,0,92,768.3743
9/28/2026 20:34,17076.479,20222.705,12.160257,58.56008,1.0080932,13.144758,5.43053,59.615192,94.14821,6.899966,-17.390251,263.34763,0.035708923,16.854507,0,92,768.3743
9/28/2026 21:04,36564.504,42162.055,27.274435,27.348928,1.0193558,27.405334,7.44187,91.61482,144.46758,7.8025823,-68.6121,240.96489,0.31842247,18.049068,0,92,768.3743
9/28/2026 21:34,38027.75,43699.855,28.388487,26.296587,1.0201694,28.404905,7.770629,96.590225,152.28252,7.89522,-73.91453,302.36243,0.3203381,18.204353,0,92,768.3743
9/28/2026 22:04,38182.996,43885.543,28.522211,26.189669,1.0202732,28.525602,7.788397,96.87472,152.73256,7.903223,-74.36752,317.52588,0.18003051,18.196789,0,92,768.3743
9/28/2026 22:34,38176.754,43874.074,28.514137,26.19395,1.0202659,28.518148,7.783033,96.81161,152.63219,7.90723,-74.596405,327.425,0.41056812,18.201246,0,92,768.3743
9/28/2026 23:04,38284.297,43927.895,28.556438,26.12037,1.020281,28.553133,7.78388,96.98081,152.88443,7.9076586,-74.63932,327.487,0.42972857,18.273607,0,92,768.3743
9/28/2026 23:34,38289.01,43899.746,28.537739,26.117153,1.0202584,28.534836,7.802433,97.26582,153.3267,7.909682,-74.7633,336.22742,0.48507676,18.308487,0,92,768.3743
9/29/2026 0:04,38275.39,43943.37,28.566362,26.126448,1.0202951,28.56319,7.6889195,95.75437,150.95631,7.901824,-74.300766,339.35547,0.17096403,18.246923,0,92,768.3743
9/29/2026 0:34,38193.344,43883.094,28.521145,26.182573,1.0202689,28.524012,7.6750956,95.492,150.54962,7.901982,-74.300766,340.0135,0.040520567,18.211678,0,92,768.3743
9/29/2026 1:04,38278.67,43943.504,28.566637,26.124208,1.0202943,28.563278,7.7198553,96.146805,151.57422,7.904994,-74.481964,339.98965,0.073937215,18.250696,0,92,768.3743
9/29/2026 1:34,38235.207,43911.434,28.542585,26.153906,1.0202804,28.542433,7.5549636,94.04622,148.2663,7.889224,-73.58074,342.8793,0.69977456,18.232183,0,92,768.3743
9/29/2026 2:04,38148.242,43939.31,28.556402,26.213528,1.0203223,28.56055,7.4450154,92.45073,145.77617,7.87689,-72.84641,343.0462,0.29715422,18.099634,0,92,768.3743
9/29/2026 2:34,37899.508,43864.016,28.491426,26.385567,1.0203242,28.51161,6.9760213,86.230194,136.0061,7.8120146,-69.10801,340.4522,0.038278818,17.880774,0,92,768.3743
9/29/2026 3:04,37542.2,43690.61,28.354038,26.636692,1.0202774,28.398895,6.409376,78.782295,124.29832,7.712782,-63.419342,328.70294,0.037356883,17.63214,0,92,768.3743
9/29/2026 3:34,36304.707,42457.35,27.456306,27.544638,1.0196419,27.597279,6.067345,73.861725,116.567085,7.614707,-57.811737,316.04767,0.035003792,17.4129,0,92,768.3743
9/29/2026 4:04,33025.25,38871.676,24.8877,30.279861,1.0177441,25.266588,5.763153,68.69309,108.44872,7.4757795,-49.886703,290.66086,0.033685144,17.125484,0,92,768.3743
9/29/2026 4:34,28429.662,33697.15,21.248592,35.17453,1.015032,21.903147,5.5314364,64.1028,101.24006,7.3153095,-40.755272,269.47974,0.037353586,16.81579,0,92,768.3743
9/29/2026 5:04,24386.355,29087.271,18.07081,41.00654,1.0126638,18.906727,5.3142486,60.077385,94.91412,7.1800814,-33.073425,260.46753,0.039527074,16.538523,0,92,768.3743
9/29/2026 5:34,22382.564,26796.506,16.51449,44.67763,1.0115086,17.417728,5.1879463,57.90805,91.50451,7.0988646,-28.467178,259.5663,0.038871538,16.375874,0,92,768.3743
9/29/2026 6:04,20741.193,24915.928,15.248714,48.213234,1.0105716,16.195353,5.0578074,55.854534,88.27497,7.052417,-25.830269,267.20047,0.06732666,16.227602,0,92,768.3743
9/29/2026 6:34,19589.256,23585.453,14.360275,51.048393,1.0099124,15.330544,4.926417,54.00185,85.35672,7.0038567,-23.069382,281.55328,0.2581303,16.129066,0,92,768.3743
9/29/2026 7:04,18655.357,22506.803,13.644116,53.603905,1.0093825,14.629421,4.8815727,53.181377,84.06847,6.980258,-21.762848,293.31207,0.035986736,16.040648,0,92,768.3743
9/29/2026 7:34,17752.38,21454.762,12.949688,56.33047,1.0088662,13.945596,4.777085,51.74318,81.80212,6.961306,-20.713806,270.13303,0.03711655,15.965082,0,92,768.3743
9/29/2026 8:04,16903.553,20442.893,12.286294,59.15916,1.008365,13.287881,4.7801847,51.536797,81.478615,6.946185,-19.879341,284.37137,0.07211061,15.935442,0,92,768.3743
9/29/2026 8:34,15793.945,19106.2,11.415923,63.315403,1.0077024,12.41903,4.833972,51.828663,81.941185,6.930607,-19.021034,300.43124,0.034630284,15.923551,0,92,768.3743
9/29/2026 9:04,30190.94,35001.52,22.192701,33.12252,1.0155371,22.750988,7.4424233,88.44867,139.51886,7.651724,-59.990883,269.47498,0.03867922,17.804235,0,92,768.3743
9/29/2026 9:34,38183.664,43634.777,28.353346,26.18921,1.0200819,28.362604,8.188056,102.25416,161.15805,7.90523,-74.54872,310.75955,0.040801845,18.459377,0,92,768.3743
9/29/2026 10:04,38403.242,43795.707,28.473896,26.039469,1.020151,28.46721,8.341938,104.437935,164.57918,7.9219832,-75.52624,320.34396,0.03503658,18.553522,0,92,768.3743
9/29/2026 10:34,38502.05,43804.996,28.485518,25.972643,1.0201336,28.473248,8.485858,106.46606,167.75087,7.936901,-76.40362,327.57758,0.037558895,18.661886,0,92,768.3743
9/29/2026 11:04,38610.293,43863.754,28.531033,25.89983,1.0201522,28.51144,8.642353,108.5979,171.09431,7.9533377,-77.35729,323.25745,0.11476834,18.729443,0,92,768.3743
9/29/2026 11:34,38611.766,43847.977,28.520449,25.898842,1.0201397,28.501184,8.778691,110.342575,173.83873,7.966984,-78.139305,331.6927,0.06393437,18.747778,0,92,768.3743
9/29/2026 12:04,38617.652,43864.18,28.531708,25.894894,1.0201505,28.511717,8.905964,111.928444,176.33958,7.9774137,-78.73058,329.99994,0.21875267,18.737776,0,92,768.3743
9/29/2026 12:34,38607.76,43804.027,28.490513,25.901527,1.0201068,28.472618,8.925356,112.254265,176.8406,7.979849,-78.88317,325.9945,0.16389045,18.789251,0,92,768.3743
9/29/2026 13:04,38660.63,43822.254,28.505646,25.866108,1.0201076,28.484467,8.896798,111.99825,176.42682,7.9835744,-79.107285,320.52518,0.2654496,18.833221,0,92,768.3743
9/29/2026 13:34,38747.25,43842.297,28.52377,25.808283,1.0201013,28.497494,8.927649,112.57387,177.31374,7.988706,-79.422,329.26083,0.59242123,18.915545,0,92,768.3743
9/29/2026 14:04,38882.89,43895.465,28.56686,25.718252,1.0201083,28.532053,8.821447,111.48569,175.57442,7.975152,-78.67813,330.7867,0.5159514,19.021284,0,92,768.3743
9/29/2026 14:34,39090.566,43848.137,28.545336,25.58162,1.0200186,28.50129,8.994718,114.30017,179.93279,7.9868655,-79.426765,328.4645,0.1881603,19.319315,0,92,768.3743
9/29/2026 15:04,39340.223,43823.445,28.540857,25.419277,1.0199343,28.485239,8.870662,113.40806,178.44702,7.9616995,-78.07732,316.47205,0.042794213,19.643875,0,92,768.3743
9/29/2026 15:34,39527.86,43714.14,28.475248,25.298613,1.0197982,28.41419,8.633432,111.03835,174.63274,7.9227514,-75.941086,320.01495,0.035697605,19.98613,0,92,768.3743
9/29/2026 16:04,39224.51,43176.008,28.094072,25.494263,1.019452,28.064405,8.261638,106.45561,167.37126,7.857095,-72.24083,318.95636,0.039561037,20.208345,0,92,768.3743
9/29/2026 16:34,36753.348,40561.594,26.207174,27.208406,1.01805,26.365036,7.7802324,98.913704,155.54185,7.746608,-65.88936,313.26294,0.04059061,20.084398,0,92,768.3743
9/29/2026 17:04,33453.14,37135.176,23.75898,29.89256,1.0162594,24.137865,7.2511506,90.39472,142.20226,7.5881796,-56.772232,297.7562,0.034574635,19.808784,0,92,768.3743
9/29/2026 17:34,30591.045,34129.32,21.63888,32.689304,1.0147076,22.184057,6.837955,83.80438,131.87917,7.428507,-47.60742,295.51508,0.036277246,19.572115,0,92,768.3743
9/29/2026 18:04,28911.455,32349.707,20.396086,34.588367,1.0137969,21.02731,6.561665,79.62038,125.31909,7.3245635,-41.651726,297.13153,0.03834755,19.4354,0,92,768.3743
9/29/2026 18:34,27194.662,30507.994,19.120243,36.771923,1.0128574,19.830196,6.2978296,75.66649,119.11604,7.2360344,-36.582947,290.7753,0.036190618,19.313854,0,92,768.3743
9/29/2026 19:04,25653.35,28851.008,17.980852,38.981266,1.0120199,18.753155,6.056404,72.113266,113.54084,7.170412,-32.82547,289.42584,0.039254885,19.197197,0,92,768.3743
9/29/2026 19:34,24350.453,27446.453,17.021511,41.066998,1.0113156,17.840195,5.834663,68.940895,108.56145,7.102038,-28.915405,289.87408,0.037152115,19.094166,0,92,768.3743
9/29/2026 20:04,23489.564,26529.277,16.397854,42.572098,1.0108634,17.24403,5.5961194,65.758865,103.56392,7.0704937,-27.108192,297.0171,0.3193775,19.00107,0,92,768.3743
9/29/2026 20:34,22077.213,25000.264,15.364828,45.295574,1.010107,16.250172,5.4466033,63.458397,99.95757,7.0332828,-24.97673,297.7991,0.038129274,18.87849,0,92,768.3743
9/29/2026 21:04,20797.908,23613.96,14.434622,48.08176,1.0094281,15.349075,5.3792324,62.178642,97.95796,7.0188746,-24.113655,295.9156,0.036251046,18.75635,0,92,768.3743
9/29/2026 21:34,18339.324,20913.998,12.642271,54.527637,1.0081115,13.594099,5.2495866,59.7978,94.2326,6.978655,-21.862984,302.0668,0.037506875,18.554573,0,92,768.3743
9/29/2026 22:04,37770.688,42803.688,27.77084,26.475557,1.0195451,27.822397,7.89475,98.96935,155.9006,7.8587236,-71.99764,279.81757,0.6010385,18.843805,0,92,768.3743
9/29/2026 22:34,38588.836,43670.832,28.399424,25.91423,1.0200086,28.38604,8.093767,101.967674,160.60985,7.9147687,-75.20676,316.7343,0.50421023,18.907305,0,92,768.3743
9/29/2026 23:04,38641.76,43758.91,28.461796,25.878736,1.0200634,28.443293,7.9708233,100.3994,158.14604,7.911221,-74.99695,325.78946,0.28855884,18.877508,0,92,768.3743
9/29/2026 23:34,38620.1,43749.527,28.454302,25.893251,1.0200615,28.437193,7.94155,99.995964,157.51399,7.9131346,-75.10185,332.7608,0.25932974,18.861506,0,92,768.3743
9/30/2026 0:04,38700.99,43833.332,28.515265,25.839134,1.020106,28.491665,7.9109807,99.662766,156.98738,7.9132648,-75.11139,337.6341,0.27130377,18.869757,0,92,768.3743
9/30/2026 0:34,38674.836,43811.62,28.4992,25.856606,1.0200957,28.477554,7.9235716,99.796135,157.19922,7.913972,-75.149536,340.12793,0.21144138,18.861408,0,92,768.3743
9/30/2026 1:04,38620.934,43784.23,28.477827,25.892694,1.0200881,28.45975,7.894387,99.34897,156.50241,7.913044,-75.08755,338.13,0.30592933,18.825867,0,92,768.3743
9/30/2026 1:34,38597.65,43772.37,28.468575,25.908314,1.0200847,28.452042,7.9156804,99.58243,156.87343,7.917466,-75.3355,342.12112,0.13267651,18.810526,0,92,768.3743
9/30/2026 2:04,38664.1,43852.97,28.526608,25.863785,1.0201304,28.504429,7.8749485,99.094154,156.1054,7.913892,-75.13046,342.90314,0.27495974,18.805016,0,92,768.3743
9/30/2026 2:34,38549.34,43799.95,28.48464,25.94078,1.0201182,28.469969,7.662219,96.244705,151.63324,7.8858724,-73.513985,342.66473,0.12080651,18.723715,0,92,768.3743
9/30/2026 3:04,38413.83,43795.04,28.474024,26.032291,1.0201478,28.466774,7.3822055,92.44594,145.67894,7.854729,-71.702,337.62933,0.09420468,18.566877,0,92,768.3743
9/30/2026 3:34,38133.617,43707.82,28.399786,26.223581,1.0201498,28.410084,6.7902303,84.60084,133.35953,7.7591867,-66.20884,337.47675,0.039901953,18.322865,0,92,768.3743
9/30/2026 4:04,37510.543,43155.066,27.993183,26.659172,1.01988,28.050795,6.4403067,79.78485,125.79605,7.6788206,-61.602592,329.21313,0.0350402,18.152023,0,92,768.3743
9/30/2026 4:34,35353.258,40829.934,26.317493,28.285936,1.0186424,26.539455,6.1257634,74.87728,118.08509,7.576211,-55.737495,304.7514,0.03175915,17.977287,0,92,768.3743
9/30/2026 5:04,31475.498,36488.03,23.234488,31.770744,1.0163304,23.71722,5.729356,68.52165,108.08552,7.407102,-46.105385,281.19565,0.033561278,17.807606,0,92,768.3743
9/30/2026 5:34,27081.723,31514.826,19.76754,36.925274,1.0137267,20.484638,5.443096,63.54113,100.25127,7.257974,-37.617683,264.58264,0.036550872,17.635221,0,92,768.3743
9/30/2026 6:04,23902.47,27926.44,17.308283,41.836678,1.0118923,18.152187,5.201263,59.61472,94.0777,7.144425,-31.15654,251.56975,0.03381893,17.45593,0,92,768.3743
9/30/2026 6:34,22158.303,25961.54,15.977436,45.12981,1.0109051,16.875,4.985104,56.53925,89.238335,7.0809703,-27.546883,274.0717,0.03848112,17.330101,0,92,768.3743
9/30/2026 7:04,21290.078,24985.582,15.320665,46.970238,1.0104202,16.24063,4.8435383,54.636036,86.24232,7.0446525,-25.482178,269.8326,0.037441745,17.256258,0,92,768.3743
9/30/2026 7:34,20101.64,23632.543,14.415773,49.747185,1.0097471,15.361153,4.659302,52.18944,82.38841,7.012091,-23.608208,287.0035,4.5744452,17.177568,0,92,768.3743
9/30/2026 8:04,18979.705,22347.04,13.561804,52.68786,1.0091102,14.525576,4.544291,50.571793,79.84129,6.984495,-22.07756,272.61734,0.0782255,17.110804,0,92,768.3743
9/30/2026 8:34,18340.34,21604.277,13.071259,54.524616,1.0087407,14.04278,4.4450717,49.30097,77.83692,6.9688206,-21.209717,271.87823,0.18148685,17.090141,0,92,768.3743
9/30/2026 9:04,17096.572,20148.932,12.115872,58.491257,1.0080172,13.096806,4.487104,49.459663,78.08953,6.949607,-20.14637,294.32773,0.03726589,17.068592,0,92,768.3743
9/30/2026 9:34,15741.57,18516.14,11.054541,63.526062,1.0071918,12.035492,4.702583,51.59416,81.45099,6.930004,-19.068718,280.35162,0.7464567,17.154657,0,92,768.3743
9/30/2026 10:04,38034.43,43110.957,27.991978,26.291967,1.0197158,28.022123,7.93859,99.63299,156.94792,7.8701468,-72.64614,306.5729,0.04057114,18.83482,0,92,768.3743
9/30/2026 10:34,38414.59,43493.14,28.270107,26.031776,1.019915,28.270542,8.210259,103.314995,162.73659,7.9100084,-74.93019,323.6723,0.61208594,18.88656,0,92,768.3743
9/30/2026 11:04,38620.63,43687.008,28.412035,25.892899,1.0200131,28.396557,8.322974,104.90466,165.23119,7.9249663,-75.79327,327.41547,0.1291215,18.928274,0,92,768.3743
9/30/2026 11:34,38664.76,43693.92,28.419006,25.863342,1.0200073,28.40105,8.392999,105.88267,166.76123,7.9345474,-76.351166,335.53125,0.13742764,18.973837,0,92,768.3743
9/30/2026 12:04,38784.465,43771.004,28.47742,25.78352,1.0200368,28.451153,8.51627,107.60025,169.45213,7.94882,-77.18086,338.27304,0.22643529,19.035425,0,92,768.3743
9/30/2026 12:34,38754.008,43720.035,28.441313,25.803783,1.0200049,28.418022,8.691254,109.82395,172.94987,7.9540915,-77.48604,338.9597,0.22582804,19.053038,0,92,768.3743
9/30/2026 13:04,38784.63,43695.996,28.426603,25.783411,1.0199785,28.402397,8.839123,111.813866,176.06851,7.966764,-78.225136,331.54965,0.22647195,19.115257,0,92,768.3743
9/30/2026 13:34,38791.91,43639.098,28.3884,25.77857,1.0199322,28.365414,8.814245,111.61943,175.74556,7.96995,-78.42541,318.9945,0.29948336,19.184584,0,92,768.3743
9/30/2026 14:04,38840.277,43644.008,28.394178,25.74647,1.0199237,28.368605,8.835216,112.00004,176.33194,7.9757204,-78.76873,314.6076,0.57979107,19.237371,0,92,768.3743
9/30/2026 14:34,38881.824,43619.094,28.379364,25.718958,1.0198935,28.352411,8.801788,111.72692,175.88326,7.978702,-78.959465,323.43866,0.09136353,19.313852,0.009,92,768.3743
9/30/2026 15:04,39082.45,43689.23,28.436962,25.586933,1.0198963,28.397999,8.878592,113.09102,177.98947,7.9780025,-78.96423,324.14435,0.29028073,19.479355,0,92,768.3743
9/30/2026 15:34,39161.81,43630.402,28.400818,25.535082,1.0198294,28.35976,8.761523,111.90703,176.08669,7.9649005,-78.258514,328.05444,0.08493981,19.637733,0,92,768.3743
9/30/2026 16:04,39306.832,43654.004,28.423841,25.44087,1.0198096,28.375103,8.474229,108.552895,170.77281,7.9252424,-76.031685,329.73767,0.03975647,19.786259,0,92,768.3743
9/30/2026 16:34,39307.805,43407.984,28.256159,25.44024,1.0196142,28.21519,8.079674,103.913994,163.41187,7.860173,-72.37911,329.9618,0.034711923,20.054619,0,92,768.3743
9/30/2026 17:04,38079.95,42035.31,27.265612,26.26054,1.0188566,27.32295,7.6586847,97.95912,154.04321,7.7679887,-67.11006,321.52176,0.03744963,20.073502,0,92,768.3743
9/30/2026 17:34,35139.73,38973.254,25.064697,28.457817,1.0172406,25.332615,7.18725,90.363045,142.14398,7.619237,-58.555603,323.24313,0.03581095,19.850107,0,92,768.3743
9/30/2026 18:04,32022.541,35757.1,22.778769,31.228003,1.0155824,23.242117,6.6840568,82.410286,129.6927,7.4272857,-47.531128,323.7152,0.038871087,19.531807,0,92,768.3743
9/30/2026 18:34,30197.79,33897.766,21.4691,33.115005,1.0146468,22.033548,6.3593473,77.43581,121.90619,7.329786,-41.92829,303.9789,0.0405008,19.285286,0,92,768.3743
9/30/2026 19:04,28954.697,32622.508,20.576775,34.53671,1.0140095,21.20463,6.117381,73.85227,116.2923,7.252446,-37.493706,279.24536,0.03871922,19.113514,0,92,768.3743
9/30/2026 19:34,27614.436,31221.504,19.602852,36.212944,1.0133075,20.293978,5.8500724,69.99821,110.24795,7.161944,-32.315254,269.32715,0.037258636,18.951225,0,92,768.3743
9/30/2026 20:04,26603.45,30164.715,18.871923,37.58911,1.0127826,19.607065,5.582103,66.33201,104.49245,7.125453,-30.22194,151.78204,0.040413134,18.818815,0,92,768.3743
9/30/2026 20:34,25628.97,29144.643,18.16951,39.018345,1.0122794,18.94402,5.4778023,64.6518,101.86411,7.0940404,-28.419495,244.29797,0.036890484,18.684376,0,92,768.3743
9/30/2026 21:04,24833.732,28339.17,17.615894,40.26781,1.0118947,18.42046,5.2617173,61.703316,97.23941,7.0463014,-25.687218,217.84305,0.03780422,18.523777,0,92,768.3743
9/30/2026 21:34,23670.305,27103.092,16.772566,42.24703,1.0112883,17.61701,5.077227,59.061375,93.09506,7.0202246,-24.15657,249.22849,0.06920489,18.368763,0,92,768.3743
9/30/2026 22:04,22415.195,25774.197,15.87088,44.612595,1.0106448,16.75323,4.9354887,56.888794,89.69314,6.97461,-21.61026,154.7718,0.037474412,18.176744,0,92,768.3743
9/30/2026 22:34,19280.91,22372.75,13.591571,51.864773,1.0089992,14.542288,4.922328,55.512054,87.5691,6.933757,-19.316673,184.11636,0.039197944,17.764574,0,92,768.3743
9/30/2026 23:04,37241.734,42391.305,27.465239,26.851595,1.0193614,27.55435,7.740181,96.48049,152.0218,7.8156323,-69.49425,242.3954,0.5144157,18.639948,0,92,768.3743
9/30/2026 23:34,38362.527,43480.527,28.25885,26.067104,1.0199184,28.262342,8.002796,100.60354,158.47626,7.893406,-73.97175,277.93408,0.5573066,18.837286,0,92,768.3743
10/1/2026 0:04,38445.62,43574.46,28.326725,26.010765,1.0199702,28.3234,8.054525,101.29539,159.56602,7.911736,-75.01602,300.58862,0.3974587,18.837545,0,92,768.3743
10/1/2026 0:34,38410.508,43551.953,28.30965,26.034542,1.0199616,28.30877,7.9606967,100.07041,157.64029,7.907633,-74.7776,310.6451,0.29408243,18.819208,0,92,768.3743
10/1/2026 1:04,38387.25,43559.59,28.313583,26.050316,1.0199734,28.313734,7.86074,98.74885,155.56601,7.897749,-74.2054,311.65125,0.1041018,18.783157,0,92,768.3743
10/1/2026 1:34,38393.344,43530.94,28.294546,26.04618,1.0199497,28.295113,7.9014583,99.31995,156.45775,7.9036913,-74.55349,312.12805,0.2940207,18.82085,0,92,768.3743
10/1/2026 2:04,38364.477,43544.953,28.30249,26.06578,1.0199678,28.30422,7.8035846,98.0023,154.39241,7.896211,-74.1148,313.49182,0.42779523,18.771282,0,92,768.3743
10/1/2026 2:34,38323.34,43513.99,28.279383,26.09376,1.0199542,28.284094,7.835668,98.36043,154.96008,7.9005556,-74.35799,304.36993,0.39321178,18.754614,0,92,768.3743
10/1/2026 3:04,38340.324,43559.234,28.31085,26.0822,1.019985,28.313503,7.5578923,94.842064,149.42267,7.8774,-73.03238,310.9312,0.49592525,18.727133,0,92,768.3743
10/1/2026 3:34,38234.707,43495.605,28.262247,26.154247,1.0199623,28.272144,7.5201893,94.234634,148.47758,7.8717995,-72.69859,319.4189,0.22431958,18.667412,0,92,768.3743
10/1/2026 4:04,38142.43,43555.47,28.297625,26.217522,1.0200311,28.311054,7.1167383,88.90303,140.10962,7.814152,-69.37504,321.20703,0.08859144,18.493237,0,92,768.3743
10/1/2026 4:34,37837.484,43377.125,28.160719,26.428818,1.0199696,28.195131,6.7574997,84.05783,132.50514,7.743123,-65.29331,324.893,0.040505394,18.313675,0,92,768.3743
10/1/2026 5:04,36952.36,42535.977,27.546555,27.06187,1.0195451,27.648384,6.527014,80.604485,127.09247,7.6818495,-61.769485,321.66003,0.03783685,18.127325,0,92,768.3743
10/1/2026 5:34,34475.973,39928.434,25.669308,29.005709,1.0181772,25.953482,6.118176,74.31182,117.212456,7.5420356,-53.772926,317.7786,0.037415523,17.85048,0,92,768.3743
10/1/2026 6:04,30069.193,35055.016,22.221083,33.25663,1.0156143,22.78576,5.701485,67.438354,106.41106,7.3474474,-42.681694,299.01505,0.036084905,17.553482,0,92,768.3743
10/1/2026 6:34,26633.248,31228.062,19.559505,37.547054,1.0136412,20.29824,5.3600097,62.07591,97.981186,7.2064075,-34.651756,254.60243,0.03843489,17.296474,0,92,768.3743
10/1/2026 7:04,24577.33,28938.76,17.9869,40.6879,1.0124822,18.810194,5.067626,57.91965,91.442055,7.128325,-30.207634,185.4229,0.034358945,17.1093,0,92,768.3743
10/1/2026 7:34,23296.307,27504.832,17.00994,42.92526,1.0117624,17.878141,4.869897,55.19942,87.160255,7.074971,-27.17495,225.77762,0.037490737,16.988983,0,92,768.3743
,,,,,,,,,,,,,,,,,
Log Notes,,,,,,,,,,,,,,,,,
2026-03-30 14:47:30 Started,,,,,,,,,,,,,,,,,
2026-04-22 09:11:09 Paused,,,,,,,,,,,,,,,,,
"2026-04-22 09:23:32 pH Calibrated (Sensor: pH/ORP, Serial Number: 1111279)",,,,,,,,,,,,,,,,,
2026-04-22 09:25:43 Resumed,,,,,,,,,,,,,,,,,
2026-05-12 14:26:11 Paused,,,,,,,,,,,,,,,,,
2026-05-12 14:28:02 Resumed,,,,,,,,,,,,,,,,,
2026-05-12 14:32:15 Paused,,,,,,,,,,,,,,,,,
"2026-05-12 14:37:02 pH Calibrated (Sensor: pH/ORP, Serial Number: 1111279)",,,,,,,,,,,,,,,,,
2026-05-12 14:39:51 Resumed,,,,,,,,,,,,,,,,,
2026-06-10 12:49:26 Paused,,,,,,,,,,,,,,,,,
"2026-06-10 13:00:01 pH Calibrated (Sensor: pH/ORP, Serial Number: 1111279)",,,,,,,,,,,,,,,,,
2026-06-10 13:03:31 Resumed,,,,,,,,,,,,,,,,,
2026-07-08 11:16:07 Paused,,,,,,,,,,,,,,,,,
"2026-07-08 11:38:20 pH Calibrated (Sensor: pH/ORP, Serial Number: 1111279)",,,,,,,,,,,,,,,,,
2026-07-08 11:40:08 Resumed,,,,,,,,,,,,,,,,,
2026-07-08 11:44:08 Hardware Reset,,,,,,,,,,,,,,,,,
2026-08-05 09:29:23 Paused,,,,,,,,,,,,,,,,,
"2026-08-05 09:39:48 pH Calibrated (Sensor: pH/ORP, Serial Number: 1111279)",,,,,,,,,,,,,,,,,
2026-08-05 09:43:14 Resumed,,,,,,,,,,,,,,,,,
2026-09-02 09:42:38 Paused,,,,,,,,,,,,,,,,,
2026-09-02 09:47:29 Resumed,,,,,,,,,,,,,,,,,
2026-09-02 09:48:31 Paused,,,,,,,,,,,,,,,,,
"2026-09-02 09:56:40 pH Calibrated (Sensor: pH/ORP, Serial Number: 1111279)",,,,,,,,,,,,,,,,,
2026-09-02 10:04:05 Hardware Reset,,,,,,,,,,,,,,,,,
2026-10-01 07:50:36 Paused,,,,,,,,,,,,,,,,,
