Location Properties,,,,,,,,,,,,,,,,,,,
Location Name = AshCreek,,,,,,,,,,,,,,,,,,,
Location ID = 82862c1c-6906-4407-9675-91cd165864a7,,,,,,,,,,,,,,,,,,,
,,,,,,,,,,,,,,,,,,,
Report Properties,,,,,,,,,,,,,,,,,,,
Start Time = 2026-09-15 08:21:52,,,,,,,,,,,,,,,,,,,
Duration = 21.05:30:02,,,,,,,,,,,,,,,,,,,
Readings = 1020,,,,,,,,,,,,,,,,,,,
Time Offset = -04:00:00,,,,,,,,,,,,,,,,,,,
,,,,,,,,,,,,,,,,,,,
Instrument Properties,,,,,,,,,,,,,,,,,,,
Device Model = Aqua TROLL 600,,,,,,,,,,,,,,,,,,,
Device SN = 1335676,,,,,,,,,,,,,,,,,,,
Device Firmware = 2.50,,,,,,,,,,,,,,,,,,,
,,,,,,,,,,,,,,,,,,,
Log Properties,,,,,,,,,,,,,,,,,,,
Log Name = Log_0626ASHC_1335676,,,,,,,,,,,,,,,,,,,
Log Type = Linear,,,,,,,,,,,,,,,,,,,
Log File Number = 1,,,,,,,,,,,,,,,,,,,
Log ID = 0d6aae26-339d-4b4b-89fd-f98df703842c,,,,,,,,,,,,,,,,,,,
Log Wrapping Enabled = True,,,,,,,,,,,,,,,,,,,
Interval = 00:30:00,,,,,,,,,,,,,,,,,,,
,,,,,,,,,,,,,,,,,,,
,,,,,,,,,,,,,,,,,,,
Date Time,Actual Conductivity (µS/cm) (1333748),Specific Conductivity (µS/cm) (1333748),Salinity (PSU) (1333748),Resistivity (Ω⋅cm) (1333748),Density (g/cm³) (1333748),Total Dissolved Solids (ppt) (1333748),RDO Concentration (mg/L) (1330288),RDO Saturation (%Sat) (1330288),Oxygen Partial Pressure (Torr) (1330288),Chlorophyll-a Fluorescence (RFU) (1334952),pH (pH) (1310280),pH mV (mV) (1310280),ORP (mV) (1310280),Temperature (°C) (1335676),External Voltage (V) (1335676),Battery Capacity (%) (1335676),Barometric Pressure (mm Hg) (1335676),Pressure (psi) (1331252),Depth (ft) (1331252)
9/15/2026 8:21,70.21803,81.65161,0.037864942,14241.355,0.9986874,0.053073548,9.366464,96.43322,153.34692,0,8.172252,-89.440346,322.75977,17.668648,0,99,774.32416,14.976576,34.640446
9/15/2026 8:51,17853.268,20173.56,12.162072,56.012154,1.0076557,13.112814,5.346755,60.756573,96.4492,0.011631872,7.017701,-25.520325,383.43256,18.978191,0,99,774.3542,15.686512,36.53141
9/15/2026 9:21,15947.133,18000.975,10.746169,62.707195,1.0065718,11.700633,5.8909516,66.4426,105.468704,0.018534679,7.0096807,-25.086403,385.26837,19.02638,0,99,774.3542,15.767214,36.75492
9/15/2026 9:51,39808.71,41869.574,27.220108,25.12013,1.0182059,27.215223,5.3089542,70.30421,111.033134,0.035586834,7.40856,-47.860146,331.2284,22.422985,0,99,774.3542,15.9566,36.771336
9/15/2026 10:21,40059.44,42004.51,27.321795,24.962904,1.018241,27.302933,5.643065,74.977516,118.38406,0.4938592,7.4790683,-51.86081,339.46814,22.575588,0,99,774.3542,16.218401,37.36381
9/15/2026 10:51,39432.305,41374.125,26.865501,25.359919,1.0179051,26.89318,6.3439293,84.017624,132.66492,0.047615997,7.545642,-55.60875,335.66776,22.542767,0,99,774.3542,16.514908,38.048035
9/15/2026 11:21,40203.74,41985.992,27.313744,24.873308,1.0181795,27.290895,6.511971,86.831215,137.05418,0.03929485,7.580182,-57.60193,327.33264,22.77755,0,99,774.3542,16.820564,38.729126
9/15/2026 11:51,40496.6,42230.863,27.492882,24.69343,1.0182949,27.450062,6.641266,88.76151,140.08397,0.117097676,7.599701,-58.717728,325.1392,22.849936,0,99,774.3542,17.194191,39.57221
9/15/2026 12:21,40681.125,42389.53,27.608864,24.581425,1.0183715,27.553194,7.2138114,96.54723,152.3612,0.09045763,7.657254,-61.974525,322.46414,22.889917,0,99,774.3542,17.593555,40.473564
9/15/2026 12:51,39957.68,41629.742,27.059229,25.026478,1.0179542,27.059334,7.7197204,103.00345,162.54779,0.7923661,7.7152576,-65.2504,322.16373,22.897114,0,99,774.3542,17.928776,41.249138
9/15/2026 13:21,40660.184,42394.496,27.611626,24.594084,1.0183824,27.556423,7.9728675,106.64749,168.30942,1.5825747,7.742105,-66.7572,325.20117,22.858173,0,99,774.3542,18.223385,41.899258
9/15/2026 13:51,40651.53,42357.535,27.585712,24.59932,1.0183536,27.532398,8.2098,109.86522,173.37791,2.2838674,7.768412,-68.2497,327.49954,22.891294,0,99,774.3542,18.45186,42.418762
9/15/2026 14:21,40465.926,42113.84,27.410769,24.712149,1.0182048,27.373995,8.282214,110.840355,174.8991,1.4823143,7.771967,-68.46428,329.9171,22.951311,0,99,774.3542,18.607182,42.777977
9/15/2026 14:51,40661.086,42316.977,27.557882,24.593538,1.0183161,27.506035,8.468382,113.428345,178.98282,4.367696,7.7898717,-69.475174,333.23114,22.951277,0,99,774.3542,18.650135,42.870266
9/15/2026 15:21,40678.387,42313.5,27.55603,24.583078,1.0183076,27.503775,8.298855,111.206856,175.46986,0.95509565,7.7852054,-69.21768,340.46475,22.976814,0,99,774.3542,18.584784,42.721996
9/15/2026 15:51,41015.246,42353.016,27.593975,24.381178,1.0182331,27.52946,8.463144,114.178925,180.04582,1.3829595,7.7866297,-69.384575,333.04517,23.346275,0,99,774.3542,18.396116,42.298935
9/15/2026 16:21,40960.418,42249.254,27.520144,24.413813,1.0181614,27.462015,8.44607,114.01405,179.76823,0.38551906,7.760845,-67.93976,327.45663,23.402851,0,99,774.3542,18.154072,41.75307
9/15/2026 16:51,40832.12,42052.105,27.379175,24.490522,1.0180329,27.333868,8.198676,110.73746,174.57831,0.69653356,7.731697,-66.308975,330.91846,23.481085,0,99,774.3542,17.840128,41.046497
9/15/2026 17:21,40668.703,41802.66,27.200893,24.588932,1.0178708,27.17173,7.846924,106.062325,167.17917,0.042009197,7.682175,-63.529015,332.80673,23.579767,0,99,774.3542,17.531424,40.352863
9/15/2026 17:51,40288.598,41392.445,26.904753,24.820919,1.0176405,26.905088,7.577385,102.28807,161.22331,0.039799742,7.649051,-61.659813,334.06082,23.603779,0,99,774.3542,17.182806,39.57302
9/15/2026 18:21,38519.598,39530.38,25.564838,25.960812,1.0166137,25.694748,7.155742,95.95216,151.22162,0.05038908,7.5733514,-57.387352,336.7645,23.66127,0,99,774.3542,16.843092,38.84089
9/15/2026 18:51,34786.8,35914.68,22.98171,28.746536,1.0147516,23.344542,6.656214,87.46048,137.91191,0.32241693,7.466612,-51.293373,345.36188,23.35579,0,99,774.3542,16.524214,38.186172
9/15/2026 19:21,29154.049,30340.031,19.074572,34.300552,1.011917,19.72102,6.365025,81.18053,128.0973,0.045262165,7.3313694,-43.587685,361.76984,22.95342,0,99,774.3542,16.21817,37.593243
9/15/2026 19:51,25344.078,26526.17,16.45537,39.456947,1.01002,17.24201,6.294151,78.6586,124.17747,0.040874716,7.2458076,-38.719177,378.29224,22.666847,0,99,774.3542,15.947928,37.045555
9/15/2026 20:21,22961.846,24259.246,14.917105,43.550507,1.0089809,15.768511,6.1078353,75.00487,118.50009,0.04635447,7.1888947,-35.452843,385.85965,22.199963,0,99,774.3542,15.715954,36.552124
9/15/2026 20:51,20289.547,21723.955,13.216425,49.286465,1.0078619,14.120571,6.154318,73.92003,116.90827,0.033772726,7.134632,-32.32479,395.4059,21.542992,0,99,774.3542,15.585589,36.293797
9/15/2026 21:21,17667.207,19171.062,11.528064,56.602043,1.0067431,12.461191,6.0895987,71.5395,113.25625,0.027957637,7.086578,-29.559135,394.75742,20.89298,0,99,774.3542,15.532164,36.21103
9/15/2026 21:51,14434.2705,15905.28,9.406811,69.279564,1.0053087,10.338432,6.1283464,70.10648,111.10817,0.02952344,7.0611286,-28.061867,394.29013,20.157822,0,99,774.3542,15.603919,36.427544
9/15/2026 22:21,39134.758,40943.89,26.558968,25.552732,1.0176342,26.61353,5.7362213,76.03006,120.02387,1.3218067,7.422258,-48.675537,375.1451,22.686613,0,99,774.3542,15.779373,36.390522
9/15/2026 22:51,39691.703,41381.434,26.878984,25.194181,1.0178277,26.897932,6.1888194,82.439156,130.10332,1.9198523,7.5049577,-53.372383,355.2753,22.862144,0,99,774.3542,16.01486,36.91756
9/15/2026 23:21,38363.81,40230.977,26.043015,26.066235,1.017276,26.150137,7.1644683,94.47945,149.17758,1.2659616,7.6355247,-60.682297,355.79028,22.570097,0,99,774.3542,16.277277,37.53167
9/15/2026 23:51,36819.797,39006.207,25.152527,27.159302,1.0167388,25.354034,7.7328606,100.52936,158.86067,0.8824593,7.7131777,-64.94999,350.0015,22.065292,0,99,774.3542,16.57607,38.229088
9/16/2026 0:21,38695.086,40998.523,26.581743,25.843075,1.0178216,26.64904,8.090036,106.037796,167.56718,1.4967248,7.8056216,-70.15228,330.29858,22.058462,0,99,774.3542,16.899237,38.921383
9/16/2026 0:51,38651.91,40984.195,26.570389,25.871943,1.0178231,26.639729,8.369986,109.62491,173.2463,1.6445748,7.8342476,-71.754456,337.5751,22.020578,0,99,774.3542,17.229988,39.671387
9/16/2026 1:21,38919.703,41295.78,26.793938,25.693926,1.0180011,26.842257,8.459507,110.87541,175.2318,1.9209434,7.8417616,-72.169304,339.81146,21.987537,0,99,774.3542,17.5584,40.408436
9/16/2026 1:51,39142.246,41533.72,26.96545,25.547844,1.0181314,26.996918,8.3848715,110.00265,173.85307,2.8272817,7.8351617,-71.79737,337.3319,21.985392,0,99,774.3542,17.81607,40.98634
9/16/2026 2:21,39152.723,41569.27,26.990282,25.541008,1.018158,27.020025,8.385429,109.968185,173.80664,1.9049078,7.8326607,-71.64955,339.26312,21.956388,0,99,774.3542,18.035442,41.48348
9/16/2026 2:51,39144.27,41591.316,27.005136,25.546524,1.0181792,27.034357,8.337392,109.274895,172.72102,3.73514,7.831463,-71.57326,346.5015,21.919605,0,99,774.3542,18.195679,41.845337
9/16/2026 3:21,39166.46,41638.414,27.03832,25.53205,1.0182117,27.06497,8.108674,106.24415,167.93806,2.8173866,7.802003,-69.909096,353.67313,21.891773,0,99,774.3542,18.23199,41.9267
9/16/2026 3:51,39471.793,41960.402,27.27089,25.334547,1.0183871,27.274261,6.985816,91.6613,144.88654,1.3558016,7.7308803,-65.90843,367.11993,21.89484,0,99,774.3542,18.207928,41.865215
9/16/2026 4:21,39084.91,41594.49,27.005165,25.585321,1.0182002,27.036417,7.689342,100.63809,159.08948,2.169473,7.7576265,-67.40093,358.8039,21.841131,0,99,774.3542,18.02395,41.456467
9/16/2026 4:51,39086.926,41698.836,27.076927,25.584002,1.0182867,27.104244,7.412549,96.84422,153.12134,1.801668,7.7275867,-65.68432,360.82092,21.720552,0,99,774.3542,17.82374,40.998714
9/16/2026 5:21,38803.24,41347.39,26.82519,25.771046,1.0180806,26.875805,6.8029428,88.84264,140.45709,0.60084575,7.6474013,-61.187744,366.5716,21.778475,0,99,774.3542,17.545443,40.376877
9/16/2026 5:51,38104.637,40741.438,26.384214,26.243525,1.017791,26.481936,6.683448,86.79416,137.2546,0.3716192,7.6230755,-59.785843,367.26776,21.611502,0,99,774.3542,17.266857,39.757072
9/16/2026 6:21,37115.074,39908.895,25.77879,26.94323,1.0174053,25.940783,6.3433576,81.673195,129.21207,0.41224307,7.5662465,-56.53858,370.2289,21.33482,0,99,774.3542,16.961748,39.07974
9/16/2026 6:51,34993.125,37809.332,24.274254,28.577042,1.0163265,24.576065,5.9765983,75.94837,120.19827,0.23380753,7.4812145,-51.722527,371.56406,21.100288,0,99,774.3542,16.654531,38.42392
9/16/2026 7:21,30596.232,33430.758,21.176533,32.68376,1.014117,21.729994,5.6654277,69.992065,110.861435,0.04929894,7.358347,-44.7464,378.24457,20.560839,0,99,774.3542,16.35895,37.83256
9/16/2026 7:51,26559.686,29352.416,18.342093,37.651047,1.0121019,19.079071,5.5832963,67.14474,106.43561,0.040564906,7.2381897,-37.9467,383.09875,20.018597,0,99,774.3542,16.116667,37.353867
9/16/2026 8:21,23466.766,26090.555,16.115427,42.613457,1.010482,16.95886,5.4898777,64.80656,102.77074,0.047270443,7.1814713,-34.742355,391.0667,19.73483,0,99,774.3542,15.918778,36.96193
9/16/2026 8:51,21825.922,24333.518,14.930493,45.81708,1.0096143,15.816787,5.435412,63.55611,100.806244,0.04017331,7.123151,-31.471252,393.74176,19.604652,0,99,774.3542,15.744088,36.59449
9/16/2026 9:21,19853.547,22180.785,13.493554,50.368835,1.0085481,14.41751,5.5982747,64.78338,102.76692,0.041903656,7.083521,-29.249191,397.1845,19.506735,0,99,774.3542,15.654345,36.425873
9/16/2026 9:51,18186.455,20308.799,12.258244,54.985977,1.0076076,13.20072,5.941057,68.2783,108.30765,0.030979175,7.063916,-28.157234,398.86777,19.528606,0,99,774.3542,15.673722,36.5057
9/16/2026 10:21,36675.887,39185.605,25.269861,27.265871,1.0169383,25.470644,5.653315,72.987305,115.41435,0.07013403,7.4521914,-50.18711,373.3236,21.646753,0,99,774.3542,15.793106,36.445873
9/16/2026 10:51,39217.95,41691.668,27.076805,25.49853,1.0182405,27.099585,7.4178786,97.21802,153.6702,1.7439584,7.6939316,-63.829422,357.36386,21.893526,0,99,774.3542,16.010525,36.892803
9/16/2026 11:21,38927.023,41264.863,26.772942,25.689095,1.0179728,26.82216,7.674684,100.66087,159.07657,0.61498237,7.712284,-64.89277,351.39386,22.033796,0,99,774.3542,16.251127,37.44735
9/16/2026 11:51,39182.652,41313.04,26.81498,25.521498,1.0179329,26.853476,8.251147,108.76934,171.81654,0.04902421,7.774047,-68.4309,335.7965,22.30016,0,99,774.3542,16.506124,38.02753
9/16/2026 12:21,39880.76,41905.906,27.24765,25.074747,1.018214,27.23884,8.426842,111.70475,176.40445,0.46225145,7.796528,-69.737434,317.09018,22.469843,0,99,774.3542,16.805403,38.694546
9/16/2026 12:51,40115.68,42061.9,27.363356,24.927908,1.018272,27.340233,8.493213,112.87757,178.22499,0.7551321,7.8097763,-70.50991,323.1031,22.577469,0,99,774.3542,17.11583,39.396072
9/16/2026 13:21,39896.676,41779.637,27.160929,25.064745,1.0181017,27.156765,8.642088,114.85065,181.32138,0.35775357,7.8241363,-71.33484,324.80066,22.640373,0,99,774.3542,17.44789,40.153927
9/16/2026 13:51,39934.78,41738.23,27.133545,25.040829,1.0180544,27.12985,8.7060585,115.88389,182.923,0.40871406,7.831749,-71.787834,320.32315,22.737768,0,99,774.3542,17.739414,40.816074
9/16/2026 14:21,39900.945,41671.78,27.086493,25.062063,1.0180084,27.086658,8.931996,118.938416,187.73286,0.6141609,7.8510237,-72.88456,316.34155,22.77514,0,99,774.3542,18.005493,41.422523
9/16/2026 14:51,40155.38,41914.23,27.262491,24.903263,1.0181336,27.24425,9.02674,120.3822,190.0029,1.3376937,7.8605347,-73.428154,322.45938,22.80298,0,99,774.3542,18.193521,41.842716
9/16/2026 15:21,39731.34,41464.543,26.937714,25.169048,1.0178859,26.951952,9.263001,123.31983,194.63664,1.9278505,7.8799305,-74.52488,324.052,22.811537,0,99,774.3542,18.295702,42.084545
9/16/2026 15:51,40132.547,41842.14,27.211853,24.91743,1.0180796,27.197392,8.994447,120.040146,189.44463,1.8100545,7.8518324,-72.95132,331.56696,22.860826,0,99,774.3542,18.309132,42.10688
9/16/2026 16:21,40103.61,41794.125,27.177677,24.935411,1.0180478,27.166182,8.824226,117.79012,185.88702,0.37956184,7.8300295,-71.725845,335.82034,22.882269,0,99,774.3542,18.201866,41.86589
9/16/2026 16:51,40304.426,41930.625,27.278625,24.81117,1.0181,27.254906,8.895681,118.99797,187.76555,0.5025753,7.8330336,-71.91658,333.24066,22.969473,0,99,774.3542,18.03334,41.48176
9/16/2026 17:21,40045.883,41609.887,27.048267,24.971355,1.0179086,27.046427,8.541925,114.24103,180.24051,0.06173318,7.786412,-69.298744,334.76178,23.032076,0,99,774.3542,17.778368,40.911842
9/16/2026 17:51,40350.16,41884.715,27.248241,24.783049,1.0180458,27.225065,8.445876,113.18698,178.56247,0.17628527,7.7816477,-69.04125,335.20047,23.0818,0,99,774.3542,17.48157,40.23356
9/16/2026 18:21,40012.207,41527.23,26.989967,24.992373,1.0178485,26.9927,8.216998,109.97139,173.48718,0.24372087,7.748355,-67.16251,338.28558,23.089912,0,99,774.3542,17.186907,39.5731
9/16/2026 18:51,39837.273,41283.465,26.815744,25.10212,1.0176959,26.834253,7.8113356,104.578255,164.9578,0.11244397,7.702731,-64.6019,340.56964,23.165932,0,99,774.3542,16.881706,38.88643
9/16/2026 19:21,36459.234,37811.273,24.324127,27.427893,1.0158261,24.577328,7.4331613,98.02793,154.6356,0.39218625,7.6258183,-60.248375,343.04443,23.127878,0,99,774.3542,16.562874,38.23328
9/16/2026 19:51,31283.389,32550.557,20.610435,31.965847,1.0130718,21.157862,7.0139627,90.26784,142.43443,0.24825324,7.4999943,-53.110123,356.5437,22.96182,0,99,774.3542,16.274109,37.679306
9/16/2026 20:21,28354.998,29621.34,18.57557,35.26715,1.0115919,19.253872,6.711747,85.05934,134.26099,0.21471043,7.3819823,-46.41533,372.13626,22.761726,0,99,774.3542,16.029613,37.17612
9/16/2026 20:51,26729.967,28024.27,17.476126,37.411194,1.0108107,18.215776,6.61845,83.07189,131.16312,0.095557496,7.3253207,-43.19191,383.9523,22.581932,0,99,774.3542,15.792982,36.664143
9/16/2026 21:21,23842.941,25165.29,15.528172,41.941135,1.0094289,16.357439,6.2301836,76.84845,121.40309,0.045849517,7.2067375,-36.463737,394.55716,22.248873,0,99,774.3542,15.617253,36.311752
9/16/2026 21:51,21718.922,23098.42,14.135264,46.0428,1.0084734,15.013973,5.724672,69.55705,109.95074,0.048012394,7.1628075,-33.946037,400.70834,21.873161,0,99,774.3542,15.523907,36.130917
9/16/2026 22:21,19898.826,21309.627,12.941746,50.25422,1.0076568,13.851257,5.9124503,70.8892,112.11645,0.045287017,7.111144,-31.003952,399.32553,21.533777,0,99,774.3542,15.521841,36.155575
9/16/2026 22:51,24194.371,25712.201,15.89357,41.33193,1.00979,16.71293,5.187232,63.71755,100.71429,0.04457769,7.032894,-26.640892,404.47058,21.909344,0,99,774.3542,15.608832,36.27878
9/16/2026 23:21,39595.625,41604.477,27.029915,25.255316,1.0180488,27.04291,7.225107,95.65748,151.06201,2.2718852,7.65906,-61.98883,360.24872,22.472015,0,99,774.3542,15.775256,36.366653
9/16/2026 23:51,39696.945,41686.773,27.090122,25.190855,1.0180863,27.096403,7.073387,93.73005,148.0112,2.3411953,7.670202,-62.623024,354.74603,22.5009,0,99,774.3542,15.990167,36.8527
9/17/2026 0:21,39737.04,41649.676,27.06584,25.165438,1.0180421,27.07229,7.4763203,99.22368,156.66179,1.209755,7.708825,-64.82124,355.33728,22.595703,0,99,774.3542,16.217894,37.371075
9/17/2026 0:51,40087.555,41937.996,27.276726,24.945398,1.0181756,27.259699,7.7530036,103.195335,162.90707,1.084242,7.74413,-66.833496,355.0369,22.68988,0,99,774.3542,16.495121,37.993725
9/17/2026 1:21,39966.95,41813.22,27.186457,25.020674,1.0181079,27.178593,7.7602067,103.234055,162.96864,0.71111107,7.7385583,-66.51878,355.97626,22.688213,0,99,774.3542,16.773355,38.625927
9/17/2026 1:51,40028.48,41893.195,27.243792,24.982212,1.0181563,27.230577,7.629156,101.49085,160.22174,0.6876871,7.7318697,-66.137314,350.85504,22.66957,0,99,774.3542,17.114412,39.397274
9/17/2026 2:21,40335.41,42281.62,27.522718,24.792112,1.018389,27.483053,7.4725003,99.426094,156.98283,1.2530924,7.7154427,-65.19318,346.67316,22.590069,0,99,774.3542,17.3667,39.959846
9/17/2026 2:51,40521.33,42461.914,27.653772,24.678362,1.0184833,27.600243,7.36482,98.0978,154.88123,1.4786065,7.7063284,-64.68296,359.48578,22.607235,0,99,774.3542,17.635141,40.564312
9/17/2026 3:21,40397.965,42328.887,27.557533,24.753723,1.0184094,27.513777,7.2274094,96.22157,151.91782,1.3433901,7.689824,-63.753128,365.38425,22.61167,0,99,774.3542,17.822964,40.9928
9/17/2026 3:51,40651.344,42617.996,27.76626,24.599432,1.0185748,27.701698,6.942128,92.4895,146.03221,2.8535585,7.6628714,-62.22725,369.30862,22.583973,0,99,774.3542,17.937557,41.245316
9/17/2026 4:21,40933.387,42915.93,27.98229,24.429935,1.0187389,27.895355,6.7618737,90.19675,142.41278,3.1712217,7.6414876,-61.02085,372.43668,22.581362,0,99,774.3542,17.972383,41.318314
9/17/2026 4:51,40657.574,42632.875,27.776777,24.595663,1.0185854,27.711369,6.3225904,84.22585,132.98683,0.86616594,7.5773325,-57.401657,376.7902,22.574198,0,99,774.3542,17.904846,41.170704
9/17/2026 5:21,40237.797,42223.57,27.479284,24.852255,1.0183705,27.445322,6.30758,83.82639,132.36409,1.0702068,7.579995,-57.54471,377.4959,22.537697,0,99,774.3542,17.761368,40.8542
9/17/2026 5:51,40372.598,42379.227,27.591524,24.769276,1.0184599,27.546497,6.0676546,80.66607,127.37738,0.09050749,7.536327,-55.07946,379.532,22.520973,0,99,774.3542,17.54681,40.365395
9/17/2026 6:21,40392.797,42426.832,27.62515,24.75689,1.0184939,27.57744,5.6123033,74.58562,117.78192,0.041723967,7.4748516,-51.608086,381.1819,22.489935,0,99,774.3542,17.323687,39.857796
9/17/2026 6:51,39528.043,41590.54,27.018013,25.298494,1.0180583,27.033852,5.559696,73.51288,116.10436,0.12786537,7.4595504,-50.730705,379.15054,22.40364,0,99,774.3542,17.050264,39.25566
9/17/2026 7:21,37967.176,40076.934,25.92409,26.338541,1.0172744,26.050007,5.4710245,71.67577,113.23236,0.032407023,7.4264293,-48.83766,376.58514,22.243837,0,99,774.3542,16.787477,38.68926
9/17/2026 7:51,36638.047,38755.516,24.975266,27.294031,1.016585,25.191086,5.3633904,69.747375,110.204544,0.037380066,7.3813443,-46.281815,371.26843,22.139444,0,99,774.3542,16.51202,38.090065
9/17/2026 8:21,33675.906,35751.38,22.837893,29.69482,1.0150173,23.238396,5.296499,67.805664,107.16733,0.033391852,7.314731,-42.505264,375.89374,21.960577,0,99,774.3542,16.271118,37.600513
9/17/2026 8:51,30126.951,32122.242,20.29025,33.19287,1.0131481,20.879457,5.342379,67.12362,106.12522,0.041977007,7.231411,-37.789345,387.87665,21.747877,0,99,774.3542,16.05932,37.186954
9/17/2026 9:21,27385.25,29230.604,18.28995,36.516006,1.0116516,18.999891,5.355657,66.44538,105.06171,0.03126605,7.183952,-35.11429,387.74316,21.694721,0,99,774.3542,15.897548,36.87199
9/17/2026 9:51,25266.186,26949.316,16.730532,39.57859,1.0104661,17.517056,5.5723314,68.55342,108.38885,0.03771052,7.15462,-33.4692,397.8235,21.730082,0,99,774.3542,15.78107,36.6483
9/17/2026 10:21,22964.205,24435.633,15.031514,43.546032,1.0091555,15.883162,6.0936713,74.39158,117.59766,0.037649956,7.137684,-32.52983,399.43042,21.847305,0,99,774.3542,15.7624,36.652534
9/17/2026 10:51,23097.674,24424.885,15.027983,43.294403,1.0090756,15.876176,6.342369,77.87023,123.03598,0.020607285,7.1668043,-34.20353,401.8146,22.155054,0,99,774.3542,15.79988,36.741425
9/17/2026 11:21,40381.832,42250.125,27.502466,24.76361,1.0183476,27.462582,6.2363687,83.10946,131.20006,0.37995335,7.54762,-55.747032,376.5041,22.684826,0,99,774.3542,15.954687,36.76213
9/17/2026 11:51,39596.477,41329.984,26.840382,25.254772,1.0178145,26.86449,6.544412,87.066025,137.41875,0.048265453,7.5671625,-56.872368,377.79156,22.804028,0,99,774.3542,16.160656,37.249138
9/17/2026 12:21,39276.715,40721.254,26.4097,25.460379,1.0173957,26.468815,6.9597125,92.92022,146.57466,0.13475296,7.601205,-58.86078,366.8863,23.142733,0,99,774.3542,16.351614,37.697384
9/17/2026 12:51,39466.547,40885.17,26.5288,25.337915,1.0174744,26.575363,7.7050366,103.01645,162.48941,0.05031124,7.6942253,-64.12506,355.62817,23.183361,0,99,774.3542,16.603004,38.263123
9/17/2026 13:21,39773.637,41268.51,26.80344,25.142282,1.0177039,26.824533,8.047828,107.61733,169.76959,0.04481357,7.740788,-66.73813,351.15543,23.103498,0,99,774.3542,16.891182,38.908085
9/17/2026 13:51,40264.812,41795.75,27.183893,24.83558,1.017997,27.167238,8.2670145,110.74961,174.7172,0.09387098,7.766197,-68.16864,341.1657,23.08225,0,99,774.3542,17.177588,39.546486
9/17/2026 14:21,40462.04,41944.453,27.293163,24.714523,1.0180609,27.263893,8.484658,113.87331,179.62447,0.71649283,7.7872753,-69.37504,340.15958,23.149616,0,99,774.3542,17.466301,40.197926
9/17/2026 14:51,40395.64,41867.613,27.237787,24.755146,1.0180163,27.21395,8.676851,116.43552,183.66306,1.1149775,7.8065615,-70.466995,346.71606,23.159279,0,99,774.3542,17.707289,40.746098
9/17/2026 15:21,40336.78,41754.77,27.1577,24.79127,1.0179384,27.1406,8.935106,119.97892,189.2321,1.281408,7.83507,-72.09301,347.41226,23.221992,0,99,774.3542,17.911749,41.211967
9/17/2026 15:51,40677.133,42097.42,27.405987,24.583838,1.0181227,27.363323,8.882978,119.47466,188.43301,1.619322,7.8391542,-72.32666,349.20517,23.233604,0,99,774.3542,18.054317,41.528145
9/17/2026 16:21,40388.945,41817.176,27.202589,24.75925,1.0179753,27.181166,8.605682,115.564735,182.27315,1.1184304,7.8116565,-70.7674,354.57434,23.211824,0,99,774.3542,18.10064,41.63931
9/17/2026 16:51,40459.61,41875.105,27.244963,24.716007,1.018002,27.21882,7.7253265,103.801704,163.71489,0.045844395,7.751673,-67.38186,365.36993,23.230219,0,99,774.3542,18.082851,41.597725
9/17/2026 17:21,40241.33,41603.723,27.050013,24.850075,1.0178394,27.04242,8.316215,111.725,176.1947,0.30234167,7.7755775,-68.74561,357.23987,23.2855,0,99,774.3542,17.932114,41.262905
9/17/2026 17:51,40441.13,41795.52,27.189157,24.727303,1.0179394,27.167088,7.9321823,106.68501,168.24126,0.10903333,7.7216024,-65.69862,362.0178,23.303394,0,99,774.3542,17.757505,40.86202
9/17/2026 18:21,40526.973,41851.324,27.230503,24.674925,1.0179595,27.203362,7.4772334,100.66119,158.73087,0.23884448,7.6612263,-62.294006,365.91354,23.343235,0,99,774.3542,17.521053,40.326523
9/17/2026 18:51,40300.906,41563.78,27.024086,24.813337,1.0177852,27.016459,7.254086,97.65483,153.97264,0.17341003,7.6356,-60.858727,369.20374,23.409212,0,99,774.3542,17.287464,39.80378
9/17/2026 19:21,39842.44,41023.11,26.635498,25.098864,1.0174683,26.66502,7.0134807,94.34473,148.73195,0.048952524,7.595338,-58.59852,369.87128,23.493164,0,99,774.3542,16.996536,39.156914
9/17/2026 19:51,39015.74,40040.824,25.93155,25.630682,1.0168908,26.026537,6.622559,88.987595,140.24577,0.06353462,7.529546,-54.9078,372.94214,23.659632,0,99,774.3542,16.730488,38.574398
9/17/2026 20:21,36604.2,37524.727,24.131664,27.31927,1.0155185,24.391073,6.150379,81.87336,129.02095,0.046799045,7.4334183,-49.476624,376.65192,23.715643,0,99,774.3542,16.45156,37.99227
9/17/2026 20:51,33350.16,34207.836,21.783388,29.984863,1.0137581,22.235092,5.840257,76.66447,120.81849,0.040519062,7.3377166,-44.054985,386.6369,23.687305,0,99,774.3542,16.195118,37.474136
9/17/2026 21:21,29762.842,30579.28,19.249365,33.59894,1.0118747,19.876532,5.6705256,73.248604,115.45252,0.041199833,7.2589808,-39.58702,398.28125,23.602142,0,99,774.3542,15.993433,37.082817
9/17/2026 21:51,27635.75,28464.266,17.789299,36.185013,1.0108106,18.501772,5.165206,66.01344,104.07152,0.038509652,7.205492,-36.5448,404.17496,23.476063,0,99,774.3542,15.795698,36.670174
9/17/2026 22:21,25483.203,26332.486,16.33126,39.241535,1.0097581,17.116116,5.35115,67.61665,106.629364,0.03635457,7.1521196,-33.507347,411.46103,23.311396,0,99,774.3542,15.648411,36.370766
9/17/2026 22:51,23395.32,24275.79,14.937925,42.74359,1.0087655,15.7792635,5.399123,67.41866,106.35541,0.04031174,7.105946,-30.875206,413.4685,23.101076,0,99,774.3542,15.577885,36.244915
9/17/2026 23:21,21551.928,22453.346,13.715024,46.399563,1.0078982,14.594674,5.4252996,67.01956,105.76213,0.038226075,7.0752363,-29.120445,411.62793,22.8981,0,99,774.3542,15.618148,36.367744
9/17/2026 23:51,39509.57,41097.33,26.676828,25.310324,1.0176432,26.713263,5.6660714,75.54252,119.19612,0.33745253,7.459918,-50.849915,384.93933,22.977272,0,99,774.3542,15.704265,36.22062
9/18/2026 0:21,40441.64,41840.996,27.220741,24.72699,1.0179784,27.196648,7.3910685,99.32952,156.65637,0.7286191,7.685031,-63.619614,371.8883,23.24897,0,99,774.3542,15.873642,36.59273
9/18/2026 0:51,40325.664,41673.105,27.1007,24.798103,1.0178717,27.087519,7.775778,104.53508,164.84978,0.9861858,7.724456,-65.86075,368.38354,23.307144,0,99,774.3542,16.070213,37.04137
9/18/2026 1:21,39827.414,41085.09,26.678024,25.108334,1.0175273,26.705307,8.316311,111.708046,176.13402,0.72476554,7.7949357,-69.86618,360.0723,23.397303,0,99,774.3542,16.300823,37.57699
9/18/2026 1:51,40388.934,41691.715,27.115526,24.759258,1.017867,27.099615,8.388942,112.90141,178.02591,0.3739078,7.81464,-70.97244,349.62003,23.363981,0,99,774.3542,16.56475,38.162872
9/18/2026 2:21,40454.742,41783.547,27.18126,24.71898,1.0179247,27.159306,8.302052,111.71705,176.16718,0.7786624,7.8129077,-70.86754,348.39453,23.334969,0,99,774.3542,16.831488,38.764175
9/18/2026 2:51,40647.945,41996.746,27.335163,24.60149,1.0180454,27.297886,8.288788,111.604904,175.99532,0.8200965,7.812724,-70.85323,355.91428,23.318491,0,99,774.3542,17.107763,39.386124
9/18/2026 3:21,40474.49,41845.42,27.224815,24.70692,1.0179715,27.199524,8.265465,111.15374,175.29404,0.5498248,7.8121076,-70.81032,358.22693,23.284721,0,99,774.3542,17.350784,39.939754
9/18/2026 3:51,40677.77,42097.37,27.405968,24.583452,1.0181224,27.363293,8.197464,110.25615,173.8935,1.0638417,7.806161,-70.46223,358.4892,23.234457,0,99,774.3542,17.560942,40.41062
9/18/2026 4:21,40979.492,42441.047,27.654089,24.40245,1.0183202,27.586681,8.090539,108.901695,171.76833,1.3258053,7.7952642,-69.83757,361.02597,23.196999,0,99,774.3542,17.697983,40.713535
9/18/2026 4:51,40647.367,42113.07,27.415936,24.60184,1.0181458,27.373495,7.947463,106.792564,168.44716,1.8097818,7.7810826,-69.031715,365.39856,23.177801,0,99,774.3542,17.775587,40.895496
9/18/2026 5:21,40680.875,42158.707,27.448662,24.581575,1.0181742,27.40316,7.5264173,101.13035,159.51952,1.0999286,7.747042,-67.10529,374.20575,23.164711,0,99,774.3542,17.765234,40.870476
9/18/2026 5:51,40457.52,41910.047,27.269146,24.717283,1.0180328,27.241531,7.1758265,96.355255,151.9821,0.046399143,7.6847663,-63.591003,376.97617,23.185432,0,99,774.3542,17.673223,40.668674
9/18/2026 6:21,40436.867,41888.51,27.253569,24.729908,1.0180209,27.227533,7.110578,95.47084,150.58704,0.94438434,7.683922,-63.54332,373.3236,23.185602,0,99,774.3542,17.523241,40.328377
9/18/2026 6:51,40267.508,41722.625,27.133276,24.833918,1.0179334,27.119707,6.783323,90.99497,143.53004,0.042821173,7.6359477,-60.830116,375.79837,23.174036,0,99,774.3542,17.328451,39.89121
9/18/2026 7:21,40435.973,41885.094,27.251167,24.730455,1.0180184,27.225311,6.316945,84.81835,133.78407,0.029148709,7.57269,-57.258606,379.43665,23.18861,0,99,774.3542,17.132772,39.44537
9/18/2026 7:51,39949.383,41405.664,26.903818,25.031675,1.0177644,26.913681,6.1792293,82.75891,130.54243,0.029233329,7.545196,-55.69935,378.97412,23.15858,0,99,774.3542,16.897802,38.92043
9/18/2026 8:21,38523.19,39971.605,25.869423,25.95839,1.0169989,25.981544,6.1242466,81.453415,128.49536,0.02578754,7.5165133,-54.068565,376.88556,23.102825,0,99,774.3542,16.658045,38.40717
9/18/2026 8:51,36145.96,37595.395,24.167282,27.665607,1.0157479,24.437008,5.7259116,75.2472,118.72928,0.033071566,7.408732,-47.96028,381.91144,22.981495,0,99,774.3542,16.420109,37.91265
9/18/2026 9:21,33846.848,35281.766,22.525341,29.54485,1.0145395,22.933147,5.599327,72.743645,114.80046,0.030290175,7.3597155,-45.175552,387.5238,22.870668,0,99,774.3542,16.21472,37.490753
9/18/2026 9:51,29339.645,30745.371,19.349728,34.083576,1.0122159,19.984491,5.5529485,70.48938,111.291985,0.027981218,7.252036,-39.0625,398.96313,22.6062,0,99,774.3542,16.041883,37.181908
9/18/2026 10:21,27983.305,29347.086,18.3838,35.73559,1.0114983,19.075607,5.58271,70.421616,111.19221,0.032956444,7.2355533,-38.1279,403.42157,22.566975,0,99,774.3542,15.919056,36.927116
9/18/2026 10:51,26603.715,27894.57,17.387325,37.588734,1.010745,18.131472,5.427772,68.08605,107.50266,0.023427662,7.211346,-36.764145,405.50534,22.577162,0,99,774.3542,15.841968,36.777863
9/18/2026 11:21,25370.18,26557.797,16.476776,39.416355,1.0100383,17.262568,5.9152,73.92098,116.699814,0.029351495,7.194005,-35.796165,403.2022,22.658731,0,99,774.3542,15.852854,36.828266
9/18/2026 11:51,40140.18,41658.145,27.08464,24.912693,1.0179194,27.077795,6.52206,87.33875,137.78214,0.25933874,7.5952206,-58.512688,377.08105,23.092218,0,99,774.3542,15.929154,36.720795
9/18/2026 12:21,40472.676,41980.234,27.318312,24.708029,1.0180881,27.287151,7.073322,94.895134,149.69579,0.117437854,7.6489744,-61.55491,373.25684,23.119837,0,99,774.3542,16.060278,37.012066
9/18/2026 12:51,40726.29,42137.95,27.435644,24.554165,1.0181416,27.389668,7.4873147,100.74255,158.88571,0.26859316,7.689767,-63.886642,368.13083,23.246027,0,99,774.3542,16.225103,37.383606
9/18/2026 13:21,40290.613,41563.977,27.02391,24.819677,1.0177888,27.016584,7.730028,104.037605,164.04013,0.03865717,7.708843,-64.99767,360.84476,23.396011,0,99,774.3542,16.414736,37.825954
9/18/2026 13:51,40974.656,42294.04,27.55172,24.40533,1.0181954,27.491127,7.8693943,106.18099,167.42815,0.041994985,7.7385583,-66.67137,347.08325,23.366728,0,99,774.3542,16.677408,38.40603
9/18/2026 14:21,41256.07,42643.727,27.803612,24.238857,1.0184054,27.718424,7.7010436,103.93094,163.90012,0.07362577,7.7238235,-65.8226,344.34143,23.296299,0,99,774.3542,16.937244,38.98526
9/18/2026 14:51,40925.844,42346.9,27.586983,24.434439,1.0182567,27.525484,7.618363,102.59001,161.80025,0.1739999,7.718886,-65.53173,352.33798,23.243063,0,99,774.3542,17.221666,39.635143
9/18/2026 15:21,41025.973,42468.996,27.67496,24.374804,1.0183293,27.604847,7.628065,102.73273,162.03148,0.048844423,7.722094,-65.70816,355.61386,23.221031,0,99,774.3542,17.465452,40.186466
9/18/2026 15:51,40822.168,42276.508,27.534864,24.496494,1.0182297,27.47973,7.6326556,102.671135,161.94046,0.08244723,7.724122,-65.81783,356.91086,23.198915,0,99,774.3542,17.683365,40.6828
9/18/2026 16:21,41110.6,42581.79,27.75601,24.324625,1.0183989,27.678164,7.6223564,102.6494,161.9083,0.4622243,7.728034,-66.03718,359.28073,23.191114,0,99,774.3542,17.826141,41.00052
9/18/2026 16:51,41101.816,42582.285,27.756088,24.329824,1.0184022,27.678486,7.438962,100.159424,157.98398,0.8550927,7.7099357,-65.01198,362.6949,23.179726,0,99,774.3542,17.957241,41.297237
9/18/2026 17:21,40924.055,42412.582,27.63258,24.435507,1.0183136,27.568178,7.3309116,98.60408,155.53528,0.8852989,7.691098,-63.943863,367.4251,23.162495,0,99,774.3542,18.025963,41.456028
9/18/2026 17:51,41106.51,42599.176,27.767977,24.327045,1.0184152,27.689465,6.950321,93.56319,147.58315,0.18914771,7.662056,-62.303543,375.76022,23.165459,0,99,774.3542,17.977388,41.34242
9/18/2026 18:21,41272.2,42729.938,27.864098,24.229385,1.0184742,27.77446,6.962881,93.86456,148.04628,0.091853,7.6653357,-62.499046,374.64444,23.213865,0,99,774.3542,17.863777,41.081596
9/18/2026 18:51,40906.926,42346.99,27.586458,24.445738,1.018263,27.525543,6.906286,92.962135,146.62149,0.42910263,7.643714,-61.278343,373.17578,23.219564,0,99,774.3542,17.69208,40.701923
9/18/2026 19:21,40752.742,42116.25,27.42138,24.538225,1.0181143,27.375563,6.7597227,91.04029,143.5693,0.09580026,7.6168303,-59.776306,372.91827,23.304981,0,99,774.3542,17.490574,40.251907
9/18/2026 19:51,40885.582,42189.715,27.47647,24.4585,1.0181345,27.423315,6.3554816,85.739334,135.19188,0.036797047,7.56073,-56.619644,377.94415,23.381615,0,99,774.3542,17.257982,39.723278
9/18/2026 20:21,40532.707,41789.105,27.187454,24.671434,1.0179038,27.16292,6.222729,83.874306,132.24103,0.040527467,7.5363812,-55.25112,379.07425,23.425905,0,99,774.3542,16.996458,39.14065
9/18/2026 20:51,39384.31,40457.16,26.230137,25.390823,1.0171294,26.297153,6.2379746,83.892654,132.22722,0.03587736,7.519338,-54.32129,378.19687,23.611614,0,99,774.3542,16.769312,38.654415
9/18/2026 21:21,37899.227,38824.164,25.06044,26.385763,1.016208,25.235706,6.0243607,80.67782,127.128654,0.038219582,7.463125,-51.164627,378.12057,23.75268,0,99,774.3542,16.514122,38.109623
9/18/2026 21:51,36017.703,36929.203,23.707747,27.764124,1.0152014,24.003983,5.7678576,76.583595,120.68671,0.032916233,7.3979774,-47.46914,390.99994,23.70773,0,99,774.3542,16.28788,37.632973
9/18/2026 22:21,31701.555,32609.465,20.660826,31.544195,1.0129528,21.196154,5.871686,76.38282,120.4052,0.03729967,7.34779,-44.603348,394.62866,23.542309,0,99,774.3542,16.061028,37.19907
9/18/2026 22:51,31210.584,32152.814,20.34097,32.040413,1.012733,20.899328,5.6499224,73.26229,115.50155,0.037545238,7.3176427,-42.886734,404.64227,23.465721,0,99,774.3542,15.907341,36.856182
9/18/2026 23:21,27927.717,29015.64,18.162436,35.80672,1.0112082,18.860167,5.2188025,66.31252,104.6218,0.032436807,7.244696,-38.704872,410.17834,23.036945,0,99,774.3542,15.780158,36.619865
9/18/2026 23:51,26872.84,28058.62,17.502417,37.21229,1.010777,18.238102,5.410091,68.17108,107.599304,0.033192225,7.2047143,-36.416054,414.93716,22.787394,0,99,774.3542,15.741005,36.54715
9/19/2026 0:21,26246.998,27507.537,17.123158,38.099594,1.0105399,17.8799,5.0399566,63.15201,99.7083,0.037687585,7.1430593,-32.91607,416.4726,22.60077,0,99,774.3542,15.786409,36.659424
9/19/2026 0:51,40613.855,42165.773,27.451471,24.622139,1.0182018,27.407753,6.2800694,84.247635,132.91008,0.7373231,7.569793,-57.07264,385.4877,23.073029,0,99,774.3542,15.896921,36.63718
9/19/2026 1:21,40530.207,42057.258,27.373549,24.672956,1.0181358,27.337217,6.867468,92.12879,145.33707,1.310337,7.6360517,-60.82058,380.7098,23.099012,0,98,774.3542,16.087982,37.07343
9/19/2026 1:51,39792.465,41366.785,26.87204,25.130386,1.0177823,26.88841,6.9404283,92.68719,146.24068,0.6765007,7.679532,-63.257217,376.25613,23.007456,0,98,774.3542,16.30219,37.571434
9/19/2026 2:21,40350.465,41985.656,27.318228,24.782862,1.0181322,27.290678,7.293495,97.572914,153.96141,1.0003079,7.698287,-64.30626,365.36993,22.960918,0,98,774.3542,16.552788,38.126175
9/19/2026 2:51,40490.383,42155.402,27.440367,24.697222,1.0182326,27.40101,7.126352,95.35527,150.46948,1.3257065,7.68176,-63.36689,373.07562,22.932085,0,98,774.3542,16.82735,38.74425
9/19/2026 3:21,40281.23,41990.74,27.31954,24.825459,1.0181588,27.29398,6.710133,89.62176,141.43721,1.2318664,7.630808,-60.477257,380.41415,22.868505,0,98,774.3542,17.095316,39.353386
9/19/2026 3:51,40300.824,42075.574,27.37893,24.813389,1.018225,27.349125,6.6834025,89.17319,140.74742,1.0231285,7.630241,-60.429573,384.12872,22.79162,0,98,774.3542,17.342522,39.911594
9/19/2026 4:21,40493.45,42309.406,27.547201,24.695353,1.0183628,27.501114,6.7496243,90.08204,142.19113,1.3620794,7.638748,-60.90164,384.7534,22.752832,0,98,774.3542,17.554583,40.386784
9/19/2026 4:51,40066.547,41910.98,27.257347,24.958477,1.0181594,27.242138,6.7460275,89.79175,141.74638,1.9794066,7.637857,-60.839653,387.57147,22.695896,0,98,774.3542,17.72174,40.773903
9/19/2026 5:21,40182.77,42052.402,27.359024,24.886288,1.0182427,27.334063,6.7255816,89.5346,141.346,1.2712042,7.6348996,-60.66799,388.80173,22.672272,0,98,774.3542,17.828106,41.011127
9/19/2026 5:51,39928.676,41831.15,27.197594,25.044657,1.0181354,27.190247,6.5376945,86.868805,137.14973,1.5224943,7.600429,-58.71296,393.8562,22.61886,0,98,774.3542,17.84988,41.065567
9/19/2026 6:21,39983.55,41954.73,27.284842,25.010284,1.0182228,27.270575,6.3283563,84.011406,132.6557,1.6411119,7.586668,-57.92141,392.27786,22.540133,0,98,774.3542,17.865442,41.096466
9/19/2026 6:51,39924.11,41960.016,27.286493,25.047522,1.018246,27.274012,6.0420566,80.09587,126.48973,0.46306685,7.5452423,-55.570602,392.316,22.459679,0,98,774.3542,17.727709,40.783527
9/19/2026 7:21,39828.246,42073.48,27.361532,25.10781,1.0183717,27.347763,5.6842594,75.04287,118.55895,0.5974078,7.497406,-52.82879,396.207,22.20604,0,98,774.3542,17.623001,40.540867
9/19/2026 7:51,39710.83,41989.69,27.299606,25.182049,1.0183377,27.2933,5.5362706,73.000496,115.341095,0.04756787,7.46377,-50.92621,396.80304,22.158537,0,98,774.3542,17.437275,40.121086
9/19/2026 8:21,39261.23,41714.094,27.093794,25.470419,1.0182458,27.11416,5.572323,73.074356,115.50176,0.046820525,7.462039,-50.787926,393.675,21.92137,0,98,774.3542,17.233374,39.663353
9/19/2026 8:51,38579.766,41253.4,26.75248,25.920322,1.0180712,26.814709,5.6260257,73.21309,115.778656,0.17884693,7.450955,-50.110817,391.77243,21.606804,0,98,774.3542,17.021786,39.191395
9/19/2026 9:21,37005.39,39717.836,25.644508,27.02309,1.0172802,25.816593,5.667452,73.033005,115.5267,0.04380623,7.4310484,-48.96164,390.04626,21.424454,0,98,774.3542,16.79108,38.697075
9/19/2026 9:51,35895.066,38567.926,24.821505,27.858982,1.0166708,25.06915,5.813964,74.4893,117.840004,0.03547284,7.418299,-48.236847,388.1294,21.371588,0,98,774.3542,16.574535,38.229828
9/19/2026 10:21,34032.64,36641.156,23.450434,29.383556,1.0156587,23.816751,5.9176188,75.075226,118.785,0.029054679,7.394806,-46.901703,387.37598,21.27273,0,98,774.3542,16.407074,37.885887
9/19/2026 10:51,32477.924,34935.266,22.248331,30.790146,1.014738,22.707924,6.0307503,76.036995,120.29851,0.032925844,7.37727,-45.924187,388.94476,21.317284,0,98,774.3542,16.252966,37.57002
9/19/2026 11:21,29928.15,32252.773,20.370604,33.413357,1.0133413,20.964304,6.405895,79.75079,126.19175,0.032350253,7.3631663,-45.118332,390.3753,21.226433,0,98,774.3542,16.138834,37.3605
9/19/2026 11:51,28784.205,30921.48,19.450247,34.741276,1.0126069,20.098963,6.2219176,77.26647,122.231575,0.027435746,7.333537,-43.478012,389.31195,21.381182,0,98,774.3542,16.095545,37.289234
9/19/2026 12:21,27415.52,29221.156,18.284622,36.47569,1.0116298,18.993752,7.006122,87.032166,137.59778,0.02449482,7.3655148,-45.33291,386.8324,21.764812,0,98,774.3542,16.06917,37.26504
9/19/2026 12:51,37858.953,39617.496,25.605227,26.413832,1.0169164,25.751371,5.955698,78.489395,123.90843,0.0542325,7.4709787,-51.42212,389.34534,22.676018,0,98,774.3542,16.118868,37.187134
9/19/2026 13:21,40032.27,41798.22,27.178217,24.979847,1.0180742,27.168842,6.7113886,89.43665,141.16415,0.8774645,7.606003,-59.06105,377.22888,22.78799,0,98,774.3542,16.245115,37.430824
9/19/2026 13:51,38696.34,40438.637,26.196627,25.842237,1.0173446,26.285114,7.231381,95.74513,151.13231,0.66112083,7.649681,-61.51676,372.10767,22.744244,0,98,774.3542,16.405579,37.81886
9/19/2026 14:21,39150.84,40825.16,26.477566,25.542236,1.017527,26.536354,8.054541,107.025116,168.90688,0.8304755,7.7346077,-66.33282,358.17926,22.852776,0,98,774.3542,16.608347,38.273926
9/19/2026 14:51,39495.773,41164.777,26.723017,25.319164,1.0177057,26.757105,8.0664215,107.38226,169.46358,0.8591803,7.752166,-67.32941,354.15472,22.877253,0,98,774.3542,16.856327,38.83019
9/19/2026 15:21,39506.72,41107.09,26.683489,25.312151,1.0176525,26.719608,8.238663,109.81521,173.27844,0.80050486,7.7615376,-67.87777,353.4967,22.961685,0,98,774.3542,17.099213,39.38184
9/19/2026 15:51,39850.15,41426.207,26.91496,25.09401,1.0178145,26.927034,8.294609,110.80053,174.81947,1.2423979,7.773677,-68.57395,353.31073,23.00812,0,98,774.3542,17.336885,39.91494
9/19/2026 16:21,40019.1,41587.652,27.032028,24.988068,1.0178982,27.031975,8.270065,110.5814,174.46864,1.2129443,7.7693005,-68.330765,354.76508,23.025301,0,98,774.3542,17.570772,40.441185
9/19/2026 16:51,40090.617,41700.727,27.112585,24.943493,1.017972,27.105473,8.081528,108.02073,170.44206,2.0289066,7.7621446,-67.91592,357.61658,22.978477,0,98,774.3542,17.785357,40.92479
9/19/2026 17:21,40310.953,41984.496,27.316168,24.807154,1.018144,27.289923,8.415223,112.48218,177.50124,2.2318158,7.788848,-69.40842,359.33795,22.913038,0,98,774.3542,17.922121,41.22782
9/19/2026 17:51,40574.023,42262.605,27.517391,24.64631,1.0182973,27.470695,8.309455,111.18821,175.46074,2.451247,7.7934294,-69.66591,364.06342,22.908138,0,98,774.3542,18.022602,41.44911
9/19/2026 18:21,40427.2,42105.934,27.404043,24.735823,1.0182105,27.368856,7.640682,102.18046,161.24483,2.0092258,7.756753,-67.596436,368.59814,22.912601,0,98,774.3542,18.047083,41.5083
9/19/2026 18:51,40411.453,42089.363,27.392056,24.74546,1.0182014,27.358088,8.323302,111.3019,175.63881,1.9181818,7.7733073,-68.53104,370.03818,22.912806,0,98,774.3542,18.00007,41.40297
9/19/2026 19:21,40045.18,41820.6,27.194118,24.971794,1.0180893,27.183392,7.788933,103.78594,163.81557,1.9542911,7.723838,-65.70816,369.88083,22.777313,0,98,774.3542,17.891516,41.161114
9/19/2026 19:51,40043.13,41807.39,27.184914,24.973074,1.0180786,27.174805,7.503197,99.99694,157.83148,1.2249902,7.6876197,-63.667297,368.3931,22.79059,0,98,774.3542,17.71148,40.753067
9/19/2026 20:21,39752.465,41545.348,26.994255,25.155672,1.0179482,27.004477,7.08931,94.292496,148.84024,0.70279145,7.636426,-60.768127,373.49048,22.740585,0,98,774.3542,17.53001,40.3464
9/19/2026 20:51,39560.605,41350.13,26.853142,25.277672,1.0178435,26.877583,6.846173,90.97375,143.60313,0.52348524,7.6034884,-58.908463,376.03204,22.73417,0,98,774.3542,17.283937,39.794533
9/19/2026 21:21,38739.56,40540.164,26.267946,25.813408,1.0174176,26.351107,6.880423,91.02257,143.69444,0.1272774,7.5933013,-58.321953,375.71255,22.674587,0,98,774.3542,17.041536,39.260292
9/19/2026 21:51,37823.266,39546.42,25.555285,26.438753,1.0168672,25.705175,6.740916,88.88003,140.3018,0.25203872,7.559847,-56.443214,376.82834,22.718693,0,98,774.3542,16.803299,38.740906
9/19/2026 22:21,36611.586,38231.492,24.616291,27.313759,1.016141,24.85047,6.345063,83.30115,131.48143,0.1554416,7.4871316,-52.35195,379.86102,22.781624,0,98,774.3542,16.572744,38.24161
9/19/2026 22:51,34518.86,36145.25,23.13094,28.969671,1.0150572,23.494413,6.13967,79.717125,125.85327,0.048695654,7.428215,-49.004555,388.14847,22.64419,0,98,774.3542,16.348318,37.77404
9/19/2026 23:21,30698.953,32309.777,20.432692,32.5744,1.0130892,21.001356,6.1853337,78.69981,124.2993,0.048734006,7.3759947,-46.019554,395.17703,22.389755,0,98,774.3542,16.156631,37.410618
9/19/2026 23:51,27971.84,29570.602,18.531572,35.75024,1.0117127,19.220892,6.2376866,78.178986,123.52097,0.047433358,7.322665,-42.9821,397.49924,22.169323,0,98,774.3542,15.982278,37.060898
9/20/2026 0:21,26078.467,27705.398,17.24877,38.345814,1.0108076,18.008509,6.141397,76.05777,120.21655,0.05058566,7.2807527,-40.58838,400.3984,21.925522,0,98,774.3542,15.875611,36.85218
9/20/2026 0:51,24285.97,25951.402,16.051846,41.176037,1.0099765,16.86841,6.048213,73.99027,117.00156,0.058146887,7.2327595,-37.851334,403.37387,21.640053,0,98,774.3542,15.824914,36.76532
9/20/2026 1:21,23416.604,25119.148,15.48676,42.704742,1.0095968,16.327448,5.86823,71.30058,112.781555,0.041840456,7.187099,-35.262108,410.26416,21.451372,0,98,774.3542,15.870553,36.886013
9/20/2026 1:51,38560.37,40334.555,26.120611,25.933361,1.0173001,26.21746,6.2671256,82.871704,130.82207,1.7355376,7.499822,-53.052902,391.205,22.697033,0,98,774.3542,15.984469,36.8696
9/20/2026 2:21,35802.023,37865.97,24.341156,27.931383,1.016104,24.61288,6.324171,81.9492,129.48265,1.6933253,7.5185976,-54.011345,392.7976,22.146252,0,98,774.3542,16.173187,37.33845
9/20/2026 2:51,38513.285,40674.02,26.352514,25.965067,1.0176051,26.438112,6.9697547,91.496544,144.55084,2.2361536,7.661188,-62.055588,384.60556,22.218678,0,98,774.3542,16.365995,37.72227
9/20/2026 3:21,35631.465,38103.957,24.49708,28.065083,1.016365,24.767572,6.834834,87.77376,138.80566,1.4022558,7.5975704,-58.350563,386.82285,21.60272,0,98,774.3542,16.585651,38.265514
9/20/2026 3:51,36785.81,39270.88,25.331905,27.184397,1.0169748,25.526072,6.8801804,88.92404,140.6061,1.5302045,7.622719,-59.781075,384.84875,21.6869,0,98,774.3542,16.825655,38.786907
9/20/2026 4:21,38068.914,40541.617,26.246119,26.268152,1.0176349,26.352053,7.0778317,92.16825,145.70825,1.8132225,7.661625,-61.9936,381.30585,21.806713,0,98,774.3542,17.087366,39.355927
9/20/2026 4:51,38637.074,41085.848,26.639648,25.881876,1.0179133,26.705803,7.2108808,94.24085,148.9676,2.1430116,7.691697,-63.700676,381.6587,21.879509,0,98,774.3542,17.314327,39.85902
9/20/2026 5:21,38831.543,41254.355,26.762331,25.75226,1.0179938,26.81533,7.3506303,96.21537,152.07765,2.6706126,7.710844,-64.787865,380.1376,21.925203,0,98,774.3542,17.531183,40.347336
9/20/2026 5:51,39144.71,41581.24,26.99822,25.546236,1.0181706,27.027805,7.3211827,95.97373,151.69405,3.6457686,7.714546,-64.99767,381.70163,21.932104,0,98,774.3542,17.68853,40.696888
9/20/2026 6:21,39055.26,41486.27,26.929714,25.604744,1.0181187,26.966076,7.330291,96.054665,151.822,3.213643,7.7153935,-65.04536,380.80518,21.932047,0,98,774.3542,17.8144,40.985073
9/20/2026 6:51,39142.465,41579.56,26.996984,25.5477,1.0181699,27.026714,7.2815027,95.45153,150.8689,3.899123,7.717261,-65.15026,381.4346,21.931269,0,98,774.3542,17.892132,41.158176
9/20/2026 7:21,38503.066,40974.094,26.558155,25.971958,1.0178614,26.633162,6.932067,90.493286,143.0522,2.0308113,7.6483517,-61.2545,387.80515,21.84256,0,98,774.3542,17.89486,41.17624
9/20/2026 7:51,38964.93,41433.668,26.890312,25.664104,1.0181028,26.931885,6.7301517,88.088036,139.24156,1.6873084,7.6482115,-61.2545,387.5572,21.880472,0,98,774.3542,17.829153,41.0182
9/20/2026 8:21,38937.26,41573.402,26.985262,25.68234,1.018228,27.022713,6.5747604,85.78978,135.65167,1.4175234,7.6166363,-59.43775,388.7779,21.680143,0,98,774.3542,17.689468,40.69655
9/20/2026 8:51,38622.28,41304.434,26.78905,25.89179,1.0181007,26.847881,6.5133014,84.7672,134.0516,1.1068349,7.5958824,-58.255196,387.252,21.600197,0,98,774.3542,17.516506,40.31014
9/20/2026 9:21,38235.527,41004.805,26.56933,26.153687,1.0179702,26.653122,6.2235255,80.69187,127.633965,0.8428372,7.5522237,-55.775642,388.58716,21.464113,0,98,774.3542,17.31832,39.86666
9/20/2026 9:51,37167.668,40056.316,25.881212,26.905106,1.0175116,26.036606,6.070298,78.04627,123.495026,0.20695122,7.50682,-53.18165,389.23566,21.224365,0,98,774.3542,17.098663,39.385384
9/20/2026 10:21,35800.8,38747.94,24.94002,27.932337,1.016852,25.186161,5.8796377,74.8944,118.5451,0.13251923,7.4523153,-50.086975,390.77582,21.017838,0,98,774.3542,16.893118,38.94689
9/20/2026 10:51,34195.008,37168.184,23.811481,29.244036,1.0160496,24.159319,5.837868,73.59098,116.51822,0.28264844,7.419254,-48.1987,389.16888,20.81191,0,98,774.3542,16.653181,38.430332
9/20/2026 11:21,32494.475,35415.742,22.570675,30.774464,1.0151427,23.020233,5.729497,71.52693,113.27225,0.050286714,7.374785,-45.68577,387.63824,20.681412,0,98,774.3542,16.479584,38.070446
9/20/2026 11:51,30788.273,33659.203,21.33542,32.4799,1.0142437,21.87848,5.588783,69.07542,109.41383,0.049455665,7.3195915,-42.57202,391.0524,20.534344,0,98,774.3542,16.327587,37.75444
9/20/2026 12:21,28303.467,31076.072,19.53558,35.33136,1.0129312,20.199446,5.596012,68.17213,108.01566,0.046137072,7.2815247,-40.41195,390.79968,20.3288,0,98,774.3542,16.195145,37.503635
9/20/2026 12:51,25577.24,28212.875,17.564156,39.09726,1.0114914,18.338367,5.685324,68.17579,108.05594,0.045857906,7.243694,-38.266182,393.2506,20.108925,0,98,774.3542,16.124891,37.39334
9/20/2026 13:21,23016.305,25472.525,15.702063,43.44746,1.0101188,16.557142,5.923584,70.04621,111.04562,0.07956181,7.217272,-36.768913,398.62457,19.951502,0,98,774.3542,16.103268,37.395412
9/20/2026 13:51,28649.408,31339.365,19.721571,34.904736,1.0130289,20.370586,5.4135303,66.24231,104.930626,0.28400347,7.2140703,-36.65924,412.39087,20.506115,0,98,774.3542,16.155657,37.410442
9/20/2026 14:21,37833.36,40154.42,25.972597,26.4317,1.0173835,26.100374,5.6183734,73.26796,115.79812,1.1109407,7.475521,-51.555634,398.2288,21.97364,0,98,774.3542,16.25968,37.48901
9/20/2026 14:51,37479.95,40266.027,26.03604,26.680933,1.017589,26.172916,6.3487897,81.930016,129.60982,1.2265552,7.5797706,-57.30629,394.63345,21.377396,0,98,774.3542,16.444235,37.900024
9/20/2026 15:21,35706.508,38582.977,24.82466,28.0061,1.0167444,25.078936,6.5962634,84.088066,133.08113,1.5670538,7.5713954,-56.78177,390.40866,21.096714,0,98,774.3542,16.652372,38.402843
9/20/2026 15:51,35790.016,38698.43,24.906063,27.940754,1.0168141,25.15398,6.888486,87.803955,138.96873,1.2294117,7.603717,-58.58898,384.36713,21.065136,0,98,774.3542,16.89897,38.959877
9/20/2026 16:21,37326.68,40209.734,25.99183,26.79049,1.0175898,26.136328,6.8921385,88.705315,140.35649,2.3242137,7.649199,-61.178207,382.99863,21.246052,0,98,774.3542,17.144976,39.48661
9/20/2026 16:51,37332.7,40198.855,25.984652,26.78617,1.017579,26.129257,6.8196235,87.80193,138.92262,2.3248966,7.6312847,-60.17685,387.04697,21.267042,0,98,774.3542,17.422234,40.11682
9/20/2026 17:21,37642.188,40437.59,26.159254,26.565937,1.0176814,26.284433,6.772597,87.467285,138.36884,1.2826062,7.6382575,-60.591698,388.86847,21.38069,0,98,774.3542,17.646193,40.620495
9/20/2026 17:51,38294.426,41065.945,26.613396,26.11346,1.0180029,26.692865,6.7156196,87.09856,137.76718,2.0078633,7.638877,-60.64415,391.8201,21.466516,0,98,774.3542,17.82113,41.00472
9/20/2026 18:21,38717.71,41482.844,26.914928,25.827972,1.0182197,26.963848,6.63243,86.2397,136.39943,2.509398,7.628788,-60.08625,394.2615,21.51009,0,98,774.3542,17.999386,41.399372
9/20/2026 18:51,38652.9,41375.367,26.838812,25.87128,1.0181501,26.89399,6.728312,87.519066,138.41322,3.288995,7.640589,-60.75859,396.3882,21.555012,0,98,774.3542,18.10995,41.651962
9/20/2026 19:21,38715.2,41424.832,26.875061,25.829649,1.0181723,26.926142,6.642236,86.44956,136.71742,2.296215,7.6313515,-60.243607,399.00128,21.575352,0,98,774.3542,18.16056,41.766273
9/20/2026 19:51,38770.527,41481.867,26.916243,25.792788,1.0182029,26.963215,6.4461975,83.92233,132.72015,2.0883431,7.6212454,-59.67617,399.378,21.577904,0,98,774.3542,18.109367,41.6502
9/20/2026 20:21,38421.836,41197.895,26.70853,26.026867,1.0180736,26.778631,6.210884,80.60527,127.49541,1.8533573,7.5717187,-56.872368,396.4931,21.472065,0,98,774.3542,17.983356,41.369247
9/20/2026 20:51,37766.883,40609.35,26.281258,26.478224,1.0177858,26.39608,6.047432,78.09283,123.54759,1.9439517,7.529136,-54.454803,396.68384,21.335318,0,98,774.3542,17.81292,40.99472
9/20/2026 21:21,36320.71,39231.414,25.287836,27.532501,1.0170903,25.50042,5.9434514,75.998276,120.27446,1.0979326,7.481082,-51.71776,397.65182,21.115541,0,98,774.3542,17.618507,40.581417
9/20/2026 21:51,34005.297,36870.55,23.603928,29.407183,1.0158621,23.965858,5.7094264,72.04348,114.047516,1.0450264,7.4087853,-47.631264,402.0149,20.931349,0,98,774.3542,17.400473,40.13436
9/20/2026 22:21,33068.902,35912.42,22.924997,30.239891,1.0153675,23.343075,5.594975,70.21865,111.17161,0.7386002,7.368436,-45.35675,402.52032,20.854486,0,98,774.3542,17.151909,39.588448
9/20/2026 22:51,32854.617,35689.344,22.76742,30.437122,1.0152515,23.198072,5.3682814,67.294975,106.54487,0.5964757,7.3220296,-42.75322,405.71515,20.841476,0,98,774.3542,16.909433,39.042515
9/20/2026 23:21,31416.996,34198.16,21.717463,31.829905,1.0144814,22.228804,5.1341615,63.846497,101.10012,1.2085422,7.267065,-39.658546,405.27646,20.742146,0,98,774.3542,16.663015,38.51058
9/20/2026 23:51,27790.012,30429.76,19.092186,35.98415,1.0125642,19.779345,5.2048087,63.39579,100.42873,0.4221664,7.2077045,-36.296844,402.98285,20.458172,0,98,774.3542,16.435343,38.064285
9/21/2026 0:21,24415.908,26846.604,16.636963,40.956905,1.0107539,17.450293,5.250305,62.796135,99.50766,0.8827351,7.1564097,-33.402443,404.13205,20.25968,0,98,774.3542,16.232971,37.669403
9/21/2026 0:51,21766.588,24009,14.721168,45.941975,1.0093396,15.60585,5.1774764,61.05549,96.77041,1.5361407,7.0987296,-30.15995,411.59454,20.110008,0,98,774.3542,16.081205,37.374382
9/21/2026 1:21,19815.414,21913.727,13.323331,50.465763,1.0083104,14.243922,4.994852,58.28044,92.38845,0.44451618,7.05545,-27.72808,419.5005,19.986736,0,98,774.3542,15.955693,37.124496
9/21/2026 1:51,19346.096,21413.285,12.991535,51.690018,1.0080688,13.918635,5.0774784,59.0819,93.66445,0.45536986,7.044428,-27.108192,420.54956,19.94567,0,98,774.3542,15.906488,37.020054
9/21/2026 2:21,21972.783,24245.52,14.879383,45.51085,1.0094634,15.759587,4.693227,55.37778,87.77371,0.120209284,6.9904423,-24.123192,425.18918,20.09223,0,98,774.3542,15.936478,37.03874
9/21/2026 2:51,39150.766,41843.387,27.178596,25.542284,1.0183876,27.198202,6.2841573,82.01704,129.69621,2.4546282,7.6114683,-59.137344,391.205,21.630888,0,98,774.3542,16.029842,36.932007
9/21/2026 3:21,38964.484,41662.09,27.047148,25.664396,1.0182935,27.080359,6.1570506,80.26605,126.93149,1.162384,7.601193,-58.555603,394.02786,21.609966,0,98,774.3542,16.204073,37.330303
9/21/2026 3:51,38704.66,41385.805,26.847908,25.836681,1.018143,26.900772,6.3918915,83.22778,131.61551,0.94596434,7.632759,-60.329437,390.06058,21.60816,0,98,774.3542,16.420494,37.825466
9/21/2026 4:21,39322.184,42015.98,27.303593,25.430937,1.018479,27.310389,6.5031314,84.956,134.3411,1.470469,7.6557045,-61.626434,386.20773,21.643267,0,98,774.3542,16.658691,38.352177
9/21/2026 4:51,39370.895,42101.844,27.364435,25.399473,1.0185354,27.3662,6.465428,84.43314,133.52255,1.2721802,7.6530514,-61.469078,390.4325,21.603907,0,98,774.3542,16.919817,38.942604
9/21/2026 5:21,39321.594,42063.758,27.336395,25.431318,1.0185187,27.341442,6.4309926,83.9437,132.75209,1.6115347,7.6486173,-61.216354,392.6355,21.586876,0,98,774.3542,17.197731,39.57231
9/21/2026 5:51,38998.535,41751.77,27.109978,25.641989,1.0183576,27.138649,6.414658,83.56,132.15343,1.3166047,7.6431627,-60.90164,394.51422,21.547491,0,98,774.3542,17.418911,40.0797
9/21/2026 6:21,39066.875,41841.41,27.174076,25.597134,1.0184113,27.196917,6.396829,83.32971,131.79317,1.4346049,7.6372933,-60.567856,395.05783,21.52823,0,98,774.3542,17.65378,40.609016
9/21/2026 6:51,39157.4,41939.508,27.24485,25.537958,1.0184653,27.260681,6.279394,81.83181,129.4244,1.8361217,7.6254177,-59.900284,399.34937,21.526897,0,98,774.3542,17.852531,41.057465
9/21/2026 7:21,39437.773,42278.145,27.488106,25.356401,1.0186613,27.480795,6.251331,81.51624,128.9342,1.7328571,7.619467,-59.55696,401.33777,21.482567,0,98,774.3542,17.995255,41.37244
9/21/2026 7:51,39104.395,41971.387,27.264702,25.572573,1.0185075,27.281403,6.1538987,80.05496,126.63448,1.2946556,7.604823,-58.722496,404.8616,21.423649,0,98,774.3542,18.08103,41.572975
9/21/2026 8:21,39029.055,41886.715,27.203718,25.621937,1.0184602,27.226364,5.8594103,76.20301,120.54047,0.9875671,7.5653334,-56.505203,406.1252,21.428087,0,98,774.3542,18.022774,41.444187
9/21/2026 8:51,38872.066,41739.625,27.096827,25.725414,1.0183858,27.130756,5.995705,77.891426,123.21606,0.63665885,7.586813,-57.706833,403.70288,21.403084,0,98,774.3542,17.967367,41.321503
9/21/2026 9:21,38572.098,41532.438,26.943308,25.925476,1.018305,26.996086,6.1723146,79.91675,126.44624,1.1676239,7.5835466,-57.497025,396.65045,21.26818,0,98,774.3542,17.801245,40.94708
9/21/2026 9:51,38737.816,41719.293,27.077692,25.814568,1.0184093,27.11754,6.331125,82.02286,129.78053,0.74484515,7.585704,-57.616234,390.97134,21.258368,0,98,774.3542,17.594063,40.47433
9/21/2026 10:21,38167.805,41254.953,26.73771,26.200092,1.0181977,26.81572,6.357583,81.93701,129.67967,0.65305257,7.565156,-56.42891,389.08783,21.082146,0,98,774.3542,17.38607,40.011105
9/21/2026 10:51,37245.754,40239.35,26.008886,26.848698,1.0176394,26.155579,6.412435,82.326324,130.29129,0.13155805,7.5526705,-55.732727,385.893,21.104984,0,98,774.3542,17.135242,39.464165
9/21/2026 11:21,35770.266,38606.043,24.842707,27.95618,1.0167432,25.09393,6.3975496,81.64981,129.21092,0.048120752,7.5221705,-54.03042,382.10217,21.154228,0,98,774.3542,16.888853,38.9386
9/21/2026 11:51,33522.035,36188.44,23.127111,29.831125,1.0154474,23.522488,6.394632,80.77916,127.835396,0.04266527,7.479893,-51.65577,379.3985,21.142351,0,98,774.3542,16.656984,38.461723
9/21/2026 12:21,32350.75,34766.457,22.13073,30.911184,1.0146376,22.598196,6.5183644,82.19649,130.03445,0.049133223,7.4663854,-50.935745,374.51093,21.362103,0,98,774.3542,16.42947,37.97493
9/21/2026 12:51,30183.502,32310.104,20.41716,33.13068,1.0132934,21.001568,6.6069818,82.7773,130.9142,0.040890094,7.4372835,-49.333572,376.85217,21.554005,0,98,774.3542,16.250225,37.616116
9/21/2026 13:21,28037.668,29928.588,18.770273,35.666306,1.0120147,19.453583,6.748422,83.95544,132.7487,0.04159838,7.4069333,-47.650337,379.87534,21.692093,0,98,774.3542,16.104729,37.330948
9/21/2026 13:51,26366.938,28050.92,17.483849,37.926285,1.0110023,18.233099,6.938279,85.93504,135.84338,0.041399498,7.3872175,-46.567917,381.9305,21.85691,0,98,774.3542,16.027979,37.19305
9/21/2026 14:21,24744.639,26190.691,16.220411,40.412796,1.0099858,17.02395,7.218583,89.16814,140.89723,0.037826687,7.3732977,-45.82405,380.28064,22.109297,0,98,774.3542,16.007921,37.18455
9/21/2026 14:51,39188.203,41787.58,27.141644,25.517883,1.0183295,27.161924,6.612235,86.45633,136.69203,1.5983894,7.613527,-59.275627,379.1601,21.743221,0,98,774.3542,16.10023,37.093502
9/21/2026 15:21,38767.566,41282.05,26.779041,25.794758,1.0180372,26.833334,7.0415916,91.9889,145.4237,1.4183698,7.6558437,-61.66935,381.8828,21.811,0,98,774.3542,16.220585,37.3766
9/21/2026 15:51,37991.395,40279.84,26.06403,26.32175,1.0174388,26.181896,7.722366,100.85393,159.3838,1.6089798,7.7096906,-64.74495,377.23843,22.025463,0,98,774.3542,16.424831,37.861115
9/21/2026 16:21,38616.3,40881.625,26.49869,25.8958,1.0177479,26.573055,8.356849,109.561874,173.1249,1.266701,7.7963886,-69.64207,362.1036,22.09886,0,98,774.3542,16.652912,38.366924
9/21/2026 16:51,38821.99,41113.9,26.66548,25.758598,1.0178788,26.724035,8.402228,110.22907,174.18408,1.4794817,7.800697,-69.880486,362.22284,22.08139,0,98,774.3542,16.915258,38.95535
9/21/2026 17:21,38689.277,41058.72,26.622894,25.846954,1.0178741,26.688168,8.206176,107.43063,169.78998,1.1115352,7.776811,-68.51196,364.76913,21.97861,0,98,774.3542,17.18055,39.558113
9/21/2026 17:51,38932.895,41399.344,26.865572,25.68522,1.0180838,26.909573,8.184231,107.105255,169.30214,1.6911497,7.7758584,-68.43567,368.1833,21.880785,0,98,774.3542,17.46246,40.188503
9/21/2026 18:21,38981.094,41485.594,26.926573,25.653461,1.0181412,26.965635,8.129459,106.34614,168.11333,1.9168249,7.7734017,-68.28785,370.73914,21.839249,0,98,774.3542,17.710787,40.74847
9/21/2026 18:51,39075.11,41598.074,27.007273,25.59174,1.0182061,27.03875,8.00163,104.69533,165.50757,3.817083,7.7594748,-67.50107,376.12262,21.824554,0,98,774.3542,17.91455,41.207825
9/21/2026 19:21,39166.848,41709.797,27.087404,25.531797,1.0182712,27.111368,7.9289193,103.76133,164.03537,3.1228483,7.751403,-67.043304,378.64987,21.807976,0,98,774.3542,18.093586,41.610752
9/21/2026 19:51,39407.082,41974.297,27.278086,25.37615,1.0184184,27.283293,7.8542857,102.879814,162.6444,3.0972495,7.7483916,-66.87164,380.77655,21.797823,0,98,774.3542,18.22185,41.895027
9/21/2026 20:21,39224.938,41806.367,27.155916,25.493986,1.018334,27.174137,7.7561297,101.4655,160.41629,3.1869187,7.7389336,-66.33282,379.4891,21.76716,0,98,774.3542,18.27176,42.01168
9/21/2026 20:51,39255.598,41836.766,27.177944,25.474073,1.01835,27.193897,6.964341,91.12338,144.06482,2.4083705,7.669055,-62.40368,390.9332,21.769835,0,98,774.3542,18.231955,41.921078
9/21/2026 21:21,38981.336,41560.793,26.978231,25.653303,1.018204,27.014515,7.1702704,93.67594,148.10492,1.6562061,7.6544576,-61.57875,387.21387,21.750542,0,98,774.3542,18.123405,41.682117
9/21/2026 21:51,38916.008,41605.992,27.006842,25.696367,1.0182617,27.043896,6.9455557,90.532364,143.16536,1.5024385,7.637739,-60.61077,385.70227,21.614983,0,98,774.3542,17.96767,41.326042
9/21/2026 22:21,38660.24,41376.95,26.840172,25.86637,1.0181493,26.895018,6.6965823,87.11872,137.77849,1.4409206,7.601785,-58.579445,387.643,21.562431,0,98,774.3542,17.739191,40.813305
9/21/2026 22:51,38862.215,41662.11,27.043303,25.731936,1.0183245,27.08037,6.383552,83.022415,131.31674,1.1439912,7.5581913,-56.114197,391.9727,21.481422,0,98,774.3542,17.487284,40.23489
9/21/2026 23:21,37988.074,40821.1,26.434332,26.32405,1.0178934,26.533716,6.377834,82.480156,130.48233,0.81447566,7.5502605,-55.646896,390.68048,21.366434,0,98,774.3542,17.20432,39.611156
9/21/2026 23:51,36640.84,39414.555,25.424423,27.29195,1.0171419,25.619461,6.358439,81.66896,129.20918,0.97902274,7.5352306,-54.793358,390.73767,21.31556,0,98,774.3542,16.923977,39.004166
9/22/2026 0:21,35522.12,38271.207,24.606525,28.151472,1.0165424,24.876284,6.177188,78.85164,124.76656,0.38361815,7.491313,-52.313805,388.76358,21.239178,0,98,774.3542,16.654894,38.416252
9/22/2026 0:51,33319.746,35988.094,22.985071,30.012234,1.0153462,23.392262,6.034715,76.135,120.49037,0.21077064,7.43629,-49.204826,400.88956,21.118046,0,98,774.3542,16.404503,37.892624
9/22/2026 1:21,30617.412,33215.8,21.0345,32.66115,1.0139241,21.590271,5.940115,73.79639,116.82717,0.10892791,7.3898993,-46.567917,405.65314,20.90432,0,98,774.3542,16.200275,37.479374
9/22/2026 1:51,27990.422,30512.766,19.15387,35.726505,1.0125588,19.833298,5.782499,70.74168,112.03029,0.09300899,7.3291078,-43.125153,416.87314,20.671978,0,98,774.3542,16.027287,37.13353
9/22/2026 2:21,26358.963,28872.111,18.02144,37.93776,1.0117577,18.766872,5.5093703,66.6646,105.60942,0.09072908,7.2878027,-40.779114,417.86017,20.442713,0,98,774.3542,15.87551,36.8168
9/22/2026 2:51,24594.266,27053.047,16.776812,40.659885,1.010864,17.584482,5.7018943,68.22995,108.121025,0.10859357,7.234009,-37.74166,422.93372,20.241497,0,98,774.3542,15.840038,36.76718
9/22/2026 3:21,25498.963,28051.258,17.456316,39.21728,1.0113795,18.233316,5.111576,61.40521,97.30689,0.05797299,7.189102,-35.22873,422.31384,20.23629,0,98,774.3542,15.888059,36.85949
9/22/2026 3:51,38571.766,41291.87,26.77855,25.9257,1.0181056,26.839716,6.314152,82.097046,129.83899,2.5819852,7.56118,-56.295395,399.12048,21.551044,0,98,774.3542,16.01595,36.90959
9/22/2026 4:21,38537.188,41370.246,26.830923,25.948961,1.0181814,26.89066,6.591472,85.51625,135.27528,1.3955266,7.6029024,-58.612823,397.0224,21.41463,0,98,774.3542,16.250832,37.439068
9/22/2026 4:51,38291.645,41203.547,26.707422,26.115358,1.0181179,26.782307,6.793869,87.8941,139.0614,1.9314436,7.621908,-59.657097,397.40387,21.299938,0,98,774.3542,16.427523,37.8415
9/22/2026 5:21,38432.684,41387.97,26.83903,26.01952,1.0182277,26.90218,6.751494,87.351814,138.21158,1.1231315,7.626633,-59.91459,396.32144,21.261547,0,98,774.3542,16.7129,38.483192
9/22/2026 5:51,38779.527,41757.203,27.105284,25.786802,1.0184282,27.142183,6.8112164,88.27005,139.66339,1.6862485,7.6386757,-60.591698,394.13754,21.266531,0,98,774.3542,16.975544,39.070972
9/22/2026 6:21,38912.18,41995.855,27.273954,25.698895,1.018585,27.297306,6.9057436,89.40201,141.47847,1.3100883,7.6537824,-61.416626,390.03674,21.155598,0,98,774.3542,17.290457,39.77902
9/22/2026 6:51,38601.617,41722.11,27.074242,25.905651,1.0184522,27.11937,6.841442,88.35048,139.82965,1.5505003,7.646059,-60.9684,395.9686,21.084173,0,98,774.3542,17.56566,40.40629
9/22/2026 7:21,38454.668,41597.04,26.982859,26.004644,1.018393,27.038076,6.680004,86.15731,136.36674,1.8238206,7.6255493,-59.809685,398.70563,21.044863,0,98,774.3542,17.81504,40.97369
9/22/2026 7:51,38630.875,41820.598,27.142765,25.88603,1.0185244,27.183388,6.656053,85.86881,135.91803,1.8657799,7.623052,-59.661865,400.5987,21.006725,0,98,774.3542,17.98721,41.358494
9/22/2026 8:21,38981.51,42208.54,27.422361,25.653187,1.018739,27.43555,6.6442723,85.84242,135.8782,1.6414732,7.6183257,-59.394836,400.73697,20.997152,0,98,774.3542,18.14031,41.696766
9/22/2026 8:51,38477.484,41687.082,27.045313,25.989225,1.0184603,27.096603,6.6824183,86.10012,136.29196,2.0375688,7.6264195,-59.843063,402.44403,20.968971,0,98,774.3542,18.201809,41.84724
9/22/2026 9:21,38439.793,41670.156,27.032217,26.014708,1.0184575,27.085602,6.411732,82.56419,130.70023,1.0747403,7.5982046,-58.255196,408.7526,20.941246,0,98,774.3542,18.18826,41.816994
9/22/2026 9:51,38270.688,41528.504,26.928617,26.129658,1.0183915,26.993528,6.536702,84.04729,133.05772,1.428691,7.6009274,-58.398247,404.14636,20.89279,0,98,774.3542,18.098406,41.61572
9/22/2026 10:21,38367.355,41722.496,27.064991,26.063824,1.0185218,27.119623,6.488065,83.330605,131.94354,0.9603609,7.57577,-56.967735,400.67975,20.789757,0,98,774.3542,17.940004,41.25144
9/22/2026 10:51,38154.2,41496.41,26.901943,26.209435,1.0183997,26.972668,6.518564,83.63208,132.4222,0.23866679,7.5660944,-56.42414,399.98355,20.783134,0,98,774.3542,17.762676,40.85548
9/22/2026 11:21,37306.453,40732.785,26.346975,26.805014,1.0180267,26.47631,6.7482452,85.999306,136.20844,2.3267426,7.5802717,-57.182312,396.2404,20.595953,0,98,774.3542,17.536833,40.358826
9/22/2026 11:51,37660.406,41114.06,26.620987,26.553085,1.0182331,26.724138,6.823683,87.110794,137.96762,0.836814,7.580506,-57.196617,393.20294,20.602005,0,98,774.3542,17.277182,39.762623
9/22/2026 12:21,36994.73,40386.11,26.098574,27.030876,1.0178363,26.250973,6.8060875,86.62181,137.19287,0.2992105,7.561773,-56.147575,390.7329,20.60346,0,98,774.3542,17.038975,39.2383
9/22/2026 12:51,36150.863,39442.242,25.424055,27.661858,1.0173178,25.637459,6.8588405,86.9919,137.7734,0.21433464,7.5482297,-55.394173,387.33307,20.630991,0,98,774.3542,16.784391,38.68012
9/22/2026 13:21,34683.844,37745.742,24.21947,28.831867,1.0163738,24.534733,6.989703,88.225555,139.70178,0.15495265,7.537354,-54.807663,386.47952,20.752928,0,98,774.3542,16.570498,38.229366
9/22/2026 13:51,33521.242,36335.535,23.225965,29.831831,1.0155725,23.6181,7.1947618,90.60766,143.43234,0.10294582,7.5358653,-54.75998,386.47476,20.944874,0,98,774.3542,16.374928,37.81636
9/22/2026 14:21,32382.469,34980.957,22.275576,30.880907,1.0148112,22.737621,7.326661,92.03884,145.66121,0.040422313,7.5184884,-53.81584,388.39642,21.110842,0,98,774.3542,16.24193,37.54097
9/22/2026 14:51,29039.922,31424.12,19.791279,34.435356,1.012953,20.425676,7.45125,92.10953,145.79155,0.044494625,7.4815273,-51.727295,392.91684,21.027664,0,98,774.3542,16.118958,37.329285
9/22/2026 15:21,28778.277,31107.314,19.572952,34.748432,1.012775,20.219755,7.253636,89.639595,141.8708,0.04916984,7.5134892,-53.52974,390.361,21.08005,0,98,774.3542,16.116138,37.328697
9/22/2026 15:51,37041.17,39707.473,25.63877,26.996986,1.0172601,25.809856,6.4965625,83.80622,132.55588,0.9002927,7.5348415,-54.802895,398.30508,21.484365,0,98,774.3542,16.179365,37.310184
9/22/2026 16:21,38105.438,41031.207,26.58241,26.242973,1.0180318,26.670284,6.9841056,90.23438,142.7714,2.3427916,7.627464,-59.962273,391.3528,21.266705,0,98,774.3542,16.366343,37.70619
9/22/2026 16:51,37493.266,40475.42,26.179352,26.671457,1.0177587,26.309025,7.284797,93.68404,148.25774,1.3461032,7.644399,-60.887337,388.43457,21.142504,0,98,774.3542,16.579098,38.19904
9/22/2026 17:21,38226.78,41256.49,26.741083,26.15967,1.0181812,26.816717,7.272775,93.859604,148.5327,1.4229811,7.6688232,-62.260628,386.3937,21.15519,0,98,774.3542,16.83092,38.752975
9/22/2026 17:51,38124.22,41196.332,26.695944,26.230045,1.0181624,26.777617,7.261941,93.59281,148.12396,1.701861,7.6766963,-62.68978,385.6117,21.09568,0,98,774.3542,17.17212,39.52588
9/22/2026 18:21,38133.77,41252.08,26.734392,26.223476,1.0182055,26.81385,7.1768236,92.42625,146.28955,1.619644,7.664404,-61.98883,387.8576,21.042326,0,97,774.3542,17.474615,40.210133
9/22/2026 18:51,38060.027,41217.004,26.707506,26.274284,1.0181987,26.791052,7.2726927,93.55593,148.08942,1.9455339,7.6772685,-62.699318,391.22882,20.989843,0,97,774.3542,17.800219,40.948917
9/22/2026 19:21,38005.086,41227.81,26.712664,26.312267,1.018224,26.798075,7.295145,93.70557,148.34476,2.0413482,7.684215,-63.07125,390.78537,20.907402,0,97,774.3542,18.090136,41.603848
9/22/2026 19:51,38143.445,41430.56,26.856592,26.216824,1.018349,26.929863,7.2736206,93.40267,147.87889,3.7342324,7.6841097,-63.052177,390.03198,20.846058,0,97,774.3542,18.33429,42.152233
9/22/2026 20:21,38552.277,41917.797,27.205976,25.938805,1.0186268,27.246567,7.354304,94.546135,149.70042,2.6952593,7.6985064,-63.848495,390.14163,20.79641,0,97,774.3542,18.518103,42.557533
9/22/2026 20:51,38349.414,41723.094,27.064655,26.076017,1.0185274,27.12001,7.300493,93.72507,148.40703,2.2462704,7.6909647,-63.419342,392.13007,20.766558,0,97,774.3542,18.622936,42.798855
9/22/2026 21:21,38221.21,41625.96,26.993078,26.163483,1.0184857,27.056875,7.2018294,92.33628,146.21869,2.3013546,7.667242,-62.07943,394.3521,20.717598,0,97,774.3542,18.667038,42.900776
9/22/2026 21:51,38428.76,41946.29,27.22025,26.022177,1.0186859,27.265087,7.03164,90.0949,142.6923,1.3770927,7.6484957,-61.006546,397.5088,20.609533,0,97,774.3542,18.57945,42.69298
9/22/2026 22:21,37923.12,41508.402,26.900414,26.369137,1.0184768,26.980463,6.7757864,86.442825,136.93483,1.3529704,7.62335,-59.571266,399.96448,20.477758,0,97,774.3542,18.41205,42.322807
9/22/2026 22:51,37875.51,41535.133,26.916555,26.402283,1.0185122,26.997837,6.401939,81.54397,129.19174,1.0807768,7.5671973,-56.409836,403.90793,20.38696,0,97,774.3542,18.175768,41.785824
9/22/2026 23:21,37375.25,41152.81,26.63508,26.755674,1.0183474,26.749325,6.2338905,78.9885,125.178246,1.3291178,7.539047,-54.798126,405.17154,20.194061,0,97,774.3542,17.902554,41.17362
9/22/2026 23:51,37224.613,41152.19,26.627975,26.863947,1.0183899,26.748924,6.104173,77.06713,122.166985,0.6095921,7.5077815,-53.014755,407.15997,20.003124,0,97,774.3542,17.630144,40.555447
9/23/2026 0:21,36801.395,40828.82,26.390036,27.172884,1.0182511,26.538734,6.0142813,75.588394,119.85157,0.5453481,7.48306,-51.603317,407.01215,19.835508,0,97,774.3542,17.307032,39.82832
9/23/2026 0:51,36224.645,40327.797,26.025448,27.605516,1.0180143,26.213068,5.869939,73.39148,116.39494,0.6796387,7.4635897,-50.48752,407.85614,19.673035,0,97,774.3542,17.016867,39.179974
9/23/2026 1:21,34710.02,38795.43,24.925943,28.810125,1.0172243,25.21703,5.810592,71.92456,114.0983,1.1848516,7.4385295,-49.057007,408.65723,19.486572,0,97,774.3542,16.745014,38.59446
9/23/2026 1:51,33286.848,37428.07,23.946812,30.041895,1.0165476,24.328245,5.7817097,70.776596,112.320625,1.0545672,7.402847,-47.020912,414.7655,19.207073,0,97,774.3542,16.493616,38.04933
9/23/2026 2:21,30958.428,35132.89,22.317385,32.30138,1.0154098,22.83638,5.8156624,69.93092,111.04298,0.09730335,7.3621097,-44.68441,414.50803,18.779099,0,97,774.3542,16.272861,37.58952
9/23/2026 2:51,28581.5,32733.209,20.63187,34.987667,1.0142242,21.276587,5.780154,68.252625,108.438286,0.09109331,7.330839,-42.881966,420.18237,18.359438,0,97,774.3542,16.117516,37.2791
9/23/2026 3:21,26308.566,30354.63,18.981043,38.010433,1.0130436,19.73051,5.911209,68.65922,109.13208,1.5132991,7.2998724,-41.1129,425.0366,18.0213,0,97,774.3542,16.03594,37.136402
9/23/2026 3:51,24485.783,28566.717,17.745176,40.840027,1.0122113,18.568367,5.986624,68.343124,108.69855,0.122026764,7.273962,-39.606094,423.98755,17.520615,0,97,774.3542,16.031984,37.156933
9/23/2026 4:21,35353.51,39097.176,25.157455,28.285732,1.0172774,25.413166,5.9113464,73.964485,117.2514,1.2774525,7.463731,-50.549507,414.94672,19.986765,0,97,774.3542,16.120682,37.176632
9/23/2026 4:51,37462.9,41285.63,26.729048,26.693075,1.0184293,26.835659,6.4327455,81.49006,129.15047,1.2760983,7.601681,-58.293343,405.4624,20.152237,0,97,774.3542,16.312727,37.569874
9/23/2026 5:21,36376,40476.395,26.132605,27.490654,1.0180899,26.309658,6.4984355,81.33634,128.99086,1.0064328,7.5843477,-57.234764,407.43652,19.69616,0,97,774.3542,16.533978,38.08307
9/23/2026 5:51,36931.555,41050.19,26.545616,27.077116,1.0183913,26.682625,6.527901,81.98337,130.00761,1.2657644,7.6090145,-58.62236,403.96515,19.74703,0,97,774.3542,16.824923,38.731388
9/23/2026 6:21,36650.145,40885.445,26.421274,27.285023,1.018339,26.57554,6.606314,82.642334,131.08408,1.232932,7.618169,-59.099197,397.81396,19.57647,0,97,774.3542,17.116516,39.393578
9/23/2026 6:51,36816.953,41097.348,26.572115,27.1614,1.0184609,26.713276,6.5655117,82.15993,130.32428,0.9593999,7.618788,-59.127808,407.39362,19.546986,0,97,774.3542,17.443947,40.130035
9/23/2026 7:21,36807.88,41104.637,26.576605,27.168097,1.0184692,26.718016,6.415433,80.25389,127.30442,0.81869125,7.598098,-57.969093,411.65176,19.527111,0,97,774.3542,17.769505,40.86662
9/23/2026 7:51,36981.543,41181.62,26.636759,27.040516,1.018482,26.768053,6.4745026,81.224396,128.81984,1.6933078,7.611546,-58.746338,411.8711,19.660254,0,97,774.3542,18.041975,41.484566
9/23/2026 8:21,37067.773,41299.418,26.720383,26.977612,1.0185518,26.844622,6.6059055,82.8756,131.44316,1.2962466,7.630169,-59.781075,412.89154,19.63547,0,97,774.3542,18.266499,41.98944
9/23/2026 8:51,37288.023,41534.12,26.889399,26.818262,1.0186772,26.997179,6.6372895,83.37159,132.2276,1.3647884,7.633712,-59.981346,415.10883,19.647562,0,97,774.3542,18.469511,42.444202
9/23/2026 9:21,37213.22,41412.312,26.803513,26.872171,1.0186012,26.918003,6.7197742,84.43397,133.90427,1.9843684,7.639614,-60.3199,415.83838,19.691244,0,97,774.3542,18.566978,42.66888
9/23/2026 9:51,37264.902,41442.277,26.826189,26.834902,1.0186107,26.937479,6.772298,85.15514,135.04202,1.7460221,7.6433415,-60.534477,418.48962,19.722519,0,97,774.3542,18.583815,42.70659
9/23/2026 10:21,37236.906,41426.418,26.814161,26.855078,1.0186058,26.927172,6.745671,84.78661,134.4609,1.2134833,7.6352935,-60.081482,418.10815,19.705162,0,97,774.3542,18.506588,42.53201
9/23/2026 10:51,37390.74,41604.617,26.941906,26.74459,1.0187049,27.043001,6.587696,82.85133,131.3933,0.90387815,7.610474,-58.693886,416.8636,19.697178,0,97,774.3542,18.373507,42.226723
9/23/2026 11:21,36917.52,41076.953,26.563055,27.08741,1.0184165,26.700018,6.634974,83.26086,132.04251,1.1400834,7.601845,-58.21228,412.47668,19.698454,0,97,774.3542,18.164461,41.76565
9/23/2026 11:51,36875.27,41018.094,26.521326,27.118446,1.0183815,26.66176,6.7619076,84.85449,134.56726,0.90374774,7.5992346,-58.06923,409.04346,19.712044,0,97,774.3542,17.935684,41.247738
9/23/2026 12:21,37217.668,41427.39,26.813925,26.86896,1.0186119,26.927805,6.975724,87.63637,138.98526,0.42809647,7.601997,-58.21705,399.88818,19.67974,0,97,774.3542,17.653307,40.599472
9/23/2026 12:51,36754.79,40849.246,26.401703,27.207338,1.0182806,26.552011,7.1081424,89.20311,141.45552,0.3615404,7.5995193,-58.09307,395.90182,19.752178,0,97,774.3542,17.364334,39.95745
9/23/2026 13:21,35366.785,39353.324,25.330338,28.275118,1.0174803,25.579662,7.1312633,88.83415,140.88156,1.4958472,7.5835786,-57.19185,390.44205,19.696274,0,97,774.3542,17.062326,39.304806
9/23/2026 13:51,34409.547,38375.69,24.631098,29.061703,1.0169753,24.9442,7.1660748,88.719536,140.72102,1.8863178,7.5713115,-56.48613,388.69205,19.58898,0,97,774.3542,16.783634,38.690506
9/23/2026 14:21,33233.977,37097.656,23.72428,30.08969,1.0162967,24.113478,7.349873,90.43575,143.45157,0.083535425,7.555309,-55.584908,390.42297,19.54718,0,97,774.3542,16.553411,38.194595
9/23/2026 14:51,31857.865,35547.703,22.632586,31.389423,1.0154635,23.106007,7.4434657,91.02836,144.38788,0.122313686,7.54508,-55.01747,387.9196,19.565466,0,97,774.3542,16.368246,37.80355
9/23/2026 15:21,30023.447,33365.176,21.11059,33.3073,1.0142627,21.687365,7.7405005,94.15198,149.30241,0.9404535,7.548195,-55.22728,388.24384,19.756222,0,97,774.3542,16.228258,37.52993
9/23/2026 15:51,29267.957,32472.086,20.491217,34.167057,1.0137745,21.106857,7.841096,95.167046,150.89545,0.48621464,7.5345325,-54.478645,392.66888,19.833855,0,97,774.3542,16.173048,37.42216
9/23/2026 16:21,27213.908,30098.666,18.853952,36.74592,1.0124983,19.564135,8.095959,97.58882,154.70267,0.32946345,7.553746,-55.58014,386.91345,19.982023,0,97,774.3542,16.197926,37.52598
9/23/2026 16:51,36744.332,40492.72,26.160177,27.215082,1.0179969,26.320267,6.6881332,84.44308,133.83034,1.4116203,7.599887,-58.193207,390.17026,20.153433,0,97,774.3542,16.351885,37.67504
9/23/2026 17:21,36164.97,39907.316,25.739103,27.651068,1.017693,25.939754,7.2461944,91.15452,144.48022,1.0381701,7.646246,-60.772896,391.34802,20.090263,0,97,774.3542,16.57346,38.187325
9/23/2026 17:51,36821.773,40613.266,26.24516,27.157845,1.0180718,26.398623,7.5635176,95.47034,151.31602,1.2073562,7.7017612,-63.881874,385.91687,20.112251,0,97,774.3542,16.842657,38.784065
9/23/2026 18:21,36752.05,40599.688,26.232897,27.209366,1.0180811,26.389797,7.3892913,93.13562,147.63133,1.3368521,7.6869526,-63.037872,388.42502,20.038214,0,97,774.3542,17.136549,39.447437
9/23/2026 18:51,37225.547,41149.95,26.626503,26.863272,1.0183879,26.747469,7.2454133,91.481285,145.01555,1.5367653,7.675813,-62.408447,394.54285,20.006893,0,97,774.3542,17.461294,40.17338
9/23/2026 19:21,36805.453,40751.617,26.33803,27.169888,1.018188,26.488552,7.463727,93.942604,148.93356,1.8877525,7.6942797,-63.42411,394.3521,19.930128,0,97,774.3542,17.79929,40.94668
9/23/2026 19:51,37246.957,41295.37,26.725943,26.847832,1.0184984,26.841991,7.4299726,93.62239,148.43924,1.9015224,7.7024603,-63.86757,394.21384,19.86725,0,97,774.3542,18.151289,41.7311
9/23/2026 20:21,37442.23,41548.57,26.90635,26.707811,1.018646,27.00657,7.414297,93.45179,148.17755,1.5124917,7.6992087,-63.676834,398.04285,19.825535,0,97,774.3542,18.433027,42.36356
9/23/2026 20:51,37600.566,41782.84,27.072363,26.595345,1.0187887,27.158848,7.477602,94.22586,149.41891,2.0943806,7.705869,-64.03446,398.86777,19.759401,0,97,774.3542,18.646225,42.84069
9/23/2026 21:21,37456.34,41651.215,26.976507,26.69775,1.0187238,27.07329,7.4982185,94.374664,149.66174,1.7027359,7.705142,-63.98678,399.378,19.726997,0,97,774.3542,18.797544,43.184994
9/23/2026 21:51,37368.4,41607.32,26.942686,26.76058,1.0187132,27.04476,7.4939346,94.19428,149.38853,3.939317,7.703331,-63.872337,404.23218,19.666008,0,97,774.3542,18.845037,43.294228
9/23/2026 22:21,37323.887,41573.074,26.917425,26.792494,1.0186983,27.0225,7.2316384,90.85411,144.09467,3.1734447,7.6618915,-61.55491,407.9801,19.648687,0,97,774.3542,18.815672,43.227608
9/23/2026 22:51,37023.46,41353.195,26.754625,27.009901,1.0186068,26.879578,7.1768875,89.85919,142.54279,1.5993165,7.661614,-61.511993,406.90247,19.518255,0,97,774.3542,18.707687,42.987076
9/23/2026 23:21,36764.453,41141.023,26.599089,27.200188,1.0185101,26.741665,6.87242,85.82586,136.1614,2.6703928,7.625364,-59.47113,406.02985,19.430378,0,97,774.3542,18.482553,42.481537
9/23/2026 23:51,36584.137,41093.742,26.558504,27.334251,1.0185223,26.710934,6.6180706,82.35592,130.68819,1.4250487,7.584955,-57.182312,408.65247,19.254478,0,97,774.3542,18.221758,41.889664
9/24/2026 0:21,36283.34,40970.004,26.460411,27.560858,1.0185066,26.630503,6.4558144,79.92078,126.86616,0.85040295,7.558164,-55.642128,408.3139,19.01086,0,97,774.3542,17.924025,41.216557
9/24/2026 0:51,36209.168,41039.082,26.503046,27.617315,1.0185808,26.675404,6.3544126,78.42806,124.52564,0.4900881,7.5358024,-54.364204,408.5237,18.83819,0,97,774.3542,17.61699,40.518715
9/24/2026 1:21,35223.363,40082.195,25.811825,28.390247,1.0180985,26.053427,6.247058,76.51579,121.519455,0.88351274,7.5102835,-52.90985,408.77643,18.653313,0,97,774.3542,17.306982,39.83403
9/24/2026 1:51,34809.234,39779.223,25.588163,28.728008,1.017974,25.856495,6.1166573,74.5405,118.41288,0.4743713,7.4976263,-52.170753,406.84048,18.458675,0,97,774.3542,17.021673,39.19283
9/24/2026 2:21,33792.05,38772.113,24.865063,29.592758,1.017466,25.201874,6.093199,73.673935,117.06441,0.64883465,7.467669,-50.473213,409.39154,18.27516,0,97,774.3542,16.73525,38.56261
9/24/2026 2:51,32265.781,37276.355,23.795208,30.992586,1.0167226,24.229631,6.0969067,72.80635,115.732574,0.42367166,7.4466543,-49.25251,412.88202,17.962461,0,97,774.3542,16.48865,38.031742
9/24/2026 3:21,29894.805,34831.242,22.065786,33.45063,1.0154902,22.640308,6.1758795,72.44452,115.2132,1.121285,7.4152226,-47.445297,412.15244,17.579874,0,97,774.3542,16.278997,37.598568
9/24/2026 3:51,27185.756,32068.234,20.12938,36.78397,1.0141329,20.844353,6.2250814,71.393105,113.61829,0.2152813,7.3959074,-46.286583,414.22192,17.028648,0,97,774.3542,16.141891,37.336975
9/24/2026 4:21,26768.176,31669.006,19.84986,37.357796,1.0139474,20.584854,6.209467,70.90903,112.865746,0.98189086,7.3813696,-45.461655,419.33838,16.897821,0,97,774.3542,16.110727,37.272594
9/24/2026 4:51,25238.297,30043.514,18.725843,39.622326,1.013146,19.528284,6.116921,69.002365,109.866615,1.9095286,7.3342457,-42.81521,424.07812,16.626076,0,97,774.3542,16.13253,37.35198
9/24/2026 5:21,36161.188,40567.62,26.183937,27.65396,1.0182229,26.368954,6.3390183,78.795204,125.027695,1.3915178,7.5705557,-56.390762,404.68042,19.313116,0,97,774.3542,16.307997,37.56632
9/24/2026 5:51,36319.637,40948.45,26.447742,27.533316,1.01848,26.616491,6.755546,83.737335,132.91177,1.1466371,7.6243258,-59.342384,406.9311,19.081678,0,97,774.3542,16.524035,38.047764
9/24/2026 6:21,36560.426,41293.418,26.691689,27.351978,1.0186857,26.840721,6.7276034,83.3815,132.36185,1.3725375,7.628136,-59.537888,407.17902,18.99903,0,97,774.3542,16.805868,38.677177
9/24/2026 6:51,36693.99,41563.92,26.880333,27.25242,1.0188614,27.01655,6.74108,83.43108,132.46443,1.4466869,7.6314507,-59.695244,411.91403,18.865583,0,97,774.3542,17.096,39.32796
9/24/2026 7:21,36346.746,41127.926,26.569685,27.51278,1.0186133,26.733152,6.8402576,84.578995,134.27832,1.486126,7.6420627,-60.29606,413.1109,18.913538,0,97,774.3542,17.444178,40.12539
9/24/2026 7:51,36554.53,41410.293,26.769943,27.35639,1.0187786,26.91669,6.80856,84.20315,133.69112,0.94280005,7.640374,-60.191154,414.7989,18.860743,0,97,774.3542,17.769707,40.855724
9/24/2026 8:21,36968.41,41854.734,27.08999,27.050121,1.0190157,27.205578,6.8770185,85.25576,135.35745,1.3268262,7.644642,-60.43434,415.7621,18.887703,0,97,774.3542,18.067625,41.51958
9/24/2026 8:51,36929.945,41737.53,27.009146,27.078297,1.0189345,27.129396,6.9461737,86.20477,136.84908,1.451851,7.6607747,-61.34987,416.00052,18.96931,0,97,774.3542,18.319294,42.09333
9/24/2026 9:21,36528.97,41258.914,26.666904,27.375534,1.018667,26.818295,7.0479074,87.336494,138.6403,2.0502691,7.6662307,-61.659813,415.6286,18.997875,0,97,774.3542,18.508629,42.534863
9/24/2026 9:51,36794.117,41561.01,26.88347,27.178257,1.0188327,27.014658,7.095686,88.0373,139.75336,2.0600128,7.6711206,-61.93161,417.3595,18.994957,0,97,774.3542,18.618582,42.77606
9/24/2026 10:21,36740.19,41478.62,26.82531,27.21815,1.0187824,26.961105,7.059931,87.603035,139.05945,1.9617743,7.669232,-61.831474,417.3738,19.01896,0,97,774.3542,18.673212,42.901783
9/24/2026 10:51,37007.66,41751.805,27.022692,27.021433,1.0189251,27.138674,6.775945,84.229004,133.69777,2.0115254,7.652765,-60.920715,419.7723,19.050926,0,97,774.3542,18.616678,42.76811
9/24/2026 11:21,36954.945,41660.188,26.958326,27.059978,1.0188674,27.079123,6.941844,86.31658,137.00473,0.8894411,7.6471543,-60.61554,415.91467,19.086733,0,97,774.3542,18.463419,42.42361
9/24/2026 11:51,36999.668,41669.215,26.966646,27.02727,1.0188625,27.08499,7.0704136,87.996346,139.66208,0.78362083,7.643988,-60.448647,409.07684,19.132866,0,97,774.3542,18.244043,41.927834
9/24/2026 12:21,36805.082,41374.055,26.758133,27.17016,1.0186831,26.893137,7.1919193,89.54193,142.09853,0.7627918,7.648546,-60.720444,403.24988,19.218277,0,97,774.3542,18.004416,41.391754
9/24/2026 12:51,36900.13,41509.695,26.85421,27.100176,1.0187639,26.981302,7.4224153,92.408195,146.65364,0.54632056,7.6558523,-61.120987,394.25198,19.185968,0,97,774.3542,17.69245,40.68234
9/24/2026 13:21,36199.223,40611.797,26.21548,27.624903,1.0182475,26.397669,7.5333195,93.65513,148.6069,1.2256565,7.650337,-60.839653,386.7132,19.311384,0,97,774.3542,17.348341,39.92365
9/24/2026 13:51,35774.74,40152.125,25.886084,27.952684,1.0180016,26.098883,7.5249996,93.33485,148.10263,0.6270035,7.636642,-60.071945,381.79224,19.292143,0,97,774.3542,17.00625,39.158226
9/24/2026 14:21,34455.742,38729.84,24.870155,29.02274,1.017246,25.174397,7.5979414,93.548454,148.45589,0.39593315,7.6178265,-59.0086,380.37125,19.222162,0,97,774.3542,16.682833,38.452282
9/24/2026 14:51,33127.555,37268.06,23.832891,30.186352,1.0164666,24.224237,7.615218,93.1161,147.77768,0.08648456,7.5909367,-57.501793,383.10828,19.183214,0,97,774.3542,16.403849,37.848915
9/24/2026 15:21,31231.338,35141.168,22.335524,32.019123,1.0153309,22.841759,7.6395936,92.57172,146.9154,0.25713274,7.569922,-56.328773,381.17233,19.174833,0,97,774.3542,16.135496,37.280693
9/24/2026 15:51,29350.482,32925.438,20.792707,34.07099,1.0141262,21.401535,7.7905507,93.79147,148.82246,0.09301524,7.5604587,-55.828094,386.81332,19.315329,0,97,774.3542,15.975666,36.960632
9/24/2026 16:21,27780.969,31165.145,19.57327,35.995865,1.0132009,20.257345,8.13312,97.20871,154.24484,0.10856504,7.568926,-56.300163,383.98566,19.314741,0,97,774.3542,15.8524885,36.71337
9/24/2026 16:51,26322.979,29539.852,18.454737,37.98962,1.012356,19.200903,8.029118,95.301094,151.22134,0.15187338,7.5880504,-57.36351,380.67166,19.29846,0,97,774.3542,15.871783,36.78663
9/24/2026 17:21,34759.723,38987.773,25.057068,28.768929,1.0173638,25.342054,7.0231028,86.7312,137.61832,1.4798145,7.5860853,-57.258606,385.58307,19.32222,0,97,774.3542,15.980861,36.855602
9/24/2026 17:51,36570.56,40939.184,26.453733,27.3444,1.0184036,26.61047,7.506901,93.638145,148.55907,1.9256337,7.690046,-63.07602,390.8998,19.413082,0,97,774.3542,16.193869,37.302773
9/24/2026 18:21,36252.45,40604.77,26.213308,27.584343,1.0182271,26.3931,7.644598,95.17497,151.00252,0.9150916,7.6959553,-63.40027,389.35486,19.38809,0,97,774.3542,16.482721,37.962414
9/24/2026 18:51,36918.258,41313.484,26.722794,27.086868,1.0186043,26.853765,7.8008194,97.49081,154.66776,1.2227304,7.7223735,-64.88323,390.99518,19.429987,0,97,774.3542,16.794722,38.654392
9/24/2026 19:21,36832.45,41239.402,26.668695,27.149973,1.0185692,26.805613,7.839045,97.89127,155.30846,1.3419403,7.7321315,-65.42206,391.0858,19.405096,0,97,774.3542,17.152458,39.46582
9/24/2026 19:51,37028.92,41433.023,26.808784,27.005917,1.0186684,26.931467,7.7874284,97.38213,154.49428,1.7332182,7.731072,-65.369606,389.57422,19.434843,0,97,774.3542,17.544142,40.349907
9/24/2026 20:21,37143.46,41530.043,26.879787,26.92264,1.0187138,26.994528,7.7415504,96.91312,153.74272,2.0066934,7.7309313,-65.369606,394.128,19.46993,0,97,774.3542,17.90907,41.173702
9/24/2026 20:51,37401.816,41794.92,27.071152,26.73667,1.0188528,27.166698,7.7470345,97.14083,154.09819,2.8346906,7.7333875,-65.51266,400.67975,19.496805,0,97,774.3542,18.223526,41.88064
9/24/2026 21:21,37479.535,41856.945,27.116812,26.681227,1.0188806,27.207014,7.7582912,97.359276,154.43872,1.6572444,7.73789,-65.77015,403.36432,19.524595,0,97,774.3542,18.504143,42.51471
9/24/2026 21:51,37588.04,41963.16,27.193857,26.604208,1.0189351,27.276054,7.7340255,97.129524,154.07066,3.2990255,7.7374806,-65.751076,406.46854,19.541306,0,97,774.3542,18.674025,42.89685
9/24/2026 22:21,37723.21,42162.953,27.335543,26.508879,1.0190564,27.40592,7.649774,96.05419,152.37653,2.5713115,7.728556,-65.24086,408.1041,19.486933,0,97,774.3542,18.781237,43.13473
9/24/2026 22:51,37621.766,42116.535,27.299227,26.580359,1.019047,27.375748,7.566958,94.86107,150.49936,2.492916,7.7168016,-64.56852,412.99167,19.412447,0,97,774.3542,18.75487,43.075825
9/24/2026 23:21,37303.47,41750.875,27.036648,26.80716,1.0188447,27.13807,7.4887953,93.75339,148.73987,1.8958535,7.7094097,-64.15844,413.29208,19.422905,0,97,774.3542,18.640753,42.82649
9/24/2026 23:51,36949.82,41503.793,26.852684,27.06373,1.0187459,26.977467,7.102486,88.540054,140.50146,2.079596,7.6525135,-60.949326,410.88406,19.255272,0,97,774.3542,18.422596,42.33666
9/25/2026 0:21,37229.57,41993.44,27.196693,26.860369,1.0190551,27.295738,6.8786254,85.60967,135.88754,0.9393892,7.625429,-59.399605,408.85748,19.060562,0,97,774.3542,18.130463,41.661797
9/25/2026 0:51,36609.12,41564.684,26.87647,27.315598,1.0188844,27.017044,6.7862077,83.81602,133.09485,2.1829882,7.6032333,-58.102608,409.00055,18.757835,0,97,774.3542,17.845211,41.02243
9/25/2026 1:21,35943.844,40973.188,26.445143,27.821177,1.0185997,26.632572,6.6469483,81.59778,129.60425,1.0524707,7.5755196,-56.524277,406.64496,18.573444,0,97,774.3542,17.512709,40.280556
9/25/2026 1:51,35399.15,40575.918,26.150702,28.249268,1.0184352,26.374348,6.5687814,80.1074,127.279396,1.6206393,7.558042,-55.503845,405.4195,18.3203,0,97,774.3542,17.158762,39.486248
9/25/2026 2:21,35368.695,40740.973,26.259106,28.27359,1.0185702,26.481632,6.4835987,78.77981,125.20643,0.6707584,7.5397496,-54.445267,403.55984,18.096111,0,97,774.3542,16.841051,38.761654
9/25/2026 2:51,34079.715,39460.43,25.336946,29.342968,1.0179212,25.64928,6.328289,76.12182,121.01851,0.6353008,7.4986944,-52.12307,407.20764,17.860878,0,97,774.3542,16.508598,38.03252
9/25/2026 3:21,32536.074,37943.348,24.249052,30.735115,1.0171645,24.663177,6.2809033,74.5908,118.63268,0.6986863,7.4692817,-50.435066,410.8936,17.538786,0,97,774.3542,16.239033,37.449
9/25/2026 3:51,30398.377,35785.816,22.715525,32.896492,1.0160869,23.26078,6.2239685,72.632256,115.57777,0.8305505,7.4280424,-48.07949,407.96106,17.11797,0,97,774.3542,15.999613,36.94424
9/25/2026 4:21,28517.219,33830.766,21.33985,35.066532,1.01511,21.989998,6.2225347,71.52889,113.868935,0.57401794,7.3961167,-46.257973,412.31458,16.77683,0,97,774.3542,15.833597,36.602203
9/25/2026 4:51,27032.5,32340.822,20.295364,36.992508,1.0143898,21.021534,6.132995,69.53788,110.74794,0.61995155,7.3671327,-44.59858,418.4753,16.406446,0,97,774.3542,15.772338,36.487705
9/25/2026 5:21,24405.266,29399.959,18.269735,40.974766,1.0129031,19.109974,6.3456745,70.63885,112.540764,0.7904174,7.330799,-42.54818,418.461,16.105352,0,97,774.3542,15.846645,36.71031
9/25/2026 5:51,35891.883,40764.14,26.302448,27.861452,1.018451,26.496693,6.7061357,82.51938,131.0386,1.346573,7.5961785,-57.706833,401.77646,18.742245,0,97,774.3542,16.035269,36.94089
9/25/2026 6:21,35863.24,40959.297,26.431597,27.883707,1.0186102,26.623545,6.7837677,83.13155,132.05562,1.6028405,7.5961466,-57.65438,406.02985,18.485985,0,97,774.3542,16.271955,37.471848
9/25/2026 6:51,36047.152,41165.348,26.57923,27.741442,1.0187217,26.757477,6.961089,85.38711,135.63782,1.0071232,7.63463,-59.79538,409.27234,18.49044,0,97,774.3542,16.580824,38.165573
9/25/2026 7:21,36097.293,41318.637,26.68449,27.702908,1.0188272,26.857115,6.995491,85.68838,136.13547,1.1294376,7.641971,-60.181618,411.19876,18.383886,0,97,774.3542,16.944714,38.985794
9/25/2026 7:51,35755.23,40946.344,26.417177,27.967936,1.0186286,26.615124,7.0328374,85.97293,136.59137,0.89099836,7.6473694,-60.477257,409.69196,18.362385,0,97,774.3542,17.355167,39.92129
9/25/2026 8:21,36417.332,41676.645,26.941416,27.459452,1.0190209,27.089819,6.9937253,85.813545,136.33266,0.8354725,7.6458826,-60.400963,410.6647,18.39302,0,97,774.3542,17.713932,40.71899
9/25/2026 8:51,36084.71,41235.824,26.628399,27.712568,1.0187665,26.803286,7.106232,87.14195,138.43098,1.6113714,7.6622705,-61.326027,414.6129,18.45977,0,97,774.3542,18.089682,41.578537
9/25/2026 9:21,36422.688,41606.1,26.894436,27.455416,1.0189651,27.043966,7.1567845,87.931145,139.68144,1.1299566,7.6681204,-61.655045,416.82544,18.47733,0,97,774.3542,18.361586,42.188213
9/25/2026 9:51,36236.816,41379.426,26.732655,27.596243,1.018838,26.896626,7.2123885,88.555626,140.67049,1.6251732,7.6792927,-62.2797,418.37518,18.493225,0,97,774.3542,18.633356,42.80904
9/25/2026 10:21,36108.777,41243.75,26.634985,27.694098,1.0187663,26.808437,7.339502,90.04353,143.03625,0.9926835,7.6802807,-62.332153,417.82202,18.481514,0,97,774.3542,18.804993,43.20154
9/25/2026 10:51,36490.742,41644.83,26.924025,27.404211,1.0189773,27.069138,7.2520876,89.190926,141.6746,2.484132,7.677817,-62.203407,421.42215,18.520262,0,97,774.3542,18.860779,43.31768
9/25/2026 11:21,36420.582,41544.566,26.853083,27.457003,1.018918,27.003967,7.344661,90.32965,143.4792,1.6488084,7.6891336,-62.8376,420.20145,18.54256,0,97,774.3542,18.831718,43.254707
9/25/2026 11:51,36554.23,41693.254,26.959877,27.356615,1.0189984,27.100615,6.963673,85.70549,136.13344,1.3746058,7.632108,-59.666634,420.8261,18.54671,0,97,774.3542,18.6881,42.92742
9/25/2026 12:21,36551.9,41696.43,26.961882,27.35836,1.0190016,27.102678,7.2794323,89.581764,142.29167,1.5641849,7.6671095,-61.61213,408.8003,18.540283,0,97,774.3542,18.44906,42.38527
9/25/2026 12:51,36323.88,41481.09,26.805395,27.5301,1.018894,26.962708,7.458224,91.60953,145.5221,1.2332187,7.6756153,-62.07466,404.64703,18.490746,0,97,774.3542,18.169931,41.75815
9/25/2026 13:21,36008.965,41168.656,26.579407,27.770863,1.0187341,26.759626,7.624129,93.42697,148.4194,1.3306926,7.679418,-62.274933,395.58713,18.43819,0,97,774.3542,17.818615,40.96963
9/25/2026 13:51,35424.375,40517.89,26.113325,28.22915,1.0183836,26.33663,7.7257743,94.373085,149.92632,1.9246947,7.676064,-62.084198,390.2513,18.41831,0,97,774.3542,17.475096,40.20461
9/25/2026 14:21,36001.63,41134.05,26.555864,27.776522,1.0187093,26.737135,7.7722387,95.28151,151.35973,0.6208157,7.6784487,-62.22725,383.40393,18.467377,0,97,774.3542,17.120686,39.389633
9/25/2026 14:51,35709.19,40840.312,26.34385,28.003994,1.0185585,26.546204,7.8010483,95.43088,151.60602,0.56470716,7.68111,-62.365532,380.73364,18.422062,0,97,774.3542,16.782757,38.628834
9/25/2026 15:21,35311.504,40401.766,26.029814,28.319384,1.0183235,26.261148,7.7633204,94.75756,150.54002,0.58802795,7.6681437,-61.64074,377.1526,18.403606,0,97,774.3542,16.477512,37.947216
9/25/2026 15:51,33395.664,38409.156,24.603533,29.944008,1.017292,24.965952,7.6621714,92.30536,146.68964,1.0197574,7.628531,-59.390068,381.44412,18.166044,0,97,774.3542,16.202635,37.361958
9/25/2026 16:21,30998.725,35914.69,22.832983,32.25939,1.0160184,23.34455,7.5582957,89.51304,142.31284,0.5213735,7.58326,-56.81038,383.2132,17.833559,0,97,774.3542,15.948448,36.83066
9/25/2026 16:51,29204.541,33962.496,21.463371,34.24125,1.0150123,22.075623,7.405393,86.69788,137.86649,0.4221493,7.5317435,-53.920746,395.55374,17.665216,0,97,774.3542,15.820199,36.57537
9/25/2026 17:21,28102.543,32819.996,20.663908,35.58397,1.0144446,21.332996,7.4807982,86.834206,138.11624,1.5200859,7.550537,-54.926872,394.38074,17.474493,0,97,774.3542,15.780375,36.504555
9/25/2026 17:51,28754.422,33571.605,21.185545,34.77726,1.0148395,21.821545,7.204457,83.911064,133.46457,0.5056918,7.512549,-52.82402,396.2213,17.487444,0,97,774.3542,15.865298,36.683647
9/25/2026 18:21,36091.67,41135.07,26.561306,27.707224,1.0186865,26.737797,7.3147345,89.870445,142.74258,1.5411303,7.6608696,-61.273575,396.41205,18.580849,0,97,774.3542,16.074268,37.02155
9/25/2026 18:51,35490.656,40580.914,26.158926,28.17643,1.018415,26.377596,7.467707,91.27076,144.99506,1.1088817,7.6731787,-61.92684,401.1089,18.432732,0,97,774.3542,16.352667,37.661526
9/25/2026 19:21,35511.723,40613.816,26.18202,28.159716,1.018435,26.398981,7.572167,92.54266,147.01755,1.329275,7.6911416,-62.92343,401.77646,18.422796,0,97,774.3542,16.70494,38.4591
9/25/2026 19:51,35752,40949.832,26.419327,27.970463,1.018632,26.617392,7.548994,92.269585,146.59688,1.1674463,7.6948385,-63.114166,400.0694,18.354359,0,97,774.3542,17.091305,39.325294
9/25/2026 20:21,36053.008,41288.992,26.662273,27.736937,1.0188156,26.837845,7.4845834,91.626274,145.57361,1.2900261,7.69104,-62.904358,400.84186,18.360573,0,97,774.3542,17.51996,40.28854
9/25/2026 20:51,35747.37,40940.934,26.413134,27.974085,1.0186262,26.611607,7.5048227,91.73331,145.7441,1.2297258,7.696539,-63.209534,407.66064,18.358377,0,97,774.3542,17.955168,41.281754
9/25/2026 21:21,35821.008,41029.49,26.476269,27.916578,1.0186756,26.669167,7.54449,92.24461,146.55733,1.6833866,7.7071085,-63.796043,408.00873,18.353676,0,97,774.3542,18.324131,42.114708
9/25/2026 21:51,36346.848,41634.84,26.9096,27.512703,1.0190066,27.062645,7.5557556,92.616425,147.14867,1.6325462,7.7187886,-64.44454,410.39767,18.350323,0,97,774.3542,18.664925,42.873363
9/25/2026 22:21,36379.29,41669.49,26.934566,27.488167,1.0190251,27.085167,7.5588017,92.67244,147.23715,1.7915702,7.718606,-64.435005,411.44672,18.353077,0,97,774.3542,18.856806,43.306557
9/25/2026 22:51,36376.883,41678.664,26.940575,27.489986,1.0190327,27.091131,7.518936,92.163826,146.43158,1.6494093,7.7169423,-64.33964,417.7219,18.339996,0,97,774.3542,18.925455,43.462635
9/25/2026 23:21,36131.1,41374.992,26.72402,27.676987,1.0188619,26.893745,7.5275645,92.1932,146.47357,1.8718852,7.7159877,-64.291954,419.3193,18.364367,0,97,774.3542,19.01884,43.680943
9/25/2026 23:51,36423.37,41757.082,26.995607,27.454899,1.0190812,27.142103,7.2872725,89.306625,141.89713,1.7565719,7.6846204,-62.537193,422.8813,18.312466,0,97,774.3542,18.908905,43.423218
9/26/2026 0:21,36400.094,41762.004,26.997631,27.472456,1.0190909,27.145302,7.299958,89.40396,142.05817,1.4258543,7.685955,-62.60395,420.7975,18.2779,0,97,774.3542,18.807364,43.191883
9/26/2026 0:51,36401.3,41894.207,27.086143,27.471546,1.0191919,27.231236,7.123341,87.04912,138.34201,2.0490625,7.6598067,-61.120987,420.75934,18.135408,0,97,774.3542,18.565397,42.64192
9/26/2026 1:21,35730.598,41348.63,26.684237,27.987217,1.0189433,26.876608,6.9444294,84.25343,133.94179,0.77221745,7.617959,-58.746338,418.19873,17.886396,0,97,774.3542,18.252136,41.942127
9/26/2026 1:51,35418.387,41078.246,26.486439,28.233923,1.0188154,26.700861,6.9034433,83.495155,132.7532,0.7518009,7.6067195,-58.102608,416.61563,17.786263,0,97,774.3542,17.911264,41.175213
9/26/2026 2:21,35278.51,41047.293,26.457804,28.345867,1.0188267,26.680742,6.796336,81.956215,130.33014,0.6031027,7.579291,-56.552887,412.22873,17.641891,0,97,774.3542,17.595385,40.46015
9/26/2026 2:51,35132.15,40976.9,26.40252,28.463959,1.0188096,26.634983,6.7189755,80.82417,128.54758,0.6561615,7.5642767,-55.69935,412.19537,17.532187,0,97,774.3542,17.29662,39.784782
9/26/2026 3:21,34354.152,40222.91,25.857286,29.108562,1.018432,26.144892,6.7138357,80.229645,127.62919,0.64751536,7.5479116,-54.75998,407.1695,17.36095,0,97,774.3542,16.944843,39.001595
9/26/2026 3:51,34062.27,39985.008,25.682787,29.357996,1.0183247,25.990255,6.664784,79.379555,126.29493,0.6103295,7.53384,-53.958893,407.64157,17.244818,0,97,774.3542,16.707907,38.46993
9/26/2026 4:21,33788.688,39788.973,25.537085,29.595705,1.0182447,25.862833,6.620062,78.56166,125.01512,1.1096879,7.516477,-52.97184,403.97467,17.104568,0,97,774.3542,16.507496,38.01931
9/26/2026 4:51,31807.29,37682.562,24.035437,31.439335,1.0171562,24.493666,6.6531887,77.830055,123.89103,0.69189006,7.4870925,-51.29814,404.01282,16.836916,0,97,774.3542,16.351282,37.704082
9/26/2026 5:21,30303.623,36081,22.901701,32.999355,1.0163373,23.45265,6.6678843,77.1308,122.8102,0.5020501,7.4595776,-49.738884,406.95493,16.616625,0,97,774.3542,16.248102,37.500942
9/26/2026 5:51,30997.533,36785.496,23.401545,32.26063,1.0166879,23.910574,6.727092,78.27733,124.61416,0.80546653,7.4777575,-50.768852,411.86633,16.762112,0,97,774.3542,16.377277,37.779922
9/26/2026 6:21,34837,40532.227,26.090338,28.705112,1.018546,26.34595,6.898097,83.00205,131.99301,1.2604396,7.5972586,-57.549477,407.5796,17.643398,0,97,774.3542,16.480736,37.94704
9/26/2026 6:51,35007.06,40666.844,26.189463,28.565668,1.0186055,26.433449,6.942885,83.70438,133.09814,1.2963306,7.623145,-58.99906,412.4433,17.713377,0,97,774.3542,16.793032,38.650616
9/26/2026 7:21,35193.22,40961.3,26.395735,28.414564,1.0187826,26.624846,6.9755583,84.06232,133.68176,0.7762065,7.62733,-59.21364,414.45557,17.627335,0,97,774.3542,17.140783,39.431545
9/26/2026 7:51,35172.926,40980.2,26.407099,28.430958,1.018802,26.63713,7.0037,84.330795,134.11656,1.0789515,7.6295657,-59.32808,417.50256,17.580666,0,97,774.3542,17.489904,40.221687
9/26/2026 8:21,35746.566,41567.25,26.830734,27.974714,1.0191053,27.018713,7.1059394,85.926575,136.63937,1.1675425,7.651513,-60.563087,415.74304,17.66856,0,97,774.3542,17.861332,41.049862
9/26/2026 8:51,35419.89,41129.715,26.520756,28.232723,1.0188543,26.734316,7.1859384,86.83819,138.07802,0.8342023,7.6707907,-61.645508,416.7587,17.731688,0,97,774.3542,18.291088,42.033188
9/26/2026 9:21,35723.31,41482.234,26.772804,27.992928,1.0190467,26.963453,7.227517,87.4727,139.08696,0.7070936,7.677153,-61.998367,416.4392,17.731482,0,96,774.3542,18.60869,42.743206
9/26/2026 9:51,35998.676,41744.066,26.963102,27.7788,1.0191774,27.133644,7.3009663,88.56971,140.82013,1.1376292,7.6953063,-63.0188,418.92352,17.794048,0,96,774.3542,18.99182,43.605793
9/26/2026 10:21,36151.418,41926.53,27.093567,27.661432,1.0192784,27.252245,7.253858,88.057594,140.00694,0.91205585,7.689656,-62.704086,421.2648,17.78829,0,96,774.3542,19.175678,44.018383
9/26/2026 10:51,35973.82,41657.105,26.903706,27.797993,1.0191176,27.077118,7.274101,88.31962,140.4113,1.3385385,7.697982,-63.180923,423.92554,17.857061,0,96,774.3542,19.325087,44.36353
9/26/2026 11:21,35750.914,41399.78,26.719477,27.971313,1.0189772,26.909859,7.299607,88.529915,140.74576,2.076766,7.692486,-62.875748,423.47256,17.85619,0,96,774.3542,19.35985,44.447212
9/26/2026 11:51,36057.82,41810.79,27.01099,27.733234,1.0192136,27.177013,7.206826,87.45619,139.04938,1.1689863,7.679226,-62.127113,424.13538,17.796059,0,96,774.3542,19.281836,44.261665
9/26/2026 12:21,36277.953,42023.4,27.165487,27.56495,1.019321,27.315208,7.1498647,86.922485,138.19275,1.7212888,7.6790495,-62.127113,418.0986,17.841879,0,96,774.3542,19.096224,43.83636
9/26/2026 12:51,36038.418,41848.08,27.034725,27.748165,1.0192466,27.201252,7.132831,86.462875,137.48128,1.034151,7.655747,-60.811043,418.4944,17.731548,0,96,774.3542,18.787361,43.140656
9/26/2026 13:21,35382.492,41132.574,26.5205,28.262566,1.0188657,26.736174,7.1960526,86.87491,138.14525,0.74094945,7.6516385,-60.572624,415.4569,17.68095,0,96,774.3542,18.462269,42.4214
9/26/2026 13:51,34847.29,40609.45,26.142149,28.696636,1.0186019,26.396141,7.2834496,87.543274,139.22726,1.625612,7.6442237,-60.138702,408.82413,17.571096,0,96,774.3542,18.100166,41.612247
9/26/2026 14:21,34722.473,40548.293,26.094322,28.799791,1.0185868,26.35639,7.2641177,87.127464,138.58214,1.0349944,7.6255565,-59.084892,401.5619,17.47769,0,96,774.3542,17.706476,40.72185
9/26/2026 14:51,34127.69,39886.8,25.6218,29.301718,1.0182341,25.92642,7.2369075,86.49168,137.57722,0.9476539,7.609945,-58.21228,398.5578,17.440506,0,96,774.3542,17.32099,39.860985
9/26/2026 15:21,32766.902,38443.676,24.59121,30.5186,1.0174857,24.98839,7.2101254,85.35114,135.79187,0.97239214,7.57819,-56.419373,395.20087,17.268862,0,96,774.3542,16.932774,39.00997
9/26/2026 15:51,30459.574,35944.09,22.82207,32.8304,1.0161915,23.363659,7.2293644,84.24162,134.06882,0.95826924,7.5332456,-53.8826,393.70837,17.011276,0,96,774.3542,16.60903,38.323742
9/26/2026 16:21,23926.463,28412.613,17.618061,41.794727,1.0122787,18.468199,7.4545655,83.709984,133.26729,0.82363474,7.455247,-49.51954,382.45502,16.733355,0,96,774.3542,16.273228,37.703976
9/26/2026 16:51,19332.088,23074.764,14.030522,51.72747,1.009587,14.998596,7.4889565,81.914795,130.44423,0.6826855,7.3508782,-43.71643,391.7152,16.50797,0,96,774.3542,16.000114,37.179928
9/26/2026 17:21,16207.62,19438.604,11.638795,61.69937,1.0078026,12.635093,7.4899945,80.400375,128.06413,0.63252926,7.278882,-39.711,403.60275,16.297657,0,96,774.3542,15.825972,36.84566
9/26/2026 17:51,15391.14,18494.14,11.024777,64.97245,1.0073494,12.021192,7.4500737,79.54005,126.70587,0.6065155,7.2525554,-38.24711,411.89496,16.215553,0,96,774.3542,15.729084,36.640438
9/26/2026 18:21,14378.44,17326.459,10.269992,69.54857,1.0067961,11.262198,7.4508367,78.98266,125.83594,0.4505435,7.2357335,-37.30297,413.9835,16.091858,0,96,774.3542,15.7820635,36.782307
9/26/2026 18:51,34247.375,39734.035,25.527597,29.199318,1.0180874,25.827122,6.5887227,79.20656,125.937096,1.4699732,7.5605316,-55.537224,401.2281,17.770435,0,96,774.3542,15.913594,36.677902
9/26/2026 19:21,34140.047,39627.293,25.450848,29.291115,1.0180334,25.757742,6.8534694,82.31887,130.88898,1.0333842,7.616649,-58.646202,398.74854,17.75019,0,96,774.3542,16.19667,37.32301
9/26/2026 19:51,34385.56,39874.73,25.62862,29.081976,1.0181594,25.918575,6.8298817,82.190834,130.67838,1.4792341,7.6332555,-59.576035,397.9713,17.792646,0,96,774.3542,16.5436,38.10296
9/26/2026 20:21,34425.73,39996.918,25.711868,29.04804,1.0182425,25.997997,6.997944,84.11618,133.75398,1.4572423,7.645951,-60.26268,402.96857,17.707308,0,96,774.3542,16.903885,38.917316
9/26/2026 20:51,35019.65,40722.797,26.227335,28.555399,1.0186449,26.469818,6.929088,83.48286,132.75356,0.9148742,7.6369843,-59.757233,409.7921,17.667639,0,96,774.3542,17.320784,39.844204
9/26/2026 21:21,34863.742,40566.047,26.114317,28.683094,1.0185648,26.367931,6.9721174,83.900024,133.42151,1.0851527,7.6387196,-59.84783,412.65314,17.6404,0,96,774.3542,17.800537,40.934334
9/26/2026 21:51,34979.676,40738.297,26.235304,28.58803,1.0186667,26.479895,7.0720196,85.096054,135.33047,1.2283193,7.653494,-60.658455,417.33566,17.599138,0,96,774.3542,18.118599,41.65071
9/26/2026 22:21,35605.19,41466.215,26.75527,28.085793,1.0190636,26.953041,7.102406,85.73045,136.33931,1.0249134,7.667597,-61.440468,416.69193,17.599762,0,96,774.3542,18.51493,42.532825
9/26/2026 22:51,35221.094,40997.1,26.421125,28.392076,1.0188029,26.648117,7.1826324,86.564735,137.66194,1.4353207,7.6769657,-61.96499,420.93103,17.623652,0,96,774.3542,18.710289,42.984863
9/26/2026 23:21,35565.91,41347.438,26.673996,28.116812,1.0189832,26.875835,7.1524167,86.424805,137.42981,1.4412341,7.679418,-62.11281,421.055,17.679163,0,96,774.3542,18.924704,43.463394
9/26/2026 23:51,35503.223,41219.867,26.58551,28.166456,1.0189021,26.792913,7.2910523,88.154976,140.17052,1.5635608,7.689074,-62.66117,425.2464,17.738922,0,96,774.3542,19.009613,43.65778
9/27/2026 0:21,36237.676,42009.2,27.15369,27.595589,1.0193199,27.30598,7.1235394,86.53792,137.58746,0.9463385,7.680645,-62.208176,426.50525,17.806953,0,96,774.3542,18.971512,43.554264
9/27/2026 0:51,35988.4,41697.133,26.931225,27.786732,1.0191444,27.103136,7.0443134,85.50234,135.93668,1.8236907,7.6831264,-62.351227,428.2457,17.831964,0,96,774.3542,18.882017,43.360313
9/27/2026 1:21,35069.027,40886.137,26.338608,28.51519,1.0187565,26.575989,7.0040603,84.25184,133.996,1.4412794,7.6448145,-60.167313,426.56723,17.551,0,96,774.3542,18.605469,42.749886
9/27/2026 1:51,34765.227,40671.215,26.178251,28.764374,1.018669,26.43629,6.906722,82.75293,131.63728,1.0124397,7.61604,-58.541298,427.72595,17.397228,0,96,774.3542,18.330587,42.131504
9/27/2026 2:21,34714.215,40700.92,26.194876,28.806643,1.0187039,26.455599,6.84531,81.86848,130.24619,0.6209187,7.5967674,-57.45411,425.0366,17.298943,0,96,774.3542,17.993568,41.367035
9/27/2026 2:51,34026.12,40033.875,25.71285,29.389187,1.0183705,26.022018,6.799758,80.8409,128.636,0.6386487,7.57398,-56.16188,424.00183,17.143099,0,96,774.3542,17.662035,40.628986
9/27/2026 3:21,33331.45,39327.434,25.20566,30.001696,1.0180109,25.562832,6.7690783,80.03277,127.369545,0.5701674,7.553304,-54.99363,421.07883,17.017635,0,96,774.3542,17.33263,39.89873
9/27/2026 3:51,32310.627,38244.473,24.433348,30.94957,1.0174516,24.858908,6.7765965,79.527214,126.586525,0.6677915,7.535422,-53.977966,419.0332,16.876667,0,96,774.3542,16.982878,39.126225
9/27/2026 4:21,31513.34,37396.81,23.831097,31.732594,1.017016,24.307924,6.724489,78.452286,124.892555,0.33440992,7.5179496,-52.990913,416.20557,16.763065,0,96,774.3542,16.717829,38.54119
9/27/2026 4:51,28517.105,34017.652,21.46028,35.066673,1.0152532,22.111473,6.889817,78.87477,125.59927,0.7384869,7.48927,-51.3649,410.70764,16.534197,0,96,774.3542,16.484024,38.07727
9/27/2026 5:21,25160.244,30123.756,18.77237,39.745243,1.0132332,19.580442,6.8915935,77.3684,123.22384,0.5722248,7.432868,-48.22254,407.18857,16.373264,0,96,774.3542,16.283754,37.694286
9/27/2026 5:51,21690.502,26114.281,16.048672,46.10313,1.0112014,16.974281,7.0872545,77.876015,124.06724,0.7776628,7.393663,-46.019554,412.0428,16.13085,0,96,774.3542,16.18613,37.546673
9/27/2026 6:21,21335.072,25695.371,15.767232,46.871178,1.0109894,16.70199,7.0565686,77.38217,123.28266,0.5290852,7.3651786,-44.44599,416.86835,16.115602,0,96,774.3542,16.217535,37.62549
9/27/2026 6:51,31933.28,37455.95,23.894684,31.315292,1.0169516,24.346367,6.8260226,80.48373,128.04611,0.7630649,7.560585,-55.446625,409.11975,17.280397,0,96,774.3542,16.316093,37.63325
9/27/2026 7:21,34044.254,39852.418,25.594187,29.373533,1.018229,25.904072,7.0245814,83.82411,133.34583,0.85761005,7.6089106,-58.140755,397.04147,17.369537,0,96,774.3542,16.537794,38.088108
9/27/2026 7:51,34354.918,40236.57,25.866365,29.107914,1.0184422,26.15377,6.979975,83.39152,132.6614,0.81190336,7.6117473,-58.293343,401.7574,17.346764,0,96,774.3542,16.895254,38.89203
9/27/2026 8:21,34383.363,40246.152,25.874382,29.083834,1.0184423,26.16,6.876458,82.201,130.76321,1.2668746,7.6155252,-58.50792,409.0387,17.373127,0,96,774.3542,17.192392,39.56491
9/27/2026 8:51,34116.17,39976.016,25.68006,29.311613,1.0183045,25.984411,6.9929986,83.41851,132.70782,1.108311,7.619831,-58.7368,415.07068,17.325445,0,96,774.3542,17.573067,40.429806
9/27/2026 9:21,34527.33,40374.668,25.9679,28.962566,1.0185038,26.243534,6.97066,83.446106,132.7366,0.72129023,7.6356745,-59.633255,418.2226,17.417437,0,96,774.3542,18.019394,41.43367
9/27/2026 9:51,35012.457,40835.99,26.302021,28.561264,1.0187324,26.543392,7.0867915,85.19953,135.50616,0.7281227,7.6544285,-60.6966,418.84247,17.533623,0,96,774.3542,18.344894,42.15967
9/27/2026 10:21,35630.008,41473.68,26.761686,28.06623,1.0190631,26.957891,7.134878,86.16446,137.02551,0.83131623,7.6676803,-61.450005,417.72668,17.622997,0,96,774.3542,18.716255,42.98847
9/27/2026 10:51,35674,41447.336,26.746723,28.03162,1.0190324,26.94077,7.2696896,87.9278,139.81493,0.8379011,7.6824913,-62.289238,419.9535,17.707159,0,96,774.3542,18.941977,43.500507
9/27/2026 11:21,35385.715,41092.35,26.493942,28.25999,1.0188344,26.710028,7.167789,86.60047,137.70049,1.2405654,7.6799135,-62.150955,420.19193,17.72914,0,96,774.3542,19.077816,43.816193
9/27/2026 11:51,35741.293,41471.805,26.766895,27.978842,1.0190343,26.956673,7.2424664,87.70815,139.45537,0.7390083,7.680203,-62.174797,425.04135,17.765526,0,96,774.3542,19.151388,43.974663
9/27/2026 12:21,35932.19,41689.215,26.922718,27.830198,1.0191523,27.09799,7.1174245,86.28212,137.18718,0.9003283,7.67202,-61.7218,424.7171,17.769957,0,96,774.3542,19.057405,43.75691
9/27/2026 12:51,35630.465,41338.812,26.67198,28.06587,1.0189608,26.870228,7.1054063,86.00728,136.75015,0.9450962,7.664798,-61.32126,424.90784,17.770319,0,96,774.3542,18.879452,43.361824
9/27/2026 13:21,35016.1,40615.023,26.155561,28.55829,1.0185637,26.399765,7.0404916,84.977486,135.1107,1.644048,7.6338944,-59.609413,421.2219,17.782537,0,96,774.3542,18.587835,42.718037
9/27/2026 13:51,35396.656,41048.56,26.465448,28.251257,1.0187982,26.681564,6.8966656,83.41061,132.61798,0.5068629,7.6160703,-58.62236,421.54614,17.791193,0,96,774.3542,18.231436,41.901676
9/27/2026 14:21,35294.918,40933.92,26.383398,28.332691,1.0187366,26.60705,6.898831,83.38963,132.58522,0.8682369,7.6106687,-58.321953,418.8806,17.7875,0,96,774.3542,17.84339,41.025867
9/27/2026 14:51,34324.43,39834.57,25.598549,29.133768,1.0181444,25.892471,6.881334,82.739265,131.55615,0.5371965,7.5938416,-57.382584,415.31863,17.757824,0,96,774.3542,17.412903,40.073547
9/27/2026 15:21,32549.443,37891.07,24.215418,30.722492,1.0171207,24.629196,6.8795404,81.81187,130.10428,0.49802825,7.566212,-55.823326,409.75873,17.619204,0,96,774.3542,16.9941,39.1645
9/27/2026 15:51,29972.07,34998.34,22.178844,33.364395,1.0155982,22.74892,6.8687143,80.47015,127.9927,0.6660882,7.533995,-54.011345,404.9665,17.480913,0,96,774.3542,16.599178,38.324646
9/27/2026 16:21,26545.176,31128.457,19.490849,37.671627,1.0135901,20.233498,6.930417,79.59049,126.62331,0.84911025,7.4735875,-50.63057,402.48694,17.291222,0,96,774.3542,16.241482,37.58353
9/27/2026 16:51,20268.941,23784.717,14.518874,49.336567,1.0098087,15.460066,7.1646996,79.80437,126.96831,0.75157106,7.386972,-45.82882,403.83163,17.26091,0,96,774.3542,15.913097,36.97377
9/27/2026 17:21,16151.398,18957.227,11.342263,61.914143,1.0073919,12.322198,7.133205,77.93248,123.99168,0.77594095,7.309587,-41.542053,404.9379,17.250872,0,96,774.3542,15.654832,36.470016
9/27/2026 17:51,15101.204,17745.617,10.556944,66.21989,1.0068043,11.534651,7.1080127,77.20817,122.84726,1.3218838,7.2642484,-39.024353,408.28052,17.19802,0,96,774.3542,15.45093,36.02324
9/27/2026 18:21,13759.259,16203.442,9.565143,72.67834,1.0060676,10.532238,6.9448924,74.84124,119.09509,0.47267616,7.2016735,-35.54821,416.98758,17.102434,0,96,774.3542,15.361502,35.844368
9/27/2026 18:51,12882.664,15191.608,8.919685,77.623695,1.0055873,9.874545,6.8519235,73.46291,116.9103,0.62154365,7.146225,-32.47261,424.07812,17.042503,0,96,774.3542,15.409663,35.971615
9/27/2026 19:21,34014.29,39420.562,25.3069,29.399408,1.0179079,25.623367,5.979745,71.85908,114.2476,1.6520245,7.503296,-52.371025,405.08093,17.819712,0,96,774.3542,15.560607,35.884983
9/27/2026 19:51,35652.336,41040.723,26.474585,28.048653,1.0187275,26.67647,6.541278,79.62914,126.55142,1.0857491,7.6226683,-59.056282,415.97668,18.125986,0,96,774.3542,15.892794,36.609474
9/27/2026 20:21,34921.035,40280.383,25.927813,28.636036,1.018332,26.18225,6.7515264,81.774605,129.97653,0.77291274,7.6378617,-59.88121,416.19125,18.033976,0,96,774.3542,16.230537,37.38769
9/27/2026 20:51,35495.977,40968.176,26.417543,28.172207,1.0187119,26.629314,6.8859386,83.60401,132.88893,0.5750485,7.662612,-61.249733,419.54343,18.006702,0,96,774.3542,16.653969,38.33001
9/27/2026 21:21,35397.895,40840.574,26.327072,28.250267,1.0186393,26.546373,6.917185,83.96358,133.45772,0.6935691,7.6678762,-61.545372,421.63196,18.0227,0,96,774.3542,17.066917,39.270386
9/27/2026 21:51,35281.29,40671.445,26.207968,28.343636,1.0185393,26.436441,7.016853,85.17601,135.37813,0.90381044,7.673311,-61.855316,424.9126,18.061295,0,96,774.3542,17.519175,40.297764
9/27/2026 22:21,36019.258,41474.305,26.784285,27.762926,1.0189668,26.958298,7.0848193,86.38574,137.2916,0.858213,7.6870193,-62.627792,423.07678,18.113697,0,96,774.3542,17.953691,41.262398
9/27/2026 22:51,35849.62,41229.527,26.611454,27.894299,1.0188222,26.799192,7.1636977,87.34841,138.81178,0.8302761,7.6975384,-63.22384,427.05838,18.168234,0,96,774.3542,18.328022,42.117558
9/27/2026 23:21,36182.7,41565.367,26.854158,27.637518,1.018995,27.01749,7.177711,87.73368,139.41466,0.781605,7.7030864,-63.54332,427.23004,18.219957,0,96,774.3542,18.610138,42.749767
9/27/2026 23:51,36320.242,41704.52,26.954786,27.532856,1.0190669,27.107939,7.188317,87.95105,139.75636,1.2686564,7.706953,-63.762665,431.70752,18.240555,0,96,774.3542,18.827896,43.240597
9/28/2026 0:21,36481.25,41862.965,27.069664,27.41134,1.0191479,27.210928,7.1983833,88.1835,140.1205,1.1330432,7.7102723,-63.9534,433.03314,18.269346,0,96,774.3542,18.971788,43.562866
9/28/2026 0:51,36815.242,42243.656,27.343037,27.162663,1.0193557,27.458376,7.116452,87.327286,138.7595,1.791821,7.7042546,-63.619614,437.14825,18.272123,0,96,774.3542,18.919544,43.436237
9/28/2026 1:21,36580.555,41992.8,27.162052,27.336927,1.0192224,27.295322,6.9654603,85.349075,135.6197,1.3271452,7.6912894,-62.89482,434.4732,18.252089,0,96,774.3542,18.787811,43.14408
9/28/2026 1:51,36225.703,41710.08,26.953278,27.60471,1.0190951,27.11155,6.861998,83.75701,133.11343,0.3327275,7.6602244,-61.14006,433.86285,18.11581,0,96,774.3542,18.51542,42.53272
9/28/2026 2:21,35848.883,41320.875,26.672384,27.894873,1.0188923,26.85857,6.6900053,81.443306,129.44452,0.3755769,7.6277795,-59.32808,429.92892,18.06666,0,96,774.3542,18.204517,41.837166
9/28/2026 2:51,35870.395,41428.816,26.745604,27.878143,1.0189694,26.928732,6.537728,79.48475,126.34642,0.30094048,7.6038914,-57.9834,429.35196,17.975496,0,96,774.3542,17.812412,40.94621
9/28/2026 3:21,35004.19,40514.695,26.088228,28.568007,1.0184902,26.334553,6.4594154,78.07777,124.12524,0.8215936,7.5818114,-56.738853,425.25592,17.878927,0,96,774.3542,17.420376,40.077736
9/28/2026 3:51,34329.645,39884.19,25.631716,29.129343,1.018181,25.924725,6.3337426,76.097626,121.00342,0.36186674,7.554984,-55.217743,423.35812,17.708542,0,96,774.3542,17.038528,39.22406
9/28/2026 4:21,32911.43,38370.555,24.55144,30.38458,1.0173923,24.94086,6.3339257,75.37566,119.87914,0.083407864,7.531179,-53.868294,417.5407,17.551111,0,96,774.3542,16.668022,38.41435
9/28/2026 4:51,29996.268,35122.38,22.260946,33.337482,1.0156877,22.829546,6.3204064,73.90524,117.56865,0.6802704,7.481639,-51.088333,414.09793,17.358639,0,96,774.3542,16.342358,37.73818
9/28/2026 5:21,21795.156,25726.89,15.811557,45.881756,1.0108471,16.722479,6.5036874,72.62517,115.58327,0.34605893,7.3207536,-42.123795,409.84454,16.998644,0,96,774.3542,16.033585,37.211143
9/28/2026 5:51,17424.822,20641.166,12.433861,57.389393,1.0083042,13.416759,6.5213675,71.12642,113.21942,0.42414773,7.2117367,-36.07273,420.86902,16.84179,0,96,774.3542,15.788215,36.741016
9/28/2026 6:21,14809.838,17586.676,10.447509,67.52268,1.006811,11.431339,6.5965824,70.931366,112.9236,0.8247637,7.1575475,-33.06389,425.43237,16.733278,0,96,774.3542,15.63488,36.443493
9/28/2026 6:51,11473.62,13671.389,7.954105,87.15645,1.0049375,8.886403,6.6838903,70.57711,112.37963,0.8180475,7.1134076,-30.608177,429.60468,16.583416,0,96,774.3542,15.583849,36.394108
9/28/2026 7:21,9605.061,11464.082,6.578147,104.111786,1.0039008,7.451653,6.7046366,70.102684,111.6339,0.38000065,7.075131,-28.486252,432.63736,16.50992,0,96,774.3542,15.690824,36.67708
9/28/2026 7:51,35845.58,41226.332,26.609098,27.897444,1.0188208,26.797117,6.5977774,80.44447,127.84051,0.89223266,7.602863,-57.964325,415.57614,18.166628,0,96,774.3542,15.903204,36.629852
9/28/2026 8:21,35065.89,40453.855,26.051212,28.517742,1.0184278,26.295008,6.7656198,81.99459,130.32741,0.72547626,7.624061,-59.113503,420.23007,18.02681,0,96,774.3542,16.246344,37.420444
9/28/2026 8:51,36107.438,41583.914,26.862387,27.695126,1.0190283,27.029545,6.872931,83.827126,133.22675,0.65536076,7.653483,-60.76336,423.12924,18.10487,0,96,774.3542,16.624952,38.25516
9/28/2026 9:21,35968.52,41458.113,26.770653,27.80209,1.0189672,26.947775,6.9321055,84.441635,134.20988,0.41990417,7.6636705,-61.32126,422.97186,18.06738,0,96,774.3542,17.023378,39.15913
9/28/2026 9:51,35713.41,41245.95,26.614841,28.000687,1.0188693,26.809866,7.0873833,86.10272,136.86583,0.25127712,7.683339,-62.394142,424.42145,17.977205,0,96,774.3542,17.463621,40.158615
9/28/2026 10:21,36052.43,41630.08,26.890139,27.737381,1.0190775,27.05955,7.096901,86.37421,137.29597,0.13102986,7.689492,-62.737465,423.07678,17.985275,0,96,774.3542,17.916548,41.176033
9/28/2026 10:51,35962.996,41496.71,26.7961,27.80636,1.018998,26.972862,7.1226983,86.69424,137.79886,0.20393063,7.6925426,-62.913895,424.82202,18.01816,0,96,774.3542,18.302101,42.05219
9/28/2026 11:21,35756.773,41238.684,26.612423,27.96673,1.0188528,26.805143,7.0847945,86.174484,136.96883,0.71691674,7.691512,-62.861443,426.53384,18.040247,0,96,774.3542,18.6457,42.834908
9/28/2026 11:51,36212.617,41737.105,26.970606,27.614685,1.019119,27.129118,7.0620456,86.13185,136.89583,0.28052232,7.693028,-62.95204,428.5747,18.06995,0,96,774.3542,18.894224,43.38841
9/28/2026 12:21,36337.453,41861.945,27.061016,27.519815,1.0191833,27.210264,7.0636635,86.232475,137.05211,0.29776365,7.691402,-62.86621,427.8833,18.090614,0,96,774.3542,19.06708,43.777718
9/28/2026 12:51,36113.19,41585.176,26.86356,27.690712,1.019028,27.030365,6.987937,85.24004,135.47128,0.78504324,7.6824803,-62.37507,434.37305,18.110733,0,96,774.3542,19.095432,43.8481
9/28/2026 13:21,36344.27,41845.938,27.050694,27.514654,1.0191692,27.19986,6.903373,84.31238,133.99594,0.39989844,7.6772213,-62.084198,432.6755,18.116524,0,96,774.3542,18.998068,43.62159
9/28/2026 13:51,35509.01,40839.76,26.33267,28.161865,1.01861,26.545845,7.1055856,86.49164,137.4506,0.76809126,7.684842,-62.51812,428.3649,18.166048,0,96,774.3542,18.783728,43.16026
9/28/2026 14:21,35747.152,41075.633,26.503086,27.974257,1.01873,26.699162,6.978075,85.09515,135.22398,0.46383393,7.668544,-61.621666,418.48962,18.208183,0,96,774.3542,18.492777,42.495632
9/28/2026 14:51,35816.695,41189.336,26.582811,27.91994,1.0187997,26.773067,6.778694,82.64402,131.33527,0.4267469,7.6389003,-59.96704,419.20963,18.170801,0,96,774.3542,18.134007,41.681026
9/28/2026 15:21,35486.816,40791.29,26.299124,28.17948,1.0185785,26.51434,6.8312054,83.17595,132.17702,0.2772069,7.6368484,-59.85737,416.01007,18.191658,0,96,774.3542,17.73789,40.792248
9/28/2026 15:51,34281.465,39410.855,25.315096,29.170282,1.0178298,25.617056,6.8542795,82.957085,131.8302,0.0998376,7.6239095,-59.137344,412.26212,18.185774,0,96,774.3542,17.306767,39.8457
9/28/2026 16:21,30710.426,35404.625,22.48361,32.562233,1.0157015,23.013006,6.775684,80.42746,127.83133,0.16968624,7.584016,-56.89621,400.90387,18.058266,0,96,774.3542,16.910429,39.027927
9/28/2026 16:51,26327.107,30455.38,19.046846,37.983665,1.0131197,19.795998,6.953834,80.613976,128.15326,0.16499491,7.5195217,-53.286552,392.3208,17.903063,0,96,774.3542,16.54406,38.29191
9/28/2026 17:21,19235.123,22351.125,13.576062,51.98823,1.0090005,14.528232,7.202479,80.47741,127.96896,0.73461723,7.391309,-46.138763,393.16956,17.70097,0,96,774.3542,16.206032,37.672607
9/28/2026 17:51,14252.825,16619.734,9.837413,70.16153,1.0061884,10.802828,7.318145,79.70288,126.76239,0.50047034,7.2407,-37.765503,401.58096,17.543686,0,96,774.3542,15.872421,37.01117
9/28/2026 18:21,12780.983,14933.325,8.76055,78.24124,1.0053865,9.706661,7.263253,78.45229,124.78736,0.1841662,7.1772327,-34.236908,406.2349,17.453922,0,96,774.3542,15.59423,36.402264
9/28/2026 18:51,10606.834,12436.291,7.1885037,94.27884,1.0042194,8.08359,7.266324,77.5011,123.29817,0.10430776,7.148291,-32.61566,425.64215,17.298096,0,96,774.3542,15.407915,36.01535
9/28/2026 19:21,8963.9795,10548.7705,6.0196857,111.557594,1.0033596,6.856701,7.1557074,75.53288,120.191055,0.60312563,7.089097,-29.320717,424.81723,17.134312,0,96,774.3542,15.315942,35.834564
9/28/2026 19:51,8557.911,10087.686,5.7367854,116.850945,1.0031575,6.556996,7.018901,73.85028,117.52422,0.050125472,7.0672593,-28.104782,428.4555,17.060328,0,96,774.3542,15.3723345,35.970917
9/28/2026 20:21,33752.918,39033.953,25.036459,29.627068,1.0176793,25.37207,6.237526,74.97569,119.187935,0.801101,7.5260067,-53.64895,396.85074,17.916576,0,96,774.3542,15.573553,35.922695
9/28/2026 20:51,35680.754,41130.387,26.535954,28.026314,1.018789,26.73475,6.881639,83.70173,133.03465,1.136906,7.658964,-61.059,403.9413,18.063013,0,96,774.3542,15.901358,36.62623
9/28/2026 21:21,35482.496,40913.992,26.380686,28.18291,1.0186738,26.594095,6.9773307,84.7647,134.72644,0.7121177,7.6715527,-61.75518,410.7458,18.049532,0,96,774.3542,16.235683,37.387226
9/28/2026 21:51,36142.973,41665.145,26.918636,27.667896,1.0190816,27.082346,7.0346437,85.75585,136.29984,0.2371156,7.6840467,-62.451363,417.0877,18.06089,0,96,774.3542,16.596428,38.187996
9/28/2026 22:21,36370.31,41937.4,27.113295,27.494955,1.0192326,27.25931,7.1332316,87.04101,138.34438,0.29541636,7.6973996,-63.19046,416.96375,18.04986,0,96,774.3542,17.017529,39.13612
9/28/2026 22:51,36376.766,41908.56,27.09438,27.490074,1.019209,27.240564,7.27272,88.79999,141.13301,0.3352101,7.7145905,-64.15367,418.22736,18.089174,0,96,774.3542,17.433865,40.07868
9/28/2026 23:21,35884.625,41357.44,26.698776,27.867088,1.0189114,26.882338,7.4070582,90.19577,143.35458,0.38434225,7.7269387,-64.83555,418.8711,18.071745,0,96,774.3542,17.798538,40.91608
9/28/2026 23:51,35833.35,41290.355,26.65116,27.906963,1.0188729,26.838732,7.383059,89.89287,142.87155,1.0266865,7.725444,-64.754486,421.4651,18.08054,0,96,774.3542,18.118633,41.642864
9/29/2026 0:21,36373.54,41914.895,27.098436,27.492514,1.0192147,27.24468,7.3506126,89.73446,142.6202,0.10065707,7.7252812,-64.74495,422.3806,18.078274,0,96,774.3542,18.36799,42.19286
9/29/2026 0:51,36165.76,41695.29,26.94005,27.650461,1.0190989,27.101938,7.3250785,89.300644,141.93466,0.4505549,7.7220187,-64.55898,427.1442,18.05667,0,96,774.3542,18.523327,42.550167
9/29/2026 1:21,35763.246,41248.82,26.619543,27.961668,1.0188589,26.811733,7.2974405,88.75999,141.07884,1.5611912,7.7152257,-64.17751,431.11627,18.037312,0,96,774.3542,18.529182,42.57355
9/29/2026 1:51,35970.15,41504.84,26.801926,27.80083,1.0190024,26.978146,7.124589,86.72072,137.8409,0.6129651,7.6873026,-62.623024,433.6101,18.0183,0,96,774.3542,18.438911,42.36248
9/29/2026 2:21,35704.617,41245.95,26.614347,28.007582,1.0188714,26.809866,7.006327,85.09942,135.27296,0.67131823,7.6782284,-62.10804,426.57678,17.966047,0,96,774.3542,18.235054,41.907394
9/29/2026 2:51,35921.344,41528.523,26.814974,27.838602,1.0190327,26.99354,6.885451,83.675224,133.01505,0.24048397,7.662642,-61.235428,426.7484,17.930893,0,96,774.3542,17.965267,41.290092
9/29/2026 3:21,35748.656,41351.215,26.686993,27.97308,1.0189407,26.87829,6.6428533,80.627205,128.17374,0.11018049,7.6266494,-59.23271,420.0584,17.906427,0,96,774.3542,17.633488,40.541897
9/29/2026 3:51,35442.27,41066.246,26.479818,28.214897,1.0188003,26.69306,6.547304,79.25139,125.998886,0.05020191,7.612664,-58.441162,420.211,17.8299,0,96,774.3542,17.261456,39.70596
9/29/2026 4:21,34540.71,40158.336,25.825409,28.951344,1.0183363,26.102919,6.3523583,76.36217,121.429,0.18049078,7.572636,-56.19049,412.75803,17.67608,0,96,774.3542,16.890396,38.88273
9/29/2026 4:51,32318.955,37701.938,24.0781,30.941595,1.017037,24.50626,6.2271276,73.85595,117.466,0.39457974,7.530751,-53.839684,404.79962,17.524744,0,96,774.3542,16.501373,38.049732
9/29/2026 5:21,28928.291,33902.918,21.409784,34.568237,1.0150473,22.036898,6.1202993,71.14184,113.17835,0.5751416,7.4571466,-49.72458,406.62592,17.317719,0,96,774.3542,16.161612,37.350487
9/29/2026 5:51,26839.91,31572.252,19.791721,37.25795,1.013849,20.521963,5.9982486,68.82058,109.50774,0.11454986,7.3834047,-45.614243,403.1927,17.152393,0,96,774.3542,15.82932,36.637123
9/29/2026 6:21,23044.729,27266.924,16.846392,43.39387,1.0116575,17.723501,6.0985675,68.382805,108.84541,0.24785139,7.283699,-40.05909,408.08502,16.89284,0,96,774.3542,15.581748,36.15094
9/29/2026 6:51,19019.535,22626.295,13.73687,52.577522,1.0093344,14.707091,6.063675,66.40401,105.72596,0.04997926,7.161853,-33.29277,426.75797,16.654152,0,96,774.3542,15.373142,35.756237
9/29/2026 7:21,17193.889,20484.883,12.326741,58.1602,1.0082718,13.315173,6.0760975,65.88695,104.910835,0.050360728,7.1186624,-30.899048,421.81793,16.588753,0,96,774.3542,15.272231,35.5621
9/29/2026 7:51,14499.417,17295.473,10.257103,68.96829,1.0067034,11.242057,6.170574,66.00686,105.10833,0.07130483,7.077502,-28.619766,425.0032,16.535912,0,96,774.3542,15.321091,35.72849
9/29/2026 8:21,33131.38,38480.746,24.636454,30.182867,1.0174186,25.012486,5.35676,63.992023,101.75249,0.6455344,7.412312,-47.307014,396.14502,17.721773,0,96,774.3542,15.519266,35.807873
9/29/2026 8:51,35517.543,40999.145,26.439383,28.1551,1.01873,26.649445,6.7019563,81.37028,129.33952,0.5679224,7.642368,-60.124397,403.46448,17.99998,0,96,774.3542,15.816018,36.434822
9/29/2026 9:21,35459.035,40884.344,26.35963,28.201557,1.0186571,26.574823,6.969946,84.66904,134.57393,0.21301931,7.67678,-62.04605,408.56186,18.05241,0,96,774.3542,16.154516,37.204784
9/29/2026 9:51,35942.727,41396.69,26.728205,27.82204,1.0189266,26.907848,7.3387637,89.432,142.13512,0.19296496,7.720807,-64.50176,407.84662,18.102158,0,96,774.3542,16.545568,38.079823
9/29/2026 10:21,36588.652,42098.06,27.232967,27.330877,1.0193009,27.363737,7.347545,89.88991,142.85439,0.20550519,7.729981,-65.021515,406.66882,18.148127,0,96,774.3542,16.956026,38.99358
9/29/2026 10:51,36612.402,42071.773,27.216694,27.313148,1.019275,27.346653,7.393085,90.53875,143.87473,0.13015753,7.7354984,-65.340996,409.74442,18.20611,0,96,774.3542,17.397787,39.994236
9/29/2026 11:21,36126.344,41493.734,26.803175,27.680632,1.0189544,26.970926,7.500843,91.66876,145.66638,0.9795254,7.7461395,-65.93704,411.0605,18.227528,0,96,774.3542,17.835484,40.99737
9/29/2026 11:51,36322.72,41714.44,26.961555,27.53098,1.019074,27.114388,7.511063,91.89002,146.01697,0.7414909,7.7486067,-66.075325,413.2587,18.23282,0,96,774.3542,18.195894,41.80844
9/29/2026 12:21,36556.4,41986.867,27.15675,27.354992,1.0192239,27.291464,7.533439,92.263855,146.61183,0.39488706,7.7521434,-66.27083,412.9392,18.228413,0,96,774.3542,18.510372,42.51407
9/29/2026 12:51,36738.273,42186.72,27.300638,27.21957,1.0193313,27.421366,7.574539,92.86468,147.5647,1.1448101,7.756566,-66.51878,416.34384,18.238184,0,96,774.3542,18.71487,42.973812
9/29/2026 13:21,36588.8,41995.56,27.164352,27.330767,1.0192224,27.297113,7.6475697,93.72149,148.92207,0.8457196,7.764374,-66.95747,418.16534,18.259375,0,96,774.3542,18.820198,43.21571
9/29/2026 13:51,36188.4,41514.137,26.820208,27.633165,1.0189543,26.984188,7.5209627,92.02243,146.21774,0.932844,7.7236886,-64.702034,425.45142,18.283386,0,96,774.3542,18.779728,43.13643
9/29/2026 14:21,36378.348,41681.152,26.94232,27.488878,1.0190343,27.092749,7.6028705,93.192215,148.06569,1.5127009,7.7550364,-66.456795,416.6061,18.339106,0,96,774.3542,18.637878,42.811558
9/29/2026 14:51,36776.34,41903.094,27.112476,27.191395,1.0191033,27.237011,7.7812967,95.9427,152.38448,1.2235787,7.764447,-67.038536,409.3105,18.594353,0,96,774.3542,18.384085,42.234295
9/29/2026 15:21,36614.094,41650.69,26.934479,27.311888,1.01895,27.07295,7.736726,95.42722,151.55077,0.3882416,7.7550564,-66.53309,403.55505,18.668861,0,96,774.3542,18.069277,41.52862
9/29/2026 15:51,36636.35,41556.707,26.87252,27.295294,1.0188711,27.01186,7.747963,95.77078,152.06953,0.32221642,7.7507467,-66.32328,400.40796,18.800995,0,96,774.3542,17.70299,40.70231
9/29/2026 16:21,36755.055,41534.61,26.86373,27.207142,1.0188224,26.997496,7.5847354,94.05876,149.316,0.11705053,7.727437,-65.06443,394.61438,18.975182,0,96,774.3542,17.295933,39.782295
9/29/2026 16:51,36188.33,40700.516,26.274609,27.633219,1.0183206,26.455336,7.59017,94.18894,149.47775,0.12976436,7.7185154,-64.6162,391.24313,19.195646,0,96,774.3542,16.890766,38.884563
9/29/2026 17:21,35056.63,39387.004,25.338491,28.525276,1.0175968,25.601551,7.3899755,91.27883,144.84984,0.7944378,7.6774445,-62.33692,390.237,19.243757,0,96,774.3542,16.501028,38.026978
9/29/2026 17:51,32905.59,36980.953,23.631641,30.389973,1.0163026,24.03762,7.1643944,87.57727,138.97841,0.10042843,7.613863,-58.789253,395.30103,19.230276,0,96,774.3542,16.137737,37.250633
9/29/2026 18:21,30585.527,34431.008,21.837692,32.6952,1.014958,22.380156,6.844167,82.653145,131.17818,0.5657247,7.538859,-54.593086,391.78195,19.152534,0,96,774.3542,15.811018,36.557335
9/29/2026 18:51,27067.904,30493.688,19.105595,36.944122,1.0128915,19.820898,6.695762,79.5062,126.18964,0.460162,7.457349,-50.04406,403.35956,19.118114,0,96,774.3542,15.502038,35.926907
9/29/2026 19:21,21288.246,23986.963,14.689999,46.974277,1.0095438,15.591526,6.770936,78.3047,124.2841,0.60862964,7.320303,-42.40513,415.30432,19.109547,0,96,774.3542,15.294183,35.568443
9/29/2026 19:51,18849.096,21301.94,12.904225,53.052944,1.0082201,13.84626,6.6787686,76.217834,120.9946,0.09150345,7.2449036,-38.18512,420.3731,18.971386,0,96,774.3542,15.174349,35.340496
9/29/2026 20:21,15463.705,17566.281,10.461426,64.66756,1.0064182,11.418082,6.6734543,74.70808,118.635864,0.14675641,7.181721,-34.63745,425.11288,18.733305,0,96,774.3542,15.197695,35.45613
9/29/2026 20:51,15584.168,17718.53,10.559361,64.16769,1.0065011,11.517044,6.5218983,72.99611,115.92348,0.15043616,7.130824,-31.80027,433.75317,18.693228,0,96,774.3542,15.374241,35.857986
9/29/2026 21:21,36264.35,41484.45,26.804462,27.575289,1.018912,26.964891,7.2198634,88.54772,140.673,0.7943998,7.704821,-63.681602,394.6382,18.411903,0,96,774.3542,15.658783,36.073368
9/29/2026 21:51,36129.703,41363.125,26.716,27.678057,1.0188531,26.88603,7.4890895,91.73746,145.74733,2.0427659,7.7346425,-65.33146,402.08163,18.375715,0,96,774.3542,15.975309,36.79171
9/29/2026 22:21,36588.21,41893.74,27.096113,27.331207,1.0191443,27.23093,7.428983,91.19753,144.89073,0.21859397,7.7244596,-64.76402,400.04077,18.369501,0,96,774.3542,16.306568,37.5308
9/29/2026 22:51,36318.035,41570.89,26.86523,27.534529,1.0189649,27.02108,7.8600507,96.383446,153.1269,0.4201658,7.782213,-67.977905,402.2533,18.384344,0,96,774.3542,16.689793,38.40424
9/29/2026 23:21,36451.918,41699.945,26.95889,27.4334,1.01903,27.104963,7.842752,96.27412,152.94789,1.25531,7.780301,-67.87777,403.12592,18.410883,0,96,774.3542,17.101254,39.332462
9/29/2026 23:51,36327.77,41628.156,26.904097,27.527151,1.0190065,27.058302,7.7256923,94.66604,150.40842,0.9145017,7.770072,-67.29126,407.34592,18.333666,0,96,774.3542,17.492075,40.219467
9/30/2026 0:21,36682.574,42073.754,27.221886,27.2609,1.0192587,27.34794,7.516436,92.202545,146.50243,0.7392262,7.7500844,-66.17069,406.87384,18.291286,0,95,774.3542,17.831125,40.975853
9/30/2026 0:51,36488.055,41868.105,27.073484,27.406229,1.01915,27.21427,7.441705,91.1715,144.86777,0.9966012,7.74304,-65.77492,411.56592,18.272251,0,95,774.3542,18.119074,41.632587
9/30/2026 1:21,36288.55,41645.547,26.913595,27.5569,1.0190297,27.069605,7.3997335,90.55839,143.89485,1.1825497,7.7374907,-65.46497,411.9617,18.26528,0,95,774.3542,18.33365,42.12288
9/30/2026 1:51,36580.395,41989.57,27.159885,27.337048,1.0192199,27.29322,7.377931,90.40774,143.65732,1.0276221,7.7365866,-65.41252,419.0189,18.2554,0,95,774.3542,18.43928,42.354652
9/30/2026 2:21,36692.63,42129.438,27.259745,27.25343,1.0192989,27.384134,7.2322755,88.65558,140.87538,1.9805369,7.7283964,-64.95476,420.43033,18.24345,0,95,774.3542,18.412304,42.29079
9/30/2026 2:51,36522.426,41938.18,27.122278,27.380438,1.0191951,27.259817,7.0688944,86.57397,137.5684,1.1096882,7.7066164,-63.74359,422.95758,18.23892,0,95,774.3542,18.294743,42.02916
9/30/2026 3:21,36247.957,41652.11,26.915754,27.58776,1.0190451,27.07387,6.9676056,85.17599,135.35263,0.5573226,7.6839113,-62.475204,414.7226,18.207067,0,95,774.3542,18.039734,41.457497
9/30/2026 3:51,36025.934,41464.81,26.778309,27.757782,1.0189577,26.952126,6.7846575,82.752846,131.5147,0.7854921,7.658015,-61.02085,412.82477,18.13254,0,95,774.3542,17.757841,40.82269
9/30/2026 4:21,36171.812,41656.305,26.914343,27.645836,1.0190675,27.0766,6.7093167,81.860146,130.1003,0.3872395,7.6419706,-60.124397,407.1695,18.106775,0,95,774.3542,17.408363,40.027832
9/30/2026 4:51,35544.832,40953.12,26.410227,28.133486,1.018688,26.619528,6.6639566,81.028625,128.78224,0.5992857,7.6265073,-59.261322,405.5435,18.08584,0,95,774.3542,17.05428,39.240517
9/30/2026 5:21,34897.86,40260.523,25.913328,28.655052,1.0183227,26.16934,6.574984,79.61742,126.549065,0.111363105,7.6051693,-58.06446,397.89026,18.026226,0,95,774.3542,16.682821,38.41328
9/30/2026 5:51,32993.902,38115.59,24.387884,30.30863,1.0171739,24.775133,6.391725,76.60216,121.766,0.18172081,7.5526476,-55.13668,403.8364,17.96479,0,95,774.3542,16.336489,37.669884
9/30/2026 6:21,30979.887,35858.1,22.794899,32.279007,1.0159795,23.307766,6.1848745,73.29339,116.51945,0.10942392,7.4829164,-51.250458,401.79077,17.87737,0,95,774.3542,16.013903,36.981087
9/30/2026 6:51,29071.26,33696.855,21.283627,34.398235,1.0148425,21.902956,6.090022,71.4278,113.56288,0.32663876,7.4295774,-48.279762,403.49786,17.813047,0,95,774.3542,15.73368,36.385353
9/30/2026 7:21,24314.426,28297.232,17.564817,41.12785,1.0120504,18.393202,6.0731034,69.40674,110.37496,0.18326601,7.297426,-40.922165,416.80637,17.630945,0,95,774.3542,15.521554,35.99972
9/30/2026 7:51,22453.936,26177.521,16.128204,44.53562,1.0109733,17.01539,6.0001965,67.87852,107.95528,0.050427604,7.2194314,-36.587715,422.8622,17.55269,0,95,774.3542,15.387706,35.732185
9/30/2026 8:21,20898.354,24368.484,14.914395,47.85066,1.0100514,15.839516,5.957488,66.89427,106.39101,0.04892547,7.1772127,-34.246445,425.38943,17.544374,0,95,774.3542,15.378571,35.743786
9/30/2026 8:51,18717.99,21817.559,13.22083,53.424538,1.0087591,14.181413,5.9031844,65.63642,104.388214,0.04386153,7.1276283,-31.499863,429.97662,17.561905,0,95,774.3542,15.497518,36.06076
9/30/2026 9:21,36354.05,41571.695,26.867704,27.507252,1.0189562,27.021603,6.6094775,81.11841,128.86743,0.1529545,7.626624,-59.337616,401.54758,18.428818,0,95,774.3542,15.749621,36.277073
9/30/2026 9:51,36264.082,41488.21,26.806963,27.575495,1.0189149,26.967337,7.13063,87.4471,138.9253,1.0429361,7.6942887,-63.095093,405.42426,18.407413,0,95,774.3542,16.090736,37.05127
9/30/2026 10:21,37161.793,42464.16,27.509922,26.909359,1.0194379,27.601704,7.5466795,93.03705,147.79521,0.28327146,7.7433825,-65.83691,397.9141,18.46247,0,95,774.3542,16.439653,37.821243
9/30/2026 10:51,36636.203,41878.414,27.088438,27.295404,1.0191203,27.22097,7.9125943,97.27243,154.5267,0.6132263,7.781525,-67.95406,399.90726,18.446234,0,95,774.3542,16.820871,38.695145
9/30/2026 11:21,36754.547,42006.227,27.180527,27.207518,1.0191886,27.304049,7.9475718,97.77145,155.31778,0.55569047,7.786293,-68.22109,397.57553,18.454374,0,95,774.3542,17.275537,39.721348
9/30/2026 11:51,36780.49,41975.574,27.16135,27.188328,1.0191584,27.284124,8.120601,100.01402,158.86649,0.7703158,7.804536,-69.25106,398.82483,18.520184,0,95,774.3542,17.693136,40.667755
9/30/2026 12:21,37240.008,42518.402,27.550596,26.85284,1.0194597,27.636963,8.103552,99.99864,158.84622,0.45898578,7.80402,-69.21768,398.05713,18.500324,0,95,774.3542,18.077074,41.52447
9/30/2026 12:51,36777.92,41987.105,27.168953,27.190226,1.0191679,27.291618,8.188713,100.82708,160.16135,0.90169823,7.812577,-69.69452,401.30438,18.504383,0,95,774.3542,18.411736,42.294083
9/30/2026 13:21,36685.152,41862.31,27.080256,27.258984,1.0190954,27.2105,8.320497,102.43599,162.71262,0.9482016,7.823548,-70.30964,400.37457,18.525074,0,95,774.3542,18.66034,42.859974
9/30/2026 13:51,36619.91,41746.176,26.998867,27.307549,1.0190223,27.135015,8.41791,103.67534,164.67125,1.5220329,7.831407,-70.757866,403.99854,18.570887,0,95,774.3542,18.824993,43.23634
9/30/2026 14:21,37090.56,42246.652,27.359951,26.961039,1.0192882,27.460323,8.4129505,103.9154,165.04398,0.90311795,7.8266935,-70.50514,408.13748,18.610083,0,95,774.3542,18.83787,43.254833
9/30/2026 14:51,36965.76,42026.586,27.20543,27.05206,1.01915,27.31728,8.524819,105.37081,167.33653,1.406959,7.8486013,-71.74492,405.67224,18.69531,0,95,774.3542,18.761082,43.087368
9/30/2026 15:21,36774.375,41644.375,26.938536,27.192848,1.0189029,27.068844,8.559076,105.99202,168.282,1.828892,7.8385496,-71.229935,393.4461,18.877352,0,95,774.3542,18.553095,42.626072
9/30/2026 15:51,37121.63,41956.24,27.166155,26.938473,1.0190547,27.271557,8.587286,106.66677,169.33282,1.5089273,7.8389273,-71.27285,389.66956,18.967022,0,95,774.3542,18.276815,41.993965
9/30/2026 16:21,37198.125,41979.82,27.185923,26.883076,1.0190529,27.286884,8.466607,105.31826,167.1763,0.9389963,7.8220205,-70.347786,384.80106,19.03641,0,95,774.3542,17.928576,41.20586
9/30/2026 16:51,36916.55,41632.438,26.937717,27.088121,1.0188559,27.061085,8.445776,104.96964,166.61546,1.9687432,7.810068,-69.68975,383.9952,19.069405,0,95,774.3542,17.544315,40.34362
9/30/2026 17:21,36639.02,41199.56,26.63244,27.293306,1.0185907,26.779715,8.293264,103.1502,163.69724,0.8682717,7.7925544,-68.74561,376.07495,19.20451,0,95,774.3542,17.143373,39.446095
9/30/2026 17:51,36726.617,41193.652,26.63274,27.228209,1.0185621,26.775875,8.062259,100.50057,159.46643,0.6891336,7.7759824,-67.84916,378.23978,19.322517,0,95,774.3542,16.77613,38.615288
9/30/2026 18:21,35731.027,40100.76,25.84949,27.986881,1.017973,26.065495,7.7691045,96.34658,152.88104,1.2988168,7.724963,-64.99767,380.17096,19.294825,0,95,774.3542,16.393286,37.769436
9/30/2026 18:51,33381.7,37519.094,24.011835,29.956533,1.0165924,24.387411,7.4027495,90.68908,143.91736,1.1868604,7.648944,-60.744286,385.57355,19.226473,0,95,774.3542,16.034067,37.005554
9/30/2026 19:21,31400.725,35358.477,22.486845,31.8464,1.015454,22.983011,7.1454487,86.60376,137.45059,1.3575481,7.59494,-57.71637,385.3542,19.139675,0,95,774.3542,15.726198,36.3461
9/30/2026 19:51,26967.941,30410.805,19.04744,37.081066,1.0128578,19.767023,7.0119386,83.15887,131.99521,0.44680613,7.487696,-51.727295,401.6477,19.072676,0,95,774.3542,15.45374,35.817944
9/30/2026 20:21,23308.438,26342.936,16.271208,42.90292,1.0107745,17.12291,6.790347,79.05408,125.49748,0.52276635,7.3729734,-45.318604,407.6654,18.969,0,95,774.3542,15.286438,35.50837
9/30/2026 20:51,19098.6,21686.969,13.155047,52.35986,1.0084581,14.09653,6.7322392,76.611275,121.655205,0.43340325,7.279088,-40.05909,417.09247,18.751236,0,95,774.3542,15.19173,35.370773
9/30/2026 21:21,15605.239,17816.135,10.620158,64.08104,1.0065874,11.580488,6.6730256,74.43334,118.23577,0.91211176,7.2002187,-35.63881,423.1769,18.50287,0,95,774.3542,15.269137,35.61343
9/30/2026 21:51,31414.645,35714.16,22.72232,31.832287,1.0157368,23.214205,5.7510853,69.21232,109.91398,1.1732674,7.4741535,-50.907135,408.5571,18.697023,0,95,774.3542,15.452242,35.71455
9/30/2026 22:21,36392.734,41198.984,26.619747,27.478012,1.0186566,26.779339,7.9961715,98.86097,156.957,1.3291656,7.773922,-67.63458,387.1948,18.892174,0,95,774.3542,15.738472,36.261024
9/30/2026 22:51,35726.52,40491.18,26.111134,27.990412,1.018282,26.319267,8.073958,99.42039,157.85645,1.0220052,7.7769685,-67.79194,390.7663,18.839186,0,95,774.3542,16.04304,36.964565
9/30/2026 23:21,35263.027,40033.117,25.78105,28.358315,1.0180492,26.021526,8.172927,100.293106,159.25868,0.66888523,7.7761784,-67.72995,381.18665,18.761591,0,95,774.3542,16.366228,37.70509
9/30/2026 23:51,35891.82,40710.094,26.266232,27.861502,1.0184088,26.461561,8.255067,101.67537,161.44458,1.0216414,7.805983,-69.39888,378.5831,18.803364,0,95,774.3542,16.750467,38.562344
10/1/2026 0:21,36695.57,41623.28,26.920307,27.251245,1.0189073,27.055132,8.377884,103.58793,164.48178,0.9864681,7.8232923,-70.36209,378.60693,18.801659,0,95,774.3542,17.132833,39.40899
10/1/2026 0:51,36872.023,41854.074,27.084572,27.120832,1.0190405,27.205149,8.467179,104.727356,166.29858,1.0187798,7.8418565,-71.38729,380.64304,18.767864,0,95,774.3542,17.507118,40.251514
10/1/2026 1:21,36540.367,41505.47,26.83314,27.366993,1.0188563,26.978554,8.534181,105.335846,167.27174,1.5891243,7.849617,-71.811676,383.27997,18.7369,0,95,774.3542,17.827394,40.98381
10/1/2026 1:51,36640.906,41627.227,26.920126,27.2919,1.0189247,27.057697,8.562528,105.7239,167.88986,1.6536925,7.8573647,-72.24083,387.01358,18.72853,0,95,774.3542,18.096048,41.589756
10/1/2026 2:21,36843,41867.86,27.092321,27.142199,1.0190588,27.21411,8.513054,105.19668,167.05533,1.7428467,7.8554487,-72.13116,390.62323,18.716381,0,95,774.3542,18.277319,41.993717
10/1/2026 2:51,36645.13,41653.93,26.938276,27.288757,1.0189443,27.075054,8.32172,102.71418,163.11568,1.9327269,7.8336535,-70.91522,397.81396,18.704294,0,95,774.3542,18.340982,42.143482
10/1/2026 3:21,36398.883,41376.74,26.73939,27.473372,1.0187935,26.89488,8.222477,101.36296,160.97052,2.0503926,7.8305817,-70.74356,403.25943,18.701273,0,95,774.3542,18.290987,42.036865
10/1/2026 3:51,36354.875,41331.113,26.706482,27.506628,1.0187696,26.865225,8.085351,99.643814,158.24144,1.5439488,7.805926,-69.37027,399.07758,18.69637,0,95,774.3542,18.111502,41.631275
10/1/2026 4:21,36697.793,41731.875,26.993376,27.249596,1.018991,27.125717,7.7947087,96.204475,152.78198,1.0832149,7.7741013,-67.596436,397.27036,18.684336,0,95,774.3542,17.843454,41.016094
10/1/2026 4:51,36342.97,41333.76,26.707644,27.515638,1.0187747,26.866945,7.4720893,92.05495,146.1933,0.87526524,7.7339377,-65.36007,395.94952,18.678337,0,95,774.3542,17.54736,40.353836
10/1/2026 5:21,36018.086,40982.508,26.455267,27.76383,1.0185874,26.63863,7.365302,90.56731,143.8347,1.0272617,7.714139,-64.25381,393.71793,18.657848,0,95,774.3542,17.227606,39.637005
10/1/2026 5:51,35732.266,40718.66,26.263723,27.98591,1.018458,26.46713,7.145363,87.64645,139.20874,0.63721585,7.6799555,-62.33692,394.7622,18.588501,0,95,774.3542,16.88234,38.860344
10/1/2026 6:21,34376.45,39270.6,25.226875,29.089684,1.017695,25.525892,6.9130487,84.09048,133.58078,0.7292245,7.6275697,-59.399605,393.12665,18.475056,0,95,774.3542,16.52265,38.073944
10/1/2026 6:51,32613.059,37376.91,23.879799,30.662563,1.0167035,24.29499,6.6068497,79.494385,126.3043,0.44568372,7.5582767,-55.51815,398.38617,18.326994,0,95,774.3542,16.189121,37.353436
10/1/2026 7:21,30412.031,34956.016,22.174389,32.881725,1.0154353,22.72141,6.3330693,75.23291,119.55414,0.5684222,7.489895,-51.693916,398.2002,18.194159,0,95,774.3542,15.890294,36.720062
10/1/2026 7:51,28632.29,32963.184,20.784061,34.925606,1.0143934,21.42607,6.0869884,71.60843,113.805145,0.51326436,7.4338937,-48.570633,404.76147,18.121162,0,95,774.3542,15.649076,36.208645
10/1/2026 8:21,24449.975,28251.025,17.541842,40.899837,1.0119631,18.363167,6.120393,70.38762,111.88872,0.23833258,7.317735,-42.095184,413.84045,17.955729,0,95,774.3542,15.469236,35.88477
10/1/2026 8:51,22053.7,25495.059,15.677778,45.34387,1.0105505,16.571789,6.1383066,69.7779,110.92275,0.3451786,7.2470913,-38.170815,420.12515,17.93291,0,95,774.3542,15.369755,35.70587
10/1/2026 9:21,19079.955,22043.629,13.377444,52.411026,1.0087955,14.328359,6.0915227,68.33623,108.6271,0.93940824,7.1832004,-34.627914,423.60608,17.960953,0,95,774.3542,15.404334,35.846313
10/1/2026 9:51,33225.207,37924.945,24.273874,30.09763,1.0169606,24.651215,6.0890136,73.69834,117.06684,0.6545677,7.523948,-53.64418,419.8009,18.511932,0,95,774.3542,15.58342,35.969334
10/1/2026 10:21,36142.47,41122.203,26.555344,27.668282,1.0186632,26.729433,7.6726627,94.40682,149.932,0.92615914,7.746095,-66.03241,390.53265,18.659893,0,95,774.3542,15.844372,36.501724
10/1/2026 10:51,35844.15,40695.777,26.254198,27.898556,1.0184104,26.452255,8.256758,101.60164,161.33723,0.89759785,7.792298,-68.6264,387.38553,18.758272,0,95,774.3542,16.159964,37.22591
10/1/2026 11:21,36243.3,41022.22,26.493464,27.591307,1.0185584,26.664442,8.6273155,106.601295,169.24402,1.1303293,7.839817,-71.30623,376.00818,18.900742,0,95,774.3542,16.484274,37.954124
10/1/2026 11:51,36517.637,41193.26,26.62219,27.384027,1.0186186,26.77562,8.695542,107.84647,171.18456,1.0379837,7.8461485,-71.697235,373.57153,19.057348,0,95,774.3542,16.872349,38.83015
10/1/2026 12:21,36774.74,41503.52,26.843803,27.19258,1.0187929,26.97729,8.90892,110.59148,175.54713,1.4171445,7.8692703,-72.97993,371.72144,19.034718,0,95,774.3542,17.272709,39.731316
10/1/2026 12:51,36726.746,41409.215,26.777927,27.228113,1.0187318,26.915989,9.162449,113.790695,180.61433,1.5504354,7.897907,-74.58687,371.4353,19.079689,0,95,774.3542,17.658468,40.60697
10/1/2026 13:21,36422.676,40961.844,26.461834,27.455423,1.0184624,26.625198,9.436279,117.2338,186.04929,1.7958204,7.920374,-75.86956,367.47757,19.198189,0,95,774.3542,17.992353,41.373394
10/1/2026 13:51,36251.445,40740.438,26.304535,27.585108,1.0183347,26.481285,9.606629,119.31287,189.34015,2.9718053,7.932536,-76.556206,367.69214,19.231142,0,95,774.3542,18.29016,42.05332
10/1/2026 14:21,36781.125,41358.76,26.746658,27.187859,1.0186775,26.883194,9.709482,120.848404,191.78377,2.6148207,7.9457455,-77.28577,366.74802,19.205173,0,95,774.3542,18.513288,42.544724
10/1/2026 14:51,36719.38,41300.715,26.704515,27.233576,1.0186485,26.845465,9.865954,122.73551,194.78198,2.5687997,7.961716,-78.17268,372.88968,19.192343,0,95,774.3542,18.637709,42.828007
10/1/2026 15:21,36455.13,41036.24,26.513475,27.430983,1.0185121,26.673555,9.800325,121.695,193.14055,3.495437,7.947608,-77.376366,381.98297,19.155197,0,95,774.3542,18.653015,42.868614
10/1/2026 15:51,36649.84,41251.516,26.667952,27.28525,1.0186286,26.813486,9.721405,120.836174,191.77634,3.1227736,7.9595637,-78.04394,376.7616,19.159601,0,95,774.3542,18.533457,42.592957
10/1/2026 16:21,36893.344,41387.113,26.77125,27.10516,1.0186692,26.901625,9.552455,119.15864,189.07349,2.1896622,7.9264984,-76.24149,371.1826,19.31524,0,95,774.3542,18.32088,42.1095
10/1/2026 16:51,36768.94,41201.094,26.639805,27.196867,1.0185564,26.78071,9.515867,118.72718,188.37515,2.3207536,7.9185586,-75.81234,369.5995,19.36787,0,95,774.3542,18.055387,41.51299
10/1/2026 17:21,36507.293,40792.34,26.351755,27.391787,1.0183048,26.51502,9.445256,117.93852,187.08946,2.4616787,7.911022,-75.4261,364.6547,19.500242,0,95,774.3542,17.715761,40.75402
10/1/2026 17:51,36781.223,41049.258,26.537975,27.187786,1.0184327,26.682016,9.095134,113.81231,180.52975,1.8081231,7.883254,-73.890686,366.50482,19.55636,0,95,774.3542,17.36296,39.94957
10/1/2026 18:21,36871.695,41018.47,26.521416,27.121075,1.0183828,26.662004,8.744708,109.72627,174.0116,1.8122884,7.8443184,-71.754456,367.30115,19.707054,0,95,774.3542,16.985203,39.096165
10/1/2026 18:51,36307.613,40331.977,26.03207,27.542433,1.0179938,26.215784,8.604066,107.788055,170.9212,1.8776884,7.8159304,-70.18566,366.5668,19.775867,0,95,774.3542,16.625374,38.29479
10/1/2026 19:21,34565.273,38304.324,24.590193,28.93077,1.0168706,24.897812,8.0665045,100.409004,159.19446,2.3286402,7.7442737,-66.20884,371.54498,19.889301,0,95,774.3542,16.279196,37.55139
10/1/2026 19:51,32692.055,36231.41,23.123196,30.588472,1.0157582,23.550417,7.606505,93.858635,148.80994,1.6209817,7.6677423,-61.93161,376.10355,19.885473,0,95,774.3542,15.966895,36.88257
10/1/2026 20:21,31133.207,34530.81,21.927368,32.120045,1.01486,22.445026,7.3179693,89.59988,142.06528,1.6962959,7.611382,-58.77495,379.86578,19.848513,0,95,774.3542,15.654732,36.20559
10/1/2026 20:51,26805.03,29753.977,18.61325,37.30643,1.0123565,19.340084,7.1152987,85.36753,135.36191,1.4127076,7.5083184,-53.009987,396.98425,19.810942,0,95,774.3542,15.422433,35.76384
10/1/2026 21:21,23712.338,26364.322,16.30055,42.17214,1.0106225,17.13681,6.8678946,81.16033,128.70493,1.875815,7.4126863,-47.655106,401.37592,19.733515,0,95,774.3542,15.255041,35.441624
10/1/2026 21:51,19912.287,22218.32,13.519332,50.22025,1.0085542,14.441908,6.821892,79.04576,125.38118,1.2921737,7.3081813,-41.794777,412.19058,19.56598,0,95,774.3542,15.204407,35.398083
10/1/2026 22:21,16965.182,19021.826,11.413552,58.944256,1.0070096,12.364187,6.5834656,75.00659,119.01185,0.99108034,7.2222395,-36.969185,417.5741,19.339254,0,95,774.3542,15.26376,35.587646
10/1/2026 22:51,33863.777,38136.562,24.445986,29.530079,1.0169446,24.788767,7.141743,87.56356,138.97496,2.3552887,7.6372247,-60.071945,387.0422,19.134083,0,95,774.3542,15.454134,35.677685
10/1/2026 23:21,36120.152,40666.23,26.248234,27.685375,1.0183122,26.43305,8.9192915,110.563576,175.47592,2.3372898,7.865858,-72.8178,374.48706,19.14712,0,95,774.3542,15.725314,36.245045
10/1/2026 23:51,36429.41,40927.844,26.439285,27.450348,1.0184338,26.6031,9.421302,117.13665,185.883,2.4723163,7.92691,-76.24626,374.78748,19.245481,0,95,774.3542,15.99245,36.844967
10/2/2026 0:21,36741.016,41326.668,26.723057,27.217539,1.018663,26.862335,9.633677,119.855,190.21109,2.7608032,7.9548817,-77.791214,365.72757,19.19052,0,95,774.3542,16.316523,37.570618
10/2/2026 0:51,37053.703,41640.164,26.949738,26.987856,1.0188252,27.066107,9.513092,118.60994,188.2241,2.1770039,7.937402,-76.828,365.36993,19.23324,0,95,774.3542,16.669573,38.364014
10/2/2026 1:21,36480.68,41006.504,26.494726,27.41177,1.0184817,26.654228,9.589656,119.21523,189.18771,2.748529,7.94199,-77.08073,364.9551,19.221548,0,95,774.3542,17.05165,39.24223
10/2/2026 1:51,36744.254,41349.73,26.73875,27.21514,1.0186802,26.877325,9.544019,118.70163,188.38634,3.2330768,7.942582,-77.0998,368.25006,19.168655,0,95,774.3542,17.39053,40.00254
10/2/2026 2:21,37051.645,41703.2,26.99213,26.989355,1.0188754,27.107079,9.530152,118.689,188.36842,2.8519232,7.939457,-76.92337,368.93192,19.160236,0,95,774.3542,17.697943,40.69101
10/2/2026 2:51,36683.41,41309.01,26.708323,27.260279,1.0186648,26.850859,9.518426,118.29183,187.74397,3.4760175,7.9424734,-77.085495,373.93872,19.137403,0,95,774.3542,17.927446,41.21875
10/2/2026 3:21,36495.22,41129.477,26.578182,27.40085,1.0185746,26.73416,9.4404545,117.15099,185.94261,3.8754427,7.933919,-76.59912,377.8297,19.100792,0,95,774.3542,18.101606,41.61638
10/2/2026 3:51,36729.848,41402.027,26.773241,27.225815,1.0187252,26.911318,9.347934,116.11752,184.30457,3.2141638,7.9277153,-76.25103,385.92163,19.091673,0,95,774.3542,18.145847,41.71054
10/2/2026 4:21,36983.082,41686.355,26.977365,27.03939,1.0188804,27.096132,9.167894,114.02209,180.97832,4.262164,7.9064884,-75.068474,389.83646,19.092916,0,95,774.3542,18.080467,41.5562
10/2/2026 4:51,36470.34,41100.09,26.557178,27.419542,1.0185581,26.715057,8.878816,110.17072,174.8631,3.4345715,7.8795776,-73.571205,385.19208,19.102318,0,95,774.3542,17.92321,41.21275
10/2/2026 5:21,36758.367,41435.38,26.797117,27.20469,1.0187438,26.932997,8.6968155,108.041985,171.48721,1.9227052,7.8572984,-72.32666,382.06403,19.090324,0,95,774.3542,17.691097,40.681145
10/2/2026 5:51,36686.875,41359.383,26.742403,27.257704,1.0187033,26.883598,8.355887,103.76274,164.69624,1.7254078,7.8264303,-70.60528,381.35352,19.085167,0,95,774.3542,17.41101,40.048275
10/2/2026 6:21,36515.715,41178.45,26.612135,27.38547,1.0186075,26.765991,8.208488,101.82706,161.62683,2.0377097,7.8040686,-69.355965,380.58105,19.0716,0,95,774.3542,17.0887,39.321507
10/2/2026 6:51,36461.65,41167.684,26.602192,27.426077,1.0186137,26.758995,7.98865,98.98814,157.1328,1.442378,7.7800875,-68.006516,378.5974,19.014982,0,95,774.3542,16.77526,38.611256
10/2/2026 7:21,34629.465,39169.777,25.17247,28.877142,1.0175457,25.460354,7.7570114,95.15147,151.05965,2.3019168,7.744565,-66.00857,377.10492,18.931221,0,95,774.3542,16.447037,37.908188
10/2/2026 7:51,33143,37556.816,24.025536,30.172283,1.016693,24.41193,7.420235,90.255295,143.3029,1.5600481,7.6835027,-62.589645,381.54425,18.84693,0,95,774.3542,16.137379,37.236015
10/2/2026 8:21,31150.982,35327.83,22.454979,32.101715,1.0155072,22.963089,7.147747,86.069984,136.66447,1.535433,7.611356,-58.56514,381.7207,18.80989,0,95,774.3542,15.877984,36.690403
10/2/2026 8:51,30089.305,34099.605,21.59694,33.2344,1.0148473,22.164743,7.0268755,84.236206,133.74686,0.9109355,7.565933,-56.04267,387.0422,18.842648,0,95,774.3542,15.615857,36.117348
10/2/2026 9:21,26529.863,30017.117,18.773046,37.69337,1.012685,19.511126,6.878603,81.20107,128.91481,0.9605889,7.4850216,-51.550865,391.29083,18.917513,0,95,774.3542,15.461548,35.841824
10/2/2026 9:51,23679.02,26709.94,16.521305,42.23148,1.0109441,17.361462,6.8071523,79.50609,126.199646,0.60656863,7.386073,-46.06247,399.8548,19.05888,0,95,774.3542,15.381215,35.71877
10/2/2026 10:21,21245.39,23741.555,14.532483,47.069035,1.0093378,15.432011,7.001431,81.50248,129.29074,0.752168,7.3213506,-42.51957,400.78943,19.495338,0,95,774.3542,15.398226,35.814133
10/2/2026 10:51,34801.457,39158.324,25.173193,28.734428,1.0174878,25.452911,6.9663606,85.8495,136.247,1.1460176,7.6543546,-61.035156,384.88214,19.174719,0,95,774.3542,15.545111,35.865055
10/2/2026 11:21,36155.316,40665.965,26.249773,27.65845,1.0183023,26.432878,9.271475,115.02913,182.55182,2.1024952,7.9056864,-75.0494,369.6567,19.192698,0,95,774.3542,15.799619,36.41281
10/2/2026 11:51,36321.15,40541.375,26.173862,27.53217,1.0181574,26.351894,9.582477,119.637344,189.77116,1.8544458,7.9248896,-76.21288,362.1084,19.549906,0,95,774.3542,16.073616,37.039814
10/2/2026 12:21,37384.246,41510.99,26.878231,26.749235,1.018632,26.982141,10.300301,129.73232,205.71295,1.9153495,8.010475,-81.05755,346.8496,19.795116,0,95,774.3542,16.373827,37.70084
10/2/2026 12:51,37054.402,41109.96,26.591677,26.987347,1.0184044,26.721474,10.682879,134.42316,213.139,2.1405098,8.043821,-82.93152,346.12482,19.835001,0,95,774.3542,16.70957,38.468292
10/2/2026 13:21,37504.99,41539.656,26.903193,26.66312,1.0186212,27.000776,10.335772,130.48956,206.8785,1.9803846,8.01961,-81.60114,348.61865,19.914759,0,95,774.3542,17.092915,39.329746
10/2/2026 13:51,37355.81,41335.926,26.75836,26.769598,1.0185001,26.868353,10.300563,130.04057,206.15364,2.5782707,8.015381,-81.37703,350.85504,19.95879,0,95,774.3542,17.451727,40.147846
10/2/2026 14:21,37997.09,41975.773,27.22142,26.317804,1.0188323,27.284254,10.4178505,132.07509,209.35541,2.159463,8.026079,-81.99692,350.39728,20.03742,0,95,774.3542,17.777473,40.871914
10/2/2026 14:51,37879.293,41827.707,27.115553,26.399649,1.0187467,27.18801,10.534344,133.51912,211.63818,2.899928,8.034164,-82.45468,352.05188,20.057745,0,95,774.3542,18.062672,41.521667
10/2/2026 15:21,37489.785,41359.004,26.78001,26.673933,1.0184807,26.883352,10.583531,133.98724,212.36664,3.0385954,8.035989,-82.56912,351.69427,20.10199,0,95,774.3542,18.29753,42.06405
10/2/2026 15:51,37854.773,41776.633,27.079771,26.416748,1.0187126,27.154812,10.344432,131.15091,207.87617,3.1405823,8.0226,-81.81572,356.40063,20.084978,0,95,774.3542,18.399586,42.28593
10/2/2026 16:21,38118.312,42040.523,27.27088,26.23411,1.0188502,27.326342,10.26712,130.39134,206.66322,3.8109324,7.982713,-79.59366,364.96942,20.115395,0,95,774.3542,18.409462,42.302498
10/2/2026 16:51,37965.72,41850.887,27.135166,26.339552,1.018741,27.203077,10.224151,129.79991,205.71864,3.1281676,8.011926,-81.23398,361.66968,20.139603,0,95,774.3542,18.303394,42.066643
10/2/2026 17:21,37549.777,41253.277,26.7109,26.631317,1.0183783,26.81463,10.19936,129.54623,205.26884,3.7769,8.003634,-80.81436,356.23376,20.299751,0,95,774.3542,18.10583,41.63414
10/2/2026 17:51,37822.555,41491.137,26.884348,26.43925,1.018492,26.96924,9.951759,126.697266,200.73376,2.8083658,7.981304,-79.58412,354.90814,20.370764,0,95,774.3542,17.861635,41.076805
10/2/2026 18:21,38475.54,42059.97,27.299768,25.99054,1.0187645,27.33898,9.731217,124.578094,197.32764,1.5753698,7.964061,-78.663826,353.38226,20.538122,0,95,774.3542,17.559332,40.381737
10/2/2026 18:51,38198.258,41686.496,27.033382,26.179205,1.0185416,27.096222,9.53195,122.01805,193.24948,1.5343765,7.9527783,-78.053474,352.5192,20.61896,0,95,774.3542,17.23274,39.650238
10/2/2026 19:21,37793.625,41055.32,26.5865,26.45949,1.0181456,26.685959,9.30404,119.27423,188.84142,2.0876482,7.9291024,-76.78509,351.9422,20.840508,0,95,774.3542,16.898958,38.909134
10/2/2026 19:51,37049.37,40053.297,25.874588,26.99101,1.0175458,26.034643,8.775885,112.515594,178.078,2.4114995,7.8852673,-74.3866,352.56686,21.073393,0,95,774.3542,16.554754,38.152206
10/2/2026 20:21,35333.633,38031.926,24.437489,28.301647,1.0164025,24.72075,8.481185,108.24711,171.2667,2.8388424,7.8310604,-71.39683,357.98373,21.285442,0,95,774.3542,16.212559,37.417797
10/2/2026 20:51,33056.367,35479.418,22.633818,30.251358,1.0150021,23.061623,8.022797,101.581696,160.68625,2.129922,7.771122,-68.063736,359.028,21.424372,0,95,774.3542,15.928755,36.823708
10/2/2026 21:21,31257.209,33542.125,21.27414,31.99262,1.0139717,21.802382,7.73432,97.170876,153.70686,2.0994802,7.7183685,-65.10258,362.56616,21.433462,0,95,774.3542,15.620864,36.15995
10/2/2026 21:51,26986.16,28949.111,18.092537,37.05603,1.011564,18.816923,7.461693,92.048256,145.60007,1.6339577,7.6087193,-58.94661,377.68665,21.449896,0,95,774.3542,15.4151,35.77498
10/2/2026 22:21,24074.098,25885.473,16.002886,41.53842,1.0100148,16.825558,7.061871,85.877266,135.86285,2.1666765,7.4914303,-52.337646,385.62122,21.33631,0,95,774.3542,15.260532,35.476334
10/2/2026 22:51,20522.58,22159.174,13.500801,48.726818,1.0081755,14.403463,6.8821335,82.162254,130.02602,1.8718698,7.3598523,-44.91806,399.7356,21.133177,0,95,774.3542,15.207121,35.416946
10/2/2026 23:21,17174.242,18641.186,11.181953,58.22673,1.0064849,12.116771,6.5510015,76.785,121.56293,2.2267334,7.258484,-39.196014,411.42288,20.879911,0,95,774.3542,15.282713,35.649242
10/2/2026 23:51,32942.8,36138.79,23.071692,30.355646,1.0156,23.490213,6.315328,78.614296,124.553314,2.6998377,7.6104507,-58.8274,402.9638,20.369818,0,95,774.3542,15.448416,35.711708
10/3/2026 0:21,37557.56,41668.926,26.993193,26.6258,1.0187098,27.084803,8.962007,113.03565,179.22758,1.719304,7.871415,-73.29941,369.60425,19.834164,0,95,774.3542,15.68115,36.130417
10/3/2026 0:51,37022.605,41043.523,26.545286,27.010525,1.0183604,26.67829,8.924363,112.34013,178.1155,1.8036765,7.870312,-73.246956,370.7916,19.87083,0,95,774.3542,15.948731,36.748425
10/3/2026 1:21,37053.594,41246.19,26.683756,26.987936,1.0185133,26.810024,8.709473,109.329895,173.39008,1.7549205,7.8657947,-72.94655,367.1724,19.678106,0,95,774.3542,16.25117,37.428394
10/3/2026 1:51,37109.707,41407.168,26.795172,26.947126,1.0186257,26.91466,8.385595,105.112816,166.72827,1.7995392,7.8340015,-71.144104,365.09338,19.56621,0,95,774.3542,16.584574,38.179134
10/3/2026 2:21,37596.594,42106.79,27.29141,26.598154,1.0190463,27.369413,8.365422,104.825485,166.31288,1.7929014,7.8368125,-71.258545,368.05453,19.391977,0,95,774.3542,16.930256,38.945564
10/3/2026 2:51,37090.31,41554.72,26.89388,26.961222,1.0187478,27.010569,8.412617,105.13507,166.80794,2.1409283,7.845862,-71.759224,370.0954,19.375156,0,95,774.3542,17.284994,39.76038
10/3/2026 3:21,37076.38,41574.848,26.906788,26.97135,1.0187675,27.023651,8.369414,104.52411,165.84781,2.1644387,7.846295,-71.77353,369.53275,19.33499,0,95,774.3542,17.568562,40.40117
10/3/2026 3:51,36982.137,41484.066,26.84096,27.040081,1.0187216,26.964643,8.328835,103.943794,164.93085,2.4132164,7.842436,-71.554184,371.87878,19.318222,0,95,774.3542,17.798178,40.923508
10/3/2026 4:21,37316.4,41868.477,27.116703,26.79787,1.018934,27.21451,8.323848,104.03113,165.07185,2.526339,7.8494935,-71.94519,375.3406,19.30768,0,95,774.3542,17.967335,41.29855
10/3/2026 4:51,37317.055,41919.773,27.151361,26.7974,1.0189741,27.247852,8.172069,102.047005,161.93607,2.6978672,7.8354597,-71.14887,382.55994,19.2514,0,95,774.3542,18.059544,41.505295
10/3/2026 5:21,36971.23,41554.742,26.888079,27.048058,1.0187802,27.010584,7.7914205,97.093506,154.08107,2.4974484,7.805211,-69.4561,389.36917,19.225103,0,95,774.3542,18.034286,41.455868
10/3/2026 5:51,36875.508,41480.37,26.833237,27.11827,1.0187476,26.962242,7.7772183,96.81677,153.64975,2.7912188,7.7980995,-69.05079,382.62668,19.187798,0,95,774.3542,17.925066,41.210087
10/3/2026 6:21,37003.965,41681.39,26.97506,27.024132,1.0188708,27.092903,7.438485,92.56762,146.91896,2.1127927,7.752593,-66.49971,382.45978,19.124683,0,95,774.3542,17.737925,40.781616
10/3/2026 6:51,36787.57,41538.234,26.86781,27.183094,1.0188165,26.999853,7.2202954,89.60396,142.237,1.5897647,7.7215548,-64.74495,383.7997,19.012123,0,95,774.3542,17.51356,40.275658
10/3/2026 7:21,36178.496,40975.785,26.459007,27.640728,1.0185394,26.63426,7.0824146,87.44374,138.83449,1.4974276,7.699426,-63.48133,382.70297,18.870354,0,95,774.3542,17.255255,39.701572
10/3/2026 7:51,35826.164,40611.695,26.196943,27.912561,1.0183495,26.397602,6.9455175,85.55483,135.84273,1.2175044,7.6753435,-62.13188,382.8794,18.83056,0,95,774.3542,16.94408,39.00402
10/3/2026 8:21,35453.547,40244.277,25.93197,28.205923,1.0181626,26.158781,6.8678365,84.363144,133.96194,1.7550057,7.658281,-61.16867,381.30585,18.767473,0,95,774.3542,16.654066,38.353798
10/3/2026 8:51,33870.035,38419.355,24.63466,29.524622,1.0171674,24.972582,6.75726,82.41692,130.86569,0.9651438,7.6154156,-58.789253,383.95706,18.800407,0,95,774.3542,16.355486,37.71403
10/3/2026 9:21,31886.408,36125.918,23.016857,31.361324,1.0159237,23.481848,6.717276,81.229355,128.97041,0.64237046,7.5796757,-56.81038,383.78064,18.855827,0,95,774.3542,16.102472,37.185448
10/3/2026 9:51,30886.607,34909.297,22.166695,32.37649,1.0152514,22.691044,6.613529,79.74036,126.58732,0.69294804,7.5231304,-53.682327,387.89096,18.966879,0,95,774.3542,15.898679,36.74588
10/3/2026 10:21,29597.64,33341.945,21.07704,33.786476,1.0143877,21.672264,6.724108,80.78741,128.22272,0.6443032,7.5192876,-53.49636,385.893,19.12041,0,95,774.3542,15.736924,36.40835
10/3/2026 10:51,26271.637,29455.062,18.397606,38.06386,1.0123028,19.14579,6.786653,80.59309,127.87544,0.16012682,7.45179,-49.772263,387.50473,19.3415,0,95,774.3542,15.650245,36.285458
10/3/2026 11:21,23178.908,25831.031,15.938123,43.14267,1.0103731,16.79017,6.8515353,80.62464,127.87507,0.7120402,7.4285493,-48.52295,387.18048,19.624502,0,95,774.3542,15.655353,36.36526
10/3/2026 11:51,33985.91,37996.25,24.358027,29.423958,1.0167959,24.697563,6.2996163,77.69727,123.25804,1.5644194,7.601448,-58.145523,383.3324,19.474049,0,95,774.3542,15.748452,36.3514
10/3/2026 12:21,37288.312,41601.492,26.934965,26.818054,1.0187308,27.04097,7.993886,100.2965,159.08746,1.3783323,7.770248,-67.5869,376.3658,19.571806,0,95,774.3542,15.979792,36.805702
10/3/2026 12:51,36300.31,40269.336,25.989477,27.547976,1.0179458,26.17507,8.461848,106.1065,168.23949,1.438967,7.8232527,-70.61005,370.7296,19.839685,0,95,774.3542,16.236456,37.41608
10/3/2026 13:21,36766.61,40705.652,26.305199,27.198591,1.0181621,26.458675,9.110425,114.65375,181.76747,0.9964309,7.89085,-74.41044,353.37274,19.933565,0,95,774.3542,16.53336,38.080105
10/3/2026 13:51,36837.504,40830.65,26.392914,27.146248,1.0182424,26.53992,9.023133,113.499756,179.95178,1.6321077,7.8832436,-73.97175,351.63226,19.879698,0,95,774.3542,16.857353,38.811806
10/3/2026 14:21,37578.06,41617.68,26.9594,26.611273,1.0186632,27.05149,9.035778,114.12216,180.9287,1.0967898,7.8843503,-74.043274,350.64044,19.918062,0,95,774.3542,17.2469,39.676266
10/3/2026 14:51,37400.246,41405.582,26.807571,26.737791,1.0185434,26.913628,8.993793,113.526695,179.98022,1.6580012,7.878982,-73.747635,352.35706,19.935383,0,94,774.3542,17.59731,40.475143
10/3/2026 15:21,37304.926,41254.457,26.700865,26.806112,1.0184493,26.815397,9.181451,115.93518,183.78476,1.9224147,7.902548,-75.07801,351.09344,19.987652,0,94,774.3542,17.933428,41.239697
10/3/2026 15:51,37266.133,41241.895,26.690603,26.834017,1.0184501,26.807232,9.175061,115.772156,183.53549,2.2877371,7.9064612,-75.28782,353.05325,19.952826,0,94,774.3542,18.220758,41.891182
10/3/2026 16:21,37819.793,41874.574,27.144672,26.441181,1.0188009,27.218473,9.237328,116.82225,185.20619,2.273089,7.9159503,-75.81234,354.45038,19.930283,0,94,774.3542,18.441502,42.377304
10/3/2026 16:51,37479.043,41479.316,26.86111,26.681578,1.0185802,26.961555,9.193725,116.12032,184.088,3.039993,7.9141493,-75.71697,360.17242,19.950773,0,94,774.3542,18.566824,42.66997
10/3/2026 17:21,37467.33,41507.67,26.879799,26.68992,1.0186063,26.979988,9.046294,114.170555,181.00916,2.9090097,7.900031,-74.915886,365.91354,19.90368,0,94,774.3542,18.62575,42.802242
10/3/2026 17:51,37587.836,41625.707,26.96529,26.604351,1.0186669,27.056711,8.811717,111.3025,176.45764,2.4703057,7.892783,-74.51534,368.38834,19.921244,0,94,774.3542,18.554619,42.639473
10/3/2026 18:21,38389.047,42515.473,27.606047,26.049097,1.0191545,27.635057,8.784615,111.37575,176.57446,0.8120976,7.8812766,-73.87161,364.5498,19.91848,0,94,774.3542,18.407225,42.285706
10/3/2026 18:51,38365.13,42452.812,27.562351,26.065336,1.0191112,27.594328,8.609625,109.210915,173.13237,0.54095346,7.849016,-72.078705,365.65128,19.95876,0,94,774.3542,18.165524,41.740353
10/3/2026 19:21,38500.54,42597.543,27.666985,25.973661,1.0191892,27.688404,8.367623,106.21795,168.38626,0.41253757,7.827407,-70.87231,365.61313,19.96443,0,94,774.3542,17.892193,41.117367
10/3/2026 19:51,38461.676,42441.82,27.559277,25.999907,1.0190756,27.587183,8.143178,103.545074,164.11932,0.049580555,7.800854,-69.41795,363.71057,20.09011,0,94,774.3542,17.608082,40.480076
10/3/2026 20:21,38065.996,41894.38,27.16919,26.270164,1.0187476,27.231346,8.052273,102.39202,162.26227,0.049146775,7.7828484,-68.44044,364.3829,20.215614,0,94,774.3542,17.282747,39.756107
10/3/2026 20:51,37701.598,41423.38,26.833046,26.524075,1.018472,26.925196,7.9727063,101.33051,160.56131,0.045754444,7.767856,-67.62028,366.98642,20.29595,0,94,774.3542,16.978752,39.07751
10/3/2026 21:21,37169.504,40787.465,26.378317,26.903776,1.0181116,26.511852,7.7621646,98.4998,156.06229,0.10028578,7.7387266,-66.0038,368.91284,20.355875,0,94,774.3542,16.676199,38.40621
10/3/2026 21:51,35678.633,39069.363,25.152536,28.027979,1.0171561,25.395086,7.367102,92.987045,147.30629,0.049927864,7.68637,-63.095093,373.8004,20.456154,0,94,774.3542,16.383198,37.776802
10/3/2026 22:21,33600.457,36814.555,23.550543,29.7615,1.0159483,23.92946,7.130349,89.10919,141.16876,0.044278853,7.629063,-59.88121,378.5831,20.429052,0,94,774.3542,16.114944,37.21257
10/3/2026 22:51,32347.64,35501.117,22.621994,30.914156,1.0152642,23.075726,6.957259,86.34317,136.80273,0.03801647,7.5819817,-57.229996,388.02448,20.349346,0,94,774.3542,15.868724,36.678093
10/3/2026 23:21,30465.729,33523.29,21.232893,32.82377,1.0142422,21.790138,6.7476187,82.864876,131.31554,0.044088162,7.5420127,-54.969788,393.12665,20.22476,0,94,774.3542,15.693628,36.316013
10/3/2026 23:51,26399.96,29182.666,18.225475,37.878845,1.0120162,18.968733,6.4937053,78.023346,123.68198,0.05405303,7.451724,-49.881935,399.91205,20.007607,0,94,774.3542,15.603424,36.18847
10/4/2026 0:21,23501.533,26170.318,16.167984,42.550415,1.0105389,17.010708,6.409093,75.57364,119.857765,0.047046766,7.356874,-44.527054,409.01962,19.66086,0,94,774.3542,15.637062,36.316914
10/4/2026 0:51,36102.824,40010.39,25.805906,27.698664,1.0177945,26.006756,7.2477326,90.86349,144.06097,0.8235119,7.63787,-60.26268,393.35553,19.886713,0,94,774.3542,15.7670145,36.35725
10/4/2026 1:21,37472.555,41657.86,26.981762,26.686197,1.0187247,27.077608,7.8039126,98.248985,155.8029,1.26618,7.798155,-69.1843,381.33923,19.739866,0,94,774.3542,15.985881,36.820415
10/4/2026 1:51,37263.938,41520.887,26.879314,26.835596,1.0186734,26.988577,8.124555,102.017654,161.80382,0.5139382,7.7973294,-69.11278,379.8372,19.632175,0,94,774.3542,16.26473,37.452908
10/4/2026 2:21,37570.168,41919.688,27.16358,26.616863,1.0189056,27.247797,8.2224655,103.29618,163.84645,0.67943865,7.8234024,-70.552826,369.94757,19.567623,0,94,774.3542,16.548939,38.088486
10/4/2026 2:51,37683.332,42114.484,27.300812,26.536932,1.0190288,27.374414,8.3294935,104.57596,165.89409,0.71114177,7.8429585,-71.62571,367.25345,19.491264,0,94,774.3542,16.874075,38.819324
10/4/2026 3:21,37886.72,42364.21,27.479677,26.394474,1.019171,27.536737,8.385108,105.336845,167.10689,0.8546697,7.8565702,-72.37911,364.79297,19.466467,0,94,774.3542,17.219675,39.59614
10/4/2026 3:51,37916.77,42408.57,27.511162,26.373554,1.0191978,27.56557,8.345379,104.834015,166.31195,1.0345088,7.8572206,-72.41249,362.76642,19.454592,0,94,774.3542,17.558775,40.362957
10/4/2026 4:21,37609.387,42130.34,27.307955,26.589108,1.0190613,27.384722,8.283898,103.79417,164.67896,0.813817,7.8581424,-72.44587,361.07364,19.38174,0,94,774.3542,17.864702,41.060608
10/4/2026 4:51,37636.316,42157.773,27.32782,26.570082,1.0190758,27.402552,8.206692,102.844826,163.17207,0.8705658,7.845563,-71.74492,363.6772,19.384771,0,94,774.3542,18.102077,41.59721
10/4/2026 5:21,37968.734,42490.84,27.569395,26.33746,1.0192488,27.619047,8.098678,101.71929,161.37662,1.8583658,7.830929,-70.939064,368.765,19.42799,0,94,774.3542,18.284441,42.00367
10/4/2026 5:51,38185.805,42660.49,27.69487,26.187742,1.0193244,27.729319,7.9173803,99.66652,158.10222,0.83082086,7.8106704,-69.82803,376.45166,19.508347,0,94,774.3542,18.396763,42.25498
10/4/2026 6:21,37911.6,42425.918,27.522654,26.37715,1.019213,27.576847,7.832375,98.34943,156.03015,0.87441283,7.7913513,-68.73131,383.9189,19.429073,0,94,774.3542,18.387945,42.239185
10/4/2026 6:51,37711.88,42319.54,27.440899,26.516844,1.0191827,27.5077,7.6930466,96.3182,152.83502,1.0667309,7.774368,-67.75379,384.29562,19.29959,0,94,774.3542,18.282497,42.001915
10/4/2026 7:21,37501.21,42168.805,27.328623,26.665806,1.0191205,27.409723,7.403345,92.4639,146.73822,0.20793344,7.74893,-66.31374,380.39984,19.204798,0,94,774.3542,18.091589,41.572765
10/4/2026 7:51,37304.31,42040.742,27.232351,26.806555,1.0190723,27.32648,7.3042035,90.99579,144.42882,0.32107794,7.737885,-65.67478,379.3985,19.101416,0,94,774.3542,17.869429,41.07215
10/4/2026 8:21,35915.184,40716.688,26.27184,27.843376,1.0184077,26.465847,7.2826214,89.739494,142.48798,0.044013225,7.7244368,-64.86416,378.0872,18.825932,0,94,774.3542,17.596554,40.47987
10/4/2026 8:51,35727.758,40571.42,26.164948,27.98944,1.0183444,26.371426,7.3379016,90.231606,143.28404,0.040184937,7.7238855,-64.816475,376.60425,18.749418,0,94,774.3542,17.325207,39.867424
10/4/2026 9:21,35040.895,39836.477,25.638338,28.538084,1.0179559,25.893711,7.3111563,89.531685,142.18251,0.04120875,7.703615,-63.676834,377.16214,18.697292,0,94,774.3542,17.024113,39.199974
10/4/2026 9:51,34385.715,39107.3,25.118607,29.081844,1.0175645,25.419744,7.30478,89.14508,141.572,0.031210799,7.6876636,-62.78515,375.32153,18.678844,0,94,774.3542,16.742247,38.57617
10/4/2026 10:21,34267.023,38968.824,25.020355,29.182575,1.0174887,25.329735,7.222728,88.099014,139.90999,0.04168222,7.656286,-61.039925,376.26093,18.682959,0,94,774.3542,16.477858,37.9799
10/4/2026 10:51,32536.607,37003.89,23.629223,30.734612,1.0164309,24.052528,7.106668,85.96092,136.51515,0.033100896,7.596402,-57.706833,380.84808,18.679337,0,94,774.3542,16.26454,37.534393
10/4/2026 11:21,30546.05,34728.473,22.031656,32.737457,1.015212,22.573507,6.9979243,83.867546,133.18791,0.7036218,7.5561614,-55.470467,384.30994,18.694656,0,94,774.3542,16.058289,37.10987
10/4/2026 11:51,29541.252,33502.74,21.179955,33.850967,1.0145382,21.776781,6.9886827,83.516716,132.61044,0.39775193,7.541809,-54.693222,385.62598,18.809235,0,94,774.3542,15.943649,36.87297
10/4/2026 12:21,27699.22,31434.16,19.745043,36.1021,1.0134548,20.432203,7.0904136,83.962364,133.32341,0.44731504,7.5063615,-52.714348,385.69275,18.77917,0,94,774.3542,15.899645,36.81246
10/4/2026 12:51,27581.71,31250.705,19.620405,36.25591,1.0133432,20.312958,7.1886983,85.18475,135.25104,0.7286839,7.5409765,-54.655075,390.237,18.853132,0,94,774.3542,15.957214,36.946796
10/4/2026 13:21,35991.055,40190.984,25.922464,27.784681,1.0179714,26.12414,7.452246,92.86592,147.31013,1.329806,7.7143764,-64.45885,375.9891,19.52883,0,94,774.3542,16.121796,37.15464
10/4/2026 13:51,35586.47,40022.39,25.789917,28.100569,1.0179515,26.014553,7.464866,92.36984,146.59055,1.4296511,7.7298007,-65.24563,375.7364,19.19707,0,94,774.3542,16.33198,37.63211
10/4/2026 14:21,36599.043,41175.176,26.614061,27.323118,1.0185823,26.763865,7.478963,92.971054,147.54787,0.8247878,7.726357,-65.050125,376.0225,19.181248,0,94,774.3542,16.593828,38.201874
10/4/2026 14:51,36304.79,40823.875,26.363253,27.544575,1.0183859,26.535519,7.3830953,91.68256,145.49838,1.5179106,7.7070193,-63.97724,382.36444,19.204338,0,94,774.3542,16.900257,38.903347
10/4/2026 15:21,36206.977,40737.254,26.300219,27.618986,1.0183444,26.479216,7.6441865,94.841324,150.51678,2.0120654,7.7451053,-66.0944,381.21048,19.177631,0,94,774.3542,17.251062,39.699333
10/4/2026 15:51,36411.117,41025.78,26.504265,27.46414,1.0185158,26.666758,7.8495617,97.384674,154.56729,2.3499594,7.788842,-68.51673,379.1887,19.11089,0,94,774.3542,17.584517,40.44792
10/4/2026 16:21,37019.73,41734.08,27.011354,27.012623,1.0189079,27.127151,7.874471,97.9424,155.45782,1.7620218,7.798874,-69.06986,378.09674,19.085781,0,94,774.3542,17.876574,41.09378
10/4/2026 16:51,36806.79,41499.56,26.842741,27.168901,1.0187812,26.974714,7.8899364,98.024734,155.58984,1.8626252,7.8060884,-69.470406,379.2316,19.079582,0,94,774.3542,18.14829,41.71367
10/4/2026 17:21,36923.06,41637.086,26.941166,27.083347,1.0188577,27.064106,7.8403926,97.45314,154.68407,1.954608,7.803466,-69.322586,381.1151,19.072405,0,94,774.3542,18.357187,42.18386
10/4/2026 17:51,36981.027,41709.883,26.993114,27.040894,1.0188993,27.111423,7.7734265,96.63549,153.38797,1.9503886,7.7993937,-69.093704,383.43732,19.064138,0,94,774.3542,18.530361,42.573982
10/4/2026 18:21,37313.5,42085.64,27.263094,26.799952,1.0191052,27.355667,7.7457714,96.44484,153.08554,2.8270812,7.8094954,-69.65637,386.25543,19.06329,0,94,774.3542,18.56849,42.65238
10/4/2026 18:51,37097.336,41873.527,27.109203,26.956114,1.0189964,27.217793,7.5465527,93.81597,148.91985,1.8469785,7.7478514,-66.21361,394.35687,19.028152,0,94,774.3542,18.558098,42.63385
10/4/2026 19:21,36744.695,41506.53,26.844316,27.214813,1.0188031,26.979246,7.3815093,91.55957,145.34499,2.5786476,7.770676,-67.47723,390.54218,18.993456,0,94,774.3542,18.433615,42.359474
10/4/2026 19:51,36649.707,41406.047,26.771929,27.285347,1.01875,26.91393,7.348972,91.10342,144.62239,2.207645,7.7504206,-66.34712,390.42297,18.985828,0,94,774.3542,18.211338,41.85793
10/4/2026 20:21,36672.945,41449.086,26.802046,27.268059,1.0187774,26.941906,6.9832363,86.55438,137.4045,1.8992672,7.702815,-63.69114,389.91754,18.96706,0,94,774.3542,17.96951,41.31001
10/4/2026 20:51,36857,41652.895,26.94848,27.131887,1.0188878,27.074383,6.788678,84.22365,133.70366,1.5604413,7.679513,-62.394142,390.00336,18.971752,0,94,774.3542,17.680153,40.649982
10/4/2026 21:21,36526.46,41314.496,26.704144,27.377413,1.0187112,26.854424,6.71636,83.143166,131.99544,1.2768373,7.655606,-61.05423,389.6362,18.932337,0,94,774.3542,17.370504,39.955467
10/4/2026 21:51,36197.586,40983.438,26.46511,27.626152,1.0185404,26.639235,6.5519886,80.92187,128.47699,1.3579122,7.6301765,-59.628487,390.05582,18.88611,0,94,774.3542,17.020699,39.17026
10/4/2026 22:21,35661.21,40409.906,26.053392,28.041672,1.0182362,26.26644,6.4446077,79.34244,125.97594,1.0779047,7.5985456,-57.85942,389.8031,18.847477,0,94,774.3542,16.691216,38.43552
10/4/2026 22:51,34254.47,38865.754,24.951061,29.193272,1.0174111,25.26274,6.32914,77.32282,122.77906,1.4256032,7.56141,-55.78041,392.85007,18.78814,0,94,774.3542,16.380074,37.760414
10/4/2026 23:21,32085.715,36494.723,23.270273,31.166517,1.0161587,23.72157,6.322902,76.31033,121.18973,1.5736336,7.5288086,-53.944588,396.07825,18.674755,0,94,774.3542,16.10426,37.179966
10/4/2026 23:51,30564.596,34869.797,22.125404,32.717594,1.0153202,22.665369,6.172196,73.786606,117.20333,1.4401612,7.4911194,-51.822662,397.9856,18.53586,0,94,774.3542,15.851656,36.63696
10/5/2026 0:21,28532.852,32656.143,20.579332,35.04732,1.0141774,21.226494,6.2741623,74.105446,117.73249,1.2279742,7.450845,-49.557686,400.66068,18.389328,0,94,774.3542,15.652803,36.22526
10/5/2026 0:51,26338.441,30264.87,18.924595,37.96732,1.0129596,19.672165,6.3243527,73.701454,117.11842,0.7500185,7.4055686,-47.011375,404.0939,18.207567,0,94,774.3542,15.532323,35.99356
10/5/2026 1:21,23239.1,26842.512,16.586966,43.030926,1.0112336,17.447634,6.5935836,75.42043,119.8865,0.90528375,7.359956,-44.441223,406.83093,17.971586,0,94,774.3542,15.522993,36.032803
10/5/2026 1:51,26852.896,30805.92,19.298433,37.23993,1.0132276,20.02385,6.326709,74.00079,117.58278,1.4790539,7.417195,-47.66941,411.36566,18.28166,0,94,774.3542,15.63911,36.227642
10/5/2026 2:21,36815.008,41558.51,26.88284,27.162836,1.018825,27.013033,6.925143,85.96831,136.46355,1.6870028,7.703448,-63.738823,391.04764,19.024067,0,94,774.3542,15.838931,36.484314
10/5/2026 2:51,36938.113,41731.07,27.005215,27.07231,1.0189273,27.125196,7.0606422,87.65218,139.14355,1.6475676,7.7184887,-64.56852,393.98495,18.98673,0,94,774.3542,16.076918,37.01881
10/5/2026 3:21,36667.996,41437.973,26.794323,27.271738,1.01877,26.934683,7.1572733,88.717735,140.83763,1.6381918,7.7436237,-65.96565,391.31943,18.973232,0,94,774.3542,16.3657,37.678123
10/5/2026 3:51,37080.92,41917.95,27.138296,26.968046,1.0190356,27.246668,7.2772665,90.36485,143.45526,1.156767,7.7556686,-66.633224,390.48495,18.958494,0,94,774.3542,16.701906,38.429134
10/5/2026 4:21,37261.36,42122.2,27.285088,26.837454,1.0191473,27.379429,7.322898,91.01049,144.4803,1.3658817,7.7617483,-66.97178,389.84125,18.958193,0,94,774.3542,17.037798,39.185894
10/5/2026 4:51,37130.746,41974.43,27.178877,26.931858,1.0190665,27.28338,7.3431053,91.2041,144.78761,1.8323685,7.7650003,-67.15298,389.88416,18.958319,0,94,774.3542,17.384836,39.973873
10/5/2026 5:21,36738.426,41547.242,26.871384,27.219458,1.0188366,27.005709,7.363905,91.263596,144.88562,1.2461977,7.766531,-67.23404,389.42163,18.940138,0,94,774.3542,17.668745,40.62561
10/5/2026 5:51,37067.71,41941.98,27.153797,26.977657,1.0190576,27.26229,7.3354154,91.02097,144.50526,1.4081385,7.767147,-67.26265,391.26697,18.915468,0,94,774.3542,17.921501,41.189873
10/5/2026 6:21,37071.527,41969.316,27.172401,26.97488,1.019078,27.280056,7.296275,90.50194,143.68617,1.283849,7.760744,-66.90025,392.9693,18.89009,0,94,774.3542,18.11634,41.62978
10/5/2026 6:51,37118.535,42073.836,27.245173,26.940718,1.019147,27.347994,7.2672095,90.08401,143.0335,1.3701612,7.766286,-67.19589,396.2404,18.833698,0,94,774.3542,18.218166,41.857456
10/5/2026 7:21,36912.87,41857.44,27.088951,27.090822,1.0190326,27.207336,7.1406474,88.40194,140.36623,1.5113342,7.757112,-66.68091,401.1709,18.815245,0,94,774.3542,18.250084,41.934025
10/5/2026 7:51,36950.723,41927.17,27.137808,27.06307,1.0190768,27.25266,7.065327,87.44577,138.85347,1.0524964,7.730936,-65.21702,401.004,18.785723,0,94,774.3542,18.140694,41.68512
10/5/2026 8:21,37275.54,42311.504,27.413315,26.827244,1.0192909,27.502478,6.8369174,84.73034,134.54483,0.7175666,7.707876,-63.929558,398.7104,18.768524,0,94,774.3542,17.972656,41.296566
10/5/2026 8:51,37129.4,42143.12,27.29237,26.932837,1.0191982,27.393028,6.843605,84.75656,134.58595,1.0639923,7.6978426,-63.37166,397.42294,18.771257,0,94,774.3542,17.736448,40.765377
10/5/2026 9:21,36497.594,41409.324,26.766369,27.399067,1.0187927,26.916061,6.7839103,83.78359,133.03766,1.3087553,7.6843224,-62.623024,394.73358,18.789835,0,94,774.3542,17.43265,40.09279
10/5/2026 9:51,36625.438,41476.633,26.818153,27.303429,1.0188115,26.959812,6.7856913,83.96917,133.31682,0.95652133,7.6806493,-62.437057,391.8344,18.876328,0,94,774.3542,17.127968,39.402706
10/5/2026 10:21,36559.332,41418.715,26.775852,27.352797,1.0187838,26.922165,6.780106,83.84876,133.12906,0.3872982,7.665136,-61.569214,388.1866,18.857412,0,94,774.3542,16.798199,38.656715
10/5/2026 10:51,35750.195,40420.06,26.064669,27.971874,1.0182198,26.273039,6.741374,83.16511,132.0269,0.5971849,7.6465464,-60.55355,385.6975,18.951136,0,94,774.3542,16.471594,37.938427
10/5/2026 11:21,34362.23,38738.6,24.871536,29.101719,1.0172799,25.180092,6.765219,83.080055,131.86787,0.31647763,7.616697,-58.918,383.73773,19.085243,0,94,774.3542,16.146973,37.23655
10/5/2026 11:51,32509.502,36436.586,23.251722,30.760237,1.0159835,23.68378,6.8138533,83.30531,132.17604,0.6189688,7.5775847,-56.791306,383.01294,19.357141,0,94,774.3542,15.861185,36.63483
10/5/2026 12:21,32364.12,36126.17,23.038954,30.898415,1.0157762,23.482014,6.8950415,84.49655,134.03053,0.08025793,7.5657296,-56.16665,379.96594,19.547827,0,94,774.3542,15.601465,36.052864
10/5/2026 12:51,29338.441,32482.541,20.500935,34.084972,1.0137582,21.113651,7.071471,85.99134,136.3275,0.049611524,7.5139832,-53.34854,380.0613,19.932276,0,94,774.3542,15.42843,35.729347
10/5/2026 13:21,26361.674,29088.574,18.162737,37.933857,1.0119487,18.907574,7.097025,85.37756,135.32341,0.47109017,7.484299,-51.71776,380.4523,20.0919,0,94,774.3542,15.316849,35.537777
10/5/2026 13:51,23854.252,26005.717,16.074057,41.92125,1.0102307,16.903715,7.6481447,91.883156,145.51178,0.21839209,7.4687815,-50.95005,378.5068,20.668562,0,94,774.3542,15.294254,35.545677
10/5/2026 14:21,27496.998,30071.172,18.846363,36.367607,1.0123636,19.546263,7.567647,92.14663,145.96156,0.14430028,7.517614,-53.658485,377.26703,20.518183,0,94,774.3542,15.401606,35.716587
10/5/2026 14:51,36633.938,41086.32,26.555931,27.297092,1.0185027,26.706108,6.9082417,86.0822,136.58777,1.0886295,7.687303,-62.904358,378.8406,19.326359,0,94,774.3542,15.609697,35.975826
10/5/2026 15:21,36977.4,41368.34,26.762651,27.043547,1.0186315,26.889421,7.549233,94.3917,149.74838,1.1958983,7.791806,-68.75992,378.70233,19.442797,0,94,774.3542,15.859384,36.53709
10/5/2026 15:51,37209.465,41533.88,26.885523,26.874882,1.0186988,26.99702,8.078469,101.28425,160.65936,0.6661283,7.815965,-70.13321,370.28137,19.54881,0,94,774.3542,16.167616,37.232944
10/5/2026 16:21,37879.477,42274.25,27.418402,26.39952,1.019102,27.478264,8.348859,105.022,166.58632,0.8630272,7.8686414,-73.075294,364.09204,19.55714,0,94,774.3542,16.505293,37.981735
10/5/2026 16:51,37365.13,41842.29,27.101387,26.76292,1.0189002,27.197487,8.394066,105.07747,166.7113,1.2007513,7.874312,-73.35186,364.22552,19.397861,0,94,774.3542,16.875572,38.8278
10/5/2026 17:21,37363.324,41908.477,27.146015,26.764214,1.0189527,27.240509,8.321433,104.04677,165.09343,1.6082323,7.868583,-73.013306,365.53207,19.321766,0,94,774.3542,17.229824,39.62768
10/5/2026 17:51,37252.727,41891.67,27.129223,26.843672,1.0189693,27.229588,8.143752,101.58582,161.21513,2.3239598,7.8510704,-72.00718,368.4217,19.202267,0,94,774.3542,17.550297,40.35286
10/5/2026 18:21,37832.69,42654.094,27.67304,26.432167,1.0194128,27.72516,7.944427,99.195045,157.44691,1.2341477,7.8356857,-71.12026,371.1826,19.081942,0,94,774.3542,17.842087,40.994987
10/5/2026 18:51,37310.586,42134.133,27.295643,26.802046,1.0191437,27.387186,7.8815084,98.04833,155.64282,1.8520405,7.826088,-70.56713,376.48026,19.006243,0,94,774.3542,18.01981,41.408207
10/5/2026 19:21,37345.562,42259.918,27.382206,26.776943,1.0192325,27.468946,7.73529,96.10663,152.58008,1.781165,7.8128843,-69.80896,379.8515,18.911581,0,94,774.3542,18.17696,41.76051
10/5/2026 19:51,37205.406,42157.74,27.306149,26.877815,1.0191896,27.40253,7.669542,95.134796,151.04979,1.7858102,7.804158,-69.30828,387.12802,18.849663,0,94,774.3542,18.218065,41.855705
10/5/2026 20:21,37510.41,42520.848,27.566572,26.659266,1.0193926,27.638552,7.5015674,93.16197,147.92123,2.24137,7.7879667,-68.40229,388.72543,18.830635,0,94,774.3542,18.120008,41.62576
10/5/2026 20:51,37244.805,42168.39,27.315363,26.849382,1.0191876,27.409454,7.3493934,91.23296,144.8474,2.0700722,7.770947,-67.46769,388.0865,18.886906,0,94,774.3542,17.944067,41.23541
10/5/2026 21:21,37219.79,42160.19,27.308554,26.867428,1.0191877,27.404125,7.174885,89.0258,141.34738,1.3385127,7.7498865,-66.2899,387.3903,18.86483,0,94,774.3542,17.68024,40.63874
10/5/2026 21:51,37141.56,42097.52,27.262312,26.924019,1.0191594,27.363388,7.060523,87.53529,138.98622,1.2708926,7.746149,-66.075325,387.3617,18.83635,0,94,774.3542,17.411772,40.032314
10/5/2026 22:21,37303.96,42351.83,27.44195,26.806805,1.0193148,27.528688,7.0671654,87.5842,139.07814,1.1093231,7.7391787,-65.67001,386.04083,18.759743,0,94,774.3542,17.085524,39.287632
10/5/2026 22:51,36655.45,41790.81,27.0307,27.281073,1.0190477,27.164026,7.006644,86.3031,137.07915,0.96390396,7.734046,-65.340996,385.45435,18.56636,0,94,774.3542,16.74827,38.53468
10/5/2026 23:21,35207.566,40287.723,25.948208,28.402985,1.0182625,26.187021,6.8779716,83.901436,133.294,1.2918895,7.707877,-63.848495,384.6866,18.39807,0,94,774.3542,16.394758,37.763233
10/5/2026 23:51,33512.223,38450.844,24.637316,29.839859,1.0172924,24.993048,6.8234363,82.39138,130.91599,1.2704579,7.6727505,-61.86962,387.9625,18.275396,0,94,774.3542,16.076807,37.077835
10/6/2026 0:21,32549.293,37502,23.959059,30.722633,1.0168192,24.3763,6.756261,80.95226,128.66092,1.2096031,7.6484895,-60.482025,386.84668,18.085594,0,94,774.3542,15.763089,36.38185
10/6/2026 0:51,28643.244,33261.54,20.9785,34.912247,1.0146284,21.62,6.773722,79.17317,125.89035,0.806539,7.6044273,-57.964325,393.4032,17.730473,0,94,774.3542,15.463263,35.778034
10/6/2026 1:21,26023.262,30470.41,19.041101,38.42716,1.013233,19.805767,6.562898,75.26641,119.73401,1.2749379,7.4977355,-51.98002,398.60074,17.358654,0,94,774.3542,15.2146015,35.260796
10/6/2026 1:51,24136.469,28478.615,17.671175,41.43108,1.0122608,18.5111,6.5429263,73.91587,117.63475,1.0220034,7.4490275,-49.2239,402.90656,17.017256,0,94,774.3542,15.068434,34.9606
10/6/2026 2:21,21728.793,25857.76,15.890256,46.021885,1.0109797,16.807545,6.3448153,70.373985,112.04871,0.8711127,7.3607006,-44.2791,409.90176,16.63979,0,94,774.3542,14.994405,34.835434
10/6/2026 2:51,20125.43,24119.074,14.71995,49.68838,1.0101477,15.677399,6.2647076,68.56318,109.20526,0.6281917,7.3203506,-42.004585,414.64154,16.330872,0,94,774.3542,15.073652,35.044384
10/6/2026 3:21,20632.594,24689.72,15.101997,48.467003,1.0104265,16.048319,6.211674,68.23172,108.66898,0.64971393,7.2844224,-40.03048,417.24982,16.39662,0,94,774.3542,15.245055,35.426254
10/6/2026 3:51,36409.348,41565.676,26.866634,27.465475,1.0189372,27.017689,6.518214,80.1146,127.25996,1.2151772,7.6599555,-61.206818,390.9475,18.505102,0,94,774.3542,15.528019,35.776756
10/6/2026 4:21,36963.094,42285.793,27.379389,27.054012,1.0193508,27.485765,6.673973,82.13123,130.47969,1.0590893,7.6974535,-63.271523,391.0047,18.409718,0,94,774.3542,15.822298,36.428482
10/6/2026 4:51,36444.29,41863.01,27.067663,27.439142,1.0191572,27.210958,6.954309,85.11696,135.25601,0.77539974,7.7331986,-65.21702,388.92572,18.223068,0,94,774.3542,16.158415,37.195126
10/6/2026 5:21,36429.47,41855.617,27.061893,27.450304,1.0191553,27.206152,7.0781302,86.612175,137.63385,0.67308205,7.729808,-65.02628,387.22815,18.212582,0,94,774.3542,16.47515,37.911655
10/6/2026 5:51,36622.51,42036.43,27.193579,27.305609,1.0192453,27.323679,7.043776,86.33314,137.18253,1.8503622,7.730487,-65.07397,387.69547,18.257011,0,94,774.3542,16.825018,38.700863
10/6/2026 6:21,37134.008,42653.07,27.635206,26.929493,1.0195894,27.724495,6.9716845,85.62418,136.06158,0.93895286,7.7282114,-64.94045,387.26154,18.225433,0,94,774.3542,17.158596,39.441456
10/6/2026 6:51,36554.13,42151.117,27.266535,27.356691,1.01935,27.398226,7.0856314,86.53642,137.54276,0.9568561,7.7398295,-65.546036,387.98157,18.047962,0,94,774.3542,17.461739,40.137337
10/6/2026 7:21,36650.395,42331.848,27.392849,27.284836,1.0194639,27.515701,7.1297083,87.01565,138.3177,0.8122112,7.7462316,-65.88459,389.24042,17.973179,0,94,774.3542,17.705938,40.685658
10/6/2026 7:51,36255.734,41939.92,27.10849,27.581844,1.019263,27.260948,7.1522775,87.02627,138.3468,0.9706475,7.7483177,-65.984726,392.13483,17.904102,0,94,774.3542,17.884447,41.09775
10/6/2026 8:21,36948.52,42720.227,27.669716,27.064684,1.0196861,27.768148,7.1088405,86.827095,138.02623,1.0688151,7.741267,-65.59849,397.20837,17.92645,0,94,774.3542,17.946192,41.22046
10/6/2026 8:51,36571.508,42276.973,27.351664,27.34369,1.0194416,27.480032,7.0086274,85.45275,135.84012,1.1143001,7.738916,-65.46974,400.62253,17.93432,0,94,774.3542,17.88941,41.10247
10/6/2026 9:21,36048.883,41703.8,26.939133,27.74011,1.0191346,27.10747,7.0922117,86.20205,137.03711,1.934522,7.7306323,-65.00244,396.0878,17.900671,0,94,774.3542,17.7658,40.834476
10/6/2026 9:51,36647.375,42335.05,27.394823,27.287085,1.019467,27.517782,7.1109147,86.775215,137.9368,0.9760774,7.7301116,-64.98814,392.91684,17.966015,0,94,774.3542,17.571243,40.38071
10/6/2026 10:21,36469.46,42398.92,27.42719,27.420202,1.0195588,27.5593,7.0061536,85.04001,135.22797,0.8083864,7.7005744,-63.285828,390.2704,17.678043,0,94,774.3542,17.316198,39.80023
10/6/2026 10:51,36544.15,42425.855,27.44954,27.364162,1.019561,27.576805,7.070204,85.934456,136.63933,0.748222,7.6977463,-63.142776,386.45093,17.741623,0,94,774.3542,17.040699,39.17748
10/6/2026 11:21,35919.535,41635.367,26.886105,27.840004,1.0191145,27.06299,7.106519,86.20147,137.05159,1.0241574,7.6980705,-63.176155,383.40393,17.812405,0,94,774.3542,16.715868,38.459217
10/6/2026 11:51,35124.203,40679.484,26.204533,28.470396,1.0185857,26.441666,7.0575914,85.320274,135.64407,1.6598253,7.681166,-62.246323,382.42642,17.850143,0,94,774.3542,16.403116,37.77005
10/6/2026 12:21,34310.293,39760.312,25.548542,29.145773,1.0180912,25.844204,7.043937,84.77651,134.78415,0.21287584,7.6346884,-59.661865,382.8174,17.823463,0,94,774.3542,16.090673,37.080257
10/6/2026 12:51,33531.336,38705.832,24.807194,29.82285,1.0174851,25.15879,7.1626253,86.117165,136.88469,0.0712134,7.636439,-59.79538,377.1526,18.000643,0,94,774.3542,15.807379,36.460274
10/6/2026 13:21,30485.736,35102.074,22.273827,32.802227,1.0155292,22.816349,7.3872204,87.67225,139.33607,0.81720227,7.609317,-58.312416,378.39716,18.114561,0,94,774.3542,15.524904,35.886993
10/6/2026 13:51,27132.201,31183.092,19.555746,36.856575,1.0134417,20.26901,7.626614,89.198166,141.74579,0.5474691,7.5674715,-56.004524,379.00272,18.198603,0,94,774.3542,15.357224,35.578064
,,,,,,,,,,,,,,,,,,,
Log Notes,,,,,,,,,,,,,,,,,,,
2026-06-08 11:39:17 Started,,,,,,,,,,,,,,,,,,,
2026-06-22 11:45:59 Paused,,,,,,,,,,,,,,,,,,,
2026-06-22 11:46:42 Resumed,,,,,,,,,,,,,,,,,,,
2026-06-22 11:49:17 Paused,,,,,,,,,,,,,,,,,,,
"2026-06-22 11:54:51 pH Calibrated (Sensor: pH/ORP, Serial Number: 1310280)",,,,,,,,,,,,,,,,,,,
2026-06-22 11:57:34 Resumed,,,,,,,,,,,,,,,,,,,
2026-07-20 10:44:22 Paused,,,,,,,,,,,,,,,,,,,
2026-07-20 10:45:46 Resumed,,,,,,,,,,,,,,,,,,,
2026-07-20 10:48:54 Paused,,,,,,,,,,,,,,,,,,,
"2026-07-20 10:56:16 pH Calibrated (Sensor: pH/ORP, Serial Number: 1310280)",,,,,,,,,,,,,,,,,,,
2026-07-20 11:01:57 Resumed,,,,,,,,,,,,,,,,,,,
2026-08-17 09:05:12 Paused,,,,,,,,,,,,,,,,,,,
2026-08-17 09:06:36 Resumed,,,,,,,,,,,,,,,,,,,
2026-08-17 09:07:50 Paused,,,,,,,,,,,,,,,,,,,
"2026-08-17 09:16:44 pH Calibrated (Sensor: pH/ORP, Serial Number: 1310280)",,,,,,,,,,,,,,,,,,,
2026-08-17 09:19:16 Resumed,,,,,,,,,,,,,,,,,,,
2026-09-15 08:05:11 Paused,,,,,,,,,,,,,,,,,,,
2026-09-15 08:06:38 Resumed,,,,,,,,,,,,,,,,,,,
2026-09-15 08:07:36 Paused,,,,,,,,,,,,,,,,,,,
"2026-09-15 08:17:35 pH Calibrated (Sensor: pH/ORP, Serial Number: 1310280)",,,,,,,,,,,,,,,,,,,
2026-09-15 08:21:51 Hardware Reset,,,,,,,,,,,,,,,,,,,
