#,Date-Time (EDT),Temperature
1,07/20/2026 11:17:28,31.068
2,07/20/2026 11:27:28,24.343
3,07/20/2026 11:37:28,23.893
4,07/20/2026 11:47:28,24.011
5,07/20/2026 11:57:28,22.949
6,07/20/2026 12:07:28,21.640
7,07/20/2026 12:17:28,21.405
8,07/20/2026 12:27:28,21.383
9,07/20/2026 12:37:28,21.694
10,07/20/2026 12:47:28,22.112
11,07/20/2026 12:57:28,22.209
12,07/20/2026 13:07:28,22.263
13,07/20/2026 13:17:28,22.295
14,07/20/2026 13:27:28,22.327
15,07/20/2026 13:37:28,22.348
16,07/20/2026 13:47:28,22.381
17,07/20/2026 13:57:28,22.359
18,07/20/2026 14:07:28,22.338
19,07/20/2026 14:17:28,22.338
20,07/20/2026 14:27:28,22.338
21,07/20/2026 14:37:28,22.359
22,07/20/2026 14:47:28,22.391
23,07/20/2026 14:57:28,22.381
24,07/20/2026 15:07:28,22.381
25,07/20/2026 15:17:28,22.402
26,07/20/2026 15:27:28,22.434
27,07/20/2026 15:37:28,22.413
28,07/20/2026 15:47:28,22.434
29,07/20/2026 15:57:28,22.445
30,07/20/2026 16:07:28,22.466
31,07/20/2026 16:17:28,22.445
32,07/20/2026 16:27:28,22.531
33,07/20/2026 16:37:28,22.531
34,07/20/2026 16:47:28,22.498
35,07/20/2026 16:57:28,22.498
36,07/20/2026 17:07:28,22.520
37,07/20/2026 17:17:28,22.509
38,07/20/2026 17:27:28,22.509
39,07/20/2026 17:37:28,22.531
40,07/20/2026 17:47:28,22.552
41,07/20/2026 17:57:28,22.595
42,07/20/2026 18:07:28,22.649
43,07/20/2026 18:17:28,22.702
44,07/20/2026 18:27:28,22.820
45,07/20/2026 18:37:28,22.842
46,07/20/2026 18:47:28,22.831
47,07/20/2026 18:57:28,22.852
48,07/20/2026 19:07:28,22.906
49,07/20/2026 19:17:28,22.992
50,07/20/2026 19:27:28,23.045
51,07/20/2026 19:37:28,23.078
52,07/20/2026 19:47:28,23.099
53,07/20/2026 19:57:28,23.153
54,07/20/2026 20:07:28,23.239
55,07/20/2026 20:17:28,23.303
56,07/20/2026 20:27:28,23.346
57,07/20/2026 20:37:28,23.378
58,07/20/2026 20:47:28,23.410
59,07/20/2026 20:57:28,23.453
60,07/20/2026 21:07:28,23.485
61,07/20/2026 21:17:28,23.517
62,07/20/2026 21:27:28,23.550
63,07/20/2026 21:37:28,23.614
64,07/20/2026 21:47:28,23.668
65,07/20/2026 21:57:28,23.710
66,07/20/2026 22:07:28,23.753
67,07/20/2026 22:17:28,23.753
68,07/20/2026 22:27:28,23.775
69,07/20/2026 22:37:28,23.764
70,07/20/2026 22:47:28,23.775
71,07/20/2026 22:57:28,23.764
72,07/20/2026 23:07:28,23.796
73,07/20/2026 23:17:28,23.818
74,07/20/2026 23:27:28,23.818
75,07/20/2026 23:37:28,23.775
76,07/20/2026 23:47:28,23.775
77,07/20/2026 23:57:28,23.839
78,07/21/2026 00:07:28,23.839
79,07/21/2026 00:17:28,23.732
80,07/21/2026 00:27:28,23.721
81,07/21/2026 00:37:28,23.678
82,07/21/2026 00:47:28,22.552
83,07/21/2026 00:57:28,22.273
84,07/21/2026 01:07:28,22.305
85,07/21/2026 01:17:28,22.295
86,07/21/2026 01:27:28,22.284
87,07/21/2026 01:37:28,22.241
88,07/21/2026 01:47:28,22.177
89,07/21/2026 01:57:28,22.166
90,07/21/2026 02:07:28,22.155
91,07/21/2026 02:17:28,22.145
92,07/21/2026 02:27:28,22.155
93,07/21/2026 02:37:28,22.155
94,07/21/2026 02:47:28,22.134
95,07/21/2026 02:57:28,22.112
96,07/21/2026 03:07:28,22.059
97,07/21/2026 03:17:28,22.037
98,07/21/2026 03:27:28,21.994
99,07/21/2026 03:37:28,21.962
100,07/21/2026 03:47:28,21.930
101,07/21/2026 03:57:28,21.919
102,07/21/2026 04:07:28,21.898
103,07/21/2026 04:17:28,21.866
104,07/21/2026 04:27:28,21.834
105,07/21/2026 04:37:28,21.812
106,07/21/2026 04:47:28,21.780
107,07/21/2026 04:57:28,21.758
108,07/21/2026 05:07:28,21.726
109,07/21/2026 05:17:28,21.716
110,07/21/2026 05:27:28,21.705
111,07/21/2026 05:37:28,21.705
112,07/21/2026 05:47:28,21.694
113,07/21/2026 05:57:28,21.694
114,07/21/2026 06:07:28,21.705
115,07/21/2026 06:17:28,21.694
116,07/21/2026 06:27:28,21.694
117,07/21/2026 06:37:28,21.726
118,07/21/2026 06:47:28,21.737
119,07/21/2026 06:57:28,21.758
120,07/21/2026 07:07:28,21.758
121,07/21/2026 07:17:28,21.780
122,07/21/2026 07:27:28,21.791
123,07/21/2026 07:37:28,21.812
124,07/21/2026 07:47:28,21.834
125,07/21/2026 07:57:28,21.866
126,07/21/2026 08:07:28,21.887
127,07/21/2026 08:17:28,21.909
128,07/21/2026 08:27:28,21.919
129,07/21/2026 08:37:28,21.919
130,07/21/2026 08:47:28,21.930
131,07/21/2026 08:57:28,21.941
132,07/21/2026 09:07:28,21.952
133,07/21/2026 09:17:28,21.973
134,07/21/2026 09:27:28,21.962
135,07/21/2026 09:37:28,21.973
136,07/21/2026 09:47:28,21.984
137,07/21/2026 09:57:28,21.984
138,07/21/2026 10:07:28,22.005
139,07/21/2026 10:17:28,22.027
140,07/21/2026 10:27:28,22.016
141,07/21/2026 10:37:28,21.994
142,07/21/2026 10:47:28,21.984
143,07/21/2026 10:57:28,21.984
144,07/21/2026 11:07:28,22.005
145,07/21/2026 11:17:28,22.005
146,07/21/2026 11:27:28,22.005
147,07/21/2026 11:37:28,22.005
148,07/21/2026 11:47:28,22.037
149,07/21/2026 11:57:28,22.069
150,07/21/2026 12:07:28,22.080
151,07/21/2026 12:17:28,22.102
152,07/21/2026 12:27:28,22.091
153,07/21/2026 12:37:28,22.048
154,07/21/2026 12:47:28,22.027
155,07/21/2026 12:57:28,21.984
156,07/21/2026 13:07:28,21.941
157,07/21/2026 13:17:28,21.898
158,07/21/2026 13:27:28,21.844
159,07/21/2026 13:37:28,21.812
160,07/21/2026 13:47:28,21.812
161,07/21/2026 13:57:28,21.812
162,07/21/2026 14:07:28,21.812
163,07/21/2026 14:17:28,21.791
164,07/21/2026 14:27:28,21.801
165,07/21/2026 14:37:28,21.801
166,07/21/2026 14:47:28,21.812
167,07/21/2026 14:57:28,21.844
168,07/21/2026 15:07:28,21.844
169,07/21/2026 15:17:28,21.834
170,07/21/2026 15:27:28,21.855
171,07/21/2026 15:37:28,21.855
172,07/21/2026 15:47:28,21.834
173,07/21/2026 15:57:28,21.823
174,07/21/2026 16:07:28,21.812
175,07/21/2026 16:17:28,21.801
176,07/21/2026 16:27:28,21.780
177,07/21/2026 16:37:28,21.748
178,07/21/2026 16:47:28,21.748
179,07/21/2026 16:57:28,21.726
180,07/21/2026 17:07:28,21.726
181,07/21/2026 17:17:28,21.716
182,07/21/2026 17:27:28,21.694
183,07/21/2026 17:37:28,21.694
184,07/21/2026 17:47:28,21.694
185,07/21/2026 17:57:28,21.683
186,07/21/2026 18:07:28,21.694
187,07/21/2026 18:17:28,21.694
188,07/21/2026 18:27:28,21.694
189,07/21/2026 18:37:28,21.705
190,07/21/2026 18:47:28,21.726
191,07/21/2026 18:57:28,21.748
192,07/21/2026 19:07:28,21.780
193,07/21/2026 19:17:28,21.791
194,07/21/2026 19:27:28,21.844
195,07/21/2026 19:37:28,22.037
196,07/21/2026 19:47:28,22.123
197,07/21/2026 19:57:28,22.016
198,07/21/2026 20:07:28,22.145
199,07/21/2026 20:17:28,22.230
200,07/21/2026 20:27:28,22.241
201,07/21/2026 20:37:28,22.220
202,07/21/2026 20:47:28,22.230
203,07/21/2026 20:57:28,22.230
204,07/21/2026 21:07:28,22.241
205,07/21/2026 21:17:28,22.241
206,07/21/2026 21:27:28,22.284
207,07/21/2026 21:37:28,22.284
208,07/21/2026 21:47:28,22.263
209,07/21/2026 21:57:28,22.263
210,07/21/2026 22:07:28,22.241
211,07/21/2026 22:17:28,22.209
212,07/21/2026 22:27:28,22.209
213,07/21/2026 22:37:28,22.198
214,07/21/2026 22:47:28,22.187
215,07/21/2026 22:57:28,22.166
216,07/21/2026 23:07:28,22.134
217,07/21/2026 23:17:28,22.112
218,07/21/2026 23:27:28,22.080
219,07/21/2026 23:37:28,22.069
220,07/21/2026 23:47:28,22.027
221,07/21/2026 23:57:28,21.984
222,07/22/2026 00:07:28,21.952
223,07/22/2026 00:17:28,21.952
224,07/22/2026 00:27:28,21.930
225,07/22/2026 00:37:28,21.930
226,07/22/2026 00:47:28,21.876
227,07/22/2026 00:57:28,21.866
228,07/22/2026 01:07:28,21.866
229,07/22/2026 01:17:28,21.748
230,07/22/2026 01:27:28,21.716
231,07/22/2026 01:37:28,21.737
232,07/22/2026 01:47:28,21.758
233,07/22/2026 01:57:28,21.705
234,07/22/2026 02:07:28,21.598
235,07/22/2026 02:17:28,21.565
236,07/22/2026 02:27:28,21.565
237,07/22/2026 02:37:28,21.576
238,07/22/2026 02:47:28,21.576
239,07/22/2026 02:57:28,21.576
240,07/22/2026 03:07:28,21.576
241,07/22/2026 03:17:28,21.576
242,07/22/2026 03:27:28,21.555
243,07/22/2026 03:37:28,21.533
244,07/22/2026 03:47:28,21.522
245,07/22/2026 03:57:28,21.522
246,07/22/2026 04:07:28,21.522
247,07/22/2026 04:17:28,21.512
248,07/22/2026 04:27:28,21.512
249,07/22/2026 04:37:28,21.512
250,07/22/2026 04:47:28,21.501
251,07/22/2026 04:57:28,21.490
252,07/22/2026 05:07:28,21.490
253,07/22/2026 05:17:28,21.480
254,07/22/2026 05:27:28,21.469
255,07/22/2026 05:37:28,21.458
256,07/22/2026 05:47:28,21.447
257,07/22/2026 05:57:28,21.458
258,07/22/2026 06:07:28,21.458
259,07/22/2026 06:17:28,21.447
260,07/22/2026 06:27:28,21.437
261,07/22/2026 06:37:28,21.437
262,07/22/2026 06:47:28,21.447
263,07/22/2026 06:57:28,21.447
264,07/22/2026 07:07:28,21.447
265,07/22/2026 07:17:28,21.458
266,07/22/2026 07:27:28,21.458
267,07/22/2026 07:37:28,21.469
268,07/22/2026 07:47:28,21.480
269,07/22/2026 07:57:28,21.501
270,07/22/2026 08:07:28,21.522
271,07/22/2026 08:17:28,21.555
272,07/22/2026 08:27:28,21.598
273,07/22/2026 08:37:28,21.640
274,07/22/2026 08:47:28,21.694
275,07/22/2026 08:57:28,21.791
276,07/22/2026 09:07:28,21.887
277,07/22/2026 09:17:28,21.834
278,07/22/2026 09:27:28,21.834
279,07/22/2026 09:37:28,21.823
280,07/22/2026 09:47:28,21.866
281,07/22/2026 09:57:28,21.941
282,07/22/2026 10:07:28,22.005
283,07/22/2026 10:17:28,22.134
284,07/22/2026 10:27:28,22.295
285,07/22/2026 10:37:28,22.391
286,07/22/2026 10:47:28,22.466
287,07/22/2026 10:57:28,22.627
288,07/22/2026 11:07:28,22.777
289,07/22/2026 11:17:28,22.960
290,07/22/2026 11:27:28,23.163
291,07/22/2026 11:37:28,23.356
292,07/22/2026 11:47:28,23.571
293,07/22/2026 11:57:28,23.785
294,07/22/2026 12:07:28,23.957
295,07/22/2026 12:17:28,24.150
296,07/22/2026 12:27:28,24.354
297,07/22/2026 12:37:28,24.568
298,07/22/2026 12:47:28,24.740
299,07/22/2026 12:57:28,24.987
300,07/22/2026 13:07:28,25.148
301,07/22/2026 13:17:28,25.190
302,07/22/2026 13:27:28,24.858
303,07/22/2026 13:37:28,22.531
304,07/22/2026 13:47:28,21.919
305,07/22/2026 13:57:28,21.962
306,07/22/2026 14:07:28,22.112
307,07/22/2026 14:17:28,22.273
308,07/22/2026 14:27:28,22.531
309,07/22/2026 14:37:28,22.788
310,07/22/2026 14:47:28,22.960
311,07/22/2026 14:57:28,23.217
312,07/22/2026 15:07:28,23.228
313,07/22/2026 15:17:28,23.271
314,07/22/2026 15:27:28,23.239
315,07/22/2026 15:37:28,23.217
316,07/22/2026 15:47:28,23.185
317,07/22/2026 15:57:28,23.131
318,07/22/2026 16:07:28,23.142
319,07/22/2026 16:17:28,23.110
320,07/22/2026 16:27:28,23.099
321,07/22/2026 16:37:28,23.024
322,07/22/2026 16:47:28,22.960
323,07/22/2026 16:57:28,22.906
324,07/22/2026 17:07:28,22.820
325,07/22/2026 17:17:28,22.767
326,07/22/2026 17:27:28,22.745
327,07/22/2026 17:37:28,22.670
328,07/22/2026 17:47:28,22.584
329,07/22/2026 17:57:28,22.391
330,07/22/2026 18:07:28,22.359
331,07/22/2026 18:17:28,22.155
332,07/22/2026 18:27:28,21.952
333,07/22/2026 18:37:28,21.952
334,07/22/2026 18:47:28,21.984
335,07/22/2026 18:57:28,21.984
336,07/22/2026 19:07:28,21.984
337,07/22/2026 19:17:28,22.037
338,07/22/2026 19:27:28,22.037
339,07/22/2026 19:37:28,22.177
340,07/22/2026 19:47:28,22.563
341,07/22/2026 19:57:28,22.895
342,07/22/2026 20:07:28,23.045
343,07/22/2026 20:17:28,23.228
344,07/22/2026 20:27:28,23.389
345,07/22/2026 20:37:28,23.421
346,07/22/2026 20:47:28,23.389
347,07/22/2026 20:57:28,23.249
348,07/22/2026 21:07:28,23.174
349,07/22/2026 21:17:28,23.153
350,07/22/2026 21:27:28,23.174
351,07/22/2026 21:37:28,23.163
352,07/22/2026 21:47:28,23.292
353,07/22/2026 21:57:28,23.421
354,07/22/2026 22:07:28,23.571
355,07/22/2026 22:17:28,23.710
356,07/22/2026 22:27:28,23.785
357,07/22/2026 22:37:28,23.861
358,07/22/2026 22:47:28,23.925
359,07/22/2026 22:57:28,23.979
360,07/22/2026 23:07:28,24.086
361,07/22/2026 23:17:28,24.225
362,07/22/2026 23:27:28,24.290
363,07/22/2026 23:37:28,24.279
364,07/22/2026 23:47:28,24.225
365,07/22/2026 23:57:28,24.118
366,07/23/2026 00:07:28,24.021
367,07/23/2026 00:17:28,23.936
368,07/23/2026 00:27:28,23.807
369,07/23/2026 00:37:28,23.710
370,07/23/2026 00:47:28,23.646
371,07/23/2026 00:57:28,23.560
372,07/23/2026 01:07:28,23.453
373,07/23/2026 01:17:28,23.314
374,07/23/2026 01:27:28,23.131
375,07/23/2026 01:37:28,22.842
376,07/23/2026 01:47:28,22.820
377,07/23/2026 01:57:28,22.756
378,07/23/2026 02:07:28,22.670
379,07/23/2026 02:17:28,22.885
380,07/23/2026 02:27:28,22.992
381,07/23/2026 02:37:28,22.713
382,07/23/2026 02:47:28,21.726
383,07/23/2026 02:57:28,21.598
384,07/23/2026 03:07:28,21.619
385,07/23/2026 03:17:28,21.651
386,07/23/2026 03:27:28,21.716
387,07/23/2026 03:37:28,21.748
388,07/23/2026 03:47:28,21.780
389,07/23/2026 03:57:28,21.780
390,07/23/2026 04:07:28,21.737
391,07/23/2026 04:17:28,21.662
392,07/23/2026 04:27:28,21.576
393,07/23/2026 04:37:28,21.522
394,07/23/2026 04:47:28,21.469
395,07/23/2026 04:57:28,21.415
396,07/23/2026 05:07:28,21.394
397,07/23/2026 05:17:28,21.383
398,07/23/2026 05:27:28,21.383
399,07/23/2026 05:37:28,21.405
400,07/23/2026 05:47:28,21.415
401,07/23/2026 05:57:28,21.437
402,07/23/2026 06:07:28,21.447
403,07/23/2026 06:17:28,21.458
404,07/23/2026 06:27:28,21.458
405,07/23/2026 06:37:28,21.458
406,07/23/2026 06:47:28,21.469
407,07/23/2026 06:57:28,21.490
408,07/23/2026 07:07:28,21.501
409,07/23/2026 07:17:28,21.501
410,07/23/2026 07:27:28,21.522
411,07/23/2026 07:37:28,21.555
412,07/23/2026 07:47:28,21.555
413,07/23/2026 07:57:28,21.576
414,07/23/2026 08:07:28,21.598
415,07/23/2026 08:17:28,21.619
416,07/23/2026 08:27:28,21.640
417,07/23/2026 08:37:28,21.640
418,07/23/2026 08:47:28,21.640
419,07/23/2026 08:57:28,21.619
420,07/23/2026 09:07:28,21.640
421,07/23/2026 09:17:28,21.683
422,07/23/2026 09:27:28,21.694
423,07/23/2026 09:37:28,21.662
424,07/23/2026 09:47:28,21.737
425,07/23/2026 09:57:28,21.791
426,07/23/2026 10:07:28,21.898
427,07/23/2026 10:17:28,21.984
428,07/23/2026 10:27:28,22.037
429,07/23/2026 10:37:28,22.112
430,07/23/2026 10:47:28,22.198
431,07/23/2026 10:57:28,22.295
432,07/23/2026 11:07:28,22.413
433,07/23/2026 11:17:28,22.552
434,07/23/2026 11:27:28,22.670
435,07/23/2026 11:37:28,22.842
436,07/23/2026 11:47:28,23.003
437,07/23/2026 11:57:28,23.196
438,07/23/2026 12:07:28,23.367
439,07/23/2026 12:17:28,23.582
440,07/23/2026 12:27:28,23.753
441,07/23/2026 12:37:28,23.936
442,07/23/2026 12:47:28,24.139
443,07/23/2026 12:57:28,24.354
444,07/23/2026 13:07:28,24.579
445,07/23/2026 13:17:28,24.729
446,07/23/2026 13:27:28,24.890
447,07/23/2026 13:37:28,25.051
448,07/23/2026 13:47:28,25.201
449,07/23/2026 13:57:28,25.341
450,07/23/2026 14:07:28,25.405
451,07/23/2026 14:17:28,25.491
452,07/23/2026 14:27:28,24.483
453,07/23/2026 14:37:28,23.078
454,07/23/2026 14:47:28,22.584
455,07/23/2026 14:57:28,22.391
456,07/23/2026 15:07:28,22.445
457,07/23/2026 15:17:28,22.820
458,07/23/2026 15:27:28,23.228
459,07/23/2026 15:37:28,23.389
460,07/23/2026 15:47:28,23.485
461,07/23/2026 15:57:28,23.507
462,07/23/2026 16:07:28,23.453
463,07/23/2026 16:17:28,23.485
464,07/23/2026 16:27:28,23.496
465,07/23/2026 16:37:28,23.453
466,07/23/2026 16:47:28,23.453
467,07/23/2026 16:57:28,23.474
468,07/23/2026 17:07:28,23.389
469,07/23/2026 17:17:28,23.335
470,07/23/2026 17:27:28,23.314
471,07/23/2026 17:37:28,23.281
472,07/23/2026 17:47:28,23.271
473,07/23/2026 17:57:28,23.228
474,07/23/2026 18:07:28,23.217
475,07/23/2026 18:17:28,23.185
476,07/23/2026 18:27:28,23.174
477,07/23/2026 18:37:28,23.185
478,07/23/2026 18:47:28,23.121
479,07/23/2026 18:57:28,23.078
480,07/23/2026 19:07:28,22.960
481,07/23/2026 19:17:28,22.927
482,07/23/2026 19:27:28,22.927
483,07/23/2026 19:37:28,22.949
484,07/23/2026 19:47:28,22.874
485,07/23/2026 19:57:28,22.820
486,07/23/2026 20:07:28,22.777
487,07/23/2026 20:17:28,22.788
488,07/23/2026 20:27:28,22.810
489,07/23/2026 20:37:28,22.885
490,07/23/2026 20:47:28,22.949
491,07/23/2026 20:57:28,23.003
492,07/23/2026 21:07:28,23.013
493,07/23/2026 21:17:28,23.013
494,07/23/2026 21:27:28,23.024
495,07/23/2026 21:37:28,23.067
496,07/23/2026 21:47:28,23.131
497,07/23/2026 21:57:28,23.239
498,07/23/2026 22:07:28,23.335
499,07/23/2026 22:17:28,23.314
500,07/23/2026 22:27:28,23.335
501,07/23/2026 22:37:28,23.356
502,07/23/2026 22:47:28,23.389
503,07/23/2026 22:57:28,23.453
504,07/23/2026 23:07:28,23.485
505,07/23/2026 23:17:28,23.517
506,07/23/2026 23:27:28,23.560
507,07/23/2026 23:37:28,23.571
508,07/23/2026 23:47:28,23.603
509,07/23/2026 23:57:28,23.592
510,07/24/2026 00:07:28,23.582
511,07/24/2026 00:17:28,23.560
512,07/24/2026 00:27:28,23.507
513,07/24/2026 00:37:28,23.474
514,07/24/2026 00:47:28,23.421
515,07/24/2026 00:57:28,23.356
516,07/24/2026 01:07:28,23.324
517,07/24/2026 01:17:28,23.185
518,07/24/2026 01:27:28,23.163
519,07/24/2026 01:37:28,23.078
520,07/24/2026 01:47:28,23.024
521,07/24/2026 01:57:28,22.960
522,07/24/2026 02:07:28,22.874
523,07/24/2026 02:17:28,22.574
524,07/24/2026 02:27:28,22.552
525,07/24/2026 02:37:28,22.552
526,07/24/2026 02:47:28,22.509
527,07/24/2026 02:57:28,22.413
528,07/24/2026 03:07:28,22.359
529,07/24/2026 03:17:28,22.466
530,07/24/2026 03:27:28,22.595
531,07/24/2026 03:37:28,22.305
532,07/24/2026 03:47:28,21.930
533,07/24/2026 03:57:28,21.855
534,07/24/2026 04:07:28,21.834
535,07/24/2026 04:17:28,21.898
536,07/24/2026 04:27:28,21.984
537,07/24/2026 04:37:28,22.005
538,07/24/2026 04:47:28,21.973
539,07/24/2026 04:57:28,21.941
540,07/24/2026 05:07:28,21.898
541,07/24/2026 05:17:28,21.823
542,07/24/2026 05:27:28,21.726
543,07/24/2026 05:37:28,21.662
544,07/24/2026 05:47:28,21.576
545,07/24/2026 05:57:28,21.490
546,07/24/2026 06:07:28,21.426
547,07/24/2026 06:17:28,21.340
548,07/24/2026 06:27:28,21.276
549,07/24/2026 06:37:28,21.201
550,07/24/2026 06:47:28,21.169
551,07/24/2026 06:57:28,21.158
552,07/24/2026 07:07:28,21.136
553,07/24/2026 07:17:28,21.136
554,07/24/2026 07:27:28,21.126
555,07/24/2026 07:37:28,21.115
556,07/24/2026 07:47:28,21.104
557,07/24/2026 07:57:28,21.115
558,07/24/2026 08:07:28,21.093
559,07/24/2026 08:17:28,21.147
560,07/24/2026 08:27:28,21.201
561,07/24/2026 08:37:28,21.244
562,07/24/2026 08:47:28,21.265
563,07/24/2026 08:57:28,21.276
564,07/24/2026 09:07:28,21.287
565,07/24/2026 09:17:28,21.362
566,07/24/2026 09:27:28,21.415
567,07/24/2026 09:37:28,21.490
568,07/24/2026 09:47:28,21.587
569,07/24/2026 09:57:28,21.662
570,07/24/2026 10:07:28,21.780
571,07/24/2026 10:17:28,21.876
572,07/24/2026 10:27:28,21.962
573,07/24/2026 10:37:28,22.069
574,07/24/2026 10:47:28,22.091
575,07/24/2026 10:57:28,22.177
576,07/24/2026 11:07:28,22.263
577,07/24/2026 11:17:28,22.381
578,07/24/2026 11:27:28,22.552
579,07/24/2026 11:37:28,22.756
580,07/24/2026 11:47:28,22.927
581,07/24/2026 11:57:28,23.078
582,07/24/2026 12:07:28,23.249
583,07/24/2026 12:17:28,23.421
584,07/24/2026 12:27:28,23.625
585,07/24/2026 12:37:28,23.796
586,07/24/2026 12:47:28,23.989
587,07/24/2026 12:57:28,24.182
588,07/24/2026 13:07:28,24.375
589,07/24/2026 13:17:28,24.547
590,07/24/2026 13:27:28,24.740
591,07/24/2026 13:37:28,24.912
592,07/24/2026 13:47:28,25.115
593,07/24/2026 13:57:28,25.319
594,07/24/2026 14:07:28,25.480
595,07/24/2026 14:17:28,25.630
596,07/24/2026 14:27:28,25.748
597,07/24/2026 14:37:28,25.888
598,07/24/2026 14:47:28,25.995
599,07/24/2026 14:57:28,26.124
600,07/24/2026 15:07:28,26.145
601,07/24/2026 15:17:28,25.426
602,07/24/2026 15:27:28,23.389
603,07/24/2026 15:37:28,22.949
604,07/24/2026 15:47:28,22.863
605,07/24/2026 15:57:28,22.842
606,07/24/2026 16:07:28,22.927
607,07/24/2026 16:17:28,23.196
608,07/24/2026 16:27:28,23.485
609,07/24/2026 16:37:28,23.689
610,07/24/2026 16:47:28,23.732
611,07/24/2026 16:57:28,23.668
612,07/24/2026 17:07:28,23.356
613,07/24/2026 17:17:28,23.303
614,07/24/2026 17:27:28,23.185
615,07/24/2026 17:37:28,23.174
616,07/24/2026 17:47:28,23.153
617,07/24/2026 17:57:28,23.078
618,07/24/2026 18:07:28,23.067
619,07/24/2026 18:17:28,22.981
620,07/24/2026 18:27:28,22.927
621,07/24/2026 18:37:28,22.874
622,07/24/2026 18:47:28,22.777
623,07/24/2026 18:57:28,22.702
624,07/24/2026 19:07:28,22.638
625,07/24/2026 19:17:28,22.584
626,07/24/2026 19:27:28,22.509
627,07/24/2026 19:37:28,22.456
628,07/24/2026 19:47:28,22.381
629,07/24/2026 19:57:28,22.402
630,07/24/2026 20:07:28,22.338
631,07/24/2026 20:17:28,22.220
632,07/24/2026 20:27:28,22.209
633,07/24/2026 20:37:28,22.198
634,07/24/2026 20:47:28,22.295
635,07/24/2026 20:57:28,22.295
636,07/24/2026 21:07:28,22.284
637,07/24/2026 21:17:28,22.263
638,07/24/2026 21:27:28,22.327
639,07/24/2026 21:37:28,22.338
640,07/24/2026 21:47:28,22.434
641,07/24/2026 21:57:28,22.466
642,07/24/2026 22:07:28,22.466
643,07/24/2026 22:17:28,22.466
644,07/24/2026 22:27:28,22.466
645,07/24/2026 22:37:28,22.466
646,07/24/2026 22:47:28,22.498
647,07/24/2026 22:57:28,22.563
648,07/24/2026 23:07:28,22.616
649,07/24/2026 23:17:28,22.670
650,07/24/2026 23:27:28,22.724
651,07/24/2026 23:37:28,22.788
652,07/24/2026 23:47:28,22.874
653,07/24/2026 23:57:28,22.927
654,07/25/2026 00:07:28,23.003
655,07/25/2026 00:17:28,23.078
656,07/25/2026 00:27:28,23.142
657,07/25/2026 00:37:28,23.174
658,07/25/2026 00:47:28,23.206
659,07/25/2026 00:57:28,23.249
660,07/25/2026 01:07:28,23.271
661,07/25/2026 01:17:28,23.303
662,07/25/2026 01:27:28,23.314
663,07/25/2026 01:37:28,23.303
664,07/25/2026 01:47:28,23.292
665,07/25/2026 01:57:28,23.260
666,07/25/2026 02:07:28,23.239
667,07/25/2026 02:17:28,23.196
668,07/25/2026 02:27:28,23.121
669,07/25/2026 02:37:28,23.088
670,07/25/2026 02:47:28,23.013
671,07/25/2026 02:57:28,22.960
672,07/25/2026 03:07:28,22.895
673,07/25/2026 03:17:28,22.788
674,07/25/2026 03:27:28,22.638
675,07/25/2026 03:37:28,22.552
676,07/25/2026 03:47:28,22.595
677,07/25/2026 03:57:28,22.574
678,07/25/2026 04:07:28,22.552
679,07/25/2026 04:17:28,22.681
680,07/25/2026 04:27:28,22.584
681,07/25/2026 04:37:28,22.552
682,07/25/2026 04:47:28,22.498
683,07/25/2026 04:57:28,22.477
684,07/25/2026 05:07:28,22.466
685,07/25/2026 05:17:28,22.498
686,07/25/2026 05:27:28,22.466
687,07/25/2026 05:37:28,22.423
688,07/25/2026 05:47:28,22.370
689,07/25/2026 05:57:28,22.316
690,07/25/2026 06:07:28,22.284
691,07/25/2026 06:17:28,22.263
692,07/25/2026 06:27:28,22.241
693,07/25/2026 06:37:28,22.209
694,07/25/2026 06:47:28,22.166
695,07/25/2026 06:57:28,22.080
696,07/25/2026 07:07:28,22.037
697,07/25/2026 07:17:28,21.994
698,07/25/2026 07:27:28,21.984
699,07/25/2026 07:37:28,21.994
700,07/25/2026 07:47:28,22.005
701,07/25/2026 07:57:28,22.005
702,07/25/2026 08:07:28,22.016
703,07/25/2026 08:17:28,22.016
704,07/25/2026 08:27:28,22.027
705,07/25/2026 08:37:28,22.005
706,07/25/2026 08:47:28,21.952
707,07/25/2026 08:57:28,21.952
708,07/25/2026 09:07:28,22.005
709,07/25/2026 09:17:28,22.048
710,07/25/2026 09:27:28,22.048
711,07/25/2026 09:37:28,22.059
712,07/25/2026 09:47:28,22.102
713,07/25/2026 09:57:28,22.123
714,07/25/2026 10:07:28,22.198
715,07/25/2026 10:17:28,22.305
716,07/25/2026 10:27:28,22.391
717,07/25/2026 10:37:28,22.445
718,07/25/2026 10:47:28,22.531
719,07/25/2026 10:57:28,22.638
720,07/25/2026 11:07:28,22.702
721,07/25/2026 11:17:28,22.767
722,07/25/2026 11:27:28,22.820
723,07/25/2026 11:37:28,22.917
724,07/25/2026 11:47:28,23.035
725,07/25/2026 11:57:28,23.121
726,07/25/2026 12:07:28,23.228
727,07/25/2026 12:17:28,23.335
728,07/25/2026 12:27:28,23.507
729,07/25/2026 12:37:28,23.646
730,07/25/2026 12:47:28,23.796
731,07/25/2026 12:57:28,23.946
732,07/25/2026 13:07:28,24.097
733,07/25/2026 13:17:28,24.236
734,07/25/2026 13:27:28,24.386
735,07/25/2026 13:37:28,24.526
736,07/25/2026 13:47:28,24.654
737,07/25/2026 13:57:28,24.804
738,07/25/2026 14:07:28,24.912
739,07/25/2026 14:17:28,25.040
740,07/25/2026 14:27:28,25.148
741,07/25/2026 14:37:28,25.266
742,07/25/2026 14:47:28,25.373
743,07/25/2026 14:57:28,25.491
744,07/25/2026 15:07:28,25.587
745,07/25/2026 15:17:28,25.695
746,07/25/2026 15:27:28,25.748
747,07/25/2026 15:37:28,25.855
748,07/25/2026 15:47:28,25.920
749,07/25/2026 15:57:28,25.898
750,07/25/2026 16:07:28,25.641
751,07/25/2026 16:17:28,24.761
752,07/25/2026 16:27:28,24.761
753,07/25/2026 16:37:28,24.493
754,07/25/2026 16:47:28,24.493
755,07/25/2026 16:57:28,24.515
756,07/25/2026 17:07:28,24.526
757,07/25/2026 17:17:28,24.568
758,07/25/2026 17:27:28,24.504
759,07/25/2026 17:37:28,24.429
760,07/25/2026 17:47:28,24.204
761,07/25/2026 17:57:28,24.011
762,07/25/2026 18:07:28,24.021
763,07/25/2026 18:17:28,24.000
764,07/25/2026 18:27:28,24.043
765,07/25/2026 18:37:28,24.064
766,07/25/2026 18:47:28,24.054
767,07/25/2026 18:57:28,24.021
768,07/25/2026 19:07:28,23.968
769,07/25/2026 19:17:28,23.882
770,07/25/2026 19:27:28,23.775
771,07/25/2026 19:37:28,23.678
772,07/25/2026 19:47:28,23.614
773,07/25/2026 19:57:28,23.550
774,07/25/2026 20:07:28,23.485
775,07/25/2026 20:17:28,23.453
776,07/25/2026 20:27:28,23.389
777,07/25/2026 20:37:28,23.324
778,07/25/2026 20:47:28,23.271
779,07/25/2026 20:57:28,23.217
780,07/25/2026 21:07:28,23.174
781,07/25/2026 21:17:28,23.131
782,07/25/2026 21:27:28,23.131
783,07/25/2026 21:37:28,23.131
784,07/25/2026 21:47:28,23.142
785,07/25/2026 21:57:28,23.163
786,07/25/2026 22:07:28,23.131
787,07/25/2026 22:17:28,23.121
788,07/25/2026 22:27:28,23.110
789,07/25/2026 22:37:28,23.121
790,07/25/2026 22:47:28,23.131
791,07/25/2026 22:57:28,23.142
792,07/25/2026 23:07:28,23.174
793,07/25/2026 23:17:28,23.196
794,07/25/2026 23:27:28,23.206
795,07/25/2026 23:37:28,23.249
796,07/25/2026 23:47:28,23.292
797,07/25/2026 23:57:28,23.346
798,07/26/2026 00:07:28,23.389
799,07/26/2026 00:17:28,23.453
800,07/26/2026 00:27:28,23.474
801,07/26/2026 00:37:28,23.528
802,07/26/2026 00:47:28,23.571
803,07/26/2026 00:57:28,23.603
804,07/26/2026 01:07:28,23.571
805,07/26/2026 01:17:28,23.550
806,07/26/2026 01:27:28,23.539
807,07/26/2026 01:37:28,23.539
808,07/26/2026 01:47:28,23.528
809,07/26/2026 01:57:28,23.507
810,07/26/2026 02:07:28,23.496
811,07/26/2026 02:17:28,23.453
812,07/26/2026 02:27:28,23.389
813,07/26/2026 02:37:28,23.324
814,07/26/2026 02:47:28,23.271
815,07/26/2026 02:57:28,23.217
816,07/26/2026 03:07:28,23.174
817,07/26/2026 03:17:28,23.099
818,07/26/2026 03:27:28,23.013
819,07/26/2026 03:37:28,22.938
820,07/26/2026 03:47:28,22.885
821,07/26/2026 03:57:28,22.852
822,07/26/2026 04:07:28,22.788
823,07/26/2026 04:17:28,22.606
824,07/26/2026 04:27:28,22.509
825,07/26/2026 04:37:28,22.445
826,07/26/2026 04:47:28,22.456
827,07/26/2026 04:57:28,22.488
828,07/26/2026 05:07:28,22.777
829,07/26/2026 05:17:28,22.820
830,07/26/2026 05:27:28,22.767
831,07/26/2026 05:37:28,22.724
832,07/26/2026 05:47:28,22.692
833,07/26/2026 05:57:28,22.638
834,07/26/2026 06:07:28,22.649
835,07/26/2026 06:17:28,22.638
836,07/26/2026 06:27:28,22.627
837,07/26/2026 06:37:28,22.606
838,07/26/2026 06:47:28,22.606
839,07/26/2026 06:57:28,22.584
840,07/26/2026 07:07:28,22.552
841,07/26/2026 07:17:28,22.531
842,07/26/2026 07:27:28,22.498
843,07/26/2026 07:37:28,22.488
844,07/26/2026 07:47:28,22.488
845,07/26/2026 07:57:28,22.498
846,07/26/2026 08:07:28,22.498
847,07/26/2026 08:17:28,22.520
848,07/26/2026 08:27:28,22.509
849,07/26/2026 08:37:28,22.520
850,07/26/2026 08:47:28,22.541
851,07/26/2026 08:57:28,22.552
852,07/26/2026 09:07:28,22.584
853,07/26/2026 09:17:28,22.606
854,07/26/2026 09:27:28,22.627
855,07/26/2026 09:37:28,22.670
856,07/26/2026 09:47:28,22.713
857,07/26/2026 09:57:28,22.756
858,07/26/2026 10:07:28,22.767
859,07/26/2026 10:17:28,22.820
860,07/26/2026 10:27:28,22.863
861,07/26/2026 10:37:28,22.885
862,07/26/2026 10:47:28,22.992
863,07/26/2026 10:57:28,23.067
864,07/26/2026 11:07:28,23.131
865,07/26/2026 11:17:28,23.163
866,07/26/2026 11:27:28,23.239
867,07/26/2026 11:37:28,23.303
868,07/26/2026 11:47:28,23.335
869,07/26/2026 11:57:28,23.399
870,07/26/2026 12:07:28,23.474
871,07/26/2026 12:17:28,23.528
872,07/26/2026 12:27:28,23.592
873,07/26/2026 12:37:28,23.700
874,07/26/2026 12:47:28,23.796
875,07/26/2026 12:57:28,23.882
876,07/26/2026 13:07:28,23.957
877,07/26/2026 13:17:28,24.097
878,07/26/2026 13:27:28,24.268
879,07/26/2026 13:37:28,24.440
880,07/26/2026 13:47:28,24.633
881,07/26/2026 13:57:28,24.826
882,07/26/2026 14:07:28,24.987
883,07/26/2026 14:17:28,25.126
884,07/26/2026 14:27:28,25.255
885,07/26/2026 14:37:28,25.373
886,07/26/2026 14:47:28,25.491
887,07/26/2026 14:57:28,25.630
888,07/26/2026 15:07:28,25.748
889,07/26/2026 15:17:28,25.855
890,07/26/2026 15:27:28,25.952
891,07/26/2026 15:37:28,26.038
892,07/26/2026 15:47:28,26.156
893,07/26/2026 15:57:28,26.242
894,07/26/2026 16:07:28,26.317
895,07/26/2026 16:17:28,26.349
896,07/26/2026 16:27:28,26.381
897,07/26/2026 16:37:28,26.477
898,07/26/2026 16:47:28,26.585
899,07/26/2026 16:57:28,26.317
900,07/26/2026 17:07:28,24.997
901,07/26/2026 17:17:28,24.236
902,07/26/2026 17:27:28,24.257
903,07/26/2026 17:37:28,24.515
904,07/26/2026 17:47:28,24.633
905,07/26/2026 17:57:28,24.740
906,07/26/2026 18:07:28,24.890
907,07/26/2026 18:17:28,24.815
908,07/26/2026 18:27:28,24.783
909,07/26/2026 18:37:28,24.772
910,07/26/2026 18:47:28,24.686
911,07/26/2026 18:57:28,24.772
912,07/26/2026 19:07:28,24.751
913,07/26/2026 19:17:28,24.654
914,07/26/2026 19:27:28,24.558
915,07/26/2026 19:37:28,24.461
916,07/26/2026 19:47:28,24.365
917,07/26/2026 19:57:28,24.247
918,07/26/2026 20:07:28,24.139
919,07/26/2026 20:17:28,24.097
920,07/26/2026 20:27:28,24.139
921,07/26/2026 20:37:28,24.097
922,07/26/2026 20:47:28,24.064
923,07/26/2026 20:57:28,24.043
924,07/26/2026 21:07:28,23.903
925,07/26/2026 21:17:28,23.796
926,07/26/2026 21:27:28,23.700
927,07/26/2026 21:37:28,23.592
928,07/26/2026 21:47:28,23.539
929,07/26/2026 21:57:28,23.399
930,07/26/2026 22:07:28,23.378
931,07/26/2026 22:17:28,23.378
932,07/26/2026 22:27:28,23.346
933,07/26/2026 22:37:28,23.346
934,07/26/2026 22:47:28,23.389
935,07/26/2026 22:57:28,23.389
936,07/26/2026 23:07:28,23.453
937,07/26/2026 23:17:28,23.528
938,07/26/2026 23:27:28,23.571
939,07/26/2026 23:37:28,23.592
940,07/26/2026 23:47:28,23.614
941,07/26/2026 23:57:28,23.646
942,07/27/2026 00:07:28,23.657
943,07/27/2026 00:17:28,23.689
944,07/27/2026 00:27:28,23.732
945,07/27/2026 00:37:28,23.753
946,07/27/2026 00:47:28,23.807
947,07/27/2026 00:57:28,23.828
948,07/27/2026 01:07:28,23.839
949,07/27/2026 01:17:28,23.882
950,07/27/2026 01:27:28,23.936
951,07/27/2026 01:37:28,23.979
952,07/27/2026 01:47:28,24.032
953,07/27/2026 01:57:28,24.021
954,07/27/2026 02:07:28,23.968
955,07/27/2026 02:17:28,23.946
956,07/27/2026 02:27:28,23.936
957,07/27/2026 02:37:28,23.936
958,07/27/2026 02:47:28,23.936
959,07/27/2026 02:57:28,23.925
960,07/27/2026 03:07:28,23.903
961,07/27/2026 03:17:28,23.861
962,07/27/2026 03:27:28,23.818
963,07/27/2026 03:37:28,23.764
964,07/27/2026 03:47:28,23.710
965,07/27/2026 03:57:28,23.668
966,07/27/2026 04:07:28,23.592
967,07/27/2026 04:17:28,23.550
968,07/27/2026 04:27:28,23.485
969,07/27/2026 04:37:28,23.453
970,07/27/2026 04:47:28,23.399
971,07/27/2026 04:57:28,23.292
972,07/27/2026 05:07:28,23.185
973,07/27/2026 05:17:28,23.142
974,07/27/2026 05:27:28,23.110
975,07/27/2026 05:37:28,23.099
976,07/27/2026 05:47:28,23.217
977,07/27/2026 05:57:28,23.013
978,07/27/2026 06:07:28,22.927
979,07/27/2026 06:17:28,22.970
980,07/27/2026 06:27:28,23.013
981,07/27/2026 06:37:28,23.045
982,07/27/2026 06:47:28,23.013
983,07/27/2026 06:57:28,23.013
984,07/27/2026 07:07:28,22.992
985,07/27/2026 07:17:28,22.960
986,07/27/2026 07:27:28,22.981
987,07/27/2026 07:37:28,22.981
988,07/27/2026 07:47:28,22.949
989,07/27/2026 07:57:28,22.874
990,07/27/2026 08:07:28,22.842
991,07/27/2026 08:17:28,22.820
992,07/27/2026 08:27:28,22.777
993,07/27/2026 08:37:28,22.724
994,07/27/2026 08:47:28,22.702
995,07/27/2026 08:57:28,22.627
996,07/27/2026 09:07:28,22.681
997,07/27/2026 09:17:28,22.724
998,07/27/2026 09:27:28,22.767
999,07/27/2026 09:37:28,22.852
1000,07/27/2026 09:47:28,22.874
1001,07/27/2026 09:57:28,22.949
1002,07/27/2026 10:07:28,22.906
1003,07/27/2026 10:17:28,22.895
1004,07/27/2026 10:27:28,22.831
1005,07/27/2026 10:37:28,22.852
1006,07/27/2026 10:47:28,22.799
1007,07/27/2026 10:57:28,22.895
1008,07/27/2026 11:07:28,22.906
1009,07/27/2026 11:17:28,22.981
1010,07/27/2026 11:27:28,23.013
1011,07/27/2026 11:37:28,23.013
1012,07/27/2026 11:47:28,23.131
1013,07/27/2026 11:57:28,23.335
1014,07/27/2026 12:07:28,23.453
1015,07/27/2026 12:17:28,23.592
1016,07/27/2026 12:27:28,23.753
1017,07/27/2026 12:37:28,23.850
1018,07/27/2026 12:47:28,23.936
1019,07/27/2026 12:57:28,23.968
1020,07/27/2026 13:07:28,24.043
1021,07/27/2026 13:17:28,24.107
1022,07/27/2026 13:27:28,24.193
1023,07/27/2026 13:37:28,24.257
1024,07/27/2026 13:47:28,24.343
1025,07/27/2026 13:57:28,24.483
1026,07/27/2026 14:07:28,24.686
1027,07/27/2026 14:17:28,24.901
1028,07/27/2026 14:27:28,25.148
1029,07/27/2026 14:37:28,25.373
1030,07/27/2026 14:47:28,25.609
1031,07/27/2026 14:57:28,25.855
1032,07/27/2026 15:07:28,26.038
1033,07/27/2026 15:17:28,26.199
1034,07/27/2026 15:27:28,26.327
1035,07/27/2026 15:37:28,26.477
1036,07/27/2026 15:47:28,26.617
1037,07/27/2026 15:57:28,26.756
1038,07/27/2026 16:07:28,26.864
1039,07/27/2026 16:17:28,26.949
1040,07/27/2026 16:27:28,27.014
1041,07/27/2026 16:37:28,27.110
1042,07/27/2026 16:47:28,27.164
1043,07/27/2026 16:57:28,27.207
1044,07/27/2026 17:07:28,27.250
1045,07/27/2026 17:17:28,27.271
1046,07/27/2026 17:27:28,27.336
1047,07/27/2026 17:37:28,27.421
1048,07/27/2026 17:47:28,27.078
1049,07/27/2026 17:57:28,25.030
1050,07/27/2026 18:07:28,24.526
1051,07/27/2026 18:17:28,24.794
1052,07/27/2026 18:27:28,25.148
1053,07/27/2026 18:37:28,25.577
1054,07/27/2026 18:47:28,25.866
1055,07/27/2026 18:57:28,25.834
1056,07/27/2026 19:07:28,25.716
1057,07/27/2026 19:17:28,25.630
1058,07/27/2026 19:27:28,25.577
1059,07/27/2026 19:37:28,25.405
1060,07/27/2026 19:47:28,25.351
1061,07/27/2026 19:57:28,25.351
1062,07/27/2026 20:07:28,25.373
1063,07/27/2026 20:17:28,25.362
1064,07/27/2026 20:27:28,25.287
1065,07/27/2026 20:37:28,25.169
1066,07/27/2026 20:47:28,25.148
1067,07/27/2026 20:57:28,25.062
1068,07/27/2026 21:07:28,24.987
1069,07/27/2026 21:17:28,24.944
1070,07/27/2026 21:27:28,24.869
1071,07/27/2026 21:37:28,24.869
1072,07/27/2026 21:47:28,24.772
1073,07/27/2026 21:57:28,24.719
1074,07/27/2026 22:07:28,24.633
1075,07/27/2026 22:17:28,24.558
1076,07/27/2026 22:27:28,24.483
1077,07/27/2026 22:37:28,24.343
1078,07/27/2026 22:47:28,24.290
1079,07/27/2026 22:57:28,24.225
1080,07/27/2026 23:07:28,24.107
1081,07/27/2026 23:17:28,24.064
1082,07/27/2026 23:27:28,24.086
1083,07/27/2026 23:37:28,24.086
1084,07/27/2026 23:47:28,24.139
1085,07/27/2026 23:57:28,24.300
1086,07/28/2026 00:07:28,24.408
1087,07/28/2026 00:17:28,24.450
1088,07/28/2026 00:27:28,24.493
1089,07/28/2026 00:37:28,24.515
1090,07/28/2026 00:47:28,24.536
1091,07/28/2026 00:57:28,24.558
1092,07/28/2026 01:07:28,24.601
1093,07/28/2026 01:17:28,24.633
1094,07/28/2026 01:27:28,24.644
1095,07/28/2026 01:37:28,24.644
1096,07/28/2026 01:47:28,24.665
1097,07/28/2026 01:57:28,24.697
1098,07/28/2026 02:07:28,24.740
1099,07/28/2026 02:17:28,24.772
1100,07/28/2026 02:27:28,24.794
1101,07/28/2026 02:37:28,24.772
1102,07/28/2026 02:47:28,24.740
1103,07/28/2026 02:57:28,24.729
1104,07/28/2026 03:07:28,24.719
1105,07/28/2026 03:17:28,24.708
1106,07/28/2026 03:27:28,24.686
1107,07/28/2026 03:37:28,24.654
1108,07/28/2026 03:47:28,24.611
1109,07/28/2026 03:57:28,24.568
1110,07/28/2026 04:07:28,24.493
1111,07/28/2026 04:17:28,24.429
1112,07/28/2026 04:27:28,24.375
1113,07/28/2026 04:37:28,24.332
1114,07/28/2026 04:47:28,24.268
1115,07/28/2026 04:57:28,24.257
1116,07/28/2026 05:07:28,24.204
1117,07/28/2026 05:17:28,24.161
1118,07/28/2026 05:27:28,24.107
1119,07/28/2026 05:37:28,24.021
1120,07/28/2026 05:47:28,23.925
1121,07/28/2026 05:57:28,23.882
1122,07/28/2026 06:07:28,23.871
1123,07/28/2026 06:17:28,23.882
1124,07/28/2026 06:27:28,23.968
1125,07/28/2026 06:37:28,23.850
1126,07/28/2026 06:47:28,23.689
1127,07/28/2026 06:57:28,23.700
1128,07/28/2026 07:07:28,23.743
1129,07/28/2026 07:17:28,23.753
1130,07/28/2026 07:27:28,23.796
1131,07/28/2026 07:37:28,23.796
1132,07/28/2026 07:47:28,23.807
1133,07/28/2026 07:57:28,23.818
1134,07/28/2026 08:07:28,23.818
1135,07/28/2026 08:17:28,23.850
1136,07/28/2026 08:27:28,23.850
1137,07/28/2026 08:37:28,23.861
1138,07/28/2026 08:47:28,23.828
1139,07/28/2026 08:57:28,23.818
1140,07/28/2026 09:07:28,23.775
1141,07/28/2026 09:17:28,23.775
1142,07/28/2026 09:27:28,23.743
1143,07/28/2026 09:37:28,23.732
1144,07/28/2026 09:47:28,23.732
1145,07/28/2026 09:57:28,23.732
1146,07/28/2026 10:07:28,23.764
1147,07/28/2026 10:17:28,23.785
1148,07/28/2026 10:27:28,23.796
1149,07/28/2026 10:37:28,23.839
1150,07/28/2026 10:47:28,23.861
1151,07/28/2026 10:57:28,23.850
1152,07/28/2026 11:07:28,23.882
1153,07/28/2026 11:17:28,23.850
1154,07/28/2026 11:27:28,23.807
1155,07/28/2026 11:37:28,23.839
1156,07/28/2026 11:47:28,23.861
1157,07/28/2026 11:57:28,23.882
1158,07/28/2026 12:07:28,23.903
1159,07/28/2026 12:17:28,23.989
1160,07/28/2026 12:27:28,24.054
1161,07/28/2026 12:37:28,24.204
1162,07/28/2026 12:47:28,24.279
1163,07/28/2026 12:57:28,24.397
1164,07/28/2026 13:07:28,24.568
1165,07/28/2026 13:17:28,24.676
1166,07/28/2026 13:27:28,24.697
1167,07/28/2026 13:37:28,24.708
1168,07/28/2026 13:47:28,24.794
1169,07/28/2026 13:57:28,24.794
1170,07/28/2026 14:07:28,24.804
1171,07/28/2026 14:17:28,24.826
1172,07/28/2026 14:27:28,24.858
1173,07/28/2026 14:37:28,24.933
1174,07/28/2026 14:47:28,25.083
1175,07/28/2026 14:57:28,25.212
1176,07/28/2026 15:07:28,25.341
1177,07/28/2026 15:17:28,25.437
1178,07/28/2026 15:27:28,25.577
1179,07/28/2026 15:37:28,25.705
1180,07/28/2026 15:47:28,25.791
1181,07/28/2026 15:57:28,25.845
1182,07/28/2026 16:07:28,25.898
1183,07/28/2026 16:17:28,25.920
1184,07/28/2026 16:27:28,25.909
1185,07/28/2026 16:37:28,25.898
1186,07/28/2026 16:47:28,25.866
1187,07/28/2026 16:57:28,25.823
1188,07/28/2026 17:07:28,25.780
1189,07/28/2026 17:17:28,25.737
1190,07/28/2026 17:27:28,25.684
1191,07/28/2026 17:37:28,25.641
1192,07/28/2026 17:47:28,25.587
1193,07/28/2026 17:57:28,25.512
1194,07/28/2026 18:07:28,25.426
1195,07/28/2026 18:17:28,25.426
1196,07/28/2026 18:27:28,25.469
1197,07/28/2026 18:37:28,24.601
1198,07/28/2026 18:47:28,24.504
1199,07/28/2026 18:57:28,24.579
1200,07/28/2026 19:07:28,24.772
1201,07/28/2026 19:17:28,24.826
1202,07/28/2026 19:27:28,24.837
1203,07/28/2026 19:37:28,24.826
1204,07/28/2026 19:47:28,24.772
1205,07/28/2026 19:57:28,24.686
1206,07/28/2026 20:07:28,24.579
1207,07/28/2026 20:17:28,24.515
1208,07/28/2026 20:27:28,24.429
1209,07/28/2026 20:37:28,24.343
1210,07/28/2026 20:47:28,24.236
1211,07/28/2026 20:57:28,24.214
1212,07/28/2026 21:07:28,24.139
1213,07/28/2026 21:17:28,24.075
1214,07/28/2026 21:27:28,24.011
1215,07/28/2026 21:37:28,23.946
1216,07/28/2026 21:47:28,23.946
1217,07/28/2026 21:57:28,23.936
1218,07/28/2026 22:07:28,23.936
1219,07/28/2026 22:17:28,23.903
1220,07/28/2026 22:27:28,23.871
1221,07/28/2026 22:37:28,23.850
1222,07/28/2026 22:47:28,23.828
1223,07/28/2026 22:57:28,23.818
1224,07/28/2026 23:07:28,23.775
1225,07/28/2026 23:17:28,23.764
1226,07/28/2026 23:27:28,23.775
1227,07/28/2026 23:37:28,23.785
1228,07/28/2026 23:47:28,23.775
1229,07/28/2026 23:57:28,23.785
1230,07/29/2026 00:07:28,23.796
1231,07/29/2026 00:17:28,23.807
1232,07/29/2026 00:27:28,23.796
1233,07/29/2026 00:37:28,23.785
1234,07/29/2026 00:47:28,23.764
1235,07/29/2026 00:57:28,23.764
1236,07/29/2026 01:07:28,23.775
1237,07/29/2026 01:17:28,23.775
1238,07/29/2026 01:27:28,23.764
1239,07/29/2026 01:37:28,23.764
1240,07/29/2026 01:47:28,23.764
1241,07/29/2026 01:57:28,23.775
1242,07/29/2026 02:07:28,23.796
1243,07/29/2026 02:17:28,23.818
1244,07/29/2026 02:27:28,23.818
1245,07/29/2026 02:37:28,23.839
1246,07/29/2026 02:47:28,23.871
1247,07/29/2026 02:57:28,23.882
1248,07/29/2026 03:07:28,23.893
1249,07/29/2026 03:17:28,23.903
1250,07/29/2026 03:27:28,23.925
1251,07/29/2026 03:37:28,23.903
1252,07/29/2026 03:47:28,23.850
1253,07/29/2026 03:57:28,23.818
1254,07/29/2026 04:07:28,23.732
1255,07/29/2026 04:17:28,23.678
1256,07/29/2026 04:27:28,23.635
1257,07/29/2026 04:37:28,23.539
1258,07/29/2026 04:47:28,23.421
1259,07/29/2026 04:57:28,23.314
1260,07/29/2026 05:07:28,23.174
1261,07/29/2026 05:17:28,22.960
1262,07/29/2026 05:27:28,22.702
1263,07/29/2026 05:37:28,22.402
1264,07/29/2026 05:47:28,22.241
1265,07/29/2026 05:57:28,22.123
1266,07/29/2026 06:07:28,22.005
1267,07/29/2026 06:17:28,21.952
1268,07/29/2026 06:27:28,21.898
1269,07/29/2026 06:37:28,21.866
1270,07/29/2026 06:47:28,21.834
1271,07/29/2026 06:57:28,21.812
1272,07/29/2026 07:07:28,21.791
1273,07/29/2026 07:17:28,21.780
1274,07/29/2026 07:27:28,21.748
1275,07/29/2026 07:37:28,21.748
1276,07/29/2026 07:47:28,21.737
1277,07/29/2026 07:57:28,21.726
1278,07/29/2026 08:07:28,21.716
1279,07/29/2026 08:17:28,21.705
1280,07/29/2026 08:27:28,21.705
1281,07/29/2026 08:37:28,22.241
1282,07/29/2026 08:47:28,23.163
1283,07/29/2026 08:57:28,23.646
1284,07/29/2026 09:07:28,23.732
1285,07/29/2026 09:17:28,23.818
1286,07/29/2026 09:27:28,23.785
1287,07/29/2026 09:37:28,23.764
1288,07/29/2026 09:47:28,23.764
1289,07/29/2026 09:57:28,23.764
1290,07/29/2026 10:07:28,23.732
1291,07/29/2026 10:17:28,23.721
1292,07/29/2026 10:27:28,23.668
1293,07/29/2026 10:37:28,23.657
1294,07/29/2026 10:47:28,23.646
1295,07/29/2026 10:57:28,23.646
1296,07/29/2026 11:07:28,23.646
1297,07/29/2026 11:17:28,23.657
1298,07/29/2026 11:27:28,23.646
1299,07/29/2026 11:37:28,23.646
1300,07/29/2026 11:47:28,23.646
1301,07/29/2026 11:57:28,23.646
1302,07/29/2026 12:07:28,23.635
1303,07/29/2026 12:17:28,23.635
1304,07/29/2026 12:27:28,23.635
1305,07/29/2026 12:37:28,23.646
1306,07/29/2026 12:47:28,23.635
1307,07/29/2026 12:57:28,23.646
1308,07/29/2026 13:07:28,23.646
1309,07/29/2026 13:17:28,23.657
1310,07/29/2026 13:27:28,23.678
1311,07/29/2026 13:37:28,23.668
1312,07/29/2026 13:47:28,23.678
1313,07/29/2026 13:57:28,23.678
1314,07/29/2026 14:07:28,23.657
1315,07/29/2026 14:17:28,23.592
1316,07/29/2026 14:27:28,23.625
1317,07/29/2026 14:37:28,23.625
1318,07/29/2026 14:47:28,23.893
1319,07/29/2026 14:57:28,24.011
1320,07/29/2026 15:07:28,24.086
1321,07/29/2026 15:17:28,24.193
1322,07/29/2026 15:27:28,24.129
1323,07/29/2026 15:37:28,24.097
1324,07/29/2026 15:47:28,24.043
1325,07/29/2026 15:57:28,24.161
1326,07/29/2026 16:07:28,24.204
1327,07/29/2026 16:17:28,24.225
1328,07/29/2026 16:27:28,24.483
1329,07/29/2026 16:37:28,24.429
1330,07/29/2026 16:47:28,24.343
1331,07/29/2026 16:57:28,24.311
1332,07/29/2026 17:07:28,24.279
1333,07/29/2026 17:17:28,24.268
1334,07/29/2026 17:27:28,24.268
1335,07/29/2026 17:37:28,24.225
1336,07/29/2026 17:47:28,24.225
1337,07/29/2026 17:57:28,24.161
1338,07/29/2026 18:07:28,24.107
1339,07/29/2026 18:17:28,24.064
1340,07/29/2026 18:27:28,24.043
1341,07/29/2026 18:37:28,24.021
1342,07/29/2026 18:47:28,23.946
1343,07/29/2026 18:57:28,23.946
1344,07/29/2026 19:07:28,23.936
1345,07/29/2026 19:17:28,24.011
1346,07/29/2026 19:27:28,24.150
1347,07/29/2026 19:37:28,24.225
1348,07/29/2026 19:47:28,24.236
1349,07/29/2026 19:57:28,24.354
1350,07/29/2026 20:07:28,24.418
1351,07/29/2026 20:17:28,24.483
1352,07/29/2026 20:27:28,24.483
1353,07/29/2026 20:37:28,24.461
1354,07/29/2026 20:47:28,24.429
1355,07/29/2026 20:57:28,24.440
1356,07/29/2026 21:07:28,24.450
1357,07/29/2026 21:17:28,24.440
1358,07/29/2026 21:27:28,24.429
1359,07/29/2026 21:37:28,24.408
1360,07/29/2026 21:47:28,24.408
1361,07/29/2026 21:57:28,24.397
1362,07/29/2026 22:07:28,24.343
1363,07/29/2026 22:17:28,24.300
1364,07/29/2026 22:27:28,24.247
1365,07/29/2026 22:37:28,24.204
1366,07/29/2026 22:47:28,24.257
1367,07/29/2026 22:57:28,24.257
1368,07/29/2026 23:07:28,24.257
1369,07/29/2026 23:17:28,24.268
1370,07/29/2026 23:27:28,24.279
1371,07/29/2026 23:37:28,24.290
1372,07/29/2026 23:47:28,24.279
1373,07/29/2026 23:57:28,24.279
1374,07/30/2026 00:07:28,24.279
1375,07/30/2026 00:17:28,24.279
1376,07/30/2026 00:27:28,24.279
1377,07/30/2026 00:37:28,24.279
1378,07/30/2026 00:47:28,24.279
1379,07/30/2026 00:57:28,24.279
1380,07/30/2026 01:07:28,24.279
1381,07/30/2026 01:17:28,24.279
1382,07/30/2026 01:27:28,24.268
1383,07/30/2026 01:37:28,24.193
1384,07/30/2026 01:47:28,24.257
1385,07/30/2026 01:57:28,24.268
1386,07/30/2026 02:07:28,24.257
1387,07/30/2026 02:17:28,24.225
1388,07/30/2026 02:27:28,24.172
1389,07/30/2026 02:37:28,24.107
1390,07/30/2026 02:47:28,24.097
1391,07/30/2026 02:57:28,24.086
1392,07/30/2026 03:07:28,24.086
1393,07/30/2026 03:17:28,24.086
1394,07/30/2026 03:27:28,24.054
1395,07/30/2026 03:37:28,23.989
1396,07/30/2026 03:47:28,23.882
1397,07/30/2026 03:57:28,23.764
1398,07/30/2026 04:07:28,23.614
1399,07/30/2026 04:17:28,23.507
1400,07/30/2026 04:27:28,23.399
1401,07/30/2026 04:37:28,23.281
1402,07/30/2026 04:47:28,23.174
1403,07/30/2026 04:57:28,23.067
1404,07/30/2026 05:07:28,22.960
1405,07/30/2026 05:17:28,22.874
1406,07/30/2026 05:27:28,22.820
1407,07/30/2026 05:37:28,22.756
1408,07/30/2026 05:47:28,22.713
1409,07/30/2026 05:57:28,22.649
1410,07/30/2026 06:07:28,22.595
1411,07/30/2026 06:17:28,22.563
1412,07/30/2026 06:27:28,22.552
1413,07/30/2026 06:37:28,22.509
1414,07/30/2026 06:47:28,22.466
1415,07/30/2026 06:57:28,22.434
1416,07/30/2026 07:07:28,22.381
1417,07/30/2026 07:17:28,22.327
1418,07/30/2026 07:27:28,22.241
1419,07/30/2026 07:37:28,22.209
1420,07/30/2026 07:47:28,22.145
1421,07/30/2026 07:57:28,22.187
1422,07/30/2026 08:07:28,23.335
1423,07/30/2026 08:17:28,23.442
1424,07/30/2026 08:27:28,23.743
1425,07/30/2026 08:37:28,23.689
1426,07/30/2026 08:47:28,23.678
1427,07/30/2026 08:57:28,23.689
1428,07/30/2026 09:07:28,23.689
1429,07/30/2026 09:17:28,23.710
1430,07/30/2026 09:27:28,23.775
1431,07/30/2026 09:37:28,23.764
1432,07/30/2026 09:47:28,23.785
1433,07/30/2026 09:57:28,23.764
1434,07/30/2026 10:07:28,23.732
1435,07/30/2026 10:17:28,23.721
1436,07/30/2026 10:27:28,23.710
1437,07/30/2026 10:37:28,23.710
1438,07/30/2026 10:47:28,23.721
1439,07/30/2026 10:57:28,23.721
1440,07/30/2026 11:07:28,23.732
1441,07/30/2026 11:17:28,23.743
1442,07/30/2026 11:27:28,23.732
1443,07/30/2026 11:37:28,23.721
1444,07/30/2026 11:47:28,23.700
1445,07/30/2026 11:57:28,23.678
1446,07/30/2026 12:07:28,23.700
1447,07/30/2026 12:17:28,23.689
1448,07/30/2026 12:27:28,23.678
1449,07/30/2026 12:37:28,23.678
1450,07/30/2026 12:47:28,23.700
1451,07/30/2026 12:57:28,23.700
1452,07/30/2026 13:07:28,23.710
1453,07/30/2026 13:17:28,23.721
1454,07/30/2026 13:27:28,23.732
1455,07/30/2026 13:37:28,23.753
1456,07/30/2026 13:47:28,23.893
1457,07/30/2026 13:57:28,23.946
1458,07/30/2026 14:07:28,23.989
1459,07/30/2026 14:17:28,24.011
1460,07/30/2026 14:27:28,24.054
1461,07/30/2026 14:37:28,24.021
1462,07/30/2026 14:47:28,24.011
1463,07/30/2026 14:57:28,24.021
1464,07/30/2026 15:07:28,24.021
1465,07/30/2026 15:17:28,24.032
1466,07/30/2026 15:27:28,24.021
1467,07/30/2026 15:37:28,24.021
1468,07/30/2026 15:47:28,24.021
1469,07/30/2026 15:57:28,24.021
1470,07/30/2026 16:07:28,24.043
1471,07/30/2026 16:17:28,24.043
1472,07/30/2026 16:27:28,23.968
1473,07/30/2026 16:37:28,23.893
1474,07/30/2026 16:47:28,23.818
1475,07/30/2026 16:57:28,23.732
1476,07/30/2026 17:07:28,23.678
1477,07/30/2026 17:17:28,23.592
1478,07/30/2026 17:27:28,23.517
1479,07/30/2026 17:37:28,23.453
1480,07/30/2026 17:47:28,23.389
1481,07/30/2026 17:57:28,23.356
1482,07/30/2026 18:07:28,23.303
1483,07/30/2026 18:17:28,23.249
1484,07/30/2026 18:27:28,23.196
1485,07/30/2026 18:37:28,23.163
1486,07/30/2026 18:47:28,23.131
1487,07/30/2026 18:57:28,23.121
1488,07/30/2026 19:07:28,23.099
1489,07/30/2026 19:17:28,23.045
1490,07/30/2026 19:27:28,23.003
1491,07/30/2026 19:37:28,22.949
1492,07/30/2026 19:47:28,22.820
1493,07/30/2026 19:57:28,22.852
1494,07/30/2026 20:07:28,23.271
1495,07/30/2026 20:17:28,23.474
1496,07/30/2026 20:27:28,23.528
1497,07/30/2026 20:37:28,23.603
1498,07/30/2026 20:47:28,23.625
1499,07/30/2026 20:57:28,23.625
1500,07/30/2026 21:07:28,23.668
1501,07/30/2026 21:17:28,23.689
1502,07/30/2026 21:27:28,23.710
1503,07/30/2026 21:37:28,23.678
1504,07/30/2026 21:47:28,23.646
1505,07/30/2026 21:57:28,23.625
1506,07/30/2026 22:07:28,23.582
1507,07/30/2026 22:17:28,23.539
1508,07/30/2026 22:27:28,23.464
1509,07/30/2026 22:37:28,23.389
1510,07/30/2026 22:47:28,23.335
1511,07/30/2026 22:57:28,23.271
1512,07/30/2026 23:07:28,23.217
1513,07/30/2026 23:17:28,23.185
1514,07/30/2026 23:27:28,23.142
1515,07/30/2026 23:37:28,23.121
1516,07/30/2026 23:47:28,23.099
1517,07/30/2026 23:57:28,23.099
1518,07/31/2026 00:07:28,23.099
1519,07/31/2026 00:17:28,23.088
1520,07/31/2026 00:27:28,23.099
1521,07/31/2026 00:37:28,23.088
1522,07/31/2026 00:47:28,23.088
1523,07/31/2026 00:57:28,23.078
1524,07/31/2026 01:07:28,23.078
1525,07/31/2026 01:17:28,23.078
1526,07/31/2026 01:27:28,23.078
1527,07/31/2026 01:37:28,23.078
1528,07/31/2026 01:47:28,23.078
1529,07/31/2026 01:57:28,23.099
1530,07/31/2026 02:07:28,23.099
1531,07/31/2026 02:17:28,23.088
1532,07/31/2026 02:27:28,23.067
1533,07/31/2026 02:37:28,23.056
1534,07/31/2026 02:47:28,23.045
1535,07/31/2026 02:57:28,23.056
1536,07/31/2026 03:07:28,23.067
1537,07/31/2026 03:17:28,23.078
1538,07/31/2026 03:27:28,23.110
1539,07/31/2026 03:37:28,23.099
1540,07/31/2026 03:47:28,23.088
1541,07/31/2026 03:57:28,23.078
1542,07/31/2026 04:07:28,23.013
1543,07/31/2026 04:17:28,22.906
1544,07/31/2026 04:27:28,22.820
1545,07/31/2026 04:37:28,22.756
1546,07/31/2026 04:47:28,22.692
1547,07/31/2026 04:57:28,22.531
1548,07/31/2026 05:07:28,22.338
1549,07/31/2026 05:17:28,22.177
1550,07/31/2026 05:27:28,22.016
1551,07/31/2026 05:37:28,21.887
1552,07/31/2026 05:47:28,21.791
1553,07/31/2026 05:57:28,21.716
1554,07/31/2026 06:07:28,21.673
1555,07/31/2026 06:17:28,21.640
1556,07/31/2026 06:27:28,21.598
1557,07/31/2026 06:37:28,21.587
1558,07/31/2026 06:47:28,21.576
1559,07/31/2026 06:57:28,21.555
1560,07/31/2026 07:07:28,21.576
1561,07/31/2026 07:17:28,21.555
1562,07/31/2026 07:27:28,21.533
1563,07/31/2026 07:37:28,21.522
1564,07/31/2026 07:47:28,21.576
1565,07/31/2026 07:57:28,21.522
1566,07/31/2026 08:07:28,21.576
1567,07/31/2026 08:17:28,21.662
1568,07/31/2026 08:27:28,21.834
1569,07/31/2026 08:37:28,22.584
1570,07/31/2026 08:47:28,22.777
1571,07/31/2026 08:57:28,22.842
1572,07/31/2026 09:07:28,22.927
1573,07/31/2026 09:17:28,22.970
1574,07/31/2026 09:27:28,23.045
1575,07/31/2026 09:37:28,23.110
1576,07/31/2026 09:47:28,23.163
1577,07/31/2026 09:57:28,23.185
1578,07/31/2026 10:07:28,23.217
1579,07/31/2026 10:17:28,23.217
1580,07/31/2026 10:27:28,23.217
1581,07/31/2026 10:37:28,23.239
1582,07/31/2026 10:47:28,23.239
1583,07/31/2026 10:57:28,23.239
1584,07/31/2026 11:07:28,23.228
1585,07/31/2026 11:17:28,23.217
1586,07/31/2026 11:27:28,23.131
1587,07/31/2026 11:37:28,23.121
1588,07/31/2026 11:47:28,23.078
1589,07/31/2026 11:57:28,23.024
1590,07/31/2026 12:07:28,23.003
1591,07/31/2026 12:17:28,23.013
1592,07/31/2026 12:27:28,22.992
1593,07/31/2026 12:37:28,22.992
1594,07/31/2026 12:47:28,23.013
1595,07/31/2026 12:57:28,23.035
1596,07/31/2026 13:07:28,23.045
1597,07/31/2026 13:17:28,23.067
1598,07/31/2026 13:27:28,23.228
1599,07/31/2026 13:37:28,23.228
1600,07/31/2026 13:47:28,23.249
1601,07/31/2026 13:57:28,23.271
1602,07/31/2026 14:07:28,23.303
1603,07/31/2026 14:17:28,23.378
1604,07/31/2026 14:27:28,23.507
1605,07/31/2026 14:37:28,23.635
1606,07/31/2026 14:47:28,23.700
1607,07/31/2026 14:57:28,23.785
1608,07/31/2026 15:07:28,23.818
1609,07/31/2026 15:17:28,23.893
1610,07/31/2026 15:27:28,23.979
1611,07/31/2026 15:37:28,24.086
1612,07/31/2026 15:47:28,24.225
1613,07/31/2026 15:57:28,24.300
1614,07/31/2026 16:07:28,24.418
1615,07/31/2026 16:17:28,24.568
1616,07/31/2026 16:27:28,24.740
1617,07/31/2026 16:37:28,24.933
1618,07/31/2026 16:47:28,25.083
1619,07/31/2026 16:57:28,25.233
1620,07/31/2026 17:07:28,25.351
1621,07/31/2026 17:17:28,25.394
1622,07/31/2026 17:27:28,25.437
1623,07/31/2026 17:37:28,25.491
1624,07/31/2026 17:47:28,25.609
1625,07/31/2026 17:57:28,25.791
1626,07/31/2026 18:07:28,25.952
1627,07/31/2026 18:17:28,25.952
1628,07/31/2026 18:27:28,25.855
1629,07/31/2026 18:37:28,25.802
1630,07/31/2026 18:47:28,25.737
1631,07/31/2026 18:57:28,25.662
1632,07/31/2026 19:07:28,25.619
1633,07/31/2026 19:17:28,25.459
1634,07/31/2026 19:27:28,25.319
1635,07/31/2026 19:37:28,25.233
1636,07/31/2026 19:47:28,24.997
1637,07/31/2026 19:57:28,24.740
1638,07/31/2026 20:07:28,24.654
1639,07/31/2026 20:17:28,24.783
1640,07/31/2026 20:27:28,24.944
1641,07/31/2026 20:37:28,24.322
1642,07/31/2026 20:47:28,24.064
1643,07/31/2026 20:57:28,24.193
1644,07/31/2026 21:07:28,24.279
1645,07/31/2026 21:17:28,24.311
1646,07/31/2026 21:27:28,24.343
1647,07/31/2026 21:37:28,24.279
1648,07/31/2026 21:47:28,24.193
1649,07/31/2026 21:57:28,24.043
1650,07/31/2026 22:07:28,23.871
1651,07/31/2026 22:17:28,23.743
1652,07/31/2026 22:27:28,23.678
1653,07/31/2026 22:37:28,23.646
1654,07/31/2026 22:47:28,23.668
1655,07/31/2026 22:57:28,23.668
1656,07/31/2026 23:07:28,23.625
1657,07/31/2026 23:17:28,23.539
1658,07/31/2026 23:27:28,23.453
1659,07/31/2026 23:37:28,23.378
1660,07/31/2026 23:47:28,23.335
1661,07/31/2026 23:57:28,23.271
1662,08/01/2026 00:07:28,23.217
1663,08/01/2026 00:17:28,23.131
1664,08/01/2026 00:27:28,23.035
1665,08/01/2026 00:37:28,22.992
1666,08/01/2026 00:47:28,22.960
1667,08/01/2026 00:57:28,22.960
1668,08/01/2026 01:07:28,23.035
1669,08/01/2026 01:17:28,23.024
1670,08/01/2026 01:27:28,23.078
1671,08/01/2026 01:37:28,23.056
1672,08/01/2026 01:47:28,23.088
1673,08/01/2026 01:57:28,23.067
1674,08/01/2026 02:07:28,23.088
1675,08/01/2026 02:17:28,23.099
1676,08/01/2026 02:27:28,23.131
1677,08/01/2026 02:37:28,23.142
1678,08/01/2026 02:47:28,23.131
1679,08/01/2026 02:57:28,23.131
1680,08/01/2026 03:07:28,23.121
1681,08/01/2026 03:17:28,23.121
1682,08/01/2026 03:27:28,23.121
1683,08/01/2026 03:37:28,23.142
1684,08/01/2026 03:47:28,23.174
1685,08/01/2026 03:57:28,23.174
1686,08/01/2026 04:07:28,23.185
1687,08/01/2026 04:17:28,23.185
1688,08/01/2026 04:27:28,23.185
1689,08/01/2026 04:37:28,23.206
1690,08/01/2026 04:47:28,23.217
1691,08/01/2026 04:57:28,23.217
1692,08/01/2026 05:07:28,23.185
1693,08/01/2026 05:17:28,23.153
1694,08/01/2026 05:27:28,23.088
1695,08/01/2026 05:37:28,23.013
1696,08/01/2026 05:47:28,22.949
1697,08/01/2026 05:57:28,22.852
1698,08/01/2026 06:07:28,22.777
1699,08/01/2026 06:17:28,22.670
1700,08/01/2026 06:27:28,22.606
1701,08/01/2026 06:37:28,22.563
1702,08/01/2026 06:47:28,22.541
1703,08/01/2026 06:57:28,22.531
1704,08/01/2026 07:07:28,22.531
1705,08/01/2026 07:17:28,22.498
1706,08/01/2026 07:27:28,22.541
1707,08/01/2026 07:37:28,22.552
1708,08/01/2026 07:47:28,22.563
1709,08/01/2026 07:57:28,22.541
1710,08/01/2026 08:07:28,22.563
1711,08/01/2026 08:17:28,22.584
1712,08/01/2026 08:27:28,22.638
1713,08/01/2026 08:37:28,22.734
1714,08/01/2026 08:47:28,22.788
1715,08/01/2026 08:57:28,22.874
1716,08/01/2026 09:07:28,23.228
1717,08/01/2026 09:17:28,23.517
1718,08/01/2026 09:27:28,23.582
1719,08/01/2026 09:37:28,23.668
1720,08/01/2026 09:47:28,23.710
1721,08/01/2026 09:57:28,23.882
1722,08/01/2026 10:07:28,23.968
1723,08/01/2026 10:17:28,23.989
1724,08/01/2026 10:27:28,24.075
1725,08/01/2026 10:37:28,24.193
1726,08/01/2026 10:47:28,24.290
1727,08/01/2026 10:57:28,24.257
1728,08/01/2026 11:07:28,24.354
1729,08/01/2026 11:17:28,24.526
1730,08/01/2026 11:27:28,24.622
1731,08/01/2026 11:37:28,24.697
1732,08/01/2026 11:47:28,24.654
1733,08/01/2026 11:57:28,24.740
1734,08/01/2026 12:07:28,24.804
1735,08/01/2026 12:17:28,24.826
1736,08/01/2026 12:27:28,24.815
1737,08/01/2026 12:37:28,24.804
1738,08/01/2026 12:47:28,24.815
1739,08/01/2026 12:57:28,24.858
1740,08/01/2026 13:07:28,24.890
1741,08/01/2026 13:17:28,24.815
1742,08/01/2026 13:27:28,24.783
1743,08/01/2026 13:37:28,24.729
1744,08/01/2026 13:47:28,24.686
1745,08/01/2026 13:57:28,24.611
1746,08/01/2026 14:07:28,24.633
1747,08/01/2026 14:17:28,24.708
1748,08/01/2026 14:27:28,24.772
1749,08/01/2026 14:37:28,24.804
1750,08/01/2026 14:47:28,24.858
1751,08/01/2026 14:57:28,24.997
1752,08/01/2026 15:07:28,25.319
1753,08/01/2026 15:17:28,25.437
1754,08/01/2026 15:27:28,25.587
1755,08/01/2026 15:37:28,25.684
1756,08/01/2026 15:47:28,25.748
1757,08/01/2026 15:57:28,25.748
1758,08/01/2026 16:07:28,25.748
1759,08/01/2026 16:17:28,25.748
1760,08/01/2026 16:27:28,25.791
1761,08/01/2026 16:37:28,25.866
1762,08/01/2026 16:47:28,26.006
1763,08/01/2026 16:57:28,26.177
1764,08/01/2026 17:07:28,26.392
1765,08/01/2026 17:17:28,26.553
1766,08/01/2026 17:27:28,26.660
1767,08/01/2026 17:37:28,26.692
1768,08/01/2026 17:47:28,26.756
1769,08/01/2026 17:57:28,26.810
1770,08/01/2026 18:07:28,26.842
1771,08/01/2026 18:17:28,26.864
1772,08/01/2026 18:27:28,26.842
1773,08/01/2026 18:37:28,26.789
1774,08/01/2026 18:47:28,26.692
1775,08/01/2026 18:57:28,26.574
1776,08/01/2026 19:07:28,26.499
1777,08/01/2026 19:17:28,26.413
1778,08/01/2026 19:27:28,26.360
1779,08/01/2026 19:37:28,26.327
1780,08/01/2026 19:47:28,26.156
1781,08/01/2026 19:57:28,26.048
1782,08/01/2026 20:07:28,25.877
1783,08/01/2026 20:17:28,25.587
1784,08/01/2026 20:27:28,25.362
1785,08/01/2026 20:37:28,25.169
1786,08/01/2026 20:47:28,25.115
1787,08/01/2026 20:57:28,25.094
1788,08/01/2026 21:07:28,25.212
1789,08/01/2026 21:17:28,25.373
1790,08/01/2026 21:27:28,25.233
1791,08/01/2026 21:37:28,25.469
1792,08/01/2026 21:47:28,25.609
1793,08/01/2026 21:57:28,25.598
1794,08/01/2026 22:07:28,25.502
1795,08/01/2026 22:17:28,25.491
1796,08/01/2026 22:27:28,25.405
1797,08/01/2026 22:37:28,25.351
1798,08/01/2026 22:47:28,25.319
1799,08/01/2026 22:57:28,25.287
1800,08/01/2026 23:07:28,25.244
1801,08/01/2026 23:17:28,25.190
1802,08/01/2026 23:27:28,25.105
1803,08/01/2026 23:37:28,25.040
1804,08/01/2026 23:47:28,24.976
1805,08/01/2026 23:57:28,24.944
1806,08/02/2026 00:07:28,24.933
1807,08/02/2026 00:17:28,24.922
1808,08/02/2026 00:27:28,24.858
1809,08/02/2026 00:37:28,24.815
1810,08/02/2026 00:47:28,24.783
1811,08/02/2026 00:57:28,24.729
1812,08/02/2026 01:07:28,24.697
1813,08/02/2026 01:17:28,24.686
1814,08/02/2026 01:27:28,24.601
1815,08/02/2026 01:37:28,24.633
1816,08/02/2026 01:47:28,24.622
1817,08/02/2026 01:57:28,24.601
1818,08/02/2026 02:07:28,24.601
1819,08/02/2026 02:17:28,24.611
1820,08/02/2026 02:27:28,24.601
1821,08/02/2026 02:37:28,24.633
1822,08/02/2026 02:47:28,24.644
1823,08/02/2026 02:57:28,24.644
1824,08/02/2026 03:07:28,24.654
1825,08/02/2026 03:17:28,24.676
1826,08/02/2026 03:27:28,24.676
1827,08/02/2026 03:37:28,24.686
1828,08/02/2026 03:47:28,24.676
1829,08/02/2026 03:57:28,24.665
1830,08/02/2026 04:07:28,24.686
1831,08/02/2026 04:17:28,24.686
1832,08/02/2026 04:27:28,24.686
1833,08/02/2026 04:37:28,24.708
1834,08/02/2026 04:47:28,24.719
1835,08/02/2026 04:57:28,24.708
1836,08/02/2026 05:07:28,24.708
1837,08/02/2026 05:17:28,24.697
1838,08/02/2026 05:27:28,24.686
1839,08/02/2026 05:37:28,24.644
1840,08/02/2026 05:47:28,24.590
1841,08/02/2026 05:57:28,24.536
1842,08/02/2026 06:07:28,24.483
1843,08/02/2026 06:17:28,24.429
1844,08/02/2026 06:27:28,24.365
1845,08/02/2026 06:37:28,24.279
1846,08/02/2026 06:47:28,24.182
1847,08/02/2026 06:57:28,24.086
1848,08/02/2026 07:07:28,24.043
1849,08/02/2026 07:17:28,24.021
1850,08/02/2026 07:27:28,24.011
1851,08/02/2026 07:37:28,24.000
1852,08/02/2026 07:47:28,23.936
1853,08/02/2026 07:57:28,23.936
1854,08/02/2026 08:07:28,23.936
1855,08/02/2026 08:17:28,23.914
1856,08/02/2026 08:27:28,23.850
1857,08/02/2026 08:37:28,23.807
1858,08/02/2026 08:47:28,23.828
1859,08/02/2026 08:57:28,23.764
1860,08/02/2026 09:07:28,23.925
1861,08/02/2026 09:17:28,23.957
1862,08/02/2026 09:27:28,24.139
1863,08/02/2026 09:37:28,24.257
1864,08/02/2026 09:47:28,24.354
1865,08/02/2026 09:57:28,24.450
1866,08/02/2026 10:07:28,24.536
1867,08/02/2026 10:17:28,24.622
1868,08/02/2026 10:27:28,24.740
1869,08/02/2026 10:37:28,24.815
1870,08/02/2026 10:47:28,24.804
1871,08/02/2026 10:57:28,24.815
1872,08/02/2026 11:07:28,24.772
1873,08/02/2026 11:17:28,24.783
1874,08/02/2026 11:27:28,24.879
1875,08/02/2026 11:37:28,24.890
1876,08/02/2026 11:47:28,24.879
1877,08/02/2026 11:57:28,24.901
1878,08/02/2026 12:07:28,25.062
1879,08/02/2026 12:17:28,25.169
1880,08/02/2026 12:27:28,25.201
1881,08/02/2026 12:37:28,25.308
1882,08/02/2026 12:47:28,25.298
1883,08/02/2026 12:57:28,25.201
1884,08/02/2026 13:07:28,25.137
1885,08/02/2026 13:17:28,25.169
1886,08/02/2026 13:27:28,25.190
1887,08/02/2026 13:37:28,25.169
1888,08/02/2026 13:47:28,25.094
1889,08/02/2026 13:57:28,25.126
1890,08/02/2026 14:07:28,25.073
1891,08/02/2026 14:17:28,25.030
1892,08/02/2026 14:27:28,25.030
1893,08/02/2026 14:37:28,25.040
1894,08/02/2026 14:47:28,25.126
1895,08/02/2026 14:57:28,25.105
1896,08/02/2026 15:07:28,25.158
1897,08/02/2026 15:17:28,25.223
1898,08/02/2026 15:27:28,25.212
1899,08/02/2026 15:37:28,25.394
1900,08/02/2026 15:47:28,25.737
1901,08/02/2026 15:57:28,25.791
1902,08/02/2026 16:07:28,25.984
1903,08/02/2026 16:17:28,26.091
1904,08/02/2026 16:27:28,26.091
1905,08/02/2026 16:37:28,26.081
1906,08/02/2026 16:47:28,26.091
1907,08/02/2026 16:57:28,26.134
1908,08/02/2026 17:07:28,26.242
1909,08/02/2026 17:17:28,26.274
1910,08/02/2026 17:27:28,26.317
1911,08/02/2026 17:37:28,26.413
1912,08/02/2026 17:47:28,26.542
1913,08/02/2026 17:57:28,26.671
1914,08/02/2026 18:07:28,26.767
1915,08/02/2026 18:17:28,26.799
1916,08/02/2026 18:27:28,26.831
1917,08/02/2026 18:37:28,26.853
1918,08/02/2026 18:47:28,26.874
1919,08/02/2026 18:57:28,26.874
1920,08/02/2026 19:07:28,26.864
1921,08/02/2026 19:17:28,26.810
1922,08/02/2026 19:27:28,26.735
1923,08/02/2026 19:37:28,26.638
1924,08/02/2026 19:47:28,26.553
1925,08/02/2026 19:57:28,26.467
1926,08/02/2026 20:07:28,26.381
1927,08/02/2026 20:17:28,26.349
1928,08/02/2026 20:27:28,26.263
1929,08/02/2026 20:37:28,26.177
1930,08/02/2026 20:47:28,26.113
1931,08/02/2026 20:57:28,25.909
1932,08/02/2026 21:07:28,25.748
1933,08/02/2026 21:17:28,25.577
1934,08/02/2026 21:27:28,25.459
1935,08/02/2026 21:37:28,25.512
1936,08/02/2026 21:47:28,25.534
1937,08/02/2026 21:57:28,25.502
1938,08/02/2026 22:07:28,25.319
1939,08/02/2026 22:17:28,25.523
1940,08/02/2026 22:27:28,25.770
1941,08/02/2026 22:37:28,25.845
1942,08/02/2026 22:47:28,25.813
1943,08/02/2026 22:57:28,25.780
1944,08/02/2026 23:07:28,25.823
1945,08/02/2026 23:17:28,25.780
1946,08/02/2026 23:27:28,25.759
1947,08/02/2026 23:37:28,25.813
1948,08/02/2026 23:47:28,25.834
1949,08/02/2026 23:57:28,25.877
1950,08/03/2026 00:07:28,25.941
1951,08/03/2026 00:17:28,25.941
1952,08/03/2026 00:27:28,25.941
1953,08/03/2026 00:37:28,25.920
1954,08/03/2026 00:47:28,25.866
1955,08/03/2026 00:57:28,25.748
1956,08/03/2026 01:07:28,25.609
1957,08/03/2026 01:17:28,25.598
1958,08/03/2026 01:27:28,25.577
1959,08/03/2026 01:37:28,25.566
1960,08/03/2026 01:47:28,25.544
1961,08/03/2026 01:57:28,25.512
1962,08/03/2026 02:07:28,25.512
1963,08/03/2026 02:17:28,25.491
1964,08/03/2026 02:27:28,25.491
1965,08/03/2026 02:37:28,25.502
1966,08/03/2026 02:47:28,25.512
1967,08/03/2026 02:57:28,25.502
1968,08/03/2026 03:07:28,25.491
1969,08/03/2026 03:17:28,25.491
1970,08/03/2026 03:27:28,25.502
1971,08/03/2026 03:37:28,25.512
1972,08/03/2026 03:47:28,25.512
1973,08/03/2026 03:57:28,25.491
1974,08/03/2026 04:07:28,25.469
1975,08/03/2026 04:17:28,25.437
1976,08/03/2026 04:27:28,25.437
1977,08/03/2026 04:37:28,25.437
1978,08/03/2026 04:47:28,25.426
1979,08/03/2026 04:57:28,25.437
1980,08/03/2026 05:07:28,25.459
1981,08/03/2026 05:17:28,25.459
1982,08/03/2026 05:27:28,25.469
1983,08/03/2026 05:37:28,25.491
1984,08/03/2026 05:47:28,25.512
1985,08/03/2026 05:57:28,25.502
1986,08/03/2026 06:07:28,25.480
1987,08/03/2026 06:17:28,25.416
1988,08/03/2026 06:27:28,25.362
1989,08/03/2026 06:37:28,25.266
1990,08/03/2026 06:47:28,25.148
1991,08/03/2026 06:57:28,24.965
1992,08/03/2026 07:07:28,24.740
1993,08/03/2026 07:17:28,24.547
1994,08/03/2026 07:27:28,24.322
1995,08/03/2026 07:37:28,24.161
1996,08/03/2026 07:47:28,24.086
1997,08/03/2026 07:57:28,24.097
1998,08/03/2026 08:07:28,24.118
1999,08/03/2026 08:17:28,24.118
2000,08/03/2026 08:27:28,24.129
2001,08/03/2026 08:37:28,24.129
2002,08/03/2026 08:47:28,24.107
2003,08/03/2026 08:57:28,24.118
2004,08/03/2026 09:07:28,24.107
2005,08/03/2026 09:17:28,24.075
2006,08/03/2026 09:27:28,24.054
2007,08/03/2026 09:37:28,24.032
2008,08/03/2026 09:47:28,24.021
2009,08/03/2026 09:57:28,24.011
2010,08/03/2026 10:07:28,24.011
2011,08/03/2026 10:17:28,24.021
2012,08/03/2026 10:27:28,24.032
2013,08/03/2026 10:37:28,24.054
2014,08/03/2026 10:47:28,24.064
2015,08/03/2026 10:57:28,24.086
2016,08/03/2026 11:07:28,24.107
2017,08/03/2026 11:17:28,24.107
2018,08/03/2026 11:27:28,24.129
2019,08/03/2026 11:37:28,24.440
2020,08/03/2026 11:47:28,24.804
2021,08/03/2026 11:57:28,24.826
2022,08/03/2026 12:07:28,24.847
2023,08/03/2026 12:17:28,24.858
2024,08/03/2026 12:27:28,24.890
2025,08/03/2026 12:37:28,24.901
2026,08/03/2026 12:47:28,24.912
2027,08/03/2026 12:57:28,24.912
2028,08/03/2026 13:07:28,24.912
2029,08/03/2026 13:17:28,24.890
2030,08/03/2026 13:27:28,24.869
2031,08/03/2026 13:37:28,24.794
2032,08/03/2026 13:47:28,24.697
2033,08/03/2026 13:57:28,24.654
2034,08/03/2026 14:07:28,24.633
2035,08/03/2026 14:17:28,24.568
2036,08/03/2026 14:27:28,24.483
2037,08/03/2026 14:37:28,24.504
2038,08/03/2026 14:47:28,24.611
2039,08/03/2026 14:57:28,24.515
2040,08/03/2026 15:07:28,24.408
2041,08/03/2026 15:17:28,24.397
2042,08/03/2026 15:27:28,24.397
2043,08/03/2026 15:37:28,24.397
2044,08/03/2026 15:47:28,24.429
2045,08/03/2026 15:57:28,24.515
2046,08/03/2026 16:07:28,24.568
2047,08/03/2026 16:17:28,24.676
2048,08/03/2026 16:27:28,24.719
2049,08/03/2026 16:37:28,24.933
2050,08/03/2026 16:47:28,25.008
2051,08/03/2026 16:57:28,25.019
2052,08/03/2026 17:07:28,25.030
2053,08/03/2026 17:17:28,25.051
2054,08/03/2026 17:27:28,25.115
2055,08/03/2026 17:37:28,25.169
2056,08/03/2026 17:47:28,25.319
2057,08/03/2026 17:57:28,25.266
2058,08/03/2026 18:07:28,25.287
2059,08/03/2026 18:17:28,25.169
2060,08/03/2026 18:27:28,25.126
2061,08/03/2026 18:37:28,25.148
2062,08/03/2026 18:47:28,25.148
2063,08/03/2026 18:57:28,25.073
2064,08/03/2026 19:07:28,24.987
2065,08/03/2026 19:17:28,24.912
2066,08/03/2026 19:27:28,24.783
2067,08/03/2026 19:37:28,24.654
2068,08/03/2026 19:47:28,24.504
2069,08/03/2026 19:57:28,24.332
2070,08/03/2026 20:07:28,24.193
2071,08/03/2026 20:17:28,24.032
2072,08/03/2026 20:27:28,23.861
2073,08/03/2026 20:37:28,23.818
2074,08/03/2026 20:47:28,23.818
2075,08/03/2026 20:57:28,23.785
2076,08/03/2026 21:07:28,23.796
2077,08/03/2026 21:17:28,23.646
2078,08/03/2026 21:27:28,23.528
2079,08/03/2026 21:37:28,23.464
2080,08/03/2026 21:47:28,23.399
2081,08/03/2026 21:57:28,23.335
2082,08/03/2026 22:07:28,23.239
2083,08/03/2026 22:17:28,23.142
2084,08/03/2026 22:27:28,23.035
2085,08/03/2026 22:37:28,22.938
2086,08/03/2026 22:47:28,22.927
2087,08/03/2026 22:57:28,22.874
2088,08/03/2026 23:07:28,23.056
2089,08/03/2026 23:17:28,23.721
2090,08/03/2026 23:27:28,24.043
2091,08/03/2026 23:37:28,24.054
2092,08/03/2026 23:47:28,23.936
2093,08/03/2026 23:57:28,23.764
2094,08/04/2026 00:07:28,23.592
2095,08/04/2026 00:17:28,23.507
2096,08/04/2026 00:27:28,23.356
2097,08/04/2026 00:37:28,23.239
2098,08/04/2026 00:47:28,23.142
2099,08/04/2026 00:57:28,23.110
2100,08/04/2026 01:07:28,23.131
2101,08/04/2026 01:17:28,23.088
2102,08/04/2026 01:27:28,23.099
2103,08/04/2026 01:37:28,23.067
2104,08/04/2026 01:47:28,23.045
2105,08/04/2026 01:57:28,23.056
2106,08/04/2026 02:07:28,23.067
2107,08/04/2026 02:17:28,23.099
2108,08/04/2026 02:27:28,23.131
2109,08/04/2026 02:37:28,23.131
2110,08/04/2026 02:47:28,23.153
2111,08/04/2026 02:57:28,23.163
2112,08/04/2026 03:07:28,23.163
2113,08/04/2026 03:17:28,23.163
2114,08/04/2026 03:27:28,23.163
2115,08/04/2026 03:37:28,23.163
2116,08/04/2026 03:47:28,23.174
2117,08/04/2026 03:57:28,23.174
2118,08/04/2026 04:07:28,23.163
2119,08/04/2026 04:17:28,23.174
2120,08/04/2026 04:27:28,23.174
2121,08/04/2026 04:37:28,23.163
2122,08/04/2026 04:47:28,23.121
2123,08/04/2026 04:57:28,23.045
2124,08/04/2026 05:07:28,23.056
2125,08/04/2026 05:17:28,23.045
2126,08/04/2026 05:27:28,23.013
2127,08/04/2026 05:37:28,22.992
2128,08/04/2026 05:47:28,22.981
2129,08/04/2026 05:57:28,22.960
2130,08/04/2026 06:07:28,22.927
2131,08/04/2026 06:17:28,22.895
2132,08/04/2026 06:27:28,22.842
2133,08/04/2026 06:37:28,22.734
2134,08/04/2026 06:47:28,22.574
2135,08/04/2026 06:57:28,22.445
2136,08/04/2026 07:07:28,22.359
2137,08/04/2026 07:17:28,22.273
2138,08/04/2026 07:27:28,22.209
2139,08/04/2026 07:37:28,22.145
2140,08/04/2026 07:47:28,22.069
2141,08/04/2026 07:57:28,21.994
2142,08/04/2026 08:07:28,21.952
2143,08/04/2026 08:17:28,21.941
2144,08/04/2026 08:27:28,21.973
2145,08/04/2026 08:37:28,22.048
2146,08/04/2026 08:47:28,22.134
2147,08/04/2026 08:57:28,22.241
2148,08/04/2026 09:07:28,22.338
2149,08/04/2026 09:17:28,22.466
2150,08/04/2026 09:27:28,22.724
2151,08/04/2026 09:37:28,22.906
2152,08/04/2026 09:47:28,23.003
2153,08/04/2026 09:57:28,23.228
2154,08/04/2026 10:07:28,23.335
2155,08/04/2026 10:17:28,23.453
2156,08/04/2026 10:27:28,23.592
2157,08/04/2026 10:37:28,23.753
2158,08/04/2026 10:47:28,23.946
2159,08/04/2026 10:57:28,24.032
2160,08/04/2026 11:07:28,23.550
2161,08/04/2026 11:17:28,23.421
2162,08/04/2026 11:27:28,23.442
2163,08/04/2026 11:37:28,23.560
2164,08/04/2026 11:47:28,23.657
2165,08/04/2026 11:57:28,23.732
2166,08/04/2026 12:07:28,24.021
2167,08/04/2026 12:17:28,24.204
2168,08/04/2026 12:27:28,24.225
2169,08/04/2026 12:37:28,24.332
2170,08/04/2026 12:47:28,24.118
2171,08/04/2026 12:57:28,24.032
2172,08/04/2026 13:07:28,24.139
2173,08/04/2026 13:17:28,24.279
2174,08/04/2026 13:27:28,24.257
2175,08/04/2026 13:37:28,24.247
2176,08/04/2026 13:47:28,24.139
2177,08/04/2026 13:57:28,24.118
2178,08/04/2026 14:07:28,24.054
2179,08/04/2026 14:17:28,24.043
2180,08/04/2026 14:27:28,24.064
2181,08/04/2026 14:37:28,24.107
2182,08/04/2026 14:47:28,24.043
2183,08/04/2026 14:57:28,24.032
2184,08/04/2026 15:07:28,23.968
2185,08/04/2026 15:17:28,23.968
2186,08/04/2026 15:27:28,24.107
2187,08/04/2026 15:37:28,24.214
2188,08/04/2026 15:47:28,24.214
2189,08/04/2026 15:57:28,24.193
2190,08/04/2026 16:07:28,24.247
2191,08/04/2026 16:17:28,24.225
2192,08/04/2026 16:27:28,24.257
2193,08/04/2026 16:37:28,24.300
2194,08/04/2026 16:47:28,24.483
2195,08/04/2026 16:57:28,24.686
2196,08/04/2026 17:07:28,24.826
2197,08/04/2026 17:17:28,25.030
2198,08/04/2026 17:27:28,25.244
2199,08/04/2026 17:37:28,25.276
2200,08/04/2026 17:47:28,25.287
2201,08/04/2026 17:57:28,25.373
2202,08/04/2026 18:07:28,25.394
2203,08/04/2026 18:17:28,25.416
2204,08/04/2026 18:27:28,25.426
2205,08/04/2026 18:37:28,25.437
2206,08/04/2026 18:47:28,25.491
2207,08/04/2026 18:57:28,25.534
2208,08/04/2026 19:07:28,25.641
2209,08/04/2026 19:17:28,25.770
2210,08/04/2026 19:27:28,25.866
2211,08/04/2026 19:37:28,25.920
2212,08/04/2026 19:47:28,25.941
2213,08/04/2026 19:57:28,25.963
2214,08/04/2026 20:07:28,26.006
2215,08/04/2026 20:17:28,26.081
2216,08/04/2026 20:27:28,26.102
2217,08/04/2026 20:37:28,26.027
2218,08/04/2026 20:47:28,25.920
2219,08/04/2026 20:57:28,25.748
2220,08/04/2026 21:07:28,25.587
2221,08/04/2026 21:17:28,25.480
2222,08/04/2026 21:27:28,25.416
2223,08/04/2026 21:37:28,25.298
2224,08/04/2026 21:47:28,25.212
2225,08/04/2026 21:57:28,24.965
2226,08/04/2026 22:07:28,24.826
2227,08/04/2026 22:17:28,24.644
2228,08/04/2026 22:27:28,24.279
2229,08/04/2026 22:37:28,24.000
2230,08/04/2026 22:47:28,23.721
2231,08/04/2026 22:57:28,23.507
2232,08/04/2026 23:07:28,23.421
2233,08/04/2026 23:17:28,23.335
2234,08/04/2026 23:27:28,23.356
2235,08/04/2026 23:37:28,23.453
2236,08/04/2026 23:47:28,23.936
2237,08/04/2026 23:57:28,24.472
2238,08/05/2026 00:07:28,24.965
2239,08/05/2026 00:17:28,24.976
2240,08/05/2026 00:27:28,24.869
2241,08/05/2026 00:37:28,24.858
2242,08/05/2026 00:47:28,24.955
2243,08/05/2026 00:57:28,24.987
2244,08/05/2026 01:07:28,24.922
2245,08/05/2026 01:17:28,24.879
2246,08/05/2026 01:27:28,24.772
2247,08/05/2026 01:37:28,24.665
2248,08/05/2026 01:47:28,24.654
2249,08/05/2026 01:57:28,24.633
2250,08/05/2026 02:07:28,24.601
2251,08/05/2026 02:17:28,24.526
2252,08/05/2026 02:27:28,24.408
2253,08/05/2026 02:37:28,24.397
2254,08/05/2026 02:47:28,24.375
2255,08/05/2026 02:57:28,24.386
2256,08/05/2026 03:07:28,24.322
2257,08/05/2026 03:17:28,24.311
2258,08/05/2026 03:27:28,24.279
2259,08/05/2026 03:37:28,24.311
2260,08/05/2026 03:47:28,24.300
2261,08/05/2026 03:57:28,24.247
2262,08/05/2026 04:07:28,24.257
2263,08/05/2026 04:17:28,24.225
2264,08/05/2026 04:27:28,24.225
2265,08/05/2026 04:37:28,24.225
2266,08/05/2026 04:47:28,24.225
2267,08/05/2026 04:57:28,24.257
2268,08/05/2026 05:07:28,24.257
2269,08/05/2026 05:17:28,24.268
2270,08/05/2026 05:27:28,24.268
2271,08/05/2026 05:37:28,24.279
2272,08/05/2026 05:47:28,24.257
2273,08/05/2026 05:57:28,24.257
2274,08/05/2026 06:07:28,24.225
2275,08/05/2026 06:17:28,24.193
2276,08/05/2026 06:27:28,24.182
2277,08/05/2026 06:37:28,24.172
2278,08/05/2026 06:47:28,24.182
2279,08/05/2026 06:57:28,24.172
2280,08/05/2026 07:07:28,24.139
2281,08/05/2026 07:17:28,24.097
2282,08/05/2026 07:27:28,24.054
2283,08/05/2026 07:37:28,23.989
2284,08/05/2026 07:47:28,23.957
2285,08/05/2026 07:57:28,23.914
2286,08/05/2026 08:07:28,23.828
2287,08/05/2026 08:17:28,23.753
2288,08/05/2026 08:27:28,23.668
2289,08/05/2026 08:37:28,23.539
2290,08/05/2026 08:47:28,23.324
2291,08/05/2026 08:57:28,23.045
2292,08/05/2026 09:07:28,22.917
2293,08/05/2026 09:17:28,22.885
2294,08/05/2026 09:27:28,22.895
2295,08/05/2026 09:37:28,22.960
2296,08/05/2026 09:47:28,22.970
2297,08/05/2026 09:57:28,23.099
2298,08/05/2026 10:07:28,23.303
2299,08/05/2026 10:17:28,23.550
2300,08/05/2026 10:27:28,23.582
2301,08/05/2026 10:37:28,23.635
2302,08/05/2026 10:47:28,23.732
2303,08/05/2026 10:57:28,23.882
2304,08/05/2026 11:07:28,24.086
2305,08/05/2026 11:17:28,24.268
2306,08/05/2026 11:27:28,24.386
2307,08/05/2026 11:37:28,24.579
2308,08/05/2026 11:47:28,24.365
2309,08/05/2026 11:57:28,24.150
2310,08/05/2026 12:07:28,24.236
2311,08/05/2026 12:17:28,24.225
2312,08/05/2026 12:27:28,24.311
2313,08/05/2026 12:37:28,24.172
2314,08/05/2026 12:47:28,24.397
2315,08/05/2026 12:57:28,24.601
2316,08/05/2026 13:07:28,24.815
2317,08/05/2026 13:17:28,25.019
2318,08/05/2026 13:27:28,25.158
2319,08/05/2026 13:37:28,25.426
2320,08/05/2026 13:47:28,25.502
2321,08/05/2026 13:57:28,25.426
2322,08/05/2026 14:07:28,25.308
2323,08/05/2026 14:17:28,25.287
2324,08/05/2026 14:27:28,25.384
2325,08/05/2026 14:37:28,25.555
2326,08/05/2026 14:47:28,25.737
2327,08/05/2026 14:57:28,25.888
2328,08/05/2026 15:07:28,25.963
2329,08/05/2026 15:17:28,25.920
2330,08/05/2026 15:27:28,25.995
2331,08/05/2026 15:37:28,26.038
2332,08/05/2026 15:47:28,26.016
2333,08/05/2026 15:57:28,26.048
2334,08/05/2026 16:07:28,26.102
2335,08/05/2026 16:17:28,26.006
2336,08/05/2026 16:27:28,25.834
2337,08/05/2026 16:37:28,25.716
2338,08/05/2026 16:47:28,25.587
2339,08/05/2026 16:57:28,25.609
2340,08/05/2026 17:07:28,25.662
2341,08/05/2026 17:17:28,25.695
2342,08/05/2026 17:27:28,25.748
2343,08/05/2026 17:37:28,25.845
2344,08/05/2026 17:47:28,25.920
2345,08/05/2026 17:57:28,25.973
2346,08/05/2026 18:07:28,25.984
2347,08/05/2026 18:17:28,25.984
2348,08/05/2026 18:27:28,25.963
2349,08/05/2026 18:37:28,25.941
2350,08/05/2026 18:47:28,25.952
2351,08/05/2026 18:57:28,25.973
2352,08/05/2026 19:07:28,25.931
2353,08/05/2026 19:17:28,25.866
2354,08/05/2026 19:27:28,25.866
2355,08/05/2026 19:37:28,25.866
2356,08/05/2026 19:47:28,25.888
2357,08/05/2026 19:57:28,25.898
2358,08/05/2026 20:07:28,25.941
2359,08/05/2026 20:17:28,25.984
2360,08/05/2026 20:27:28,26.016
2361,08/05/2026 20:37:28,26.048
2362,08/05/2026 20:47:28,26.059
2363,08/05/2026 20:57:28,26.059
2364,08/05/2026 21:07:28,26.038
2365,08/05/2026 21:17:28,26.006
2366,08/05/2026 21:27:28,25.952
2367,08/05/2026 21:37:28,25.888
2368,08/05/2026 21:47:28,25.802
2369,08/05/2026 21:57:28,25.716
2370,08/05/2026 22:07:28,25.630
2371,08/05/2026 22:17:28,25.555
2372,08/05/2026 22:27:28,25.512
2373,08/05/2026 22:37:28,25.459
2374,08/05/2026 22:47:28,25.287
2375,08/05/2026 22:57:28,25.212
2376,08/05/2026 23:07:28,25.126
2377,08/05/2026 23:17:28,24.922
2378,08/05/2026 23:27:28,24.644
2379,08/05/2026 23:37:28,24.450
2380,08/05/2026 23:47:28,24.332
2381,08/05/2026 23:57:28,24.204
2382,08/06/2026 00:07:28,24.161
2383,08/06/2026 00:17:28,24.172
2384,08/06/2026 00:27:28,24.172
2385,08/06/2026 00:37:28,24.268
2386,08/06/2026 00:47:28,24.944
2387,08/06/2026 00:57:28,25.201
2388,08/06/2026 01:07:28,25.233
2389,08/06/2026 01:17:28,25.201
2390,08/06/2026 01:27:28,25.148
2391,08/06/2026 01:37:28,25.115
2392,08/06/2026 01:47:28,25.137
2393,08/06/2026 01:57:28,25.158
2394,08/06/2026 02:07:28,25.233
2395,08/06/2026 02:17:28,25.287
2396,08/06/2026 02:27:28,25.319
2397,08/06/2026 02:37:28,25.330
2398,08/06/2026 02:47:28,25.373
2399,08/06/2026 02:57:28,25.405
2400,08/06/2026 03:07:28,25.405
2401,08/06/2026 03:17:28,25.384
2402,08/06/2026 03:27:28,25.319
2403,08/06/2026 03:37:28,25.190
2404,08/06/2026 03:47:28,25.083
2405,08/06/2026 03:57:28,24.965
2406,08/06/2026 04:07:28,24.858
2407,08/06/2026 04:17:28,24.804
2408,08/06/2026 04:27:28,24.708
2409,08/06/2026 04:37:28,24.633
2410,08/06/2026 04:47:28,24.536
2411,08/06/2026 04:57:28,24.536
2412,08/06/2026 05:07:28,24.515
2413,08/06/2026 05:17:28,24.515
2414,08/06/2026 05:27:28,24.440
2415,08/06/2026 05:37:28,24.418
2416,08/06/2026 05:47:28,24.429
2417,08/06/2026 05:57:28,24.440
2418,08/06/2026 06:07:28,24.472
2419,08/06/2026 06:17:28,24.515
2420,08/06/2026 06:27:28,24.622
2421,08/06/2026 06:37:28,24.686
2422,08/06/2026 06:47:28,24.697
2423,08/06/2026 06:57:28,24.708
2424,08/06/2026 07:07:28,24.751
2425,08/06/2026 07:17:28,24.772
2426,08/06/2026 07:27:28,24.804
2427,08/06/2026 07:37:28,24.837
2428,08/06/2026 07:47:28,24.912
2429,08/06/2026 07:57:28,24.997
2430,08/06/2026 08:07:28,25.062
2431,08/06/2026 08:17:28,25.115
2432,08/06/2026 08:27:28,25.158
2433,08/06/2026 08:37:28,25.201
2434,08/06/2026 08:47:28,25.212
2435,08/06/2026 08:57:28,25.201
2436,08/06/2026 09:07:28,25.180
2437,08/06/2026 09:17:28,25.169
2438,08/06/2026 09:27:28,25.223
2439,08/06/2026 09:37:28,25.212
2440,08/06/2026 09:47:28,25.201
2441,08/06/2026 09:57:28,25.169
2442,08/06/2026 10:07:28,25.169
2443,08/06/2026 10:17:28,25.233
2444,08/06/2026 10:27:28,25.426
2445,08/06/2026 10:37:28,25.577
2446,08/06/2026 10:47:28,25.791
2447,08/06/2026 10:57:28,25.920
2448,08/06/2026 11:07:28,26.091
2449,08/06/2026 11:17:28,26.274
2450,08/06/2026 11:27:28,26.617
2451,08/06/2026 11:37:28,26.746
2452,08/06/2026 11:47:28,26.874
2453,08/06/2026 11:57:28,27.035
2454,08/06/2026 12:07:28,27.164
2455,08/06/2026 12:17:28,27.325
2456,08/06/2026 12:27:28,27.582
2457,08/06/2026 12:37:28,26.585
2458,08/06/2026 12:47:28,25.491
2459,08/06/2026 12:57:28,25.158
2460,08/06/2026 13:07:28,24.997
2461,08/06/2026 13:17:28,25.019
2462,08/06/2026 13:27:28,25.073
2463,08/06/2026 13:37:28,25.598
2464,08/06/2026 13:47:28,26.145
2465,08/06/2026 13:57:28,26.327
2466,08/06/2026 14:07:28,26.327
2467,08/06/2026 14:17:28,26.595
2468,08/06/2026 14:27:28,26.542
2469,08/06/2026 14:37:28,26.499
2470,08/06/2026 14:47:28,26.413
2471,08/06/2026 14:57:28,26.274
2472,08/06/2026 15:07:28,26.016
2473,08/06/2026 15:17:28,25.684
2474,08/06/2026 15:27:28,25.266
2475,08/06/2026 15:37:28,24.847
2476,08/06/2026 15:47:28,24.483
2477,08/06/2026 15:57:28,24.343
2478,08/06/2026 16:07:28,24.332
2479,08/06/2026 16:17:28,24.322
2480,08/06/2026 16:27:28,24.268
2481,08/06/2026 16:37:28,24.440
2482,08/06/2026 16:47:28,24.461
2483,08/06/2026 16:57:28,24.429
2484,08/06/2026 17:07:28,24.193
2485,08/06/2026 17:17:28,24.064
2486,08/06/2026 17:27:28,24.075
2487,08/06/2026 17:37:28,24.086
2488,08/06/2026 17:47:28,24.182
2489,08/06/2026 17:57:28,24.150
2490,08/06/2026 18:07:28,24.129
2491,08/06/2026 18:17:28,24.193
2492,08/06/2026 18:27:28,24.354
2493,08/06/2026 18:37:28,24.697
2494,08/06/2026 18:47:28,24.955
2495,08/06/2026 18:57:28,25.019
2496,08/06/2026 19:07:28,25.062
2497,08/06/2026 19:17:28,25.416
2498,08/06/2026 19:27:28,25.523
2499,08/06/2026 19:37:28,25.577
2500,08/06/2026 19:47:28,25.641
2501,08/06/2026 19:57:28,25.780
2502,08/06/2026 20:07:28,25.866
2503,08/06/2026 20:17:28,25.920
2504,08/06/2026 20:27:28,25.973
2505,08/06/2026 20:37:28,26.070
2506,08/06/2026 20:47:28,26.156
2507,08/06/2026 20:57:28,26.274
2508,08/06/2026 21:07:28,26.456
2509,08/06/2026 21:17:28,26.638
2510,08/06/2026 21:27:28,26.842
2511,08/06/2026 21:37:28,27.014
2512,08/06/2026 21:47:28,27.185
2513,08/06/2026 21:57:28,27.303
2514,08/06/2026 22:07:28,27.400
2515,08/06/2026 22:17:28,27.464
2516,08/06/2026 22:27:28,27.518
2517,08/06/2026 22:37:28,27.550
2518,08/06/2026 22:47:28,27.582
2519,08/06/2026 22:57:28,27.550
2520,08/06/2026 23:07:28,27.518
2521,08/06/2026 23:17:28,27.443
2522,08/06/2026 23:27:28,27.389
2523,08/06/2026 23:37:28,27.260
2524,08/06/2026 23:47:28,27.089
2525,08/06/2026 23:57:28,27.046
2526,08/07/2026 00:07:28,26.874
2527,08/07/2026 00:17:28,26.746
2528,08/07/2026 00:27:28,26.499
2529,08/07/2026 00:37:28,26.327
2530,08/07/2026 00:47:28,26.209
2531,08/07/2026 00:57:28,26.113
2532,08/07/2026 01:07:28,26.070
2533,08/07/2026 01:17:28,26.124
2534,08/07/2026 01:27:28,26.006
2535,08/07/2026 01:37:28,26.113
2536,08/07/2026 01:47:28,25.866
2537,08/07/2026 01:57:28,25.201
2538,08/07/2026 02:07:28,25.062
2539,08/07/2026 02:17:28,24.965
2540,08/07/2026 02:27:28,24.847
2541,08/07/2026 02:37:28,24.686
2542,08/07/2026 02:47:28,24.686
2543,08/07/2026 02:57:28,24.697
2544,08/07/2026 03:07:28,24.772
2545,08/07/2026 03:17:28,24.826
2546,08/07/2026 03:27:28,24.955
2547,08/07/2026 03:37:28,24.847
2548,08/07/2026 03:47:28,24.826
2549,08/07/2026 03:57:28,24.944
2550,08/07/2026 04:07:28,25.094
2551,08/07/2026 04:17:28,25.212
2552,08/07/2026 04:27:28,25.287
2553,08/07/2026 04:37:28,25.319
2554,08/07/2026 04:47:28,25.319
2555,08/07/2026 04:57:28,25.351
2556,08/07/2026 05:07:28,25.373
2557,08/07/2026 05:17:28,25.437
2558,08/07/2026 05:27:28,25.459
2559,08/07/2026 05:37:28,25.437
2560,08/07/2026 05:47:28,25.405
2561,08/07/2026 05:57:28,25.384
2562,08/07/2026 06:07:28,25.341
2563,08/07/2026 06:17:28,25.341
2564,08/07/2026 06:27:28,25.319
2565,08/07/2026 06:37:28,25.341
2566,08/07/2026 06:47:28,25.330
2567,08/07/2026 06:57:28,25.330
2568,08/07/2026 07:07:28,25.341
2569,08/07/2026 07:17:28,25.351
2570,08/07/2026 07:27:28,25.373
2571,08/07/2026 07:37:28,25.373
2572,08/07/2026 07:47:28,25.362
2573,08/07/2026 07:57:28,25.373
2574,08/07/2026 08:07:28,25.416
2575,08/07/2026 08:17:28,25.416
2576,08/07/2026 08:27:28,25.426
2577,08/07/2026 08:37:28,25.405
2578,08/07/2026 08:47:28,25.394
2579,08/07/2026 08:57:28,25.437
2580,08/07/2026 09:07:28,25.459
2581,08/07/2026 09:17:28,25.491
2582,08/07/2026 09:27:28,25.523
2583,08/07/2026 09:37:28,25.566
2584,08/07/2026 09:47:28,25.609
2585,08/07/2026 09:57:28,25.695
2586,08/07/2026 10:07:28,25.748
2587,08/07/2026 10:17:28,25.855
2588,08/07/2026 10:27:28,25.984
2589,08/07/2026 10:37:28,26.124
2590,08/07/2026 10:47:28,26.263
2591,08/07/2026 10:57:28,26.424
2592,08/07/2026 11:07:28,26.553
2593,08/07/2026 11:17:28,26.703
2594,08/07/2026 11:27:28,26.949
2595,08/07/2026 11:37:28,27.121
2596,08/07/2026 11:47:28,27.314
2597,08/07/2026 11:57:28,27.507
2598,08/07/2026 12:07:28,27.689
2599,08/07/2026 12:17:28,27.904
2600,08/07/2026 12:27:28,28.161
2601,08/07/2026 12:37:28,28.365
2602,08/07/2026 12:47:28,28.515
2603,08/07/2026 12:57:28,28.698
2604,08/07/2026 13:07:28,28.880
2605,08/07/2026 13:17:28,29.030
2606,08/07/2026 13:27:28,29.255
2607,08/07/2026 13:37:28,28.022
2608,08/07/2026 13:47:28,27.303
2609,08/07/2026 13:57:28,26.295
2610,08/07/2026 14:07:28,25.802
2611,08/07/2026 14:17:28,25.877
2612,08/07/2026 14:27:28,26.156
2613,08/07/2026 14:37:28,26.553
2614,08/07/2026 14:47:28,26.617
2615,08/07/2026 14:57:28,26.574
2616,08/07/2026 15:07:28,26.488
2617,08/07/2026 15:17:28,26.027
2618,08/07/2026 15:27:28,25.695
2619,08/07/2026 15:37:28,25.480
2620,08/07/2026 15:47:28,25.491
2621,08/07/2026 15:57:28,25.437
2622,08/07/2026 16:07:28,25.587
2623,08/07/2026 16:17:28,25.705
2624,08/07/2026 16:27:28,25.802
2625,08/07/2026 16:37:28,25.931
2626,08/07/2026 16:47:28,25.973
2627,08/07/2026 16:57:28,26.027
2628,08/07/2026 17:07:28,26.048
2629,08/07/2026 17:17:28,25.759
2630,08/07/2026 17:27:28,25.437
2631,08/07/2026 17:37:28,25.233
2632,08/07/2026 17:47:28,25.008
2633,08/07/2026 17:57:28,24.965
2634,08/07/2026 18:07:28,24.922
2635,08/07/2026 18:17:28,24.719
2636,08/07/2026 18:27:28,24.611
2637,08/07/2026 18:37:28,24.590
2638,08/07/2026 18:47:28,24.536
2639,08/07/2026 18:57:28,24.601
2640,08/07/2026 19:07:28,24.665
2641,08/07/2026 19:17:28,24.644
2642,08/07/2026 19:27:28,24.601
2643,08/07/2026 19:37:28,24.858
2644,08/07/2026 19:47:28,25.233
2645,08/07/2026 19:57:28,25.566
2646,08/07/2026 20:07:28,25.791
2647,08/07/2026 20:17:28,25.888
2648,08/07/2026 20:27:28,25.898
2649,08/07/2026 20:37:28,25.898
2650,08/07/2026 20:47:28,25.898
2651,08/07/2026 20:57:28,25.984
2652,08/07/2026 21:07:28,26.006
2653,08/07/2026 21:17:28,26.048
2654,08/07/2026 21:27:28,26.124
2655,08/07/2026 21:37:28,26.145
2656,08/07/2026 21:47:28,26.177
2657,08/07/2026 21:57:28,26.220
2658,08/07/2026 22:07:28,26.295
2659,08/07/2026 22:17:28,26.370
2660,08/07/2026 22:27:28,26.445
2661,08/07/2026 22:37:28,26.542
2662,08/07/2026 22:47:28,26.671
2663,08/07/2026 22:57:28,26.756
2664,08/07/2026 23:07:28,26.756
2665,08/07/2026 23:17:28,26.692
2666,08/07/2026 23:27:28,26.617
2667,08/07/2026 23:37:28,26.499
2668,08/07/2026 23:47:28,26.392
2669,08/07/2026 23:57:28,26.252
2670,08/08/2026 00:07:28,26.166
2671,08/08/2026 00:17:28,26.070
2672,08/08/2026 00:27:28,25.984
2673,08/08/2026 00:37:28,25.877
2674,08/08/2026 00:47:28,25.630
2675,08/08/2026 00:57:28,25.512
2676,08/08/2026 01:07:28,25.319
2677,08/08/2026 01:17:28,25.115
2678,08/08/2026 01:27:28,24.901
2679,08/08/2026 01:37:28,24.772
2680,08/08/2026 01:47:28,24.601
2681,08/08/2026 01:57:28,24.515
2682,08/08/2026 02:07:28,24.397
2683,08/08/2026 02:17:28,24.300
2684,08/08/2026 02:27:28,24.172
2685,08/08/2026 02:37:28,24.107
2686,08/08/2026 02:47:28,24.000
2687,08/08/2026 02:57:28,23.979
2688,08/08/2026 03:07:28,23.946
2689,08/08/2026 03:17:28,24.161
2690,08/08/2026 03:27:28,24.107
2691,08/08/2026 03:37:28,24.000
2692,08/08/2026 03:47:28,23.925
2693,08/08/2026 03:57:28,23.850
2694,08/08/2026 04:07:28,23.882
2695,08/08/2026 04:17:28,23.732
2696,08/08/2026 04:27:28,23.539
2697,08/08/2026 04:37:28,23.335
2698,08/08/2026 04:47:28,23.217
2699,08/08/2026 04:57:28,23.185
2700,08/08/2026 05:07:28,23.185
2701,08/08/2026 05:17:28,23.163
2702,08/08/2026 05:27:28,23.131
2703,08/08/2026 05:37:28,23.078
2704,08/08/2026 05:47:28,23.024
2705,08/08/2026 05:57:28,23.013
2706,08/08/2026 06:07:28,22.981
2707,08/08/2026 06:17:28,22.917
2708,08/08/2026 06:27:28,22.831
2709,08/08/2026 06:37:28,22.788
2710,08/08/2026 06:47:28,22.788
2711,08/08/2026 06:57:28,22.724
2712,08/08/2026 07:07:28,22.681
2713,08/08/2026 07:17:28,22.692
2714,08/08/2026 07:27:28,22.681
2715,08/08/2026 07:37:28,22.692
2716,08/08/2026 07:47:28,22.692
2717,08/08/2026 07:57:28,22.702
2718,08/08/2026 08:07:28,22.734
2719,08/08/2026 08:17:28,22.756
2720,08/08/2026 08:27:28,22.810
2721,08/08/2026 08:37:28,22.874
2722,08/08/2026 08:47:28,22.906
2723,08/08/2026 08:57:28,22.970
2724,08/08/2026 09:07:28,23.024
2725,08/08/2026 09:17:28,23.099
2726,08/08/2026 09:27:28,23.185
2727,08/08/2026 09:37:28,23.271
2728,08/08/2026 09:47:28,23.346
2729,08/08/2026 09:57:28,23.442
2730,08/08/2026 10:07:28,23.550
2731,08/08/2026 10:17:28,23.678
2732,08/08/2026 10:27:28,23.807
2733,08/08/2026 10:37:28,23.979
2734,08/08/2026 10:47:28,24.172
2735,08/08/2026 10:57:28,24.343
2736,08/08/2026 11:07:28,24.472
2737,08/08/2026 11:17:28,24.633
2738,08/08/2026 11:27:28,24.826
2739,08/08/2026 11:37:28,25.051
2740,08/08/2026 11:47:28,25.287
2741,08/08/2026 11:57:28,25.544
2742,08/08/2026 12:07:28,25.813
2743,08/08/2026 12:17:28,26.091
2744,08/08/2026 12:27:28,26.349
2745,08/08/2026 12:37:28,26.681
2746,08/08/2026 12:47:28,26.906
2747,08/08/2026 12:57:28,27.110
2748,08/08/2026 13:07:28,27.282
2749,08/08/2026 13:17:28,27.486
2750,08/08/2026 13:27:28,27.754
2751,08/08/2026 13:37:28,28.215
2752,08/08/2026 13:47:28,28.429
2753,08/08/2026 13:57:28,28.505
2754,08/08/2026 14:07:28,28.698
2755,08/08/2026 14:17:28,28.934
2756,08/08/2026 14:27:28,28.987
2757,08/08/2026 14:37:28,29.094
2758,08/08/2026 14:47:28,27.679
2759,08/08/2026 14:57:28,25.963
2760,08/08/2026 15:07:28,25.137
2761,08/08/2026 15:17:28,24.365
2762,08/08/2026 15:27:28,24.397
2763,08/08/2026 15:37:28,24.644
2764,08/08/2026 15:47:28,24.944
2765,08/08/2026 15:57:28,25.030
2766,08/08/2026 16:07:28,24.976
2767,08/08/2026 16:17:28,25.051
2768,08/08/2026 16:27:28,24.997
2769,08/08/2026 16:37:28,24.944
2770,08/08/2026 16:47:28,24.858
2771,08/08/2026 16:57:28,24.729
2772,08/08/2026 17:07:28,24.601
2773,08/08/2026 17:17:28,24.450
2774,08/08/2026 17:27:28,24.354
2775,08/08/2026 17:37:28,24.236
2776,08/08/2026 17:47:28,24.064
2777,08/08/2026 17:57:28,23.893
2778,08/08/2026 18:07:28,23.753
2779,08/08/2026 18:17:28,23.657
2780,08/08/2026 18:27:28,23.517
2781,08/08/2026 18:37:28,23.399
2782,08/08/2026 18:47:28,23.271
2783,08/08/2026 18:57:28,23.035
2784,08/08/2026 19:07:28,22.874
2785,08/08/2026 19:17:28,22.820
2786,08/08/2026 19:27:28,22.810
2787,08/08/2026 19:37:28,22.852
2788,08/08/2026 19:47:28,22.724
2789,08/08/2026 19:57:28,22.745
2790,08/08/2026 20:07:28,22.820
2791,08/08/2026 20:17:28,22.788
2792,08/08/2026 20:27:28,22.788
2793,08/08/2026 20:37:28,22.799
2794,08/08/2026 20:47:28,22.820
2795,08/08/2026 20:57:28,22.885
2796,08/08/2026 21:07:28,22.970
2797,08/08/2026 21:17:28,23.110
2798,08/08/2026 21:27:28,23.206
2799,08/08/2026 21:37:28,23.228
2800,08/08/2026 21:47:28,23.249
2801,08/08/2026 21:57:28,23.314
2802,08/08/2026 22:07:28,23.442
2803,08/08/2026 22:17:28,23.592
2804,08/08/2026 22:27:28,23.689
2805,08/08/2026 22:37:28,23.764
2806,08/08/2026 22:47:28,23.903
2807,08/08/2026 22:57:28,24.054
2808,08/08/2026 23:07:28,24.193
2809,08/08/2026 23:17:28,24.375
2810,08/08/2026 23:27:28,24.568
2811,08/08/2026 23:37:28,24.686
2812,08/08/2026 23:47:28,24.783
2813,08/08/2026 23:57:28,24.944
2814,08/09/2026 00:07:28,25.115
2815,08/09/2026 00:17:28,25.223
2816,08/09/2026 00:27:28,25.298
2817,08/09/2026 00:37:28,25.373
2818,08/09/2026 00:47:28,25.448
2819,08/09/2026 00:57:28,25.480
2820,08/09/2026 01:07:28,25.448
2821,08/09/2026 01:17:28,25.416
2822,08/09/2026 01:27:28,25.351
2823,08/09/2026 01:37:28,25.287
2824,08/09/2026 01:47:28,25.223
2825,08/09/2026 01:57:28,25.169
2826,08/09/2026 02:07:28,25.083
2827,08/09/2026 02:17:28,24.997
2828,08/09/2026 02:27:28,24.901
2829,08/09/2026 02:37:28,24.804
2830,08/09/2026 02:47:28,24.686
2831,08/09/2026 02:57:28,24.622
2832,08/09/2026 03:07:28,24.526
2833,08/09/2026 03:17:28,24.536
2834,08/09/2026 03:27:28,24.483
2835,08/09/2026 03:37:28,24.504
2836,08/09/2026 03:47:28,24.536
2837,08/09/2026 03:57:28,24.483
2838,08/09/2026 04:07:28,24.182
2839,08/09/2026 04:17:28,23.646
2840,08/09/2026 04:27:28,23.560
2841,08/09/2026 04:37:28,23.560
2842,08/09/2026 04:47:28,23.571
2843,08/09/2026 04:57:28,23.603
2844,08/09/2026 05:07:28,23.625
2845,08/09/2026 05:17:28,23.592
2846,08/09/2026 05:27:28,23.550
2847,08/09/2026 05:37:28,23.507
2848,08/09/2026 05:47:28,23.421
2849,08/09/2026 05:57:28,23.303
2850,08/09/2026 06:07:28,23.196
2851,08/09/2026 06:17:28,23.067
2852,08/09/2026 06:27:28,22.949
2853,08/09/2026 06:37:28,22.842
2854,08/09/2026 06:47:28,22.745
2855,08/09/2026 06:57:28,22.702
2856,08/09/2026 07:07:28,22.659
2857,08/09/2026 07:17:28,22.552
2858,08/09/2026 07:27:28,22.488
2859,08/09/2026 07:37:28,22.531
2860,08/09/2026 07:47:28,22.498
2861,08/09/2026 07:57:28,22.520
2862,08/09/2026 08:07:28,22.498
2863,08/09/2026 08:17:28,22.445
2864,08/09/2026 08:27:28,22.402
2865,08/09/2026 08:37:28,22.413
2866,08/09/2026 08:47:28,22.381
2867,08/09/2026 08:57:28,22.434
2868,08/09/2026 09:07:28,22.531
2869,08/09/2026 09:17:28,22.531
2870,08/09/2026 09:27:28,22.627
2871,08/09/2026 09:37:28,22.659
2872,08/09/2026 09:47:28,22.756
2873,08/09/2026 09:57:28,22.788
2874,08/09/2026 10:07:28,22.852
2875,08/09/2026 10:17:28,22.874
2876,08/09/2026 10:27:28,22.906
2877,08/09/2026 10:37:28,22.938
2878,08/09/2026 10:47:28,23.045
2879,08/09/2026 10:57:28,23.153
2880,08/09/2026 11:07:28,23.271
2881,08/09/2026 11:17:28,23.367
2882,08/09/2026 11:27:28,23.464
2883,08/09/2026 11:37:28,23.592
2884,08/09/2026 11:47:28,23.828
2885,08/09/2026 11:57:28,24.086
2886,08/09/2026 12:07:28,24.311
2887,08/09/2026 12:17:28,24.536
2888,08/09/2026 12:27:28,24.772
2889,08/09/2026 12:37:28,25.030
2890,08/09/2026 12:47:28,25.266
2891,08/09/2026 12:57:28,25.523
2892,08/09/2026 13:07:28,25.770
2893,08/09/2026 13:17:28,26.102
2894,08/09/2026 13:27:28,26.445
2895,08/09/2026 13:37:28,26.756
2896,08/09/2026 13:47:28,27.078
2897,08/09/2026 13:57:28,27.336
2898,08/09/2026 14:07:28,27.507
2899,08/09/2026 14:17:28,27.700
2900,08/09/2026 14:27:28,27.915
2901,08/09/2026 14:37:28,28.194
2902,08/09/2026 14:47:28,28.580
2903,08/09/2026 14:57:28,28.783
2904,08/09/2026 15:07:28,28.773
2905,08/09/2026 15:17:28,28.987
2906,08/09/2026 15:27:28,29.116
2907,08/09/2026 15:37:28,29.169
2908,08/09/2026 15:47:28,29.116
2909,08/09/2026 15:57:28,27.014
2910,08/09/2026 16:07:28,25.437
2911,08/09/2026 16:17:28,24.826
2912,08/09/2026 16:27:28,24.504
2913,08/09/2026 16:37:28,24.622
2914,08/09/2026 16:47:28,24.676
2915,08/09/2026 16:57:28,24.761
2916,08/09/2026 17:07:28,24.794
2917,08/09/2026 17:17:28,24.686
2918,08/09/2026 17:27:28,24.633
2919,08/09/2026 17:37:28,24.536
2920,08/09/2026 17:47:28,24.268
2921,08/09/2026 17:57:28,23.882
2922,08/09/2026 18:07:28,23.603
2923,08/09/2026 18:17:28,23.389
2924,08/09/2026 18:27:28,23.174
2925,08/09/2026 18:37:28,23.035
2926,08/09/2026 18:47:28,22.767
2927,08/09/2026 18:57:28,22.574
2928,08/09/2026 19:07:28,22.445
2929,08/09/2026 19:17:28,22.284
2930,08/09/2026 19:27:28,22.187
2931,08/09/2026 19:37:28,22.091
2932,08/09/2026 19:47:28,22.027
2933,08/09/2026 19:57:28,21.994
2934,08/09/2026 20:07:28,21.941
2935,08/09/2026 20:17:28,21.898
2936,08/09/2026 20:27:28,21.898
2937,08/09/2026 20:37:28,21.834
2938,08/09/2026 20:47:28,21.780
2939,08/09/2026 20:57:28,21.801
2940,08/09/2026 21:07:28,21.834
2941,08/09/2026 21:17:28,21.823
2942,08/09/2026 21:27:28,21.876
2943,08/09/2026 21:37:28,21.898
2944,08/09/2026 21:47:28,21.887
2945,08/09/2026 21:57:28,21.952
2946,08/09/2026 22:07:28,21.984
2947,08/09/2026 22:17:28,22.016
2948,08/09/2026 22:27:28,22.037
2949,08/09/2026 22:37:28,22.027
2950,08/09/2026 22:47:28,22.027
2951,08/09/2026 22:57:28,22.069
2952,08/09/2026 23:07:28,22.155
2953,08/09/2026 23:17:28,22.230
2954,08/09/2026 23:27:28,22.241
2955,08/09/2026 23:37:28,22.348
2956,08/09/2026 23:47:28,22.445
2957,08/09/2026 23:57:28,22.584
2958,08/10/2026 00:07:28,22.724
2959,08/10/2026 00:17:28,22.992
2960,08/10/2026 00:27:28,23.217
2961,08/10/2026 00:37:28,23.378
2962,08/10/2026 00:47:28,23.539
2963,08/10/2026 00:57:28,23.678
2964,08/10/2026 01:07:28,23.861
2965,08/10/2026 01:17:28,24.021
2966,08/10/2026 01:27:28,24.172
2967,08/10/2026 01:37:28,24.279
2968,08/10/2026 01:47:28,24.332
2969,08/10/2026 01:57:28,24.365
2970,08/10/2026 02:07:28,24.386
2971,08/10/2026 02:17:28,24.354
2972,08/10/2026 02:27:28,24.311
2973,08/10/2026 02:37:28,24.290
2974,08/10/2026 02:47:28,24.257
2975,08/10/2026 02:57:28,24.204
2976,08/10/2026 03:07:28,24.118
2977,08/10/2026 03:17:28,24.054
2978,08/10/2026 03:27:28,23.818
2979,08/10/2026 03:37:28,23.131
2980,08/10/2026 03:47:28,22.155
2981,08/10/2026 03:57:28,21.801
2982,08/10/2026 04:07:28,22.327
2983,08/10/2026 04:17:28,23.228
2984,08/10/2026 04:27:28,23.507
2985,08/10/2026 04:37:28,23.635
2986,08/10/2026 04:47:28,23.571
2987,08/10/2026 04:57:28,23.689
2988,08/10/2026 05:07:28,23.453
2989,08/10/2026 05:17:28,23.078
2990,08/10/2026 05:27:28,22.981
2991,08/10/2026 05:37:28,23.045
2992,08/10/2026 05:47:28,23.131
2993,08/10/2026 05:57:28,23.185
2994,08/10/2026 06:07:28,23.196
2995,08/10/2026 06:17:28,23.142
2996,08/10/2026 06:27:28,23.185
2997,08/10/2026 06:37:28,23.185
2998,08/10/2026 06:47:28,23.217
2999,08/10/2026 06:57:28,23.185
3000,08/10/2026 07:07:28,23.110
3001,08/10/2026 07:17:28,23.024
3002,08/10/2026 07:27:28,22.960
3003,08/10/2026 07:37:28,22.927
3004,08/10/2026 07:47:28,22.906
3005,08/10/2026 07:57:28,22.960
3006,08/10/2026 08:07:28,23.056
3007,08/10/2026 08:17:28,23.088
3008,08/10/2026 08:27:28,23.088
3009,08/10/2026 08:37:28,23.110
3010,08/10/2026 08:47:28,23.142
3011,08/10/2026 08:57:28,23.163
3012,08/10/2026 09:07:28,23.185
3013,08/10/2026 09:17:28,23.217
3014,08/10/2026 09:27:28,23.249
3015,08/10/2026 09:37:28,23.271
3016,08/10/2026 09:47:28,23.292
3017,08/10/2026 09:57:28,23.314
3018,08/10/2026 10:07:28,23.346
3019,08/10/2026 10:17:28,23.389
3020,08/10/2026 10:27:28,23.389
3021,08/10/2026 10:37:28,23.410
3022,08/10/2026 10:47:28,23.464
3023,08/10/2026 10:57:28,23.560
3024,08/10/2026 11:07:28,23.614
3025,08/10/2026 11:17:28,23.678
3026,08/10/2026 11:27:28,23.710
3027,08/10/2026 11:37:28,23.732
3028,08/10/2026 11:47:28,23.743
3029,08/10/2026 11:57:28,23.796
3030,08/10/2026 12:07:28,23.850
3031,08/10/2026 12:17:28,23.882
3032,08/10/2026 12:27:28,23.936
3033,08/10/2026 12:37:28,24.032
3034,08/10/2026 12:47:28,24.161
3035,08/10/2026 12:57:28,24.311
3036,08/10/2026 13:07:28,24.483
3037,08/10/2026 13:17:28,24.644
3038,08/10/2026 13:27:28,24.751
3039,08/10/2026 13:37:28,24.869
3040,08/10/2026 13:47:28,24.987
3041,08/10/2026 13:57:28,25.115
3042,08/10/2026 14:07:28,25.255
3043,08/10/2026 14:17:28,25.437
3044,08/10/2026 14:27:28,25.695
3045,08/10/2026 14:37:28,25.984
3046,08/10/2026 14:47:28,26.188
3047,08/10/2026 14:57:28,26.402
3048,08/10/2026 15:07:28,26.553
3049,08/10/2026 15:17:28,26.638
3050,08/10/2026 15:27:28,26.778
3051,08/10/2026 15:37:28,27.089
3052,08/10/2026 15:47:28,27.303
3053,08/10/2026 15:57:28,27.336
3054,08/10/2026 16:07:28,27.346
3055,08/10/2026 16:17:28,27.378
3056,08/10/2026 16:27:28,27.443
3057,08/10/2026 16:37:28,27.539
3058,08/10/2026 16:47:28,27.475
3059,08/10/2026 16:57:28,27.368
3060,08/10/2026 17:07:28,25.459
3061,08/10/2026 17:17:28,24.568
3062,08/10/2026 17:27:28,24.515
3063,08/10/2026 17:37:28,24.654
3064,08/10/2026 17:47:28,24.837
3065,08/10/2026 17:57:28,25.051
3066,08/10/2026 18:07:28,25.062
3067,08/10/2026 18:17:28,24.987
3068,08/10/2026 18:27:28,24.826
3069,08/10/2026 18:37:28,24.633
3070,08/10/2026 18:47:28,24.440
3071,08/10/2026 18:57:28,24.268
3072,08/10/2026 19:07:28,24.172
3073,08/10/2026 19:17:28,24.097
3074,08/10/2026 19:27:28,24.021
3075,08/10/2026 19:37:28,23.903
3076,08/10/2026 19:47:28,23.796
3077,08/10/2026 19:57:28,23.646
3078,08/10/2026 20:07:28,23.528
3079,08/10/2026 20:17:28,23.507
3080,08/10/2026 20:27:28,23.432
3081,08/10/2026 20:37:28,23.421
3082,08/10/2026 20:47:28,23.389
3083,08/10/2026 20:57:28,23.399
3084,08/10/2026 21:07:28,23.356
3085,08/10/2026 21:17:28,23.389
3086,08/10/2026 21:27:28,23.346
3087,08/10/2026 21:37:28,23.335
3088,08/10/2026 21:47:28,23.346
3089,08/10/2026 21:57:28,23.292
3090,08/10/2026 22:07:28,23.271
3091,08/10/2026 22:17:28,23.228
3092,08/10/2026 22:27:28,23.228
3093,08/10/2026 22:37:28,23.228
3094,08/10/2026 22:47:28,23.249
3095,08/10/2026 22:57:28,23.271
3096,08/10/2026 23:07:28,23.292
3097,08/10/2026 23:17:28,23.324
3098,08/10/2026 23:27:28,23.346
3099,08/10/2026 23:37:28,23.346
3100,08/10/2026 23:47:28,23.346
3101,08/10/2026 23:57:28,23.346
3102,08/11/2026 00:07:28,23.389
3103,08/11/2026 00:17:28,23.399
3104,08/11/2026 00:27:28,23.399
3105,08/11/2026 00:37:28,23.421
3106,08/11/2026 00:47:28,23.474
3107,08/11/2026 00:57:28,23.517
3108,08/11/2026 01:07:28,23.592
3109,08/11/2026 01:17:28,23.678
3110,08/11/2026 01:27:28,23.753
3111,08/11/2026 01:37:28,23.796
3112,08/11/2026 01:47:28,23.850
3113,08/11/2026 01:57:28,23.882
3114,08/11/2026 02:07:28,23.936
3115,08/11/2026 02:17:28,23.946
3116,08/11/2026 02:27:28,23.989
3117,08/11/2026 02:37:28,24.032
3118,08/11/2026 02:47:28,24.054
3119,08/11/2026 02:57:28,24.054
3120,08/11/2026 03:07:28,24.000
3121,08/11/2026 03:17:28,23.936
3122,08/11/2026 03:27:28,23.903
3123,08/11/2026 03:37:28,23.861
3124,08/11/2026 03:47:28,23.818
3125,08/11/2026 03:57:28,23.764
3126,08/11/2026 04:07:28,23.678
3127,08/11/2026 04:17:28,23.421
3128,08/11/2026 04:27:28,22.649
3129,08/11/2026 04:37:28,22.241
3130,08/11/2026 04:47:28,21.898
3131,08/11/2026 04:57:28,21.587
3132,08/11/2026 05:07:28,21.490
3133,08/11/2026 05:17:28,22.134
3134,08/11/2026 05:27:28,22.852
3135,08/11/2026 05:37:28,23.045
3136,08/11/2026 05:47:28,23.131
3137,08/11/2026 05:57:28,23.271
3138,08/11/2026 06:07:28,23.474
3139,08/11/2026 06:17:28,23.507
3140,08/11/2026 06:27:28,23.474
3141,08/11/2026 06:37:28,23.474
3142,08/11/2026 06:47:28,23.539
3143,08/11/2026 06:57:28,23.550
3144,08/11/2026 07:07:28,23.507
3145,08/11/2026 07:17:28,23.485
3146,08/11/2026 07:27:28,23.453
3147,08/11/2026 07:37:28,23.421
3148,08/11/2026 07:47:28,23.367
3149,08/11/2026 07:57:28,23.314
3150,08/11/2026 08:07:28,23.271
3151,08/11/2026 08:17:28,23.239
3152,08/11/2026 08:27:28,23.196
3153,08/11/2026 08:37:28,23.206
3154,08/11/2026 08:47:28,23.174
3155,08/11/2026 08:57:28,23.131
3156,08/11/2026 09:07:28,23.121
3157,08/11/2026 09:17:28,23.099
3158,08/11/2026 09:27:28,23.067
3159,08/11/2026 09:37:28,23.024
3160,08/11/2026 09:47:28,23.056
3161,08/11/2026 09:57:28,23.088
3162,08/11/2026 10:07:28,23.067
3163,08/11/2026 10:17:28,23.078
3164,08/11/2026 10:27:28,23.078
3165,08/11/2026 10:37:28,23.099
3166,08/11/2026 10:47:28,23.131
3167,08/11/2026 10:57:28,23.185
3168,08/11/2026 11:07:28,23.185
3169,08/11/2026 11:17:28,23.206
3170,08/11/2026 11:27:28,23.217
3171,08/11/2026 11:37:28,23.249
3172,08/11/2026 11:47:28,23.314
3173,08/11/2026 11:57:28,23.389
3174,08/11/2026 12:07:28,23.485
3175,08/11/2026 12:17:28,23.592
3176,08/11/2026 12:27:28,23.614
3177,08/11/2026 12:37:28,23.625
3178,08/11/2026 12:47:28,23.678
3179,08/11/2026 12:57:28,23.764
3180,08/11/2026 13:07:28,23.882
3181,08/11/2026 13:17:28,23.989
3182,08/11/2026 13:27:28,24.097
3183,08/11/2026 13:37:28,24.225
3184,08/11/2026 13:47:28,24.397
3185,08/11/2026 13:57:28,24.622
3186,08/11/2026 14:07:28,24.761
3187,08/11/2026 14:17:28,24.890
3188,08/11/2026 14:27:28,25.062
3189,08/11/2026 14:37:28,25.201
3190,08/11/2026 14:47:28,25.319
3191,08/11/2026 14:57:28,25.459
3192,08/11/2026 15:07:28,25.566
3193,08/11/2026 15:17:28,25.662
3194,08/11/2026 15:27:28,25.759
3195,08/11/2026 15:37:28,25.834
3196,08/11/2026 15:47:28,25.898
3197,08/11/2026 15:57:28,25.920
3198,08/11/2026 16:07:28,25.984
3199,08/11/2026 16:17:28,26.016
3200,08/11/2026 16:27:28,26.048
3201,08/11/2026 16:37:28,26.059
3202,08/11/2026 16:47:28,26.081
3203,08/11/2026 16:57:28,26.091
3204,08/11/2026 17:07:28,26.038
3205,08/11/2026 17:17:28,26.038
3206,08/11/2026 17:27:28,25.995
3207,08/11/2026 17:37:28,25.963
3208,08/11/2026 17:47:28,26.016
3209,08/11/2026 17:57:28,26.016
3210,08/11/2026 18:07:28,25.437
3211,08/11/2026 18:17:28,25.062
3212,08/11/2026 18:27:28,24.354
3213,08/11/2026 18:37:28,24.322
3214,08/11/2026 18:47:28,24.483
3215,08/11/2026 18:57:28,24.472
3216,08/11/2026 19:07:28,24.450
3217,08/11/2026 19:17:28,24.440
3218,08/11/2026 19:27:28,24.408
3219,08/11/2026 19:37:28,24.375
3220,08/11/2026 19:47:28,24.322
3221,08/11/2026 19:57:28,24.279
3222,08/11/2026 20:07:28,24.172
3223,08/11/2026 20:17:28,23.946
3224,08/11/2026 20:27:28,23.796
3225,08/11/2026 20:37:28,23.732
3226,08/11/2026 20:47:28,23.614
3227,08/11/2026 20:57:28,23.507
3228,08/11/2026 21:07:28,23.335
3229,08/11/2026 21:17:28,23.239
3230,08/11/2026 21:27:28,23.121
3231,08/11/2026 21:37:28,23.035
3232,08/11/2026 21:47:28,22.992
3233,08/11/2026 21:57:28,22.960
3234,08/11/2026 22:07:28,22.906
3235,08/11/2026 22:17:28,22.906
3236,08/11/2026 22:27:28,22.895
3237,08/11/2026 22:37:28,22.885
3238,08/11/2026 22:47:28,22.842
3239,08/11/2026 22:57:28,22.874
3240,08/11/2026 23:07:28,22.842
3241,08/11/2026 23:17:28,22.852
3242,08/11/2026 23:27:28,22.863
3243,08/11/2026 23:37:28,22.874
3244,08/11/2026 23:47:28,22.831
3245,08/11/2026 23:57:28,22.831
3246,08/12/2026 00:07:28,22.885
3247,08/12/2026 00:17:28,22.927
3248,08/12/2026 00:27:28,22.949
3249,08/12/2026 00:37:28,22.949
3250,08/12/2026 00:47:28,22.949
3251,08/12/2026 00:57:28,22.981
3252,08/12/2026 01:07:28,23.035
3253,08/12/2026 01:17:28,23.067
3254,08/12/2026 01:27:28,23.099
3255,08/12/2026 01:37:28,23.163
3256,08/12/2026 01:47:28,23.217
3257,08/12/2026 01:57:28,23.324
3258,08/12/2026 02:07:28,23.453
3259,08/12/2026 02:17:28,23.507
3260,08/12/2026 02:27:28,23.550
3261,08/12/2026 02:37:28,23.614
3262,08/12/2026 02:47:28,23.635
3263,08/12/2026 02:57:28,23.668
3264,08/12/2026 03:07:28,23.678
3265,08/12/2026 03:17:28,23.689
3266,08/12/2026 03:27:28,23.700
3267,08/12/2026 03:37:28,23.700
3268,08/12/2026 03:47:28,23.700
3269,08/12/2026 03:57:28,23.635
3270,08/12/2026 04:07:28,23.582
3271,08/12/2026 04:17:28,23.528
3272,08/12/2026 04:27:28,23.464
3273,08/12/2026 04:37:28,23.378
3274,08/12/2026 04:47:28,23.271
3275,08/12/2026 04:57:28,23.131
3276,08/12/2026 05:07:28,22.166
3277,08/12/2026 05:17:28,20.654
3278,08/12/2026 05:27:28,19.903
3279,08/12/2026 05:37:28,19.474
3280,08/12/2026 05:47:28,19.260
3281,08/12/2026 05:57:28,19.109
3282,08/12/2026 06:07:28,18.981
3283,08/12/2026 06:17:28,19.699
3284,08/12/2026 06:27:28,21.555
3285,08/12/2026 06:37:28,22.123
3286,08/12/2026 06:47:28,22.241
3287,08/12/2026 06:57:28,22.756
3288,08/12/2026 07:07:28,23.142
3289,08/12/2026 07:17:28,23.228
3290,08/12/2026 07:27:28,23.249
3291,08/12/2026 07:37:28,23.303
3292,08/12/2026 07:47:28,23.356
3293,08/12/2026 07:57:28,23.335
3294,08/12/2026 08:07:28,23.292
3295,08/12/2026 08:17:28,23.281
3296,08/12/2026 08:27:28,23.217
3297,08/12/2026 08:37:28,23.163
3298,08/12/2026 08:47:28,23.131
3299,08/12/2026 08:57:28,23.078
3300,08/12/2026 09:07:28,22.992
3301,08/12/2026 09:17:28,22.927
3302,08/12/2026 09:27:28,22.906
3303,08/12/2026 09:37:28,22.906
3304,08/12/2026 09:47:28,22.906
3305,08/12/2026 09:57:28,22.906
3306,08/12/2026 10:07:28,22.927
3307,08/12/2026 10:17:28,22.927
3308,08/12/2026 10:27:28,22.949
3309,08/12/2026 10:37:28,22.949
3310,08/12/2026 10:47:28,22.981
3311,08/12/2026 10:57:28,22.992
3312,08/12/2026 11:07:28,23.035
3313,08/12/2026 11:17:28,23.045
3314,08/12/2026 11:27:28,23.045
3315,08/12/2026 11:37:28,23.067
3316,08/12/2026 11:47:28,23.099
3317,08/12/2026 11:57:28,23.153
3318,08/12/2026 12:07:28,23.163
3319,08/12/2026 12:17:28,23.185
3320,08/12/2026 12:27:28,23.217
3321,08/12/2026 12:37:28,23.335
3322,08/12/2026 12:47:28,23.399
3323,08/12/2026 12:57:28,23.496
3324,08/12/2026 13:07:28,23.571
3325,08/12/2026 13:17:28,23.678
3326,08/12/2026 13:27:28,23.775
3327,08/12/2026 13:37:28,23.861
3328,08/12/2026 13:47:28,23.946
3329,08/12/2026 13:57:28,24.021
3330,08/12/2026 14:07:28,24.064
3331,08/12/2026 14:17:28,24.172
3332,08/12/2026 14:27:28,24.311
3333,08/12/2026 14:37:28,24.483
3334,08/12/2026 14:47:28,24.590
3335,08/12/2026 14:57:28,24.708
3336,08/12/2026 15:07:28,24.826
3337,08/12/2026 15:17:28,24.933
3338,08/12/2026 15:27:28,25.051
3339,08/12/2026 15:37:28,25.190
3340,08/12/2026 15:47:28,25.351
3341,08/12/2026 15:57:28,25.502
3342,08/12/2026 16:07:28,25.695
3343,08/12/2026 16:17:28,25.888
3344,08/12/2026 16:27:28,26.070
3345,08/12/2026 16:37:28,26.156
3346,08/12/2026 16:47:28,26.327
3347,08/12/2026 16:57:28,26.435
3348,08/12/2026 17:07:28,26.510
3349,08/12/2026 17:17:28,26.563
3350,08/12/2026 17:27:28,26.510
3351,08/12/2026 17:37:28,26.381
3352,08/12/2026 17:47:28,26.113
3353,08/12/2026 17:57:28,25.780
3354,08/12/2026 18:07:28,25.888
3355,08/12/2026 18:17:28,25.802
3356,08/12/2026 18:27:28,25.823
3357,08/12/2026 18:37:28,25.931
3358,08/12/2026 18:47:28,25.984
3359,08/12/2026 18:57:28,25.973
3360,08/12/2026 19:07:28,24.922
3361,08/12/2026 19:17:28,24.225
3362,08/12/2026 19:27:28,24.097
3363,08/12/2026 19:37:28,24.322
3364,08/12/2026 19:47:28,24.408
3365,08/12/2026 19:57:28,24.365
3366,08/12/2026 20:07:28,24.311
3367,08/12/2026 20:17:28,24.279
3368,08/12/2026 20:27:28,24.225
3369,08/12/2026 20:37:28,24.172
3370,08/12/2026 20:47:28,24.139
3371,08/12/2026 20:57:28,24.129
3372,08/12/2026 21:07:28,24.139
3373,08/12/2026 21:17:28,24.118
3374,08/12/2026 21:27:28,24.086
3375,08/12/2026 21:37:28,23.936
3376,08/12/2026 21:47:28,23.764
3377,08/12/2026 21:57:28,23.646
3378,08/12/2026 22:07:28,23.603
3379,08/12/2026 22:17:28,23.625
3380,08/12/2026 22:27:28,23.635
3381,08/12/2026 22:37:28,23.657
3382,08/12/2026 22:47:28,23.646
3383,08/12/2026 22:57:28,23.657
3384,08/12/2026 23:07:28,23.678
3385,08/12/2026 23:17:28,23.678
3386,08/12/2026 23:27:28,23.646
3387,08/12/2026 23:37:28,23.592
3388,08/12/2026 23:47:28,23.592
3389,08/12/2026 23:57:28,23.560
3390,08/13/2026 00:07:28,23.539
3391,08/13/2026 00:17:28,23.539
3392,08/13/2026 00:27:28,23.560
3393,08/13/2026 00:37:28,23.474
3394,08/13/2026 00:47:28,23.517
3395,08/13/2026 00:57:28,23.560
3396,08/13/2026 01:07:28,23.582
3397,08/13/2026 01:17:28,23.582
3398,08/13/2026 01:27:28,23.560
3399,08/13/2026 01:37:28,23.560
3400,08/13/2026 01:47:28,23.571
3401,08/13/2026 01:57:28,23.603
3402,08/13/2026 02:07:28,23.625
3403,08/13/2026 02:17:28,23.625
3404,08/13/2026 02:27:28,23.625
3405,08/13/2026 02:37:28,23.625
3406,08/13/2026 02:47:28,23.635
3407,08/13/2026 02:57:28,23.646
3408,08/13/2026 03:07:28,23.657
3409,08/13/2026 03:17:28,23.668
3410,08/13/2026 03:27:28,23.678
3411,08/13/2026 03:37:28,23.678
3412,08/13/2026 03:47:28,23.678
3413,08/13/2026 03:57:28,23.678
3414,08/13/2026 04:07:28,23.657
3415,08/13/2026 04:17:28,23.635
3416,08/13/2026 04:27:28,23.507
3417,08/13/2026 04:37:28,23.271
3418,08/13/2026 04:47:28,23.099
3419,08/13/2026 04:57:28,23.045
3420,08/13/2026 05:07:28,23.013
3421,08/13/2026 05:17:28,22.960
3422,08/13/2026 05:27:28,22.927
3423,08/13/2026 05:37:28,22.842
3424,08/13/2026 05:47:28,22.734
3425,08/13/2026 05:57:28,22.552
3426,08/13/2026 06:07:28,22.456
3427,08/13/2026 06:17:28,22.327
3428,08/13/2026 06:27:28,21.619
3429,08/13/2026 06:37:28,21.169
3430,08/13/2026 06:47:28,21.758
3431,08/13/2026 06:57:28,22.681
3432,08/13/2026 07:07:28,21.994
3433,08/13/2026 07:17:28,21.930
3434,08/13/2026 07:27:28,21.952
3435,08/13/2026 07:37:28,21.941
3436,08/13/2026 07:47:28,21.941
3437,08/13/2026 07:57:28,21.876
3438,08/13/2026 08:07:28,21.898
3439,08/13/2026 08:17:28,22.381
3440,08/13/2026 08:27:28,22.799
3441,08/13/2026 08:37:28,23.196
3442,08/13/2026 08:47:28,23.314
3443,08/13/2026 08:57:28,23.378
3444,08/13/2026 09:07:28,23.421
3445,08/13/2026 09:17:28,23.474
3446,08/13/2026 09:27:28,23.485
3447,08/13/2026 09:37:28,23.474
3448,08/13/2026 09:47:28,23.485
3449,08/13/2026 09:57:28,23.474
3450,08/13/2026 10:07:28,23.474
3451,08/13/2026 10:17:28,23.464
3452,08/13/2026 10:27:28,23.453
3453,08/13/2026 10:37:28,23.453
3454,08/13/2026 10:47:28,23.432
3455,08/13/2026 10:57:28,23.421
3456,08/13/2026 11:07:28,23.421
3457,08/13/2026 11:17:28,23.389
3458,08/13/2026 11:27:28,23.389
3459,08/13/2026 11:37:28,23.367
3460,08/13/2026 11:47:28,23.389
3461,08/13/2026 11:57:28,23.389
3462,08/13/2026 12:07:28,23.399
3463,08/13/2026 12:17:28,23.378
3464,08/13/2026 12:27:28,23.389
3465,08/13/2026 12:37:28,23.399
3466,08/13/2026 12:47:28,23.421
3467,08/13/2026 12:57:28,23.442
3468,08/13/2026 13:07:28,23.453
3469,08/13/2026 13:17:28,23.507
3470,08/13/2026 13:27:28,23.646
3471,08/13/2026 13:37:28,23.775
3472,08/13/2026 13:47:28,23.968
3473,08/13/2026 13:57:28,23.914
3474,08/13/2026 14:07:28,23.936
3475,08/13/2026 14:17:28,23.882
3476,08/13/2026 14:27:28,23.925
3477,08/13/2026 14:37:28,24.000
3478,08/13/2026 14:47:28,24.097
3479,08/13/2026 14:57:28,24.193
3480,08/13/2026 15:07:28,24.311
3481,08/13/2026 15:17:28,24.493
3482,08/13/2026 15:27:28,24.697
3483,08/13/2026 15:37:28,24.794
3484,08/13/2026 15:47:28,24.858
3485,08/13/2026 15:57:28,24.912
3486,08/13/2026 16:07:28,24.976
3487,08/13/2026 16:17:28,25.051
3488,08/13/2026 16:27:28,25.148
3489,08/13/2026 16:37:28,25.223
3490,08/13/2026 16:47:28,25.319
3491,08/13/2026 16:57:28,25.544
3492,08/13/2026 17:07:28,25.909
3493,08/13/2026 17:17:28,26.070
3494,08/13/2026 17:27:28,26.091
3495,08/13/2026 17:37:28,26.102
3496,08/13/2026 17:47:28,26.102
3497,08/13/2026 17:57:28,26.048
3498,08/13/2026 18:07:28,25.952
3499,08/13/2026 18:17:28,25.888
3500,08/13/2026 18:27:28,25.716
3501,08/13/2026 18:37:28,25.523
3502,08/13/2026 18:47:28,25.266
3503,08/13/2026 18:57:28,24.997
3504,08/13/2026 19:07:28,24.869
3505,08/13/2026 19:17:28,24.837
3506,08/13/2026 19:27:28,24.719
3507,08/13/2026 19:37:28,24.740
3508,08/13/2026 19:47:28,24.783
3509,08/13/2026 19:57:28,24.922
3510,08/13/2026 20:07:28,24.214
3511,08/13/2026 20:17:28,23.678
3512,08/13/2026 20:27:28,23.646
3513,08/13/2026 20:37:28,23.818
3514,08/13/2026 20:47:28,23.925
3515,08/13/2026 20:57:28,23.925
3516,08/13/2026 21:07:28,23.893
3517,08/13/2026 21:17:28,23.903
3518,08/13/2026 21:27:28,23.882
3519,08/13/2026 21:37:28,23.850
3520,08/13/2026 21:47:28,23.796
3521,08/13/2026 21:57:28,23.678
3522,08/13/2026 22:07:28,23.603
3523,08/13/2026 22:17:28,23.560
3524,08/13/2026 22:27:28,23.550
3525,08/13/2026 22:37:28,23.539
3526,08/13/2026 22:47:28,23.507
3527,08/13/2026 22:57:28,23.474
3528,08/13/2026 23:07:28,23.442
3529,08/13/2026 23:17:28,23.410
3530,08/13/2026 23:27:28,23.378
3531,08/13/2026 23:37:28,23.346
3532,08/13/2026 23:47:28,23.335
3533,08/13/2026 23:57:28,23.303
3534,08/14/2026 00:07:28,23.292
3535,08/14/2026 00:17:28,23.271
3536,08/14/2026 00:27:28,23.271
3537,08/14/2026 00:37:28,23.249
3538,08/14/2026 00:47:28,23.249
3539,08/14/2026 00:57:28,23.249
3540,08/14/2026 01:07:28,23.249
3541,08/14/2026 01:17:28,23.249
3542,08/14/2026 01:27:28,23.249
3543,08/14/2026 01:37:28,23.249
3544,08/14/2026 01:47:28,23.271
3545,08/14/2026 01:57:28,23.271
3546,08/14/2026 02:07:28,23.271
3547,08/14/2026 02:17:28,23.271
3548,08/14/2026 02:27:28,23.281
3549,08/14/2026 02:37:28,23.292
3550,08/14/2026 02:47:28,23.303
3551,08/14/2026 02:57:28,23.335
3552,08/14/2026 03:07:28,23.335
3553,08/14/2026 03:17:28,23.335
3554,08/14/2026 03:27:28,23.314
3555,08/14/2026 03:37:28,23.303
3556,08/14/2026 03:47:28,23.281
3557,08/14/2026 03:57:28,23.292
3558,08/14/2026 04:07:28,23.271
3559,08/14/2026 04:17:28,23.271
3560,08/14/2026 04:27:28,23.249
3561,08/14/2026 04:37:28,23.217
3562,08/14/2026 04:47:28,23.196
3563,08/14/2026 04:57:28,23.163
3564,08/14/2026 05:07:28,23.121
3565,08/14/2026 05:17:28,23.078
3566,08/14/2026 05:27:28,22.981
3567,08/14/2026 05:37:28,22.906
3568,08/14/2026 05:47:28,22.799
3569,08/14/2026 05:57:28,22.692
3570,08/14/2026 06:07:28,22.584
3571,08/14/2026 06:17:28,22.498
3572,08/14/2026 06:27:28,22.391
3573,08/14/2026 06:37:28,23.131
3574,08/14/2026 06:47:28,24.558
3575,08/14/2026 06:57:28,25.308
3576,08/14/2026 07:07:28,25.587
3577,08/14/2026 07:17:28,26.252
3578,08/14/2026 07:27:28,26.960
3579,08/14/2026 07:37:28,27.121
3580,08/14/2026 07:47:28,26.756
3581,08/14/2026 07:57:28,25.931
3582,08/14/2026 08:07:28,22.756
3583,08/14/2026 08:17:28,22.295
3584,08/14/2026 08:27:28,22.284
3585,08/14/2026 08:37:28,22.756
3586,08/14/2026 08:47:28,22.970
3587,08/14/2026 08:57:28,23.003
3588,08/14/2026 09:07:28,23.067
3589,08/14/2026 09:17:28,23.185
3590,08/14/2026 09:27:28,23.206
3591,08/14/2026 09:37:28,23.217
3592,08/14/2026 09:47:28,23.281
3593,08/14/2026 09:57:28,23.346
3594,08/14/2026 10:07:28,23.389
3595,08/14/2026 10:17:28,23.421
3596,08/14/2026 10:27:28,23.464
3597,08/14/2026 10:37:28,23.474
3598,08/14/2026 10:47:28,23.485
3599,08/14/2026 10:57:28,23.474
3600,08/14/2026 11:07:28,23.474
3601,08/14/2026 11:17:28,23.496
3602,08/14/2026 11:27:28,23.539
3603,08/14/2026 11:37:28,23.592
3604,08/14/2026 11:47:28,23.625
3605,08/14/2026 11:57:28,23.700
3606,08/14/2026 12:07:28,23.743
3607,08/14/2026 12:17:28,23.839
3608,08/14/2026 12:27:28,23.882
3609,08/14/2026 12:37:28,23.882
3610,08/14/2026 12:47:28,23.818
3611,08/14/2026 12:57:28,23.871
3612,08/14/2026 13:07:28,23.850
3613,08/14/2026 13:17:28,23.796
3614,08/14/2026 13:27:28,23.796
3615,08/14/2026 13:37:28,23.796
3616,08/14/2026 13:47:28,23.807
3617,08/14/2026 13:57:28,23.936
3618,08/14/2026 14:07:28,24.021
3619,08/14/2026 14:17:28,24.225
3620,08/14/2026 14:27:28,24.397
3621,08/14/2026 14:37:28,24.558
3622,08/14/2026 14:47:28,24.590
3623,08/14/2026 14:57:28,24.633
3624,08/14/2026 15:07:28,24.719
3625,08/14/2026 15:17:28,24.783
3626,08/14/2026 15:27:28,24.858
3627,08/14/2026 15:37:28,24.879
3628,08/14/2026 15:47:28,24.922
3629,08/14/2026 15:57:28,24.997
3630,08/14/2026 16:07:28,25.115
3631,08/14/2026 16:17:28,25.233
3632,08/14/2026 16:27:28,25.351
3633,08/14/2026 16:37:28,25.469
3634,08/14/2026 16:47:28,25.598
3635,08/14/2026 16:57:28,25.673
3636,08/14/2026 17:07:28,25.759
3637,08/14/2026 17:17:28,25.845
3638,08/14/2026 17:27:28,25.920
3639,08/14/2026 17:37:28,25.973
3640,08/14/2026 17:47:28,26.016
3641,08/14/2026 17:57:28,25.995
3642,08/14/2026 18:07:28,25.973
3643,08/14/2026 18:17:28,25.941
3644,08/14/2026 18:27:28,25.909
3645,08/14/2026 18:37:28,25.877
3646,08/14/2026 18:47:28,25.866
3647,08/14/2026 18:57:28,25.813
3648,08/14/2026 19:07:28,25.770
3649,08/14/2026 19:17:28,25.534
3650,08/14/2026 19:27:28,23.410
3651,08/14/2026 19:37:28,23.314
3652,08/14/2026 19:47:28,22.381
3653,08/14/2026 19:57:28,23.067
3654,08/14/2026 20:07:28,24.461
3655,08/14/2026 20:17:28,24.536
3656,08/14/2026 20:27:28,24.483
3657,08/14/2026 20:37:28,24.472
3658,08/14/2026 20:47:28,24.440
3659,08/14/2026 20:57:28,24.493
3660,08/14/2026 21:07:28,24.515
3661,08/14/2026 21:17:28,24.729
3662,08/14/2026 21:27:28,24.976
3663,08/14/2026 21:37:28,25.073
3664,08/14/2026 21:47:28,25.083
3665,08/14/2026 21:57:28,25.073
3666,08/14/2026 22:07:28,25.062
3667,08/14/2026 22:17:28,25.051
3668,08/14/2026 22:27:28,25.008
3669,08/14/2026 22:37:28,24.976
3670,08/14/2026 22:47:28,24.944
3671,08/14/2026 22:57:28,24.912
3672,08/14/2026 23:07:28,24.869
3673,08/14/2026 23:17:28,24.772
3674,08/14/2026 23:27:28,24.708
3675,08/14/2026 23:37:28,24.654
3676,08/14/2026 23:47:28,24.611
3677,08/14/2026 23:57:28,24.526
3678,08/15/2026 00:07:28,24.450
3679,08/15/2026 00:17:28,24.429
3680,08/15/2026 00:27:28,24.429
3681,08/15/2026 00:37:28,24.386
3682,08/15/2026 00:47:28,24.375
3683,08/15/2026 00:57:28,24.365
3684,08/15/2026 01:07:28,24.343
3685,08/15/2026 01:17:28,24.322
3686,08/15/2026 01:27:28,24.311
3687,08/15/2026 01:37:28,24.290
3688,08/15/2026 01:47:28,24.290
3689,08/15/2026 01:57:28,24.300
3690,08/15/2026 02:07:28,24.300
3691,08/15/2026 02:17:28,24.268
3692,08/15/2026 02:27:28,24.247
3693,08/15/2026 02:37:28,24.257
3694,08/15/2026 02:47:28,24.257
3695,08/15/2026 02:57:28,24.257
3696,08/15/2026 03:07:28,24.257
3697,08/15/2026 03:17:28,24.257
3698,08/15/2026 03:27:28,24.247
3699,08/15/2026 03:37:28,24.225
3700,08/15/2026 03:47:28,24.247
3701,08/15/2026 03:57:28,24.257
3702,08/15/2026 04:07:28,24.247
3703,08/15/2026 04:17:28,24.214
3704,08/15/2026 04:27:28,24.182
3705,08/15/2026 04:37:28,24.172
3706,08/15/2026 04:47:28,24.129
3707,08/15/2026 04:57:28,24.075
3708,08/15/2026 05:07:28,24.021
3709,08/15/2026 05:17:28,23.957
3710,08/15/2026 05:27:28,23.882
3711,08/15/2026 05:37:28,23.775
3712,08/15/2026 05:47:28,23.678
3713,08/15/2026 05:57:28,23.550
3714,08/15/2026 06:07:28,23.271
3715,08/15/2026 06:17:28,23.078
3716,08/15/2026 06:27:28,22.906
3717,08/15/2026 06:37:28,22.810
3718,08/15/2026 06:47:28,22.756
3719,08/15/2026 06:57:28,22.670
3720,08/15/2026 07:07:28,22.627
3721,08/15/2026 07:17:28,22.520
3722,08/15/2026 07:27:28,22.692
3723,08/15/2026 07:37:28,23.260
3724,08/15/2026 07:47:28,23.078
3725,08/15/2026 07:57:28,23.078
3726,08/15/2026 08:07:28,22.960
3727,08/15/2026 08:17:28,23.335
3728,08/15/2026 08:27:28,23.721
3729,08/15/2026 08:37:28,23.464
3730,08/15/2026 08:47:28,22.423
3731,08/15/2026 08:57:28,22.477
3732,08/15/2026 09:07:28,22.541
3733,08/15/2026 09:17:28,23.206
3734,08/15/2026 09:27:28,23.861
3735,08/15/2026 09:37:28,23.979
3736,08/15/2026 09:47:28,24.000
3737,08/15/2026 09:57:28,24.021
3738,08/15/2026 10:07:28,24.054
3739,08/15/2026 10:17:28,24.129
3740,08/15/2026 10:27:28,24.129
3741,08/15/2026 10:37:28,24.139
3742,08/15/2026 10:47:28,24.139
3743,08/15/2026 10:57:28,24.172
3744,08/15/2026 11:07:28,24.139
3745,08/15/2026 11:17:28,24.107
3746,08/15/2026 11:27:28,24.086
3747,08/15/2026 11:37:28,24.107
3748,08/15/2026 11:47:28,24.139
3749,08/15/2026 11:57:28,24.150
3750,08/15/2026 12:07:28,24.172
3751,08/15/2026 12:17:28,24.182
3752,08/15/2026 12:27:28,24.193
3753,08/15/2026 12:37:28,24.193
3754,08/15/2026 12:47:28,24.193
3755,08/15/2026 12:57:28,24.225
3756,08/15/2026 13:07:28,24.214
3757,08/15/2026 13:17:28,24.247
3758,08/15/2026 13:27:28,24.257
3759,08/15/2026 13:37:28,24.279
3760,08/15/2026 13:47:28,24.279
3761,08/15/2026 13:57:28,24.279
3762,08/15/2026 14:07:28,24.279
3763,08/15/2026 14:17:28,24.322
3764,08/15/2026 14:27:28,24.365
3765,08/15/2026 14:37:28,24.483
3766,08/15/2026 14:47:28,24.472
3767,08/15/2026 14:57:28,24.547
3768,08/15/2026 15:07:28,24.729
3769,08/15/2026 15:17:28,24.912
3770,08/15/2026 15:27:28,25.019
3771,08/15/2026 15:37:28,25.030
3772,08/15/2026 15:47:28,25.094
3773,08/15/2026 15:57:28,25.169
3774,08/15/2026 16:07:28,25.233
3775,08/15/2026 16:17:28,25.287
3776,08/15/2026 16:27:28,25.362
3777,08/15/2026 16:37:28,25.437
3778,08/15/2026 16:47:28,25.544
3779,08/15/2026 16:57:28,25.662
3780,08/15/2026 17:07:28,25.759
3781,08/15/2026 17:17:28,25.834
3782,08/15/2026 17:27:28,25.909
3783,08/15/2026 17:37:28,25.963
3784,08/15/2026 17:47:28,26.016
3785,08/15/2026 17:57:28,26.091
3786,08/15/2026 18:07:28,26.177
3787,08/15/2026 18:17:28,26.252
3788,08/15/2026 18:27:28,26.327
3789,08/15/2026 18:37:28,26.349
3790,08/15/2026 18:47:28,26.349
3791,08/15/2026 18:57:28,26.295
3792,08/15/2026 19:07:28,26.274
3793,08/15/2026 19:17:28,26.274
3794,08/15/2026 19:27:28,26.284
3795,08/15/2026 19:37:28,26.242
3796,08/15/2026 19:47:28,26.188
3797,08/15/2026 19:57:28,26.070
3798,08/15/2026 20:07:28,25.609
3799,08/15/2026 20:17:28,24.665
3800,08/15/2026 20:27:28,24.000
3801,08/15/2026 20:37:28,23.785
3802,08/15/2026 20:47:28,24.665
3803,08/15/2026 20:57:28,24.794
3804,08/15/2026 21:07:28,24.783
3805,08/15/2026 21:17:28,24.686
3806,08/15/2026 21:27:28,24.804
3807,08/15/2026 21:37:28,24.976
3808,08/15/2026 21:47:28,24.772
3809,08/15/2026 21:57:28,24.815
3810,08/15/2026 22:07:28,24.858
3811,08/15/2026 22:17:28,24.847
3812,08/15/2026 22:27:28,24.847
3813,08/15/2026 22:37:28,24.804
3814,08/15/2026 22:47:28,24.719
3815,08/15/2026 22:57:28,24.676
3816,08/15/2026 23:07:28,24.665
3817,08/15/2026 23:17:28,24.633
3818,08/15/2026 23:27:28,24.601
3819,08/15/2026 23:37:28,24.590
3820,08/15/2026 23:47:28,24.558
3821,08/15/2026 23:57:28,24.526
3822,08/16/2026 00:07:28,24.483
3823,08/16/2026 00:17:28,24.461
3824,08/16/2026 00:27:28,24.429
3825,08/16/2026 00:37:28,24.397
3826,08/16/2026 00:47:28,24.386
3827,08/16/2026 00:57:28,24.365
3828,08/16/2026 01:07:28,24.365
3829,08/16/2026 01:17:28,24.343
3830,08/16/2026 01:27:28,24.343
3831,08/16/2026 01:37:28,24.343
3832,08/16/2026 01:47:28,24.322
3833,08/16/2026 01:57:28,24.322
3834,08/16/2026 02:07:28,24.322
3835,08/16/2026 02:17:28,24.311
3836,08/16/2026 02:27:28,24.311
3837,08/16/2026 02:37:28,24.300
3838,08/16/2026 02:47:28,24.290
3839,08/16/2026 02:57:28,24.279
3840,08/16/2026 03:07:28,24.268
3841,08/16/2026 03:17:28,24.247
3842,08/16/2026 03:27:28,24.225
3843,08/16/2026 03:37:28,24.225
3844,08/16/2026 03:47:28,24.214
3845,08/16/2026 03:57:28,24.193
3846,08/16/2026 04:07:28,24.161
3847,08/16/2026 04:17:28,24.139
3848,08/16/2026 04:27:28,24.107
3849,08/16/2026 04:37:28,24.097
3850,08/16/2026 04:47:28,24.086
3851,08/16/2026 04:57:28,24.075
3852,08/16/2026 05:07:28,24.032
3853,08/16/2026 05:17:28,23.989
3854,08/16/2026 05:27:28,23.936
3855,08/16/2026 05:37:28,23.882
3856,08/16/2026 05:47:28,23.828
3857,08/16/2026 05:57:28,23.785
3858,08/16/2026 06:07:28,23.743
3859,08/16/2026 06:17:28,23.678
3860,08/16/2026 06:27:28,23.614
3861,08/16/2026 06:37:28,23.539
3862,08/16/2026 06:47:28,23.453
3863,08/16/2026 06:57:28,23.314
3864,08/16/2026 07:07:28,23.271
3865,08/16/2026 07:17:28,23.185
3866,08/16/2026 07:27:28,23.121
3867,08/16/2026 07:37:28,23.045
3868,08/16/2026 07:47:28,22.992
3869,08/16/2026 07:57:28,22.895
3870,08/16/2026 08:07:28,22.810
3871,08/16/2026 08:17:28,22.756
3872,08/16/2026 08:27:28,22.724
3873,08/16/2026 08:37:28,22.692
3874,08/16/2026 08:47:28,22.906
3875,08/16/2026 08:57:28,22.906
3876,08/16/2026 09:07:28,22.874
3877,08/16/2026 09:17:28,22.992
3878,08/16/2026 09:27:28,23.056
3879,08/16/2026 09:37:28,23.185
3880,08/16/2026 09:47:28,23.239
3881,08/16/2026 09:57:28,23.903
3882,08/16/2026 10:07:28,24.182
3883,08/16/2026 10:17:28,24.204
3884,08/16/2026 10:27:28,24.182
3885,08/16/2026 10:37:28,24.193
3886,08/16/2026 10:47:28,24.279
3887,08/16/2026 10:57:28,24.386
3888,08/16/2026 11:07:28,24.429
3889,08/16/2026 11:17:28,24.450
3890,08/16/2026 11:27:28,24.504
3891,08/16/2026 11:37:28,24.515
3892,08/16/2026 11:47:28,24.536
3893,08/16/2026 11:57:28,24.568
3894,08/16/2026 12:07:28,24.568
3895,08/16/2026 12:17:28,24.558
3896,08/16/2026 12:27:28,24.547
3897,08/16/2026 12:37:28,24.558
3898,08/16/2026 12:47:28,24.536
3899,08/16/2026 12:57:28,24.536
3900,08/16/2026 13:07:28,24.526
3901,08/16/2026 13:17:28,24.526
3902,08/16/2026 13:27:28,24.526
3903,08/16/2026 13:37:28,24.536
3904,08/16/2026 13:47:28,24.515
3905,08/16/2026 13:57:28,24.536
3906,08/16/2026 14:07:28,24.536
3907,08/16/2026 14:17:28,24.568
3908,08/16/2026 14:27:28,24.611
3909,08/16/2026 14:37:28,24.568
3910,08/16/2026 14:47:28,24.568
3911,08/16/2026 14:57:28,24.568
3912,08/16/2026 15:07:28,24.568
3913,08/16/2026 15:17:28,24.568
3914,08/16/2026 15:27:28,24.611
3915,08/16/2026 15:37:28,24.676
3916,08/16/2026 15:47:28,24.729
3917,08/16/2026 15:57:28,24.783
3918,08/16/2026 16:07:28,24.804
3919,08/16/2026 16:17:28,24.826
3920,08/16/2026 16:27:28,24.815
3921,08/16/2026 16:37:28,24.837
3922,08/16/2026 16:47:28,24.890
3923,08/16/2026 16:57:28,24.922
3924,08/16/2026 17:07:28,24.976
3925,08/16/2026 17:17:28,25.030
3926,08/16/2026 17:27:28,25.115
3927,08/16/2026 17:37:28,25.190
3928,08/16/2026 17:47:28,25.266
3929,08/16/2026 17:57:28,25.319
3930,08/16/2026 18:07:28,25.373
3931,08/16/2026 18:17:28,25.405
3932,08/16/2026 18:27:28,25.416
3933,08/16/2026 18:37:28,25.416
3934,08/16/2026 18:47:28,25.426
3935,08/16/2026 18:57:28,25.426
3936,08/16/2026 19:07:28,25.426
3937,08/16/2026 19:17:28,25.437
3938,08/16/2026 19:27:28,25.426
3939,08/16/2026 19:37:28,25.394
3940,08/16/2026 19:47:28,25.362
3941,08/16/2026 19:57:28,25.298
3942,08/16/2026 20:07:28,25.244
3943,08/16/2026 20:17:28,25.212
3944,08/16/2026 20:27:28,25.148
3945,08/16/2026 20:37:28,25.094
3946,08/16/2026 20:47:28,24.976
3947,08/16/2026 20:57:28,24.858
3948,08/16/2026 21:07:28,24.751
3949,08/16/2026 21:17:28,24.536
3950,08/16/2026 21:27:28,24.418
3951,08/16/2026 21:37:28,24.311
3952,08/16/2026 21:47:28,24.236
3953,08/16/2026 21:57:28,24.161
3954,08/16/2026 22:07:28,24.172
3955,08/16/2026 22:17:28,24.279
3956,08/16/2026 22:27:28,24.429
3957,08/16/2026 22:37:28,24.461
3958,08/16/2026 22:47:28,24.418
3959,08/16/2026 22:57:28,24.386
3960,08/16/2026 23:07:28,24.279
3961,08/16/2026 23:17:28,24.204
3962,08/16/2026 23:27:28,24.129
3963,08/16/2026 23:37:28,24.054
3964,08/16/2026 23:47:28,24.011
3965,08/16/2026 23:57:28,23.989
3966,08/17/2026 00:07:28,23.968
3967,08/17/2026 00:17:28,23.936
3968,08/17/2026 00:27:28,23.936
3969,08/17/2026 00:37:28,23.957
3970,08/17/2026 00:47:28,23.936
3971,08/17/2026 00:57:28,23.925
3972,08/17/2026 01:07:28,23.903
3973,08/17/2026 01:17:28,23.893
3974,08/17/2026 01:27:28,23.882
3975,08/17/2026 01:37:28,23.871
3976,08/17/2026 01:47:28,23.850
3977,08/17/2026 01:57:28,23.850
3978,08/17/2026 02:07:28,23.839
3979,08/17/2026 02:17:28,23.839
3980,08/17/2026 02:27:28,23.828
3981,08/17/2026 02:37:28,23.818
3982,08/17/2026 02:47:28,23.818
3983,08/17/2026 02:57:28,23.818
3984,08/17/2026 03:07:28,23.818
3985,08/17/2026 03:17:28,23.818
3986,08/17/2026 03:27:28,23.807
3987,08/17/2026 03:37:28,23.796
3988,08/17/2026 03:47:28,23.796
3989,08/17/2026 03:57:28,23.785
3990,08/17/2026 04:07:28,23.753
3991,08/17/2026 04:17:28,23.732
3992,08/17/2026 04:27:28,23.710
3993,08/17/2026 04:37:28,23.689
3994,08/17/2026 04:47:28,23.678
3995,08/17/2026 04:57:28,23.646
3996,08/17/2026 05:07:28,23.614
3997,08/17/2026 05:17:28,23.571
3998,08/17/2026 05:27:28,23.507
3999,08/17/2026 05:37:28,23.474
4000,08/17/2026 05:47:28,23.485
4001,08/17/2026 05:57:28,23.507
4002,08/17/2026 06:07:28,23.496
4003,08/17/2026 06:17:28,23.474
4004,08/17/2026 06:27:28,23.464
4005,08/17/2026 06:37:28,23.421
4006,08/17/2026 06:47:28,23.389
4007,08/17/2026 06:57:28,23.356
4008,08/17/2026 07:07:28,23.314
4009,08/17/2026 07:17:28,23.281
4010,08/17/2026 07:27:28,23.249
4011,08/17/2026 07:37:28,23.217
4012,08/17/2026 07:47:28,23.131
4013,08/17/2026 07:57:28,22.992
4014,08/17/2026 08:07:28,22.842
4015,08/17/2026 08:17:28,22.756
4016,08/17/2026 08:27:28,22.702
4017,08/17/2026 08:37:28,22.681
4018,08/17/2026 08:47:28,22.649
4019,08/17/2026 08:57:28,22.638
4020,08/17/2026 09:07:28,22.616
4021,08/17/2026 09:17:28,22.595
4022,08/17/2026 09:27:28,22.777
4023,08/17/2026 09:37:28,22.563
4024,08/17/2026 09:47:28,21.748
4025,08/17/2026 09:57:28,21.222
4026,08/17/2026 10:07:28,20.600
4027,08/17/2026 10:17:28,20.075
4028,08/17/2026 10:27:28,20.000
4029,08/17/2026 10:37:28,19.592
