#,Date-Time (EDT),"Temperature , °C"
1,08/17/2026 09:33:02,22.220
2,08/17/2026 09:43:02,22.531
3,08/17/2026 09:53:02,22.498
4,08/17/2026 10:03:02,22.445
5,08/17/2026 10:13:02,22.477
6,08/17/2026 10:23:02,22.713
7,08/17/2026 10:33:02,23.142
8,08/17/2026 10:43:02,23.507
9,08/17/2026 10:53:02,23.625
10,08/17/2026 11:03:02,23.657
11,08/17/2026 11:13:02,23.614
12,08/17/2026 11:23:02,23.582
13,08/17/2026 11:33:02,23.635
14,08/17/2026 11:43:02,23.668
15,08/17/2026 11:53:02,23.689
16,08/17/2026 12:03:02,23.743
17,08/17/2026 12:13:02,23.753
18,08/17/2026 12:23:02,23.764
19,08/17/2026 12:33:02,23.796
20,08/17/2026 12:43:02,23.818
21,08/17/2026 12:53:02,23.828
22,08/17/2026 13:03:02,23.839
23,08/17/2026 13:13:02,23.839
24,08/17/2026 13:23:02,23.850
25,08/17/2026 13:33:02,23.850
26,08/17/2026 13:43:02,23.861
27,08/17/2026 13:53:02,23.871
28,08/17/2026 14:03:02,23.861
29,08/17/2026 14:13:02,23.850
30,08/17/2026 14:23:02,23.839
31,08/17/2026 14:33:02,23.850
32,08/17/2026 14:43:02,23.850
33,08/17/2026 14:53:02,23.850
34,08/17/2026 15:03:02,23.850
35,08/17/2026 15:13:02,23.850
36,08/17/2026 15:23:02,23.828
37,08/17/2026 15:33:02,23.839
38,08/17/2026 15:43:02,23.839
39,08/17/2026 15:53:02,23.839
40,08/17/2026 16:03:02,23.850
41,08/17/2026 16:13:02,23.871
42,08/17/2026 16:23:02,23.871
43,08/17/2026 16:33:02,23.871
44,08/17/2026 16:43:02,23.903
45,08/17/2026 16:53:02,23.925
46,08/17/2026 17:03:02,23.936
47,08/17/2026 17:13:02,23.968
48,08/17/2026 17:23:02,23.968
49,08/17/2026 17:33:02,23.979
50,08/17/2026 17:43:02,24.000
51,08/17/2026 17:53:02,24.021
52,08/17/2026 18:03:02,24.032
53,08/17/2026 18:13:02,24.054
54,08/17/2026 18:23:02,24.075
55,08/17/2026 18:33:02,24.086
56,08/17/2026 18:43:02,24.097
57,08/17/2026 18:53:02,24.107
58,08/17/2026 19:03:02,24.129
59,08/17/2026 19:13:02,24.107
60,08/17/2026 19:23:02,24.097
61,08/17/2026 19:33:02,24.054
62,08/17/2026 19:43:02,24.021
63,08/17/2026 19:53:02,23.979
64,08/17/2026 20:03:02,23.914
65,08/17/2026 20:13:02,23.850
66,08/17/2026 20:23:02,23.807
67,08/17/2026 20:33:02,23.753
68,08/17/2026 20:43:02,23.646
69,08/17/2026 20:53:02,23.539
70,08/17/2026 21:03:02,23.453
71,08/17/2026 21:13:02,23.367
72,08/17/2026 21:23:02,23.314
73,08/17/2026 21:33:02,23.239
74,08/17/2026 21:43:02,23.196
75,08/17/2026 21:53:02,23.131
76,08/17/2026 22:03:02,23.056
77,08/17/2026 22:13:02,22.981
78,08/17/2026 22:23:02,22.724
79,08/17/2026 22:33:02,22.616
80,08/17/2026 22:43:02,22.574
81,08/17/2026 22:53:02,22.574
82,08/17/2026 23:03:02,22.638
83,08/17/2026 23:13:02,23.356
84,08/17/2026 23:23:02,23.689
85,08/17/2026 23:33:02,23.721
86,08/17/2026 23:43:02,23.721
87,08/17/2026 23:53:02,23.710
88,08/18/2026 00:03:02,23.710
89,08/18/2026 00:13:02,23.678
90,08/18/2026 00:23:02,23.678
91,08/18/2026 00:33:02,23.732
92,08/18/2026 00:43:02,23.764
93,08/18/2026 00:53:02,23.743
94,08/18/2026 01:03:02,23.743
95,08/18/2026 01:13:02,23.764
96,08/18/2026 01:23:02,23.753
97,08/18/2026 01:33:02,23.764
98,08/18/2026 01:43:02,23.764
99,08/18/2026 01:53:02,23.764
100,08/18/2026 02:03:02,23.764
101,08/18/2026 02:13:02,23.764
102,08/18/2026 02:23:02,23.764
103,08/18/2026 02:33:02,23.753
104,08/18/2026 02:43:02,23.753
105,08/18/2026 02:53:02,23.753
106,08/18/2026 03:03:02,23.743
107,08/18/2026 03:13:02,23.743
108,08/18/2026 03:23:02,23.732
109,08/18/2026 03:33:02,23.732
110,08/18/2026 03:43:02,23.732
111,08/18/2026 03:53:02,23.732
112,08/18/2026 04:03:02,23.732
113,08/18/2026 04:13:02,23.721
114,08/18/2026 04:23:02,23.710
115,08/18/2026 04:33:02,23.721
116,08/18/2026 04:43:02,23.732
117,08/18/2026 04:53:02,23.710
118,08/18/2026 05:03:02,23.700
119,08/18/2026 05:13:02,23.700
120,08/18/2026 05:23:02,23.689
121,08/18/2026 05:33:02,23.678
122,08/18/2026 05:43:02,23.678
123,08/18/2026 05:53:02,23.678
124,08/18/2026 06:03:02,23.657
125,08/18/2026 06:13:02,23.646
126,08/18/2026 06:23:02,23.646
127,08/18/2026 06:33:02,23.635
128,08/18/2026 06:43:02,23.625
129,08/18/2026 06:53:02,23.592
130,08/18/2026 07:03:02,23.571
131,08/18/2026 07:13:02,23.539
132,08/18/2026 07:23:02,23.507
133,08/18/2026 07:33:02,23.453
134,08/18/2026 07:43:02,23.389
135,08/18/2026 07:53:02,23.356
136,08/18/2026 08:03:02,23.292
137,08/18/2026 08:13:02,23.249
138,08/18/2026 08:23:02,23.206
139,08/18/2026 08:33:02,23.163
140,08/18/2026 08:43:02,23.110
141,08/18/2026 08:53:02,23.024
142,08/18/2026 09:03:02,22.927
143,08/18/2026 09:13:02,22.917
144,08/18/2026 09:23:02,23.024
145,08/18/2026 09:33:02,23.249
146,08/18/2026 09:43:02,23.507
147,08/18/2026 09:53:02,23.399
148,08/18/2026 10:03:02,23.560
149,08/18/2026 10:13:02,23.592
150,08/18/2026 10:23:02,23.560
151,08/18/2026 10:33:02,23.635
152,08/18/2026 10:43:02,23.871
153,08/18/2026 10:53:02,23.807
154,08/18/2026 11:03:02,23.903
155,08/18/2026 11:13:02,23.979
156,08/18/2026 11:23:02,23.989
157,08/18/2026 11:33:02,24.000
158,08/18/2026 11:43:02,24.054
159,08/18/2026 11:53:02,24.322
160,08/18/2026 12:03:02,24.483
161,08/18/2026 12:13:02,24.590
162,08/18/2026 12:23:02,24.633
163,08/18/2026 12:33:02,24.568
164,08/18/2026 12:43:02,24.654
165,08/18/2026 12:53:02,24.794
166,08/18/2026 13:03:02,24.933
167,08/18/2026 13:13:02,25.083
168,08/18/2026 13:23:02,25.105
169,08/18/2026 13:33:02,25.148
170,08/18/2026 13:43:02,25.180
171,08/18/2026 13:53:02,25.233
172,08/18/2026 14:03:02,25.255
173,08/18/2026 14:13:02,25.276
174,08/18/2026 14:23:02,25.287
175,08/18/2026 14:33:02,25.351
176,08/18/2026 14:43:02,25.341
177,08/18/2026 14:53:02,25.373
178,08/18/2026 15:03:02,25.341
179,08/18/2026 15:13:02,25.437
180,08/18/2026 15:23:02,25.319
181,08/18/2026 15:33:02,25.255
182,08/18/2026 15:43:02,25.148
183,08/18/2026 15:53:02,25.083
184,08/18/2026 16:03:02,25.094
185,08/18/2026 16:13:02,24.901
186,08/18/2026 16:23:02,24.879
187,08/18/2026 16:33:02,24.858
188,08/18/2026 16:43:02,24.933
189,08/18/2026 16:53:02,24.997
190,08/18/2026 17:03:02,25.083
191,08/18/2026 17:13:02,25.266
192,08/18/2026 17:23:02,25.459
193,08/18/2026 17:33:02,25.544
194,08/18/2026 17:43:02,25.609
195,08/18/2026 17:53:02,25.705
196,08/18/2026 18:03:02,25.759
197,08/18/2026 18:13:02,25.748
198,08/18/2026 18:23:02,25.748
199,08/18/2026 18:33:02,25.770
200,08/18/2026 18:43:02,25.813
201,08/18/2026 18:53:02,25.834
202,08/18/2026 19:03:02,25.866
203,08/18/2026 19:13:02,25.931
204,08/18/2026 19:23:02,25.995
205,08/18/2026 19:33:02,26.081
206,08/18/2026 19:43:02,26.166
207,08/18/2026 19:53:02,26.242
208,08/18/2026 20:03:02,26.295
209,08/18/2026 20:13:02,26.349
210,08/18/2026 20:23:02,26.392
211,08/18/2026 20:33:02,26.456
212,08/18/2026 20:43:02,26.499
213,08/18/2026 20:53:02,26.510
214,08/18/2026 21:03:02,26.520
215,08/18/2026 21:13:02,26.488
216,08/18/2026 21:23:02,26.467
217,08/18/2026 21:33:02,26.520
218,08/18/2026 21:43:02,26.553
219,08/18/2026 21:53:02,26.542
220,08/18/2026 22:03:02,26.531
221,08/18/2026 22:13:02,26.467
222,08/18/2026 22:23:02,26.413
223,08/18/2026 22:33:02,26.349
224,08/18/2026 22:43:02,26.274
225,08/18/2026 22:53:02,26.188
226,08/18/2026 23:03:02,26.048
227,08/18/2026 23:13:02,25.845
228,08/18/2026 23:23:02,25.748
229,08/18/2026 23:33:02,25.716
230,08/18/2026 23:43:02,25.791
231,08/18/2026 23:53:02,25.727
232,08/19/2026 00:03:02,25.362
233,08/19/2026 00:13:02,25.126
234,08/19/2026 00:23:02,25.180
235,08/19/2026 00:33:02,25.244
236,08/19/2026 00:43:02,25.298
237,08/19/2026 00:53:02,25.308
238,08/19/2026 01:03:02,25.308
239,08/19/2026 01:13:02,25.276
240,08/19/2026 01:23:02,25.201
241,08/19/2026 01:33:02,25.169
242,08/19/2026 01:43:02,25.158
243,08/19/2026 01:53:02,25.115
244,08/19/2026 02:03:02,25.051
245,08/19/2026 02:13:02,24.997
246,08/19/2026 02:23:02,24.955
247,08/19/2026 02:33:02,24.912
248,08/19/2026 02:43:02,24.826
249,08/19/2026 02:53:02,24.783
250,08/19/2026 03:03:02,24.719
251,08/19/2026 03:13:02,24.622
252,08/19/2026 03:23:02,24.536
253,08/19/2026 03:33:02,24.461
254,08/19/2026 03:43:02,24.397
255,08/19/2026 03:53:02,24.375
256,08/19/2026 04:03:02,24.204
257,08/19/2026 04:13:02,24.129
258,08/19/2026 04:23:02,24.097
259,08/19/2026 04:33:02,24.086
260,08/19/2026 04:43:02,24.043
261,08/19/2026 04:53:02,24.043
262,08/19/2026 05:03:02,24.054
263,08/19/2026 05:13:02,24.054
264,08/19/2026 05:23:02,24.054
265,08/19/2026 05:33:02,24.054
266,08/19/2026 05:43:02,24.054
267,08/19/2026 05:53:02,24.054
268,08/19/2026 06:03:02,24.086
269,08/19/2026 06:13:02,24.107
270,08/19/2026 06:23:02,24.139
271,08/19/2026 06:33:02,24.139
272,08/19/2026 06:43:02,24.139
273,08/19/2026 06:53:02,24.182
274,08/19/2026 07:03:02,24.225
275,08/19/2026 07:13:02,24.311
276,08/19/2026 07:23:02,24.375
277,08/19/2026 07:33:02,24.440
278,08/19/2026 07:43:02,24.461
279,08/19/2026 07:53:02,24.504
280,08/19/2026 08:03:02,24.504
281,08/19/2026 08:13:02,24.536
282,08/19/2026 08:23:02,24.558
283,08/19/2026 08:33:02,24.601
284,08/19/2026 08:43:02,24.633
285,08/19/2026 08:53:02,24.686
286,08/19/2026 09:03:02,24.751
287,08/19/2026 09:13:02,24.826
288,08/19/2026 09:23:02,24.890
289,08/19/2026 09:33:02,24.965
290,08/19/2026 09:43:02,25.062
291,08/19/2026 09:53:02,25.105
292,08/19/2026 10:03:02,25.148
293,08/19/2026 10:13:02,25.180
294,08/19/2026 10:23:02,25.287
295,08/19/2026 10:33:02,25.480
296,08/19/2026 10:43:02,25.630
297,08/19/2026 10:53:02,25.791
298,08/19/2026 11:03:02,25.823
299,08/19/2026 11:13:02,25.984
300,08/19/2026 11:23:02,26.081
301,08/19/2026 11:33:02,26.156
302,08/19/2026 11:43:02,26.284
303,08/19/2026 11:53:02,25.695
304,08/19/2026 12:03:02,24.997
305,08/19/2026 12:13:02,24.922
306,08/19/2026 12:23:02,25.148
307,08/19/2026 12:33:02,25.287
308,08/19/2026 12:43:02,25.512
309,08/19/2026 12:53:02,25.759
310,08/19/2026 13:03:02,25.813
311,08/19/2026 13:13:02,25.909
312,08/19/2026 13:23:02,25.963
313,08/19/2026 13:33:02,26.091
314,08/19/2026 13:43:02,26.027
315,08/19/2026 13:53:02,26.145
316,08/19/2026 14:03:02,26.166
317,08/19/2026 14:13:02,26.156
318,08/19/2026 14:23:02,26.177
319,08/19/2026 14:33:02,26.209
320,08/19/2026 14:43:02,26.242
321,08/19/2026 14:53:02,26.242
322,08/19/2026 15:03:02,26.231
323,08/19/2026 15:13:02,26.209
324,08/19/2026 15:23:02,26.156
325,08/19/2026 15:33:02,26.188
326,08/19/2026 15:43:02,26.220
327,08/19/2026 15:53:02,26.231
328,08/19/2026 16:03:02,26.231
329,08/19/2026 16:13:02,26.263
330,08/19/2026 16:23:02,26.220
331,08/19/2026 16:33:02,26.156
332,08/19/2026 16:43:02,26.091
333,08/19/2026 16:53:02,26.038
334,08/19/2026 17:03:02,26.038
335,08/19/2026 17:13:02,26.006
336,08/19/2026 17:23:02,25.995
337,08/19/2026 17:33:02,25.984
338,08/19/2026 17:43:02,25.984
339,08/19/2026 17:53:02,26.006
340,08/19/2026 18:03:02,26.091
341,08/19/2026 18:13:02,26.156
342,08/19/2026 18:23:02,26.156
343,08/19/2026 18:33:02,26.166
344,08/19/2026 18:43:02,26.199
345,08/19/2026 18:53:02,26.220
346,08/19/2026 19:03:02,26.252
347,08/19/2026 19:13:02,26.274
348,08/19/2026 19:23:02,26.327
349,08/19/2026 19:33:02,26.370
350,08/19/2026 19:43:02,26.435
351,08/19/2026 19:53:02,26.488
352,08/19/2026 20:03:02,26.542
353,08/19/2026 20:13:02,26.574
354,08/19/2026 20:23:02,26.617
355,08/19/2026 20:33:02,26.638
356,08/19/2026 20:43:02,26.692
357,08/19/2026 20:53:02,26.724
358,08/19/2026 21:03:02,26.767
359,08/19/2026 21:13:02,26.810
360,08/19/2026 21:23:02,26.885
361,08/19/2026 21:33:02,26.928
362,08/19/2026 21:43:02,26.949
363,08/19/2026 21:53:02,26.960
364,08/19/2026 22:03:02,26.960
365,08/19/2026 22:13:02,26.949
366,08/19/2026 22:23:02,26.906
367,08/19/2026 22:33:02,26.874
368,08/19/2026 22:43:02,26.821
369,08/19/2026 22:53:02,26.789
370,08/19/2026 23:03:02,26.713
371,08/19/2026 23:13:02,26.649
372,08/19/2026 23:23:02,26.628
373,08/19/2026 23:33:02,26.585
374,08/19/2026 23:43:02,26.477
375,08/19/2026 23:53:02,26.413
376,08/20/2026 00:03:02,26.381
377,08/20/2026 00:13:02,26.306
378,08/20/2026 00:23:02,26.231
379,08/20/2026 00:33:02,26.209
380,08/20/2026 00:43:02,26.252
381,08/20/2026 00:53:02,25.673
382,08/20/2026 01:03:02,25.405
383,08/20/2026 01:13:02,25.362
384,08/20/2026 01:23:02,25.373
385,08/20/2026 01:33:02,25.394
386,08/20/2026 01:43:02,25.394
387,08/20/2026 01:53:02,25.373
388,08/20/2026 02:03:02,25.351
389,08/20/2026 02:13:02,25.330
390,08/20/2026 02:23:02,25.330
391,08/20/2026 02:33:02,25.308
392,08/20/2026 02:43:02,25.276
393,08/20/2026 02:53:02,25.266
394,08/20/2026 03:03:02,25.233
395,08/20/2026 03:13:02,25.212
396,08/20/2026 03:23:02,25.201
397,08/20/2026 03:33:02,25.148
398,08/20/2026 03:43:02,25.083
399,08/20/2026 03:53:02,25.030
400,08/20/2026 04:03:02,24.965
401,08/20/2026 04:13:02,24.858
402,08/20/2026 04:23:02,24.761
403,08/20/2026 04:33:02,24.676
404,08/20/2026 04:43:02,24.536
405,08/20/2026 04:53:02,24.472
406,08/20/2026 05:03:02,24.418
407,08/20/2026 05:13:02,24.365
408,08/20/2026 05:23:02,24.311
409,08/20/2026 05:33:02,24.311
410,08/20/2026 05:43:02,24.311
411,08/20/2026 05:53:02,24.300
412,08/20/2026 06:03:02,24.300
413,08/20/2026 06:13:02,24.311
414,08/20/2026 06:23:02,24.322
415,08/20/2026 06:33:02,24.322
416,08/20/2026 06:43:02,24.332
417,08/20/2026 06:53:02,24.354
418,08/20/2026 07:03:02,24.375
419,08/20/2026 07:13:02,24.397
420,08/20/2026 07:23:02,24.429
421,08/20/2026 07:33:02,24.450
422,08/20/2026 07:43:02,24.483
423,08/20/2026 07:53:02,24.547
424,08/20/2026 08:03:02,24.611
425,08/20/2026 08:13:02,24.686
426,08/20/2026 08:23:02,24.804
427,08/20/2026 08:33:02,24.890
428,08/20/2026 08:43:02,24.965
429,08/20/2026 08:53:02,25.019
430,08/20/2026 09:03:02,25.073
431,08/20/2026 09:13:02,25.126
432,08/20/2026 09:23:02,25.190
433,08/20/2026 09:33:02,25.255
434,08/20/2026 09:43:02,25.319
435,08/20/2026 09:53:02,25.405
436,08/20/2026 10:03:02,25.502
437,08/20/2026 10:13:02,25.630
438,08/20/2026 10:23:02,25.737
439,08/20/2026 10:33:02,25.823
440,08/20/2026 10:43:02,25.855
441,08/20/2026 10:53:02,25.834
442,08/20/2026 11:03:02,26.006
443,08/20/2026 11:13:02,26.124
444,08/20/2026 11:23:02,26.274
445,08/20/2026 11:33:02,26.392
446,08/20/2026 11:43:02,26.649
447,08/20/2026 11:53:02,26.821
448,08/20/2026 12:03:02,26.960
449,08/20/2026 12:13:02,27.142
450,08/20/2026 12:23:02,27.196
451,08/20/2026 12:33:02,27.046
452,08/20/2026 12:43:02,26.724
453,08/20/2026 12:53:02,25.641
454,08/20/2026 13:03:02,25.480
455,08/20/2026 13:13:02,25.577
456,08/20/2026 13:23:02,25.673
457,08/20/2026 13:33:02,25.802
458,08/20/2026 13:43:02,26.091
459,08/20/2026 13:53:02,26.284
460,08/20/2026 14:03:02,26.327
461,08/20/2026 14:13:02,26.381
462,08/20/2026 14:23:02,26.392
463,08/20/2026 14:33:02,26.306
464,08/20/2026 14:43:02,26.274
465,08/20/2026 14:53:02,26.242
466,08/20/2026 15:03:02,26.349
467,08/20/2026 15:13:02,26.349
468,08/20/2026 15:23:02,26.349
469,08/20/2026 15:33:02,26.349
470,08/20/2026 15:43:02,26.327
471,08/20/2026 15:53:02,26.263
472,08/20/2026 16:03:02,26.242
473,08/20/2026 16:13:02,26.199
474,08/20/2026 16:23:02,26.134
475,08/20/2026 16:33:02,26.156
476,08/20/2026 16:43:02,26.091
477,08/20/2026 16:53:02,26.006
478,08/20/2026 17:03:02,25.941
479,08/20/2026 17:13:02,25.984
480,08/20/2026 17:23:02,25.630
481,08/20/2026 17:33:02,25.813
482,08/20/2026 17:43:02,25.866
483,08/20/2026 17:53:02,25.973
484,08/20/2026 18:03:02,26.006
485,08/20/2026 18:13:02,25.716
486,08/20/2026 18:23:02,25.737
487,08/20/2026 18:33:02,25.662
488,08/20/2026 18:43:02,25.780
489,08/20/2026 18:53:02,25.845
490,08/20/2026 19:03:02,25.866
491,08/20/2026 19:13:02,25.877
492,08/20/2026 19:23:02,25.898
493,08/20/2026 19:33:02,25.866
494,08/20/2026 19:43:02,25.834
495,08/20/2026 19:53:02,25.813
496,08/20/2026 20:03:02,25.780
497,08/20/2026 20:13:02,25.737
498,08/20/2026 20:23:02,25.695
499,08/20/2026 20:33:02,25.662
500,08/20/2026 20:43:02,25.598
501,08/20/2026 20:53:02,25.523
502,08/20/2026 21:03:02,25.469
503,08/20/2026 21:13:02,25.437
504,08/20/2026 21:23:02,25.405
505,08/20/2026 21:33:02,25.351
506,08/20/2026 21:43:02,25.287
507,08/20/2026 21:53:02,25.233
508,08/20/2026 22:03:02,25.169
509,08/20/2026 22:13:02,25.115
510,08/20/2026 22:23:02,24.944
511,08/20/2026 22:33:02,24.740
512,08/20/2026 22:43:02,24.493
513,08/20/2026 22:53:02,24.268
514,08/20/2026 23:03:02,24.021
515,08/20/2026 23:13:02,23.764
516,08/20/2026 23:23:02,23.507
517,08/20/2026 23:33:02,23.281
518,08/20/2026 23:43:02,22.949
519,08/20/2026 23:53:02,22.627
520,08/21/2026 00:03:02,22.273
521,08/21/2026 00:13:02,21.919
522,08/21/2026 00:23:02,21.716
523,08/21/2026 00:33:02,21.415
524,08/21/2026 00:43:02,21.233
525,08/21/2026 00:53:02,21.147
526,08/21/2026 01:03:02,21.126
527,08/21/2026 01:13:02,21.018
528,08/21/2026 01:23:02,21.083
529,08/21/2026 01:33:02,20.911
530,08/21/2026 01:43:02,20.890
531,08/21/2026 01:53:02,20.815
532,08/21/2026 02:03:02,20.782
533,08/21/2026 02:13:02,20.740
534,08/21/2026 02:23:02,20.718
535,08/21/2026 02:33:02,20.686
536,08/21/2026 02:43:02,20.643
537,08/21/2026 02:53:02,23.249
538,08/21/2026 03:03:02,24.558
539,08/21/2026 03:13:02,24.826
540,08/21/2026 03:23:02,24.869
541,08/21/2026 03:33:02,24.890
542,08/21/2026 03:43:02,24.890
543,08/21/2026 03:53:02,24.890
544,08/21/2026 04:03:02,24.912
545,08/21/2026 04:13:02,24.826
546,08/21/2026 04:23:02,24.826
547,08/21/2026 04:33:02,24.804
548,08/21/2026 04:43:02,24.761
549,08/21/2026 04:53:02,24.740
550,08/21/2026 05:03:02,24.729
551,08/21/2026 05:13:02,24.719
552,08/21/2026 05:23:02,24.708
553,08/21/2026 05:33:02,24.686
554,08/21/2026 05:43:02,24.686
555,08/21/2026 05:53:02,24.676
556,08/21/2026 06:03:02,24.686
557,08/21/2026 06:13:02,24.686
558,08/21/2026 06:23:02,24.676
559,08/21/2026 06:33:02,24.676
560,08/21/2026 06:43:02,24.654
561,08/21/2026 06:53:02,24.654
562,08/21/2026 07:03:02,24.665
563,08/21/2026 07:13:02,24.665
564,08/21/2026 07:23:02,24.654
565,08/21/2026 07:33:02,24.654
566,08/21/2026 07:43:02,24.644
567,08/21/2026 07:53:02,24.633
568,08/21/2026 08:03:02,24.611
569,08/21/2026 08:13:02,24.579
570,08/21/2026 08:23:02,24.536
571,08/21/2026 08:33:02,24.504
572,08/21/2026 08:43:02,24.418
573,08/21/2026 08:53:02,23.914
574,08/21/2026 09:03:02,23.303
575,08/21/2026 09:13:02,22.949
576,08/21/2026 09:23:02,22.917
577,08/21/2026 09:33:02,22.949
578,08/21/2026 09:43:02,22.831
579,08/21/2026 09:53:02,22.734
580,08/21/2026 10:03:02,22.649
581,08/21/2026 10:13:02,22.563
582,08/21/2026 10:23:02,22.531
583,08/21/2026 10:33:02,22.552
584,08/21/2026 10:43:02,22.488
585,08/21/2026 10:53:02,22.381
586,08/21/2026 11:03:02,22.284
587,08/21/2026 11:13:02,22.209
588,08/21/2026 11:23:02,22.273
589,08/21/2026 11:33:02,22.327
590,08/21/2026 11:43:02,22.445
591,08/21/2026 11:53:02,22.574
592,08/21/2026 12:03:02,22.638
593,08/21/2026 12:13:02,22.713
594,08/21/2026 12:23:02,22.831
595,08/21/2026 12:33:02,22.863
596,08/21/2026 12:43:02,22.927
597,08/21/2026 12:53:02,22.970
598,08/21/2026 13:03:02,22.981
599,08/21/2026 13:13:02,23.003
600,08/21/2026 13:23:02,23.035
601,08/21/2026 13:33:02,23.163
602,08/21/2026 13:43:02,23.625
603,08/21/2026 13:53:02,24.097
604,08/21/2026 14:03:02,24.268
605,08/21/2026 14:13:02,24.354
606,08/21/2026 14:23:02,24.343
607,08/21/2026 14:33:02,24.354
608,08/21/2026 14:43:02,24.343
609,08/21/2026 14:53:02,24.354
610,08/21/2026 15:03:02,24.386
611,08/21/2026 15:13:02,24.429
612,08/21/2026 15:23:02,24.504
613,08/21/2026 15:33:02,24.526
614,08/21/2026 15:43:02,24.536
615,08/21/2026 15:53:02,24.568
616,08/21/2026 16:03:02,24.579
617,08/21/2026 16:13:02,24.568
618,08/21/2026 16:23:02,24.568
619,08/21/2026 16:33:02,24.590
620,08/21/2026 16:43:02,24.579
621,08/21/2026 16:53:02,24.568
622,08/21/2026 17:03:02,24.536
623,08/21/2026 17:13:02,24.515
624,08/21/2026 17:23:02,24.526
625,08/21/2026 17:33:02,24.526
626,08/21/2026 17:43:02,24.515
627,08/21/2026 17:53:02,24.493
628,08/21/2026 18:03:02,24.515
629,08/21/2026 18:13:02,24.504
630,08/21/2026 18:23:02,24.504
631,08/21/2026 18:33:02,24.493
632,08/21/2026 18:43:02,24.472
633,08/21/2026 18:53:02,24.483
634,08/21/2026 19:03:02,24.483
635,08/21/2026 19:13:02,24.483
636,08/21/2026 19:23:02,24.483
637,08/21/2026 19:33:02,24.483
638,08/21/2026 19:43:02,24.483
639,08/21/2026 19:53:02,24.483
640,08/21/2026 20:03:02,24.483
641,08/21/2026 20:13:02,24.472
642,08/21/2026 20:23:02,24.397
643,08/21/2026 20:33:02,24.365
644,08/21/2026 20:43:02,24.408
645,08/21/2026 20:53:02,24.397
646,08/21/2026 21:03:02,24.397
647,08/21/2026 21:13:02,24.418
648,08/21/2026 21:23:02,24.429
649,08/21/2026 21:33:02,24.429
650,08/21/2026 21:43:02,24.440
651,08/21/2026 21:53:02,24.429
652,08/21/2026 22:03:02,24.397
653,08/21/2026 22:13:02,24.365
654,08/21/2026 22:23:02,24.343
655,08/21/2026 22:33:02,24.322
656,08/21/2026 22:43:02,24.257
657,08/21/2026 22:53:02,24.172
658,08/21/2026 23:03:02,24.086
659,08/21/2026 23:13:02,24.000
660,08/21/2026 23:23:02,23.925
661,08/21/2026 23:33:02,23.850
662,08/21/2026 23:43:02,23.743
663,08/21/2026 23:53:02,23.668
664,08/22/2026 00:03:02,23.571
665,08/22/2026 00:13:02,23.442
666,08/22/2026 00:23:02,23.314
667,08/22/2026 00:33:02,23.217
668,08/22/2026 00:43:02,23.110
669,08/22/2026 00:53:02,22.992
670,08/22/2026 01:03:02,22.906
671,08/22/2026 01:13:02,22.788
672,08/22/2026 01:23:02,22.692
673,08/22/2026 01:33:02,22.606
674,08/22/2026 01:43:02,22.531
675,08/22/2026 01:53:02,22.488
676,08/22/2026 02:03:02,22.413
677,08/22/2026 02:13:02,22.456
678,08/22/2026 02:23:02,22.584
679,08/22/2026 02:33:02,23.249
680,08/22/2026 02:43:02,23.936
681,08/22/2026 02:53:02,23.989
682,08/22/2026 03:03:02,23.957
683,08/22/2026 03:13:02,23.957
684,08/22/2026 03:23:02,23.914
685,08/22/2026 03:33:02,23.871
686,08/22/2026 03:43:02,23.818
687,08/22/2026 03:53:02,23.796
688,08/22/2026 04:03:02,23.807
689,08/22/2026 04:13:02,23.807
690,08/22/2026 04:23:02,23.785
691,08/22/2026 04:33:02,23.785
692,08/22/2026 04:43:02,23.764
693,08/22/2026 04:53:02,23.764
694,08/22/2026 05:03:02,23.764
695,08/22/2026 05:13:02,23.753
696,08/22/2026 05:23:02,23.753
697,08/22/2026 05:33:02,23.732
698,08/22/2026 05:43:02,23.721
699,08/22/2026 05:53:02,23.710
700,08/22/2026 06:03:02,23.710
701,08/22/2026 06:13:02,23.710
702,08/22/2026 06:23:02,23.710
703,08/22/2026 06:33:02,23.710
704,08/22/2026 06:43:02,23.721
705,08/22/2026 06:53:02,23.732
706,08/22/2026 07:03:02,23.764
707,08/22/2026 07:13:02,23.743
708,08/22/2026 07:23:02,23.732
709,08/22/2026 07:33:02,23.732
710,08/22/2026 07:43:02,23.732
711,08/22/2026 07:53:02,23.743
712,08/22/2026 08:03:02,23.775
713,08/22/2026 08:13:02,23.785
714,08/22/2026 08:23:02,23.796
715,08/22/2026 08:33:02,23.796
716,08/22/2026 08:43:02,23.796
717,08/22/2026 08:53:02,23.775
718,08/22/2026 09:03:02,23.753
719,08/22/2026 09:13:02,23.732
720,08/22/2026 09:23:02,23.721
721,08/22/2026 09:33:02,23.721
722,08/22/2026 09:43:02,23.710
723,08/22/2026 09:53:02,23.700
724,08/22/2026 10:03:02,23.689
725,08/22/2026 10:13:02,23.689
726,08/22/2026 10:23:02,23.678
727,08/22/2026 10:33:02,23.646
728,08/22/2026 10:43:02,23.635
729,08/22/2026 10:53:02,23.625
730,08/22/2026 11:03:02,23.582
731,08/22/2026 11:13:02,23.517
732,08/22/2026 11:23:02,23.453
733,08/22/2026 11:33:02,23.421
734,08/22/2026 11:43:02,23.378
735,08/22/2026 11:53:02,23.314
736,08/22/2026 12:03:02,23.228
737,08/22/2026 12:13:02,23.185
738,08/22/2026 12:23:02,23.110
739,08/22/2026 12:33:02,23.024
740,08/22/2026 12:43:02,22.970
741,08/22/2026 12:53:02,22.927
742,08/22/2026 13:03:02,22.895
743,08/22/2026 13:13:02,22.874
744,08/22/2026 13:23:02,22.852
745,08/22/2026 13:33:02,22.799
746,08/22/2026 13:43:02,22.756
747,08/22/2026 13:53:02,22.724
748,08/22/2026 14:03:02,22.713
749,08/22/2026 14:13:02,22.692
750,08/22/2026 14:23:02,22.810
751,08/22/2026 14:33:02,23.356
752,08/22/2026 14:43:02,23.678
753,08/22/2026 14:53:02,23.796
754,08/22/2026 15:03:02,23.818
755,08/22/2026 15:13:02,23.796
756,08/22/2026 15:23:02,23.796
757,08/22/2026 15:33:02,23.764
758,08/22/2026 15:43:02,23.732
759,08/22/2026 15:53:02,23.732
760,08/22/2026 16:03:02,23.710
761,08/22/2026 16:13:02,23.710
762,08/22/2026 16:23:02,23.710
763,08/22/2026 16:33:02,23.700
764,08/22/2026 16:43:02,23.710
765,08/22/2026 16:53:02,23.710
766,08/22/2026 17:03:02,23.710
767,08/22/2026 17:13:02,23.710
768,08/22/2026 17:23:02,23.710
769,08/22/2026 17:33:02,23.710
770,08/22/2026 17:43:02,23.732
771,08/22/2026 17:53:02,23.732
772,08/22/2026 18:03:02,23.743
773,08/22/2026 18:13:02,23.743
774,08/22/2026 18:23:02,23.743
775,08/22/2026 18:33:02,23.732
776,08/22/2026 18:43:02,23.743
777,08/22/2026 18:53:02,23.732
778,08/22/2026 19:03:02,23.732
779,08/22/2026 19:13:02,23.732
780,08/22/2026 19:23:02,23.721
781,08/22/2026 19:33:02,23.721
782,08/22/2026 19:43:02,23.710
783,08/22/2026 19:53:02,23.710
784,08/22/2026 20:03:02,23.700
785,08/22/2026 20:13:02,23.678
786,08/22/2026 20:23:02,23.678
787,08/22/2026 20:33:02,23.678
788,08/22/2026 20:43:02,23.678
789,08/22/2026 20:53:02,23.668
790,08/22/2026 21:03:02,23.657
791,08/22/2026 21:13:02,23.646
792,08/22/2026 21:23:02,23.646
793,08/22/2026 21:33:02,23.646
794,08/22/2026 21:43:02,23.646
795,08/22/2026 21:53:02,23.625
796,08/22/2026 22:03:02,23.614
797,08/22/2026 22:13:02,23.614
798,08/22/2026 22:23:02,23.614
799,08/22/2026 22:33:02,23.614
800,08/22/2026 22:43:02,23.592
801,08/22/2026 22:53:02,23.592
802,08/22/2026 23:03:02,23.582
803,08/22/2026 23:13:02,23.560
804,08/22/2026 23:23:02,23.560
805,08/22/2026 23:33:02,23.539
806,08/22/2026 23:43:02,23.517
807,08/22/2026 23:53:02,23.496
808,08/23/2026 00:03:02,23.453
809,08/23/2026 00:13:02,23.410
810,08/23/2026 00:23:02,23.356
811,08/23/2026 00:33:02,23.292
812,08/23/2026 00:43:02,23.206
813,08/23/2026 00:53:02,23.121
814,08/23/2026 01:03:02,23.013
815,08/23/2026 01:13:02,22.917
816,08/23/2026 01:23:02,22.842
817,08/23/2026 01:33:02,22.756
818,08/23/2026 01:43:02,22.670
819,08/23/2026 01:53:02,22.616
820,08/23/2026 02:03:02,22.531
821,08/23/2026 02:13:02,22.445
822,08/23/2026 02:23:02,22.413
823,08/23/2026 02:33:02,22.370
824,08/23/2026 02:43:02,22.316
825,08/23/2026 02:53:02,22.209
826,08/23/2026 03:03:02,22.145
827,08/23/2026 03:13:02,22.155
828,08/23/2026 03:23:02,22.327
829,08/23/2026 03:33:02,23.163
830,08/23/2026 03:43:02,23.399
831,08/23/2026 03:53:02,23.110
832,08/23/2026 04:03:02,23.045
833,08/23/2026 04:13:02,23.056
834,08/23/2026 04:23:02,23.045
835,08/23/2026 04:33:02,23.099
836,08/23/2026 04:43:02,23.045
837,08/23/2026 04:53:02,23.056
838,08/23/2026 05:03:02,23.056
839,08/23/2026 05:13:02,23.099
840,08/23/2026 05:23:02,23.099
841,08/23/2026 05:33:02,23.099
842,08/23/2026 05:43:02,23.131
843,08/23/2026 05:53:02,23.131
844,08/23/2026 06:03:02,23.153
845,08/23/2026 06:13:02,23.163
846,08/23/2026 06:23:02,23.153
847,08/23/2026 06:33:02,23.142
848,08/23/2026 06:43:02,23.142
849,08/23/2026 06:53:02,23.153
850,08/23/2026 07:03:02,23.163
851,08/23/2026 07:13:02,23.185
852,08/23/2026 07:23:02,23.185
853,08/23/2026 07:33:02,23.196
854,08/23/2026 07:43:02,23.185
855,08/23/2026 07:53:02,23.196
856,08/23/2026 08:03:02,23.206
857,08/23/2026 08:13:02,23.228
858,08/23/2026 08:23:02,23.228
859,08/23/2026 08:33:02,23.239
860,08/23/2026 08:43:02,23.239
861,08/23/2026 08:53:02,23.217
862,08/23/2026 09:03:02,23.185
863,08/23/2026 09:13:02,23.185
864,08/23/2026 09:23:02,23.163
865,08/23/2026 09:33:02,23.078
866,08/23/2026 09:43:02,23.099
867,08/23/2026 09:53:02,23.142
868,08/23/2026 10:03:02,23.239
869,08/23/2026 10:13:02,23.292
870,08/23/2026 10:23:02,23.217
871,08/23/2026 10:33:02,23.217
872,08/23/2026 10:43:02,23.260
873,08/23/2026 10:53:02,23.303
874,08/23/2026 11:03:02,23.367
875,08/23/2026 11:13:02,23.474
876,08/23/2026 11:23:02,23.507
877,08/23/2026 11:33:02,23.464
878,08/23/2026 11:43:02,23.496
879,08/23/2026 11:53:02,23.539
880,08/23/2026 12:03:02,23.550
881,08/23/2026 12:13:02,23.528
882,08/23/2026 12:23:02,23.485
883,08/23/2026 12:33:02,23.474
884,08/23/2026 12:43:02,23.474
885,08/23/2026 12:53:02,23.507
886,08/23/2026 13:03:02,23.625
887,08/23/2026 13:13:02,23.710
888,08/23/2026 13:23:02,23.807
889,08/23/2026 13:33:02,23.882
890,08/23/2026 13:43:02,23.957
891,08/23/2026 13:53:02,24.021
892,08/23/2026 14:03:02,24.107
893,08/23/2026 14:13:02,24.193
894,08/23/2026 14:23:02,24.279
895,08/23/2026 14:33:02,24.397
896,08/23/2026 14:43:02,24.526
897,08/23/2026 14:53:02,24.644
898,08/23/2026 15:03:02,24.729
899,08/23/2026 15:13:02,24.826
900,08/23/2026 15:23:02,25.051
901,08/23/2026 15:33:02,25.148
902,08/23/2026 15:43:02,25.083
903,08/23/2026 15:53:02,24.997
904,08/23/2026 16:03:02,23.936
905,08/23/2026 16:13:02,23.592
906,08/23/2026 16:23:02,23.560
907,08/23/2026 16:33:02,23.796
908,08/23/2026 16:43:02,23.968
909,08/23/2026 16:53:02,24.193
910,08/23/2026 17:03:02,24.450
911,08/23/2026 17:13:02,24.611
912,08/23/2026 17:23:02,24.751
913,08/23/2026 17:33:02,24.686
914,08/23/2026 17:43:02,24.590
915,08/23/2026 17:53:02,24.450
916,08/23/2026 18:03:02,24.365
917,08/23/2026 18:13:02,24.311
918,08/23/2026 18:23:02,24.204
919,08/23/2026 18:33:02,24.268
920,08/23/2026 18:43:02,24.300
921,08/23/2026 18:53:02,24.311
922,08/23/2026 19:03:02,24.279
923,08/23/2026 19:13:02,24.257
924,08/23/2026 19:23:02,24.257
925,08/23/2026 19:33:02,24.290
926,08/23/2026 19:43:02,24.268
927,08/23/2026 19:53:02,24.204
928,08/23/2026 20:03:02,24.182
929,08/23/2026 20:13:02,24.225
930,08/23/2026 20:23:02,24.225
931,08/23/2026 20:33:02,24.225
932,08/23/2026 20:43:02,24.311
933,08/23/2026 20:53:02,24.214
934,08/23/2026 21:03:02,24.225
935,08/23/2026 21:13:02,24.225
936,08/23/2026 21:23:02,24.236
937,08/23/2026 21:33:02,24.257
938,08/23/2026 21:43:02,24.257
939,08/23/2026 21:53:02,24.311
940,08/23/2026 22:03:02,24.397
941,08/23/2026 22:13:02,24.408
942,08/23/2026 22:23:02,24.397
943,08/23/2026 22:33:02,24.397
944,08/23/2026 22:43:02,24.397
945,08/23/2026 22:53:02,24.397
946,08/23/2026 23:03:02,24.386
947,08/23/2026 23:13:02,24.375
948,08/23/2026 23:23:02,24.397
949,08/23/2026 23:33:02,24.429
950,08/23/2026 23:43:02,24.461
951,08/23/2026 23:53:02,24.493
952,08/24/2026 00:03:02,24.483
953,08/24/2026 00:13:02,24.515
954,08/24/2026 00:23:02,24.515
955,08/24/2026 00:33:02,24.515
956,08/24/2026 00:43:02,24.515
957,08/24/2026 00:53:02,24.472
958,08/24/2026 01:03:02,24.440
959,08/24/2026 01:13:02,24.408
960,08/24/2026 01:23:02,24.365
961,08/24/2026 01:33:02,24.311
962,08/24/2026 01:43:02,24.257
963,08/24/2026 01:53:02,24.182
964,08/24/2026 02:03:02,24.097
965,08/24/2026 02:13:02,23.989
966,08/24/2026 02:23:02,23.882
967,08/24/2026 02:33:02,23.732
968,08/24/2026 02:43:02,23.592
969,08/24/2026 02:53:02,23.507
970,08/24/2026 03:03:02,23.410
971,08/24/2026 03:13:02,23.314
972,08/24/2026 03:23:02,23.185
973,08/24/2026 03:33:02,23.131
974,08/24/2026 03:43:02,23.013
975,08/24/2026 03:53:02,22.927
976,08/24/2026 04:03:02,22.885
977,08/24/2026 04:13:02,22.756
978,08/24/2026 04:23:02,23.003
979,08/24/2026 04:33:02,23.560
980,08/24/2026 04:43:02,23.775
981,08/24/2026 04:53:02,23.839
982,08/24/2026 05:03:02,23.850
983,08/24/2026 05:13:02,23.839
984,08/24/2026 05:23:02,23.818
985,08/24/2026 05:33:02,23.807
986,08/24/2026 05:43:02,23.764
987,08/24/2026 05:53:02,23.732
988,08/24/2026 06:03:02,23.721
989,08/24/2026 06:13:02,23.668
990,08/24/2026 06:23:02,23.657
991,08/24/2026 06:33:02,23.625
992,08/24/2026 06:43:02,23.592
993,08/24/2026 06:53:02,23.592
994,08/24/2026 07:03:02,23.571
995,08/24/2026 07:13:02,23.560
996,08/24/2026 07:23:02,23.550
997,08/24/2026 07:33:02,23.550
998,08/24/2026 07:43:02,23.550
999,08/24/2026 07:53:02,23.560
1000,08/24/2026 08:03:02,23.560
1001,08/24/2026 08:13:02,23.560
1002,08/24/2026 08:23:02,23.582
1003,08/24/2026 08:33:02,23.592
1004,08/24/2026 08:43:02,23.592
1005,08/24/2026 08:53:02,23.625
1006,08/24/2026 09:03:02,23.646
1007,08/24/2026 09:13:02,23.657
1008,08/24/2026 09:23:02,23.678
1009,08/24/2026 09:33:02,23.700
1010,08/24/2026 09:43:02,23.732
1011,08/24/2026 09:53:02,23.753
1012,08/24/2026 10:03:02,23.764
1013,08/24/2026 10:13:02,23.796
1014,08/24/2026 10:23:02,23.828
1015,08/24/2026 10:33:02,23.850
1016,08/24/2026 10:43:02,23.903
1017,08/24/2026 10:53:02,23.989
1018,08/24/2026 11:03:02,24.118
1019,08/24/2026 11:13:02,24.193
1020,08/24/2026 11:23:02,24.193
1021,08/24/2026 11:33:02,24.268
1022,08/24/2026 11:43:02,24.300
1023,08/24/2026 11:53:02,24.332
1024,08/24/2026 12:03:02,24.429
1025,08/24/2026 12:13:02,24.504
1026,08/24/2026 12:23:02,24.536
1027,08/24/2026 12:33:02,24.483
1028,08/24/2026 12:43:02,24.590
1029,08/24/2026 12:53:02,24.654
1030,08/24/2026 13:03:02,24.729
1031,08/24/2026 13:13:02,24.751
1032,08/24/2026 13:23:02,24.858
1033,08/24/2026 13:33:02,24.955
1034,08/24/2026 13:43:02,25.019
1035,08/24/2026 13:53:02,25.105
1036,08/24/2026 14:03:02,25.201
1037,08/24/2026 14:13:02,25.266
1038,08/24/2026 14:23:02,25.394
1039,08/24/2026 14:33:02,25.523
1040,08/24/2026 14:43:02,25.695
1041,08/24/2026 14:53:02,25.823
1042,08/24/2026 15:03:02,25.952
1043,08/24/2026 15:13:02,26.048
1044,08/24/2026 15:23:02,26.145
1045,08/24/2026 15:33:02,26.231
1046,08/24/2026 15:43:02,26.263
1047,08/24/2026 15:53:02,26.327
1048,08/24/2026 16:03:02,26.317
1049,08/24/2026 16:13:02,26.327
1050,08/24/2026 16:23:02,26.295
1051,08/24/2026 16:33:02,25.727
1052,08/24/2026 16:43:02,24.558
1053,08/24/2026 16:53:02,24.440
1054,08/24/2026 17:03:02,24.633
1055,08/24/2026 17:13:02,24.644
1056,08/24/2026 17:23:02,24.729
1057,08/24/2026 17:33:02,24.858
1058,08/24/2026 17:43:02,24.922
1059,08/24/2026 17:53:02,24.826
1060,08/24/2026 18:03:02,24.751
1061,08/24/2026 18:13:02,24.676
1062,08/24/2026 18:23:02,24.601
1063,08/24/2026 18:33:02,24.483
1064,08/24/2026 18:43:02,24.397
1065,08/24/2026 18:53:02,24.322
1066,08/24/2026 19:03:02,24.268
1067,08/24/2026 19:13:02,24.204
1068,08/24/2026 19:23:02,24.161
1069,08/24/2026 19:33:02,24.107
1070,08/24/2026 19:43:02,24.075
1071,08/24/2026 19:53:02,24.064
1072,08/24/2026 20:03:02,24.054
1073,08/24/2026 20:13:02,24.032
1074,08/24/2026 20:23:02,24.011
1075,08/24/2026 20:33:02,23.968
1076,08/24/2026 20:43:02,23.946
1077,08/24/2026 20:53:02,23.914
1078,08/24/2026 21:03:02,23.882
1079,08/24/2026 21:13:02,23.850
1080,08/24/2026 21:23:02,23.818
1081,08/24/2026 21:33:02,23.807
1082,08/24/2026 21:43:02,23.796
1083,08/24/2026 21:53:02,23.796
1084,08/24/2026 22:03:02,23.785
1085,08/24/2026 22:13:02,23.775
1086,08/24/2026 22:23:02,23.796
1087,08/24/2026 22:33:02,23.818
1088,08/24/2026 22:43:02,23.818
1089,08/24/2026 22:53:02,23.807
1090,08/24/2026 23:03:02,23.807
1091,08/24/2026 23:13:02,23.796
1092,08/24/2026 23:23:02,23.796
1093,08/24/2026 23:33:02,23.796
1094,08/24/2026 23:43:02,23.828
1095,08/24/2026 23:53:02,23.850
1096,08/25/2026 00:03:02,23.839
1097,08/25/2026 00:13:02,23.903
1098,08/25/2026 00:23:02,23.936
1099,08/25/2026 00:33:02,23.936
1100,08/25/2026 00:43:02,23.936
1101,08/25/2026 00:53:02,23.914
1102,08/25/2026 01:03:02,23.914
1103,08/25/2026 01:13:02,23.914
1104,08/25/2026 01:23:02,23.925
1105,08/25/2026 01:33:02,23.903
1106,08/25/2026 01:43:02,23.882
1107,08/25/2026 01:53:02,23.850
1108,08/25/2026 02:03:02,23.796
1109,08/25/2026 02:13:02,23.668
1110,08/25/2026 02:23:02,23.517
1111,08/25/2026 02:33:02,23.356
1112,08/25/2026 02:43:02,23.217
1113,08/25/2026 02:53:02,23.099
1114,08/25/2026 03:03:02,23.013
1115,08/25/2026 03:13:02,22.927
1116,08/25/2026 03:23:02,22.842
1117,08/25/2026 03:33:02,22.734
1118,08/25/2026 03:43:02,22.670
1119,08/25/2026 03:53:02,22.584
1120,08/25/2026 04:03:02,22.531
1121,08/25/2026 04:13:02,22.381
1122,08/25/2026 04:23:02,22.123
1123,08/25/2026 04:33:02,22.048
1124,08/25/2026 04:43:02,21.919
1125,08/25/2026 04:53:02,21.844
1126,08/25/2026 05:03:02,21.855
1127,08/25/2026 05:13:02,21.769
1128,08/25/2026 05:23:02,22.284
1129,08/25/2026 05:33:02,23.045
1130,08/25/2026 05:43:02,23.174
1131,08/25/2026 05:53:02,23.163
1132,08/25/2026 06:03:02,23.142
1133,08/25/2026 06:13:02,23.013
1134,08/25/2026 06:23:02,23.013
1135,08/25/2026 06:33:02,23.013
1136,08/25/2026 06:43:02,23.078
1137,08/25/2026 06:53:02,23.153
1138,08/25/2026 07:03:02,23.217
1139,08/25/2026 07:13:02,23.249
1140,08/25/2026 07:23:02,23.260
1141,08/25/2026 07:33:02,23.260
1142,08/25/2026 07:43:02,23.260
1143,08/25/2026 07:53:02,23.249
1144,08/25/2026 08:03:02,23.271
1145,08/25/2026 08:13:02,23.292
1146,08/25/2026 08:23:02,23.303
1147,08/25/2026 08:33:02,23.303
1148,08/25/2026 08:43:02,23.292
1149,08/25/2026 08:53:02,23.303
1150,08/25/2026 09:03:02,23.303
1151,08/25/2026 09:13:02,23.303
1152,08/25/2026 09:23:02,23.324
1153,08/25/2026 09:33:02,23.324
1154,08/25/2026 09:43:02,23.356
1155,08/25/2026 09:53:02,23.356
1156,08/25/2026 10:03:02,23.399
1157,08/25/2026 10:13:02,23.389
1158,08/25/2026 10:23:02,23.453
1159,08/25/2026 10:33:02,23.474
1160,08/25/2026 10:43:02,23.507
1161,08/25/2026 10:53:02,23.528
1162,08/25/2026 11:03:02,23.592
1163,08/25/2026 11:13:02,23.678
1164,08/25/2026 11:23:02,23.743
1165,08/25/2026 11:33:02,23.818
1166,08/25/2026 11:43:02,23.893
1167,08/25/2026 11:53:02,23.946
1168,08/25/2026 12:03:02,24.054
1169,08/25/2026 12:13:02,24.000
1170,08/25/2026 12:23:02,24.086
1171,08/25/2026 12:33:02,24.172
1172,08/25/2026 12:43:02,24.172
1173,08/25/2026 12:53:02,24.225
1174,08/25/2026 13:03:02,24.311
1175,08/25/2026 13:13:02,24.429
1176,08/25/2026 13:23:02,24.450
1177,08/25/2026 13:33:02,24.601
1178,08/25/2026 13:43:02,24.686
1179,08/25/2026 13:53:02,24.697
1180,08/25/2026 14:03:02,24.740
1181,08/25/2026 14:13:02,24.719
1182,08/25/2026 14:23:02,24.740
1183,08/25/2026 14:33:02,24.826
1184,08/25/2026 14:43:02,24.912
1185,08/25/2026 14:53:02,24.976
1186,08/25/2026 15:03:02,25.094
1187,08/25/2026 15:13:02,25.244
1188,08/25/2026 15:23:02,25.426
1189,08/25/2026 15:33:02,25.577
1190,08/25/2026 15:43:02,25.695
1191,08/25/2026 15:53:02,25.727
1192,08/25/2026 16:03:02,25.727
1193,08/25/2026 16:13:02,25.802
1194,08/25/2026 16:23:02,25.770
1195,08/25/2026 16:33:02,25.673
1196,08/25/2026 16:43:02,25.695
1197,08/25/2026 16:53:02,25.759
1198,08/25/2026 17:03:02,25.684
1199,08/25/2026 17:13:02,25.630
1200,08/25/2026 17:23:02,25.737
1201,08/25/2026 17:33:02,25.062
1202,08/25/2026 17:43:02,24.279
1203,08/25/2026 17:53:02,24.107
1204,08/25/2026 18:03:02,24.193
1205,08/25/2026 18:13:02,24.139
1206,08/25/2026 18:23:02,24.107
1207,08/25/2026 18:33:02,24.032
1208,08/25/2026 18:43:02,23.968
1209,08/25/2026 18:53:02,23.946
1210,08/25/2026 19:03:02,23.903
1211,08/25/2026 19:13:02,23.882
1212,08/25/2026 19:23:02,23.861
1213,08/25/2026 19:33:02,23.828
1214,08/25/2026 19:43:02,23.818
1215,08/25/2026 19:53:02,23.775
1216,08/25/2026 20:03:02,23.732
1217,08/25/2026 20:13:02,23.689
1218,08/25/2026 20:23:02,23.646
1219,08/25/2026 20:33:02,23.592
1220,08/25/2026 20:43:02,23.582
1221,08/25/2026 20:53:02,23.539
1222,08/25/2026 21:03:02,23.528
1223,08/25/2026 21:13:02,23.517
1224,08/25/2026 21:23:02,23.474
1225,08/25/2026 21:33:02,23.474
1226,08/25/2026 21:43:02,23.442
1227,08/25/2026 21:53:02,23.421
1228,08/25/2026 22:03:02,23.399
1229,08/25/2026 22:13:02,23.389
1230,08/25/2026 22:23:02,23.367
1231,08/25/2026 22:33:02,23.346
1232,08/25/2026 22:43:02,23.335
1233,08/25/2026 22:53:02,23.335
1234,08/25/2026 23:03:02,23.346
1235,08/25/2026 23:13:02,23.335
1236,08/25/2026 23:23:02,23.346
1237,08/25/2026 23:33:02,23.335
1238,08/25/2026 23:43:02,23.356
1239,08/25/2026 23:53:02,23.356
1240,08/26/2026 00:03:02,23.335
1241,08/26/2026 00:13:02,23.335
1242,08/26/2026 00:23:02,23.356
1243,08/26/2026 00:33:02,23.356
1244,08/26/2026 00:43:02,23.356
1245,08/26/2026 00:53:02,23.367
1246,08/26/2026 01:03:02,23.389
1247,08/26/2026 01:13:02,23.389
1248,08/26/2026 01:23:02,23.389
1249,08/26/2026 01:33:02,23.378
1250,08/26/2026 01:43:02,23.356
1251,08/26/2026 01:53:02,23.324
1252,08/26/2026 02:03:02,23.281
1253,08/26/2026 02:13:02,23.271
1254,08/26/2026 02:23:02,23.239
1255,08/26/2026 02:33:02,23.196
1256,08/26/2026 02:43:02,23.142
1257,08/26/2026 02:53:02,23.078
1258,08/26/2026 03:03:02,22.927
1259,08/26/2026 03:13:02,22.702
1260,08/26/2026 03:23:02,22.552
1261,08/26/2026 03:33:02,22.434
1262,08/26/2026 03:43:02,22.359
1263,08/26/2026 03:53:02,22.273
1264,08/26/2026 04:03:02,22.209
1265,08/26/2026 04:13:02,22.155
1266,08/26/2026 04:23:02,22.091
1267,08/26/2026 04:33:02,22.005
1268,08/26/2026 04:43:02,21.791
1269,08/26/2026 04:53:02,21.662
1270,08/26/2026 05:03:02,21.555
1271,08/26/2026 05:13:02,21.458
1272,08/26/2026 05:23:02,21.372
1273,08/26/2026 05:33:02,21.362
1274,08/26/2026 05:43:02,21.319
1275,08/26/2026 05:53:02,21.287
1276,08/26/2026 06:03:02,21.555
1277,08/26/2026 06:13:02,22.370
1278,08/26/2026 06:23:02,22.927
1279,08/26/2026 06:33:02,23.003
1280,08/26/2026 06:43:02,22.970
1281,08/26/2026 06:53:02,22.960
1282,08/26/2026 07:03:02,22.906
1283,08/26/2026 07:13:02,22.885
1284,08/26/2026 07:23:02,22.949
1285,08/26/2026 07:33:02,22.970
1286,08/26/2026 07:43:02,23.003
1287,08/26/2026 07:53:02,23.045
1288,08/26/2026 08:03:02,23.185
1289,08/26/2026 08:13:02,23.249
1290,08/26/2026 08:23:02,23.239
1291,08/26/2026 08:33:02,23.249
1292,08/26/2026 08:43:02,23.271
1293,08/26/2026 08:53:02,23.271
1294,08/26/2026 09:03:02,23.281
1295,08/26/2026 09:13:02,23.292
1296,08/26/2026 09:23:02,23.281
1297,08/26/2026 09:33:02,23.303
1298,08/26/2026 09:43:02,23.314
1299,08/26/2026 09:53:02,23.324
1300,08/26/2026 10:03:02,23.335
1301,08/26/2026 10:13:02,23.335
1302,08/26/2026 10:23:02,23.367
1303,08/26/2026 10:33:02,23.378
1304,08/26/2026 10:43:02,23.421
1305,08/26/2026 10:53:02,23.453
1306,08/26/2026 11:03:02,23.464
1307,08/26/2026 11:13:02,23.539
1308,08/26/2026 11:23:02,23.603
1309,08/26/2026 11:33:02,23.592
1310,08/26/2026 11:43:02,23.678
1311,08/26/2026 11:53:02,23.764
1312,08/26/2026 12:03:02,23.828
1313,08/26/2026 12:13:02,23.893
1314,08/26/2026 12:23:02,23.979
1315,08/26/2026 12:33:02,24.075
1316,08/26/2026 12:43:02,24.075
1317,08/26/2026 12:53:02,24.172
1318,08/26/2026 13:03:02,24.257
1319,08/26/2026 13:13:02,24.332
1320,08/26/2026 13:23:02,24.365
1321,08/26/2026 13:33:02,24.397
1322,08/26/2026 13:43:02,24.418
1323,08/26/2026 13:53:02,24.440
1324,08/26/2026 14:03:02,24.547
1325,08/26/2026 14:13:02,24.644
1326,08/26/2026 14:23:02,24.783
1327,08/26/2026 14:33:02,24.890
1328,08/26/2026 14:43:02,24.997
1329,08/26/2026 14:53:02,25.094
1330,08/26/2026 15:03:02,25.169
1331,08/26/2026 15:13:02,25.212
1332,08/26/2026 15:23:02,25.276
1333,08/26/2026 15:33:02,25.362
1334,08/26/2026 15:43:02,25.534
1335,08/26/2026 15:53:02,25.695
1336,08/26/2026 16:03:02,25.866
1337,08/26/2026 16:13:02,25.941
1338,08/26/2026 16:23:02,25.909
1339,08/26/2026 16:33:02,25.909
1340,08/26/2026 16:43:02,25.898
1341,08/26/2026 16:53:02,25.909
1342,08/26/2026 17:03:02,25.888
1343,08/26/2026 17:13:02,25.823
1344,08/26/2026 17:23:02,25.705
1345,08/26/2026 17:33:02,25.619
1346,08/26/2026 17:43:02,25.534
1347,08/26/2026 17:53:02,25.630
1348,08/26/2026 18:03:02,25.577
1349,08/26/2026 18:13:02,25.577
1350,08/26/2026 18:23:02,24.944
1351,08/26/2026 18:33:02,24.365
1352,08/26/2026 18:43:02,24.536
1353,08/26/2026 18:53:02,24.686
1354,08/26/2026 19:03:02,24.783
1355,08/26/2026 19:13:02,24.858
1356,08/26/2026 19:23:02,24.858
1357,08/26/2026 19:33:02,24.815
1358,08/26/2026 19:43:02,24.761
1359,08/26/2026 19:53:02,24.654
1360,08/26/2026 20:03:02,24.536
1361,08/26/2026 20:13:02,24.472
1362,08/26/2026 20:23:02,24.397
1363,08/26/2026 20:33:02,24.343
1364,08/26/2026 20:43:02,24.300
1365,08/26/2026 20:53:02,24.257
1366,08/26/2026 21:03:02,24.214
1367,08/26/2026 21:13:02,24.182
1368,08/26/2026 21:23:02,24.139
1369,08/26/2026 21:33:02,24.129
1370,08/26/2026 21:43:02,24.107
1371,08/26/2026 21:53:02,24.107
1372,08/26/2026 22:03:02,24.129
1373,08/26/2026 22:13:02,24.097
1374,08/26/2026 22:23:02,24.086
1375,08/26/2026 22:33:02,24.086
1376,08/26/2026 22:43:02,24.064
1377,08/26/2026 22:53:02,24.064
1378,08/26/2026 23:03:02,24.054
1379,08/26/2026 23:13:02,24.021
1380,08/26/2026 23:23:02,24.021
1381,08/26/2026 23:33:02,24.021
1382,08/26/2026 23:43:02,24.021
1383,08/26/2026 23:53:02,24.021
1384,08/27/2026 00:03:02,24.011
1385,08/27/2026 00:13:02,24.011
1386,08/27/2026 00:23:02,24.000
1387,08/27/2026 00:33:02,23.989
1388,08/27/2026 00:43:02,23.979
1389,08/27/2026 00:53:02,23.979
1390,08/27/2026 01:03:02,23.989
1391,08/27/2026 01:13:02,24.000
1392,08/27/2026 01:23:02,23.989
1393,08/27/2026 01:33:02,24.000
1394,08/27/2026 01:43:02,24.000
1395,08/27/2026 01:53:02,24.000
1396,08/27/2026 02:03:02,24.000
1397,08/27/2026 02:13:02,23.989
1398,08/27/2026 02:23:02,23.968
1399,08/27/2026 02:33:02,23.936
1400,08/27/2026 02:43:02,23.914
1401,08/27/2026 02:53:02,23.882
1402,08/27/2026 03:03:02,23.850
1403,08/27/2026 03:13:02,23.796
1404,08/27/2026 03:23:02,23.753
1405,08/27/2026 03:33:02,23.700
1406,08/27/2026 03:43:02,23.635
1407,08/27/2026 03:53:02,23.550
1408,08/27/2026 04:03:02,23.442
1409,08/27/2026 04:13:02,23.324
1410,08/27/2026 04:23:02,23.185
1411,08/27/2026 04:33:02,23.121
1412,08/27/2026 04:43:02,23.003
1413,08/27/2026 04:53:02,22.917
1414,08/27/2026 05:03:02,22.788
1415,08/27/2026 05:13:02,22.659
1416,08/27/2026 05:23:02,22.552
1417,08/27/2026 05:33:02,22.391
1418,08/27/2026 05:43:02,22.273
1419,08/27/2026 05:53:02,22.187
1420,08/27/2026 06:03:02,22.187
1421,08/27/2026 06:13:02,22.102
1422,08/27/2026 06:23:02,22.155
1423,08/27/2026 06:33:02,22.155
1424,08/27/2026 06:43:02,22.659
1425,08/27/2026 06:53:02,23.217
1426,08/27/2026 07:03:02,23.592
1427,08/27/2026 07:13:02,23.635
1428,08/27/2026 07:23:02,23.603
1429,08/27/2026 07:33:02,23.571
1430,08/27/2026 07:43:02,23.625
1431,08/27/2026 07:53:02,23.657
1432,08/27/2026 08:03:02,23.721
1433,08/27/2026 08:13:02,23.721
1434,08/27/2026 08:23:02,23.700
1435,08/27/2026 08:33:02,23.764
1436,08/27/2026 08:43:02,23.775
1437,08/27/2026 08:53:02,23.796
1438,08/27/2026 09:03:02,23.796
1439,08/27/2026 09:13:02,23.764
1440,08/27/2026 09:23:02,23.732
1441,08/27/2026 09:33:02,23.732
1442,08/27/2026 09:43:02,23.732
1443,08/27/2026 09:53:02,23.743
1444,08/27/2026 10:03:02,23.732
1445,08/27/2026 10:13:02,23.743
1446,08/27/2026 10:23:02,23.743
1447,08/27/2026 10:33:02,23.753
1448,08/27/2026 10:43:02,23.743
1449,08/27/2026 10:53:02,23.743
1450,08/27/2026 11:03:02,23.753
1451,08/27/2026 11:13:02,23.764
1452,08/27/2026 11:23:02,23.764
1453,08/27/2026 11:33:02,23.764
1454,08/27/2026 11:43:02,23.785
1455,08/27/2026 11:53:02,23.850
1456,08/27/2026 12:03:02,23.903
1457,08/27/2026 12:13:02,23.903
1458,08/27/2026 12:23:02,23.925
1459,08/27/2026 12:33:02,23.946
1460,08/27/2026 12:43:02,24.011
1461,08/27/2026 12:53:02,24.150
1462,08/27/2026 13:03:02,24.236
1463,08/27/2026 13:13:02,24.257
1464,08/27/2026 13:23:02,24.214
1465,08/27/2026 13:33:02,24.236
1466,08/27/2026 13:43:02,24.236
1467,08/27/2026 13:53:02,24.225
1468,08/27/2026 14:03:02,24.193
1469,08/27/2026 14:13:02,24.139
1470,08/27/2026 14:23:02,24.129
1471,08/27/2026 14:33:02,24.172
1472,08/27/2026 14:43:02,24.204
1473,08/27/2026 14:53:02,24.225
1474,08/27/2026 15:03:02,24.225
1475,08/27/2026 15:13:02,24.247
1476,08/27/2026 15:23:02,24.257
1477,08/27/2026 15:33:02,24.257
1478,08/27/2026 15:43:02,24.257
1479,08/27/2026 15:53:02,24.225
1480,08/27/2026 16:03:02,24.193
1481,08/27/2026 16:13:02,24.129
1482,08/27/2026 16:23:02,24.075
1483,08/27/2026 16:33:02,24.054
1484,08/27/2026 16:43:02,24.032
1485,08/27/2026 16:53:02,24.011
1486,08/27/2026 17:03:02,23.968
1487,08/27/2026 17:13:02,23.946
1488,08/27/2026 17:23:02,23.946
1489,08/27/2026 17:33:02,23.903
1490,08/27/2026 17:43:02,23.807
1491,08/27/2026 17:53:02,23.732
1492,08/27/2026 18:03:02,23.560
1493,08/27/2026 18:13:02,23.474
1494,08/27/2026 18:23:02,23.389
1495,08/27/2026 18:33:02,23.432
1496,08/27/2026 18:43:02,23.453
1497,08/27/2026 18:53:02,23.453
1498,08/27/2026 19:03:02,23.721
1499,08/27/2026 19:13:02,23.914
1500,08/27/2026 19:23:02,23.979
1501,08/27/2026 19:33:02,23.979
1502,08/27/2026 19:43:02,23.936
1503,08/27/2026 19:53:02,23.882
1504,08/27/2026 20:03:02,23.850
1505,08/27/2026 20:13:02,23.850
1506,08/27/2026 20:23:02,23.828
1507,08/27/2026 20:33:02,23.861
1508,08/27/2026 20:43:02,23.882
1509,08/27/2026 20:53:02,23.850
1510,08/27/2026 21:03:02,23.839
1511,08/27/2026 21:13:02,23.818
1512,08/27/2026 21:23:02,23.828
1513,08/27/2026 21:33:02,23.828
1514,08/27/2026 21:43:02,23.818
1515,08/27/2026 21:53:02,23.807
1516,08/27/2026 22:03:02,23.785
1517,08/27/2026 22:13:02,23.764
1518,08/27/2026 22:23:02,23.764
1519,08/27/2026 22:33:02,23.732
1520,08/27/2026 22:43:02,23.732
1521,08/27/2026 22:53:02,23.721
1522,08/27/2026 23:03:02,23.721
1523,08/27/2026 23:13:02,23.710
1524,08/27/2026 23:23:02,23.710
1525,08/27/2026 23:33:02,23.710
1526,08/27/2026 23:43:02,23.710
1527,08/27/2026 23:53:02,23.710
1528,08/28/2026 00:03:02,23.700
1529,08/28/2026 00:13:02,23.710
1530,08/28/2026 00:23:02,23.700
1531,08/28/2026 00:33:02,23.710
1532,08/28/2026 00:43:02,23.710
1533,08/28/2026 00:53:02,23.700
1534,08/28/2026 01:03:02,23.700
1535,08/28/2026 01:13:02,23.689
1536,08/28/2026 01:23:02,23.689
1537,08/28/2026 01:33:02,23.689
1538,08/28/2026 01:43:02,23.689
1539,08/28/2026 01:53:02,23.678
1540,08/28/2026 02:03:02,23.668
1541,08/28/2026 02:13:02,23.678
1542,08/28/2026 02:23:02,23.678
1543,08/28/2026 02:33:02,23.668
1544,08/28/2026 02:43:02,23.646
1545,08/28/2026 02:53:02,23.625
1546,08/28/2026 03:03:02,23.592
1547,08/28/2026 03:13:02,23.582
1548,08/28/2026 03:23:02,23.571
1549,08/28/2026 03:33:02,23.539
1550,08/28/2026 03:43:02,23.507
1551,08/28/2026 03:53:02,23.464
1552,08/28/2026 04:03:02,23.421
1553,08/28/2026 04:13:02,23.356
1554,08/28/2026 04:23:02,23.271
1555,08/28/2026 04:33:02,23.099
1556,08/28/2026 04:43:02,22.960
1557,08/28/2026 04:53:02,22.874
1558,08/28/2026 05:03:02,22.842
1559,08/28/2026 05:13:02,22.788
1560,08/28/2026 05:23:02,22.734
1561,08/28/2026 05:33:02,22.702
1562,08/28/2026 05:43:02,22.659
1563,08/28/2026 05:53:02,22.552
1564,08/28/2026 06:03:02,22.402
1565,08/28/2026 06:13:02,22.295
1566,08/28/2026 06:23:02,22.166
1567,08/28/2026 06:33:02,22.102
1568,08/28/2026 06:43:02,22.048
1569,08/28/2026 06:53:02,22.005
1570,08/28/2026 07:03:02,22.016
1571,08/28/2026 07:13:02,22.220
1572,08/28/2026 07:23:02,22.852
1573,08/28/2026 07:33:02,23.163
1574,08/28/2026 07:43:02,23.389
1575,08/28/2026 07:53:02,23.474
1576,08/28/2026 08:03:02,23.464
1577,08/28/2026 08:13:02,23.442
1578,08/28/2026 08:23:02,23.485
1579,08/28/2026 08:33:02,23.539
1580,08/28/2026 08:43:02,23.625
1581,08/28/2026 08:53:02,23.668
1582,08/28/2026 09:03:02,23.678
1583,08/28/2026 09:13:02,23.700
1584,08/28/2026 09:23:02,23.700
1585,08/28/2026 09:33:02,23.689
1586,08/28/2026 09:43:02,23.689
1587,08/28/2026 09:53:02,23.678
1588,08/28/2026 10:03:02,23.668
1589,08/28/2026 10:13:02,23.689
1590,08/28/2026 10:23:02,23.700
1591,08/28/2026 10:33:02,23.700
1592,08/28/2026 10:43:02,23.710
1593,08/28/2026 10:53:02,23.732
1594,08/28/2026 11:03:02,23.775
1595,08/28/2026 11:13:02,23.796
1596,08/28/2026 11:23:02,23.796
1597,08/28/2026 11:33:02,23.839
1598,08/28/2026 11:43:02,23.882
1599,08/28/2026 11:53:02,23.925
1600,08/28/2026 12:03:02,23.925
1601,08/28/2026 12:13:02,23.989
1602,08/28/2026 12:23:02,23.979
1603,08/28/2026 12:33:02,23.968
1604,08/28/2026 12:43:02,24.054
1605,08/28/2026 12:53:02,24.139
1606,08/28/2026 13:03:02,24.118
1607,08/28/2026 13:13:02,24.193
1608,08/28/2026 13:23:02,24.365
1609,08/28/2026 13:33:02,24.483
1610,08/28/2026 13:43:02,24.515
1611,08/28/2026 13:53:02,24.515
1612,08/28/2026 14:03:02,24.536
1613,08/28/2026 14:13:02,24.568
1614,08/28/2026 14:23:02,24.644
1615,08/28/2026 14:33:02,24.697
1616,08/28/2026 14:43:02,24.686
1617,08/28/2026 14:53:02,24.697
1618,08/28/2026 15:03:02,24.783
1619,08/28/2026 15:13:02,24.890
1620,08/28/2026 15:23:02,24.965
1621,08/28/2026 15:33:02,25.094
1622,08/28/2026 15:43:02,25.233
1623,08/28/2026 15:53:02,25.319
1624,08/28/2026 16:03:02,25.394
1625,08/28/2026 16:13:02,25.480
1626,08/28/2026 16:23:02,25.544
1627,08/28/2026 16:33:02,25.673
1628,08/28/2026 16:43:02,25.855
1629,08/28/2026 16:53:02,26.059
1630,08/28/2026 17:03:02,26.188
1631,08/28/2026 17:13:02,26.209
1632,08/28/2026 17:23:02,26.220
1633,08/28/2026 17:33:02,26.231
1634,08/28/2026 17:43:02,26.177
1635,08/28/2026 17:53:02,26.134
1636,08/28/2026 18:03:02,26.091
1637,08/28/2026 18:13:02,25.984
1638,08/28/2026 18:23:02,25.823
1639,08/28/2026 18:33:02,25.577
1640,08/28/2026 18:43:02,25.362
1641,08/28/2026 18:53:02,25.201
1642,08/28/2026 19:03:02,25.212
1643,08/28/2026 19:13:02,25.223
1644,08/28/2026 19:23:02,25.051
1645,08/28/2026 19:33:02,25.287
1646,08/28/2026 19:43:02,24.794
1647,08/28/2026 19:53:02,24.450
1648,08/28/2026 20:03:02,24.601
1649,08/28/2026 20:13:02,24.686
1650,08/28/2026 20:23:02,24.686
1651,08/28/2026 20:33:02,24.654
1652,08/28/2026 20:43:02,24.633
1653,08/28/2026 20:53:02,24.633
1654,08/28/2026 21:03:02,24.601
1655,08/28/2026 21:13:02,24.526
1656,08/28/2026 21:23:02,24.450
1657,08/28/2026 21:33:02,24.354
1658,08/28/2026 21:43:02,24.236
1659,08/28/2026 21:53:02,24.118
1660,08/28/2026 22:03:02,24.021
1661,08/28/2026 22:13:02,23.957
1662,08/28/2026 22:23:02,23.903
1663,08/28/2026 22:33:02,23.871
1664,08/28/2026 22:43:02,23.818
1665,08/28/2026 22:53:02,23.764
1666,08/28/2026 23:03:02,23.721
1667,08/28/2026 23:13:02,23.646
1668,08/28/2026 23:23:02,23.614
1669,08/28/2026 23:33:02,23.571
1670,08/28/2026 23:43:02,23.539
1671,08/28/2026 23:53:02,23.496
1672,08/29/2026 00:03:02,23.453
1673,08/29/2026 00:13:02,23.432
1674,08/29/2026 00:23:02,23.421
1675,08/29/2026 00:33:02,23.410
1676,08/29/2026 00:43:02,23.389
1677,08/29/2026 00:53:02,23.389
1678,08/29/2026 01:03:02,23.356
1679,08/29/2026 01:13:02,23.335
1680,08/29/2026 01:23:02,23.356
1681,08/29/2026 01:33:02,23.367
1682,08/29/2026 01:43:02,23.378
1683,08/29/2026 01:53:02,23.389
1684,08/29/2026 02:03:02,23.389
1685,08/29/2026 02:13:02,23.367
1686,08/29/2026 02:23:02,23.356
1687,08/29/2026 02:33:02,23.335
1688,08/29/2026 02:43:02,23.335
1689,08/29/2026 02:53:02,23.314
1690,08/29/2026 03:03:02,23.292
1691,08/29/2026 03:13:02,23.271
1692,08/29/2026 03:23:02,23.260
1693,08/29/2026 03:33:02,23.217
1694,08/29/2026 03:43:02,23.196
1695,08/29/2026 03:53:02,23.174
1696,08/29/2026 04:03:02,23.131
1697,08/29/2026 04:13:02,23.099
1698,08/29/2026 04:23:02,23.045
1699,08/29/2026 04:33:02,22.981
1700,08/29/2026 04:43:02,22.874
1701,08/29/2026 04:53:02,22.724
1702,08/29/2026 05:03:02,22.638
1703,08/29/2026 05:13:02,22.488
1704,08/29/2026 05:23:02,22.348
1705,08/29/2026 05:33:02,22.155
1706,08/29/2026 05:43:02,22.005
1707,08/29/2026 05:53:02,21.812
1708,08/29/2026 06:03:02,21.415
1709,08/29/2026 06:13:02,20.000
1710,08/29/2026 06:23:02,17.147
1711,08/29/2026 06:33:02,15.988
1712,08/29/2026 06:43:02,15.827
1713,08/29/2026 06:53:02,17.779
1714,08/29/2026 07:03:02,18.852
1715,08/29/2026 07:13:02,19.957
1716,08/29/2026 07:23:02,20.589
1717,08/29/2026 07:33:02,20.343
1718,08/29/2026 07:43:02,20.375
1719,08/29/2026 07:53:02,20.858
1720,08/29/2026 08:03:02,21.683
1721,08/29/2026 08:13:02,22.820
1722,08/29/2026 08:23:02,23.013
1723,08/29/2026 08:33:02,22.992
1724,08/29/2026 08:43:02,22.970
1725,08/29/2026 08:53:02,22.927
1726,08/29/2026 09:03:02,22.938
1727,08/29/2026 09:13:02,22.949
1728,08/29/2026 09:23:02,22.970
1729,08/29/2026 09:33:02,22.981
1730,08/29/2026 09:43:02,22.981
1731,08/29/2026 09:53:02,22.981
1732,08/29/2026 10:03:02,22.970
1733,08/29/2026 10:13:02,22.960
1734,08/29/2026 10:23:02,22.970
1735,08/29/2026 10:33:02,22.981
1736,08/29/2026 10:43:02,22.992
1737,08/29/2026 10:53:02,23.013
1738,08/29/2026 11:03:02,22.992
1739,08/29/2026 11:13:02,22.960
1740,08/29/2026 11:23:02,22.981
1741,08/29/2026 11:33:02,22.981
1742,08/29/2026 11:43:02,22.981
1743,08/29/2026 11:53:02,22.981
1744,08/29/2026 12:03:02,22.981
1745,08/29/2026 12:13:02,23.013
1746,08/29/2026 12:23:02,23.056
1747,08/29/2026 12:33:02,23.078
1748,08/29/2026 12:43:02,23.110
1749,08/29/2026 12:53:02,23.121
1750,08/29/2026 13:03:02,23.142
1751,08/29/2026 13:13:02,23.185
1752,08/29/2026 13:23:02,23.206
1753,08/29/2026 13:33:02,23.228
1754,08/29/2026 13:43:02,23.271
1755,08/29/2026 13:53:02,23.346
1756,08/29/2026 14:03:02,23.389
1757,08/29/2026 14:13:02,23.453
1758,08/29/2026 14:23:02,23.507
1759,08/29/2026 14:33:02,23.614
1760,08/29/2026 14:43:02,23.710
1761,08/29/2026 14:53:02,23.839
1762,08/29/2026 15:03:02,23.979
1763,08/29/2026 15:13:02,24.021
1764,08/29/2026 15:23:02,24.097
1765,08/29/2026 15:33:02,24.193
1766,08/29/2026 15:43:02,24.290
1767,08/29/2026 15:53:02,24.386
1768,08/29/2026 16:03:02,24.483
1769,08/29/2026 16:13:02,24.579
1770,08/29/2026 16:23:02,24.622
1771,08/29/2026 16:33:02,24.676
1772,08/29/2026 16:43:02,24.740
1773,08/29/2026 16:53:02,24.826
1774,08/29/2026 17:03:02,24.890
1775,08/29/2026 17:13:02,24.944
1776,08/29/2026 17:23:02,24.976
1777,08/29/2026 17:33:02,25.008
1778,08/29/2026 17:43:02,25.008
1779,08/29/2026 17:53:02,25.019
1780,08/29/2026 18:03:02,24.997
1781,08/29/2026 18:13:02,25.019
1782,08/29/2026 18:23:02,24.740
1783,08/29/2026 18:33:02,24.697
1784,08/29/2026 18:43:02,24.568
1785,08/29/2026 18:53:02,23.678
1786,08/29/2026 19:03:02,22.531
1787,08/29/2026 19:13:02,21.051
1788,08/29/2026 19:23:02,20.804
1789,08/29/2026 19:33:02,21.823
1790,08/29/2026 19:43:02,23.078
1791,08/29/2026 19:53:02,23.432
1792,08/29/2026 20:03:02,23.453
1793,08/29/2026 20:13:02,23.474
1794,08/29/2026 20:23:02,23.764
1795,08/29/2026 20:33:02,23.732
1796,08/29/2026 20:43:02,23.710
1797,08/29/2026 20:53:02,23.732
1798,08/29/2026 21:03:02,23.646
1799,08/29/2026 21:13:02,23.592
1800,08/29/2026 21:23:02,23.550
1801,08/29/2026 21:33:02,23.539
1802,08/29/2026 21:43:02,23.560
1803,08/29/2026 21:53:02,23.592
1804,08/29/2026 22:03:02,23.592
1805,08/29/2026 22:13:02,23.592
1806,08/29/2026 22:23:02,23.614
1807,08/29/2026 22:33:02,23.635
1808,08/29/2026 22:43:02,23.646
1809,08/29/2026 22:53:02,23.646
1810,08/29/2026 23:03:02,23.625
1811,08/29/2026 23:13:02,23.592
1812,08/29/2026 23:23:02,23.560
1813,08/29/2026 23:33:02,23.517
1814,08/29/2026 23:43:02,23.474
1815,08/29/2026 23:53:02,23.453
1816,08/30/2026 00:03:02,23.410
1817,08/30/2026 00:13:02,23.389
1818,08/30/2026 00:23:02,23.378
1819,08/30/2026 00:33:02,23.356
1820,08/30/2026 00:43:02,23.346
1821,08/30/2026 00:53:02,23.335
1822,08/30/2026 01:03:02,23.324
1823,08/30/2026 01:13:02,23.324
1824,08/30/2026 01:23:02,23.303
1825,08/30/2026 01:33:02,23.303
1826,08/30/2026 01:43:02,23.303
1827,08/30/2026 01:53:02,23.271
1828,08/30/2026 02:03:02,23.271
1829,08/30/2026 02:13:02,23.271
1830,08/30/2026 02:23:02,23.260
1831,08/30/2026 02:33:02,23.249
1832,08/30/2026 02:43:02,23.239
1833,08/30/2026 02:53:02,23.185
1834,08/30/2026 03:03:02,23.131
1835,08/30/2026 03:13:02,23.088
1836,08/30/2026 03:23:02,23.099
1837,08/30/2026 03:33:02,23.099
1838,08/30/2026 03:43:02,23.067
1839,08/30/2026 03:53:02,23.013
1840,08/30/2026 04:03:02,22.960
1841,08/30/2026 04:13:02,22.906
1842,08/30/2026 04:23:02,22.852
1843,08/30/2026 04:33:02,22.788
1844,08/30/2026 04:43:02,22.724
1845,08/30/2026 04:53:02,22.670
1846,08/30/2026 05:03:02,22.606
1847,08/30/2026 05:13:02,22.498
1848,08/30/2026 05:23:02,22.381
1849,08/30/2026 05:33:02,22.209
1850,08/30/2026 05:43:02,22.123
1851,08/30/2026 05:53:02,22.027
1852,08/30/2026 06:03:02,21.952
1853,08/30/2026 06:13:02,21.801
1854,08/30/2026 06:23:02,21.694
1855,08/30/2026 06:33:02,21.437
1856,08/30/2026 06:43:02,20.740
1857,08/30/2026 06:53:02,19.592
1858,08/30/2026 07:03:02,18.884
1859,08/30/2026 07:13:02,18.477
1860,08/30/2026 07:23:02,18.723
1861,08/30/2026 07:33:02,20.107
1862,08/30/2026 07:43:02,20.235
1863,08/30/2026 07:53:02,20.375
1864,08/30/2026 08:03:02,20.579
1865,08/30/2026 08:13:02,21.201
1866,08/30/2026 08:23:02,21.029
1867,08/30/2026 08:33:02,21.115
1868,08/30/2026 08:43:02,22.102
1869,08/30/2026 08:53:02,22.863
1870,08/30/2026 09:03:02,23.045
1871,08/30/2026 09:13:02,23.088
1872,08/30/2026 09:23:02,23.142
1873,08/30/2026 09:33:02,23.196
1874,08/30/2026 09:43:02,23.271
1875,08/30/2026 09:53:02,23.335
1876,08/30/2026 10:03:02,23.356
1877,08/30/2026 10:13:02,23.346
1878,08/30/2026 10:23:02,23.346
1879,08/30/2026 10:33:02,23.335
1880,08/30/2026 10:43:02,23.335
1881,08/30/2026 10:53:02,23.335
1882,08/30/2026 11:03:02,23.346
1883,08/30/2026 11:13:02,23.335
1884,08/30/2026 11:23:02,23.335
1885,08/30/2026 11:33:02,23.346
1886,08/30/2026 11:43:02,23.335
1887,08/30/2026 11:53:02,23.335
1888,08/30/2026 12:03:02,23.335
1889,08/30/2026 12:13:02,23.335
1890,08/30/2026 12:23:02,23.367
1891,08/30/2026 12:33:02,23.378
1892,08/30/2026 12:43:02,23.389
1893,08/30/2026 12:53:02,23.421
1894,08/30/2026 13:03:02,23.442
1895,08/30/2026 13:13:02,23.453
1896,08/30/2026 13:23:02,23.474
1897,08/30/2026 13:33:02,23.474
1898,08/30/2026 13:43:02,23.507
1899,08/30/2026 13:53:02,23.560
1900,08/30/2026 14:03:02,23.582
1901,08/30/2026 14:13:02,23.592
1902,08/30/2026 14:23:02,23.700
1903,08/30/2026 14:33:02,23.732
1904,08/30/2026 14:43:02,23.785
1905,08/30/2026 14:53:02,23.818
1906,08/30/2026 15:03:02,23.861
1907,08/30/2026 15:13:02,23.914
1908,08/30/2026 15:23:02,23.979
1909,08/30/2026 15:33:02,24.032
1910,08/30/2026 15:43:02,24.054
1911,08/30/2026 15:53:02,24.097
1912,08/30/2026 16:03:02,24.161
1913,08/30/2026 16:13:02,24.225
1914,08/30/2026 16:23:02,24.268
1915,08/30/2026 16:33:02,24.311
1916,08/30/2026 16:43:02,24.343
1917,08/30/2026 16:53:02,24.386
1918,08/30/2026 17:03:02,24.429
1919,08/30/2026 17:13:02,24.461
1920,08/30/2026 17:23:02,24.493
1921,08/30/2026 17:33:02,24.536
1922,08/30/2026 17:43:02,24.568
1923,08/30/2026 17:53:02,24.558
1924,08/30/2026 18:03:02,24.526
1925,08/30/2026 18:13:02,24.504
1926,08/30/2026 18:23:02,24.483
1927,08/30/2026 18:33:02,24.450
1928,08/30/2026 18:43:02,24.429
1929,08/30/2026 18:53:02,24.397
1930,08/30/2026 19:03:02,24.322
1931,08/30/2026 19:13:02,24.075
1932,08/30/2026 19:23:02,23.410
1933,08/30/2026 19:33:02,23.045
1934,08/30/2026 19:43:02,22.842
1935,08/30/2026 19:53:02,22.756
1936,08/30/2026 20:03:02,22.702
1937,08/30/2026 20:13:02,22.659
1938,08/30/2026 20:23:02,22.906
1939,08/30/2026 20:33:02,23.260
1940,08/30/2026 20:43:02,23.335
1941,08/30/2026 20:53:02,23.485
1942,08/30/2026 21:03:02,23.678
1943,08/30/2026 21:13:02,23.592
1944,08/30/2026 21:23:02,23.571
1945,08/30/2026 21:33:02,23.560
1946,08/30/2026 21:43:02,23.528
1947,08/30/2026 21:53:02,23.507
1948,08/30/2026 22:03:02,23.453
1949,08/30/2026 22:13:02,23.442
1950,08/30/2026 22:23:02,23.399
1951,08/30/2026 22:33:02,23.399
1952,08/30/2026 22:43:02,23.421
1953,08/30/2026 22:53:02,23.410
1954,08/30/2026 23:03:02,23.389
1955,08/30/2026 23:13:02,23.389
1956,08/30/2026 23:23:02,23.389
1957,08/30/2026 23:33:02,23.356
1958,08/30/2026 23:43:02,23.314
1959,08/30/2026 23:53:02,23.292
1960,08/31/2026 00:03:02,23.271
1961,08/31/2026 00:13:02,23.260
1962,08/31/2026 00:23:02,23.271
1963,08/31/2026 00:33:02,23.249
1964,08/31/2026 00:43:02,23.239
1965,08/31/2026 00:53:02,23.196
1966,08/31/2026 01:03:02,23.185
1967,08/31/2026 01:13:02,23.185
1968,08/31/2026 01:23:02,23.174
1969,08/31/2026 01:33:02,23.163
1970,08/31/2026 01:43:02,23.163
1971,08/31/2026 01:53:02,23.163
1972,08/31/2026 02:03:02,23.163
1973,08/31/2026 02:13:02,23.163
1974,08/31/2026 02:23:02,23.163
1975,08/31/2026 02:33:02,23.153
1976,08/31/2026 02:43:02,23.163
1977,08/31/2026 02:53:02,23.163
1978,08/31/2026 03:03:02,23.163
1979,08/31/2026 03:13:02,23.163
1980,08/31/2026 03:23:02,23.174
1981,08/31/2026 03:33:02,23.163
1982,08/31/2026 03:43:02,23.163
1983,08/31/2026 03:53:02,23.163
1984,08/31/2026 04:03:02,23.163
1985,08/31/2026 04:13:02,23.153
1986,08/31/2026 04:23:02,23.131
1987,08/31/2026 04:33:02,23.099
1988,08/31/2026 04:43:02,23.078
1989,08/31/2026 04:53:02,23.056
1990,08/31/2026 05:03:02,23.013
1991,08/31/2026 05:13:02,22.992
1992,08/31/2026 05:23:02,22.970
1993,08/31/2026 05:33:02,22.938
1994,08/31/2026 05:43:02,22.885
1995,08/31/2026 05:53:02,22.820
1996,08/31/2026 06:03:02,22.713
1997,08/31/2026 06:13:02,22.627
1998,08/31/2026 06:23:02,22.531
1999,08/31/2026 06:33:02,22.445
2000,08/31/2026 06:43:02,22.370
2001,08/31/2026 06:53:02,22.305
2002,08/31/2026 07:03:02,22.252
2003,08/31/2026 07:13:02,22.048
2004,08/31/2026 07:23:02,21.329
2005,08/31/2026 07:33:02,21.329
2006,08/31/2026 07:43:02,22.552
2007,08/31/2026 07:53:02,22.123
2008,08/31/2026 08:03:02,22.263
2009,08/31/2026 08:13:02,23.818
2010,08/31/2026 08:23:02,24.332
2011,08/31/2026 08:33:02,24.054
2012,08/31/2026 08:43:02,22.820
2013,08/31/2026 08:53:02,22.381
2014,08/31/2026 09:03:02,22.456
2015,08/31/2026 09:13:02,22.938
2016,08/31/2026 09:23:02,23.196
2017,08/31/2026 09:33:02,23.249
2018,08/31/2026 09:43:02,23.324
2019,08/31/2026 09:53:02,23.453
2020,08/31/2026 10:03:02,23.464
2021,08/31/2026 10:13:02,23.517
2022,08/31/2026 10:23:02,23.550
2023,08/31/2026 10:33:02,23.528
2024,08/31/2026 10:43:02,23.517
2025,08/31/2026 10:53:02,23.539
2026,08/31/2026 11:03:02,23.507
2027,08/31/2026 11:13:02,23.517
2028,08/31/2026 11:23:02,23.550
2029,08/31/2026 11:33:02,23.550
2030,08/31/2026 11:43:02,23.582
2031,08/31/2026 11:53:02,23.539
2032,08/31/2026 12:03:02,23.539
2033,08/31/2026 12:13:02,23.550
2034,08/31/2026 12:23:02,23.550
2035,08/31/2026 12:33:02,23.560
2036,08/31/2026 12:43:02,23.592
2037,08/31/2026 12:53:02,23.625
2038,08/31/2026 13:03:02,23.657
2039,08/31/2026 13:13:02,23.668
2040,08/31/2026 13:23:02,23.710
2041,08/31/2026 13:33:02,23.710
2042,08/31/2026 13:43:02,23.710
2043,08/31/2026 13:53:02,23.743
2044,08/31/2026 14:03:02,23.678
2045,08/31/2026 14:13:02,23.657
2046,08/31/2026 14:23:02,23.646
2047,08/31/2026 14:33:02,23.710
2048,08/31/2026 14:43:02,23.796
2049,08/31/2026 14:53:02,23.850
2050,08/31/2026 15:03:02,23.989
2051,08/31/2026 15:13:02,24.172
2052,08/31/2026 15:23:02,24.343
2053,08/31/2026 15:33:02,24.429
2054,08/31/2026 15:43:02,24.397
2055,08/31/2026 15:53:02,24.461
2056,08/31/2026 16:03:02,24.483
2057,08/31/2026 16:13:02,24.568
2058,08/31/2026 16:23:02,24.686
2059,08/31/2026 16:33:02,24.697
2060,08/31/2026 16:43:02,24.697
2061,08/31/2026 16:53:02,24.740
2062,08/31/2026 17:03:02,24.804
2063,08/31/2026 17:13:02,24.858
2064,08/31/2026 17:23:02,24.944
2065,08/31/2026 17:33:02,25.008
2066,08/31/2026 17:43:02,25.030
2067,08/31/2026 17:53:02,25.051
2068,08/31/2026 18:03:02,25.083
2069,08/31/2026 18:13:02,25.126
2070,08/31/2026 18:23:02,25.137
2071,08/31/2026 18:33:02,25.148
2072,08/31/2026 18:43:02,25.148
2073,08/31/2026 18:53:02,25.115
2074,08/31/2026 19:03:02,25.083
2075,08/31/2026 19:13:02,25.030
2076,08/31/2026 19:23:02,24.997
2077,08/31/2026 19:33:02,24.976
2078,08/31/2026 19:43:02,24.976
2079,08/31/2026 19:53:02,24.976
2080,08/31/2026 20:03:02,24.879
2081,08/31/2026 20:13:02,24.719
2082,08/31/2026 20:23:02,24.483
2083,08/31/2026 20:33:02,23.625
2084,08/31/2026 20:43:02,23.936
2085,08/31/2026 20:53:02,23.850
2086,08/31/2026 21:03:02,23.979
2087,08/31/2026 21:13:02,23.893
2088,08/31/2026 21:23:02,23.957
2089,08/31/2026 21:33:02,24.064
2090,08/31/2026 21:43:02,24.182
2091,08/31/2026 21:53:02,24.097
2092,08/31/2026 22:03:02,24.054
2093,08/31/2026 22:13:02,24.129
2094,08/31/2026 22:23:02,24.097
2095,08/31/2026 22:33:02,24.097
2096,08/31/2026 22:43:02,24.032
2097,08/31/2026 22:53:02,24.000
2098,08/31/2026 23:03:02,24.000
2099,08/31/2026 23:13:02,23.979
2100,08/31/2026 23:23:02,23.968
2101,08/31/2026 23:33:02,23.957
2102,08/31/2026 23:43:02,23.946
2103,08/31/2026 23:53:02,23.936
2104,09/01/2026 00:03:02,23.903
2105,09/01/2026 00:13:02,23.882
2106,09/01/2026 00:23:02,23.861
2107,09/01/2026 00:33:02,23.850
2108,09/01/2026 00:43:02,23.850
2109,09/01/2026 00:53:02,23.861
2110,09/01/2026 01:03:02,23.861
2111,09/01/2026 01:13:02,23.861
2112,09/01/2026 01:23:02,23.871
2113,09/01/2026 01:33:02,23.871
2114,09/01/2026 01:43:02,23.861
2115,09/01/2026 01:53:02,23.861
2116,09/01/2026 02:03:02,23.850
2117,09/01/2026 02:13:02,23.850
2118,09/01/2026 02:23:02,23.850
2119,09/01/2026 02:33:02,23.839
2120,09/01/2026 02:43:02,23.839
2121,09/01/2026 02:53:02,23.839
2122,09/01/2026 03:03:02,23.839
2123,09/01/2026 03:13:02,23.839
2124,09/01/2026 03:23:02,23.818
2125,09/01/2026 03:33:02,23.818
2126,09/01/2026 03:43:02,23.807
2127,09/01/2026 03:53:02,23.796
2128,09/01/2026 04:03:02,23.796
2129,09/01/2026 04:13:02,23.775
2130,09/01/2026 04:23:02,23.764
2131,09/01/2026 04:33:02,23.764
2132,09/01/2026 04:43:02,23.732
2133,09/01/2026 04:53:02,23.732
2134,09/01/2026 05:03:02,23.710
2135,09/01/2026 05:13:02,23.678
2136,09/01/2026 05:23:02,23.635
2137,09/01/2026 05:33:02,23.592
2138,09/01/2026 05:43:02,23.539
2139,09/01/2026 05:53:02,23.453
2140,09/01/2026 06:03:02,23.281
2141,09/01/2026 06:13:02,23.078
2142,09/01/2026 06:23:02,22.917
2143,09/01/2026 06:33:02,22.777
2144,09/01/2026 06:43:02,22.616
2145,09/01/2026 06:53:02,22.456
2146,09/01/2026 07:03:02,22.305
2147,09/01/2026 07:13:02,22.166
2148,09/01/2026 07:23:02,22.069
2149,09/01/2026 07:33:02,22.005
2150,09/01/2026 07:43:02,21.962
2151,09/01/2026 07:53:02,21.941
2152,09/01/2026 08:03:02,21.898
2153,09/01/2026 08:13:02,21.919
2154,09/01/2026 08:23:02,21.898
2155,09/01/2026 08:33:02,21.919
2156,09/01/2026 08:43:02,21.973
2157,09/01/2026 08:53:02,21.984
2158,09/01/2026 09:03:02,21.994
2159,09/01/2026 09:13:02,22.005
2160,09/01/2026 09:23:02,21.984
2161,09/01/2026 09:33:02,21.984
2162,09/01/2026 09:43:02,21.952
2163,09/01/2026 09:53:02,21.952
2164,09/01/2026 10:03:02,22.434
2165,09/01/2026 10:13:02,23.335
2166,09/01/2026 10:23:02,23.464
2167,09/01/2026 10:33:02,23.453
2168,09/01/2026 10:43:02,23.442
2169,09/01/2026 10:53:02,23.389
2170,09/01/2026 11:03:02,23.421
2171,09/01/2026 11:13:02,23.474
2172,09/01/2026 11:23:02,23.496
2173,09/01/2026 11:33:02,23.496
2174,09/01/2026 11:43:02,23.507
2175,09/01/2026 11:53:02,23.528
2176,09/01/2026 12:03:02,23.528
2177,09/01/2026 12:13:02,23.550
2178,09/01/2026 12:23:02,23.582
2179,09/01/2026 12:33:02,23.592
2180,09/01/2026 12:43:02,23.614
2181,09/01/2026 12:53:02,23.614
2182,09/01/2026 13:03:02,23.625
2183,09/01/2026 13:13:02,23.635
2184,09/01/2026 13:23:02,23.646
2185,09/01/2026 13:33:02,23.646
2186,09/01/2026 13:43:02,23.678
2187,09/01/2026 13:53:02,23.678
2188,09/01/2026 14:03:02,23.678
2189,09/01/2026 14:13:02,23.678
2190,09/01/2026 14:23:02,23.689
2191,09/01/2026 14:33:02,23.689
2192,09/01/2026 14:43:02,23.689
2193,09/01/2026 14:53:02,23.689
2194,09/01/2026 15:03:02,23.700
2195,09/01/2026 15:13:02,23.700
2196,09/01/2026 15:23:02,23.710
2197,09/01/2026 15:33:02,23.710
2198,09/01/2026 15:43:02,23.743
2199,09/01/2026 15:53:02,23.818
2200,09/01/2026 16:03:02,23.861
2201,09/01/2026 16:13:02,23.818
2202,09/01/2026 16:23:02,23.839
2203,09/01/2026 16:33:02,23.850
2204,09/01/2026 16:43:02,23.850
2205,09/01/2026 16:53:02,23.850
2206,09/01/2026 17:03:02,23.839
2207,09/01/2026 17:13:02,23.850
2208,09/01/2026 17:23:02,23.850
2209,09/01/2026 17:33:02,23.850
2210,09/01/2026 17:43:02,23.850
2211,09/01/2026 17:53:02,23.850
2212,09/01/2026 18:03:02,23.839
2213,09/01/2026 18:13:02,23.796
2214,09/01/2026 18:23:02,23.732
2215,09/01/2026 18:33:02,23.668
2216,09/01/2026 18:43:02,23.592
2217,09/01/2026 18:53:02,23.539
2218,09/01/2026 19:03:02,23.464
2219,09/01/2026 19:13:02,23.356
2220,09/01/2026 19:23:02,23.271
2221,09/01/2026 19:33:02,23.196
2222,09/01/2026 19:43:02,23.131
2223,09/01/2026 19:53:02,23.013
2224,09/01/2026 20:03:02,22.885
2225,09/01/2026 20:13:02,22.756
2226,09/01/2026 20:23:02,22.595
2227,09/01/2026 20:33:02,22.498
2228,09/01/2026 20:43:02,22.413
2229,09/01/2026 20:53:02,22.316
2230,09/01/2026 21:03:02,22.241
2231,09/01/2026 21:13:02,22.155
2232,09/01/2026 21:23:02,22.069
2233,09/01/2026 21:33:02,22.005
2234,09/01/2026 21:43:02,21.898
2235,09/01/2026 21:53:02,21.812
2236,09/01/2026 22:03:02,21.812
2237,09/01/2026 22:13:02,22.391
2238,09/01/2026 22:23:02,23.045
2239,09/01/2026 22:33:02,23.453
2240,09/01/2026 22:43:02,23.442
2241,09/01/2026 22:53:02,23.421
2242,09/01/2026 23:03:02,23.389
2243,09/01/2026 23:13:02,23.239
2244,09/01/2026 23:23:02,23.163
2245,09/01/2026 23:33:02,23.217
2246,09/01/2026 23:43:02,23.217
2247,09/01/2026 23:53:02,23.206
2248,09/02/2026 00:03:02,23.174
2249,09/02/2026 00:13:02,23.142
2250,09/02/2026 00:23:02,23.131
2251,09/02/2026 00:33:02,23.131
2252,09/02/2026 00:43:02,23.174
2253,09/02/2026 00:53:02,23.185
2254,09/02/2026 01:03:02,23.196
2255,09/02/2026 01:13:02,23.196
2256,09/02/2026 01:23:02,23.217
2257,09/02/2026 01:33:02,23.239
2258,09/02/2026 01:43:02,23.249
2259,09/02/2026 01:53:02,23.249
2260,09/02/2026 02:03:02,23.249
2261,09/02/2026 02:13:02,23.249
2262,09/02/2026 02:23:02,23.249
2263,09/02/2026 02:33:02,23.239
2264,09/02/2026 02:43:02,23.249
2265,09/02/2026 02:53:02,23.239
2266,09/02/2026 03:03:02,23.217
2267,09/02/2026 03:13:02,23.239
2268,09/02/2026 03:23:02,23.228
2269,09/02/2026 03:33:02,23.228
2270,09/02/2026 03:43:02,23.228
2271,09/02/2026 03:53:02,23.217
2272,09/02/2026 04:03:02,23.174
2273,09/02/2026 04:13:02,23.099
2274,09/02/2026 04:23:02,23.121
2275,09/02/2026 04:33:02,23.121
2276,09/02/2026 04:43:02,23.131
2277,09/02/2026 04:53:02,23.131
2278,09/02/2026 05:03:02,23.110
2279,09/02/2026 05:13:02,23.088
2280,09/02/2026 05:23:02,23.067
2281,09/02/2026 05:33:02,23.024
2282,09/02/2026 05:43:02,22.949
2283,09/02/2026 05:53:02,22.852
2284,09/02/2026 06:03:02,22.799
2285,09/02/2026 06:13:02,22.745
2286,09/02/2026 06:23:02,22.670
2287,09/02/2026 06:33:02,22.595
2288,09/02/2026 06:43:02,22.531
2289,09/02/2026 06:53:02,22.456
2290,09/02/2026 07:03:02,22.370
2291,09/02/2026 07:13:02,22.273
2292,09/02/2026 07:23:02,22.177
2293,09/02/2026 07:33:02,22.048
2294,09/02/2026 07:43:02,21.866
2295,09/02/2026 07:53:02,21.630
2296,09/02/2026 08:03:02,21.458
2297,09/02/2026 08:13:02,21.383
2298,09/02/2026 08:23:02,21.351
2299,09/02/2026 08:33:02,21.308
2300,09/02/2026 08:43:02,21.297
2301,09/02/2026 08:53:02,21.319
2302,09/02/2026 09:03:02,21.319
2303,09/02/2026 09:13:02,21.329
2304,09/02/2026 09:23:02,21.319
2305,09/02/2026 09:33:02,21.308
2306,09/02/2026 09:43:02,21.287
2307,09/02/2026 09:53:02,21.297
2308,09/02/2026 10:03:02,21.351
2309,09/02/2026 10:13:02,21.405
2310,09/02/2026 10:23:02,21.952
2311,09/02/2026 10:33:02,22.938
2312,09/02/2026 10:43:02,23.088
2313,09/02/2026 10:53:02,23.045
2314,09/02/2026 11:03:02,22.970
2315,09/02/2026 11:13:02,22.874
2316,09/02/2026 11:23:02,22.885
2317,09/02/2026 11:33:02,22.960
2318,09/02/2026 11:43:02,22.992
2319,09/02/2026 11:53:02,23.013
2320,09/02/2026 12:03:02,23.013
2321,09/02/2026 12:13:02,23.045
2322,09/02/2026 12:23:02,23.045
2323,09/02/2026 12:33:02,23.056
2324,09/02/2026 12:43:02,23.078
2325,09/02/2026 12:53:02,23.078
2326,09/02/2026 13:03:02,23.088
2327,09/02/2026 13:13:02,23.078
2328,09/02/2026 13:23:02,23.078
2329,09/02/2026 13:33:02,23.088
2330,09/02/2026 13:43:02,23.078
2331,09/02/2026 13:53:02,23.078
2332,09/02/2026 14:03:02,23.078
2333,09/02/2026 14:13:02,23.056
2334,09/02/2026 14:23:02,23.056
2335,09/02/2026 14:33:02,23.045
2336,09/02/2026 14:43:02,23.045
2337,09/02/2026 14:53:02,23.045
2338,09/02/2026 15:03:02,23.024
2339,09/02/2026 15:13:02,23.024
2340,09/02/2026 15:23:02,23.013
2341,09/02/2026 15:33:02,23.024
2342,09/02/2026 15:43:02,23.035
2343,09/02/2026 15:53:02,23.045
2344,09/02/2026 16:03:02,23.045
2345,09/02/2026 16:13:02,23.035
2346,09/02/2026 16:23:02,23.024
2347,09/02/2026 16:33:02,23.024
2348,09/02/2026 16:43:02,23.024
2349,09/02/2026 16:53:02,23.013
2350,09/02/2026 17:03:02,23.045
2351,09/02/2026 17:13:02,23.088
2352,09/02/2026 17:23:02,23.099
2353,09/02/2026 17:33:02,23.110
2354,09/02/2026 17:43:02,23.099
2355,09/02/2026 17:53:02,23.131
2356,09/02/2026 18:03:02,23.153
2357,09/02/2026 18:13:02,23.153
2358,09/02/2026 18:23:02,23.142
2359,09/02/2026 18:33:02,23.142
2360,09/02/2026 18:43:02,23.142
2361,09/02/2026 18:53:02,23.131
2362,09/02/2026 19:03:02,23.131
2363,09/02/2026 19:13:02,23.110
2364,09/02/2026 19:23:02,23.088
2365,09/02/2026 19:33:02,23.067
2366,09/02/2026 19:43:02,23.045
2367,09/02/2026 19:53:02,23.013
2368,09/02/2026 20:03:02,22.970
2369,09/02/2026 20:13:02,22.917
2370,09/02/2026 20:23:02,22.820
2371,09/02/2026 20:33:02,22.702
2372,09/02/2026 20:43:02,22.574
2373,09/02/2026 20:53:02,22.445
2374,09/02/2026 21:03:02,22.359
2375,09/02/2026 21:13:02,22.284
2376,09/02/2026 21:23:02,22.209
2377,09/02/2026 21:33:02,22.145
2378,09/02/2026 21:43:02,22.069
2379,09/02/2026 21:53:02,21.973
2380,09/02/2026 22:03:02,21.866
2381,09/02/2026 22:13:02,21.780
2382,09/02/2026 22:23:02,21.640
2383,09/02/2026 22:33:02,21.533
2384,09/02/2026 22:43:02,21.447
2385,09/02/2026 22:53:02,21.458
2386,09/02/2026 23:03:02,21.694
2387,09/02/2026 23:13:02,21.941
2388,09/02/2026 23:23:02,22.091
2389,09/02/2026 23:33:02,22.584
2390,09/02/2026 23:43:02,22.756
2391,09/02/2026 23:53:02,22.574
2392,09/03/2026 00:03:02,22.531
2393,09/03/2026 00:13:02,22.466
2394,09/03/2026 00:23:02,22.466
2395,09/03/2026 00:33:02,22.466
2396,09/03/2026 00:43:02,22.552
2397,09/03/2026 00:53:02,22.616
2398,09/03/2026 01:03:02,22.649
2399,09/03/2026 01:13:02,22.659
2400,09/03/2026 01:23:02,22.670
2401,09/03/2026 01:33:02,22.692
2402,09/03/2026 01:43:02,22.702
2403,09/03/2026 01:53:02,22.724
2404,09/03/2026 02:03:02,22.745
2405,09/03/2026 02:13:02,22.745
2406,09/03/2026 02:23:02,22.756
2407,09/03/2026 02:33:02,22.767
2408,09/03/2026 02:43:02,22.767
2409,09/03/2026 02:53:02,22.767
2410,09/03/2026 03:03:02,22.777
2411,09/03/2026 03:13:02,22.799
2412,09/03/2026 03:23:02,22.820
2413,09/03/2026 03:33:02,22.820
2414,09/03/2026 03:43:02,22.831
2415,09/03/2026 03:53:02,22.842
2416,09/03/2026 04:03:02,22.842
2417,09/03/2026 04:13:02,22.831
2418,09/03/2026 04:23:02,22.820
2419,09/03/2026 04:33:02,22.820
2420,09/03/2026 04:43:02,22.831
2421,09/03/2026 04:53:02,22.831
2422,09/03/2026 05:03:02,22.820
2423,09/03/2026 05:13:02,22.788
2424,09/03/2026 05:23:02,22.777
2425,09/03/2026 05:33:02,22.767
2426,09/03/2026 05:43:02,22.756
2427,09/03/2026 05:53:02,22.756
2428,09/03/2026 06:03:02,22.734
2429,09/03/2026 06:13:02,22.724
2430,09/03/2026 06:23:02,22.713
2431,09/03/2026 06:33:02,22.692
2432,09/03/2026 06:43:02,22.670
2433,09/03/2026 06:53:02,22.659
2434,09/03/2026 07:03:02,22.638
2435,09/03/2026 07:13:02,22.595
2436,09/03/2026 07:23:02,22.541
2437,09/03/2026 07:33:02,22.477
2438,09/03/2026 07:43:02,22.434
2439,09/03/2026 07:53:02,22.381
2440,09/03/2026 08:03:02,22.316
2441,09/03/2026 08:13:02,22.252
2442,09/03/2026 08:23:02,22.187
2443,09/03/2026 08:33:02,22.080
2444,09/03/2026 08:43:02,21.973
2445,09/03/2026 08:53:02,21.898
2446,09/03/2026 09:03:02,21.844
2447,09/03/2026 09:13:02,21.812
2448,09/03/2026 09:23:02,21.801
2449,09/03/2026 09:33:02,21.876
2450,09/03/2026 09:43:02,21.930
2451,09/03/2026 09:53:02,22.037
2452,09/03/2026 10:03:02,22.069
2453,09/03/2026 10:13:02,22.155
2454,09/03/2026 10:23:02,22.220
2455,09/03/2026 10:33:02,22.273
2456,09/03/2026 10:43:02,22.327
2457,09/03/2026 10:53:02,22.327
2458,09/03/2026 11:03:02,22.413
2459,09/03/2026 11:13:02,22.498
2460,09/03/2026 11:23:02,22.820
2461,09/03/2026 11:33:02,23.035
2462,09/03/2026 11:43:02,23.163
2463,09/03/2026 11:53:02,23.271
2464,09/03/2026 12:03:02,23.346
2465,09/03/2026 12:13:02,23.389
2466,09/03/2026 12:23:02,23.474
2467,09/03/2026 12:33:02,23.507
2468,09/03/2026 12:43:02,23.560
2469,09/03/2026 12:53:02,23.560
2470,09/03/2026 13:03:02,23.560
2471,09/03/2026 13:13:02,23.603
2472,09/03/2026 13:23:02,23.614
2473,09/03/2026 13:33:02,23.646
2474,09/03/2026 13:43:02,23.668
2475,09/03/2026 13:53:02,23.689
2476,09/03/2026 14:03:02,23.710
2477,09/03/2026 14:13:02,23.710
2478,09/03/2026 14:23:02,23.732
2479,09/03/2026 14:33:02,23.732
2480,09/03/2026 14:43:02,23.710
2481,09/03/2026 14:53:02,23.689
2482,09/03/2026 15:03:02,23.700
2483,09/03/2026 15:13:02,23.678
2484,09/03/2026 15:23:02,23.657
2485,09/03/2026 15:33:02,23.635
2486,09/03/2026 15:43:02,23.646
2487,09/03/2026 15:53:02,23.635
2488,09/03/2026 16:03:02,23.603
2489,09/03/2026 16:13:02,23.496
2490,09/03/2026 16:23:02,23.507
2491,09/03/2026 16:33:02,23.464
2492,09/03/2026 16:43:02,23.507
2493,09/03/2026 16:53:02,23.571
2494,09/03/2026 17:03:02,23.571
2495,09/03/2026 17:13:02,23.614
2496,09/03/2026 17:23:02,23.775
2497,09/03/2026 17:33:02,23.839
2498,09/03/2026 17:43:02,23.850
2499,09/03/2026 17:53:02,23.882
2500,09/03/2026 18:03:02,23.936
2501,09/03/2026 18:13:02,23.989
2502,09/03/2026 18:23:02,24.043
2503,09/03/2026 18:33:02,24.097
2504,09/03/2026 18:43:02,24.118
2505,09/03/2026 18:53:02,24.139
2506,09/03/2026 19:03:02,24.193
2507,09/03/2026 19:13:02,24.225
2508,09/03/2026 19:23:02,24.279
2509,09/03/2026 19:33:02,24.354
2510,09/03/2026 19:43:02,24.429
2511,09/03/2026 19:53:02,24.515
2512,09/03/2026 20:03:02,24.601
2513,09/03/2026 20:13:02,24.622
2514,09/03/2026 20:23:02,24.654
2515,09/03/2026 20:33:02,24.697
2516,09/03/2026 20:43:02,24.740
2517,09/03/2026 20:53:02,24.761
2518,09/03/2026 21:03:02,24.761
2519,09/03/2026 21:13:02,24.751
2520,09/03/2026 21:23:02,24.729
2521,09/03/2026 21:33:02,24.708
2522,09/03/2026 21:43:02,24.729
2523,09/03/2026 21:53:02,24.794
2524,09/03/2026 22:03:02,24.826
2525,09/03/2026 22:13:02,24.815
2526,09/03/2026 22:23:02,24.783
2527,09/03/2026 22:33:02,24.719
2528,09/03/2026 22:43:02,24.654
2529,09/03/2026 22:53:02,24.601
2530,09/03/2026 23:03:02,24.504
2531,09/03/2026 23:13:02,24.343
2532,09/03/2026 23:23:02,24.193
2533,09/03/2026 23:33:02,24.011
2534,09/03/2026 23:43:02,23.893
2535,09/03/2026 23:53:02,23.946
2536,09/04/2026 00:03:02,24.021
2537,09/04/2026 00:13:02,23.957
2538,09/04/2026 00:23:02,23.560
2539,09/04/2026 00:33:02,23.421
2540,09/04/2026 00:43:02,23.421
2541,09/04/2026 00:53:02,23.442
2542,09/04/2026 01:03:02,23.539
2543,09/04/2026 01:13:02,23.571
2544,09/04/2026 01:23:02,23.539
2545,09/04/2026 01:33:02,23.528
2546,09/04/2026 01:43:02,23.539
2547,09/04/2026 01:53:02,23.550
2548,09/04/2026 02:03:02,23.550
2549,09/04/2026 02:13:02,23.550
2550,09/04/2026 02:23:02,23.539
2551,09/04/2026 02:33:02,23.517
2552,09/04/2026 02:43:02,23.474
2553,09/04/2026 02:53:02,23.442
2554,09/04/2026 03:03:02,23.432
2555,09/04/2026 03:13:02,23.421
2556,09/04/2026 03:23:02,23.389
2557,09/04/2026 03:33:02,23.389
2558,09/04/2026 03:43:02,23.356
2559,09/04/2026 03:53:02,23.314
2560,09/04/2026 04:03:02,23.281
2561,09/04/2026 04:13:02,23.174
2562,09/04/2026 04:23:02,23.131
2563,09/04/2026 04:33:02,23.099
2564,09/04/2026 04:43:02,23.078
2565,09/04/2026 04:53:02,23.078
2566,09/04/2026 05:03:02,23.078
2567,09/04/2026 05:13:02,23.088
2568,09/04/2026 05:23:02,23.088
2569,09/04/2026 05:33:02,23.099
2570,09/04/2026 05:43:02,23.099
2571,09/04/2026 05:53:02,23.099
2572,09/04/2026 06:03:02,23.131
2573,09/04/2026 06:13:02,23.163
2574,09/04/2026 06:23:02,23.185
2575,09/04/2026 06:33:02,23.196
2576,09/04/2026 06:43:02,23.174
2577,09/04/2026 06:53:02,23.174
2578,09/04/2026 07:03:02,23.185
2579,09/04/2026 07:13:02,23.228
2580,09/04/2026 07:23:02,23.303
2581,09/04/2026 07:33:02,23.335
2582,09/04/2026 07:43:02,23.346
2583,09/04/2026 07:53:02,23.389
2584,09/04/2026 08:03:02,23.389
2585,09/04/2026 08:13:02,23.399
2586,09/04/2026 08:23:02,23.421
2587,09/04/2026 08:33:02,23.421
2588,09/04/2026 08:43:02,23.421
2589,09/04/2026 08:53:02,23.389
2590,09/04/2026 09:03:02,23.389
2591,09/04/2026 09:13:02,23.410
2592,09/04/2026 09:23:02,23.410
2593,09/04/2026 09:33:02,23.421
2594,09/04/2026 09:43:02,23.464
2595,09/04/2026 09:53:02,23.507
2596,09/04/2026 10:03:02,23.571
2597,09/04/2026 10:13:02,23.646
2598,09/04/2026 10:23:02,23.764
2599,09/04/2026 10:33:02,23.903
2600,09/04/2026 10:43:02,24.086
2601,09/04/2026 10:53:02,24.236
2602,09/04/2026 11:03:02,24.247
2603,09/04/2026 11:13:02,24.311
2604,09/04/2026 11:23:02,24.536
2605,09/04/2026 11:33:02,24.772
2606,09/04/2026 11:43:02,24.847
2607,09/04/2026 11:53:02,24.976
2608,09/04/2026 12:03:02,25.115
2609,09/04/2026 12:13:02,24.568
2610,09/04/2026 12:23:02,23.592
2611,09/04/2026 12:33:02,23.496
2612,09/04/2026 12:43:02,23.614
2613,09/04/2026 12:53:02,23.646
2614,09/04/2026 13:03:02,23.710
2615,09/04/2026 13:13:02,23.732
2616,09/04/2026 13:23:02,23.668
2617,09/04/2026 13:33:02,23.560
2618,09/04/2026 13:43:02,23.560
2619,09/04/2026 13:53:02,23.571
2620,09/04/2026 14:03:02,23.582
2621,09/04/2026 14:13:02,23.571
2622,09/04/2026 14:23:02,23.560
2623,09/04/2026 14:33:02,23.560
2624,09/04/2026 14:43:02,23.517
2625,09/04/2026 14:53:02,23.507
2626,09/04/2026 15:03:02,23.507
2627,09/04/2026 15:13:02,23.485
2628,09/04/2026 15:23:02,23.464
2629,09/04/2026 15:33:02,23.421
2630,09/04/2026 15:43:02,23.410
2631,09/04/2026 15:53:02,23.410
2632,09/04/2026 16:03:02,23.389
2633,09/04/2026 16:13:02,23.367
2634,09/04/2026 16:23:02,23.346
2635,09/04/2026 16:33:02,23.346
2636,09/04/2026 16:43:02,23.335
2637,09/04/2026 16:53:02,23.367
2638,09/04/2026 17:03:02,23.389
2639,09/04/2026 17:13:02,23.399
2640,09/04/2026 17:23:02,23.432
2641,09/04/2026 17:33:02,23.453
2642,09/04/2026 17:43:02,23.464
2643,09/04/2026 17:53:02,23.474
2644,09/04/2026 18:03:02,23.485
2645,09/04/2026 18:13:02,23.496
2646,09/04/2026 18:23:02,23.496
2647,09/04/2026 18:33:02,23.517
2648,09/04/2026 18:43:02,23.528
2649,09/04/2026 18:53:02,23.539
2650,09/04/2026 19:03:02,23.539
2651,09/04/2026 19:13:02,23.539
2652,09/04/2026 19:23:02,23.560
2653,09/04/2026 19:33:02,23.592
2654,09/04/2026 19:43:02,23.635
2655,09/04/2026 19:53:02,23.668
2656,09/04/2026 20:03:02,23.689
2657,09/04/2026 20:13:02,23.753
2658,09/04/2026 20:23:02,23.807
2659,09/04/2026 20:33:02,23.871
2660,09/04/2026 20:43:02,23.936
2661,09/04/2026 20:53:02,24.000
2662,09/04/2026 21:03:02,24.107
2663,09/04/2026 21:13:02,24.182
2664,09/04/2026 21:23:02,24.257
2665,09/04/2026 21:33:02,24.322
2666,09/04/2026 21:43:02,24.375
2667,09/04/2026 21:53:02,24.450
2668,09/04/2026 22:03:02,24.515
2669,09/04/2026 22:13:02,24.568
2670,09/04/2026 22:23:02,24.697
2671,09/04/2026 22:33:02,24.794
2672,09/04/2026 22:43:02,24.815
2673,09/04/2026 22:53:02,24.794
2674,09/04/2026 23:03:02,24.719
2675,09/04/2026 23:13:02,24.654
2676,09/04/2026 23:23:02,24.568
2677,09/04/2026 23:33:02,24.461
2678,09/04/2026 23:43:02,24.386
2679,09/04/2026 23:53:02,24.311
2680,09/05/2026 00:03:02,24.225
2681,09/05/2026 00:13:02,24.139
2682,09/05/2026 00:23:02,24.032
2683,09/05/2026 00:33:02,23.818
2684,09/05/2026 00:43:02,23.721
2685,09/05/2026 00:53:02,23.657
2686,09/05/2026 01:03:02,23.668
2687,09/05/2026 01:13:02,23.850
2688,09/05/2026 01:23:02,23.700
2689,09/05/2026 01:33:02,23.603
2690,09/05/2026 01:43:02,23.592
2691,09/05/2026 01:53:02,23.560
2692,09/05/2026 02:03:02,23.539
2693,09/05/2026 02:13:02,23.507
2694,09/05/2026 02:23:02,23.496
2695,09/05/2026 02:33:02,23.474
2696,09/05/2026 02:43:02,23.453
2697,09/05/2026 02:53:02,23.421
2698,09/05/2026 03:03:02,23.389
2699,09/05/2026 03:13:02,23.335
2700,09/05/2026 03:23:02,23.324
2701,09/05/2026 03:33:02,23.303
2702,09/05/2026 03:43:02,23.292
2703,09/05/2026 03:53:02,23.303
2704,09/05/2026 04:03:02,23.303
2705,09/05/2026 04:13:02,23.303
2706,09/05/2026 04:23:02,23.292
2707,09/05/2026 04:33:02,23.271
2708,09/05/2026 04:43:02,23.260
2709,09/05/2026 04:53:02,23.249
2710,09/05/2026 05:03:02,23.239
2711,09/05/2026 05:13:02,23.228
2712,09/05/2026 05:23:02,23.217
2713,09/05/2026 05:33:02,23.217
2714,09/05/2026 05:43:02,23.217
2715,09/05/2026 05:53:02,23.217
2716,09/05/2026 06:03:02,23.206
2717,09/05/2026 06:13:02,23.185
2718,09/05/2026 06:23:02,23.185
2719,09/05/2026 06:33:02,23.163
2720,09/05/2026 06:43:02,23.163
2721,09/05/2026 06:53:02,23.163
2722,09/05/2026 07:03:02,23.163
2723,09/05/2026 07:13:02,23.131
2724,09/05/2026 07:23:02,23.088
2725,09/05/2026 07:33:02,23.045
2726,09/05/2026 07:43:02,23.035
2727,09/05/2026 07:53:02,23.045
2728,09/05/2026 08:03:02,23.045
2729,09/05/2026 08:13:02,23.003
2730,09/05/2026 08:23:02,22.960
2731,09/05/2026 08:33:02,22.960
2732,09/05/2026 08:43:02,22.992
2733,09/05/2026 08:53:02,23.024
2734,09/05/2026 09:03:02,22.992
2735,09/05/2026 09:13:02,23.045
2736,09/05/2026 09:23:02,23.078
2737,09/05/2026 09:33:02,23.099
2738,09/05/2026 09:43:02,23.153
2739,09/05/2026 09:53:02,23.185
2740,09/05/2026 10:03:02,23.228
2741,09/05/2026 10:13:02,23.271
2742,09/05/2026 10:23:02,23.335
2743,09/05/2026 10:33:02,23.442
2744,09/05/2026 10:43:02,23.528
2745,09/05/2026 10:53:02,23.625
2746,09/05/2026 11:03:02,23.732
2747,09/05/2026 11:13:02,23.818
2748,09/05/2026 11:23:02,23.818
2749,09/05/2026 11:33:02,23.882
2750,09/05/2026 11:43:02,24.000
2751,09/05/2026 11:53:02,24.193
2752,09/05/2026 12:03:02,24.311
2753,09/05/2026 12:13:02,24.461
2754,09/05/2026 12:23:02,24.536
2755,09/05/2026 12:33:02,24.590
2756,09/05/2026 12:43:02,24.761
2757,09/05/2026 12:53:02,24.912
2758,09/05/2026 13:03:02,24.847
2759,09/05/2026 13:13:02,24.815
2760,09/05/2026 13:23:02,24.172
2761,09/05/2026 13:33:02,23.882
2762,09/05/2026 13:43:02,23.785
2763,09/05/2026 13:53:02,23.775
2764,09/05/2026 14:03:02,23.818
2765,09/05/2026 14:13:02,23.818
2766,09/05/2026 14:23:02,23.785
2767,09/05/2026 14:33:02,23.732
2768,09/05/2026 14:43:02,23.732
2769,09/05/2026 14:53:02,23.743
2770,09/05/2026 15:03:02,23.743
2771,09/05/2026 15:13:02,23.710
2772,09/05/2026 15:23:02,23.678
2773,09/05/2026 15:33:02,23.678
2774,09/05/2026 15:43:02,23.678
2775,09/05/2026 15:53:02,23.678
2776,09/05/2026 16:03:02,23.678
2777,09/05/2026 16:13:02,23.710
2778,09/05/2026 16:23:02,23.732
2779,09/05/2026 16:33:02,23.732
2780,09/05/2026 16:43:02,23.721
2781,09/05/2026 16:53:02,23.721
2782,09/05/2026 17:03:02,23.732
2783,09/05/2026 17:13:02,23.710
2784,09/05/2026 17:23:02,23.700
2785,09/05/2026 17:33:02,23.678
2786,09/05/2026 17:43:02,23.678
2787,09/05/2026 17:53:02,23.700
2788,09/05/2026 18:03:02,23.689
2789,09/05/2026 18:13:02,23.710
2790,09/05/2026 18:23:02,23.710
2791,09/05/2026 18:33:02,23.710
2792,09/05/2026 18:43:02,23.710
2793,09/05/2026 18:53:02,23.710
2794,09/05/2026 19:03:02,23.710
2795,09/05/2026 19:13:02,23.710
2796,09/05/2026 19:23:02,23.700
2797,09/05/2026 19:33:02,23.689
2798,09/05/2026 19:43:02,23.678
2799,09/05/2026 19:53:02,23.678
2800,09/05/2026 20:03:02,23.678
2801,09/05/2026 20:13:02,23.678
2802,09/05/2026 20:23:02,23.678
2803,09/05/2026 20:33:02,23.678
2804,09/05/2026 20:43:02,23.689
2805,09/05/2026 20:53:02,23.700
2806,09/05/2026 21:03:02,23.710
2807,09/05/2026 21:13:02,23.710
2808,09/05/2026 21:23:02,23.710
2809,09/05/2026 21:33:02,23.710
2810,09/05/2026 21:43:02,23.710
2811,09/05/2026 21:53:02,23.721
2812,09/05/2026 22:03:02,23.732
2813,09/05/2026 22:13:02,23.732
2814,09/05/2026 22:23:02,23.732
2815,09/05/2026 22:33:02,23.743
2816,09/05/2026 22:43:02,23.743
2817,09/05/2026 22:53:02,23.732
2818,09/05/2026 23:03:02,23.732
2819,09/05/2026 23:13:02,23.743
2820,09/05/2026 23:23:02,23.732
2821,09/05/2026 23:33:02,23.732
2822,09/05/2026 23:43:02,23.732
2823,09/05/2026 23:53:02,23.710
2824,09/06/2026 00:03:02,23.710
2825,09/06/2026 00:13:02,23.689
2826,09/06/2026 00:23:02,23.635
2827,09/06/2026 00:33:02,23.571
2828,09/06/2026 00:43:02,23.507
2829,09/06/2026 00:53:02,23.399
2830,09/06/2026 01:03:02,23.303
2831,09/06/2026 01:13:02,23.217
2832,09/06/2026 01:23:02,23.121
2833,09/06/2026 01:33:02,23.024
2834,09/06/2026 01:43:02,22.885
2835,09/06/2026 01:53:02,22.756
2836,09/06/2026 02:03:02,22.734
2837,09/06/2026 02:13:02,22.713
2838,09/06/2026 02:23:02,22.917
2839,09/06/2026 02:33:02,23.142
2840,09/06/2026 02:43:02,23.517
2841,09/06/2026 02:53:02,23.474
2842,09/06/2026 03:03:02,23.335
2843,09/06/2026 03:13:02,23.217
2844,09/06/2026 03:23:02,23.131
2845,09/06/2026 03:33:02,23.088
2846,09/06/2026 03:43:02,23.142
2847,09/06/2026 03:53:02,23.174
2848,09/06/2026 04:03:02,23.174
2849,09/06/2026 04:13:02,23.185
2850,09/06/2026 04:23:02,23.174
2851,09/06/2026 04:33:02,23.185
2852,09/06/2026 04:43:02,23.185
2853,09/06/2026 04:53:02,23.185
2854,09/06/2026 05:03:02,23.185
2855,09/06/2026 05:13:02,23.185
2856,09/06/2026 05:23:02,23.185
2857,09/06/2026 05:33:02,23.174
2858,09/06/2026 05:43:02,23.174
2859,09/06/2026 05:53:02,23.174
2860,09/06/2026 06:03:02,23.163
2861,09/06/2026 06:13:02,23.153
2862,09/06/2026 06:23:02,23.153
2863,09/06/2026 06:33:02,23.131
2864,09/06/2026 06:43:02,23.131
2865,09/06/2026 06:53:02,23.131
2866,09/06/2026 07:03:02,23.131
2867,09/06/2026 07:13:02,23.131
2868,09/06/2026 07:23:02,23.088
2869,09/06/2026 07:33:02,23.121
2870,09/06/2026 07:43:02,23.131
2871,09/06/2026 07:53:02,23.121
2872,09/06/2026 08:03:02,23.099
2873,09/06/2026 08:13:02,23.078
2874,09/06/2026 08:23:02,23.078
2875,09/06/2026 08:33:02,23.078
2876,09/06/2026 08:43:02,23.078
2877,09/06/2026 08:53:02,23.078
2878,09/06/2026 09:03:02,23.056
2879,09/06/2026 09:13:02,23.045
2880,09/06/2026 09:23:02,23.045
2881,09/06/2026 09:33:02,23.024
2882,09/06/2026 09:43:02,22.992
2883,09/06/2026 09:53:02,22.981
2884,09/06/2026 10:03:02,22.992
2885,09/06/2026 10:13:02,22.981
2886,09/06/2026 10:23:02,22.960
2887,09/06/2026 10:33:02,22.960
2888,09/06/2026 10:43:02,22.960
2889,09/06/2026 10:53:02,22.960
2890,09/06/2026 11:03:02,23.024
2891,09/06/2026 11:13:02,23.024
2892,09/06/2026 11:23:02,23.035
2893,09/06/2026 11:33:02,23.024
2894,09/06/2026 11:43:02,23.035
2895,09/06/2026 11:53:02,23.045
2896,09/06/2026 12:03:02,23.056
2897,09/06/2026 12:13:02,23.013
2898,09/06/2026 12:23:02,22.981
2899,09/06/2026 12:33:02,22.992
2900,09/06/2026 12:43:02,23.013
2901,09/06/2026 12:53:02,23.035
2902,09/06/2026 13:03:02,23.121
2903,09/06/2026 13:13:02,23.185
2904,09/06/2026 13:23:02,23.356
2905,09/06/2026 13:33:02,23.399
2906,09/06/2026 13:43:02,23.507
2907,09/06/2026 13:53:02,23.560
2908,09/06/2026 14:03:02,23.625
2909,09/06/2026 14:13:02,23.646
2910,09/06/2026 14:23:02,23.732
2911,09/06/2026 14:33:02,23.657
2912,09/06/2026 14:43:02,23.582
2913,09/06/2026 14:53:02,23.592
2914,09/06/2026 15:03:02,23.668
2915,09/06/2026 15:13:02,23.689
2916,09/06/2026 15:23:02,23.721
2917,09/06/2026 15:33:02,23.721
2918,09/06/2026 15:43:02,23.689
2919,09/06/2026 15:53:02,23.646
2920,09/06/2026 16:03:02,23.625
2921,09/06/2026 16:13:02,23.625
2922,09/06/2026 16:23:02,23.614
2923,09/06/2026 16:33:02,23.625
2924,09/06/2026 16:43:02,23.592
2925,09/06/2026 16:53:02,23.560
2926,09/06/2026 17:03:02,23.539
2927,09/06/2026 17:13:02,23.507
2928,09/06/2026 17:23:02,23.507
2929,09/06/2026 17:33:02,23.474
2930,09/06/2026 17:43:02,23.474
2931,09/06/2026 17:53:02,23.442
2932,09/06/2026 18:03:02,23.442
2933,09/06/2026 18:13:02,23.421
2934,09/06/2026 18:23:02,23.410
2935,09/06/2026 18:33:02,23.389
2936,09/06/2026 18:43:02,23.389
2937,09/06/2026 18:53:02,23.389
2938,09/06/2026 19:03:02,23.389
2939,09/06/2026 19:13:02,23.389
2940,09/06/2026 19:23:02,23.389
2941,09/06/2026 19:33:02,23.378
2942,09/06/2026 19:43:02,23.367
2943,09/06/2026 19:53:02,23.356
2944,09/06/2026 20:03:02,23.367
2945,09/06/2026 20:13:02,23.356
2946,09/06/2026 20:23:02,23.356
2947,09/06/2026 20:33:02,23.324
2948,09/06/2026 20:43:02,23.303
2949,09/06/2026 20:53:02,23.314
2950,09/06/2026 21:03:02,23.314
2951,09/06/2026 21:13:02,23.303
2952,09/06/2026 21:23:02,23.292
2953,09/06/2026 21:33:02,23.281
2954,09/06/2026 21:43:02,23.281
2955,09/06/2026 21:53:02,23.292
2956,09/06/2026 22:03:02,23.281
2957,09/06/2026 22:13:02,23.314
2958,09/06/2026 22:23:02,23.303
2959,09/06/2026 22:33:02,23.303
2960,09/06/2026 22:43:02,23.281
2961,09/06/2026 22:53:02,23.281
2962,09/06/2026 23:03:02,23.271
2963,09/06/2026 23:13:02,23.271
2964,09/06/2026 23:23:02,23.260
2965,09/06/2026 23:33:02,23.239
2966,09/06/2026 23:43:02,23.196
2967,09/06/2026 23:53:02,23.163
2968,09/07/2026 00:03:02,23.142
2969,09/07/2026 00:13:02,23.110
2970,09/07/2026 00:23:02,23.067
2971,09/07/2026 00:33:02,22.992
2972,09/07/2026 00:43:02,22.927
2973,09/07/2026 00:53:02,22.820
2974,09/07/2026 01:03:02,22.670
2975,09/07/2026 01:13:02,22.552
2976,09/07/2026 01:23:02,22.391
2977,09/07/2026 01:33:02,22.209
2978,09/07/2026 01:43:02,22.048
2979,09/07/2026 01:53:02,21.973
2980,09/07/2026 02:03:02,21.898
2981,09/07/2026 02:13:02,21.748
2982,09/07/2026 02:23:02,21.383
2983,09/07/2026 02:33:02,21.340
2984,09/07/2026 02:43:02,21.169
2985,09/07/2026 02:53:02,21.072
2986,09/07/2026 03:03:02,20.976
2987,09/07/2026 03:13:02,20.890
2988,09/07/2026 03:23:02,20.943
2989,09/07/2026 03:33:02,20.986
2990,09/07/2026 03:43:02,21.758
2991,09/07/2026 03:53:02,22.863
2992,09/07/2026 04:03:02,23.045
2993,09/07/2026 04:13:02,23.045
2994,09/07/2026 04:23:02,23.067
2995,09/07/2026 04:33:02,23.078
2996,09/07/2026 04:43:02,23.088
2997,09/07/2026 04:53:02,23.088
2998,09/07/2026 05:03:02,23.078
2999,09/07/2026 05:13:02,23.067
3000,09/07/2026 05:23:02,23.056
3001,09/07/2026 05:33:02,23.045
3002,09/07/2026 05:43:02,23.045
3003,09/07/2026 05:53:02,23.045
3004,09/07/2026 06:03:02,23.024
3005,09/07/2026 06:13:02,23.003
3006,09/07/2026 06:23:02,22.992
3007,09/07/2026 06:33:02,22.960
3008,09/07/2026 06:43:02,22.938
3009,09/07/2026 06:53:02,22.906
3010,09/07/2026 07:03:02,22.874
3011,09/07/2026 07:13:02,22.842
3012,09/07/2026 07:23:02,22.820
3013,09/07/2026 07:33:02,22.788
3014,09/07/2026 07:43:02,22.756
3015,09/07/2026 07:53:02,22.724
3016,09/07/2026 08:03:02,22.724
3017,09/07/2026 08:13:02,22.702
3018,09/07/2026 08:23:02,22.702
3019,09/07/2026 08:33:02,22.702
3020,09/07/2026 08:43:02,22.702
3021,09/07/2026 08:53:02,22.724
3022,09/07/2026 09:03:02,22.745
3023,09/07/2026 09:13:02,22.756
3024,09/07/2026 09:23:02,22.777
3025,09/07/2026 09:33:02,22.810
3026,09/07/2026 09:43:02,22.820
3027,09/07/2026 09:53:02,22.810
3028,09/07/2026 10:03:02,22.842
3029,09/07/2026 10:13:02,22.885
3030,09/07/2026 10:23:02,22.842
3031,09/07/2026 10:33:02,22.799
3032,09/07/2026 10:43:02,22.852
3033,09/07/2026 10:53:02,22.895
3034,09/07/2026 11:03:02,22.874
3035,09/07/2026 11:13:02,22.895
3036,09/07/2026 11:23:02,22.938
3037,09/07/2026 11:33:02,22.992
3038,09/07/2026 11:43:02,23.024
3039,09/07/2026 11:53:02,23.078
3040,09/07/2026 12:03:02,23.131
3041,09/07/2026 12:13:02,23.174
3042,09/07/2026 12:23:02,23.228
3043,09/07/2026 12:33:02,23.292
3044,09/07/2026 12:43:02,23.378
3045,09/07/2026 12:53:02,23.442
3046,09/07/2026 13:03:02,23.507
3047,09/07/2026 13:13:02,23.539
3048,09/07/2026 13:23:02,23.657
3049,09/07/2026 13:33:02,23.839
3050,09/07/2026 13:43:02,24.000
3051,09/07/2026 13:53:02,24.172
3052,09/07/2026 14:03:02,24.343
3053,09/07/2026 14:13:02,24.515
3054,09/07/2026 14:23:02,24.686
3055,09/07/2026 14:33:02,24.976
3056,09/07/2026 14:43:02,25.169
3057,09/07/2026 14:53:02,25.019
3058,09/07/2026 15:03:02,25.105
3059,09/07/2026 15:13:02,25.255
3060,09/07/2026 15:23:02,25.255
3061,09/07/2026 15:33:02,25.341
3062,09/07/2026 15:43:02,25.266
3063,09/07/2026 15:53:02,24.622
3064,09/07/2026 16:03:02,23.968
3065,09/07/2026 16:13:02,23.732
3066,09/07/2026 16:23:02,23.614
3067,09/07/2026 16:33:02,23.550
3068,09/07/2026 16:43:02,23.528
3069,09/07/2026 16:53:02,23.474
3070,09/07/2026 17:03:02,23.442
3071,09/07/2026 17:13:02,23.421
3072,09/07/2026 17:23:02,23.378
3073,09/07/2026 17:33:02,23.356
3074,09/07/2026 17:43:02,23.303
3075,09/07/2026 17:53:02,23.271
3076,09/07/2026 18:03:02,23.249
3077,09/07/2026 18:13:02,23.206
3078,09/07/2026 18:23:02,23.185
3079,09/07/2026 18:33:02,23.142
3080,09/07/2026 18:43:02,23.121
3081,09/07/2026 18:53:02,23.078
3082,09/07/2026 19:03:02,23.067
3083,09/07/2026 19:13:02,23.045
3084,09/07/2026 19:23:02,23.045
3085,09/07/2026 19:33:02,23.013
3086,09/07/2026 19:43:02,23.045
3087,09/07/2026 19:53:02,23.035
3088,09/07/2026 20:03:02,23.024
3089,09/07/2026 20:13:02,23.013
3090,09/07/2026 20:23:02,23.013
3091,09/07/2026 20:33:02,23.013
3092,09/07/2026 20:43:02,23.013
3093,09/07/2026 20:53:02,23.003
3094,09/07/2026 21:03:02,22.992
3095,09/07/2026 21:13:02,22.992
3096,09/07/2026 21:23:02,22.970
3097,09/07/2026 21:33:02,22.970
3098,09/07/2026 21:43:02,22.960
3099,09/07/2026 21:53:02,22.949
3100,09/07/2026 22:03:02,22.938
3101,09/07/2026 22:13:02,22.927
3102,09/07/2026 22:23:02,22.917
3103,09/07/2026 22:33:02,22.906
3104,09/07/2026 22:43:02,22.906
3105,09/07/2026 22:53:02,22.927
3106,09/07/2026 23:03:02,22.906
3107,09/07/2026 23:13:02,22.917
3108,09/07/2026 23:23:02,22.927
3109,09/07/2026 23:33:02,22.906
3110,09/07/2026 23:43:02,22.874
3111,09/07/2026 23:53:02,22.852
3112,09/08/2026 00:03:02,22.831
3113,09/08/2026 00:13:02,22.820
3114,09/08/2026 00:23:02,22.788
3115,09/08/2026 00:33:02,22.777
3116,09/08/2026 00:43:02,22.756
3117,09/08/2026 00:53:02,22.724
3118,09/08/2026 01:03:02,22.702
3119,09/08/2026 01:13:02,22.670
3120,09/08/2026 01:23:02,22.638
3121,09/08/2026 01:33:02,22.584
3122,09/08/2026 01:43:02,22.531
3123,09/08/2026 01:53:02,22.466
3124,09/08/2026 02:03:02,22.391
3125,09/08/2026 02:13:02,22.305
3126,09/08/2026 02:23:02,22.166
3127,09/08/2026 02:33:02,22.080
3128,09/08/2026 02:43:02,21.984
3129,09/08/2026 02:53:02,21.758
3130,09/08/2026 03:03:02,21.480
3131,09/08/2026 03:13:02,20.193
3132,09/08/2026 03:23:02,18.970
3133,09/08/2026 03:33:02,17.812
3134,09/08/2026 03:43:02,16.610
3135,09/08/2026 03:53:02,16.256
3136,09/08/2026 04:03:02,17.275
3137,09/08/2026 04:13:02,20.278
3138,09/08/2026 04:23:02,20.622
3139,09/08/2026 04:33:02,20.740
3140,09/08/2026 04:43:02,20.943
3141,09/08/2026 04:53:02,21.758
3142,09/08/2026 05:03:02,22.552
3143,09/08/2026 05:13:02,22.638
3144,09/08/2026 05:23:02,22.638
3145,09/08/2026 05:33:02,22.616
3146,09/08/2026 05:43:02,22.584
3147,09/08/2026 05:53:02,22.574
3148,09/08/2026 06:03:02,22.541
3149,09/08/2026 06:13:02,22.531
3150,09/08/2026 06:23:02,22.584
3151,09/08/2026 06:33:02,22.552
3152,09/08/2026 06:43:02,22.552
3153,09/08/2026 06:53:02,22.574
3154,09/08/2026 07:03:02,22.563
3155,09/08/2026 07:13:02,22.541
3156,09/08/2026 07:23:02,22.552
3157,09/08/2026 07:33:02,22.552
3158,09/08/2026 07:43:02,22.541
3159,09/08/2026 07:53:02,22.531
3160,09/08/2026 08:03:02,22.541
3161,09/08/2026 08:13:02,22.563
3162,09/08/2026 08:23:02,22.552
3163,09/08/2026 08:33:02,22.552
3164,09/08/2026 08:43:02,22.552
3165,09/08/2026 08:53:02,22.563
3166,09/08/2026 09:03:02,22.563
3167,09/08/2026 09:13:02,22.574
3168,09/08/2026 09:23:02,22.574
3169,09/08/2026 09:33:02,22.584
3170,09/08/2026 09:43:02,22.595
3171,09/08/2026 09:53:02,22.616
3172,09/08/2026 10:03:02,22.670
3173,09/08/2026 10:13:02,22.702
3174,09/08/2026 10:23:02,22.745
3175,09/08/2026 10:33:02,22.788
3176,09/08/2026 10:43:02,22.842
3177,09/08/2026 10:53:02,22.885
3178,09/08/2026 11:03:02,22.906
3179,09/08/2026 11:13:02,22.938
3180,09/08/2026 11:23:02,22.970
3181,09/08/2026 11:33:02,23.013
3182,09/08/2026 11:43:02,23.045
3183,09/08/2026 11:53:02,23.099
3184,09/08/2026 12:03:02,23.163
3185,09/08/2026 12:13:02,23.239
3186,09/08/2026 12:23:02,23.303
3187,09/08/2026 12:33:02,23.378
3188,09/08/2026 12:43:02,23.453
3189,09/08/2026 12:53:02,23.528
3190,09/08/2026 13:03:02,23.614
3191,09/08/2026 13:13:02,23.732
3192,09/08/2026 13:23:02,23.871
3193,09/08/2026 13:33:02,24.011
3194,09/08/2026 13:43:02,24.150
3195,09/08/2026 13:53:02,24.247
3196,09/08/2026 14:03:02,24.343
3197,09/08/2026 14:13:02,24.483
3198,09/08/2026 14:23:02,24.654
3199,09/08/2026 14:33:02,24.804
3200,09/08/2026 14:43:02,24.944
3201,09/08/2026 14:53:02,25.008
3202,09/08/2026 15:03:02,25.073
3203,09/08/2026 15:13:02,25.201
3204,09/08/2026 15:23:02,25.373
3205,09/08/2026 15:33:02,25.480
3206,09/08/2026 15:43:02,25.437
3207,09/08/2026 15:53:02,25.319
3208,09/08/2026 16:03:02,25.276
3209,09/08/2026 16:13:02,25.233
3210,09/08/2026 16:23:02,25.169
3211,09/08/2026 16:33:02,25.169
3212,09/08/2026 16:43:02,25.212
3213,09/08/2026 16:53:02,25.158
3214,09/08/2026 17:03:02,24.515
3215,09/08/2026 17:13:02,23.753
3216,09/08/2026 17:23:02,23.539
3217,09/08/2026 17:33:02,23.732
3218,09/08/2026 17:43:02,23.968
3219,09/08/2026 17:53:02,24.118
3220,09/08/2026 18:03:02,24.107
3221,09/08/2026 18:13:02,24.097
3222,09/08/2026 18:23:02,24.054
3223,09/08/2026 18:33:02,24.021
3224,09/08/2026 18:43:02,24.011
3225,09/08/2026 18:53:02,24.000
3226,09/08/2026 19:03:02,23.968
3227,09/08/2026 19:13:02,23.925
3228,09/08/2026 19:23:02,23.882
3229,09/08/2026 19:33:02,23.839
3230,09/08/2026 19:43:02,23.818
3231,09/08/2026 19:53:02,23.796
3232,09/08/2026 20:03:02,23.796
3233,09/08/2026 20:13:02,23.775
3234,09/08/2026 20:23:02,23.764
3235,09/08/2026 20:33:02,23.764
3236,09/08/2026 20:43:02,23.743
3237,09/08/2026 20:53:02,23.732
3238,09/08/2026 21:03:02,23.710
3239,09/08/2026 21:13:02,23.689
3240,09/08/2026 21:23:02,23.668
3241,09/08/2026 21:33:02,23.646
3242,09/08/2026 21:43:02,23.646
3243,09/08/2026 21:53:02,23.646
3244,09/08/2026 22:03:02,23.625
3245,09/08/2026 22:13:02,23.635
3246,09/08/2026 22:23:02,23.635
3247,09/08/2026 22:33:02,23.625
3248,09/08/2026 22:43:02,23.603
3249,09/08/2026 22:53:02,23.603
3250,09/08/2026 23:03:02,23.614
3251,09/08/2026 23:13:02,23.614
3252,09/08/2026 23:23:02,23.603
3253,09/08/2026 23:33:02,23.603
3254,09/08/2026 23:43:02,23.592
3255,09/08/2026 23:53:02,23.592
3256,09/09/2026 00:03:02,23.592
3257,09/09/2026 00:13:02,23.592
3258,09/09/2026 00:23:02,23.592
3259,09/09/2026 00:33:02,23.571
3260,09/09/2026 00:43:02,23.539
3261,09/09/2026 00:53:02,23.517
3262,09/09/2026 01:03:02,23.496
3263,09/09/2026 01:13:02,23.453
3264,09/09/2026 01:23:02,23.421
3265,09/09/2026 01:33:02,23.399
3266,09/09/2026 01:43:02,23.378
3267,09/09/2026 01:53:02,23.356
3268,09/09/2026 02:03:02,23.324
3269,09/09/2026 02:13:02,23.281
3270,09/09/2026 02:23:02,23.228
3271,09/09/2026 02:33:02,23.163
3272,09/09/2026 02:43:02,23.067
3273,09/09/2026 02:53:02,22.992
3274,09/09/2026 03:03:02,22.885
3275,09/09/2026 03:13:02,22.820
3276,09/09/2026 03:23:02,22.681
3277,09/09/2026 03:33:02,22.584
3278,09/09/2026 03:43:02,22.359
3279,09/09/2026 03:53:02,21.748
3280,09/09/2026 04:03:02,20.450
3281,09/09/2026 04:13:02,19.281
3282,09/09/2026 04:23:02,18.584
3283,09/09/2026 04:33:02,18.241
3284,09/09/2026 04:43:02,17.994
3285,09/09/2026 04:53:02,17.833
3286,09/09/2026 05:03:02,18.991
3287,09/09/2026 05:13:02,20.547
3288,09/09/2026 05:23:02,21.158
3289,09/09/2026 05:33:02,21.265
3290,09/09/2026 05:43:02,21.716
3291,09/09/2026 05:53:02,22.724
3292,09/09/2026 06:03:02,23.024
3293,09/09/2026 06:13:02,23.035
3294,09/09/2026 06:23:02,23.078
3295,09/09/2026 06:33:02,23.078
3296,09/09/2026 06:43:02,23.078
3297,09/09/2026 06:53:02,23.131
3298,09/09/2026 07:03:02,23.142
3299,09/09/2026 07:13:02,23.153
3300,09/09/2026 07:23:02,23.131
3301,09/09/2026 07:33:02,23.131
3302,09/09/2026 07:43:02,23.131
3303,09/09/2026 07:53:02,23.131
3304,09/09/2026 08:03:02,23.110
3305,09/09/2026 08:13:02,23.078
3306,09/09/2026 08:23:02,23.078
3307,09/09/2026 08:33:02,23.067
3308,09/09/2026 08:43:02,23.056
3309,09/09/2026 08:53:02,23.056
3310,09/09/2026 09:03:02,23.045
3311,09/09/2026 09:13:02,23.035
3312,09/09/2026 09:23:02,23.035
3313,09/09/2026 09:33:02,23.035
3314,09/09/2026 09:43:02,23.045
3315,09/09/2026 09:53:02,23.078
3316,09/09/2026 10:03:02,23.078
3317,09/09/2026 10:13:02,23.078
3318,09/09/2026 10:23:02,23.099
3319,09/09/2026 10:33:02,23.110
3320,09/09/2026 10:43:02,23.110
3321,09/09/2026 10:53:02,23.142
3322,09/09/2026 11:03:02,23.142
3323,09/09/2026 11:13:02,23.153
3324,09/09/2026 11:23:02,23.185
3325,09/09/2026 11:33:02,23.249
3326,09/09/2026 11:43:02,23.271
3327,09/09/2026 11:53:02,23.324
3328,09/09/2026 12:03:02,23.378
3329,09/09/2026 12:13:02,23.410
3330,09/09/2026 12:23:02,23.474
3331,09/09/2026 12:33:02,23.539
3332,09/09/2026 12:43:02,23.625
3333,09/09/2026 12:53:02,23.678
3334,09/09/2026 13:03:02,23.721
3335,09/09/2026 13:13:02,23.796
3336,09/09/2026 13:23:02,23.893
3337,09/09/2026 13:33:02,23.946
3338,09/09/2026 13:43:02,24.011
3339,09/09/2026 13:53:02,24.107
3340,09/09/2026 14:03:02,24.204
3341,09/09/2026 14:13:02,24.322
3342,09/09/2026 14:23:02,24.418
3343,09/09/2026 14:33:02,24.536
3344,09/09/2026 14:43:02,24.644
3345,09/09/2026 14:53:02,24.761
3346,09/09/2026 15:03:02,24.858
3347,09/09/2026 15:13:02,24.944
3348,09/09/2026 15:23:02,25.030
3349,09/09/2026 15:33:02,25.062
3350,09/09/2026 15:43:02,25.105
3351,09/09/2026 15:53:02,25.137
3352,09/09/2026 16:03:02,25.126
3353,09/09/2026 16:13:02,25.083
3354,09/09/2026 16:23:02,24.976
3355,09/09/2026 16:33:02,24.783
3356,09/09/2026 16:43:02,24.526
3357,09/09/2026 16:53:02,24.257
3358,09/09/2026 17:03:02,24.086
3359,09/09/2026 17:13:02,24.000
3360,09/09/2026 17:23:02,24.000
3361,09/09/2026 17:33:02,23.968
3362,09/09/2026 17:43:02,23.914
3363,09/09/2026 17:53:02,24.139
3364,09/09/2026 18:03:02,24.054
3365,09/09/2026 18:13:02,23.925
3366,09/09/2026 18:23:02,24.011
3367,09/09/2026 18:33:02,24.172
3368,09/09/2026 18:43:02,24.161
3369,09/09/2026 18:53:02,24.107
3370,09/09/2026 19:03:02,24.021
3371,09/09/2026 19:13:02,23.957
3372,09/09/2026 19:23:02,23.893
3373,09/09/2026 19:33:02,23.818
3374,09/09/2026 19:43:02,23.753
3375,09/09/2026 19:53:02,23.689
3376,09/09/2026 20:03:02,23.635
3377,09/09/2026 20:13:02,23.592
3378,09/09/2026 20:23:02,23.560
3379,09/09/2026 20:33:02,23.550
3380,09/09/2026 20:43:02,23.517
3381,09/09/2026 20:53:02,23.485
3382,09/09/2026 21:03:02,23.464
3383,09/09/2026 21:13:02,23.442
3384,09/09/2026 21:23:02,23.421
3385,09/09/2026 21:33:02,23.389
3386,09/09/2026 21:43:02,23.346
3387,09/09/2026 21:53:02,23.324
3388,09/09/2026 22:03:02,23.314
3389,09/09/2026 22:13:02,23.314
3390,09/09/2026 22:23:02,23.303
3391,09/09/2026 22:33:02,23.303
3392,09/09/2026 22:43:02,23.303
3393,09/09/2026 22:53:02,23.292
3394,09/09/2026 23:03:02,23.281
3395,09/09/2026 23:13:02,23.281
3396,09/09/2026 23:23:02,23.303
3397,09/09/2026 23:33:02,23.292
3398,09/09/2026 23:43:02,23.271
3399,09/09/2026 23:53:02,23.271
3400,09/10/2026 00:03:02,23.271
3401,09/10/2026 00:13:02,23.249
3402,09/10/2026 00:23:02,23.249
3403,09/10/2026 00:33:02,23.260
3404,09/10/2026 00:43:02,23.271
3405,09/10/2026 00:53:02,23.271
3406,09/10/2026 01:03:02,23.281
3407,09/10/2026 01:13:02,23.271
3408,09/10/2026 01:23:02,23.281
3409,09/10/2026 01:33:02,23.281
3410,09/10/2026 01:43:02,23.271
3411,09/10/2026 01:53:02,23.249
3412,09/10/2026 02:03:02,23.228
3413,09/10/2026 02:13:02,23.217
3414,09/10/2026 02:23:02,23.196
3415,09/10/2026 02:33:02,23.174
3416,09/10/2026 02:43:02,23.153
3417,09/10/2026 02:53:02,23.121
3418,09/10/2026 03:03:02,23.078
3419,09/10/2026 03:13:02,23.035
3420,09/10/2026 03:23:02,22.981
3421,09/10/2026 03:33:02,22.874
3422,09/10/2026 03:43:02,22.788
3423,09/10/2026 03:53:02,22.724
3424,09/10/2026 04:03:02,22.627
3425,09/10/2026 04:13:02,22.531
3426,09/10/2026 04:23:02,22.445
3427,09/10/2026 04:33:02,22.187
3428,09/10/2026 04:43:02,21.555
3429,09/10/2026 04:53:02,21.233
3430,09/10/2026 05:03:02,20.997
3431,09/10/2026 05:13:02,20.943
3432,09/10/2026 05:23:02,20.900
3433,09/10/2026 05:33:02,20.890
3434,09/10/2026 05:43:02,20.879
3435,09/10/2026 05:53:02,20.825
3436,09/10/2026 06:03:02,20.815
3437,09/10/2026 06:13:02,21.297
3438,09/10/2026 06:23:02,21.705
3439,09/10/2026 06:33:02,21.866
3440,09/10/2026 06:43:02,22.702
3441,09/10/2026 06:53:02,22.906
3442,09/10/2026 07:03:02,22.906
3443,09/10/2026 07:13:02,22.874
3444,09/10/2026 07:23:02,22.831
3445,09/10/2026 07:33:02,22.788
3446,09/10/2026 07:43:02,22.756
3447,09/10/2026 07:53:02,22.767
3448,09/10/2026 08:03:02,22.788
3449,09/10/2026 08:13:02,22.788
3450,09/10/2026 08:23:02,22.788
3451,09/10/2026 08:33:02,22.820
3452,09/10/2026 08:43:02,22.831
3453,09/10/2026 08:53:02,22.852
3454,09/10/2026 09:03:02,22.874
3455,09/10/2026 09:13:02,22.874
3456,09/10/2026 09:23:02,22.906
3457,09/10/2026 09:33:02,22.917
3458,09/10/2026 09:43:02,22.938
3459,09/10/2026 09:53:02,22.960
3460,09/10/2026 10:03:02,22.981
3461,09/10/2026 10:13:02,23.003
3462,09/10/2026 10:23:02,23.024
3463,09/10/2026 10:33:02,23.045
3464,09/10/2026 10:43:02,23.067
3465,09/10/2026 10:53:02,23.099
3466,09/10/2026 11:03:02,23.121
3467,09/10/2026 11:13:02,23.142
3468,09/10/2026 11:23:02,23.206
3469,09/10/2026 11:33:02,23.249
3470,09/10/2026 11:43:02,23.271
3471,09/10/2026 11:53:02,23.271
3472,09/10/2026 12:03:02,23.324
3473,09/10/2026 12:13:02,23.378
3474,09/10/2026 12:23:02,23.453
3475,09/10/2026 12:33:02,23.464
3476,09/10/2026 12:43:02,23.507
3477,09/10/2026 12:53:02,23.539
3478,09/10/2026 13:03:02,23.571
3479,09/10/2026 13:13:02,23.657
3480,09/10/2026 13:23:02,23.743
3481,09/10/2026 13:33:02,23.796
3482,09/10/2026 13:43:02,23.882
3483,09/10/2026 13:53:02,23.957
3484,09/10/2026 14:03:02,24.064
3485,09/10/2026 14:13:02,24.172
3486,09/10/2026 14:23:02,24.268
3487,09/10/2026 14:33:02,24.365
3488,09/10/2026 14:43:02,24.472
3489,09/10/2026 14:53:02,24.547
3490,09/10/2026 15:03:02,24.654
3491,09/10/2026 15:13:02,24.804
3492,09/10/2026 15:23:02,24.922
3493,09/10/2026 15:33:02,25.062
3494,09/10/2026 15:43:02,25.233
3495,09/10/2026 15:53:02,25.437
3496,09/10/2026 16:03:02,25.523
3497,09/10/2026 16:13:02,25.598
3498,09/10/2026 16:23:02,25.716
3499,09/10/2026 16:33:02,25.791
3500,09/10/2026 16:43:02,25.834
3501,09/10/2026 16:53:02,24.922
3502,09/10/2026 17:03:02,24.515
3503,09/10/2026 17:13:02,24.590
3504,09/10/2026 17:23:02,24.440
3505,09/10/2026 17:33:02,24.172
3506,09/10/2026 17:43:02,24.139
3507,09/10/2026 17:53:02,23.936
3508,09/10/2026 18:03:02,23.871
3509,09/10/2026 18:13:02,23.710
3510,09/10/2026 18:23:02,23.946
3511,09/10/2026 18:33:02,25.040
3512,09/10/2026 18:43:02,25.255
3513,09/10/2026 18:53:02,24.729
3514,09/10/2026 19:03:02,24.450
3515,09/10/2026 19:13:02,23.882
3516,09/10/2026 19:23:02,23.850
3517,09/10/2026 19:33:02,23.861
3518,09/10/2026 19:43:02,23.828
3519,09/10/2026 19:53:02,23.753
3520,09/10/2026 20:03:02,23.700
3521,09/10/2026 20:13:02,23.657
3522,09/10/2026 20:23:02,23.635
3523,09/10/2026 20:33:02,23.625
3524,09/10/2026 20:43:02,23.592
3525,09/10/2026 20:53:02,23.550
3526,09/10/2026 21:03:02,23.474
3527,09/10/2026 21:13:02,23.410
3528,09/10/2026 21:23:02,23.389
3529,09/10/2026 21:33:02,23.367
3530,09/10/2026 21:43:02,23.356
3531,09/10/2026 21:53:02,23.346
3532,09/10/2026 22:03:02,23.324
3533,09/10/2026 22:13:02,23.303
3534,09/10/2026 22:23:02,23.303
3535,09/10/2026 22:33:02,23.271
3536,09/10/2026 22:43:02,23.271
3537,09/10/2026 22:53:02,23.271
3538,09/10/2026 23:03:02,23.249
3539,09/10/2026 23:13:02,23.249
3540,09/10/2026 23:23:02,23.239
3541,09/10/2026 23:33:02,23.228
3542,09/10/2026 23:43:02,23.217
3543,09/10/2026 23:53:02,23.217
3544,09/11/2026 00:03:02,23.228
3545,09/11/2026 00:13:02,23.228
3546,09/11/2026 00:23:02,23.217
3547,09/11/2026 00:33:02,23.217
3548,09/11/2026 00:43:02,23.217
3549,09/11/2026 00:53:02,23.206
3550,09/11/2026 01:03:02,23.196
3551,09/11/2026 01:13:02,23.185
3552,09/11/2026 01:23:02,23.185
3553,09/11/2026 01:33:02,23.174
3554,09/11/2026 01:43:02,23.163
3555,09/11/2026 01:53:02,23.163
3556,09/11/2026 02:03:02,23.163
3557,09/11/2026 02:13:02,23.142
3558,09/11/2026 02:23:02,23.131
3559,09/11/2026 02:33:02,23.121
3560,09/11/2026 02:43:02,23.099
3561,09/11/2026 02:53:02,23.078
3562,09/11/2026 03:03:02,23.067
3563,09/11/2026 03:13:02,23.045
3564,09/11/2026 03:23:02,23.035
3565,09/11/2026 03:33:02,23.024
3566,09/11/2026 03:43:02,22.992
3567,09/11/2026 03:53:02,22.960
3568,09/11/2026 04:03:02,22.917
3569,09/11/2026 04:13:02,22.842
3570,09/11/2026 04:23:02,22.788
3571,09/11/2026 04:33:02,22.681
3572,09/11/2026 04:43:02,22.595
3573,09/11/2026 04:53:02,22.509
3574,09/11/2026 05:03:02,22.413
3575,09/11/2026 05:13:02,21.555
3576,09/11/2026 05:23:02,20.225
3577,09/11/2026 05:33:02,19.195
3578,09/11/2026 05:43:02,18.230
3579,09/11/2026 05:53:02,17.586
3580,09/11/2026 06:03:02,17.393
3581,09/11/2026 06:13:02,17.243
3582,09/11/2026 06:23:02,17.050
3583,09/11/2026 06:33:02,17.039
3584,09/11/2026 06:43:02,16.836
3585,09/11/2026 06:53:02,16.975
3586,09/11/2026 07:03:02,20.686
3587,09/11/2026 07:13:02,21.383
3588,09/11/2026 07:23:02,22.295
3589,09/11/2026 07:33:02,22.702
3590,09/11/2026 07:43:02,22.906
3591,09/11/2026 07:53:02,22.767
3592,09/11/2026 08:03:02,22.627
3593,09/11/2026 08:13:02,22.638
3594,09/11/2026 08:23:02,22.649
3595,09/11/2026 08:33:02,22.670
3596,09/11/2026 08:43:02,22.745
3597,09/11/2026 08:53:02,22.820
3598,09/11/2026 09:03:02,22.831
3599,09/11/2026 09:13:02,22.863
3600,09/11/2026 09:23:02,22.874
3601,09/11/2026 09:33:02,22.906
3602,09/11/2026 09:43:02,22.917
3603,09/11/2026 09:53:02,22.917
3604,09/11/2026 10:03:02,22.927
3605,09/11/2026 10:13:02,22.960
3606,09/11/2026 10:23:02,23.003
3607,09/11/2026 10:33:02,23.035
3608,09/11/2026 10:43:02,23.045
3609,09/11/2026 10:53:02,23.035
3610,09/11/2026 11:03:02,23.045
3611,09/11/2026 11:13:02,23.078
3612,09/11/2026 11:23:02,23.121
3613,09/11/2026 11:33:02,23.142
3614,09/11/2026 11:43:02,23.163
3615,09/11/2026 11:53:02,23.196
3616,09/11/2026 12:03:02,23.217
3617,09/11/2026 12:13:02,23.228
3618,09/11/2026 12:23:02,23.271
3619,09/11/2026 12:33:02,23.314
3620,09/11/2026 12:43:02,23.335
3621,09/11/2026 12:53:02,23.378
3622,09/11/2026 13:03:02,23.432
3623,09/11/2026 13:13:02,23.453
3624,09/11/2026 13:23:02,23.474
3625,09/11/2026 13:33:02,23.550
3626,09/11/2026 13:43:02,23.614
3627,09/11/2026 13:53:02,23.657
3628,09/11/2026 14:03:02,23.732
3629,09/11/2026 14:13:02,23.785
3630,09/11/2026 14:23:02,23.818
3631,09/11/2026 14:33:02,23.871
3632,09/11/2026 14:43:02,23.903
3633,09/11/2026 14:53:02,23.979
3634,09/11/2026 15:03:02,24.054
3635,09/11/2026 15:13:02,24.139
3636,09/11/2026 15:23:02,24.214
3637,09/11/2026 15:33:02,24.257
3638,09/11/2026 15:43:02,24.300
3639,09/11/2026 15:53:02,24.375
3640,09/11/2026 16:03:02,24.472
3641,09/11/2026 16:13:02,24.515
3642,09/11/2026 16:23:02,24.568
3643,09/11/2026 16:33:02,24.644
3644,09/11/2026 16:43:02,24.719
3645,09/11/2026 16:53:02,24.697
3646,09/11/2026 17:03:02,24.665
3647,09/11/2026 17:13:02,24.633
3648,09/11/2026 17:23:02,24.622
3649,09/11/2026 17:33:02,24.590
3650,09/11/2026 17:43:02,24.526
3651,09/11/2026 17:53:02,23.185
3652,09/11/2026 18:03:02,20.997
3653,09/11/2026 18:13:02,20.311
3654,09/11/2026 18:23:02,19.624
3655,09/11/2026 18:33:02,19.313
3656,09/11/2026 18:43:02,19.281
3657,09/11/2026 18:53:02,19.260
3658,09/11/2026 19:03:02,21.608
3659,09/11/2026 19:13:02,23.356
3660,09/11/2026 19:23:02,23.678
3661,09/11/2026 19:33:02,23.850
3662,09/11/2026 19:43:02,23.775
3663,09/11/2026 19:53:02,23.625
3664,09/11/2026 20:03:02,23.678
3665,09/11/2026 20:13:02,23.732
3666,09/11/2026 20:23:02,23.678
3667,09/11/2026 20:33:02,23.657
3668,09/11/2026 20:43:02,23.635
3669,09/11/2026 20:53:02,23.625
3670,09/11/2026 21:03:02,23.592
3671,09/11/2026 21:13:02,23.550
3672,09/11/2026 21:23:02,23.550
3673,09/11/2026 21:33:02,23.539
3674,09/11/2026 21:43:02,23.507
3675,09/11/2026 21:53:02,23.442
3676,09/11/2026 22:03:02,23.410
3677,09/11/2026 22:13:02,23.389
3678,09/11/2026 22:23:02,23.356
3679,09/11/2026 22:33:02,23.335
3680,09/11/2026 22:43:02,23.303
3681,09/11/2026 22:53:02,23.271
3682,09/11/2026 23:03:02,23.239
3683,09/11/2026 23:13:02,23.217
3684,09/11/2026 23:23:02,23.196
3685,09/11/2026 23:33:02,23.185
3686,09/11/2026 23:43:02,23.174
3687,09/11/2026 23:53:02,23.163
3688,09/12/2026 00:03:02,23.163
3689,09/12/2026 00:13:02,23.163
3690,09/12/2026 00:23:02,23.131
3691,09/12/2026 00:33:02,23.131
3692,09/12/2026 00:43:02,23.121
3693,09/12/2026 00:53:02,23.110
3694,09/12/2026 01:03:02,23.099
3695,09/12/2026 01:13:02,23.088
3696,09/12/2026 01:23:02,23.078
3697,09/12/2026 01:33:02,23.078
3698,09/12/2026 01:43:02,23.045
3699,09/12/2026 01:53:02,23.013
3700,09/12/2026 02:03:02,23.003
3701,09/12/2026 02:13:02,22.970
3702,09/12/2026 02:23:02,22.938
3703,09/12/2026 02:33:02,22.906
3704,09/12/2026 02:43:02,22.885
3705,09/12/2026 02:53:02,22.874
3706,09/12/2026 03:03:02,22.852
3707,09/12/2026 03:13:02,22.810
3708,09/12/2026 03:23:02,22.756
3709,09/12/2026 03:33:02,22.713
3710,09/12/2026 03:43:02,22.670
3711,09/12/2026 03:53:02,22.649
3712,09/12/2026 04:03:02,22.627
3713,09/12/2026 04:13:02,22.584
3714,09/12/2026 04:23:02,22.531
3715,09/12/2026 04:33:02,22.445
3716,09/12/2026 04:43:02,22.359
3717,09/12/2026 04:53:02,22.263
3718,09/12/2026 05:03:02,22.123
3719,09/12/2026 05:13:02,21.941
3720,09/12/2026 05:23:02,21.748
3721,09/12/2026 05:33:02,21.619
3722,09/12/2026 05:43:02,21.469
3723,09/12/2026 05:53:02,21.319
3724,09/12/2026 06:03:02,21.158
3725,09/12/2026 06:13:02,20.933
3726,09/12/2026 06:23:02,19.549
3727,09/12/2026 06:33:02,17.533
3728,09/12/2026 06:43:02,16.578
3729,09/12/2026 06:53:02,15.892
3730,09/12/2026 07:03:02,18.005
3731,09/12/2026 07:13:02,19.828
3732,09/12/2026 07:23:02,20.021
3733,09/12/2026 07:33:02,19.978
3734,09/12/2026 07:43:02,20.160
3735,09/12/2026 07:53:02,20.321
3736,09/12/2026 08:03:02,21.834
3737,09/12/2026 08:13:02,22.402
3738,09/12/2026 08:23:02,22.509
3739,09/12/2026 08:33:02,22.466
3740,09/12/2026 08:43:02,22.466
3741,09/12/2026 08:53:02,22.509
3742,09/12/2026 09:03:02,22.616
3743,09/12/2026 09:13:02,22.713
3744,09/12/2026 09:23:02,22.756
3745,09/12/2026 09:33:02,22.799
3746,09/12/2026 09:43:02,22.820
3747,09/12/2026 09:53:02,22.820
3748,09/12/2026 10:03:02,22.842
3749,09/12/2026 10:13:02,22.842
3750,09/12/2026 10:23:02,22.863
3751,09/12/2026 10:33:02,22.842
3752,09/12/2026 10:43:02,22.842
3753,09/12/2026 10:53:02,22.842
3754,09/12/2026 11:03:02,22.831
3755,09/12/2026 11:13:02,22.842
3756,09/12/2026 11:23:02,22.863
3757,09/12/2026 11:33:02,22.895
3758,09/12/2026 11:43:02,22.895
3759,09/12/2026 11:53:02,22.895
3760,09/12/2026 12:03:02,22.874
3761,09/12/2026 12:13:02,22.885
3762,09/12/2026 12:23:02,22.906
3763,09/12/2026 12:33:02,22.906
3764,09/12/2026 12:43:02,22.927
3765,09/12/2026 12:53:02,22.960
3766,09/12/2026 13:03:02,23.013
3767,09/12/2026 13:13:02,23.045
3768,09/12/2026 13:23:02,23.078
3769,09/12/2026 13:33:02,23.078
3770,09/12/2026 13:43:02,23.196
3771,09/12/2026 13:53:02,23.356
3772,09/12/2026 14:03:02,23.507
3773,09/12/2026 14:13:02,23.485
3774,09/12/2026 14:23:02,23.539
3775,09/12/2026 14:33:02,23.571
3776,09/12/2026 14:43:02,23.678
3777,09/12/2026 14:53:02,23.796
3778,09/12/2026 15:03:02,23.850
3779,09/12/2026 15:13:02,23.882
3780,09/12/2026 15:23:02,23.946
3781,09/12/2026 15:33:02,23.989
3782,09/12/2026 15:43:02,24.054
3783,09/12/2026 15:53:02,24.139
3784,09/12/2026 16:03:02,24.204
3785,09/12/2026 16:13:02,24.257
3786,09/12/2026 16:23:02,24.311
3787,09/12/2026 16:33:02,24.332
3788,09/12/2026 16:43:02,24.386
3789,09/12/2026 16:53:02,24.450
3790,09/12/2026 17:03:02,24.483
3791,09/12/2026 17:13:02,24.504
3792,09/12/2026 17:23:02,24.493
3793,09/12/2026 17:33:02,24.461
3794,09/12/2026 17:43:02,24.440
3795,09/12/2026 17:53:02,24.429
3796,09/12/2026 18:03:02,24.408
3797,09/12/2026 18:13:02,24.397
3798,09/12/2026 18:23:02,24.408
3799,09/12/2026 18:33:02,24.193
3800,09/12/2026 18:43:02,24.021
3801,09/12/2026 18:53:02,21.994
3802,09/12/2026 19:03:02,20.214
3803,09/12/2026 19:13:02,19.152
3804,09/12/2026 19:23:02,18.959
3805,09/12/2026 19:33:02,18.927
3806,09/12/2026 19:43:02,20.160
3807,09/12/2026 19:53:02,22.145
3808,09/12/2026 20:03:02,22.284
3809,09/12/2026 20:13:02,22.359
3810,09/12/2026 20:23:02,22.563
3811,09/12/2026 20:33:02,22.906
3812,09/12/2026 20:43:02,23.088
3813,09/12/2026 20:53:02,23.110
3814,09/12/2026 21:03:02,23.228
3815,09/12/2026 21:13:02,23.163
3816,09/12/2026 21:23:02,23.142
3817,09/12/2026 21:33:02,23.099
3818,09/12/2026 21:43:02,23.067
3819,09/12/2026 21:53:02,23.035
3820,09/12/2026 22:03:02,22.992
3821,09/12/2026 22:13:02,22.992
3822,09/12/2026 22:23:02,23.003
3823,09/12/2026 22:33:02,23.003
3824,09/12/2026 22:43:02,23.013
3825,09/12/2026 22:53:02,23.013
3826,09/12/2026 23:03:02,23.013
3827,09/12/2026 23:13:02,23.024
3828,09/12/2026 23:23:02,23.035
3829,09/12/2026 23:33:02,23.024
3830,09/12/2026 23:43:02,23.045
3831,09/12/2026 23:53:02,23.013
3832,09/13/2026 00:03:02,22.992
3833,09/13/2026 00:13:02,23.003
3834,09/13/2026 00:23:02,23.003
3835,09/13/2026 00:33:02,22.981
3836,09/13/2026 00:43:02,22.992
3837,09/13/2026 00:53:02,22.992
3838,09/13/2026 01:03:02,23.003
3839,09/13/2026 01:13:02,23.013
3840,09/13/2026 01:23:02,23.003
3841,09/13/2026 01:33:02,22.992
3842,09/13/2026 01:43:02,23.003
3843,09/13/2026 01:53:02,23.003
3844,09/13/2026 02:03:02,22.970
3845,09/13/2026 02:13:02,22.927
3846,09/13/2026 02:23:02,22.906
3847,09/13/2026 02:33:02,22.906
3848,09/13/2026 02:43:02,22.906
3849,09/13/2026 02:53:02,22.874
3850,09/13/2026 03:03:02,22.842
3851,09/13/2026 03:13:02,22.788
3852,09/13/2026 03:23:02,22.702
3853,09/13/2026 03:33:02,22.670
3854,09/13/2026 03:43:02,22.681
3855,09/13/2026 03:53:02,22.681
3856,09/13/2026 04:03:02,22.670
3857,09/13/2026 04:13:02,22.649
3858,09/13/2026 04:23:02,22.616
3859,09/13/2026 04:33:02,22.606
3860,09/13/2026 04:43:02,22.584
3861,09/13/2026 04:53:02,22.563
3862,09/13/2026 05:03:02,22.541
3863,09/13/2026 05:13:02,22.520
3864,09/13/2026 05:23:02,22.488
3865,09/13/2026 05:33:02,22.456
3866,09/13/2026 05:43:02,22.423
3867,09/13/2026 05:53:02,22.381
3868,09/13/2026 06:03:02,22.295
3869,09/13/2026 06:13:02,22.209
3870,09/13/2026 06:23:02,22.112
3871,09/13/2026 06:33:02,22.016
3872,09/13/2026 06:43:02,21.984
3873,09/13/2026 06:53:02,21.919
3874,09/13/2026 07:03:02,21.834
3875,09/13/2026 07:13:02,21.726
3876,09/13/2026 07:23:02,21.630
3877,09/13/2026 07:33:02,21.565
3878,09/13/2026 07:43:02,21.512
3879,09/13/2026 07:53:02,21.447
3880,09/13/2026 08:03:02,21.351
3881,09/13/2026 08:13:02,21.297
3882,09/13/2026 08:23:02,21.233
3883,09/13/2026 08:33:02,21.136
3884,09/13/2026 08:43:02,21.093
3885,09/13/2026 08:53:02,21.136
3886,09/13/2026 09:03:02,21.158
3887,09/13/2026 09:13:02,21.233
3888,09/13/2026 09:23:02,21.244
3889,09/13/2026 09:33:02,21.287
3890,09/13/2026 09:43:02,21.351
3891,09/13/2026 09:53:02,21.351
3892,09/13/2026 10:03:02,21.362
3893,09/13/2026 10:13:02,21.383
3894,09/13/2026 10:23:02,21.362
3895,09/13/2026 10:33:02,21.362
3896,09/13/2026 10:43:02,21.640
3897,09/13/2026 10:53:02,21.447
3898,09/13/2026 11:03:02,22.659
3899,09/13/2026 11:13:02,22.788
3900,09/13/2026 11:23:02,22.852
3901,09/13/2026 11:33:02,22.863
3902,09/13/2026 11:43:02,22.874
3903,09/13/2026 11:53:02,22.863
3904,09/13/2026 12:03:02,22.874
3905,09/13/2026 12:13:02,22.863
3906,09/13/2026 12:23:02,22.874
3907,09/13/2026 12:33:02,22.874
3908,09/13/2026 12:43:02,22.874
3909,09/13/2026 12:53:02,22.874
3910,09/13/2026 13:03:02,22.874
3911,09/13/2026 13:13:02,22.863
3912,09/13/2026 13:23:02,22.863
3913,09/13/2026 13:33:02,22.842
3914,09/13/2026 13:43:02,22.842
3915,09/13/2026 13:53:02,22.777
3916,09/13/2026 14:03:02,22.756
3917,09/13/2026 14:13:02,22.606
3918,09/13/2026 14:23:02,21.984
3919,09/13/2026 14:33:02,21.480
3920,09/13/2026 14:43:02,21.447
3921,09/13/2026 14:53:02,21.437
3922,09/13/2026 15:03:02,21.490
3923,09/13/2026 15:13:02,21.501
3924,09/13/2026 15:23:02,21.522
3925,09/13/2026 15:33:02,21.587
3926,09/13/2026 15:43:02,21.651
3927,09/13/2026 15:53:02,21.673
3928,09/13/2026 16:03:02,21.716
3929,09/13/2026 16:13:02,21.673
3930,09/13/2026 16:23:02,21.694
3931,09/13/2026 16:33:02,21.716
3932,09/13/2026 16:43:02,21.737
3933,09/13/2026 16:53:02,21.726
3934,09/13/2026 17:03:02,21.694
3935,09/13/2026 17:13:02,21.683
3936,09/13/2026 17:23:02,21.694
3937,09/13/2026 17:33:02,21.694
3938,09/13/2026 17:43:02,21.716
3939,09/13/2026 17:53:02,21.737
3940,09/13/2026 18:03:02,21.758
3941,09/13/2026 18:13:02,21.780
3942,09/13/2026 18:23:02,21.769
3943,09/13/2026 18:33:02,21.758
3944,09/13/2026 18:43:02,21.758
3945,09/13/2026 18:53:02,21.748
3946,09/13/2026 19:03:02,21.726
3947,09/13/2026 19:13:02,21.716
3948,09/13/2026 19:23:02,21.705
3949,09/13/2026 19:33:02,21.683
3950,09/13/2026 19:43:02,21.662
3951,09/13/2026 19:53:02,21.651
3952,09/13/2026 20:03:02,21.630
3953,09/13/2026 20:13:02,21.608
3954,09/13/2026 20:23:02,21.587
3955,09/13/2026 20:33:02,21.544
3956,09/13/2026 20:43:02,21.490
3957,09/13/2026 20:53:02,21.469
3958,09/13/2026 21:03:02,21.447
3959,09/13/2026 21:13:02,21.415
3960,09/13/2026 21:23:02,21.383
3961,09/13/2026 21:33:02,21.372
3962,09/13/2026 21:43:02,21.329
3963,09/13/2026 21:53:02,21.297
3964,09/13/2026 22:03:02,22.005
3965,09/13/2026 22:13:02,22.724
3966,09/13/2026 22:23:02,22.885
3967,09/13/2026 22:33:02,22.927
3968,09/13/2026 22:43:02,22.960
3969,09/13/2026 22:53:02,22.970
3970,09/13/2026 23:03:02,22.992
3971,09/13/2026 23:13:02,22.992
3972,09/13/2026 23:23:02,22.992
3973,09/13/2026 23:33:02,22.981
3974,09/13/2026 23:43:02,22.970
3975,09/13/2026 23:53:02,22.960
3976,09/14/2026 00:03:02,22.960
3977,09/14/2026 00:13:02,22.960
3978,09/14/2026 00:23:02,22.960
3979,09/14/2026 00:33:02,22.960
3980,09/14/2026 00:43:02,22.960
3981,09/14/2026 00:53:02,22.949
3982,09/14/2026 01:03:02,22.927
3983,09/14/2026 01:13:02,22.927
3984,09/14/2026 01:23:02,22.938
3985,09/14/2026 01:33:02,22.927
3986,09/14/2026 01:43:02,22.927
3987,09/14/2026 01:53:02,22.927
3988,09/14/2026 02:03:02,22.927
3989,09/14/2026 02:13:02,22.938
3990,09/14/2026 02:23:02,22.927
3991,09/14/2026 02:33:02,22.927
3992,09/14/2026 02:43:02,22.927
3993,09/14/2026 02:53:02,22.917
3994,09/14/2026 03:03:02,22.874
3995,09/14/2026 03:13:02,22.885
3996,09/14/2026 03:23:02,22.852
3997,09/14/2026 03:33:02,22.852
3998,09/14/2026 03:43:02,22.724
3999,09/14/2026 03:53:02,22.584
4000,09/14/2026 04:03:02,22.423
4001,09/14/2026 04:13:02,22.295
4002,09/14/2026 04:23:02,22.263
4003,09/14/2026 04:33:02,22.284
4004,09/14/2026 04:43:02,22.295
4005,09/14/2026 04:53:02,22.273
4006,09/14/2026 05:03:02,22.220
4007,09/14/2026 05:13:02,22.069
4008,09/14/2026 05:23:02,21.887
4009,09/14/2026 05:33:02,21.694
4010,09/14/2026 05:43:02,21.533
4011,09/14/2026 05:53:02,21.426
4012,09/14/2026 06:03:02,21.319
4013,09/14/2026 06:13:02,21.093
4014,09/14/2026 06:23:02,20.922
4015,09/14/2026 06:33:02,20.793
4016,09/14/2026 06:43:02,20.707
4017,09/14/2026 06:53:02,20.632
4018,09/14/2026 07:03:02,20.579
4019,09/14/2026 07:13:02,20.514
4020,09/14/2026 07:23:02,20.482
4021,09/14/2026 07:33:02,20.461
4022,09/14/2026 07:43:02,20.461
4023,09/14/2026 07:53:02,20.396
4024,09/14/2026 08:03:02,20.439
4025,09/14/2026 08:13:02,20.396
4026,09/14/2026 08:23:02,20.418
4027,09/14/2026 08:33:02,20.343
4028,09/14/2026 08:43:02,20.439
4029,09/14/2026 08:53:02,20.375
4030,09/14/2026 09:03:02,20.407
4031,09/14/2026 09:13:02,20.471
4032,09/14/2026 09:23:02,21.051
4033,09/14/2026 09:33:02,21.276
4034,09/14/2026 09:43:02,22.627
4035,09/14/2026 09:53:02,22.927
4036,09/14/2026 10:03:02,22.960
4037,09/14/2026 10:13:02,22.981
4038,09/14/2026 10:23:02,23.035
4039,09/14/2026 10:33:02,23.013
4040,09/14/2026 10:43:02,23.045
4041,09/14/2026 10:53:02,23.078
4042,09/14/2026 11:03:02,23.088
4043,09/14/2026 11:13:02,23.088
4044,09/14/2026 11:23:02,23.099
4045,09/14/2026 11:33:02,23.099
4046,09/14/2026 11:43:02,23.099
4047,09/14/2026 11:53:02,23.099
4048,09/14/2026 12:03:02,23.099
4049,09/14/2026 12:13:02,23.099
4050,09/14/2026 12:23:02,23.099
4051,09/14/2026 12:33:02,23.110
4052,09/14/2026 12:43:02,23.110
4053,09/14/2026 12:53:02,23.110
4054,09/14/2026 13:03:02,23.110
4055,09/14/2026 13:13:02,23.110
4056,09/14/2026 13:23:02,23.110
4057,09/14/2026 13:33:02,23.110
4058,09/14/2026 13:43:02,23.131
4059,09/14/2026 13:53:02,23.121
4060,09/14/2026 14:03:02,23.131
4061,09/14/2026 14:13:02,23.131
4062,09/14/2026 14:23:02,23.131
4063,09/14/2026 14:33:02,23.163
4064,09/14/2026 14:43:02,23.174
4065,09/14/2026 14:53:02,23.185
4066,09/14/2026 15:03:02,23.260
4067,09/14/2026 15:13:02,23.335
4068,09/14/2026 15:23:02,23.389
4069,09/14/2026 15:33:02,23.453
4070,09/14/2026 15:43:02,23.507
4071,09/14/2026 15:53:02,23.528
4072,09/14/2026 16:03:02,23.560
4073,09/14/2026 16:13:02,23.592
4074,09/14/2026 16:23:02,23.614
4075,09/14/2026 16:33:02,23.614
4076,09/14/2026 16:43:02,23.614
4077,09/14/2026 16:53:02,23.592
4078,09/14/2026 17:03:02,23.571
4079,09/14/2026 17:13:02,23.539
4080,09/14/2026 17:23:02,23.507
4081,09/14/2026 17:33:02,23.464
4082,09/14/2026 17:43:02,23.410
4083,09/14/2026 17:53:02,23.335
4084,09/14/2026 18:03:02,23.260
4085,09/14/2026 18:13:02,23.228
4086,09/14/2026 18:23:02,23.153
4087,09/14/2026 18:33:02,23.024
4088,09/14/2026 18:43:02,22.863
4089,09/14/2026 18:53:02,22.638
4090,09/14/2026 19:03:02,22.413
4091,09/14/2026 19:13:02,22.241
4092,09/14/2026 19:23:02,22.069
4093,09/14/2026 19:33:02,21.952
4094,09/14/2026 19:43:02,21.812
4095,09/14/2026 19:53:02,21.640
4096,09/14/2026 20:03:02,21.490
4097,09/14/2026 20:13:02,21.233
4098,09/14/2026 20:23:02,20.986
4099,09/14/2026 20:33:02,20.697
4100,09/14/2026 20:43:02,20.353
4101,09/14/2026 20:53:02,20.118
4102,09/14/2026 21:03:02,20.150
4103,09/14/2026 21:13:02,20.032
4104,09/14/2026 21:23:02,19.871
4105,09/14/2026 21:33:02,19.957
4106,09/14/2026 21:43:02,19.957
4107,09/14/2026 21:53:02,20.000
4108,09/14/2026 22:03:02,20.032
4109,09/14/2026 22:13:02,22.381
4110,09/14/2026 22:23:02,22.810
4111,09/14/2026 22:33:02,22.863
4112,09/14/2026 22:43:02,22.852
4113,09/14/2026 22:53:02,22.788
4114,09/14/2026 23:03:02,22.702
4115,09/14/2026 23:13:02,22.681
4116,09/14/2026 23:23:02,22.649
4117,09/14/2026 23:33:02,22.702
4118,09/14/2026 23:43:02,22.713
4119,09/14/2026 23:53:02,22.713
4120,09/15/2026 00:03:02,22.702
4121,09/15/2026 00:13:02,22.692
4122,09/15/2026 00:23:02,22.702
4123,09/15/2026 00:33:02,22.702
4124,09/15/2026 00:43:02,22.724
4125,09/15/2026 00:53:02,22.724
4126,09/15/2026 01:03:02,22.724
4127,09/15/2026 01:13:02,22.724
4128,09/15/2026 01:23:02,22.713
4129,09/15/2026 01:33:02,22.713
4130,09/15/2026 01:43:02,22.724
4131,09/15/2026 01:53:02,22.724
4132,09/15/2026 02:03:02,22.724
4133,09/15/2026 02:13:02,22.724
4134,09/15/2026 02:23:02,22.745
4135,09/15/2026 02:33:02,22.756
4136,09/15/2026 02:43:02,22.724
4137,09/15/2026 02:53:02,22.745
4138,09/15/2026 03:03:02,22.734
4139,09/15/2026 03:13:02,22.702
4140,09/15/2026 03:23:02,22.670
4141,09/15/2026 03:33:02,22.584
4142,09/15/2026 03:43:02,22.531
4143,09/15/2026 03:53:02,22.445
4144,09/15/2026 04:03:02,22.413
4145,09/15/2026 04:13:02,22.391
4146,09/15/2026 04:23:02,22.370
4147,09/15/2026 04:33:02,22.370
4148,09/15/2026 04:43:02,22.327
4149,09/15/2026 04:53:02,22.230
4150,09/15/2026 05:03:02,22.155
4151,09/15/2026 05:13:02,22.069
4152,09/15/2026 05:23:02,21.973
4153,09/15/2026 05:33:02,21.876
4154,09/15/2026 05:43:02,21.705
4155,09/15/2026 05:53:02,21.501
4156,09/15/2026 06:03:02,21.329
4157,09/15/2026 06:13:02,21.179
4158,09/15/2026 06:23:02,20.997
4159,09/15/2026 06:33:02,20.740
4160,09/15/2026 06:43:02,20.461
4161,09/15/2026 06:53:02,20.096
4162,09/15/2026 07:03:02,19.785
4163,09/15/2026 07:13:02,19.592
4164,09/15/2026 07:23:02,19.399
4165,09/15/2026 07:33:02,19.217
4166,09/15/2026 07:43:02,19.088
4167,09/15/2026 07:53:02,19.013
4168,09/15/2026 08:03:02,18.991
4169,09/15/2026 08:13:02,18.884
4170,09/15/2026 08:23:02,18.820
4171,09/15/2026 08:33:02,18.734
4172,09/15/2026 08:43:02,18.884
4173,09/15/2026 08:53:02,18.906
4174,09/15/2026 09:03:02,18.906
4175,09/15/2026 09:13:02,18.895
4176,09/15/2026 09:23:02,18.938
4177,09/15/2026 09:33:02,18.991
4178,09/15/2026 09:43:02,19.109
4179,09/15/2026 09:53:02,20.632
4180,09/15/2026 10:03:02,22.284
4181,09/15/2026 10:13:02,22.531
4182,09/15/2026 10:23:02,22.477
4183,09/15/2026 10:33:02,22.445
4184,09/15/2026 10:43:02,22.381
4185,09/15/2026 10:53:02,22.466
4186,09/15/2026 11:03:02,22.606
4187,09/15/2026 11:13:02,22.681
4188,09/15/2026 11:23:02,22.734
4189,09/15/2026 11:33:02,22.745
4190,09/15/2026 11:43:02,22.756
4191,09/15/2026 11:53:02,22.788
4192,09/15/2026 12:03:02,22.799
4193,09/15/2026 12:13:02,22.799
4194,09/15/2026 12:23:02,22.799
4195,09/15/2026 12:33:02,22.810
4196,09/15/2026 12:43:02,22.810
4197,09/15/2026 12:53:02,22.810
4198,09/15/2026 13:03:02,22.799
4199,09/15/2026 13:13:02,22.810
4200,09/15/2026 13:23:02,22.788
4201,09/15/2026 13:33:02,22.788
4202,09/15/2026 13:43:02,22.788
4203,09/15/2026 13:53:02,22.799
4204,09/15/2026 14:03:02,22.810
4205,09/15/2026 14:13:02,22.820
4206,09/15/2026 14:23:02,22.842
4207,09/15/2026 14:33:02,22.842
4208,09/15/2026 14:43:02,22.831
4209,09/15/2026 14:53:02,22.874
4210,09/15/2026 15:03:02,22.885
4211,09/15/2026 15:13:02,22.874
4212,09/15/2026 15:23:02,22.906
4213,09/15/2026 15:33:02,22.927
4214,09/15/2026 15:43:02,22.960
4215,09/15/2026 15:53:02,23.163
4216,09/15/2026 16:03:02,23.249
4217,09/15/2026 16:13:02,23.292
4218,09/15/2026 16:23:02,23.271
4219,09/15/2026 16:33:02,23.292
4220,09/15/2026 16:43:02,23.324
4221,09/15/2026 16:53:02,23.356
4222,09/15/2026 17:03:02,23.389
4223,09/15/2026 17:13:02,23.421
4224,09/15/2026 17:23:02,23.453
4225,09/15/2026 17:33:02,23.453
4226,09/15/2026 17:43:02,23.474
4227,09/15/2026 17:53:02,23.496
4228,09/15/2026 18:03:02,23.539
4229,09/15/2026 18:13:02,23.560
4230,09/15/2026 18:23:02,23.539
4231,09/15/2026 18:33:02,23.474
4232,09/15/2026 18:43:02,23.389
4233,09/15/2026 18:53:02,23.271
4234,09/15/2026 19:03:02,23.131
4235,09/15/2026 19:13:02,22.970
4236,09/15/2026 19:23:02,22.842
4237,09/15/2026 19:33:02,22.724
4238,09/15/2026 19:43:02,22.595
4239,09/15/2026 19:53:02,22.391
4240,09/15/2026 20:03:02,22.155
4241,09/15/2026 20:13:02,21.844
4242,09/15/2026 20:23:02,21.651
4243,09/15/2026 20:33:02,21.522
4244,09/15/2026 20:43:02,21.222
4245,09/15/2026 20:53:02,21.008
4246,09/15/2026 21:03:02,20.858
4247,09/15/2026 21:13:02,20.547
4248,09/15/2026 21:23:02,20.300
4249,09/15/2026 21:33:02,19.935
4250,09/15/2026 21:43:02,19.678
4251,09/15/2026 21:53:02,19.549
4252,09/15/2026 22:03:02,19.528
4253,09/15/2026 22:13:02,19.453
4254,09/15/2026 22:23:02,19.506
4255,09/15/2026 22:33:02,20.858
4256,09/15/2026 22:43:02,21.662
4257,09/15/2026 22:53:02,22.477
4258,09/15/2026 23:03:02,22.531
4259,09/15/2026 23:13:02,22.466
4260,09/15/2026 23:23:02,22.327
4261,09/15/2026 23:33:02,22.155
4262,09/15/2026 23:43:02,21.952
4263,09/15/2026 23:53:02,21.855
4264,09/16/2026 00:03:02,21.834
4265,09/16/2026 00:13:02,21.984
4266,09/16/2026 00:23:02,21.919
4267,09/16/2026 00:33:02,21.866
4268,09/16/2026 00:43:02,21.823
4269,09/16/2026 00:53:02,21.866
4270,09/16/2026 01:03:02,21.866
4271,09/16/2026 01:13:02,21.866
4272,09/16/2026 01:23:02,21.844
4273,09/16/2026 01:33:02,21.855
4274,09/16/2026 01:43:02,21.844
4275,09/16/2026 01:53:02,21.844
4276,09/16/2026 02:03:02,21.855
4277,09/16/2026 02:13:02,21.844
4278,09/16/2026 02:23:02,21.834
4279,09/16/2026 02:33:02,21.812
4280,09/16/2026 02:43:02,21.780
4281,09/16/2026 02:53:02,21.780
4282,09/16/2026 03:03:02,21.769
4283,09/16/2026 03:13:02,21.748
4284,09/16/2026 03:23:02,21.748
4285,09/16/2026 03:33:02,21.748
4286,09/16/2026 03:43:02,21.758
4287,09/16/2026 03:53:02,21.748
4288,09/16/2026 04:03:02,21.748
4289,09/16/2026 04:13:02,21.726
4290,09/16/2026 04:23:02,21.694
4291,09/16/2026 04:33:02,21.683
4292,09/16/2026 04:43:02,21.651
4293,09/16/2026 04:53:02,21.619
4294,09/16/2026 05:03:02,21.576
4295,09/16/2026 05:13:02,21.640
4296,09/16/2026 05:23:02,21.662
4297,09/16/2026 05:33:02,21.598
4298,09/16/2026 05:43:02,21.555
4299,09/16/2026 05:53:02,21.501
4300,09/16/2026 06:03:02,21.437
4301,09/16/2026 06:13:02,21.351
4302,09/16/2026 06:23:02,21.265
4303,09/16/2026 06:33:02,21.147
4304,09/16/2026 06:43:02,21.008
4305,09/16/2026 06:53:02,20.943
4306,09/16/2026 07:03:02,20.858
4307,09/16/2026 07:13:02,20.718
4308,09/16/2026 07:23:02,20.536
4309,09/16/2026 07:33:02,20.278
4310,09/16/2026 07:43:02,20.021
4311,09/16/2026 07:53:02,19.839
4312,09/16/2026 08:03:02,19.710
4313,09/16/2026 08:13:02,19.581
4314,09/16/2026 08:23:02,19.485
4315,09/16/2026 08:33:02,19.453
4316,09/16/2026 08:43:02,19.377
4317,09/16/2026 08:53:02,19.377
4318,09/16/2026 09:03:02,19.345
4319,09/16/2026 09:13:02,19.335
4320,09/16/2026 09:23:02,19.345
4321,09/16/2026 09:33:02,19.377
4322,09/16/2026 09:43:02,19.506
4323,09/16/2026 09:53:02,19.538
4324,09/16/2026 10:03:02,19.678
4325,09/16/2026 10:13:02,19.667
4326,09/16/2026 10:23:02,19.742
4327,09/16/2026 10:33:02,20.664
4328,09/16/2026 10:43:02,21.169
4329,09/16/2026 10:53:02,21.887
4330,09/16/2026 11:03:02,21.984
4331,09/16/2026 11:13:02,21.973
4332,09/16/2026 11:23:02,22.005
4333,09/16/2026 11:33:02,22.102
4334,09/16/2026 11:43:02,22.187
4335,09/16/2026 11:53:02,22.295
4336,09/16/2026 12:03:02,22.327
4337,09/16/2026 12:13:02,22.381
4338,09/16/2026 12:23:02,22.391
4339,09/16/2026 12:33:02,22.423
4340,09/16/2026 12:43:02,22.445
4341,09/16/2026 12:53:02,22.477
4342,09/16/2026 13:03:02,22.531
4343,09/16/2026 13:13:02,22.552
4344,09/16/2026 13:23:02,22.541
4345,09/16/2026 13:33:02,22.552
4346,09/16/2026 13:43:02,22.574
4347,09/16/2026 13:53:02,22.616
4348,09/16/2026 14:03:02,22.627
4349,09/16/2026 14:13:02,22.638
4350,09/16/2026 14:23:02,22.649
4351,09/16/2026 14:33:02,22.649
4352,09/16/2026 14:43:02,22.670
4353,09/16/2026 14:53:02,22.670
4354,09/16/2026 15:03:02,22.670
4355,09/16/2026 15:13:02,22.692
4356,09/16/2026 15:23:02,22.692
4357,09/16/2026 15:33:02,22.702
4358,09/16/2026 15:43:02,22.713
4359,09/16/2026 15:53:02,22.724
4360,09/16/2026 16:03:02,22.745
4361,09/16/2026 16:13:02,22.734
4362,09/16/2026 16:23:02,22.756
4363,09/16/2026 16:33:02,22.788
4364,09/16/2026 16:43:02,22.820
4365,09/16/2026 16:53:02,22.842
4366,09/16/2026 17:03:02,22.852
4367,09/16/2026 17:13:02,22.863
4368,09/16/2026 17:23:02,22.895
4369,09/16/2026 17:33:02,22.906
4370,09/16/2026 17:43:02,22.938
4371,09/16/2026 17:53:02,22.960
4372,09/16/2026 18:03:02,22.970
4373,09/16/2026 18:13:02,22.949
4374,09/16/2026 18:23:02,22.949
4375,09/16/2026 18:33:02,22.970
4376,09/16/2026 18:43:02,22.992
4377,09/16/2026 18:53:02,23.024
4378,09/16/2026 19:03:02,23.035
4379,09/16/2026 19:13:02,23.013
4380,09/16/2026 19:23:02,22.992
4381,09/16/2026 19:33:02,22.960
4382,09/16/2026 19:43:02,22.906
4383,09/16/2026 19:53:02,22.852
4384,09/16/2026 20:03:02,22.767
4385,09/16/2026 20:13:02,22.659
4386,09/16/2026 20:23:02,22.574
4387,09/16/2026 20:33:02,22.466
4388,09/16/2026 20:43:02,22.327
4389,09/16/2026 20:53:02,22.230
4390,09/16/2026 21:03:02,22.080
4391,09/16/2026 21:13:02,21.994
4392,09/16/2026 21:23:02,21.930
4393,09/16/2026 21:33:02,21.812
4394,09/16/2026 21:43:02,21.748
4395,09/16/2026 21:53:02,21.640
4396,09/16/2026 22:03:02,21.372
4397,09/16/2026 22:13:02,21.265
4398,09/16/2026 22:23:02,21.093
4399,09/16/2026 22:33:02,20.997
4400,09/16/2026 22:43:02,20.933
4401,09/16/2026 22:53:02,20.933
4402,09/16/2026 23:03:02,21.008
4403,09/16/2026 23:13:02,20.997
4404,09/16/2026 23:23:02,21.791
4405,09/16/2026 23:33:02,22.123
4406,09/16/2026 23:43:02,22.327
4407,09/16/2026 23:53:02,22.359
4408,09/17/2026 00:03:02,22.370
4409,09/17/2026 00:13:02,22.434
4410,09/17/2026 00:23:02,22.466
4411,09/17/2026 00:33:02,22.477
4412,09/17/2026 00:43:02,22.498
4413,09/17/2026 00:53:02,22.531
4414,09/17/2026 01:03:02,22.552
4415,09/17/2026 01:13:02,22.541
4416,09/17/2026 01:23:02,22.552
4417,09/17/2026 01:33:02,22.552
4418,09/17/2026 01:43:02,22.552
4419,09/17/2026 01:53:02,22.531
4420,09/17/2026 02:03:02,22.498
4421,09/17/2026 02:13:02,22.466
4422,09/17/2026 02:23:02,22.445
4423,09/17/2026 02:33:02,22.434
4424,09/17/2026 02:43:02,22.445
4425,09/17/2026 02:53:02,22.466
4426,09/17/2026 03:03:02,22.466
4427,09/17/2026 03:13:02,22.466
4428,09/17/2026 03:23:02,22.466
4429,09/17/2026 03:33:02,22.466
4430,09/17/2026 03:43:02,22.445
4431,09/17/2026 03:53:02,22.445
4432,09/17/2026 04:03:02,22.445
4433,09/17/2026 04:13:02,22.445
4434,09/17/2026 04:23:02,22.434
4435,09/17/2026 04:33:02,22.445
4436,09/17/2026 04:43:02,22.445
4437,09/17/2026 04:53:02,22.445
4438,09/17/2026 05:03:02,22.423
4439,09/17/2026 05:13:02,22.391
4440,09/17/2026 05:23:02,22.391
4441,09/17/2026 05:33:02,22.402
4442,09/17/2026 05:43:02,22.391
4443,09/17/2026 05:53:02,22.381
4444,09/17/2026 06:03:02,22.381
4445,09/17/2026 06:13:02,22.370
4446,09/17/2026 06:23:02,22.359
4447,09/17/2026 06:33:02,22.338
4448,09/17/2026 06:43:02,22.305
4449,09/17/2026 06:53:02,22.273
4450,09/17/2026 07:03:02,22.241
4451,09/17/2026 07:13:02,22.187
4452,09/17/2026 07:23:02,22.123
4453,09/17/2026 07:33:02,22.091
4454,09/17/2026 07:43:02,22.037
4455,09/17/2026 07:53:02,22.005
4456,09/17/2026 08:03:02,21.973
4457,09/17/2026 08:13:02,21.919
4458,09/17/2026 08:23:02,21.876
4459,09/17/2026 08:33:02,21.812
4460,09/17/2026 08:43:02,21.705
4461,09/17/2026 08:53:02,21.619
4462,09/17/2026 09:03:02,21.587
4463,09/17/2026 09:13:02,21.576
4464,09/17/2026 09:23:02,21.576
4465,09/17/2026 09:33:02,21.576
4466,09/17/2026 09:43:02,21.565
4467,09/17/2026 09:53:02,21.608
4468,09/17/2026 10:03:02,21.651
4469,09/17/2026 10:13:02,21.726
4470,09/17/2026 10:23:02,21.876
4471,09/17/2026 10:33:02,21.941
4472,09/17/2026 10:43:02,22.005
4473,09/17/2026 10:53:02,22.037
4474,09/17/2026 11:03:02,22.123
4475,09/17/2026 11:13:02,22.284
4476,09/17/2026 11:23:02,22.477
4477,09/17/2026 11:33:02,22.595
4478,09/17/2026 11:43:02,22.627
4479,09/17/2026 11:53:02,22.756
4480,09/17/2026 12:03:02,22.831
4481,09/17/2026 12:13:02,22.917
4482,09/17/2026 12:23:02,23.013
4483,09/17/2026 12:33:02,23.142
4484,09/17/2026 12:43:02,23.239
4485,09/17/2026 12:53:02,23.153
4486,09/17/2026 13:03:02,23.067
4487,09/17/2026 13:13:02,23.056
4488,09/17/2026 13:23:02,23.045
4489,09/17/2026 13:33:02,23.035
4490,09/17/2026 13:43:02,23.013
4491,09/17/2026 13:53:02,22.981
4492,09/17/2026 14:03:02,23.003
4493,09/17/2026 14:13:02,23.013
4494,09/17/2026 14:23:02,23.024
4495,09/17/2026 14:33:02,23.024
4496,09/17/2026 14:43:02,23.024
4497,09/17/2026 14:53:02,23.013
4498,09/17/2026 15:03:02,23.078
4499,09/17/2026 15:13:02,23.099
4500,09/17/2026 15:23:02,23.099
4501,09/17/2026 15:33:02,23.078
4502,09/17/2026 15:43:02,23.078
4503,09/17/2026 15:53:02,23.099
4504,09/17/2026 16:03:02,23.099
4505,09/17/2026 16:13:02,23.088
4506,09/17/2026 16:23:02,23.078
4507,09/17/2026 16:33:02,23.099
4508,09/17/2026 16:43:02,23.121
4509,09/17/2026 16:53:02,23.121
4510,09/17/2026 17:03:02,23.121
4511,09/17/2026 17:13:02,23.121
4512,09/17/2026 17:23:02,23.153
4513,09/17/2026 17:33:02,23.163
4514,09/17/2026 17:43:02,23.174
4515,09/17/2026 17:53:02,23.185
4516,09/17/2026 18:03:02,23.185
4517,09/17/2026 18:13:02,23.185
4518,09/17/2026 18:23:02,23.185
4519,09/17/2026 18:33:02,23.217
4520,09/17/2026 18:43:02,23.271
4521,09/17/2026 18:53:02,23.271
4522,09/17/2026 19:03:02,23.271
4523,09/17/2026 19:13:02,23.303
4524,09/17/2026 19:23:02,23.356
4525,09/17/2026 19:33:02,23.410
4526,09/17/2026 19:43:02,23.474
4527,09/17/2026 19:53:02,23.517
4528,09/17/2026 20:03:02,23.560
4529,09/17/2026 20:13:02,23.571
4530,09/17/2026 20:23:02,23.582
4531,09/17/2026 20:33:02,23.582
4532,09/17/2026 20:43:02,23.582
4533,09/17/2026 20:53:02,23.560
4534,09/17/2026 21:03:02,23.528
4535,09/17/2026 21:13:02,23.496
4536,09/17/2026 21:23:02,23.442
4537,09/17/2026 21:33:02,23.389
4538,09/17/2026 21:43:02,23.314
4539,09/17/2026 21:53:02,23.228
4540,09/17/2026 22:03:02,23.131
4541,09/17/2026 22:13:02,23.045
4542,09/17/2026 22:23:02,23.003
4543,09/17/2026 22:33:02,22.938
4544,09/17/2026 22:43:02,22.863
4545,09/17/2026 22:53:02,22.788
4546,09/17/2026 23:03:02,22.713
4547,09/17/2026 23:13:02,22.584
4548,09/17/2026 23:23:02,22.488
4549,09/17/2026 23:33:02,22.434
4550,09/17/2026 23:43:02,22.402
4551,09/17/2026 23:53:02,22.541
4552,09/18/2026 00:03:02,22.895
4553,09/18/2026 00:13:02,22.992
4554,09/18/2026 00:23:02,23.045
4555,09/18/2026 00:33:02,23.099
4556,09/18/2026 00:43:02,23.121
4557,09/18/2026 00:53:02,23.142
4558,09/18/2026 01:03:02,23.163
4559,09/18/2026 01:13:02,23.206
4560,09/18/2026 01:23:02,23.228
4561,09/18/2026 01:33:02,23.217
4562,09/18/2026 01:43:02,23.217
4563,09/18/2026 01:53:02,23.217
4564,09/18/2026 02:03:02,23.228
4565,09/18/2026 02:13:02,23.217
4566,09/18/2026 02:23:02,23.196
4567,09/18/2026 02:33:02,23.185
4568,09/18/2026 02:43:02,23.185
4569,09/18/2026 02:53:02,23.174
4570,09/18/2026 03:03:02,23.163
4571,09/18/2026 03:13:02,23.163
4572,09/18/2026 03:23:02,23.153
4573,09/18/2026 03:33:02,23.131
4574,09/18/2026 03:43:02,23.110
4575,09/18/2026 03:53:02,23.099
4576,09/18/2026 04:03:02,23.088
4577,09/18/2026 04:13:02,23.078
4578,09/18/2026 04:23:02,23.056
4579,09/18/2026 04:33:02,23.045
4580,09/18/2026 04:43:02,23.045
4581,09/18/2026 04:53:02,23.045
4582,09/18/2026 05:03:02,23.045
4583,09/18/2026 05:13:02,23.024
4584,09/18/2026 05:23:02,23.035
4585,09/18/2026 05:33:02,23.045
4586,09/18/2026 05:43:02,23.045
4587,09/18/2026 05:53:02,23.045
4588,09/18/2026 06:03:02,23.045
4589,09/18/2026 06:13:02,23.045
4590,09/18/2026 06:23:02,23.045
4591,09/18/2026 06:33:02,23.045
4592,09/18/2026 06:43:02,23.045
4593,09/18/2026 06:53:02,23.045
4594,09/18/2026 07:03:02,23.056
4595,09/18/2026 07:13:02,23.056
4596,09/18/2026 07:23:02,23.067
4597,09/18/2026 07:33:02,23.045
4598,09/18/2026 07:43:02,23.056
4599,09/18/2026 07:53:02,23.045
4600,09/18/2026 08:03:02,23.035
4601,09/18/2026 08:13:02,23.024
4602,09/18/2026 08:23:02,23.003
4603,09/18/2026 08:33:02,22.960
4604,09/18/2026 08:43:02,22.927
4605,09/18/2026 08:53:02,22.874
4606,09/18/2026 09:03:02,22.852
4607,09/18/2026 09:13:02,22.820
4608,09/18/2026 09:23:02,22.767
4609,09/18/2026 09:33:02,22.692
4610,09/18/2026 09:43:02,22.606
4611,09/18/2026 09:53:02,22.531
4612,09/18/2026 10:03:02,22.445
4613,09/18/2026 10:13:02,22.423
4614,09/18/2026 10:23:02,22.413
4615,09/18/2026 10:33:02,22.423
4616,09/18/2026 10:43:02,22.466
4617,09/18/2026 10:53:02,22.466
4618,09/18/2026 11:03:02,22.488
4619,09/18/2026 11:13:02,22.520
4620,09/18/2026 11:23:02,22.649
4621,09/18/2026 11:33:02,22.649
4622,09/18/2026 11:43:02,22.852
4623,09/18/2026 11:53:02,22.981
4624,09/18/2026 12:03:02,23.003
4625,09/18/2026 12:13:02,23.013
4626,09/18/2026 12:23:02,23.142
4627,09/18/2026 12:33:02,23.217
4628,09/18/2026 12:43:02,23.249
4629,09/18/2026 12:53:02,23.271
4630,09/18/2026 13:03:02,23.303
4631,09/18/2026 13:13:02,23.356
4632,09/18/2026 13:23:02,23.378
4633,09/18/2026 13:33:02,23.367
4634,09/18/2026 13:43:02,23.324
4635,09/18/2026 13:53:02,23.303
4636,09/18/2026 14:03:02,23.324
4637,09/18/2026 14:13:02,23.271
4638,09/18/2026 14:23:02,23.239
4639,09/18/2026 14:33:02,23.196
4640,09/18/2026 14:43:02,23.174
4641,09/18/2026 14:53:02,23.153
4642,09/18/2026 15:03:02,23.174
4643,09/18/2026 15:13:02,23.163
4644,09/18/2026 15:23:02,23.131
4645,09/18/2026 15:33:02,23.121
4646,09/18/2026 15:43:02,23.099
4647,09/18/2026 15:53:02,23.088
4648,09/18/2026 16:03:02,23.067
4649,09/18/2026 16:13:02,23.078
4650,09/18/2026 16:23:02,23.067
4651,09/18/2026 16:33:02,23.056
4652,09/18/2026 16:43:02,23.067
4653,09/18/2026 16:53:02,23.056
4654,09/18/2026 17:03:02,23.035
4655,09/18/2026 17:13:02,23.024
4656,09/18/2026 17:23:02,23.024
4657,09/18/2026 17:33:02,23.045
4658,09/18/2026 17:43:02,23.045
4659,09/18/2026 17:53:02,23.045
4660,09/18/2026 18:03:02,23.056
4661,09/18/2026 18:13:02,23.067
4662,09/18/2026 18:23:02,23.078
4663,09/18/2026 18:33:02,23.099
4664,09/18/2026 18:43:02,23.099
4665,09/18/2026 18:53:02,23.088
4666,09/18/2026 19:03:02,23.099
4667,09/18/2026 19:13:02,23.110
4668,09/18/2026 19:23:02,23.153
4669,09/18/2026 19:33:02,23.217
4670,09/18/2026 19:43:02,23.260
4671,09/18/2026 19:53:02,23.271
4672,09/18/2026 20:03:02,23.271
4673,09/18/2026 20:13:02,23.239
4674,09/18/2026 20:23:02,23.303
4675,09/18/2026 20:33:02,23.356
4676,09/18/2026 20:43:02,23.389
4677,09/18/2026 20:53:02,23.453
4678,09/18/2026 21:03:02,23.560
4679,09/18/2026 21:13:02,23.592
4680,09/18/2026 21:23:02,23.625
4681,09/18/2026 21:33:02,23.625
4682,09/18/2026 21:43:02,23.614
4683,09/18/2026 21:53:02,23.592
4684,09/18/2026 22:03:02,23.539
4685,09/18/2026 22:13:02,23.496
4686,09/18/2026 22:23:02,23.421
4687,09/18/2026 22:33:02,23.324
4688,09/18/2026 22:43:02,23.217
4689,09/18/2026 22:53:02,23.121
4690,09/18/2026 23:03:02,22.992
4691,09/18/2026 23:13:02,22.885
4692,09/18/2026 23:23:02,22.734
4693,09/18/2026 23:33:02,22.638
4694,09/18/2026 23:43:02,22.531
4695,09/18/2026 23:53:02,22.381
4696,09/19/2026 00:03:02,22.198
4697,09/19/2026 00:13:02,22.048
4698,09/19/2026 00:23:02,21.962
4699,09/19/2026 00:33:02,22.155
4700,09/19/2026 00:43:02,22.595
4701,09/19/2026 00:53:02,22.863
4702,09/19/2026 01:03:02,22.927
4703,09/19/2026 01:13:02,22.949
4704,09/19/2026 01:23:02,22.949
4705,09/19/2026 01:33:02,22.938
4706,09/19/2026 01:43:02,22.927
4707,09/19/2026 01:53:02,22.906
4708,09/19/2026 02:03:02,22.895
4709,09/19/2026 02:13:02,22.885
4710,09/19/2026 02:23:02,22.831
4711,09/19/2026 02:33:02,22.820
4712,09/19/2026 02:43:02,22.810
4713,09/19/2026 02:53:02,22.788
4714,09/19/2026 03:03:02,22.767
4715,09/19/2026 03:13:02,22.756
4716,09/19/2026 03:23:02,22.724
4717,09/19/2026 03:33:02,22.702
4718,09/19/2026 03:43:02,22.692
4719,09/19/2026 03:53:02,22.659
4720,09/19/2026 04:03:02,22.649
4721,09/19/2026 04:13:02,22.638
4722,09/19/2026 04:23:02,22.616
4723,09/19/2026 04:33:02,22.584
4724,09/19/2026 04:43:02,22.574
4725,09/19/2026 04:53:02,22.552
4726,09/19/2026 05:03:02,22.552
4727,09/19/2026 05:13:02,22.541
4728,09/19/2026 05:23:02,22.531
4729,09/19/2026 05:33:02,22.498
4730,09/19/2026 05:43:02,22.498
4731,09/19/2026 05:53:02,22.488
4732,09/19/2026 06:03:02,22.445
4733,09/19/2026 06:13:02,22.445
4734,09/19/2026 06:23:02,22.413
4735,09/19/2026 06:33:02,22.402
4736,09/19/2026 06:43:02,22.381
4737,09/19/2026 06:53:02,22.327
4738,09/19/2026 07:03:02,22.273
4739,09/19/2026 07:13:02,22.241
4740,09/19/2026 07:23:02,22.155
4741,09/19/2026 07:33:02,22.102
4742,09/19/2026 07:43:02,22.155
4743,09/19/2026 07:53:02,22.069
4744,09/19/2026 08:03:02,21.962
4745,09/19/2026 08:13:02,21.823
4746,09/19/2026 08:23:02,21.758
4747,09/19/2026 08:33:02,21.640
4748,09/19/2026 08:43:02,21.555
4749,09/19/2026 08:53:02,21.522
4750,09/19/2026 09:03:02,21.458
4751,09/19/2026 09:13:02,21.394
4752,09/19/2026 09:23:02,21.351
4753,09/19/2026 09:33:02,21.362
4754,09/19/2026 09:43:02,21.372
4755,09/19/2026 09:53:02,21.329
4756,09/19/2026 10:03:02,21.287
4757,09/19/2026 10:13:02,21.244
4758,09/19/2026 10:23:02,21.265
4759,09/19/2026 10:33:02,21.308
4760,09/19/2026 10:43:02,21.287
4761,09/19/2026 10:53:02,21.287
4762,09/19/2026 11:03:02,21.222
4763,09/19/2026 11:13:02,21.222
4764,09/19/2026 11:23:02,21.265
4765,09/19/2026 11:33:02,21.351
4766,09/19/2026 11:43:02,21.394
4767,09/19/2026 11:53:02,21.522
4768,09/19/2026 12:03:02,21.630
4769,09/19/2026 12:13:02,21.748
4770,09/19/2026 12:23:02,21.898
4771,09/19/2026 12:33:02,22.016
4772,09/19/2026 12:43:02,22.080
4773,09/19/2026 12:53:02,22.123
4774,09/19/2026 13:03:02,22.627
4775,09/19/2026 13:13:02,22.552
4776,09/19/2026 13:23:02,22.659
4777,09/19/2026 13:33:02,22.649
4778,09/19/2026 13:43:02,22.638
4779,09/19/2026 13:53:02,22.649
4780,09/19/2026 14:03:02,22.670
4781,09/19/2026 14:13:02,22.724
4782,09/19/2026 14:23:02,22.767
4783,09/19/2026 14:33:02,22.756
4784,09/19/2026 14:43:02,22.767
4785,09/19/2026 14:53:02,22.756
4786,09/19/2026 15:03:02,22.777
4787,09/19/2026 15:13:02,22.799
4788,09/19/2026 15:23:02,22.842
4789,09/19/2026 15:33:02,22.863
4790,09/19/2026 15:43:02,22.874
4791,09/19/2026 15:53:02,22.885
4792,09/19/2026 16:03:02,22.874
4793,09/19/2026 16:13:02,22.874
4794,09/19/2026 16:23:02,22.874
4795,09/19/2026 16:33:02,22.863
4796,09/19/2026 16:43:02,22.842
4797,09/19/2026 16:53:02,22.842
4798,09/19/2026 17:03:02,22.820
4799,09/19/2026 17:13:02,22.799
4800,09/19/2026 17:23:02,22.777
4801,09/19/2026 17:33:02,22.777
4802,09/19/2026 17:43:02,22.767
4803,09/19/2026 17:53:02,22.777
4804,09/19/2026 18:03:02,22.767
4805,09/19/2026 18:13:02,22.756
4806,09/19/2026 18:23:02,22.767
4807,09/19/2026 18:33:02,22.756
4808,09/19/2026 18:43:02,22.777
4809,09/19/2026 18:53:02,22.767
4810,09/19/2026 19:03:02,22.767
4811,09/19/2026 19:13:02,22.745
4812,09/19/2026 19:23:02,22.670
4813,09/19/2026 19:33:02,22.659
4814,09/19/2026 19:43:02,22.670
4815,09/19/2026 19:53:02,22.649
4816,09/19/2026 20:03:02,22.659
4817,09/19/2026 20:13:02,22.638
4818,09/19/2026 20:23:02,22.616
4819,09/19/2026 20:33:02,22.595
4820,09/19/2026 20:43:02,22.595
4821,09/19/2026 20:53:02,22.616
4822,09/19/2026 21:03:02,22.574
4823,09/19/2026 21:13:02,22.541
4824,09/19/2026 21:23:02,22.541
4825,09/19/2026 21:33:02,22.606
4826,09/19/2026 21:43:02,22.616
4827,09/19/2026 21:53:02,22.638
4828,09/19/2026 22:03:02,22.681
4829,09/19/2026 22:13:02,22.702
4830,09/19/2026 22:23:02,22.692
4831,09/19/2026 22:33:02,22.659
4832,09/19/2026 22:43:02,22.606
4833,09/19/2026 22:53:02,22.552
4834,09/19/2026 23:03:02,22.466
4835,09/19/2026 23:13:02,22.370
4836,09/19/2026 23:23:02,22.284
4837,09/19/2026 23:33:02,22.187
4838,09/19/2026 23:43:02,22.080
4839,09/19/2026 23:53:02,22.005
4840,09/20/2026 00:03:02,21.919
4841,09/20/2026 00:13:02,21.812
4842,09/20/2026 00:23:02,21.726
4843,09/20/2026 00:33:02,21.662
4844,09/20/2026 00:43:02,21.555
4845,09/20/2026 00:53:02,21.297
4846,09/20/2026 01:03:02,21.126
4847,09/20/2026 01:13:02,21.061
4848,09/20/2026 01:23:02,21.051
4849,09/20/2026 01:33:02,20.986
4850,09/20/2026 01:43:02,21.726
4851,09/20/2026 01:53:02,21.490
4852,09/20/2026 02:03:02,21.726
4853,09/20/2026 02:13:02,21.737
4854,09/20/2026 02:23:02,21.640
4855,09/20/2026 02:33:02,21.705
4856,09/20/2026 02:43:02,21.673
4857,09/20/2026 02:53:02,21.705
4858,09/20/2026 03:03:02,21.630
4859,09/20/2026 03:13:02,21.576
4860,09/20/2026 03:23:02,21.522
4861,09/20/2026 03:33:02,21.522
4862,09/20/2026 03:43:02,21.533
4863,09/20/2026 03:53:02,21.565
4864,09/20/2026 04:03:02,21.544
4865,09/20/2026 04:13:02,21.608
4866,09/20/2026 04:23:02,21.640
4867,09/20/2026 04:33:02,21.694
4868,09/20/2026 04:43:02,21.716
4869,09/20/2026 04:53:02,21.737
4870,09/20/2026 05:03:02,21.748
4871,09/20/2026 05:13:02,21.748
4872,09/20/2026 05:23:02,21.780
4873,09/20/2026 05:33:02,21.780
4874,09/20/2026 05:43:02,21.791
4875,09/20/2026 05:53:02,21.801
4876,09/20/2026 06:03:02,21.801
4877,09/20/2026 06:13:02,21.791
4878,09/20/2026 06:23:02,21.780
4879,09/20/2026 06:33:02,21.758
4880,09/20/2026 06:43:02,21.748
4881,09/20/2026 06:53:02,21.758
4882,09/20/2026 07:03:02,21.705
4883,09/20/2026 07:13:02,21.748
4884,09/20/2026 07:23:02,21.662
4885,09/20/2026 07:33:02,21.705
4886,09/20/2026 07:43:02,21.737
4887,09/20/2026 07:53:02,21.694
4888,09/20/2026 08:03:02,21.683
4889,09/20/2026 08:13:02,21.555
4890,09/20/2026 08:23:02,21.533
4891,09/20/2026 08:33:02,21.555
4892,09/20/2026 08:43:02,21.522
4893,09/20/2026 08:53:02,21.469
4894,09/20/2026 09:03:02,21.437
4895,09/20/2026 09:13:02,21.394
4896,09/20/2026 09:23:02,21.351
4897,09/20/2026 09:33:02,21.276
4898,09/20/2026 09:43:02,21.179
4899,09/20/2026 09:53:02,21.115
4900,09/20/2026 10:03:02,21.061
4901,09/20/2026 10:13:02,20.997
4902,09/20/2026 10:23:02,20.911
4903,09/20/2026 10:33:02,20.858
4904,09/20/2026 10:43:02,20.804
4905,09/20/2026 10:53:02,20.718
4906,09/20/2026 11:03:02,20.675
4907,09/20/2026 11:13:02,20.654
4908,09/20/2026 11:23:02,20.600
4909,09/20/2026 11:33:02,20.547
4910,09/20/2026 11:43:02,20.493
4911,09/20/2026 11:53:02,20.429
4912,09/20/2026 12:03:02,20.375
4913,09/20/2026 12:13:02,20.311
4914,09/20/2026 12:23:02,20.225
4915,09/20/2026 12:33:02,20.139
4916,09/20/2026 12:43:02,20.064
4917,09/20/2026 12:53:02,19.978
4918,09/20/2026 13:03:02,19.903
4919,09/20/2026 13:13:02,19.849
4920,09/20/2026 13:23:02,19.806
4921,09/20/2026 13:33:02,19.764
4922,09/20/2026 13:43:02,19.764
4923,09/20/2026 13:53:02,19.796
4924,09/20/2026 14:03:02,20.321
4925,09/20/2026 14:13:02,20.536
4926,09/20/2026 14:23:02,20.858
4927,09/20/2026 14:33:02,21.061
4928,09/20/2026 14:43:02,21.254
4929,09/20/2026 14:53:02,21.169
4930,09/20/2026 15:03:02,20.997
4931,09/20/2026 15:13:02,20.911
4932,09/20/2026 15:23:02,20.858
4933,09/20/2026 15:33:02,20.879
4934,09/20/2026 15:43:02,20.890
4935,09/20/2026 15:53:02,20.922
4936,09/20/2026 16:03:02,20.997
4937,09/20/2026 16:13:02,21.008
4938,09/20/2026 16:23:02,21.061
4939,09/20/2026 16:33:02,21.072
4940,09/20/2026 16:43:02,21.115
4941,09/20/2026 16:53:02,21.115
4942,09/20/2026 17:03:02,21.147
4943,09/20/2026 17:13:02,21.179
4944,09/20/2026 17:23:02,21.211
4945,09/20/2026 17:33:02,21.244
4946,09/20/2026 17:43:02,21.276
4947,09/20/2026 17:53:02,21.308
4948,09/20/2026 18:03:02,21.319
4949,09/20/2026 18:13:02,21.351
4950,09/20/2026 18:23:02,21.351
4951,09/20/2026 18:33:02,21.362
4952,09/20/2026 18:43:02,21.415
4953,09/20/2026 18:53:02,21.405
4954,09/20/2026 19:03:02,21.394
4955,09/20/2026 19:13:02,21.372
4956,09/20/2026 19:23:02,21.415
4957,09/20/2026 19:33:02,21.426
4958,09/20/2026 19:43:02,21.437
4959,09/20/2026 19:53:02,21.437
4960,09/20/2026 20:03:02,21.415
4961,09/20/2026 20:13:02,21.383
4962,09/20/2026 20:23:02,21.329
4963,09/20/2026 20:33:02,21.319
4964,09/20/2026 20:43:02,21.211
4965,09/20/2026 20:53:02,21.201
4966,09/20/2026 21:03:02,21.211
4967,09/20/2026 21:13:02,21.147
4968,09/20/2026 21:23:02,21.008
4969,09/20/2026 21:33:02,20.922
4970,09/20/2026 21:43:02,20.858
4971,09/20/2026 21:53:02,20.793
4972,09/20/2026 22:03:02,20.815
4973,09/20/2026 22:13:02,20.815
4974,09/20/2026 22:23:02,20.772
4975,09/20/2026 22:33:02,20.718
4976,09/20/2026 22:43:02,20.707
4977,09/20/2026 22:53:02,20.686
4978,09/20/2026 23:03:02,20.664
4979,09/20/2026 23:13:02,20.654
4980,09/20/2026 23:23:02,20.632
4981,09/20/2026 23:33:02,20.557
4982,09/20/2026 23:43:02,20.461
4983,09/20/2026 23:53:02,20.353
4984,09/21/2026 00:03:02,20.268
4985,09/21/2026 00:13:02,20.193
4986,09/21/2026 00:23:02,20.139
4987,09/21/2026 00:33:02,20.085
4988,09/21/2026 00:43:02,20.021
4989,09/21/2026 00:53:02,19.978
4990,09/21/2026 01:03:02,19.935
4991,09/21/2026 01:13:02,19.882
4992,09/21/2026 01:23:02,19.839
4993,09/21/2026 01:33:02,19.796
4994,09/21/2026 01:43:02,19.753
4995,09/21/2026 01:53:02,19.689
4996,09/21/2026 02:03:02,19.635
4997,09/21/2026 02:13:02,19.624
4998,09/21/2026 02:23:02,19.560
4999,09/21/2026 02:33:02,19.967
5000,09/21/2026 02:43:02,21.051
5001,09/21/2026 02:53:02,21.362
5002,09/21/2026 03:03:02,21.458
5003,09/21/2026 03:13:02,21.490
5004,09/21/2026 03:23:02,21.469
5005,09/21/2026 03:33:02,21.458
5006,09/21/2026 03:43:02,21.426
5007,09/21/2026 03:53:02,21.405
5008,09/21/2026 04:03:02,21.362
5009,09/21/2026 04:13:02,21.458
5010,09/21/2026 04:23:02,21.501
5011,09/21/2026 04:33:02,21.469
5012,09/21/2026 04:43:02,21.480
5013,09/21/2026 04:53:02,21.458
5014,09/21/2026 05:03:02,21.458
5015,09/21/2026 05:13:02,21.458
5016,09/21/2026 05:23:02,21.447
5017,09/21/2026 05:33:02,21.437
5018,09/21/2026 05:43:02,21.437
5019,09/21/2026 05:53:02,21.415
5020,09/21/2026 06:03:02,21.405
5021,09/21/2026 06:13:02,21.394
5022,09/21/2026 06:23:02,21.383
5023,09/21/2026 06:33:02,21.372
5024,09/21/2026 06:43:02,21.372
5025,09/21/2026 06:53:02,21.372
5026,09/21/2026 07:03:02,21.351
5027,09/21/2026 07:13:02,21.351
5028,09/21/2026 07:23:02,21.351
5029,09/21/2026 07:33:02,21.351
5030,09/21/2026 07:43:02,21.340
5031,09/21/2026 07:53:02,21.276
5032,09/21/2026 08:03:02,21.265
5033,09/21/2026 08:13:02,21.297
5034,09/21/2026 08:23:02,21.265
5035,09/21/2026 08:33:02,21.233
5036,09/21/2026 08:43:02,21.244
5037,09/21/2026 08:53:02,21.265
5038,09/21/2026 09:03:02,21.211
5039,09/21/2026 09:13:02,21.201
5040,09/21/2026 09:23:02,21.169
5041,09/21/2026 09:33:02,21.147
5042,09/21/2026 09:43:02,21.104
5043,09/21/2026 09:53:02,21.136
5044,09/21/2026 10:03:02,21.040
5045,09/21/2026 10:13:02,20.986
5046,09/21/2026 10:23:02,20.976
5047,09/21/2026 10:33:02,21.008
5048,09/21/2026 10:43:02,21.018
5049,09/21/2026 10:53:02,21.029
5050,09/21/2026 11:03:02,21.051
5051,09/21/2026 11:13:02,21.061
5052,09/21/2026 11:23:02,21.072
5053,09/21/2026 11:33:02,21.093
5054,09/21/2026 11:43:02,21.093
5055,09/21/2026 11:53:02,21.093
5056,09/21/2026 12:03:02,21.115
5057,09/21/2026 12:13:02,21.190
5058,09/21/2026 12:23:02,21.276
5059,09/21/2026 12:33:02,21.372
5060,09/21/2026 12:43:02,21.437
5061,09/21/2026 12:53:02,21.512
5062,09/21/2026 13:03:02,21.533
5063,09/21/2026 13:13:02,21.608
5064,09/21/2026 13:23:02,21.673
5065,09/21/2026 13:33:02,21.705
5066,09/21/2026 13:43:02,21.780
5067,09/21/2026 13:53:02,21.876
5068,09/21/2026 14:03:02,22.005
5069,09/21/2026 14:13:02,22.037
5070,09/21/2026 14:23:02,22.155
5071,09/21/2026 14:33:02,22.348
5072,09/21/2026 14:43:02,22.220
5073,09/21/2026 14:53:02,21.952
5074,09/21/2026 15:03:02,21.748
5075,09/21/2026 15:13:02,21.726
5076,09/21/2026 15:23:02,21.791
5077,09/21/2026 15:33:02,21.780
5078,09/21/2026 15:43:02,21.812
5079,09/21/2026 15:53:02,21.919
5080,09/21/2026 16:03:02,21.994
5081,09/21/2026 16:13:02,22.016
5082,09/21/2026 16:23:02,21.994
5083,09/21/2026 16:33:02,21.973
5084,09/21/2026 16:43:02,21.952
5085,09/21/2026 16:53:02,21.952
5086,09/21/2026 17:03:02,21.919
5087,09/21/2026 17:13:02,21.887
5088,09/21/2026 17:23:02,21.855
5089,09/21/2026 17:33:02,21.812
5090,09/21/2026 17:43:02,21.791
5091,09/21/2026 17:53:02,21.748
5092,09/21/2026 18:03:02,21.726
5093,09/21/2026 18:13:02,21.716
5094,09/21/2026 18:23:02,21.705
5095,09/21/2026 18:33:02,21.694
5096,09/21/2026 18:43:02,21.694
5097,09/21/2026 18:53:02,21.683
5098,09/21/2026 19:03:02,21.673
5099,09/21/2026 19:13:02,21.683
5100,09/21/2026 19:23:02,21.662
5101,09/21/2026 19:33:02,21.662
5102,09/21/2026 19:43:02,21.662
5103,09/21/2026 19:53:02,21.662
5104,09/21/2026 20:03:02,21.651
5105,09/21/2026 20:13:02,21.640
5106,09/21/2026 20:23:02,21.608
5107,09/21/2026 20:33:02,21.619
5108,09/21/2026 20:43:02,21.630
5109,09/21/2026 20:53:02,21.640
5110,09/21/2026 21:03:02,21.630
5111,09/21/2026 21:13:02,21.630
5112,09/21/2026 21:23:02,21.598
5113,09/21/2026 21:33:02,21.544
5114,09/21/2026 21:43:02,21.490
5115,09/21/2026 21:53:02,21.480
5116,09/21/2026 22:03:02,21.469
5117,09/21/2026 22:13:02,21.447
5118,09/21/2026 22:23:02,21.415
5119,09/21/2026 22:33:02,21.383
5120,09/21/2026 22:43:02,21.372
5121,09/21/2026 22:53:02,21.362
5122,09/21/2026 23:03:02,21.319
5123,09/21/2026 23:13:02,21.287
5124,09/21/2026 23:23:02,21.254
5125,09/21/2026 23:33:02,21.254
5126,09/21/2026 23:43:02,21.222
5127,09/21/2026 23:53:02,21.201
5128,09/22/2026 00:03:02,21.201
5129,09/22/2026 00:13:02,21.169
5130,09/22/2026 00:23:02,21.136
5131,09/22/2026 00:33:02,21.104
5132,09/22/2026 00:43:02,21.040
5133,09/22/2026 00:53:02,21.008
5134,09/22/2026 01:03:02,20.943
5135,09/22/2026 01:13:02,20.879
5136,09/22/2026 01:23:02,20.793
5137,09/22/2026 01:33:02,20.686
5138,09/22/2026 01:43:02,20.547
5139,09/22/2026 01:53:02,20.461
5140,09/22/2026 02:03:02,20.353
5141,09/22/2026 02:13:02,20.268
5142,09/22/2026 02:23:02,20.171
5143,09/22/2026 02:33:02,20.107
5144,09/22/2026 02:43:02,20.064
5145,09/22/2026 02:53:02,19.914
5146,09/22/2026 03:03:02,19.806
5147,09/22/2026 03:13:02,19.656
5148,09/22/2026 03:23:02,19.721
5149,09/22/2026 03:33:02,19.806
5150,09/22/2026 03:43:02,20.858
5151,09/22/2026 03:53:02,21.308
5152,09/22/2026 04:03:02,21.362
5153,09/22/2026 04:13:02,21.351
5154,09/22/2026 04:23:02,21.276
5155,09/22/2026 04:33:02,21.179
5156,09/22/2026 04:43:02,21.126
5157,09/22/2026 04:53:02,21.115
5158,09/22/2026 05:03:02,21.179
5159,09/22/2026 05:13:02,21.169
5160,09/22/2026 05:23:02,21.115
5161,09/22/2026 05:33:02,21.126
5162,09/22/2026 05:43:02,21.104
5163,09/22/2026 05:53:02,21.115
5164,09/22/2026 06:03:02,21.104
5165,09/22/2026 06:13:02,21.051
5166,09/22/2026 06:23:02,21.029
5167,09/22/2026 06:33:02,20.997
5168,09/22/2026 06:43:02,20.976
5169,09/22/2026 06:53:02,20.965
5170,09/22/2026 07:03:02,20.943
5171,09/22/2026 07:13:02,20.922
5172,09/22/2026 07:23:02,20.911
5173,09/22/2026 07:33:02,20.900
5174,09/22/2026 07:43:02,20.890
5175,09/22/2026 07:53:02,20.879
5176,09/22/2026 08:03:02,20.879
5177,09/22/2026 08:13:02,20.858
5178,09/22/2026 08:23:02,20.858
5179,09/22/2026 08:33:02,20.858
5180,09/22/2026 08:43:02,20.825
5181,09/22/2026 08:53:02,20.836
5182,09/22/2026 09:03:02,20.825
5183,09/22/2026 09:13:02,20.815
5184,09/22/2026 09:23:02,20.804
5185,09/22/2026 09:33:02,20.804
5186,09/22/2026 09:43:02,20.772
5187,09/22/2026 09:53:02,20.772
5188,09/22/2026 10:03:02,20.772
5189,09/22/2026 10:13:02,20.740
5190,09/22/2026 10:23:02,20.675
5191,09/22/2026 10:33:02,20.654
5192,09/22/2026 10:43:02,20.664
5193,09/22/2026 10:53:02,20.664
5194,09/22/2026 11:03:02,20.654
5195,09/22/2026 11:13:02,20.600
5196,09/22/2026 11:23:02,20.514
5197,09/22/2026 11:33:02,20.493
5198,09/22/2026 11:43:02,20.493
5199,09/22/2026 11:53:02,20.482
5200,09/22/2026 12:03:02,20.482
5201,09/22/2026 12:13:02,20.482
5202,09/22/2026 12:23:02,20.514
5203,09/22/2026 12:33:02,20.514
5204,09/22/2026 12:43:02,20.536
5205,09/22/2026 12:53:02,20.547
5206,09/22/2026 13:03:02,20.579
5207,09/22/2026 13:13:02,20.654
5208,09/22/2026 13:23:02,20.718
5209,09/22/2026 13:33:02,20.740
5210,09/22/2026 13:43:02,20.858
5211,09/22/2026 13:53:02,20.943
5212,09/22/2026 14:03:02,21.018
5213,09/22/2026 14:13:02,21.051
5214,09/22/2026 14:23:02,21.029
5215,09/22/2026 14:33:02,20.954
5216,09/22/2026 14:43:02,20.890
5217,09/22/2026 14:53:02,20.933
5218,09/22/2026 15:03:02,20.976
5219,09/22/2026 15:13:02,20.976
5220,09/22/2026 15:23:02,20.954
5221,09/22/2026 15:33:02,20.965
5222,09/22/2026 15:43:02,20.976
5223,09/22/2026 15:53:02,21.147
5224,09/22/2026 16:03:02,21.297
5225,09/22/2026 16:13:02,21.244
5226,09/22/2026 16:23:02,21.147
5227,09/22/2026 16:33:02,21.104
5228,09/22/2026 16:43:02,21.051
5229,09/22/2026 16:53:02,21.029
5230,09/22/2026 17:03:02,21.051
5231,09/22/2026 17:13:02,21.029
5232,09/22/2026 17:23:02,21.018
5233,09/22/2026 17:33:02,21.008
5234,09/22/2026 17:43:02,20.986
5235,09/22/2026 17:53:02,20.965
5236,09/22/2026 18:03:02,20.933
5237,09/22/2026 18:13:02,20.922
5238,09/22/2026 18:23:02,20.911
5239,09/22/2026 18:33:02,20.890
5240,09/22/2026 18:43:02,20.890
5241,09/22/2026 18:53:02,20.858
5242,09/22/2026 19:03:02,20.825
5243,09/22/2026 19:13:02,20.793
5244,09/22/2026 19:23:02,20.772
5245,09/22/2026 19:33:02,20.750
5246,09/22/2026 19:43:02,20.729
5247,09/22/2026 19:53:02,20.707
5248,09/22/2026 20:03:02,20.686
5249,09/22/2026 20:13:02,20.664
5250,09/22/2026 20:23:02,20.654
5251,09/22/2026 20:33:02,20.632
5252,09/22/2026 20:43:02,20.632
5253,09/22/2026 20:53:02,20.622
5254,09/22/2026 21:03:02,20.600
5255,09/22/2026 21:13:02,20.600
5256,09/22/2026 21:23:02,20.579
5257,09/22/2026 21:33:02,20.547
5258,09/22/2026 21:43:02,20.514
5259,09/22/2026 21:53:02,20.493
5260,09/22/2026 22:03:02,20.429
5261,09/22/2026 22:13:02,20.386
5262,09/22/2026 22:23:02,20.353
5263,09/22/2026 22:33:02,20.311
5264,09/22/2026 22:43:02,20.278
5265,09/22/2026 22:53:02,20.257
5266,09/22/2026 23:03:02,20.214
5267,09/22/2026 23:13:02,20.171
5268,09/22/2026 23:23:02,20.085
5269,09/22/2026 23:33:02,20.010
5270,09/22/2026 23:43:02,19.957
5271,09/22/2026 23:53:02,19.903
5272,09/23/2026 00:03:02,19.839
5273,09/23/2026 00:13:02,19.796
5274,09/23/2026 00:23:02,19.742
5275,09/23/2026 00:33:02,19.678
5276,09/23/2026 00:43:02,19.624
5277,09/23/2026 00:53:02,19.592
5278,09/23/2026 01:03:02,19.528
5279,09/23/2026 01:13:02,19.463
5280,09/23/2026 01:23:02,19.377
5281,09/23/2026 01:33:02,19.302
5282,09/23/2026 01:43:02,19.206
5283,09/23/2026 01:53:02,19.109
5284,09/23/2026 02:03:02,18.991
5285,09/23/2026 02:13:02,18.873
5286,09/23/2026 02:23:02,18.745
5287,09/23/2026 02:33:02,18.509
5288,09/23/2026 02:43:02,18.241
5289,09/23/2026 02:53:02,18.026
5290,09/23/2026 03:03:02,17.897
5291,09/23/2026 03:13:02,17.758
5292,09/23/2026 03:23:02,17.726
5293,09/23/2026 03:33:02,17.661
5294,09/23/2026 03:43:02,17.554
5295,09/23/2026 03:53:02,17.436
5296,09/23/2026 04:03:02,17.308
5297,09/23/2026 04:13:02,17.318
5298,09/23/2026 04:23:02,18.369
5299,09/23/2026 04:33:02,19.624
5300,09/23/2026 04:43:02,19.957
5301,09/23/2026 04:53:02,20.000
5302,09/23/2026 05:03:02,19.882
5303,09/23/2026 05:13:02,19.764
5304,09/23/2026 05:23:02,19.624
5305,09/23/2026 05:33:02,19.624
5306,09/23/2026 05:43:02,19.667
5307,09/23/2026 05:53:02,19.624
5308,09/23/2026 06:03:02,19.538
5309,09/23/2026 06:13:02,19.474
5310,09/23/2026 06:23:02,19.463
5311,09/23/2026 06:33:02,19.453
5312,09/23/2026 06:43:02,19.420
5313,09/23/2026 06:53:02,19.420
5314,09/23/2026 07:03:02,19.399
5315,09/23/2026 07:13:02,19.399
5316,09/23/2026 07:23:02,19.388
5317,09/23/2026 07:33:02,19.453
5318,09/23/2026 07:43:02,19.495
5319,09/23/2026 07:53:02,19.506
5320,09/23/2026 08:03:02,19.495
5321,09/23/2026 08:13:02,19.485
5322,09/23/2026 08:23:02,19.517
5323,09/23/2026 08:33:02,19.506
5324,09/23/2026 08:43:02,19.485
5325,09/23/2026 08:53:02,19.506
5326,09/23/2026 09:03:02,19.506
5327,09/23/2026 09:13:02,19.549
5328,09/23/2026 09:23:02,19.560
5329,09/23/2026 09:33:02,19.528
5330,09/23/2026 09:43:02,19.538
5331,09/23/2026 09:53:02,19.571
5332,09/23/2026 10:03:02,19.592
5333,09/23/2026 10:13:02,19.581
5334,09/23/2026 10:23:02,19.592
5335,09/23/2026 10:33:02,19.560
5336,09/23/2026 10:43:02,19.592
5337,09/23/2026 10:53:02,19.571
5338,09/23/2026 11:03:02,19.560
5339,09/23/2026 11:13:02,19.581
5340,09/23/2026 11:23:02,19.581
5341,09/23/2026 11:33:02,19.581
5342,09/23/2026 11:43:02,19.571
5343,09/23/2026 11:53:02,19.592
5344,09/23/2026 12:03:02,19.592
5345,09/23/2026 12:13:02,19.592
5346,09/23/2026 12:23:02,19.571
5347,09/23/2026 12:33:02,19.549
5348,09/23/2026 12:43:02,19.624
5349,09/23/2026 12:53:02,19.635
5350,09/23/2026 13:03:02,19.592
5351,09/23/2026 13:13:02,19.624
5352,09/23/2026 13:23:02,19.592
5353,09/23/2026 13:33:02,19.538
5354,09/23/2026 13:43:02,19.538
5355,09/23/2026 13:53:02,19.506
5356,09/23/2026 14:03:02,19.506
5357,09/23/2026 14:13:02,19.474
5358,09/23/2026 14:23:02,19.474
5359,09/23/2026 14:33:02,19.495
5360,09/23/2026 14:43:02,19.506
5361,09/23/2026 14:53:02,19.506
5362,09/23/2026 15:03:02,19.538
5363,09/23/2026 15:13:02,19.592
5364,09/23/2026 15:23:02,19.667
5365,09/23/2026 15:33:02,19.764
5366,09/23/2026 15:43:02,19.817
5367,09/23/2026 15:53:02,19.882
5368,09/23/2026 16:03:02,19.892
5369,09/23/2026 16:13:02,19.914
5370,09/23/2026 16:23:02,19.914
5371,09/23/2026 16:33:02,19.860
5372,09/23/2026 16:43:02,20.021
5373,09/23/2026 16:53:02,20.042
5374,09/23/2026 17:03:02,19.989
5375,09/23/2026 17:13:02,19.989
5376,09/23/2026 17:23:02,19.967
5377,09/23/2026 17:33:02,19.967
5378,09/23/2026 17:43:02,19.967
5379,09/23/2026 17:53:02,19.978
5380,09/23/2026 18:03:02,19.967
5381,09/23/2026 18:13:02,19.935
5382,09/23/2026 18:23:02,19.914
5383,09/23/2026 18:33:02,19.903
5384,09/23/2026 18:43:02,19.892
5385,09/23/2026 18:53:02,19.882
5386,09/23/2026 19:03:02,19.860
5387,09/23/2026 19:13:02,19.828
5388,09/23/2026 19:23:02,19.806
5389,09/23/2026 19:33:02,19.785
5390,09/23/2026 19:43:02,19.764
5391,09/23/2026 19:53:02,19.742
5392,09/23/2026 20:03:02,19.721
5393,09/23/2026 20:13:02,19.699
5394,09/23/2026 20:23:02,19.689
5395,09/23/2026 20:33:02,19.667
5396,09/23/2026 20:43:02,19.635
5397,09/23/2026 20:53:02,19.624
5398,09/23/2026 21:03:02,19.613
5399,09/23/2026 21:13:02,19.592
5400,09/23/2026 21:23:02,19.592
5401,09/23/2026 21:33:02,19.592
5402,09/23/2026 21:43:02,19.592
5403,09/23/2026 21:53:02,19.549
5404,09/23/2026 22:03:02,19.538
5405,09/23/2026 22:13:02,19.560
5406,09/23/2026 22:23:02,19.528
5407,09/23/2026 22:33:02,19.474
5408,09/23/2026 22:43:02,19.463
5409,09/23/2026 22:53:02,19.399
5410,09/23/2026 23:03:02,19.356
5411,09/23/2026 23:13:02,19.335
5412,09/23/2026 23:23:02,19.302
5413,09/23/2026 23:33:02,19.249
5414,09/23/2026 23:43:02,19.184
5415,09/23/2026 23:53:02,19.131
5416,09/24/2026 00:03:02,19.066
5417,09/24/2026 00:13:02,18.970
5418,09/24/2026 00:23:02,18.906
5419,09/24/2026 00:33:02,18.852
5420,09/24/2026 00:43:02,18.809
5421,09/24/2026 00:53:02,18.755
5422,09/24/2026 01:03:02,18.691
5423,09/24/2026 01:13:02,18.616
5424,09/24/2026 01:23:02,18.562
5425,09/24/2026 01:33:02,18.487
5426,09/24/2026 01:43:02,18.412
5427,09/24/2026 01:53:02,18.359
5428,09/24/2026 02:03:02,18.294
5429,09/24/2026 02:13:02,18.241
5430,09/24/2026 02:23:02,18.176
5431,09/24/2026 02:33:02,18.080
5432,09/24/2026 02:43:02,17.994
5433,09/24/2026 02:53:02,17.897
5434,09/24/2026 03:03:02,17.779
5435,09/24/2026 03:13:02,17.640
5436,09/24/2026 03:23:02,17.468
5437,09/24/2026 03:33:02,17.211
5438,09/24/2026 03:43:02,16.943
5439,09/24/2026 03:53:02,16.750
5440,09/24/2026 04:03:02,16.632
5441,09/24/2026 04:13:02,16.600
5442,09/24/2026 04:23:02,16.589
5443,09/24/2026 04:33:02,16.353
5444,09/24/2026 04:43:02,16.289
5445,09/24/2026 04:53:02,16.246
5446,09/24/2026 05:03:02,16.460
5447,09/24/2026 05:13:02,18.391
5448,09/24/2026 05:23:02,19.109
5449,09/24/2026 05:33:02,19.077
5450,09/24/2026 05:43:02,18.938
5451,09/24/2026 05:53:02,18.927
5452,09/24/2026 06:03:02,18.873
5453,09/24/2026 06:13:02,18.916
5454,09/24/2026 06:23:02,18.906
5455,09/24/2026 06:33:02,18.798
5456,09/24/2026 06:43:02,18.734
5457,09/24/2026 06:53:02,18.723
5458,09/24/2026 07:03:02,18.755
5459,09/24/2026 07:13:02,18.755
5460,09/24/2026 07:23:02,18.788
5461,09/24/2026 07:33:02,18.766
5462,09/24/2026 07:43:02,18.734
5463,09/24/2026 07:53:02,18.734
5464,09/24/2026 08:03:02,18.755
5465,09/24/2026 08:13:02,18.777
5466,09/24/2026 08:23:02,18.766
5467,09/24/2026 08:33:02,18.788
5468,09/24/2026 08:43:02,18.788
5469,09/24/2026 08:53:02,18.820
5470,09/24/2026 09:03:02,18.841
5471,09/24/2026 09:13:02,18.830
5472,09/24/2026 09:23:02,18.884
5473,09/24/2026 09:33:02,18.873
5474,09/24/2026 09:43:02,18.873
5475,09/24/2026 09:53:02,18.873
5476,09/24/2026 10:03:02,18.873
5477,09/24/2026 10:13:02,18.873
5478,09/24/2026 10:23:02,18.884
5479,09/24/2026 10:33:02,18.906
5480,09/24/2026 10:43:02,18.916
5481,09/24/2026 10:53:02,18.927
5482,09/24/2026 11:03:02,18.938
5483,09/24/2026 11:13:02,18.927
5484,09/24/2026 11:23:02,18.959
5485,09/24/2026 11:33:02,18.981
5486,09/24/2026 11:43:02,18.991
5487,09/24/2026 11:53:02,19.013
5488,09/24/2026 12:03:02,19.034
5489,09/24/2026 12:13:02,19.045
5490,09/24/2026 12:23:02,19.077
5491,09/24/2026 12:33:02,19.077
5492,09/24/2026 12:43:02,19.077
5493,09/24/2026 12:53:02,19.099
5494,09/24/2026 13:03:02,19.109
5495,09/24/2026 13:13:02,19.120
5496,09/24/2026 13:23:02,19.142
5497,09/24/2026 13:33:02,19.131
5498,09/24/2026 13:43:02,19.109
5499,09/24/2026 13:53:02,19.109
5500,09/24/2026 14:03:02,19.131
5501,09/24/2026 14:13:02,19.131
5502,09/24/2026 14:23:02,19.131
5503,09/24/2026 14:33:02,19.109
5504,09/24/2026 14:43:02,19.109
5505,09/24/2026 14:53:02,19.099
5506,09/24/2026 15:03:02,19.077
5507,09/24/2026 15:13:02,19.066
5508,09/24/2026 15:23:02,19.066
5509,09/24/2026 15:33:02,19.109
5510,09/24/2026 15:43:02,19.195
5511,09/24/2026 15:53:02,19.227
5512,09/24/2026 16:03:02,19.217
5513,09/24/2026 16:13:02,19.195
5514,09/24/2026 16:23:02,19.184
5515,09/24/2026 16:33:02,19.152
5516,09/24/2026 16:43:02,19.088
5517,09/24/2026 16:53:02,19.002
5518,09/24/2026 17:03:02,18.959
5519,09/24/2026 17:13:02,18.884
5520,09/24/2026 17:23:02,19.099
5521,09/24/2026 17:33:02,19.206
5522,09/24/2026 17:43:02,19.238
5523,09/24/2026 17:53:02,19.249
5524,09/24/2026 18:03:02,19.281
5525,09/24/2026 18:13:02,19.292
5526,09/24/2026 18:23:02,19.249
5527,09/24/2026 18:33:02,19.281
5528,09/24/2026 18:43:02,19.292
5529,09/24/2026 18:53:02,19.292
5530,09/24/2026 19:03:02,19.281
5531,09/24/2026 19:13:02,19.281
5532,09/24/2026 19:23:02,19.281
5533,09/24/2026 19:33:02,19.281
5534,09/24/2026 19:43:02,19.281
5535,09/24/2026 19:53:02,19.292
5536,09/24/2026 20:03:02,19.313
5537,09/24/2026 20:13:02,19.313
5538,09/24/2026 20:23:02,19.335
5539,09/24/2026 20:33:02,19.356
5540,09/24/2026 20:43:02,19.367
5541,09/24/2026 20:53:02,19.367
5542,09/24/2026 21:03:02,19.388
5543,09/24/2026 21:13:02,19.388
5544,09/24/2026 21:23:02,19.388
5545,09/24/2026 21:33:02,19.388
5546,09/24/2026 21:43:02,19.377
5547,09/24/2026 21:53:02,19.388
5548,09/24/2026 22:03:02,19.367
5549,09/24/2026 22:13:02,19.335
5550,09/24/2026 22:23:02,19.356
5551,09/24/2026 22:33:02,19.335
5552,09/24/2026 22:43:02,19.377
5553,09/24/2026 22:53:02,19.302
5554,09/24/2026 23:03:02,19.260
5555,09/24/2026 23:13:02,19.260
5556,09/24/2026 23:23:02,19.270
5557,09/24/2026 23:33:02,19.195
5558,09/24/2026 23:43:02,19.142
5559,09/24/2026 23:53:02,19.131
5560,09/25/2026 00:03:02,19.088
5561,09/25/2026 00:13:02,19.013
5562,09/25/2026 00:23:02,18.948
5563,09/25/2026 00:33:02,18.873
5564,09/25/2026 00:43:02,18.788
5565,09/25/2026 00:53:02,18.691
5566,09/25/2026 01:03:02,18.605
5567,09/25/2026 01:13:02,18.552
5568,09/25/2026 01:23:02,18.466
5569,09/25/2026 01:33:02,18.391
5570,09/25/2026 01:43:02,18.305
5571,09/25/2026 01:53:02,18.230
5572,09/25/2026 02:03:02,18.123
5573,09/25/2026 02:13:02,18.058
5574,09/25/2026 02:23:02,17.983
5575,09/25/2026 02:33:02,17.908
5576,09/25/2026 02:43:02,17.855
5577,09/25/2026 02:53:02,17.769
5578,09/25/2026 03:03:02,17.661
5579,09/25/2026 03:13:02,17.554
5580,09/25/2026 03:23:02,17.415
5581,09/25/2026 03:33:02,17.286
5582,09/25/2026 03:43:02,17.157
5583,09/25/2026 03:53:02,17.007
5584,09/25/2026 04:03:02,16.803
5585,09/25/2026 04:13:02,16.621
5586,09/25/2026 04:23:02,16.396
5587,09/25/2026 04:33:02,16.278
5588,09/25/2026 04:43:02,16.138
5589,09/25/2026 04:53:02,16.063
5590,09/25/2026 05:03:02,15.913
5591,09/25/2026 05:13:02,15.817
5592,09/25/2026 05:23:02,15.742
5593,09/25/2026 05:33:02,15.860
5594,09/25/2026 05:43:02,16.224
5595,09/25/2026 05:53:02,17.983
5596,09/25/2026 06:03:02,18.562
5597,09/25/2026 06:13:02,18.498
5598,09/25/2026 06:23:02,18.380
5599,09/25/2026 06:33:02,18.326
5600,09/25/2026 06:43:02,18.369
5601,09/25/2026 06:53:02,18.380
5602,09/25/2026 07:03:02,18.326
5603,09/25/2026 07:13:02,18.284
5604,09/25/2026 07:23:02,18.262
5605,09/25/2026 07:33:02,18.262
5606,09/25/2026 07:43:02,18.262
5607,09/25/2026 07:53:02,18.251
5608,09/25/2026 08:03:02,18.241
5609,09/25/2026 08:13:02,18.241
5610,09/25/2026 08:23:02,18.273
5611,09/25/2026 08:33:02,18.294
5612,09/25/2026 08:43:02,18.305
5613,09/25/2026 08:53:02,18.305
5614,09/25/2026 09:03:02,18.326
5615,09/25/2026 09:13:02,18.326
5616,09/25/2026 09:23:02,18.348
5617,09/25/2026 09:33:02,18.359
5618,09/25/2026 09:43:02,18.359
5619,09/25/2026 09:53:02,18.359
5620,09/25/2026 10:03:02,18.359
5621,09/25/2026 10:13:02,18.359
5622,09/25/2026 10:23:02,18.359
5623,09/25/2026 10:33:02,18.369
5624,09/25/2026 10:43:02,18.412
5625,09/25/2026 10:53:02,18.401
5626,09/25/2026 11:03:02,18.380
5627,09/25/2026 11:13:02,18.412
5628,09/25/2026 11:23:02,18.391
5629,09/25/2026 11:33:02,18.412
5630,09/25/2026 11:43:02,18.423
5631,09/25/2026 11:53:02,18.423
5632,09/25/2026 12:03:02,18.423
5633,09/25/2026 12:13:02,18.412
5634,09/25/2026 12:23:02,18.412
5635,09/25/2026 12:33:02,18.380
5636,09/25/2026 12:43:02,18.391
5637,09/25/2026 12:53:02,18.380
5638,09/25/2026 13:03:02,18.359
5639,09/25/2026 13:13:02,18.326
5640,09/25/2026 13:23:02,18.337
5641,09/25/2026 13:33:02,18.359
5642,09/25/2026 13:43:02,18.348
5643,09/25/2026 13:53:02,18.337
5644,09/25/2026 14:03:02,18.326
5645,09/25/2026 14:13:02,18.326
5646,09/25/2026 14:23:02,18.316
5647,09/25/2026 14:33:02,18.305
5648,09/25/2026 14:43:02,18.294
5649,09/25/2026 14:53:02,18.294
5650,09/25/2026 15:03:02,18.273
5651,09/25/2026 15:13:02,18.251
5652,09/25/2026 15:23:02,18.241
5653,09/25/2026 15:33:02,18.208
5654,09/25/2026 15:43:02,18.155
5655,09/25/2026 15:53:02,18.069
5656,09/25/2026 16:03:02,17.983
5657,09/25/2026 16:13:02,17.865
5658,09/25/2026 16:23:02,17.747
5659,09/25/2026 16:33:02,17.629
5660,09/25/2026 16:43:02,17.554
5661,09/25/2026 16:53:02,17.468
5662,09/25/2026 17:03:02,17.436
5663,09/25/2026 17:13:02,17.415
5664,09/25/2026 17:23:02,17.393
5665,09/25/2026 17:33:02,17.308
5666,09/25/2026 17:43:02,17.190
5667,09/25/2026 17:53:02,17.318
5668,09/25/2026 18:03:02,17.747
5669,09/25/2026 18:13:02,18.337
5670,09/25/2026 18:23:02,18.412
5671,09/25/2026 18:33:02,18.380
5672,09/25/2026 18:43:02,18.359
5673,09/25/2026 18:53:02,18.316
5674,09/25/2026 19:03:02,18.326
5675,09/25/2026 19:13:02,18.348
5676,09/25/2026 19:23:02,18.316
5677,09/25/2026 19:33:02,18.273
5678,09/25/2026 19:43:02,18.262
5679,09/25/2026 19:53:02,18.241
5680,09/25/2026 20:03:02,18.219
5681,09/25/2026 20:13:02,18.208
5682,09/25/2026 20:23:02,18.219
5683,09/25/2026 20:33:02,18.241
5684,09/25/2026 20:43:02,18.241
5685,09/25/2026 20:53:02,18.241
5686,09/25/2026 21:03:02,18.230
5687,09/25/2026 21:13:02,18.230
5688,09/25/2026 21:23:02,18.230
5689,09/25/2026 21:33:02,18.241
5690,09/25/2026 21:43:02,18.219
5691,09/25/2026 21:53:02,18.219
5692,09/25/2026 22:03:02,18.219
5693,09/25/2026 22:13:02,18.230
5694,09/25/2026 22:23:02,18.230
5695,09/25/2026 22:33:02,18.251
5696,09/25/2026 22:43:02,18.230
5697,09/25/2026 22:53:02,18.208
5698,09/25/2026 23:03:02,18.208
5699,09/25/2026 23:13:02,18.208
5700,09/25/2026 23:23:02,18.230
5701,09/25/2026 23:33:02,18.198
5702,09/25/2026 23:43:02,18.176
5703,09/25/2026 23:53:02,18.176
5704,09/26/2026 00:03:02,18.176
5705,09/26/2026 00:13:02,18.187
5706,09/26/2026 00:23:02,18.155
5707,09/26/2026 00:33:02,18.123
5708,09/26/2026 00:43:02,18.069
5709,09/26/2026 00:53:02,18.015
5710,09/26/2026 01:03:02,17.983
5711,09/26/2026 01:13:02,17.983
5712,09/26/2026 01:23:02,17.833
5713,09/26/2026 01:33:02,17.715
5714,09/26/2026 01:43:02,17.704
5715,09/26/2026 01:53:02,17.683
5716,09/26/2026 02:03:02,17.640
5717,09/26/2026 02:13:02,17.608
5718,09/26/2026 02:23:02,17.543
5719,09/26/2026 02:33:02,17.490
5720,09/26/2026 02:43:02,17.426
5721,09/26/2026 02:53:02,17.404
5722,09/26/2026 03:03:02,17.350
5723,09/26/2026 03:13:02,17.286
5724,09/26/2026 03:23:02,17.243
5725,09/26/2026 03:33:02,17.190
5726,09/26/2026 03:43:02,17.147
5727,09/26/2026 03:53:02,17.114
5728,09/26/2026 04:03:02,17.072
5729,09/26/2026 04:13:02,17.039
5730,09/26/2026 04:23:02,16.986
5731,09/26/2026 04:33:02,16.921
5732,09/26/2026 04:43:02,16.836
5733,09/26/2026 04:53:02,16.739
5734,09/26/2026 05:03:02,16.675
5735,09/26/2026 05:13:02,16.600
5736,09/26/2026 05:23:02,16.514
5737,09/26/2026 05:33:02,16.428
5738,09/26/2026 05:43:02,16.353
5739,09/26/2026 05:53:02,16.374
5740,09/26/2026 06:03:02,17.029
5741,09/26/2026 06:13:02,17.125
5742,09/26/2026 06:23:02,17.350
5743,09/26/2026 06:33:02,17.511
5744,09/26/2026 06:43:02,17.586
5745,09/26/2026 06:53:02,17.565
5746,09/26/2026 07:03:02,17.565
5747,09/26/2026 07:13:02,17.533
5748,09/26/2026 07:23:02,17.501
5749,09/26/2026 07:33:02,17.479
5750,09/26/2026 07:43:02,17.468
5751,09/26/2026 07:53:02,17.468
5752,09/26/2026 08:03:02,17.501
5753,09/26/2026 08:13:02,17.522
5754,09/26/2026 08:23:02,17.554
5755,09/26/2026 08:33:02,17.576
5756,09/26/2026 08:43:02,17.565
5757,09/26/2026 08:53:02,17.586
5758,09/26/2026 09:03:02,17.608
5759,09/26/2026 09:13:02,17.619
5760,09/26/2026 09:23:02,17.608
5761,09/26/2026 09:33:02,17.640
5762,09/26/2026 09:43:02,17.661
5763,09/26/2026 09:53:02,17.661
5764,09/26/2026 10:03:02,17.683
5765,09/26/2026 10:13:02,17.661
5766,09/26/2026 10:23:02,17.672
5767,09/26/2026 10:33:02,17.704
5768,09/26/2026 10:43:02,17.704
5769,09/26/2026 10:53:02,17.726
5770,09/26/2026 11:03:02,17.737
5771,09/26/2026 11:13:02,17.726
5772,09/26/2026 11:23:02,17.737
5773,09/26/2026 11:33:02,17.672
5774,09/26/2026 11:43:02,17.651
5775,09/26/2026 11:53:02,17.661
5776,09/26/2026 12:03:02,17.672
5777,09/26/2026 12:13:02,17.704
5778,09/26/2026 12:23:02,17.715
5779,09/26/2026 12:33:02,17.715
5780,09/26/2026 12:43:02,17.694
5781,09/26/2026 12:53:02,17.629
5782,09/26/2026 13:03:02,17.608
5783,09/26/2026 13:13:02,17.576
5784,09/26/2026 13:23:02,17.554
5785,09/26/2026 13:33:02,17.543
5786,09/26/2026 13:43:02,17.479
5787,09/26/2026 13:53:02,17.436
5788,09/26/2026 14:03:02,17.436
5789,09/26/2026 14:13:02,17.404
5790,09/26/2026 14:23:02,17.350
5791,09/26/2026 14:33:02,17.308
5792,09/26/2026 14:43:02,17.286
5793,09/26/2026 14:53:02,17.286
5794,09/26/2026 15:03:02,17.265
5795,09/26/2026 15:13:02,17.190
5796,09/26/2026 15:23:02,17.136
5797,09/26/2026 15:33:02,17.072
5798,09/26/2026 15:43:02,16.975
5799,09/26/2026 15:53:02,16.889
5800,09/26/2026 16:03:02,16.836
5801,09/26/2026 16:13:02,16.750
5802,09/26/2026 16:23:02,16.621
5803,09/26/2026 16:33:02,16.546
5804,09/26/2026 16:43:02,16.460
5805,09/26/2026 16:53:02,16.374
5806,09/26/2026 17:03:02,16.299
5807,09/26/2026 17:13:02,16.224
5808,09/26/2026 17:23:02,16.149
5809,09/26/2026 17:33:02,16.085
5810,09/26/2026 17:43:02,16.053
5811,09/26/2026 17:53:02,16.031
5812,09/26/2026 18:03:02,15.967
5813,09/26/2026 18:13:02,15.935
5814,09/26/2026 18:23:02,15.892
5815,09/26/2026 18:33:02,15.849
5816,09/26/2026 18:43:02,16.053
5817,09/26/2026 18:53:02,16.857
5818,09/26/2026 19:03:02,17.426
5819,09/26/2026 19:13:02,17.565
5820,09/26/2026 19:23:02,17.554
5821,09/26/2026 19:33:02,17.554
5822,09/26/2026 19:43:02,17.629
5823,09/26/2026 19:53:02,17.661
5824,09/26/2026 20:03:02,17.672
5825,09/26/2026 20:13:02,17.629
5826,09/26/2026 20:23:02,17.597
5827,09/26/2026 20:33:02,17.576
5828,09/26/2026 20:43:02,17.554
5829,09/26/2026 20:53:02,17.533
5830,09/26/2026 21:03:02,17.522
5831,09/26/2026 21:13:02,17.522
5832,09/26/2026 21:23:02,17.522
5833,09/26/2026 21:33:02,17.501
5834,09/26/2026 21:43:02,17.490
5835,09/26/2026 21:53:02,17.479
5836,09/26/2026 22:03:02,17.468
5837,09/26/2026 22:13:02,17.468
5838,09/26/2026 22:23:02,17.468
5839,09/26/2026 22:33:02,17.479
5840,09/26/2026 22:43:02,17.479
5841,09/26/2026 22:53:02,17.490
5842,09/26/2026 23:03:02,17.501
5843,09/26/2026 23:13:02,17.522
5844,09/26/2026 23:23:02,17.554
5845,09/26/2026 23:33:02,17.576
5846,09/26/2026 23:43:02,17.597
5847,09/26/2026 23:53:02,17.608
5848,09/27/2026 00:03:02,17.694
5849,09/27/2026 00:13:02,17.661
5850,09/27/2026 00:23:02,17.661
5851,09/27/2026 00:33:02,17.651
5852,09/27/2026 00:43:02,17.640
5853,09/27/2026 00:53:02,17.640
5854,09/27/2026 01:03:02,17.661
5855,09/27/2026 01:13:02,17.597
5856,09/27/2026 01:23:02,17.468
5857,09/27/2026 01:33:02,17.426
5858,09/27/2026 01:43:02,17.372
5859,09/27/2026 01:53:02,17.297
5860,09/27/2026 02:03:02,17.243
5861,09/27/2026 02:13:02,17.200
5862,09/27/2026 02:23:02,17.179
5863,09/27/2026 02:33:02,17.125
5864,09/27/2026 02:43:02,17.072
5865,09/27/2026 02:53:02,17.029
5866,09/27/2026 03:03:02,16.997
5867,09/27/2026 03:13:02,16.943
5868,09/27/2026 03:23:02,16.900
5869,09/27/2026 03:33:02,16.868
5870,09/27/2026 03:43:02,16.825
5871,09/27/2026 03:53:02,16.761
5872,09/27/2026 04:03:02,16.728
5873,09/27/2026 04:13:02,16.696
5874,09/27/2026 04:23:02,16.664
5875,09/27/2026 04:33:02,16.600
5876,09/27/2026 04:43:02,16.514
5877,09/27/2026 04:53:02,16.428
5878,09/27/2026 05:03:02,16.374
5879,09/27/2026 05:13:02,16.310
5880,09/27/2026 05:23:02,16.256
5881,09/27/2026 05:33:02,16.203
5882,09/27/2026 05:43:02,16.117
5883,09/27/2026 05:53:02,16.010
5884,09/27/2026 06:03:02,15.935
5885,09/27/2026 06:13:02,15.881
5886,09/27/2026 06:23:02,15.849
5887,09/27/2026 06:33:02,15.870
5888,09/27/2026 06:43:02,16.085
5889,09/27/2026 06:53:02,16.868
5890,09/27/2026 07:03:02,17.114
5891,09/27/2026 07:13:02,17.147
5892,09/27/2026 07:23:02,17.222
5893,09/27/2026 07:33:02,17.265
5894,09/27/2026 07:43:02,17.254
5895,09/27/2026 07:53:02,17.232
5896,09/27/2026 08:03:02,17.232
5897,09/27/2026 08:13:02,17.232
5898,09/27/2026 08:23:02,17.243
5899,09/27/2026 08:33:02,17.232
5900,09/27/2026 08:43:02,17.232
5901,09/27/2026 08:53:02,17.222
5902,09/27/2026 09:03:02,17.222
5903,09/27/2026 09:13:02,17.232
5904,09/27/2026 09:23:02,17.265
5905,09/27/2026 09:33:02,17.318
5906,09/27/2026 09:43:02,17.361
5907,09/27/2026 09:53:02,17.404
5908,09/27/2026 10:03:02,17.436
5909,09/27/2026 10:13:02,17.479
5910,09/27/2026 10:23:02,17.501
5911,09/27/2026 10:33:02,17.522
5912,09/27/2026 10:43:02,17.554
5913,09/27/2026 10:53:02,17.565
5914,09/27/2026 11:03:02,17.576
5915,09/27/2026 11:13:02,17.608
5916,09/27/2026 11:23:02,17.597
5917,09/27/2026 11:33:02,17.597
5918,09/27/2026 11:43:02,17.608
5919,09/27/2026 11:53:02,17.619
5920,09/27/2026 12:03:02,17.640
5921,09/27/2026 12:13:02,17.640
5922,09/27/2026 12:23:02,17.640
5923,09/27/2026 12:33:02,17.629
5924,09/27/2026 12:43:02,17.629
5925,09/27/2026 12:53:02,17.694
5926,09/27/2026 13:03:02,17.672
5927,09/27/2026 13:13:02,17.661
5928,09/27/2026 13:23:02,17.661
5929,09/27/2026 13:33:02,17.661
5930,09/27/2026 13:43:02,17.683
5931,09/27/2026 13:53:02,17.661
5932,09/27/2026 14:03:02,17.661
5933,09/27/2026 14:13:02,17.651
5934,09/27/2026 14:23:02,17.661
5935,09/27/2026 14:33:02,17.672
5936,09/27/2026 14:43:02,17.640
5937,09/27/2026 14:53:02,17.629
5938,09/27/2026 15:03:02,17.597
5939,09/27/2026 15:13:02,17.565
5940,09/27/2026 15:23:02,17.490
5941,09/27/2026 15:33:02,17.436
5942,09/27/2026 15:43:02,17.404
5943,09/27/2026 15:53:02,17.350
5944,09/27/2026 16:03:02,17.297
5945,09/27/2026 16:13:02,17.243
5946,09/27/2026 16:23:02,17.200
5947,09/27/2026 16:33:02,17.136
5948,09/27/2026 16:43:02,17.093
5949,09/27/2026 16:53:02,17.114
5950,09/27/2026 17:03:02,17.157
5951,09/27/2026 17:13:02,17.147
5952,09/27/2026 17:23:02,17.114
5953,09/27/2026 17:33:02,17.072
5954,09/27/2026 17:43:02,17.029
5955,09/27/2026 17:53:02,16.986
5956,09/27/2026 18:03:02,16.964
5957,09/27/2026 18:13:02,16.932
5958,09/27/2026 18:23:02,16.900
5959,09/27/2026 18:33:02,16.846
5960,09/27/2026 18:43:02,16.825
5961,09/27/2026 18:53:02,16.782
5962,09/27/2026 19:03:02,16.761
5963,09/27/2026 19:13:02,16.750
5964,09/27/2026 19:23:02,16.793
5965,09/27/2026 19:33:02,17.340
5966,09/27/2026 19:43:02,17.683
5967,09/27/2026 19:53:02,17.940
5968,09/27/2026 20:03:02,17.983
5969,09/27/2026 20:13:02,17.897
5970,09/27/2026 20:23:02,17.865
5971,09/27/2026 20:33:02,17.930
5972,09/27/2026 20:43:02,17.930
5973,09/27/2026 20:53:02,17.897
5974,09/27/2026 21:03:02,17.876
5975,09/27/2026 21:13:02,17.897
5976,09/27/2026 21:23:02,17.897
5977,09/27/2026 21:33:02,17.887
5978,09/27/2026 21:43:02,17.897
5979,09/27/2026 21:53:02,17.919
5980,09/27/2026 22:03:02,17.940
5981,09/27/2026 22:13:02,17.962
5982,09/27/2026 22:23:02,17.983
5983,09/27/2026 22:33:02,17.983
5984,09/27/2026 22:43:02,18.005
5985,09/27/2026 22:53:02,18.037
5986,09/27/2026 23:03:02,18.037
5987,09/27/2026 23:13:02,18.058
5988,09/27/2026 23:23:02,18.069
5989,09/27/2026 23:33:02,18.090
5990,09/27/2026 23:43:02,18.123
5991,09/27/2026 23:53:02,18.112
5992,09/28/2026 00:03:02,18.123
5993,09/28/2026 00:13:02,18.123
5994,09/28/2026 00:23:02,18.123
5995,09/28/2026 00:33:02,18.123
5996,09/28/2026 00:43:02,18.101
5997,09/28/2026 00:53:02,18.123
5998,09/28/2026 01:03:02,18.133
5999,09/28/2026 01:13:02,18.123
6000,09/28/2026 01:23:02,18.123
6001,09/28/2026 01:33:02,18.037
6002,09/28/2026 01:43:02,18.015
6003,09/28/2026 01:53:02,17.994
6004,09/28/2026 02:03:02,17.972
6005,09/28/2026 02:13:02,17.951
6006,09/28/2026 02:23:02,17.930
6007,09/28/2026 02:33:02,17.919
6008,09/28/2026 02:43:02,17.876
6009,09/28/2026 02:53:02,17.844
6010,09/28/2026 03:03:02,17.812
6011,09/28/2026 03:13:02,17.779
6012,09/28/2026 03:23:02,17.747
6013,09/28/2026 03:33:02,17.694
6014,09/28/2026 03:43:02,17.640
6015,09/28/2026 03:53:02,17.586
6016,09/28/2026 04:03:02,17.522
6017,09/28/2026 04:13:02,17.479
6018,09/28/2026 04:23:02,17.447
6019,09/28/2026 04:33:02,17.393
6020,09/28/2026 04:43:02,17.350
6021,09/28/2026 04:53:02,17.265
6022,09/28/2026 05:03:02,17.200
6023,09/28/2026 05:13:02,17.072
6024,09/28/2026 05:23:02,16.921
6025,09/28/2026 05:33:02,16.814
6026,09/28/2026 05:43:02,16.750
6027,09/28/2026 05:53:02,16.696
6028,09/28/2026 06:03:02,16.653
6029,09/28/2026 06:13:02,16.589
6030,09/28/2026 06:23:02,16.535
6031,09/28/2026 06:33:02,16.482
6032,09/28/2026 06:43:02,16.450
6033,09/28/2026 06:53:02,16.396
6034,09/28/2026 07:03:02,16.364
6035,09/28/2026 07:13:02,16.342
6036,09/28/2026 07:23:02,16.299
6037,09/28/2026 07:33:02,16.256
6038,09/28/2026 07:43:02,16.299
6039,09/28/2026 07:53:02,17.458
6040,09/28/2026 08:03:02,17.930
6041,09/28/2026 08:13:02,17.930
6042,09/28/2026 08:23:02,17.865
6043,09/28/2026 08:33:02,17.865
6044,09/28/2026 08:43:02,17.940
6045,09/28/2026 08:53:02,17.972
6046,09/28/2026 09:03:02,17.983
6047,09/28/2026 09:13:02,17.983
6048,09/28/2026 09:23:02,17.951
6049,09/28/2026 09:33:02,17.919
6050,09/28/2026 09:43:02,17.897
6051,09/28/2026 09:53:02,17.865
6052,09/28/2026 10:03:02,17.865
6053,09/28/2026 10:13:02,17.855
6054,09/28/2026 10:23:02,17.855
6055,09/28/2026 10:33:02,17.865
6056,09/28/2026 10:43:02,17.865
6057,09/28/2026 10:53:02,17.876
6058,09/28/2026 11:03:02,17.897
6059,09/28/2026 11:13:02,17.908
6060,09/28/2026 11:23:02,17.908
6061,09/28/2026 11:33:02,17.930
6062,09/28/2026 11:43:02,17.930
6063,09/28/2026 11:53:02,17.940
6064,09/28/2026 12:03:02,17.951
6065,09/28/2026 12:13:02,17.962
6066,09/28/2026 12:23:02,17.962
6067,09/28/2026 12:33:02,17.983
6068,09/28/2026 12:43:02,17.983
6069,09/28/2026 12:53:02,17.983
6070,09/28/2026 13:03:02,17.983
6071,09/28/2026 13:13:02,17.983
6072,09/28/2026 13:23:02,17.994
6073,09/28/2026 13:33:02,17.994
6074,09/28/2026 13:43:02,18.026
6075,09/28/2026 13:53:02,18.037
6076,09/28/2026 14:03:02,18.048
6077,09/28/2026 14:13:02,18.058
6078,09/28/2026 14:23:02,18.080
6079,09/28/2026 14:33:02,18.037
6080,09/28/2026 14:43:02,18.037
6081,09/28/2026 14:53:02,18.037
6082,09/28/2026 15:03:02,18.037
6083,09/28/2026 15:13:02,18.037
6084,09/28/2026 15:23:02,18.058
6085,09/28/2026 15:33:02,18.069
6086,09/28/2026 15:43:02,18.069
6087,09/28/2026 15:53:02,18.069
6088,09/28/2026 16:03:02,18.037
6089,09/28/2026 16:13:02,17.983
6090,09/28/2026 16:23:02,17.930
6091,09/28/2026 16:33:02,17.876
6092,09/28/2026 16:43:02,17.833
6093,09/28/2026 16:53:02,17.779
6094,09/28/2026 17:03:02,17.726
6095,09/28/2026 17:13:02,17.661
6096,09/28/2026 17:23:02,17.608
6097,09/28/2026 17:33:02,17.554
6098,09/28/2026 17:43:02,17.490
6099,09/28/2026 17:53:02,17.426
6100,09/28/2026 18:03:02,17.361
6101,09/28/2026 18:13:02,17.308
6102,09/28/2026 18:23:02,17.254
6103,09/28/2026 18:33:02,17.179
6104,09/28/2026 18:43:02,17.125
6105,09/28/2026 18:53:02,17.093
6106,09/28/2026 19:03:02,17.061
6107,09/28/2026 19:13:02,16.997
6108,09/28/2026 19:23:02,16.975
6109,09/28/2026 19:33:02,16.932
6110,09/28/2026 19:43:02,16.857
6111,09/28/2026 19:53:02,16.782
6112,09/28/2026 20:03:02,16.750
6113,09/28/2026 20:13:02,16.750
6114,09/28/2026 20:23:02,16.814
6115,09/28/2026 20:33:02,17.072
6116,09/28/2026 20:43:02,17.779
6117,09/28/2026 20:53:02,17.919
6118,09/28/2026 21:03:02,17.930
6119,09/28/2026 21:13:02,17.919
6120,09/28/2026 21:23:02,17.908
6121,09/28/2026 21:33:02,17.919
6122,09/28/2026 21:43:02,17.930
6123,09/28/2026 21:53:02,17.930
6124,09/28/2026 22:03:02,17.930
6125,09/28/2026 22:13:02,17.919
6126,09/28/2026 22:23:02,17.919
6127,09/28/2026 22:33:02,17.930
6128,09/28/2026 22:43:02,17.951
6129,09/28/2026 22:53:02,17.962
6130,09/28/2026 23:03:02,17.962
6131,09/28/2026 23:13:02,17.962
6132,09/28/2026 23:23:02,17.951
6133,09/28/2026 23:33:02,17.951
6134,09/28/2026 23:43:02,17.951
6135,09/28/2026 23:53:02,17.951
6136,09/29/2026 00:03:02,17.951
6137,09/29/2026 00:13:02,17.951
6138,09/29/2026 00:23:02,17.951
6139,09/29/2026 00:33:02,17.951
6140,09/29/2026 00:43:02,17.940
6141,09/29/2026 00:53:02,17.930
6142,09/29/2026 01:03:02,17.930
6143,09/29/2026 01:13:02,17.908
6144,09/29/2026 01:23:02,17.908
6145,09/29/2026 01:33:02,17.908
6146,09/29/2026 01:43:02,17.908
6147,09/29/2026 01:53:02,17.897
6148,09/29/2026 02:03:02,17.876
6149,09/29/2026 02:13:02,17.855
6150,09/29/2026 02:23:02,17.833
6151,09/29/2026 02:33:02,17.833
6152,09/29/2026 02:43:02,17.822
6153,09/29/2026 02:53:02,17.822
6154,09/29/2026 03:03:02,17.812
6155,09/29/2026 03:13:02,17.801
6156,09/29/2026 03:23:02,17.779
6157,09/29/2026 03:33:02,17.779
6158,09/29/2026 03:43:02,17.747
6159,09/29/2026 03:53:02,17.726
6160,09/29/2026 04:03:02,17.683
6161,09/29/2026 04:13:02,17.619
6162,09/29/2026 04:23:02,17.554
6163,09/29/2026 04:33:02,17.501
6164,09/29/2026 04:43:02,17.447
6165,09/29/2026 04:53:02,17.393
6166,09/29/2026 05:03:02,17.329
6167,09/29/2026 05:13:02,17.265
6168,09/29/2026 05:23:02,17.200
6169,09/29/2026 05:33:02,17.136
6170,09/29/2026 05:43:02,17.061
6171,09/29/2026 05:53:02,16.943
6172,09/29/2026 06:03:02,16.836
6173,09/29/2026 06:13:02,16.685
6174,09/29/2026 06:23:02,16.600
6175,09/29/2026 06:33:02,16.546
6176,09/29/2026 06:43:02,16.482
6177,09/29/2026 06:53:02,16.482
6178,09/29/2026 07:03:02,16.482
6179,09/29/2026 07:13:02,16.460
6180,09/29/2026 07:23:02,16.428
6181,09/29/2026 07:33:02,16.396
6182,09/29/2026 07:43:02,16.396
6183,09/29/2026 07:53:02,16.385
6184,09/29/2026 08:03:02,16.385
6185,09/29/2026 08:13:02,16.417
6186,09/29/2026 08:23:02,16.439
6187,09/29/2026 08:33:02,16.482
6188,09/29/2026 08:43:02,17.522
6189,09/29/2026 08:53:02,17.844
6190,09/29/2026 09:03:02,17.897
6191,09/29/2026 09:13:02,17.930
6192,09/29/2026 09:23:02,17.930
6193,09/29/2026 09:33:02,17.940
6194,09/29/2026 09:43:02,17.962
6195,09/29/2026 09:53:02,17.972
6196,09/29/2026 10:03:02,17.983
6197,09/29/2026 10:13:02,18.015
6198,09/29/2026 10:23:02,18.015
6199,09/29/2026 10:33:02,18.048
6200,09/29/2026 10:43:02,18.069
6201,09/29/2026 10:53:02,18.090
6202,09/29/2026 11:03:02,18.101
6203,09/29/2026 11:13:02,18.101
6204,09/29/2026 11:23:02,18.101
6205,09/29/2026 11:33:02,18.112
6206,09/29/2026 11:43:02,18.112
6207,09/29/2026 11:53:02,18.112
6208,09/29/2026 12:03:02,18.101
6209,09/29/2026 12:13:02,18.101
6210,09/29/2026 12:23:02,18.101
6211,09/29/2026 12:33:02,18.101
6212,09/29/2026 12:43:02,18.101
6213,09/29/2026 12:53:02,18.123
6214,09/29/2026 13:03:02,18.123
6215,09/29/2026 13:13:02,18.123
6216,09/29/2026 13:23:02,18.155
6217,09/29/2026 13:33:02,18.166
6218,09/29/2026 13:43:02,18.198
6219,09/29/2026 13:53:02,18.198
6220,09/29/2026 14:03:02,18.208
6221,09/29/2026 14:13:02,18.294
6222,09/29/2026 14:23:02,18.273
6223,09/29/2026 14:33:02,18.326
6224,09/29/2026 14:43:02,18.380
6225,09/29/2026 14:53:02,18.444
6226,09/29/2026 15:03:02,18.466
6227,09/29/2026 15:13:02,18.498
6228,09/29/2026 15:23:02,18.530
6229,09/29/2026 15:33:02,18.605
6230,09/29/2026 15:43:02,18.659
6231,09/29/2026 15:53:02,18.670
6232,09/29/2026 16:03:02,18.702
6233,09/29/2026 16:13:02,18.745
6234,09/29/2026 16:23:02,18.820
6235,09/29/2026 16:33:02,18.906
6236,09/29/2026 16:43:02,18.970
6237,09/29/2026 16:53:02,19.024
6238,09/29/2026 17:03:02,19.088
6239,09/29/2026 17:13:02,19.120
6240,09/29/2026 17:23:02,19.120
6241,09/29/2026 17:33:02,19.109
6242,09/29/2026 17:43:02,19.109
6243,09/29/2026 17:53:02,19.109
6244,09/29/2026 18:03:02,19.077
6245,09/29/2026 18:13:02,19.045
6246,09/29/2026 18:23:02,18.991
6247,09/29/2026 18:33:02,18.970
6248,09/29/2026 18:43:02,18.991
6249,09/29/2026 18:53:02,19.002
6250,09/29/2026 19:03:02,19.013
6251,09/29/2026 19:13:02,18.991
6252,09/29/2026 19:23:02,18.959
6253,09/29/2026 19:33:02,18.873
6254,09/29/2026 19:43:02,18.788
6255,09/29/2026 19:53:02,18.477
6256,09/29/2026 20:03:02,18.176
6257,09/29/2026 20:13:02,18.026
6258,09/29/2026 20:23:02,18.101
6259,09/29/2026 20:33:02,18.241
6260,09/29/2026 20:43:02,18.262
6261,09/29/2026 20:53:02,18.241
6262,09/29/2026 21:03:02,18.262
6263,09/29/2026 21:13:02,18.316
6264,09/29/2026 21:23:02,18.316
6265,09/29/2026 21:33:02,18.284
6266,09/29/2026 21:43:02,18.273
6267,09/29/2026 21:53:02,18.273
6268,09/29/2026 22:03:02,18.241
6269,09/29/2026 22:13:02,18.230
6270,09/29/2026 22:23:02,18.219
6271,09/29/2026 22:33:02,18.230
6272,09/29/2026 22:43:02,18.241
6273,09/29/2026 22:53:02,18.262
6274,09/29/2026 23:03:02,18.273
6275,09/29/2026 23:13:02,18.284
6276,09/29/2026 23:23:02,18.284
6277,09/29/2026 23:33:02,18.273
6278,09/29/2026 23:43:02,18.241
6279,09/29/2026 23:53:02,18.208
6280,09/30/2026 00:03:02,18.187
6281,09/30/2026 00:13:02,18.176
6282,09/30/2026 00:23:02,18.166
6283,09/30/2026 00:33:02,18.155
6284,09/30/2026 00:43:02,18.155
6285,09/30/2026 00:53:02,18.144
6286,09/30/2026 01:03:02,18.144
6287,09/30/2026 01:13:02,18.133
6288,09/30/2026 01:23:02,18.133
6289,09/30/2026 01:33:02,18.133
6290,09/30/2026 01:43:02,18.133
6291,09/30/2026 01:53:02,18.123
6292,09/30/2026 02:03:02,18.123
6293,09/30/2026 02:13:02,18.123
6294,09/30/2026 02:23:02,18.112
6295,09/30/2026 02:33:02,18.123
6296,09/30/2026 02:43:02,18.123
6297,09/30/2026 02:53:02,18.123
6298,09/30/2026 03:03:02,18.101
6299,09/30/2026 03:13:02,18.090
6300,09/30/2026 03:23:02,18.090
6301,09/30/2026 03:33:02,18.048
6302,09/30/2026 03:43:02,18.026
6303,09/30/2026 03:53:02,18.005
6304,09/30/2026 04:03:02,17.994
6305,09/30/2026 04:13:02,17.994
6306,09/30/2026 04:23:02,17.983
6307,09/30/2026 04:33:02,17.983
6308,09/30/2026 04:43:02,17.972
6309,09/30/2026 04:53:02,17.962
6310,09/30/2026 05:03:02,17.951
6311,09/30/2026 05:13:02,17.930
6312,09/30/2026 05:23:02,17.908
6313,09/30/2026 05:33:02,17.897
6314,09/30/2026 05:43:02,17.876
6315,09/30/2026 05:53:02,17.855
6316,09/30/2026 06:03:02,17.822
6317,09/30/2026 06:13:02,17.801
6318,09/30/2026 06:23:02,17.758
6319,09/30/2026 06:33:02,17.726
6320,09/30/2026 06:43:02,17.683
6321,09/30/2026 06:53:02,17.608
6322,09/30/2026 07:03:02,17.543
6323,09/30/2026 07:13:02,17.501
6324,09/30/2026 07:23:02,17.468
6325,09/30/2026 07:33:02,17.447
6326,09/30/2026 07:43:02,17.436
6327,09/30/2026 07:53:02,17.426
6328,09/30/2026 08:03:02,17.426
6329,09/30/2026 08:13:02,17.404
6330,09/30/2026 08:23:02,17.426
6331,09/30/2026 08:33:02,17.447
6332,09/30/2026 08:43:02,17.436
6333,09/30/2026 08:53:02,17.468
6334,09/30/2026 09:03:02,17.501
6335,09/30/2026 09:13:02,17.522
6336,09/30/2026 09:23:02,18.005
6337,09/30/2026 09:33:02,18.273
6338,09/30/2026 09:43:02,18.305
6339,09/30/2026 09:53:02,18.294
6340,09/30/2026 10:03:02,18.316
6341,09/30/2026 10:13:02,18.326
6342,09/30/2026 10:23:02,18.348
6343,09/30/2026 10:33:02,18.348
6344,09/30/2026 10:43:02,18.348
6345,09/30/2026 10:53:02,18.337
6346,09/30/2026 11:03:02,18.326
6347,09/30/2026 11:13:02,18.326
6348,09/30/2026 11:23:02,18.326
6349,09/30/2026 11:33:02,18.326
6350,09/30/2026 11:43:02,18.359
6351,09/30/2026 11:53:02,18.380
6352,09/30/2026 12:03:02,18.380
6353,09/30/2026 12:13:02,18.380
6354,09/30/2026 12:23:02,18.380
6355,09/30/2026 12:33:02,18.380
6356,09/30/2026 12:43:02,18.380
6357,09/30/2026 12:53:02,18.380
6358,09/30/2026 13:03:02,18.391
6359,09/30/2026 13:13:02,18.391
6360,09/30/2026 13:23:02,18.401
6361,09/30/2026 13:33:02,18.423
6362,09/30/2026 13:43:02,18.444
6363,09/30/2026 13:53:02,18.455
6364,09/30/2026 14:03:02,18.466
6365,09/30/2026 14:13:02,18.498
6366,09/30/2026 14:23:02,18.498
6367,09/30/2026 14:33:02,18.519
6368,09/30/2026 14:43:02,18.562
6369,09/30/2026 14:53:02,18.562
6370,09/30/2026 15:03:02,18.616
6371,09/30/2026 15:13:02,18.659
6372,09/30/2026 15:23:02,18.734
6373,09/30/2026 15:33:02,18.745
6374,09/30/2026 15:43:02,18.830
6375,09/30/2026 15:53:02,18.841
6376,09/30/2026 16:03:02,18.841
6377,09/30/2026 16:13:02,18.873
6378,09/30/2026 16:23:02,18.906
6379,09/30/2026 16:33:02,18.906
6380,09/30/2026 16:43:02,18.895
6381,09/30/2026 16:53:02,18.927
6382,09/30/2026 17:03:02,18.959
6383,09/30/2026 17:13:02,19.024
6384,09/30/2026 17:23:02,19.056
6385,09/30/2026 17:33:02,19.109
6386,09/30/2026 17:43:02,19.120
6387,09/30/2026 17:53:02,19.142
6388,09/30/2026 18:03:02,19.163
6389,09/30/2026 18:13:02,19.163
6390,09/30/2026 18:23:02,19.163
6391,09/30/2026 18:33:02,19.163
6392,09/30/2026 18:43:02,19.131
6393,09/30/2026 18:53:02,19.109
6394,09/30/2026 19:03:02,19.066
6395,09/30/2026 19:13:02,19.013
6396,09/30/2026 19:23:02,18.970
6397,09/30/2026 19:33:02,18.927
6398,09/30/2026 19:43:02,18.916
6399,09/30/2026 19:53:02,18.906
6400,09/30/2026 20:03:02,18.916
6401,09/30/2026 20:13:02,18.863
6402,09/30/2026 20:23:02,18.755
6403,09/30/2026 20:33:02,18.305
6404,09/30/2026 20:43:02,17.855
6405,09/30/2026 20:53:02,16.943
6406,09/30/2026 21:03:02,17.361
6407,09/30/2026 21:13:02,17.844
6408,09/30/2026 21:23:02,17.951
6409,09/30/2026 21:33:02,17.983
6410,09/30/2026 21:43:02,18.005
6411,09/30/2026 21:53:02,18.069
6412,09/30/2026 22:03:02,18.123
6413,09/30/2026 22:13:02,18.401
6414,09/30/2026 22:23:02,18.616
6415,09/30/2026 22:33:02,18.691
6416,09/30/2026 22:43:02,18.691
6417,09/30/2026 22:53:02,18.702
6418,09/30/2026 23:03:02,18.648
6419,09/30/2026 23:13:02,18.616
6420,09/30/2026 23:23:02,18.616
6421,09/30/2026 23:33:02,18.670
6422,09/30/2026 23:43:02,18.702
6423,09/30/2026 23:53:02,18.670
6424,10/01/2026 00:03:02,18.670
6425,10/01/2026 00:13:02,18.670
6426,10/01/2026 00:23:02,18.670
6427,10/01/2026 00:33:02,18.670
6428,10/01/2026 00:43:02,18.670
6429,10/01/2026 00:53:02,18.648
6430,10/01/2026 01:03:02,18.637
6431,10/01/2026 01:13:02,18.627
6432,10/01/2026 01:23:02,18.616
6433,10/01/2026 01:33:02,18.616
6434,10/01/2026 01:43:02,18.605
6435,10/01/2026 01:53:02,18.595
6436,10/01/2026 02:03:02,18.584
6437,10/01/2026 02:13:02,18.584
6438,10/01/2026 02:23:02,18.584
6439,10/01/2026 02:33:02,18.584
6440,10/01/2026 02:43:02,18.584
6441,10/01/2026 02:53:02,18.584
6442,10/01/2026 03:03:02,18.562
6443,10/01/2026 03:13:02,18.573
6444,10/01/2026 03:23:02,18.573
6445,10/01/2026 03:33:02,18.573
6446,10/01/2026 03:43:02,18.573
6447,10/01/2026 03:53:02,18.562
6448,10/01/2026 04:03:02,18.562
6449,10/01/2026 04:13:02,18.562
6450,10/01/2026 04:23:02,18.562
6451,10/01/2026 04:33:02,18.562
6452,10/01/2026 04:43:02,18.562
6453,10/01/2026 04:53:02,18.562
6454,10/01/2026 05:03:02,18.552
6455,10/01/2026 05:13:02,18.541
6456,10/01/2026 05:23:02,18.541
6457,10/01/2026 05:33:02,18.530
6458,10/01/2026 05:43:02,18.498
6459,10/01/2026 05:53:02,18.477
6460,10/01/2026 06:03:02,18.444
6461,10/01/2026 06:13:02,18.412
6462,10/01/2026 06:23:02,18.369
6463,10/01/2026 06:33:02,18.316
6464,10/01/2026 06:43:02,18.273
6465,10/01/2026 06:53:02,18.208
6466,10/01/2026 07:03:02,18.155
6467,10/01/2026 07:13:02,18.101
6468,10/01/2026 07:23:02,18.048
6469,10/01/2026 07:33:02,18.015
6470,10/01/2026 07:43:02,17.951
6471,10/01/2026 07:53:02,17.897
6472,10/01/2026 08:03:02,17.876
6473,10/01/2026 08:13:02,17.822
6474,10/01/2026 08:23:02,17.812
6475,10/01/2026 08:33:02,17.822
6476,10/01/2026 08:43:02,17.812
6477,10/01/2026 08:53:02,17.833
6478,10/01/2026 09:03:02,17.822
6479,10/01/2026 09:13:02,17.855
6480,10/01/2026 09:23:02,17.897
6481,10/01/2026 09:33:02,17.887
6482,10/01/2026 09:43:02,17.919
6483,10/01/2026 09:53:02,17.972
6484,10/01/2026 10:03:02,18.048
6485,10/01/2026 10:13:02,18.444
6486,10/01/2026 10:23:02,18.541
6487,10/01/2026 10:33:02,18.562
6488,10/01/2026 10:43:02,18.616
6489,10/01/2026 10:53:02,18.648
6490,10/01/2026 11:03:02,18.702
6491,10/01/2026 11:13:02,18.723
6492,10/01/2026 11:23:02,18.777
6493,10/01/2026 11:33:02,18.830
6494,10/01/2026 11:43:02,18.895
6495,10/01/2026 11:53:02,18.927
6496,10/01/2026 12:03:02,18.959
6497,10/01/2026 12:13:02,18.959
6498,10/01/2026 12:23:02,18.927
6499,10/01/2026 12:33:02,18.916
6500,10/01/2026 12:43:02,18.959
6501,10/01/2026 12:53:02,18.959
6502,10/01/2026 13:03:02,19.024
6503,10/01/2026 13:13:02,19.045
6504,10/01/2026 13:23:02,19.077
6505,10/01/2026 13:33:02,19.088
6506,10/01/2026 13:43:02,19.099
6507,10/01/2026 13:53:02,19.088
6508,10/01/2026 14:03:02,19.056
6509,10/01/2026 14:13:02,19.066
6510,10/01/2026 14:23:02,19.045
6511,10/01/2026 14:33:02,19.056
6512,10/01/2026 14:43:02,19.034
6513,10/01/2026 14:53:02,19.077
6514,10/01/2026 15:03:02,19.034
6515,10/01/2026 15:13:02,19.024
6516,10/01/2026 15:23:02,19.045
6517,10/01/2026 15:33:02,19.034
6518,10/01/2026 15:43:02,19.034
6519,10/01/2026 15:53:02,19.045
6520,10/01/2026 16:03:02,19.109
6521,10/01/2026 16:13:02,19.142
6522,10/01/2026 16:23:02,19.174
6523,10/01/2026 16:33:02,19.184
6524,10/01/2026 16:43:02,19.195
6525,10/01/2026 16:53:02,19.227
6526,10/01/2026 17:03:02,19.270
6527,10/01/2026 17:13:02,19.324
6528,10/01/2026 17:23:02,19.356
6529,10/01/2026 17:33:02,19.388
6530,10/01/2026 17:43:02,19.431
6531,10/01/2026 17:53:02,19.431
6532,10/01/2026 18:03:02,19.463
6533,10/01/2026 18:13:02,19.506
6534,10/01/2026 18:23:02,19.549
6535,10/01/2026 18:33:02,19.592
6536,10/01/2026 18:43:02,19.624
6537,10/01/2026 18:53:02,19.646
6538,10/01/2026 19:03:02,19.678
6539,10/01/2026 19:13:02,19.710
6540,10/01/2026 19:23:02,19.742
6541,10/01/2026 19:33:02,19.764
6542,10/01/2026 19:43:02,19.764
6543,10/01/2026 19:53:02,19.764
6544,10/01/2026 20:03:02,19.742
6545,10/01/2026 20:13:02,19.721
6546,10/01/2026 20:23:02,19.699
6547,10/01/2026 20:33:02,19.678
6548,10/01/2026 20:43:02,19.667
6549,10/01/2026 20:53:02,19.656
6550,10/01/2026 21:03:02,19.646
6551,10/01/2026 21:13:02,19.592
6552,10/01/2026 21:23:02,19.495
6553,10/01/2026 21:33:02,19.335
6554,10/01/2026 21:43:02,19.302
6555,10/01/2026 21:53:02,19.152
6556,10/01/2026 22:03:02,19.142
6557,10/01/2026 22:13:02,19.045
6558,10/01/2026 22:23:02,18.991
6559,10/01/2026 22:33:02,18.938
6560,10/01/2026 22:43:02,18.927
6561,10/01/2026 22:53:02,18.906
6562,10/01/2026 23:03:02,19.013
6563,10/01/2026 23:13:02,19.013
6564,10/01/2026 23:23:02,18.991
6565,10/01/2026 23:33:02,19.024
6566,10/01/2026 23:43:02,19.056
6567,10/01/2026 23:53:02,19.077
6568,10/02/2026 00:03:02,19.099
6569,10/02/2026 00:13:02,19.077
6570,10/02/2026 00:23:02,19.056
6571,10/02/2026 00:33:02,19.066
6572,10/02/2026 00:43:02,19.077
6573,10/02/2026 00:53:02,19.109
6574,10/02/2026 01:03:02,19.109
6575,10/02/2026 01:13:02,19.099
6576,10/02/2026 01:23:02,19.088
6577,10/02/2026 01:33:02,19.077
6578,10/02/2026 01:43:02,19.066
6579,10/02/2026 01:53:02,19.045
6580,10/02/2026 02:03:02,19.034
6581,10/02/2026 02:13:02,19.024
6582,10/02/2026 02:23:02,19.024
6583,10/02/2026 02:33:02,19.024
6584,10/02/2026 02:43:02,19.013
6585,10/02/2026 02:53:02,19.013
6586,10/02/2026 03:03:02,18.991
6587,10/02/2026 03:13:02,18.991
6588,10/02/2026 03:23:02,18.991
6589,10/02/2026 03:33:02,18.981
6590,10/02/2026 03:43:02,18.970
6591,10/02/2026 03:53:02,18.959
6592,10/02/2026 04:03:02,18.959
6593,10/02/2026 04:13:02,18.959
6594,10/02/2026 04:23:02,18.959
6595,10/02/2026 04:33:02,18.959
6596,10/02/2026 04:43:02,18.959
6597,10/02/2026 04:53:02,18.970
6598,10/02/2026 05:03:02,18.970
6599,10/02/2026 05:13:02,18.970
6600,10/02/2026 05:23:02,18.959
6601,10/02/2026 05:33:02,18.959
6602,10/02/2026 05:43:02,18.959
6603,10/02/2026 05:53:02,18.959
6604,10/02/2026 06:03:02,18.959
6605,10/02/2026 06:13:02,18.948
6606,10/02/2026 06:23:02,18.948
6607,10/02/2026 06:33:02,18.927
6608,10/02/2026 06:43:02,18.927
6609,10/02/2026 06:53:02,18.895
6610,10/02/2026 07:03:02,18.873
6611,10/02/2026 07:13:02,18.841
6612,10/02/2026 07:23:02,18.820
6613,10/02/2026 07:33:02,18.788
6614,10/02/2026 07:43:02,18.766
6615,10/02/2026 07:53:02,18.745
6616,10/02/2026 08:03:02,18.723
6617,10/02/2026 08:13:02,18.702
6618,10/02/2026 08:23:02,18.691
6619,10/02/2026 08:33:02,18.702
6620,10/02/2026 08:43:02,18.702
6621,10/02/2026 08:53:02,18.723
6622,10/02/2026 09:03:02,18.798
6623,10/02/2026 09:13:02,18.830
6624,10/02/2026 09:23:02,18.873
6625,10/02/2026 09:33:02,18.991
6626,10/02/2026 09:43:02,19.142
6627,10/02/2026 09:53:02,19.281
6628,10/02/2026 10:03:02,19.377
6629,10/02/2026 10:13:02,19.485
6630,10/02/2026 10:23:02,19.646
6631,10/02/2026 10:33:02,19.721
6632,10/02/2026 10:43:02,19.989
6633,10/02/2026 10:53:02,19.967
6634,10/02/2026 11:03:02,19.442
6635,10/02/2026 11:13:02,19.217
6636,10/02/2026 11:23:02,19.163
6637,10/02/2026 11:33:02,19.206
6638,10/02/2026 11:43:02,19.388
6639,10/02/2026 11:53:02,19.517
6640,10/02/2026 12:03:02,19.571
6641,10/02/2026 12:13:02,19.624
6642,10/02/2026 12:23:02,19.678
6643,10/02/2026 12:33:02,19.699
6644,10/02/2026 12:43:02,19.710
6645,10/02/2026 12:53:02,19.721
6646,10/02/2026 13:03:02,19.742
6647,10/02/2026 13:13:02,19.764
6648,10/02/2026 13:23:02,19.796
6649,10/02/2026 13:33:02,19.817
6650,10/02/2026 13:43:02,19.828
6651,10/02/2026 13:53:02,19.849
6652,10/02/2026 14:03:02,19.849
6653,10/02/2026 14:13:02,19.892
6654,10/02/2026 14:23:02,19.914
6655,10/02/2026 14:33:02,19.914
6656,10/02/2026 14:43:02,19.914
6657,10/02/2026 14:53:02,19.924
6658,10/02/2026 15:03:02,19.957
6659,10/02/2026 15:13:02,19.957
6660,10/02/2026 15:23:02,19.967
6661,10/02/2026 15:33:02,19.978
6662,10/02/2026 15:43:02,19.978
6663,10/02/2026 15:53:02,19.967
6664,10/02/2026 16:03:02,19.946
6665,10/02/2026 16:13:02,19.946
6666,10/02/2026 16:23:02,19.978
6667,10/02/2026 16:33:02,19.989
6668,10/02/2026 16:43:02,20.000
6669,10/02/2026 16:53:02,20.021
6670,10/02/2026 17:03:02,20.096
6671,10/02/2026 17:13:02,20.139
6672,10/02/2026 17:23:02,20.160
6673,10/02/2026 17:33:02,20.193
6674,10/02/2026 17:43:02,20.246
6675,10/02/2026 17:53:02,20.257
6676,10/02/2026 18:03:02,20.257
6677,10/02/2026 18:13:02,20.332
6678,10/02/2026 18:23:02,20.396
6679,10/02/2026 18:33:02,20.386
6680,10/02/2026 18:43:02,20.429
6681,10/02/2026 18:53:02,20.482
6682,10/02/2026 19:03:02,20.514
6683,10/02/2026 19:13:02,20.568
6684,10/02/2026 19:23:02,20.643
6685,10/02/2026 19:33:02,20.740
6686,10/02/2026 19:43:02,20.847
6687,10/02/2026 19:53:02,20.900
6688,10/02/2026 20:03:02,20.986
6689,10/02/2026 20:13:02,21.051
6690,10/02/2026 20:23:02,21.115
6691,10/02/2026 20:33:02,21.190
6692,10/02/2026 20:43:02,21.233
6693,10/02/2026 20:53:02,21.276
6694,10/02/2026 21:03:02,21.308
6695,10/02/2026 21:13:02,21.297
6696,10/02/2026 21:23:02,21.319
6697,10/02/2026 21:33:02,21.329
6698,10/02/2026 21:43:02,21.329
6699,10/02/2026 21:53:02,21.308
6700,10/02/2026 22:03:02,21.254
6701,10/02/2026 22:13:02,21.201
6702,10/02/2026 22:23:02,21.093
6703,10/02/2026 22:33:02,21.008
6704,10/02/2026 22:43:02,20.825
6705,10/02/2026 22:53:02,20.643
6706,10/02/2026 23:03:02,20.611
6707,10/02/2026 23:13:02,20.514
6708,10/02/2026 23:23:02,20.482
6709,10/02/2026 23:33:02,20.471
6710,10/02/2026 23:43:02,20.418
6711,10/02/2026 23:53:02,20.439
6712,10/03/2026 00:03:02,20.493
6713,10/03/2026 00:13:02,20.461
6714,10/03/2026 00:23:02,19.903
6715,10/03/2026 00:33:02,19.860
6716,10/03/2026 00:43:02,19.742
6717,10/03/2026 00:53:02,19.753
6718,10/03/2026 01:03:02,19.689
6719,10/03/2026 01:13:02,19.646
6720,10/03/2026 01:23:02,19.592
6721,10/03/2026 01:33:02,19.528
6722,10/03/2026 01:43:02,19.495
6723,10/03/2026 01:53:02,19.420
6724,10/03/2026 02:03:02,19.356
6725,10/03/2026 02:13:02,19.292
6726,10/03/2026 02:23:02,19.270
6727,10/03/2026 02:33:02,19.249
6728,10/03/2026 02:43:02,19.249
6729,10/03/2026 02:53:02,19.238
6730,10/03/2026 03:03:02,19.227
6731,10/03/2026 03:13:02,19.217
6732,10/03/2026 03:23:02,19.206
6733,10/03/2026 03:33:02,19.195
6734,10/03/2026 03:43:02,19.195
6735,10/03/2026 03:53:02,19.184
6736,10/03/2026 04:03:02,19.184
6737,10/03/2026 04:13:02,19.174
6738,10/03/2026 04:23:02,19.174
6739,10/03/2026 04:33:02,19.163
6740,10/03/2026 04:43:02,19.163
6741,10/03/2026 04:53:02,19.131
6742,10/03/2026 05:03:02,19.131
6743,10/03/2026 05:13:02,19.142
6744,10/03/2026 05:23:02,19.131
6745,10/03/2026 05:33:02,19.109
6746,10/03/2026 05:43:02,19.088
6747,10/03/2026 05:53:02,19.077
6748,10/03/2026 06:03:02,19.045
6749,10/03/2026 06:13:02,19.002
6750,10/03/2026 06:23:02,18.991
6751,10/03/2026 06:33:02,18.991
6752,10/03/2026 06:43:02,18.959
6753,10/03/2026 06:53:02,18.906
6754,10/03/2026 07:03:02,18.830
6755,10/03/2026 07:13:02,18.798
6756,10/03/2026 07:23:02,18.755
6757,10/03/2026 07:33:02,18.734
6758,10/03/2026 07:43:02,18.702
6759,10/03/2026 07:53:02,18.713
6760,10/03/2026 08:03:02,18.723
6761,10/03/2026 08:13:02,18.723
6762,10/03/2026 08:23:02,18.691
6763,10/03/2026 08:33:02,18.670
6764,10/03/2026 08:43:02,18.680
6765,10/03/2026 08:53:02,18.702
6766,10/03/2026 09:03:02,18.713
6767,10/03/2026 09:13:02,18.734
6768,10/03/2026 09:23:02,18.766
6769,10/03/2026 09:33:02,18.798
6770,10/03/2026 09:43:02,18.852
6771,10/03/2026 09:53:02,18.906
6772,10/03/2026 10:03:02,18.959
6773,10/03/2026 10:13:02,19.045
6774,10/03/2026 10:23:02,19.163
6775,10/03/2026 10:33:02,19.249
6776,10/03/2026 10:43:02,19.345
6777,10/03/2026 10:53:02,19.442
6778,10/03/2026 11:03:02,19.581
6779,10/03/2026 11:13:02,19.656
6780,10/03/2026 11:23:02,19.796
6781,10/03/2026 11:33:02,20.021
6782,10/03/2026 11:43:02,20.107
6783,10/03/2026 11:53:02,20.107
6784,10/03/2026 12:03:02,19.839
6785,10/03/2026 12:13:02,19.667
6786,10/03/2026 12:23:02,19.592
6787,10/03/2026 12:33:02,19.667
6788,10/03/2026 12:43:02,19.731
6789,10/03/2026 12:53:02,19.817
6790,10/03/2026 13:03:02,19.849
6791,10/03/2026 13:13:02,19.860
6792,10/03/2026 13:23:02,19.849
6793,10/03/2026 13:33:02,19.828
6794,10/03/2026 13:43:02,19.796
6795,10/03/2026 13:53:02,19.764
6796,10/03/2026 14:03:02,19.764
6797,10/03/2026 14:13:02,19.785
6798,10/03/2026 14:23:02,19.796
6799,10/03/2026 14:33:02,19.806
6800,10/03/2026 14:43:02,19.806
6801,10/03/2026 14:53:02,19.817
6802,10/03/2026 15:03:02,19.839
6803,10/03/2026 15:13:02,19.849
6804,10/03/2026 15:23:02,19.860
6805,10/03/2026 15:33:02,19.839
6806,10/03/2026 15:43:02,19.849
6807,10/03/2026 15:53:02,19.828
6808,10/03/2026 16:03:02,19.849
6809,10/03/2026 16:13:02,19.849
6810,10/03/2026 16:23:02,19.828
6811,10/03/2026 16:33:02,19.817
6812,10/03/2026 16:43:02,19.785
6813,10/03/2026 16:53:02,19.796
6814,10/03/2026 17:03:02,19.796
6815,10/03/2026 17:13:02,19.764
6816,10/03/2026 17:23:02,19.764
6817,10/03/2026 17:33:02,19.774
6818,10/03/2026 17:43:02,19.774
6819,10/03/2026 17:53:02,19.785
6820,10/03/2026 18:03:02,19.774
6821,10/03/2026 18:13:02,19.764
6822,10/03/2026 18:23:02,19.796
6823,10/03/2026 18:33:02,19.796
6824,10/03/2026 18:43:02,19.828
6825,10/03/2026 18:53:02,19.828
6826,10/03/2026 19:03:02,19.828
6827,10/03/2026 19:13:02,19.828
6828,10/03/2026 19:23:02,19.849
6829,10/03/2026 19:33:02,19.935
6830,10/03/2026 19:43:02,19.978
6831,10/03/2026 19:53:02,19.989
6832,10/03/2026 20:03:02,20.000
6833,10/03/2026 20:13:02,20.032
6834,10/03/2026 20:23:02,20.075
6835,10/03/2026 20:33:02,20.107
6836,10/03/2026 20:43:02,20.139
6837,10/03/2026 20:53:02,20.171
6838,10/03/2026 21:03:02,20.193
6839,10/03/2026 21:13:02,20.225
6840,10/03/2026 21:23:02,20.235
6841,10/03/2026 21:33:02,20.257
6842,10/03/2026 21:43:02,20.289
6843,10/03/2026 21:53:02,20.311
6844,10/03/2026 22:03:02,20.332
6845,10/03/2026 22:13:02,20.332
6846,10/03/2026 22:23:02,20.311
6847,10/03/2026 22:33:02,20.278
6848,10/03/2026 22:43:02,20.235
6849,10/03/2026 22:53:02,20.214
6850,10/03/2026 23:03:02,20.171
6851,10/03/2026 23:13:02,20.085
6852,10/03/2026 23:23:02,20.000
6853,10/03/2026 23:33:02,19.903
6854,10/03/2026 23:43:02,19.849
6855,10/03/2026 23:53:02,19.710
6856,10/04/2026 00:03:02,19.517
6857,10/04/2026 00:13:02,19.485
6858,10/04/2026 00:23:02,19.474
6859,10/04/2026 00:33:02,19.420
6860,10/04/2026 00:43:02,19.345
6861,10/04/2026 00:53:02,19.388
6862,10/04/2026 01:03:02,19.656
6863,10/04/2026 01:13:02,19.721
6864,10/04/2026 01:23:02,19.667
6865,10/04/2026 01:33:02,19.613
6866,10/04/2026 01:43:02,19.538
6867,10/04/2026 01:53:02,19.528
6868,10/04/2026 02:03:02,19.517
6869,10/04/2026 02:13:02,19.474
6870,10/04/2026 02:23:02,19.453
6871,10/04/2026 02:33:02,19.399
6872,10/04/2026 02:43:02,19.356
6873,10/04/2026 02:53:02,19.356
6874,10/04/2026 03:03:02,19.356
6875,10/04/2026 03:13:02,19.356
6876,10/04/2026 03:23:02,19.356
6877,10/04/2026 03:33:02,19.335
6878,10/04/2026 03:43:02,19.324
6879,10/04/2026 03:53:02,19.313
6880,10/04/2026 04:03:02,19.292
6881,10/04/2026 04:13:02,19.249
6882,10/04/2026 04:23:02,19.249
6883,10/04/2026 04:33:02,19.249
6884,10/04/2026 04:43:02,19.238
6885,10/04/2026 04:53:02,19.270
6886,10/04/2026 05:03:02,19.281
6887,10/04/2026 05:13:02,19.270
6888,10/04/2026 05:23:02,19.270
6889,10/04/2026 05:33:02,19.281
6890,10/04/2026 05:43:02,19.281
6891,10/04/2026 05:53:02,19.335
6892,10/04/2026 06:03:02,19.356
6893,10/04/2026 06:13:02,19.302
6894,10/04/2026 06:23:02,19.324
6895,10/04/2026 06:33:02,19.260
6896,10/04/2026 06:43:02,19.260
6897,10/04/2026 06:53:02,19.217
6898,10/04/2026 07:03:02,19.184
6899,10/04/2026 07:13:02,19.131
6900,10/04/2026 07:23:02,19.099
6901,10/04/2026 07:33:02,19.077
6902,10/04/2026 07:43:02,19.045
6903,10/04/2026 07:53:02,18.991
6904,10/04/2026 08:03:02,18.906
6905,10/04/2026 08:13:02,18.820
6906,10/04/2026 08:23:02,18.734
6907,10/04/2026 08:33:02,18.691
6908,10/04/2026 08:43:02,18.659
6909,10/04/2026 08:53:02,18.670
6910,10/04/2026 09:03:02,18.648
6911,10/04/2026 09:13:02,18.627
6912,10/04/2026 09:23:02,18.595
6913,10/04/2026 09:33:02,18.595
6914,10/04/2026 09:43:02,18.595
6915,10/04/2026 09:53:02,18.616
6916,10/04/2026 10:03:02,18.605
6917,10/04/2026 10:13:02,18.584
6918,10/04/2026 10:23:02,18.584
6919,10/04/2026 10:33:02,18.584
6920,10/04/2026 10:43:02,18.573
6921,10/04/2026 10:53:02,18.584
6922,10/04/2026 11:03:02,18.573
6923,10/04/2026 11:13:02,18.584
6924,10/04/2026 11:23:02,18.616
6925,10/04/2026 11:33:02,18.637
6926,10/04/2026 11:43:02,18.670
6927,10/04/2026 11:53:02,18.680
6928,10/04/2026 12:03:02,18.680
6929,10/04/2026 12:13:02,18.670
6930,10/04/2026 12:23:02,18.637
6931,10/04/2026 12:33:02,18.627
6932,10/04/2026 12:43:02,18.627
6933,10/04/2026 12:53:02,18.637
6934,10/04/2026 13:03:02,18.734
6935,10/04/2026 13:13:02,18.938
6936,10/04/2026 13:23:02,19.174
6937,10/04/2026 13:33:02,19.227
6938,10/04/2026 13:43:02,19.088
6939,10/04/2026 13:53:02,19.056
6940,10/04/2026 14:03:02,19.045
6941,10/04/2026 14:13:02,19.045
6942,10/04/2026 14:23:02,19.045
6943,10/04/2026 14:33:02,19.045
6944,10/04/2026 14:43:02,19.056
6945,10/04/2026 14:53:02,19.066
6946,10/04/2026 15:03:02,19.077
6947,10/04/2026 15:13:02,19.066
6948,10/04/2026 15:23:02,19.045
6949,10/04/2026 15:33:02,19.024
6950,10/04/2026 15:43:02,19.013
6951,10/04/2026 15:53:02,18.991
6952,10/04/2026 16:03:02,18.970
6953,10/04/2026 16:13:02,18.959
6954,10/04/2026 16:23:02,18.959
6955,10/04/2026 16:33:02,18.959
6956,10/04/2026 16:43:02,18.959
6957,10/04/2026 16:53:02,18.948
6958,10/04/2026 17:03:02,18.948
6959,10/04/2026 17:13:02,18.948
6960,10/04/2026 17:23:02,18.938
6961,10/04/2026 17:33:02,18.938
6962,10/04/2026 17:43:02,18.927
6963,10/04/2026 17:53:02,18.927
6964,10/04/2026 18:03:02,18.927
6965,10/04/2026 18:13:02,18.927
6966,10/04/2026 18:23:02,18.927
6967,10/04/2026 18:33:02,18.927
6968,10/04/2026 18:43:02,18.906
6969,10/04/2026 18:53:02,18.895
6970,10/04/2026 19:03:02,18.884
6971,10/04/2026 19:13:02,18.895
6972,10/04/2026 19:23:02,18.895
6973,10/04/2026 19:33:02,18.863
6974,10/04/2026 19:43:02,18.873
6975,10/04/2026 19:53:02,18.873
6976,10/04/2026 20:03:02,18.852
6977,10/04/2026 20:13:02,18.852
6978,10/04/2026 20:23:02,18.841
6979,10/04/2026 20:33:02,18.841
6980,10/04/2026 20:43:02,18.841
6981,10/04/2026 20:53:02,18.841
6982,10/04/2026 21:03:02,18.852
6983,10/04/2026 21:13:02,18.830
6984,10/04/2026 21:23:02,18.820
6985,10/04/2026 21:33:02,18.798
6986,10/04/2026 21:43:02,18.788
6987,10/04/2026 21:53:02,18.788
6988,10/04/2026 22:03:02,18.766
6989,10/04/2026 22:13:02,18.745
6990,10/04/2026 22:23:02,18.734
6991,10/04/2026 22:33:02,18.723
6992,10/04/2026 22:43:02,18.702
6993,10/04/2026 22:53:02,18.680
6994,10/04/2026 23:03:02,18.648
6995,10/04/2026 23:13:02,18.616
6996,10/04/2026 23:23:02,18.562
6997,10/04/2026 23:33:02,18.498
6998,10/04/2026 23:43:02,18.444
6999,10/04/2026 23:53:02,18.391
7000,10/05/2026 00:03:02,18.348
7001,10/05/2026 00:13:02,18.273
7002,10/05/2026 00:23:02,18.208
7003,10/05/2026 00:33:02,18.101
7004,10/05/2026 00:43:02,18.026
7005,10/05/2026 00:53:02,17.919
7006,10/05/2026 01:03:02,17.855
7007,10/05/2026 01:13:02,17.769
7008,10/05/2026 01:23:02,17.726
7009,10/05/2026 01:33:02,17.640
7010,10/05/2026 01:43:02,17.597
7011,10/05/2026 01:53:02,17.608
7012,10/05/2026 02:03:02,18.133
7013,10/05/2026 02:13:02,18.648
7014,10/05/2026 02:23:02,18.863
7015,10/05/2026 02:33:02,18.895
7016,10/05/2026 02:43:02,18.873
7017,10/05/2026 02:53:02,18.863
7018,10/05/2026 03:03:02,18.830
7019,10/05/2026 03:13:02,18.841
7020,10/05/2026 03:23:02,18.841
7021,10/05/2026 03:33:02,18.841
7022,10/05/2026 03:43:02,18.841
7023,10/05/2026 03:53:02,18.830
7024,10/05/2026 04:03:02,18.830
7025,10/05/2026 04:13:02,18.820
7026,10/05/2026 04:23:02,18.820
7027,10/05/2026 04:33:02,18.841
7028,10/05/2026 04:43:02,18.830
7029,10/05/2026 04:53:02,18.830
7030,10/05/2026 05:03:02,18.830
7031,10/05/2026 05:13:02,18.820
7032,10/05/2026 05:23:02,18.820
7033,10/05/2026 05:33:02,18.809
7034,10/05/2026 05:43:02,18.798
7035,10/05/2026 05:53:02,18.788
7036,10/05/2026 06:03:02,18.777
7037,10/05/2026 06:13:02,18.777
7038,10/05/2026 06:23:02,18.766
7039,10/05/2026 06:33:02,18.755
7040,10/05/2026 06:43:02,18.723
7041,10/05/2026 06:53:02,18.713
7042,10/05/2026 07:03:02,18.702
7043,10/05/2026 07:13:02,18.670
7044,10/05/2026 07:23:02,18.691
7045,10/05/2026 07:33:02,18.680
7046,10/05/2026 07:43:02,18.670
7047,10/05/2026 07:53:02,18.670
7048,10/05/2026 08:03:02,18.648
7049,10/05/2026 08:13:02,18.637
7050,10/05/2026 08:23:02,18.648
7051,10/05/2026 08:33:02,18.637
7052,10/05/2026 08:43:02,18.648
7053,10/05/2026 08:53:02,18.659
7054,10/05/2026 09:03:02,18.670
7055,10/05/2026 09:13:02,18.670
7056,10/05/2026 09:23:02,18.670
7057,10/05/2026 09:33:02,18.702
7058,10/05/2026 09:43:02,18.755
7059,10/05/2026 09:53:02,18.777
7060,10/05/2026 10:03:02,18.777
7061,10/05/2026 10:13:02,18.766
7062,10/05/2026 10:23:02,18.755
7063,10/05/2026 10:33:02,18.788
7064,10/05/2026 10:43:02,18.830
7065,10/05/2026 10:53:02,18.863
7066,10/05/2026 11:03:02,18.916
7067,10/05/2026 11:13:02,18.991
7068,10/05/2026 11:23:02,19.034
7069,10/05/2026 11:33:02,19.109
7070,10/05/2026 11:43:02,19.163
7071,10/05/2026 11:53:02,19.270
7072,10/05/2026 12:03:02,19.345
7073,10/05/2026 12:13:02,19.431
7074,10/05/2026 12:23:02,19.624
7075,10/05/2026 12:33:02,19.892
7076,10/05/2026 12:43:02,19.849
7077,10/05/2026 12:53:02,19.849
7078,10/05/2026 13:03:02,19.989
7079,10/05/2026 13:13:02,20.225
7080,10/05/2026 13:23:02,20.547
7081,10/05/2026 13:33:02,20.815
7082,10/05/2026 13:43:02,20.943
7083,10/05/2026 13:53:02,20.900
7084,10/05/2026 14:03:02,20.804
7085,10/05/2026 14:13:02,20.761
7086,10/05/2026 14:23:02,20.804
7087,10/05/2026 14:33:02,20.943
7088,10/05/2026 14:43:02,20.504
7089,10/05/2026 14:53:02,19.914
7090,10/05/2026 15:03:02,19.474
7091,10/05/2026 15:13:02,19.345
7092,10/05/2026 15:23:02,19.324
7093,10/05/2026 15:33:02,19.377
7094,10/05/2026 15:43:02,19.420
7095,10/05/2026 15:53:02,19.431
7096,10/05/2026 16:03:02,19.420
7097,10/05/2026 16:13:02,19.431
7098,10/05/2026 16:23:02,19.442
7099,10/05/2026 16:33:02,19.388
7100,10/05/2026 16:43:02,19.335
7101,10/05/2026 16:53:02,19.281
7102,10/05/2026 17:03:02,19.249
7103,10/05/2026 17:13:02,19.217
7104,10/05/2026 17:23:02,19.195
7105,10/05/2026 17:33:02,19.131
7106,10/05/2026 17:43:02,19.109
7107,10/05/2026 17:53:02,19.077
7108,10/05/2026 18:03:02,19.034
7109,10/05/2026 18:13:02,19.002
7110,10/05/2026 18:23:02,18.970
7111,10/05/2026 18:33:02,18.927
7112,10/05/2026 18:43:02,18.906
7113,10/05/2026 18:53:02,18.884
7114,10/05/2026 19:03:02,18.873
7115,10/05/2026 19:13:02,18.830
7116,10/05/2026 19:23:02,18.788
7117,10/05/2026 19:33:02,18.766
7118,10/05/2026 19:43:02,18.745
7119,10/05/2026 19:53:02,18.723
7120,10/05/2026 20:03:02,18.723
7121,10/05/2026 20:13:02,18.713
7122,10/05/2026 20:23:02,18.702
7123,10/05/2026 20:33:02,18.713
7124,10/05/2026 20:43:02,18.734
7125,10/05/2026 20:53:02,18.755
7126,10/05/2026 21:03:02,18.734
7127,10/05/2026 21:13:02,18.713
7128,10/05/2026 21:23:02,18.734
7129,10/05/2026 21:33:02,18.745
7130,10/05/2026 21:43:02,18.702
7131,10/05/2026 21:53:02,18.702
7132,10/05/2026 22:03:02,18.680
7133,10/05/2026 22:13:02,18.670
7134,10/05/2026 22:23:02,18.627
7135,10/05/2026 22:33:02,18.573
7136,10/05/2026 22:43:02,18.509
7137,10/05/2026 22:53:02,18.455
7138,10/05/2026 23:03:02,18.380
7139,10/05/2026 23:13:02,18.337
7140,10/05/2026 23:23:02,18.294
7141,10/05/2026 23:33:02,18.273
7142,10/05/2026 23:43:02,18.208
7143,10/05/2026 23:53:02,18.155
7144,10/06/2026 00:03:02,18.080
7145,10/06/2026 00:13:02,17.983
7146,10/06/2026 00:23:02,17.897
7147,10/06/2026 00:33:02,17.747
7148,10/06/2026 00:43:02,17.554
7149,10/06/2026 00:53:02,17.447
7150,10/06/2026 01:03:02,17.297
7151,10/06/2026 01:13:02,17.232
7152,10/06/2026 01:23:02,16.568
7153,10/06/2026 01:33:02,13.758
7154,10/06/2026 01:43:02,10.862
7155,10/06/2026 01:53:02,9.210
7156,10/06/2026 02:03:02,8.298
7157,10/06/2026 02:13:02,7.709
7158,10/06/2026 02:23:02,7.419
7159,10/06/2026 02:33:02,7.087
7160,10/06/2026 02:43:02,6.915
7161,10/06/2026 02:53:02,6.786
7162,10/06/2026 03:03:02,6.893
7163,10/06/2026 03:13:02,7.226
7164,10/06/2026 03:23:02,11.076
7165,10/06/2026 03:33:02,15.259
7166,10/06/2026 03:43:02,16.053
7167,10/06/2026 03:53:02,17.029
7168,10/06/2026 04:03:02,18.176
7169,10/06/2026 04:13:02,18.273
7170,10/06/2026 04:23:02,18.294
7171,10/06/2026 04:33:02,18.187
7172,10/06/2026 04:43:02,18.176
7173,10/06/2026 04:53:02,18.112
7174,10/06/2026 05:03:02,18.080
7175,10/06/2026 05:13:02,18.090
7176,10/06/2026 05:23:02,18.090
7177,10/06/2026 05:33:02,18.133
7178,10/06/2026 05:43:02,18.144
7179,10/06/2026 05:53:02,18.123
7180,10/06/2026 06:03:02,18.123
7181,10/06/2026 06:13:02,18.144
7182,10/06/2026 06:23:02,18.101
7183,10/06/2026 06:33:02,18.037
7184,10/06/2026 06:43:02,18.015
7185,10/06/2026 06:53:02,17.930
7186,10/06/2026 07:03:02,17.897
7187,10/06/2026 07:13:02,17.887
7188,10/06/2026 07:23:02,17.855
7189,10/06/2026 07:33:02,17.812
7190,10/06/2026 07:43:02,17.812
7191,10/06/2026 07:53:02,17.801
7192,10/06/2026 08:03:02,17.779
7193,10/06/2026 08:13:02,17.790
7194,10/06/2026 08:23:02,17.812
7195,10/06/2026 08:33:02,17.833
7196,10/06/2026 08:43:02,17.865
7197,10/06/2026 08:53:02,17.865
7198,10/06/2026 09:03:02,17.855
7199,10/06/2026 09:13:02,17.833
7200,10/06/2026 09:23:02,17.833
7201,10/06/2026 09:33:02,17.822
7202,10/06/2026 09:43:02,17.822
7203,10/06/2026 09:53:02,17.855
7204,10/06/2026 10:03:02,17.855
7205,10/06/2026 10:13:02,17.726
7206,10/06/2026 10:23:02,17.640
7207,10/06/2026 10:33:02,17.629
7208,10/06/2026 10:43:02,17.683
7209,10/06/2026 10:53:02,17.683
7210,10/06/2026 11:03:02,17.694
7211,10/06/2026 11:13:02,17.726
7212,10/06/2026 11:23:02,17.747
7213,10/06/2026 11:33:02,17.747
7214,10/06/2026 11:43:02,17.694
7215,10/06/2026 11:53:02,17.715
7216,10/06/2026 12:03:02,17.704
7217,10/06/2026 12:13:02,17.747
7218,10/06/2026 12:23:02,17.758
7219,10/06/2026 12:33:02,17.790
7220,10/06/2026 12:43:02,17.822
7221,10/06/2026 12:53:02,17.865
7222,10/06/2026 13:03:02,17.908
7223,10/06/2026 13:13:02,18.015
7224,10/06/2026 13:23:02,18.069
7225,10/06/2026 13:33:02,18.155
7226,10/06/2026 13:43:02,18.198
7227,10/06/2026 13:53:02,18.359
7228,10/06/2026 14:03:02,18.230
7229,10/06/2026 14:13:02,18.380
