"type","durationMinutes","startTime","endTime","startNum","endNum","eventSalinity"
"Severe",60.0000000028615,"2024-03-23 18:22:00","2024-03-23 19:22:00",54.26237,54.26248,0.619558816666667
"Severe",120.000000001988,"2024-12-12 13:47:00","2024-12-12 15:47:00",54.98514,54.98536,0.0089425302
"Severe",60.0000000028615,"2024-12-13 14:47:00","2024-12-13 15:47:00",54.98799,54.9881,0.034313123
"Severe",59.9999999953923,"2024-12-14 15:47:00","2024-12-14 16:47:00",54.99084,54.99096,0.0304905163333333
"Severe",89.9999999986903,"2025-01-02 18:18:00","2025-01-02 19:48:00",55.04318,55.04336,0.021137746
"Severe",59.9999999991269,"2025-01-03 06:48:00","2025-01-03 07:48:00",55.04461,55.04473,0.0282258306666667
"Severe",119.999999998254,"2025-02-17 07:19:00","2025-02-17 09:19:00",55.16796,55.16819,0.0140745504
"Severe",180.000000001115,"2025-02-18 07:19:00","2025-02-18 10:19:00",55.1707,55.17104,0.003386474
"Severe",60.0000000028615,"2025-03-07 12:01:00","2025-03-07 13:01:00",55.21781,55.21792,0.00789733266666667
"Severe",90.0000000024249,"2025-11-04 15:16:00","2025-11-04 16:46:00",55.88119,55.88137,0.0468233545
"Severe",119.999999998254,"2025-11-06 04:16:00","2025-11-06 06:16:00",55.88542,55.88565,0.0359741838
"Severe",89.9999999986903,"2025-11-06 16:46:00","2025-11-06 18:16:00",55.88685,55.88702,0.031835907
"Severe",89.9999999986903,"2025-11-11 21:46:00","2025-11-11 23:16:00",55.90111,55.90129,0.03911314
"Severe",90.0000000024249,"2025-12-04 15:46:00","2025-12-04 17:16:00",55.96344,55.96361,0.04970245175
"Severe",119.999999998254,"2026-01-20 17:49:00","2026-01-20 19:49:00",56.09244,56.09267,4.563620992
"Severe",60.0000000028615,"2026-01-24 08:49:00","2026-01-24 09:49:00",56.10238,56.10249,3.05531788
"Severe",119.999999998254,"2026-01-30 14:49:00","2026-01-30 16:49:00",56.1195,56.11973,4.2667796985
"Moderately Severe",230.000000000388,"2023-07-04 04:20:00","2023-07-04 08:10:00",53.54022,53.54066,3.38013145833333
"Moderately Severe",129.999999998108,"2023-07-16 15:50:00","2023-07-16 18:00:00",53.57441,53.57466,3.31935714285714
"Moderately Severe",135.00000000177,"2023-09-10 14:19:00","2023-09-10 16:34:00",53.72766,53.72792,2.218037
"Moderately Severe",119.999999998254,"2023-09-11 03:04:00","2023-09-11 05:04:00",53.72912,53.72935,3.16869566666667
"Moderately Severe",59.9999999953923,"2023-09-29 06:20:00","2023-09-29 07:20:00",53.77881,53.77892,3.3756942
"Moderately Severe",240.000000000242,"2023-09-29 16:20:00","2023-09-29 20:20:00",53.77995,53.7804,1.82107637647059
"Moderately Severe",165.000000001334,"2023-09-30 04:35:00","2023-09-30 07:20:00",53.78135,53.78166,3.75951925
"Moderately Severe",239.999999996508,"2024-03-23 15:52:00","2024-03-23 19:52:00",54.26209,54.26254,1.73158346111111
"Moderately Severe",210.000000000679,"2024-03-24 03:22:00","2024-03-24 06:52:00",54.2634,54.2638,2.5258520625
"Moderately Severe",89.9999999986903,"2024-03-28 07:52:00","2024-03-28 09:22:00",54.27487,54.27504,3.0531676
"Moderately Severe",89.9999999986903,"2024-04-04 13:22:00","2024-04-04 14:52:00",54.29468,54.29485,3.85583245
"Moderately Severe",59.9999999991269,"2024-04-12 08:22:00","2024-04-12 09:22:00",54.31602,54.31614,3.54806903333333
"Moderately Severe",59.9999999991269,"2024-05-27 20:39:00","2024-05-27 21:39:00",54.44071,54.44083,3.56788336666667
"Moderately Severe",89.9999999986903,"2024-06-15 00:09:00","2024-06-15 01:39:00",54.49043,54.4906,3.906310875
"Moderately Severe",89.9999999986903,"2024-07-13 11:09:00","2024-07-13 12:39:00",54.5684,54.56857,3.073282725
"Moderately Severe",179.999999997381,"2024-07-18 01:39:00","2024-07-18 04:39:00",54.58101,54.58135,3.22297848571429
"Moderately Severe",59.9999999991269,"2024-08-06 20:09:00","2024-08-06 21:09:00",54.63518,54.63529,3.77021033333333
"Moderately Severe",149.999999994083,"2024-08-18 15:39:00","2024-08-18 18:09:00",54.66754,54.66783,3.06091328333333
"Moderately Severe",120.000000001988,"2024-12-12 13:47:00","2024-12-12 15:47:00",54.98514,54.98536,0.0089425302
"Moderately Severe",60.0000000028615,"2024-12-13 14:47:00","2024-12-13 15:47:00",54.98799,54.9881,0.034313123
"Moderately Severe",59.9999999953923,"2024-12-14 15:47:00","2024-12-14 16:47:00",54.99084,54.99096,0.0304905163333333
"Moderately Severe",89.9999999986903,"2025-01-02 18:18:00","2025-01-02 19:48:00",55.04318,55.04336,0.021137746
"Moderately Severe",59.9999999991269,"2025-01-03 06:48:00","2025-01-03 07:48:00",55.04461,55.04473,0.0282258306666667
"Moderately Severe",59.9999999991269,"2025-02-16 19:19:00","2025-02-16 20:19:00",55.16659,55.1667,3.86513003333333
"Moderately Severe",180.000000001115,"2025-02-17 07:19:00","2025-02-17 10:19:00",55.16796,55.1683,0.912499836
"Moderately Severe",179.999999997381,"2025-02-17 18:49:00","2025-02-17 21:49:00",55.16927,55.16961,3.35707184285714
"Moderately Severe",240.000000000242,"2025-02-18 07:19:00","2025-02-18 11:19:00",55.1707,55.17115,0.592663613111111
"Moderately Severe",150.000000005286,"2025-02-18 19:49:00","2025-02-18 22:19:00",55.17213,55.17241,2.754714339
"Moderately Severe",119.999999998254,"2025-03-06 10:01:00","2025-03-06 12:01:00",55.21484,55.21507,4.55099728
"Moderately Severe",60.0000000028615,"2025-03-07 12:01:00","2025-03-07 13:01:00",55.21781,55.21792,0.00789733266666667
"Moderately Severe",90.0000000024249,"2025-05-06 01:11:00","2025-05-06 02:41:00",55.38096,55.38113,3.352271075
"Moderately Severe",120.000000001988,"2025-05-06 12:41:00","2025-05-06 14:41:00",55.38227,55.3825,3.87850972
"Moderately Severe",59.9999999953923,"2025-10-30 23:46:00","2025-10-31 00:46:00",55.86847,55.86858,3.4554292
"Moderately Severe",60.0000000028615,"2025-10-31 12:16:00","2025-10-31 13:16:00",55.86989,55.87001,4.941267
"Moderately Severe",90.0000000024249,"2025-11-04 15:16:00","2025-11-04 16:46:00",55.88119,55.88137,0.0468233545
"Moderately Severe",119.999999998254,"2025-11-06 04:16:00","2025-11-06 06:16:00",55.88542,55.88565,0.0359741838
"Moderately Severe",89.9999999986903,"2025-11-06 16:46:00","2025-11-06 18:16:00",55.88685,55.88702,0.031835907
"Moderately Severe",89.9999999986903,"2025-11-11 21:46:00","2025-11-11 23:16:00",55.90111,55.90129,0.03911314
"Moderately Severe",90.0000000024249,"2025-12-04 15:46:00","2025-12-04 17:16:00",55.96344,55.96361,0.04970245175
"Moderately Severe",119.999999998254,"2025-12-20 03:48:00","2025-12-20 05:48:00",56.00591,56.00614,4.47770584
"Moderately Severe",119.999999998254,"2026-01-20 17:49:00","2026-01-20 19:49:00",56.09244,56.09267,4.563620992
"Moderately Severe",90.0000000024249,"2026-01-24 08:19:00","2026-01-24 09:49:00",56.10232,56.10249,6.50822882
"Moderately Severe",119.999999998254,"2026-01-30 14:49:00","2026-01-30 16:49:00",56.1195,56.11973,4.2667796985
"Moderately Severe",89.9999999986903,"2026-03-06 07:39:00","2026-03-06 09:09:00",56.21457,56.21474,3.708915125
"Moderately Severe",119.999999998254,"2026-03-17 03:39:00","2026-03-17 05:39:00",56.24425,56.24448,3.27801066
"Moderately Severe",59.9999999953923,"2026-03-17 17:09:00","2026-03-17 18:09:00",56.24579,56.24591,3.97704863333333
"Moderately Severe",59.9999999953923,"2026-03-23 09:39:00","2026-03-23 10:39:00",56.26138,56.26149,3.7319803
"Moderately Severe",179.999999997381,"2026-07-06 21:09:00","2026-07-07 00:09:00",56.55036,56.5507,2.02124422857143
"Moderate",269.999999999806,"2023-07-04 03:40:00","2023-07-04 08:10:00",53.54014,53.54066,3.98773192857143
"Moderate",69.9999999952468,"2023-07-04 19:50:00","2023-07-04 21:00:00",53.54199,53.54212,4.982308375
"Moderate",209.999999996944,"2023-07-05 05:10:00","2023-07-05 08:40:00",53.54306,53.54346,6.73002913636364
"Moderate",89.9999999986903,"2023-07-14 15:00:00","2023-07-14 16:30:00",53.56884,53.56901,7.8960112
"Moderate",180.000000001115,"2023-07-16 15:00:00","2023-07-16 18:00:00",53.57432,53.57466,4.54446747368421
"Moderate",129.999999998108,"2023-07-18 17:50:00","2023-07-18 20:00:00",53.58012,53.58037,6.39555585714286
"Moderate",69.9999999989814,"2023-08-07 10:40:00","2023-08-07 11:50:00",53.63409,53.63423,6.554288718125
"Moderate",60.0000000028615,"2023-08-15 05:50:00","2023-08-15 06:50:00",53.65546,53.65557,6.92992928571429
"Moderate",69.9999999989814,"2023-08-18 07:50:00","2023-08-18 09:00:00",53.66391,53.66404,4.545778625
"Moderate",150.000000001552,"2023-08-18 17:50:00","2023-08-18 20:20:00",53.66505,53.66533,7.613873875
"Moderate",165.000000005068,"2023-09-10 13:49:00","2023-09-10 16:34:00",53.7276,53.72792,3.13591458333333
"Moderate",164.999999997599,"2023-09-11 02:19:00","2023-09-11 05:04:00",53.72903,53.72935,4.15354541666667
"Moderate",149.999999997817,"2023-09-18 18:49:00","2023-09-18 21:19:00",53.75009,53.75038,6.17003963636364
"Moderate",104.999999998472,"2023-09-29 05:35:00","2023-09-29 07:20:00",53.77872,53.77892,4.748215
"Moderate",284.999999999587,"2023-09-29 15:35:00","2023-09-29 20:20:00",53.77986,53.7804,2.68204687
"Moderate",210.000000000679,"2023-09-30 03:50:00","2023-09-30 07:20:00",53.78126,53.78166,4.3888574
"Moderate",119.999999998254,"2023-09-30 18:05:00","2023-09-30 20:05:00",53.78289,53.78311,6.99752955555556
"Moderate",59.9999999953923,"2023-10-29 17:35:00","2023-10-29 18:35:00",53.86228,53.8624,8.44375198
"Moderate",59.9999999991269,"2023-10-30 18:20:00","2023-10-30 19:20:00",53.86511,53.86522,7.9334242
"Moderate",269.999999999806,"2024-03-23 15:22:00","2024-03-23 19:52:00",54.26203,54.26254,2.340920665
"Moderate",240.000000000242,"2024-03-24 02:52:00","2024-03-24 06:52:00",54.26334,54.2638,3.05145224444444
"Moderate",59.9999999953923,"2024-03-24 17:22:00","2024-03-24 18:22:00",54.265,54.26511,8.34776713333333
"Moderate",179.999999997381,"2024-03-28 06:22:00","2024-03-28 09:22:00",54.2747,54.27504,5.24651977142857
"Moderate",119.999999998254,"2024-03-28 18:52:00","2024-03-28 20:52:00",54.27613,54.27635,6.91695906
"Moderate",89.9999999986903,"2024-03-29 08:22:00","2024-03-29 09:52:00",54.27767,54.27784,8.3925865
"Moderate",59.9999999991269,"2024-03-30 09:22:00","2024-03-30 10:22:00",54.28052,54.28064,7.94596216666667
"Moderate",150.000000001552,"2024-04-04 12:22:00","2024-04-04 14:52:00",54.29456,54.29485,4.92182016666667
"Moderate",59.9999999953923,"2024-04-05 02:22:00","2024-04-05 03:22:00",54.29616,54.29627,8.54599933333333
"Moderate",119.999999998254,"2024-04-12 07:22:00","2024-04-12 09:22:00",54.31591,54.31614,4.79526132
"Moderate",89.9999999986903,"2024-04-12 19:52:00","2024-04-12 21:22:00",54.31734,54.31751,7.796820125
"Moderate",89.9999999986903,"2024-05-06 04:09:00","2024-05-06 05:39:00",54.3813,54.38147,7.23724235
"Moderate",89.9999999986903,"2024-05-27 20:09:00","2024-05-27 21:39:00",54.44066,54.44083,4.428532775
"Moderate",149.999999994083,"2024-06-14 23:09:00","2024-06-15 01:39:00",54.49031,54.4906,5.07237166666667
"Moderate",60.0000000028615,"2024-07-06 18:09:00","2024-07-06 19:09:00",54.55002,54.55013,8.87760266666667
"Moderate",150.000000001552,"2024-07-13 10:09:00","2024-07-13 12:39:00",54.56828,54.56857,4.35746865
"Moderate",209.999999996944,"2024-07-18 01:09:00","2024-07-18 04:39:00",54.58095,54.58135,3.97670805
"Moderate",60.0000000028615,"2024-07-23 07:09:00","2024-07-23 08:09:00",54.59534,54.59545,8.04258733333333
"Moderate",90.0000000024249,"2024-08-06 19:39:00","2024-08-06 21:09:00",54.63512,54.63529,4.91599825
"Moderate",150.000000001552,"2024-08-07 06:09:00","2024-08-07 08:39:00",54.63632,54.6366,5.89610563333333
"Moderate",179.999999997381,"2024-08-18 15:09:00","2024-08-18 18:09:00",54.66748,54.66783,3.75723052857143
"Moderate",149.999999994083,"2024-08-19 03:39:00","2024-08-19 06:09:00",54.66891,54.6692,6.14703336666667
"Moderate",89.9999999986903,"2024-11-22 08:47:00","2024-11-22 10:17:00",54.92977,54.92994,7.957613
"Moderate",89.9999999986903,"2024-11-29 02:17:00","2024-11-29 03:47:00",54.94821,54.94838,7.45722685
"Moderate",119.999999998254,"2024-12-12 01:17:00","2024-12-12 03:17:00",54.98371,54.98394,7.12574248
"Moderate",150.000000001552,"2024-12-12 13:47:00","2024-12-12 16:17:00",54.98514,54.98542,1.1246131085
"Moderate",60.0000000028615,"2024-12-13 14:47:00","2024-12-13 15:47:00",54.98799,54.9881,0.034313123
"Moderate",59.9999999953923,"2024-12-14 15:47:00","2024-12-14 16:47:00",54.99084,54.99096,0.0304905163333333
"Moderate",90.0000000024249,"2024-12-17 05:47:00","2024-12-17 07:17:00",54.99792,54.99809,7.66924715
"Moderate",60.0000000028615,"2025-01-01 05:18:00","2025-01-01 06:18:00",55.03896,55.03908,6.39714003333333
"Moderate",90.0000000024249,"2025-01-02 06:18:00","2025-01-02 07:48:00",55.04182,55.04199,8.14512765
"Moderate",149.999999997817,"2025-01-02 18:18:00","2025-01-02 20:48:00",55.04318,55.04347,2.66751294733333
"Moderate",119.999999998254,"2025-01-03 06:48:00","2025-01-03 08:48:00",55.04461,55.04484,3.0877313184
"Moderate",59.9999999953923,"2025-01-09 00:18:00","2025-01-09 01:18:00",55.06031,55.06042,6.85003706233333
"Moderate",119.999999998254,"2025-02-16 18:49:00","2025-02-16 20:49:00",55.16653,55.16676,4.83922288
"Moderate",299.999999999369,"2025-02-17 05:49:00","2025-02-17 10:49:00",55.16779,55.16836,3.13526847745455
"Moderate",240.000000000242,"2025-02-17 18:19:00","2025-02-17 22:19:00",55.16921,55.16967,4.07568654444444
"Moderate",300.000000003104,"2025-02-18 06:19:00","2025-02-18 11:19:00",55.17058,55.17115,1.83930922890909
"Moderate",180.000000001115,"2025-02-18 19:19:00","2025-02-18 22:19:00",55.17207,55.17241,3.36806053342857
"Moderate",119.999999998254,"2025-02-19 08:19:00","2025-02-19 10:19:00",55.17355,55.17378,6.9323563
"Moderate",180.000000001115,"2025-03-06 09:01:00","2025-03-06 12:01:00",55.21473,55.21507,5.60480805714286
"Moderate",120.000000005723,"2025-03-07 12:01:00","2025-03-07 14:01:00",55.21781,55.21804,2.6199511996
"Moderate",119.999999998254,"2025-03-17 07:32:00","2025-03-17 09:32:00",55.2447,55.24492,6.09889262
"Moderate",60.0000000028615,"2025-04-27 05:39:00","2025-04-27 06:39:00",55.35681,55.35692,4.91009681766667
"Moderate",150.000000001552,"2025-05-06 00:11:00","2025-05-06 02:41:00",55.38084,55.38113,4.3781483
"Moderate",150.000000001552,"2025-05-06 12:11:00","2025-05-06 14:41:00",55.38221,55.3825,4.27678616666667
"Moderate",60.0000000028615,"2025-05-09 16:12:00","2025-05-09 17:12:00",55.39089,55.391,6.15738266666667
"Moderate",59.9999999953923,"2025-05-10 04:42:00","2025-05-10 05:42:00",55.39232,55.39243,8.71118166666667
"Moderate",119.999999998254,"2025-10-30 22:46:00","2025-10-31 00:46:00",55.86835,55.86858,5.14309232
"Moderate",180.000000001115,"2025-10-31 10:16:00","2025-10-31 13:16:00",55.86967,55.87001,6.02924987142857
"Moderate",119.999999998254,"2025-11-01 00:16:00","2025-11-01 02:16:00",55.87126,55.87149,4.2197114084
"Moderate",90.0000000024249,"2025-11-04 15:16:00","2025-11-04 16:46:00",55.88119,55.88137,0.0468233545
"Moderate",119.999999998254,"2025-11-06 04:16:00","2025-11-06 06:16:00",55.88542,55.88565,0.0359741838
"Moderate",89.9999999986903,"2025-11-06 16:46:00","2025-11-06 18:16:00",55.88685,55.88702,0.031835907
"Moderate",89.9999999986903,"2025-11-11 21:46:00","2025-11-11 23:16:00",55.90111,55.90129,0.03911314
"Moderate",90.0000000024249,"2025-12-04 15:46:00","2025-12-04 17:16:00",55.96344,55.96361,0.04970245175
"Moderate",149.999999994083,"2025-12-20 03:18:00","2025-12-20 05:48:00",56.00586,56.00614,4.94435553333333
"Moderate",119.999999998254,"2026-01-20 17:49:00","2026-01-20 19:49:00",56.09244,56.09267,4.563620992
"Moderate",149.999999997817,"2026-01-24 08:19:00","2026-01-24 10:49:00",56.10232,56.1026,7.228111392
"Moderate",119.999999998254,"2026-01-30 14:49:00","2026-01-30 16:49:00",56.1195,56.11973,4.2667796985
"Moderate",179.999999997381,"2026-03-06 06:09:00","2026-03-06 09:09:00",56.2144,56.21474,5.12093922857143
"Moderate",240.000000003977,"2026-03-17 02:39:00","2026-03-17 06:39:00",56.24414,56.24459,6.51005995555556
"Moderate",119.999999998254,"2026-03-17 16:09:00","2026-03-17 18:09:00",56.24568,56.24591,5.13596786
"Moderate",89.9999999986903,"2026-03-18 05:09:00","2026-03-18 06:39:00",56.24716,56.24733,6.224921
"Moderate",119.999999998254,"2026-03-23 08:39:00","2026-03-23 10:39:00",56.26126,56.26149,4.81614084
"Moderate",59.9999999991269,"2026-03-23 21:09:00","2026-03-23 22:09:00",56.26269,56.2628,8.43217743333333
"Moderate",59.9999999991269,"2026-05-24 12:40:00","2026-05-24 13:40:00",56.43158,56.4317,6.35224506666667
"Moderate",119.999999998254,"2026-05-25 00:10:00","2026-05-25 02:10:00",56.4329,56.43312,7.70616784
"Moderate",89.9999999986903,"2026-05-25 13:10:00","2026-05-25 14:40:00",56.43438,56.43455,7.385394775
"Moderate",59.9999999991269,"2026-07-06 10:09:00","2026-07-06 11:09:00",56.5491,56.54922,8.79664466666667
"Moderate",209.999999996944,"2026-07-06 20:39:00","2026-07-07 00:09:00",56.5503,56.5507,2.82622995
"Moderate",119.999999998254,"2026-07-07 09:39:00","2026-07-07 11:39:00",56.55179,56.55201,7.81910178
"Marginal",289.99999999578,"2023-07-04 03:20:00","2023-07-04 08:10:00",53.54011,53.54066,4.51834746666667
"Marginal",129.999999998108,"2023-07-04 18:50:00","2023-07-04 21:00:00",53.54188,53.54212,8.1873355
"Marginal",239.999999996508,"2023-07-05 04:40:00","2023-07-05 08:40:00",53.543,53.54346,7.39298404
"Marginal",139.999999997963,"2023-07-14 14:10:00","2023-07-14 16:30:00",53.56874,53.56901,9.3187228
"Marginal",219.999999996799,"2023-07-16 14:30:00","2023-07-16 18:10:00",53.57426,53.57468,5.83849008695652
"Marginal",159.999999997672,"2023-07-17 04:00:00","2023-07-17 06:40:00",53.5758,53.5761,12.8143294117647
"Marginal",180.000000001115,"2023-07-18 17:00:00","2023-07-18 20:00:00",53.58002,53.58037,7.90344378947368
"Marginal",169.999999997526,"2023-07-19 05:10:00","2023-07-19 08:00:00",53.58141,53.58174,12.0702405555556
"Marginal",110.000000002134,"2023-07-25 23:00:00","2023-07-26 00:50:00",53.59989,53.6001,11.0608983333333
"Marginal",89.9999999986903,"2023-07-28 01:20:00","2023-07-28 02:50:00",53.60563,53.6058,10.73485
"Marginal",79.9999999988358,"2023-08-07 10:40:00","2023-08-07 12:00:00",53.63409,53.63425,7.29619663833333
"Marginal",150.000000001552,"2023-08-07 21:40:00","2023-08-08 00:10:00",53.63535,53.63564,12.352589375
"Marginal",99.9999999985448,"2023-08-13 15:10:00","2023-08-13 16:50:00",53.65105,53.65124,13.3513963636364
"Marginal",90.0000000024249,"2023-08-15 05:20:00","2023-08-15 06:50:00",53.6554,53.65557,8.7923535
"Marginal",140.000000001697,"2023-08-15 16:10:00","2023-08-15 18:30:00",53.65664,53.65691,11.4142244666667
"Marginal",110.000000002134,"2023-08-18 07:10:00","2023-08-18 09:00:00",53.66383,53.66404,7.52870825
"Marginal",190.00000000097,"2023-08-18 17:10:00","2023-08-18 20:20:00",53.66497,53.66533,8.5957701
"Marginal",59.9999999953923,"2023-08-19 07:40:00","2023-08-19 08:40:00",53.66663,53.66674,12.7329271428571
"Marginal",194.999999997162,"2023-09-10 13:34:00","2023-09-10 16:49:00",53.72758,53.72795,4.6522725
"Marginal",209.999999996944,"2023-09-11 01:34:00","2023-09-11 05:04:00",53.72895,53.72935,5.76413833333333
"Marginal",120.000000001988,"2023-09-11 14:34:00","2023-09-11 16:34:00",53.73043,53.73066,12.9641677777778
"Marginal",60.0000000028615,"2023-09-13 17:04:00","2023-09-13 18:04:00",53.73619,53.73631,11.80955
"Marginal",59.9999999991269,"2023-09-14 05:19:00","2023-09-14 06:19:00",53.73759,53.73771,13.584512
"Marginal",180.000000001115,"2023-09-18 18:19:00","2023-09-18 21:19:00",53.75004,53.75038,7.17604892307692
"Marginal",165.000000001334,"2023-09-19 06:19:00","2023-09-19 09:04:00",53.75141,53.75172,10.2927690833333
"Marginal",74.9999999989086,"2023-09-26 02:19:00","2023-09-26 03:34:00",53.77013,53.77027,13.457
"Marginal",135.00000000177,"2023-09-29 05:05:00","2023-09-29 07:20:00",53.77866,53.77892,6.229315
"Marginal",314.999999999151,"2023-09-29 15:05:00","2023-09-29 20:20:00",53.7798,53.7804,3.56414124545455
"Marginal",255.000000000024,"2023-09-30 03:05:00","2023-09-30 07:20:00",53.78117,53.78166,5.7299145
"Marginal",194.999999997162,"2023-09-30 16:50:00","2023-09-30 20:05:00",53.78274,53.78311,8.63728614285714
"Marginal",134.999999998035,"2023-10-01 05:35:00","2023-10-01 07:50:00",53.7842,53.78446,11.7082587
"Marginal",105.000000002207,"2023-10-01 18:50:00","2023-10-01 20:35:00",53.78571,53.78591,10.569310375
"Marginal",75.0000000026432,"2023-10-02 07:20:00","2023-10-02 08:35:00",53.78714,53.78728,12.3784215
"Marginal",75.0000000026432,"2023-10-02 20:05:00","2023-10-02 21:20:00",53.78859,53.78874,11.3202976666667
"Marginal",60.0000000028615,"2023-10-11 21:05:00","2023-10-11 22:05:00",53.81337,53.81348,14.1645852
"Marginal",90.0000000024249,"2023-10-20 20:20:00","2023-10-20 21:50:00",53.83794,53.83811,11.9795506428571
"Marginal",60.0000000028615,"2023-10-21 09:05:00","2023-10-21 10:05:00",53.83939,53.83951,13.7294082
"Marginal",89.9999999986903,"2023-10-21 22:05:00","2023-10-21 23:35:00",53.84088,53.84105,11.7844713571429
"Marginal",104.999999998472,"2023-10-29 16:50:00","2023-10-29 18:35:00",53.8622,53.8624,9.9150259875
"Marginal",59.9999999991269,"2023-10-30 05:35:00","2023-10-30 06:35:00",53.86365,53.86377,13.1767394
"Marginal",165.000000001334,"2023-10-30 16:35:00","2023-10-30 19:20:00",53.86491,53.86522,10.7000668333333
"Marginal",59.9999999953923,"2024-03-14 20:51:00","2024-03-14 21:51:00",54.238,54.23811,12.0535165
"Marginal",60.0000000028615,"2024-03-15 09:51:00","2024-03-15 10:51:00",54.23948,54.23959,10.8605566666667
"Marginal",89.9999999986903,"2024-03-15 21:21:00","2024-03-15 22:51:00",54.24079,54.24096,13.18290475
"Marginal",60.0000000028615,"2024-03-16 10:51:00","2024-03-16 11:51:00",54.24233,54.24245,12.823063
"Marginal",59.9999999991269,"2024-03-19 13:51:00","2024-03-19 14:51:00",54.2509,54.25101,14.6017846666667
"Marginal",60.0000000028615,"2024-03-21 03:51:00","2024-03-21 04:51:00",54.25523,54.25535,11.801947
"Marginal",89.9999999986903,"2024-03-21 15:22:00","2024-03-21 16:52:00",54.25655,54.25672,10.45076575
"Marginal",90.0000000024249,"2024-03-22 03:52:00","2024-03-22 05:22:00",54.25798,54.25815,10.9999705
"Marginal",89.9999999986903,"2024-03-22 16:22:00","2024-03-22 17:52:00",54.2594,54.25957,12.07161075
"Marginal",299.999999999369,"2024-03-23 14:52:00","2024-03-23 19:52:00",54.26197,54.26254,3.23961487727273
"Marginal",329.999999998932,"2024-03-24 01:22:00","2024-03-24 06:52:00",54.26317,54.2638,5.27370618333333
"Marginal",149.999999997817,"2024-03-24 15:52:00","2024-03-24 18:22:00",54.26482,54.26511,10.6304304
"Marginal",120.000000001988,"2024-03-25 04:52:00","2024-03-25 06:52:00",54.26631,54.26654,11.48811
"Marginal",60.0000000028615,"2024-03-25 17:52:00","2024-03-25 18:52:00",54.26779,54.26791,13.0757671666667
"Marginal",59.9999999991269,"2024-03-26 06:22:00","2024-03-26 07:22:00",54.26922,54.26933,12.6521873333333
"Marginal",60.0000000028615,"2024-03-26 18:22:00","2024-03-26 19:22:00",54.27059,54.2707,13.0642543333333
"Marginal",90.0000000024249,"2024-03-27 06:52:00","2024-03-27 08:22:00",54.27202,54.27219,11.75200825
"Marginal",120.000000001988,"2024-03-27 18:22:00","2024-03-27 20:22:00",54.27333,54.27356,12.4991518
"Marginal",209.999999996944,"2024-03-28 05:52:00","2024-03-28 09:22:00",54.27464,54.27504,6.3629863
"Marginal",180.000000001115,"2024-03-28 17:52:00","2024-03-28 20:52:00",54.27601,54.27635,8.4704239
"Marginal",210.000000004413,"2024-03-29 06:22:00","2024-03-29 09:52:00",54.27744,54.27784,10.6480535
"Marginal",89.9999999986903,"2024-03-29 19:52:00","2024-03-29 21:22:00",54.27898,54.27915,12.772953
"Marginal",119.999999998254,"2024-03-30 08:22:00","2024-03-30 10:22:00",54.28041,54.28064,9.7094177
"Marginal",90.0000000024249,"2024-03-30 20:22:00","2024-03-30 21:52:00",54.28178,54.28195,12.0342565
"Marginal",59.9999999991269,"2024-03-31 09:52:00","2024-03-31 10:52:00",54.28332,54.28343,13.4986776666667
"Marginal",89.9999999986903,"2024-04-02 11:22:00","2024-04-02 12:52:00",54.28897,54.28914,13.34307025
"Marginal",120.000000001988,"2024-04-02 22:52:00","2024-04-03 00:52:00",54.29028,54.29051,12.5319481
"Marginal",119.999999998254,"2024-04-03 11:22:00","2024-04-03 13:22:00",54.29171,54.29194,11.7055674
"Marginal",150.000000001552,"2024-04-03 23:52:00","2024-04-04 02:22:00",54.29314,54.29342,11.2838224833333
"Marginal",240.000000000242,"2024-04-04 10:52:00","2024-04-04 14:52:00",54.29439,54.29485,7.47385844444444
"Marginal",149.999999997817,"2024-04-05 00:52:00","2024-04-05 03:22:00",54.29599,54.29627,10.361022
"Marginal",60.0000000028615,"2024-04-05 13:52:00","2024-04-05 14:52:00",54.29747,54.29759,13.489679
"Marginal",89.9999999986903,"2024-04-06 02:52:00","2024-04-06 04:22:00",54.29896,54.29913,11.4792905
"Marginal",90.0000000024249,"2024-04-06 15:22:00","2024-04-06 16:52:00",54.30038,54.30056,12.247145
"Marginal",60.0000000028615,"2024-04-07 04:22:00","2024-04-07 05:22:00",54.30187,54.30198,10.273267
"Marginal",60.0000000028615,"2024-04-07 16:52:00","2024-04-07 17:52:00",54.3033,54.30341,11.71347
"Marginal",89.9999999986903,"2024-04-08 04:52:00","2024-04-08 06:22:00",54.30467,54.30484,11.016572625
"Marginal",59.9999999953923,"2024-04-08 17:22:00","2024-04-08 18:22:00",54.30609,54.30621,11.3518363333333
"Marginal",90.0000000024249,"2024-04-09 05:52:00","2024-04-09 07:22:00",54.30752,54.30769,10.69034785
"Marginal",60.0000000028615,"2024-04-09 18:22:00","2024-04-09 19:22:00",54.30895,54.30906,10.821639
"Marginal",89.9999999986903,"2024-04-10 06:52:00","2024-04-10 08:22:00",54.31037,54.31054,12.47134925
"Marginal",59.9999999953923,"2024-04-10 18:52:00","2024-04-10 19:52:00",54.31174,54.31186,12.0788886666667
"Marginal",89.9999999986903,"2024-04-11 07:22:00","2024-04-11 08:52:00",54.31317,54.31334,11.284994
"Marginal",60.0000000028615,"2024-04-11 19:52:00","2024-04-11 20:52:00",54.3146,54.31471,13.115707
"Marginal",180.000000001115,"2024-04-12 06:52:00","2024-04-12 09:52:00",54.31585,54.31619,6.89628794285714
"Marginal",149.999999994083,"2024-04-12 18:52:00","2024-04-12 21:22:00",54.31722,54.31751,9.07684725
"Marginal",149.999999997817,"2024-04-13 08:22:00","2024-04-13 10:52:00",54.31876,54.31905,11.8222559
"Marginal",90.0000000024249,"2024-04-13 20:52:00","2024-04-13 22:22:00",54.32019,54.32036,10.6104025
"Marginal",89.9999999986903,"2024-04-14 09:52:00","2024-04-14 11:22:00",54.32167,54.32185,12.22545
"Marginal",89.9999999986903,"2024-04-19 01:52:00","2024-04-19 03:22:00",54.33446,54.33463,12.94822125
"Marginal",59.9999999991269,"2024-04-19 14:52:00","2024-04-19 15:52:00",54.33594,54.33606,13.8928246666667
"Marginal",60.0000000028615,"2024-04-20 03:22:00","2024-04-20 04:22:00",54.33737,54.33748,13.3392856666667
"Marginal",59.9999999953923,"2024-04-20 15:52:00","2024-04-20 16:52:00",54.3388,54.33891,13.410078
"Marginal",60.0000000028615,"2024-04-21 04:22:00","2024-04-21 05:22:00",54.34022,54.34034,12.612589
"Marginal",59.9999999991269,"2024-04-27 08:22:00","2024-04-27 09:22:00",54.35712,54.35723,13.242869
"Marginal",179.999999997381,"2024-05-06 02:39:00","2024-05-06 05:39:00",54.38112,54.38147,9.74340377142857
"Marginal",60.0000000028615,"2024-05-06 16:09:00","2024-05-06 17:09:00",54.38267,54.38278,11.8516581666667
"Marginal",59.9999999991269,"2024-05-07 05:09:00","2024-05-07 06:09:00",54.38415,54.38426,11.811963
"Marginal",120.000000001988,"2024-05-08 16:39:00","2024-05-08 18:39:00",54.3882,54.38843,12.5014368
"Marginal",120.000000001988,"2024-05-23 16:39:00","2024-05-23 18:39:00",54.4293,54.42953,11.3772694
"Marginal",59.9999999953923,"2024-05-24 06:39:00","2024-05-24 07:39:00",54.4309,54.43101,12.915851
"Marginal",120.000000001988,"2024-05-27 19:39:00","2024-05-27 21:39:00",54.4406,54.44083,5.75534642
"Marginal",149.999999994083,"2024-05-28 08:09:00","2024-05-28 10:39:00",54.44203,54.44231,12.5638545833333
"Marginal",149.999999997817,"2024-05-30 09:39:00","2024-05-30 12:09:00",54.44768,54.44796,11.6763378333333
"Marginal",179.999999997381,"2024-06-14 22:39:00","2024-06-15 01:39:00",54.49026,54.4906,6.34142485714286
"Marginal",60.0000000028615,"2024-06-27 10:09:00","2024-06-27 11:09:00",54.52445,54.52456,10.1671936666667
"Marginal",150.000000001552,"2024-07-01 00:09:00","2024-07-01 02:39:00",54.53426,54.53455,12.5452359166667
"Marginal",150.000000001552,"2024-07-06 16:39:00","2024-07-06 19:09:00",54.54985,54.55013,10.0350875
"Marginal",150.000000001552,"2024-07-13 10:09:00","2024-07-13 12:39:00",54.56828,54.56857,4.35746865
"Marginal",149.999999997817,"2024-07-13 21:39:00","2024-07-14 00:09:00",54.56959,54.56988,11.1689449166667
"Marginal",239.999999996508,"2024-07-18 00:39:00","2024-07-18 04:39:00",54.5809,54.58135,4.96318437777778
"Marginal",60.0000000028615,"2024-07-18 14:39:00","2024-07-18 15:39:00",54.58249,54.58261,13.6947596666667
"Marginal",180.000000001115,"2024-07-23 05:39:00","2024-07-23 08:39:00",54.59517,54.59551,10.430919
"Marginal",119.999999998254,"2024-08-06 19:09:00","2024-08-06 21:09:00",54.63506,54.63529,6.2540375
"Marginal",209.999999996944,"2024-08-07 05:09:00","2024-08-07 08:39:00",54.6362,54.6366,7.653722725
"Marginal",209.999999996944,"2024-08-18 14:39:00","2024-08-18 18:09:00",54.66743,54.66783,4.9829158375
"Marginal",210.000000004413,"2024-08-19 03:09:00","2024-08-19 06:39:00",54.66885,54.66925,7.884776025
"Marginal",60.0000000028615,"2024-08-19 17:39:00","2024-08-19 18:39:00",54.67051,54.67062,12.797205
"Marginal",119.999999998254,"2024-08-20 05:09:00","2024-08-20 07:09:00",54.67182,54.67205,10.5625202
"Marginal",59.9999999953923,"2024-08-20 18:39:00","2024-08-20 19:39:00",54.67336,54.67348,12.7711623333333
"Marginal",60.0000000028615,"2024-08-21 07:09:00","2024-08-21 08:09:00",54.67479,54.6749,13.8323686666667
"Marginal",150.000000001552,"2024-11-22 07:47:00","2024-11-22 10:17:00",54.92966,54.92994,9.54133483333333
"Marginal",90.0000000024249,"2024-11-28 15:17:00","2024-11-28 16:47:00",54.94695,54.94712,8.970662475
"Marginal",179.999999997381,"2024-11-29 00:47:00","2024-11-29 03:47:00",54.94803,54.94838,9.99496512857143
"Marginal",89.9999999986903,"2024-12-05 20:17:00","2024-12-05 21:47:00",54.9667,54.96687,10.061502
"Marginal",120.000000001988,"2024-12-11 12:17:00","2024-12-11 14:17:00",54.98222,54.98245,10.75343046
"Marginal",209.999999996944,"2024-12-11 23:47:00","2024-12-12 03:17:00",54.98354,54.98394,9.30401555
"Marginal",210.000000000679,"2024-12-12 12:47:00","2024-12-12 16:17:00",54.98502,54.98542,4.132124581375
"Marginal",59.9999999991269,"2024-12-13 02:17:00","2024-12-13 03:17:00",54.98656,54.98668,11.4322975
"Marginal",119.999999998254,"2024-12-13 14:47:00","2024-12-13 16:47:00",54.98799,54.98822,5.6777878738
"Marginal",59.9999999953923,"2024-12-14 15:47:00","2024-12-14 16:47:00",54.99084,54.99096,0.0304905163333333
"Marginal",60.0000000028615,"2024-12-16 17:47:00","2024-12-16 18:47:00",54.99655,54.99666,11.5032463333333
"Marginal",180.000000001115,"2024-12-17 04:17:00","2024-12-17 07:17:00",54.99775,54.99809,9.98947287142857
"Marginal",89.9999999986903,"2024-12-17 18:17:00","2024-12-17 19:47:00",54.99935,54.99952,10.516119
"Marginal",89.9999999986903,"2024-12-19 07:17:00","2024-12-19 08:47:00",55.00357,55.00374,11.35351325
"Marginal",89.9999999986903,"2024-12-30 16:18:00","2024-12-30 17:48:00",55.03474,55.03491,11.877389
"Marginal",119.999999998254,"2025-01-01 04:48:00","2025-01-01 06:48:00",55.0389,55.03913,9.07803502
"Marginal",150.000000001552,"2025-01-01 17:18:00","2025-01-01 19:48:00",55.04033,55.04062,11.60435725
"Marginal",120.000000005723,"2025-01-02 05:48:00","2025-01-02 07:48:00",55.04176,55.04199,8.94657092
"Marginal",149.999999997817,"2025-01-02 18:18:00","2025-01-02 20:48:00",55.04318,55.04347,2.66751294733333
"Marginal",149.999999997817,"2025-01-03 06:18:00","2025-01-03 08:48:00",55.04455,55.04484,4.77917259866667
"Marginal",59.9999999953923,"2025-01-03 19:48:00","2025-01-03 20:48:00",55.0461,55.04621,12.9142343333333
"Marginal",60.0000000028615,"2025-01-04 20:48:00","2025-01-04 21:48:00",55.04895,55.04906,13.132416
"Marginal",59.9999999953923,"2025-01-05 09:18:00","2025-01-05 10:18:00",55.05038,55.05049,14.4098881666667
"Marginal",60.0000000028615,"2025-01-05 21:48:00","2025-01-05 22:48:00",55.0518,55.05192,13.547546
"Marginal",60.0000000028615,"2025-01-07 23:18:00","2025-01-08 00:18:00",55.05745,55.05757,13.760817
"Marginal",59.9999999991269,"2025-01-08 12:18:00","2025-01-08 13:18:00",55.05894,55.05905,13.771972
"Marginal",89.9999999986903,"2025-01-08 23:48:00","2025-01-09 01:18:00",55.06025,55.06042,8.60116529675
"Marginal",90.0000000024249,"2025-02-14 05:49:00","2025-02-14 07:19:00",55.15957,55.15974,12.03643875
"Marginal",89.9999999986903,"2025-02-14 18:19:00","2025-02-14 19:49:00",55.161,55.16117,6.433680913
"Marginal",180.000000001115,"2025-02-16 17:49:00","2025-02-16 20:49:00",55.16642,55.16676,6.65364205714286
"Marginal",419.999999997623,"2025-02-17 03:49:00","2025-02-17 10:49:00",55.16756,55.16836,5.49325395013333
"Marginal",299.999999999369,"2025-02-17 17:19:00","2025-02-17 22:19:00",55.1691,55.16967,5.7507699
"Marginal",300.000000003104,"2025-02-18 06:19:00","2025-02-18 11:19:00",55.17058,55.17115,1.83930922890909
"Marginal",210.000000000679,"2025-02-18 18:49:00","2025-02-18 22:19:00",55.17201,55.17241,4.39268959175
"Marginal",180.000000001115,"2025-02-19 07:49:00","2025-02-19 10:49:00",55.1735,55.17384,9.01800878571429
"Marginal",90.0000000024249,"2025-03-03 07:20:00","2025-03-03 08:50:00",55.20632,55.20649,11.2605660675
"Marginal",239.999999996508,"2025-03-06 08:01:00","2025-03-06 12:01:00",55.21461,55.21507,7.44367971111111
"Marginal",60.0000000028615,"2025-03-06 23:31:00","2025-03-07 00:31:00",55.21638,55.2165,13.3363918333333
"Marginal",180.000000001115,"2025-03-07 11:01:00","2025-03-07 14:01:00",55.2177,55.21804,5.30398414257143
"Marginal",60.0000000028615,"2025-03-08 00:01:00","2025-03-08 01:01:00",55.21918,55.21929,12.8441213333333
"Marginal",59.9999999991269,"2025-03-08 14:01:00","2025-03-08 15:01:00",55.22078,55.22089,12.3389226666667
"Marginal",119.999999998254,"2025-03-09 01:01:00","2025-03-09 03:01:00",55.22203,55.22226,10.2186482
"Marginal",60.0000000028615,"2025-03-09 14:32:00","2025-03-09 15:32:00",55.22358,55.22369,12.9772705
"Marginal",180.000000001115,"2025-03-17 06:32:00","2025-03-17 09:32:00",55.24458,55.24492,7.67336387142857
"Marginal",179.999999997381,"2025-03-17 18:02:00","2025-03-17 21:02:00",55.24589,55.24624,11.9896412857143
"Marginal",60.0000000028615,"2025-03-21 11:02:00","2025-03-21 12:02:00",55.25605,55.25617,13.5717163333333
"Marginal",89.9999999986903,"2025-03-25 01:02:00","2025-03-25 02:32:00",55.26587,55.26604,11.925580375
"Marginal",90.0000000024249,"2025-04-06 12:38:00","2025-04-06 14:08:00",55.30007,55.30024,12.52283
"Marginal",89.9999999986903,"2025-04-26 16:09:00","2025-04-26 17:39:00",55.35527,55.35544,12.59239025
"Marginal",120.000000005723,"2025-04-27 04:39:00","2025-04-27 06:39:00",55.3567,55.35692,7.9764620906
"Marginal",59.9999999991269,"2025-04-27 17:39:00","2025-04-27 18:39:00",55.35818,55.35829,12.193484
"Marginal",89.9999999986903,"2025-04-28 06:09:00","2025-04-28 07:39:00",55.35961,55.35978,6.45837694175
"Marginal",60.0000000028615,"2025-04-29 07:09:00","2025-04-29 08:09:00",55.36246,55.36257,4.85687543333333
"Marginal",60.0000000028615,"2025-05-05 00:11:00","2025-05-05 01:11:00",55.3781,55.37822,13.038737
"Marginal",180.000000001115,"2025-05-05 23:41:00","2025-05-06 02:41:00",55.38079,55.38113,5.41705568571429
"Marginal",240.000000000242,"2025-05-06 10:41:00","2025-05-06 14:41:00",55.38204,55.3825,6.84921583333333
"Marginal",150.000000001552,"2025-05-07 00:41:00","2025-05-07 03:11:00",55.38364,55.38393,10.9499705
"Marginal",89.9999999986903,"2025-05-07 14:11:00","2025-05-07 15:41:00",55.38518,55.38535,12.406348125
"Marginal",119.999999998254,"2025-05-09 15:12:00","2025-05-09 17:12:00",55.39078,55.391,8.669231
"Marginal",149.999999997817,"2025-05-10 03:12:00","2025-05-10 05:42:00",55.39215,55.39243,10.3724245
"Marginal",60.0000000028615,"2025-05-22 13:12:00","2025-05-22 14:12:00",55.42616,55.42628,12.8071763333333
"Marginal",59.9999999991269,"2025-05-23 02:12:00","2025-05-23 03:12:00",55.42765,55.42776,13.3136353333333
"Marginal",59.9999999991269,"2025-05-29 08:12:00","2025-05-29 09:12:00",55.44477,55.44489,11.4900616666667
"Marginal",60.0000000028615,"2025-05-31 09:42:00","2025-05-31 10:42:00",55.45042,55.45054,12.130746
"Marginal",59.9999999953923,"2025-07-15 09:12:00","2025-07-15 10:12:00",55.57365,55.57377,12.8584046666667
"Marginal",60.0000000028615,"2025-10-13 23:16:00","2025-10-14 00:16:00",55.82183,55.82195,13.770403
"Marginal",149.999999997817,"2025-10-30 22:16:00","2025-10-31 00:46:00",55.8683,55.86858,6.3945971
"Marginal",269.999999999806,"2025-10-31 08:46:00","2025-10-31 13:16:00",55.86949,55.87001,8.01948371
"Marginal",149.999999997817,"2025-10-31 23:46:00","2025-11-01 02:16:00",55.87121,55.87149,5.48958342366667
"Marginal",59.9999999991269,"2025-11-01 12:46:00","2025-11-01 13:46:00",55.87269,55.8728,12.9562286666667
"Marginal",90.0000000024249,"2025-11-04 15:16:00","2025-11-04 16:46:00",55.88119,55.88137,0.0468233545
"Marginal",119.999999998254,"2025-11-06 04:16:00","2025-11-06 06:16:00",55.88542,55.88565,0.0359741838
"Marginal",89.9999999986903,"2025-11-06 16:46:00","2025-11-06 18:16:00",55.88685,55.88702,0.031835907
"Marginal",150.000000001552,"2025-11-11 21:46:00","2025-11-12 00:16:00",55.90111,55.9014,4.56884876
"Marginal",59.9999999991269,"2025-11-26 08:16:00","2025-11-26 09:16:00",55.94067,55.94078,12.830062
"Marginal",119.999999998254,"2025-12-03 01:46:00","2025-12-03 03:46:00",55.95911,55.95933,12.8427645
"Marginal",150.000000001552,"2025-12-04 15:46:00","2025-12-04 18:16:00",55.96344,55.96373,4.78492896783333
"Marginal",120.000000005723,"2025-12-19 16:18:00","2025-12-19 18:18:00",56.0046,56.00483,10.2824344
"Marginal",209.999999996944,"2025-12-20 02:18:00","2025-12-20 05:48:00",56.00574,56.00614,6.8502717125
"Marginal",89.9999999986903,"2025-12-30 00:18:00","2025-12-30 01:48:00",56.03291,56.03308,11.3159085
"Marginal",119.999999998254,"2025-12-30 12:48:00","2025-12-30 14:48:00",56.03434,56.03457,12.1185654
"Marginal",90.0000000024249,"2025-12-31 00:48:00","2025-12-31 02:18:00",56.03571,56.03588,12.046976625
"Marginal",60.0000000028615,"2026-01-11 10:49:00","2026-01-11 11:49:00",56.06699,56.0671,12.9739676666667
"Marginal",60.0000000028615,"2026-01-12 12:19:00","2026-01-12 13:19:00",56.0699,56.07001,13.4596206666667
"Marginal",119.999999998254,"2026-01-16 15:49:00","2026-01-16 17:49:00",56.08126,56.08149,14.211256375
"Marginal",89.9999999986903,"2026-01-20 06:19:00","2026-01-20 07:49:00",56.09113,56.0913,16.2955093333333
"Marginal",179.999999997381,"2026-01-20 17:49:00","2026-01-20 20:49:00",56.09244,56.09279,8.13604799466667
"Marginal",180.000000001115,"2026-01-24 08:19:00","2026-01-24 11:19:00",56.10232,56.10266,8.39680982666667
"Marginal",89.9999999986903,"2026-01-28 00:19:00","2026-01-28 01:49:00",56.11236,56.11254,15.9366625
"Marginal",180.000000001115,"2026-01-30 14:49:00","2026-01-30 17:49:00",56.1195,56.11984,8.02409096566667
"Marginal",240.000000003977,"2026-02-08 00:50:00","2026-02-08 04:50:00",56.14256,56.14302,17.6380089375
"Marginal",59.9999999991269,"2026-02-08 08:50:00","2026-02-08 09:50:00",56.14347,56.14359,17.701404
"Marginal",60.0000000028615,"2026-02-19 06:50:00","2026-02-19 07:50:00",56.17338,56.1735,18.0638385
"Marginal",90.0000000024249,"2026-02-20 19:20:00","2026-02-20 20:50:00",56.17755,56.17772,16.3624396666667
"Marginal",150.000000005286,"2026-02-21 06:50:00","2026-02-21 09:20:00",56.17886,56.17915,14.249333
"Marginal",59.9999999991269,"2026-02-21 20:20:00","2026-02-21 21:20:00",56.1804,56.18052,18.2523465
"Marginal",60.0000000028615,"2026-02-22 08:50:00","2026-02-22 09:50:00",56.18183,56.18194,15.88951525
"Marginal",89.9999999986903,"2026-02-24 22:50:00","2026-02-25 00:20:00",56.18891,56.18908,16.9621771666667
"Marginal",89.9999999986903,"2026-03-04 06:09:00","2026-03-04 07:39:00",56.20892,56.20909,10.219164125
"Marginal",90.0000000024249,"2026-03-04 18:09:00","2026-03-04 19:39:00",56.21029,56.21046,12.069393
"Marginal",60.0000000028615,"2026-03-05 07:09:00","2026-03-05 08:09:00",56.21178,56.21189,13.3746013333333
"Marginal",89.9999999986903,"2026-03-05 18:39:00","2026-03-05 20:09:00",56.21309,56.21326,10.062252675
"Marginal",209.999999996944,"2026-03-06 05:39:00","2026-03-06 09:09:00",56.21434,56.21474,6.06971295
"Marginal",149.999999994083,"2026-03-06 18:39:00","2026-03-06 21:09:00",56.21583,56.21611,11.1493021666667
"Marginal",120.000000001988,"2026-03-07 07:39:00","2026-03-07 09:39:00",56.21731,56.21754,11.6001544
"Marginal",59.9999999953923,"2026-03-07 20:09:00","2026-03-07 21:09:00",56.21874,56.21885,12.320901
"Marginal",119.999999998254,"2026-03-08 08:09:00","2026-03-08 10:09:00",56.22011,56.22034,11.6140514
"Marginal",89.9999999986903,"2026-03-08 20:39:00","2026-03-08 22:09:00",56.22154,56.22171,13.090909125
"Marginal",90.0000000024249,"2026-03-09 09:09:00","2026-03-09 10:39:00",56.22296,56.22313,12.898681125
"Marginal",59.9999999991269,"2026-03-10 10:09:00","2026-03-10 11:09:00",56.22582,56.22593,13.388963
"Marginal",60.0000000028615,"2026-03-10 22:39:00","2026-03-10 23:39:00",56.22724,56.22736,13.8715563333333
"Marginal",89.9999999986903,"2026-03-11 23:09:00","2026-03-12 00:39:00",56.23004,56.23021,13.761304625
"Marginal",149.999999994083,"2026-03-12 11:09:00","2026-03-12 13:39:00",56.23141,56.2317,12.5691721666667
"Marginal",89.9999999986903,"2026-03-13 00:09:00","2026-03-13 01:39:00",56.23289,56.23307,10.93856375
"Marginal",60.0000000028615,"2026-03-14 14:39:00","2026-03-14 15:39:00",56.23729,56.2374,11.6608793333333
"Marginal",60.0000000028615,"2026-03-16 14:39:00","2026-03-16 15:39:00",56.24277,56.24288,13.57456
"Marginal",270.00000000354,"2026-03-17 02:09:00","2026-03-17 06:39:00",56.24408,56.24459,7.09176176
"Marginal",179.999999997381,"2026-03-17 15:09:00","2026-03-17 18:09:00",56.24557,56.24591,7.14874875714286
"Marginal",150.000000001552,"2026-03-18 04:09:00","2026-03-18 06:39:00",56.24705,56.24733,8.2574455
"Marginal",89.9999999986903,"2026-03-18 17:09:00","2026-03-18 18:39:00",56.24853,56.2487,11.166324
"Marginal",89.9999999986903,"2026-03-19 05:39:00","2026-03-19 07:09:00",56.24996,56.25013,11.2901005
"Marginal",89.9999999986903,"2026-03-19 17:39:00","2026-03-19 19:09:00",56.25133,56.2515,12.02489525
"Marginal",90.0000000024249,"2026-03-20 06:09:00","2026-03-20 07:39:00",56.25276,56.25293,10.96308275
"Marginal",59.9999999953923,"2026-03-20 18:39:00","2026-03-20 19:39:00",56.25418,56.2543,12.197108
"Marginal",89.9999999986903,"2026-03-21 07:09:00","2026-03-21 08:39:00",56.25561,56.25578,11.04401525
"Marginal",209.999999996944,"2026-03-23 07:09:00","2026-03-23 10:39:00",56.26109,56.26149,7.5287927125
"Marginal",150.000000001552,"2026-03-23 19:39:00","2026-03-23 22:09:00",56.26252,56.2628,10.2186053833333
"Marginal",59.9999999991269,"2026-03-24 09:39:00","2026-03-24 10:39:00",56.26412,56.26423,12.6016346666667
"Marginal",60.0000000028615,"2026-03-24 22:09:00","2026-03-24 23:09:00",56.26554,56.26566,13.240009
"Marginal",90.0000000024249,"2026-03-25 10:39:00","2026-03-25 12:09:00",56.26697,56.26714,12.1717605
"Marginal",60.0000000028615,"2026-03-26 12:09:00","2026-03-26 13:09:00",56.26988,56.26999,12.6644153333333
"Marginal",59.9999999991269,"2026-03-27 13:09:00","2026-03-27 14:09:00",56.27273,56.27285,13.26478
"Marginal",59.9999999991269,"2026-03-28 14:39:00","2026-03-28 15:39:00",56.27564,56.27576,13.807847
"Marginal",60.0000000028615,"2026-03-30 16:09:00","2026-03-30 17:09:00",56.2813,56.28141,13.5291066666667
"Marginal",59.9999999953923,"2026-03-31 17:09:00","2026-03-31 18:09:00",56.28415,56.28426,13.1251966666667
"Marginal",59.9999999991269,"2026-04-04 07:40:00","2026-04-04 08:40:00",56.29403,56.29414,12.750067
"Marginal",60.0000000028615,"2026-04-04 19:10:00","2026-04-04 20:10:00",56.29534,56.29545,15.7859593333333
"Marginal",59.9999999991269,"2026-04-05 08:10:00","2026-04-05 09:10:00",56.29682,56.29694,14.8149893333333
"Marginal",59.9999999991269,"2026-04-05 20:10:00","2026-04-05 21:10:00",56.29819,56.29831,11.7822566666667
"Marginal",90.0000000024249,"2026-04-06 08:10:00","2026-04-06 09:40:00",56.29956,56.29973,11.574295375
"Marginal",59.9999999953923,"2026-04-07 09:10:00","2026-04-07 10:10:00",56.30242,56.30253,14.063665
"Marginal",59.9999999953923,"2026-04-26 01:40:00","2026-04-26 02:40:00",56.35361,56.35373,10.0634114
"Marginal",90.0000000024249,"2026-04-26 13:10:00","2026-04-26 14:40:00",56.35493,56.3551,11.518745875
"Marginal",120.000000001988,"2026-05-24 11:40:00","2026-05-24 13:40:00",56.43147,56.4317,8.73303164
"Marginal",150.000000001552,"2026-05-24 23:40:00","2026-05-25 02:10:00",56.43284,56.43312,8.2710412
"Marginal",149.999999994083,"2026-05-25 12:10:00","2026-05-25 14:40:00",56.43427,56.43455,9.22028568333333
"Marginal",60.0000000028615,"2026-05-26 02:10:00","2026-05-26 03:10:00",56.43586,56.43598,12.5348463333333
"Marginal",150.000000001552,"2026-06-12 01:39:00","2026-06-12 04:09:00",56.48238,56.48267,11.8025188333333
"Marginal",89.9999999986903,"2026-06-23 00:09:00","2026-06-23 01:39:00",56.51235,56.51252,11.78754625
"Marginal",89.9999999986903,"2026-06-26 14:39:00","2026-06-26 16:09:00",56.52222,56.52239,11.9880655
"Marginal",60.0000000028615,"2026-07-05 09:09:00","2026-07-05 10:09:00",56.54625,56.54636,13.459861
"Marginal",150.000000001552,"2026-07-06 08:39:00","2026-07-06 11:09:00",56.54893,56.54922,10.6328636666667
"Marginal",239.999999996508,"2026-07-06 20:09:00","2026-07-07 00:09:00",56.55025,56.5507,4.14195795555556
"Marginal",180.000000001115,"2026-07-07 08:39:00","2026-07-07 11:39:00",56.55167,56.55201,9.5518937
"Marginal",60.0000000028615,"2026-07-18 22:09:00","2026-07-18 23:09:00",56.58335,56.58346,7.775488
"Marginal",149.999999994083,"2026-07-19 08:09:00","2026-07-19 10:39:00",56.58449,56.58478,10.9894473333333
"Sub-Optimal",330.000000002667,"2023-07-04 02:40:00","2023-07-04 08:10:00",53.54003,53.54066,6.09869776470588
"Sub-Optimal",259.999999996217,"2023-07-04 16:40:00","2023-07-04 21:00:00",53.54163,53.54212,11.9964061851852
"Sub-Optimal",319.999999995343,"2023-07-05 03:20:00","2023-07-05 08:40:00",53.54285,53.54346,9.724697
"Sub-Optimal",180.000000001115,"2023-07-05 17:40:00","2023-07-05 20:40:00",53.54448,53.54482,17.0648010526316
"Sub-Optimal",69.9999999952468,"2023-07-06 08:20:00","2023-07-06 09:30:00",53.54616,53.54629,16.491595
"Sub-Optimal",89.9999999986903,"2023-07-10 10:20:00","2023-07-10 11:50:00",53.55734,53.55752,16.2075299946
"Sub-Optimal",169.999999997526,"2023-07-14 13:40:00","2023-07-14 16:30:00",53.56868,53.56901,10.5759306666667
"Sub-Optimal",169.999999997526,"2023-07-15 02:20:00","2023-07-15 05:10:00",53.57013,53.57045,16.7063666666667
"Sub-Optimal",79.9999999988358,"2023-07-15 16:00:00","2023-07-15 17:20:00",53.57169,53.57184,19.6841622222222
"Sub-Optimal",139.999999997963,"2023-07-16 03:50:00","2023-07-16 06:10:00",53.57304,53.57331,19.1778913333333
"Sub-Optimal",290.000000003249,"2023-07-16 13:20:00","2023-07-16 18:10:00",53.57412,53.57468,8.6542304
"Sub-Optimal",220.000000000533,"2023-07-17 03:10:00","2023-07-17 06:50:00",53.5757,53.57612,14.0781169565217
"Sub-Optimal",140.000000001697,"2023-07-17 16:20:00","2023-07-17 18:40:00",53.57721,53.57747,17.862108
"Sub-Optimal",159.999999997672,"2023-07-18 04:40:00","2023-07-18 07:20:00",53.57861,53.57892,18.10202
"Sub-Optimal",209.999999996944,"2023-07-18 16:30:00","2023-07-18 20:00:00",53.57997,53.58037,9.26253963636364
"Sub-Optimal",239.999999996508,"2023-07-19 04:00:00","2023-07-19 08:00:00",53.58128,53.58174,13.6723252
"Sub-Optimal",140.000000001697,"2023-07-19 17:40:00","2023-07-19 20:00:00",53.58284,53.58311,17.7505446666667
"Sub-Optimal",159.999999997672,"2023-07-20 06:10:00","2023-07-20 08:50:00",53.58427,53.58457,17.6439588235294
"Sub-Optimal",100.000000002279,"2023-07-20 19:10:00","2023-07-20 20:50:00",53.58575,53.58594,18.2349645454545
"Sub-Optimal",149.999999994083,"2023-07-21 07:00:00","2023-07-21 09:30:00",53.5871,53.58739,17.358715
"Sub-Optimal",159.999999997672,"2023-07-21 18:50:00","2023-07-21 21:30:00",53.58845,53.58876,16.8727558823529
"Sub-Optimal",170.000000004995,"2023-07-22 07:10:00","2023-07-22 10:00:00",53.58986,53.59018,16.58121
"Sub-Optimal",79.9999999988358,"2023-07-22 20:50:00","2023-07-22 22:10:00",53.59142,53.59157,18.8655366666667
"Sub-Optimal",89.9999999986903,"2023-07-23 09:00:00","2023-07-23 10:30:00",53.59281,53.59298,18.576996
"Sub-Optimal",59.9999999953923,"2023-07-23 22:00:00","2023-07-23 23:00:00",53.59429,53.59441,19.3637542857143
"Sub-Optimal",79.9999999988358,"2023-07-24 09:50:00","2023-07-24 11:10:00",53.59564,53.5958,18.8314044444444
"Sub-Optimal",69.9999999989814,"2023-07-24 22:40:00","2023-07-24 23:50:00",53.59711,53.59724,19.1775825
"Sub-Optimal",69.9999999989814,"2023-07-25 10:40:00","2023-07-25 11:50:00",53.59848,53.59861,18.9474725
"Sub-Optimal",169.999999997526,"2023-07-25 22:00:00","2023-07-26 00:50:00",53.59977,53.6001,13.4252416666667
"Sub-Optimal",140.000000001697,"2023-07-26 10:20:00","2023-07-26 12:40:00",53.60118,53.60145,16.34146
"Sub-Optimal",110.000000002134,"2023-07-26 23:50:00","2023-07-27 01:40:00",53.60272,53.60293,18.3899
"Sub-Optimal",69.9999999989814,"2023-07-27 12:20:00","2023-07-27 13:30:00",53.60415,53.60428,18.9424625
"Sub-Optimal",159.999999997672,"2023-07-28 00:10:00","2023-07-28 02:50:00",53.6055,53.6058,13.4169341176471
"Sub-Optimal",120.000000005723,"2023-07-28 12:30:00","2023-07-28 14:30:00",53.60691,53.60713,17.0546876923077
"Sub-Optimal",70.000000002716,"2023-07-30 03:40:00","2023-07-30 04:50:00",53.61138,53.61151,16.72084
"Sub-Optimal",59.9999999991269,"2023-08-01 05:50:00","2023-08-01 06:50:00",53.6171,53.61722,18.9726771428571
"Sub-Optimal",59.9999999953923,"2023-08-03 07:40:00","2023-08-03 08:40:00",53.62279,53.62291,19.04961
"Sub-Optimal",100.000000002279,"2023-08-07 10:20:00","2023-08-07 12:00:00",53.63406,53.63425,9.07378270409091
"Sub-Optimal",190.00000000097,"2023-08-07 21:00:00","2023-08-08 00:10:00",53.63527,53.63564,13.338665
"Sub-Optimal",169.999999997526,"2023-08-13 14:10:00","2023-08-13 17:00:00",53.65093,53.65126,15.0554433333333
"Sub-Optimal",89.9999999986903,"2023-08-14 04:20:00","2023-08-14 05:50:00",53.65255,53.65272,17.838066
"Sub-Optimal",120.000000001988,"2023-08-15 05:00:00","2023-08-15 07:00:00",53.65537,53.65559,11.0244757692308
"Sub-Optimal",199.99999999709,"2023-08-15 15:20:00","2023-08-15 18:40:00",53.65654,53.65693,13.0706289047619
"Sub-Optimal",130.000000001843,"2023-08-16 04:50:00","2023-08-16 07:00:00",53.65809,53.65833,17.2834214285714
"Sub-Optimal",89.9999999986903,"2023-08-16 17:40:00","2023-08-16 19:10:00",53.65955,53.65972,17.929038
"Sub-Optimal",70.000000002716,"2023-08-17 06:30:00","2023-08-17 07:40:00",53.66102,53.66115,18.1754325
"Sub-Optimal",150.000000001552,"2023-08-18 06:40:00","2023-08-18 09:10:00",53.66377,53.66406,10.0142299375
"Sub-Optimal",259.999999999951,"2023-08-18 16:00:00","2023-08-18 20:20:00",53.66484,53.66533,11.0991367407407
"Sub-Optimal",169.999999997526,"2023-08-19 05:50:00","2023-08-19 08:40:00",53.66642,53.66674,15.8816538888889
"Sub-Optimal",60.0000000028615,"2023-08-20 08:20:00","2023-08-20 09:20:00",53.66944,53.66956,17.8498528571429
"Sub-Optimal",89.9999999986903,"2023-08-22 08:50:00","2023-08-22 10:20:00",53.67498,53.67515,17.297617
"Sub-Optimal",59.9999999953923,"2023-08-30 17:30:00","2023-08-30 18:30:00",53.69789,53.698,18.5261385714286
"Sub-Optimal",79.9999999988358,"2023-08-31 06:00:00","2023-08-31 07:20:00",53.69932,53.69947,17.0198244444444
"Sub-Optimal",59.9999999991269,"2023-08-31 18:30:00","2023-08-31 19:30:00",53.70074,53.70086,18.4240371428571
"Sub-Optimal",210.000000000679,"2023-09-10 13:19:00","2023-09-10 16:49:00",53.72755,53.72795,5.60976566666667
"Sub-Optimal",254.999999996289,"2023-09-11 00:49:00","2023-09-11 05:04:00",53.72886,53.72935,7.66398027777778
"Sub-Optimal",165.000000001334,"2023-09-11 13:49:00","2023-09-11 16:34:00",53.73034,53.73066,14.0296583333333
"Sub-Optimal",135.00000000177,"2023-09-12 02:49:00","2023-09-12 05:04:00",53.73183,53.73209,17.742848
"Sub-Optimal",75.0000000026432,"2023-09-12 16:04:00","2023-09-12 17:19:00",53.73334,53.73348,18.599495
"Sub-Optimal",149.999999997817,"2023-09-13 15:49:00","2023-09-13 18:19:00",53.73605,53.73634,15.1577809090909
"Sub-Optimal",164.999999997599,"2023-09-14 03:49:00","2023-09-14 06:34:00",53.73742,53.73774,15.46382
"Sub-Optimal",60.0000000028615,"2023-09-14 17:34:00","2023-09-14 18:34:00",53.73899,53.73911,18.670338
"Sub-Optimal",60.0000000028615,"2023-09-17 07:19:00","2023-09-17 08:19:00",53.74604,53.74615,18.615512
"Sub-Optimal",210.000000000679,"2023-09-18 17:49:00","2023-09-18 21:19:00",53.74998,53.75038,8.38222506666667
"Sub-Optimal",210.000000000679,"2023-09-19 05:34:00","2023-09-19 09:04:00",53.75132,53.75172,11.6453686
"Sub-Optimal",120.000000001988,"2023-09-19 19:49:00","2023-09-19 21:49:00",53.75295,53.75318,16.7341711111111
"Sub-Optimal",60.0000000028615,"2023-09-20 08:49:00","2023-09-20 09:49:00",53.75443,53.75455,18.190194
"Sub-Optimal",59.9999999953923,"2023-09-25 13:34:00","2023-09-25 14:34:00",53.76867,53.76879,18.92783
"Sub-Optimal",150.000000001552,"2023-09-26 01:04:00","2023-09-26 03:34:00",53.76998,53.77027,15.0211936363636
"Sub-Optimal",75.0000000026432,"2023-09-26 14:50:00","2023-09-26 16:05:00",53.77156,53.7717,16.9687916666667
"Sub-Optimal",150.000000001552,"2023-09-27 02:20:00","2023-09-27 04:50:00",53.77287,53.77315,16.1823972727273
"Sub-Optimal",74.999999995174,"2023-09-27 16:05:00","2023-09-27 17:20:00",53.77444,53.77458,17.1444833333333
"Sub-Optimal",59.9999999953923,"2023-09-28 04:50:00","2023-09-28 05:50:00",53.77589,53.77601,17.021862
"Sub-Optimal",60.0000000028615,"2023-09-28 17:20:00","2023-09-28 18:20:00",53.77732,53.77744,17.446474
"Sub-Optimal",164.999999997599,"2023-09-29 04:35:00","2023-09-29 07:20:00",53.77861,53.77892,8.02334083333333
"Sub-Optimal",359.999999998496,"2023-09-29 14:20:00","2023-09-29 20:20:00",53.77972,53.7804,5.314222696
"Sub-Optimal",330.000000002667,"2023-09-30 02:05:00","2023-09-30 07:35:00",53.78106,53.78169,8.06121091304348
"Sub-Optimal",239.999999996508,"2023-09-30 16:05:00","2023-09-30 20:05:00",53.78266,53.78311,10.1175427058824
"Sub-Optimal",194.999999997162,"2023-10-01 04:50:00","2023-10-01 08:05:00",53.78411,53.78448,13.4379655
"Sub-Optimal",194.999999997162,"2023-10-01 17:35:00","2023-10-01 20:50:00",53.78557,53.78594,13.0270830714286
"Sub-Optimal",180.000000001115,"2023-10-02 05:50:00","2023-10-02 08:50:00",53.78697,53.78731,15.1601406923077
"Sub-Optimal",165.000000005068,"2023-10-02 18:35:00","2023-10-02 21:20:00",53.78842,53.78874,14.1284605
"Sub-Optimal",120.000000005723,"2023-10-03 06:35:00","2023-10-03 08:35:00",53.78979,53.79002,14.93954550475
"Sub-Optimal",164.999999997599,"2023-10-03 18:20:00","2023-10-03 21:05:00",53.79113,53.79145,15.71917125
"Sub-Optimal",119.999999998254,"2023-10-04 07:05:00","2023-10-04 09:05:00",53.79259,53.79282,17.2137491666667
"Sub-Optimal",150.000000001552,"2023-10-04 19:35:00","2023-10-04 22:05:00",53.79402,53.7943,17.7012258181818
"Sub-Optimal",120.000000001988,"2023-10-05 08:05:00","2023-10-05 10:05:00",53.79544,53.79567,18.1616374444444
"Sub-Optimal",134.999999998035,"2023-10-05 20:35:00","2023-10-05 22:50:00",53.79687,53.79713,17.6595927
"Sub-Optimal",89.9999999986903,"2023-10-06 09:20:00","2023-10-06 10:50:00",53.79833,53.7985,18.0127491428571
"Sub-Optimal",134.999999998035,"2023-10-06 21:35:00","2023-10-06 23:50:00",53.79972,53.79998,17.5191886
"Sub-Optimal",89.9999999986903,"2023-10-07 10:35:00","2023-10-07 12:05:00",53.80121,53.80138,18.9566622857143
"Sub-Optimal",180.000000001115,"2023-10-07 22:05:00","2023-10-08 01:05:00",53.80252,53.80286,16.3821518461538
"Sub-Optimal",135.00000000177,"2023-10-08 10:50:00","2023-10-08 13:05:00",53.80398,53.80423,17.3341085
"Sub-Optimal",90.0000000024249,"2023-10-09 00:20:00","2023-10-09 01:50:00",53.80552,53.80569,18.1084745714286
"Sub-Optimal",105.000000002207,"2023-10-11 20:20:00","2023-10-11 22:05:00",53.81328,53.81348,15.593544875
"Sub-Optimal",89.9999999986903,"2023-10-14 16:35:00","2023-10-14 18:05:00",53.82107,53.82124,16.7888854285714
"Sub-Optimal",105.000000002207,"2023-10-15 03:50:00","2023-10-15 05:35:00",53.82236,53.82256,16.513438
"Sub-Optimal",89.9999999986903,"2023-10-15 16:50:00","2023-10-15 18:20:00",53.82384,53.82401,17.6904714285714
"Sub-Optimal",60.0000000028615,"2023-10-16 05:20:00","2023-10-16 06:20:00",53.82527,53.82538,18.271597
"Sub-Optimal",60.0000000028615,"2023-10-16 18:05:00","2023-10-16 19:05:00",53.82672,53.82684,19.0996978
"Sub-Optimal",59.9999999991269,"2023-10-17 18:35:00","2023-10-17 19:35:00",53.82952,53.82963,18.196232
"Sub-Optimal",60.0000000028615,"2023-10-18 06:50:00","2023-10-18 07:50:00",53.83092,53.83103,18.6626562
"Sub-Optimal",90.0000000024249,"2023-10-18 19:05:00","2023-10-18 20:35:00",53.83232,53.83249,17.8546475714286
"Sub-Optimal",75.0000000026432,"2023-10-19 07:20:00","2023-10-19 08:35:00",53.83371,53.83386,18.4444495
"Sub-Optimal",75.0000000026432,"2023-10-19 20:05:00","2023-10-19 21:20:00",53.83517,53.83531,18.9594186666667
"Sub-Optimal",150.000000001552,"2023-10-20 19:20:00","2023-10-20 21:50:00",53.83782,53.83811,13.9922475
"Sub-Optimal",135.00000000177,"2023-10-21 07:50:00","2023-10-21 10:05:00",53.83925,53.83951,15.3766323
"Sub-Optimal",210.000000004413,"2023-10-21 20:05:00","2023-10-21 23:35:00",53.84065,53.84105,14.6415648333333
"Sub-Optimal",164.999999997599,"2023-10-22 08:35:00","2023-10-22 11:20:00",53.84208,53.84239,18.069587
"Sub-Optimal",104.999999994737,"2023-10-22 22:50:00","2023-10-23 00:35:00",53.8437,53.8439,15.96573375
"Sub-Optimal",60.0000000028615,"2023-10-25 01:35:00","2023-10-25 02:35:00",53.8495,53.84961,18.1663546
"Sub-Optimal",90.0000000024249,"2023-10-25 13:50:00","2023-10-25 15:20:00",53.85089,53.85107,17.9197207142857
"Sub-Optimal",59.9999999991269,"2023-10-26 02:35:00","2023-10-26 03:35:00",53.85235,53.85246,17.6423856
"Sub-Optimal",75.0000000026432,"2023-10-26 14:50:00","2023-10-26 16:05:00",53.85375,53.85389,17.2192015
"Sub-Optimal",59.9999999953923,"2023-10-27 03:20:00","2023-10-27 04:20:00",53.85518,53.85529,17.722578
"Sub-Optimal",74.9999999989086,"2023-10-27 15:50:00","2023-10-27 17:05:00",53.8566,53.85674,17.1522111666667
"Sub-Optimal",90.0000000024249,"2023-10-28 16:35:00","2023-10-28 18:05:00",53.85943,53.8596,17.5310795714286
"Sub-Optimal",180.000000001115,"2023-10-29 15:35:00","2023-10-29 18:35:00",53.86205,53.8624,12.7657639153846
"Sub-Optimal",149.999999997817,"2023-10-30 04:05:00","2023-10-30 06:35:00",53.86348,53.86377,15.3913411818182
"Sub-Optimal",210.000000000679,"2023-10-30 15:50:00","2023-10-30 19:20:00",53.86482,53.86522,11.9182009333333
"Sub-Optimal",134.999999998035,"2023-10-31 04:50:00","2023-10-31 07:05:00",53.86631,53.86656,16.7362312
"Sub-Optimal",89.9999999986903,"2023-10-31 18:20:00","2023-10-31 19:50:00",53.86785,53.86802,16.7907201428571
"Sub-Optimal",89.9999999986903,"2023-11-01 06:20:00","2023-11-01 07:50:00",53.86922,53.86939,18.2813748571429
"Sub-Optimal",120.000000001988,"2023-11-01 18:35:00","2023-11-01 20:35:00",53.87061,53.87084,17.2564713333333
"Sub-Optimal",105.000000002207,"2023-11-02 06:50:00","2023-11-02 08:35:00",53.87201,53.87221,18.1520225
"Sub-Optimal",149.999999997817,"2023-11-02 19:05:00","2023-11-02 21:35:00",53.87341,53.8737,17.6605667272727
"Sub-Optimal",119.999999998254,"2023-11-03 07:35:00","2023-11-03 09:35:00",53.87484,53.87507,18.0192174444444
"Sub-Optimal",150.000000001552,"2023-11-03 20:05:00","2023-11-03 22:35:00",53.87627,53.87655,17.7847774545455
"Sub-Optimal",104.999999998472,"2023-11-04 08:20:00","2023-11-04 10:05:00",53.87766,53.87786,18.3556635
"Sub-Optimal",150.000000001552,"2023-11-04 20:50:00","2023-11-04 23:20:00",53.87909,53.87938,17.9428795454545
"Sub-Optimal",74.9999999989086,"2023-11-05 10:05:00","2023-11-05 11:20:00",53.8806,53.88075,19.1328395
"Sub-Optimal",119.999999998254,"2023-11-05 22:05:00","2023-11-06 00:05:00",53.88197,53.8822,18.1390523333333
"Sub-Optimal",59.9999999991269,"2023-11-06 11:20:00","2023-11-06 12:20:00",53.88349,53.8836,15.520613576
"Sub-Optimal",149.999999997817,"2024-03-14 19:21:00","2024-03-14 21:51:00",54.23783,54.23811,14.1431709166667
"Sub-Optimal",180.000000001115,"2024-03-15 07:51:00","2024-03-15 10:51:00",54.23925,54.23959,14.2909677142857
"Sub-Optimal",179.999999997381,"2024-03-15 19:51:00","2024-03-15 22:51:00",54.24062,54.24096,15.0069245714286
"Sub-Optimal",150.000000001552,"2024-03-16 09:21:00","2024-03-16 11:51:00",54.24216,54.24245,14.5596805
"Sub-Optimal",150.000000001552,"2024-03-16 21:21:00","2024-03-16 23:51:00",54.24353,54.24382,15.7186351666667
"Sub-Optimal",149.999999997817,"2024-03-17 10:21:00","2024-03-17 12:51:00",54.24502,54.2453,15.9501425
"Sub-Optimal",119.999999998254,"2024-03-17 22:51:00","2024-03-18 00:51:00",54.24644,54.24667,16.9230538
"Sub-Optimal",150.000000001552,"2024-03-18 11:21:00","2024-03-18 13:51:00",54.24787,54.24816,17.0799695
"Sub-Optimal",149.999999997817,"2024-03-18 23:51:00","2024-03-19 02:21:00",54.2493,54.24958,17.189806
"Sub-Optimal",150.000000001552,"2024-03-19 12:21:00","2024-03-19 14:51:00",54.25072,54.25101,16.4234246666667
"Sub-Optimal",119.999999998254,"2024-03-20 01:21:00","2024-03-20 03:21:00",54.25221,54.25244,15.954174
"Sub-Optimal",119.999999998254,"2024-03-20 13:51:00","2024-03-20 15:51:00",54.25364,54.25386,17.5081884
"Sub-Optimal",210.000000000679,"2024-03-21 01:21:00","2024-03-21 04:51:00",54.25495,54.25535,15.574117125
"Sub-Optimal",180.000000001115,"2024-03-21 13:52:00","2024-03-21 16:52:00",54.25638,54.25672,13.6555048571429
"Sub-Optimal",150.000000001552,"2024-03-22 02:52:00","2024-03-22 05:22:00",54.25786,54.25815,12.9817275
"Sub-Optimal",150.000000001552,"2024-03-22 15:22:00","2024-03-22 17:52:00",54.25929,54.25957,13.8170491666667
"Sub-Optimal",150.000000001552,"2024-03-23 03:22:00","2024-03-23 05:52:00",54.26066,54.26094,15.89752725
"Sub-Optimal",329.999999998932,"2024-03-23 14:22:00","2024-03-23 19:52:00",54.26191,54.26254,4.38249497083333
"Sub-Optimal",329.999999998932,"2024-03-24 01:22:00","2024-03-24 06:52:00",54.26317,54.2638,5.27370618333333
"Sub-Optimal",240.000000000242,"2024-03-24 14:52:00","2024-03-24 18:52:00",54.26471,54.26517,12.8681583777778
"Sub-Optimal",180.000000001115,"2024-03-25 03:52:00","2024-03-25 06:52:00",54.26619,54.26654,12.9955554285714
"Sub-Optimal",150.000000001552,"2024-03-25 16:22:00","2024-03-25 18:52:00",54.26762,54.26791,15.2659006666667
"Sub-Optimal",119.999999998254,"2024-03-26 05:22:00","2024-03-26 07:22:00",54.26911,54.26933,14.1701064
"Sub-Optimal",150.000000001552,"2024-03-26 16:52:00","2024-03-26 19:22:00",54.27042,54.2707,15.3401025
"Sub-Optimal",180.000000001115,"2024-03-27 05:22:00","2024-03-27 08:22:00",54.27185,54.27219,13.621153
"Sub-Optimal",179.999999997381,"2024-03-27 17:22:00","2024-03-27 20:22:00",54.27322,54.27356,13.5685731428571
"Sub-Optimal",239.999999996508,"2024-03-28 05:22:00","2024-03-28 09:22:00",54.27459,54.27504,7.66312637777778
"Sub-Optimal",210.000000000679,"2024-03-28 17:22:00","2024-03-28 20:52:00",54.27596,54.27635,9.4669857875
"Sub-Optimal",269.999999999806,"2024-03-29 05:22:00","2024-03-29 09:52:00",54.27732,54.27784,12.2250292
"Sub-Optimal",180.000000001115,"2024-03-29 18:22:00","2024-03-29 21:22:00",54.27881,54.27915,14.7266111428571
"Sub-Optimal",209.999999996944,"2024-03-30 06:52:00","2024-03-30 10:22:00",54.28024,54.28064,12.1875618125
"Sub-Optimal",180.000000001115,"2024-03-30 18:52:00","2024-03-30 21:52:00",54.28161,54.28195,14.5795594285714
"Sub-Optimal",149.999999997817,"2024-03-31 08:22:00","2024-03-31 10:52:00",54.28315,54.28343,15.276031
"Sub-Optimal",149.999999994083,"2024-03-31 20:22:00","2024-03-31 22:52:00",54.28452,54.2848,16.2939196666667
"Sub-Optimal",150.000000001552,"2024-04-01 09:22:00","2024-04-01 11:52:00",54.286,54.28629,15.6797275833333
"Sub-Optimal",150.000000001552,"2024-04-01 21:22:00","2024-04-01 23:52:00",54.28737,54.28766,16.3704208333333
"Sub-Optimal",179.999999997381,"2024-04-02 09:52:00","2024-04-02 12:52:00",54.2888,54.28914,15.0764002857143
"Sub-Optimal",180.000000001115,"2024-04-02 21:52:00","2024-04-03 00:52:00",54.29017,54.29051,14.1297337857143
"Sub-Optimal",299.999999999369,"2024-04-03 10:22:00","2024-04-03 15:22:00",54.29159,54.29217,15.342211
"Sub-Optimal",329.999999995198,"2024-04-03 21:52:00","2024-04-04 03:22:00",54.29291,54.29354,14.9335854916667
"Sub-Optimal",299.999999999369,"2024-04-04 10:22:00","2024-04-04 15:22:00",54.29433,54.2949,9.078505
"Sub-Optimal",209.999999996944,"2024-04-04 23:52:00","2024-04-05 03:22:00",54.29588,54.29627,12.21159075
"Sub-Optimal",119.999999998254,"2024-04-05 12:52:00","2024-04-05 14:52:00",54.29736,54.29759,14.848348
"Sub-Optimal",179.999999997381,"2024-04-06 01:22:00","2024-04-06 04:22:00",54.29879,54.29913,13.8575477142857
"Sub-Optimal",149.999999997817,"2024-04-06 14:22:00","2024-04-06 16:52:00",54.30027,54.30056,13.5919728333333
"Sub-Optimal",150.000000001552,"2024-04-07 02:52:00","2024-04-07 05:22:00",54.3017,54.30198,13.2424318333333
"Sub-Optimal",150.000000001552,"2024-04-07 15:22:00","2024-04-07 17:52:00",54.30312,54.30341,14.255476
"Sub-Optimal",179.999999997381,"2024-04-08 03:22:00","2024-04-08 06:22:00",54.30449,54.30484,13.8684777857143
"Sub-Optimal",149.999999994083,"2024-04-08 15:52:00","2024-04-08 18:22:00",54.30592,54.30621,14.1543835
"Sub-Optimal",180.000000001115,"2024-04-09 04:22:00","2024-04-09 07:22:00",54.30735,54.30769,13.5645252
"Sub-Optimal",180.000000001115,"2024-04-09 16:22:00","2024-04-09 19:22:00",54.30872,54.30906,14.6188737142857
"Sub-Optimal",180.000000001115,"2024-04-10 05:22:00","2024-04-10 08:22:00",54.3102,54.31054,14.4249611428571
"Sub-Optimal",149.999999997817,"2024-04-10 17:22:00","2024-04-10 19:52:00",54.31157,54.31186,14.9410208333333
"Sub-Optimal",179.999999997381,"2024-04-11 05:52:00","2024-04-11 08:52:00",54.313,54.31334,13.9033962857143
"Sub-Optimal",150.000000001552,"2024-04-11 18:22:00","2024-04-11 20:52:00",54.31443,54.31471,15.1188265
"Sub-Optimal",240.000000003977,"2024-04-12 05:52:00","2024-04-12 09:52:00",54.31574,54.31619,9.30179717777778
"Sub-Optimal",209.999999996944,"2024-04-12 17:52:00","2024-04-12 21:22:00",54.31711,54.31751,11.3614348125
"Sub-Optimal",210.000000000679,"2024-04-13 07:22:00","2024-04-13 10:52:00",54.31865,54.31905,12.929671175
"Sub-Optimal",180.000000001115,"2024-04-13 19:22:00","2024-04-13 22:22:00",54.32002,54.32036,13.1165477142857
"Sub-Optimal",179.999999997381,"2024-04-14 08:22:00","2024-04-14 11:22:00",54.3215,54.32185,14.258968
"Sub-Optimal",120.000000001988,"2024-04-14 21:22:00","2024-04-14 23:22:00",54.32299,54.32322,15.938351
"Sub-Optimal",119.999999998254,"2024-04-15 09:52:00","2024-04-15 11:52:00",54.32441,54.32464,15.5526248
"Sub-Optimal",119.999999998254,"2024-04-15 22:22:00","2024-04-16 00:22:00",54.32584,54.32607,16.8618112
"Sub-Optimal",179.999999997381,"2024-04-16 10:22:00","2024-04-16 13:22:00",54.32721,54.32755,16.3902014285714
"Sub-Optimal",149.999999997817,"2024-04-16 23:22:00","2024-04-17 01:52:00",54.32869,54.32898,16.9709283333333
"Sub-Optimal",119.999999998254,"2024-04-17 11:52:00","2024-04-17 13:52:00",54.33012,54.33035,16.3871322
"Sub-Optimal",150.000000001552,"2024-04-17 23:52:00","2024-04-18 02:22:00",54.33149,54.33178,16.970175
"Sub-Optimal",180.000000001115,"2024-04-18 12:22:00","2024-04-18 15:22:00",54.33292,54.33326,16.4033855714286
"Sub-Optimal",179.999999997381,"2024-04-19 00:22:00","2024-04-19 03:22:00",54.33429,54.33463,14.7599085714286
"Sub-Optimal",179.999999997381,"2024-04-19 12:52:00","2024-04-19 15:52:00",54.33572,54.33606,16.245077
"Sub-Optimal",209.999999996944,"2024-04-20 01:22:00","2024-04-20 04:52:00",54.33714,54.33754,16.18721125
"Sub-Optimal",179.999999997381,"2024-04-20 13:52:00","2024-04-20 16:52:00",54.33857,54.33891,15.5826375714286
"Sub-Optimal",180.000000001115,"2024-04-21 02:22:00","2024-04-21 05:22:00",54.34,54.34034,15.2967351428571
"Sub-Optimal",150.000000001552,"2024-04-21 14:52:00","2024-04-21 17:22:00",54.34142,54.34171,16.2290301666667
"Sub-Optimal",150.000000001552,"2024-04-22 03:22:00","2024-04-22 05:52:00",54.34285,54.34314,16.798502
"Sub-Optimal",119.999999998254,"2024-04-22 15:52:00","2024-04-22 17:52:00",54.34428,54.34451,17.2384986
"Sub-Optimal",150.000000001552,"2024-04-23 04:22:00","2024-04-23 06:52:00",54.3457,54.34599,16.9819823333333
"Sub-Optimal",89.9999999986903,"2024-04-23 16:52:00","2024-04-23 18:22:00",54.34713,54.3473,16.96633025
"Sub-Optimal",150.000000001552,"2024-04-24 04:52:00","2024-04-24 07:22:00",54.3485,54.34879,16.7234316666667
"Sub-Optimal",150.000000001552,"2024-04-24 16:52:00","2024-04-24 19:22:00",54.34987,54.35016,17.2795838333333
"Sub-Optimal",149.999999994083,"2024-04-25 05:22:00","2024-04-25 07:52:00",54.3513,54.35158,16.864243
"Sub-Optimal",119.999999998254,"2024-04-25 17:52:00","2024-04-25 19:52:00",54.35272,54.35295,17.2145818
"Sub-Optimal",150.000000001552,"2024-04-26 05:52:00","2024-04-26 08:22:00",54.35409,54.35438,15.6473954166667
"Sub-Optimal",120.000000005723,"2024-04-26 18:22:00","2024-04-26 20:22:00",54.35552,54.35575,17.1983304
"Sub-Optimal",180.000000001115,"2024-04-27 06:22:00","2024-04-27 09:22:00",54.35689,54.35723,16.2047748571429
"Sub-Optimal",119.999999998254,"2024-04-27 18:52:00","2024-04-27 20:52:00",54.35832,54.35855,17.0630756
"Sub-Optimal",150.000000001552,"2024-04-28 07:22:00","2024-04-28 09:52:00",54.35975,54.36003,16.59146875
"Sub-Optimal",120.000000001988,"2024-04-28 19:52:00","2024-04-28 21:52:00",54.36117,54.3614,18.1425164
"Sub-Optimal",149.999999994083,"2024-04-29 08:22:00","2024-04-29 10:52:00",54.3626,54.36288,17.1548325
"Sub-Optimal",89.9999999986903,"2024-04-29 21:22:00","2024-04-29 22:52:00",54.36408,54.36425,18.00768425
"Sub-Optimal",120.000000001988,"2024-04-30 09:22:00","2024-04-30 11:22:00",54.36545,54.36568,17.3082612
"Sub-Optimal",119.999999998254,"2024-04-30 21:52:00","2024-04-30 23:52:00",54.36688,54.36711,18.2928188
"Sub-Optimal",90.0000000024249,"2024-05-01 09:52:00","2024-05-01 11:22:00",54.36825,54.36842,18.2252505
"Sub-Optimal",119.999999998254,"2024-05-01 23:09:00","2024-05-02 01:09:00",54.36977,54.36999,17.8485908
"Sub-Optimal",149.999999994083,"2024-05-02 11:09:00","2024-05-02 13:39:00",54.37114,54.37142,17.2111648333333
"Sub-Optimal",120.000000001988,"2024-05-03 00:09:00","2024-05-03 02:09:00",54.37262,54.37285,17.5872222
"Sub-Optimal",119.999999998254,"2024-05-03 12:39:00","2024-05-03 14:39:00",54.37405,54.37428,17.19148
"Sub-Optimal",89.9999999986903,"2024-05-04 01:39:00","2024-05-04 03:09:00",54.37553,54.3757,16.89095575
"Sub-Optimal",89.9999999986903,"2024-05-04 14:09:00","2024-05-04 15:39:00",54.37696,54.37713,16.4830575
"Sub-Optimal",150.000000001552,"2024-05-05 02:39:00","2024-05-05 05:09:00",54.37838,54.37867,17.194057
"Sub-Optimal",180.000000001115,"2024-05-05 14:39:00","2024-05-05 17:39:00",54.37975,54.3801,16.9405918571429
"Sub-Optimal",240.000000000242,"2024-05-06 01:39:00","2024-05-06 05:39:00",54.38101,54.38147,11.5715716
"Sub-Optimal",209.999999996944,"2024-05-06 14:09:00","2024-05-06 17:39:00",54.38244,54.38284,15.1276339375
"Sub-Optimal",119.999999998254,"2024-05-07 04:09:00","2024-05-07 06:09:00",54.38404,54.38426,14.3531374
"Sub-Optimal",89.9999999986903,"2024-05-07 16:39:00","2024-05-07 18:09:00",54.38546,54.38563,16.82058925
"Sub-Optimal",119.999999998254,"2024-05-08 05:09:00","2024-05-08 07:09:00",54.38689,54.38712,16.6775502
"Sub-Optimal",150.000000001552,"2024-05-08 16:09:00","2024-05-08 18:39:00",54.38814,54.38843,13.1711078333333
"Sub-Optimal",179.999999997381,"2024-05-09 05:09:00","2024-05-09 08:09:00",54.38963,54.38997,16.5943344285714
"Sub-Optimal",89.9999999986903,"2024-05-09 18:09:00","2024-05-09 19:39:00",54.39111,54.39128,17.55785475
"Sub-Optimal",119.999999998254,"2024-05-10 06:39:00","2024-05-10 08:39:00",54.39254,54.39277,16.0653694
"Sub-Optimal",150.000000001552,"2024-05-10 18:09:00","2024-05-10 20:39:00",54.39385,54.39414,16.3814146666667
"Sub-Optimal",119.999999998254,"2024-05-11 07:09:00","2024-05-11 09:09:00",54.39534,54.39557,16.6851387
"Sub-Optimal",59.9999999991269,"2024-05-11 20:09:00","2024-05-11 21:09:00",54.39682,54.39693,18.3154113333333
"Sub-Optimal",119.999999998254,"2024-05-12 08:09:00","2024-05-12 10:09:00",54.39819,54.39842,17.8742926
"Sub-Optimal",89.9999999986903,"2024-05-12 20:39:00","2024-05-12 22:09:00",54.39962,54.39979,18.30639325
"Sub-Optimal",120.000000001988,"2024-05-13 09:09:00","2024-05-13 11:09:00",54.40104,54.40127,17.7634092
"Sub-Optimal",60.0000000028615,"2024-05-13 22:09:00","2024-05-13 23:09:00",54.40253,54.40264,18.0288743333333
"Sub-Optimal",90.0000000024249,"2024-05-14 10:09:00","2024-05-14 11:39:00",54.4039,54.40407,18.36330875
"Sub-Optimal",59.9999999953923,"2024-05-14 23:09:00","2024-05-15 00:09:00",54.40538,54.4055,19.0363126666667
"Sub-Optimal",89.9999999986903,"2024-05-15 11:09:00","2024-05-15 12:39:00",54.40675,54.40692,17.73724625
"Sub-Optimal",119.999999998254,"2024-05-15 23:09:00","2024-05-16 01:09:00",54.40812,54.40835,16.8876062
"Sub-Optimal",180.000000001115,"2024-05-16 10:39:00","2024-05-16 13:39:00",54.40943,54.40978,16.480444
"Sub-Optimal",120.000000005723,"2024-05-17 00:09:00","2024-05-17 02:09:00",54.41098,54.4112,18.0399044
"Sub-Optimal",90.0000000024249,"2024-05-17 12:39:00","2024-05-17 14:09:00",54.4124,54.41257,17.83792925
"Sub-Optimal",90.0000000024249,"2024-05-18 01:39:00","2024-05-18 03:09:00",54.41389,54.41406,18.2855645
"Sub-Optimal",59.9999999953923,"2024-05-18 14:09:00","2024-05-18 15:09:00",54.41531,54.41543,18.7335383333333
"Sub-Optimal",59.9999999991269,"2024-05-19 02:39:00","2024-05-19 03:39:00",54.41674,54.41686,18.511616
"Sub-Optimal",60.0000000028615,"2024-05-19 14:39:00","2024-05-19 15:39:00",54.41811,54.41822,19.231756
"Sub-Optimal",89.9999999986903,"2024-05-20 03:09:00","2024-05-20 04:39:00",54.41954,54.41971,18.46261475
"Sub-Optimal",59.9999999953923,"2024-05-20 15:39:00","2024-05-20 16:39:00",54.42096,54.42108,18.4751063333333
"Sub-Optimal",90.0000000024249,"2024-05-21 04:09:00","2024-05-21 05:39:00",54.42239,54.42256,18.17034325
"Sub-Optimal",60.0000000028615,"2024-05-21 16:09:00","2024-05-21 17:09:00",54.42376,54.42388,18.8159886666667
"Sub-Optimal",59.9999999991269,"2024-05-22 05:09:00","2024-05-22 06:09:00",54.42525,54.42536,17.492861
"Sub-Optimal",59.9999999991269,"2024-05-22 17:09:00","2024-05-22 18:09:00",54.42662,54.42673,18.8272186666667
"Sub-Optimal",59.9999999991269,"2024-05-23 05:39:00","2024-05-23 06:39:00",54.42804,54.42816,17.860922
"Sub-Optimal",179.999999997381,"2024-05-23 15:39:00","2024-05-23 18:39:00",54.42918,54.42953,13.16221
"Sub-Optimal",179.999999997381,"2024-05-24 04:39:00","2024-05-24 07:39:00",54.43067,54.43101,15.8147915714286
"Sub-Optimal",89.9999999986903,"2024-05-24 18:09:00","2024-05-24 19:39:00",54.43221,54.43238,18.83554725
"Sub-Optimal",60.0000000028615,"2024-05-25 07:09:00","2024-05-25 08:09:00",54.43369,54.43381,17.1125176666667
"Sub-Optimal",59.9999999953923,"2024-05-26 08:09:00","2024-05-26 09:09:00",54.43655,54.43666,18.1074546666667
"Sub-Optimal",209.999999996944,"2024-05-27 18:39:00","2024-05-27 22:09:00",54.44049,54.44088,10.4112962625
"Sub-Optimal",209.999999996944,"2024-05-28 07:09:00","2024-05-28 10:39:00",54.44191,54.44231,13.9783234375
"Sub-Optimal",119.999999998254,"2024-05-28 20:39:00","2024-05-28 22:39:00",54.44345,54.44368,17.5082212
"Sub-Optimal",60.0000000028615,"2024-05-29 10:09:00","2024-05-29 11:09:00",54.44499,54.44511,18.005719
"Sub-Optimal",89.9999999986903,"2024-05-29 22:39:00","2024-05-30 00:09:00",54.44642,54.44659,18.261531
"Sub-Optimal",209.999999996944,"2024-05-30 08:39:00","2024-05-30 12:09:00",54.44756,54.44796,13.301069375
"Sub-Optimal",180.000000001115,"2024-05-30 22:09:00","2024-05-31 01:09:00",54.4491,54.44945,17.2179481428571
"Sub-Optimal",89.9999999986903,"2024-05-31 11:39:00","2024-05-31 13:09:00",54.45064,54.45082,17.78997975
"Sub-Optimal",60.0000000028615,"2024-06-01 01:09:00","2024-06-01 02:09:00",54.45219,54.4523,17.8613726666667
"Sub-Optimal",60.0000000028615,"2024-06-01 13:09:00","2024-06-01 14:09:00",54.45356,54.45367,18.186562
"Sub-Optimal",59.9999999953923,"2024-06-05 05:09:00","2024-06-05 06:09:00",54.4636,54.46372,18.3777436666667
"Sub-Optimal",60.0000000028615,"2024-06-06 06:09:00","2024-06-06 07:09:00",54.46646,54.46657,19.150938
"Sub-Optimal",60.0000000028615,"2024-06-06 17:39:00","2024-06-06 18:39:00",54.46777,54.46788,17.896963
"Sub-Optimal",89.9999999986903,"2024-06-07 06:09:00","2024-06-07 07:39:00",54.4692,54.46937,16.67159875
"Sub-Optimal",209.999999996944,"2024-06-14 22:09:00","2024-06-15 01:39:00",54.4902,54.4906,7.9095255
"Sub-Optimal",150.000000005286,"2024-06-15 10:39:00","2024-06-15 13:09:00",54.49163,54.49191,16.5653701666667
"Sub-Optimal",60.0000000028615,"2024-06-16 01:09:00","2024-06-16 02:09:00",54.49328,54.4934,19.116713
"Sub-Optimal",179.999999997381,"2024-06-22 04:09:00","2024-06-22 07:09:00",54.51006,54.51041,15.7765302857143
"Sub-Optimal",180.000000001115,"2024-06-27 08:09:00","2024-06-27 11:09:00",54.52422,54.52456,13.6560855714286
"Sub-Optimal",209.999999996944,"2024-06-30 23:09:00","2024-07-01 02:39:00",54.53415,54.53455,13.9021368125
"Sub-Optimal",180.000000001115,"2024-07-06 16:09:00","2024-07-06 19:09:00",54.54979,54.55013,10.9347285714286
"Sub-Optimal",120.000000001988,"2024-07-07 06:09:00","2024-07-07 08:09:00",54.55139,54.55162,16.3547686
"Sub-Optimal",210.000000000679,"2024-07-13 09:39:00","2024-07-13 13:09:00",54.56822,54.56862,7.4767268625
"Sub-Optimal",269.999999999806,"2024-07-13 20:09:00","2024-07-14 00:39:00",54.56942,54.56994,14.34353095
"Sub-Optimal",90.0000000024249,"2024-07-14 11:09:00","2024-07-14 12:39:00",54.57114,54.57131,18.4876945
"Sub-Optimal",269.999999999806,"2024-07-18 00:09:00","2024-07-18 04:39:00",54.58084,54.58135,6.27596054
"Sub-Optimal",179.999999997381,"2024-07-18 13:09:00","2024-07-18 16:09:00",54.58232,54.58267,15.662729
"Sub-Optimal",60.0000000028615,"2024-07-19 04:09:00","2024-07-19 05:09:00",54.58404,54.58415,16.7141603333333
"Sub-Optimal",210.000000000679,"2024-07-23 05:09:00","2024-07-23 08:39:00",54.59511,54.59551,11.401556125
"Sub-Optimal",90.0000000024249,"2024-07-23 19:09:00","2024-07-23 20:39:00",54.59671,54.59688,15.8509875
"Sub-Optimal",180.000000001115,"2024-08-04 04:09:00","2024-08-04 07:09:00",54.62787,54.62821,15.7903931428571
"Sub-Optimal",59.9999999953923,"2024-08-05 06:39:00","2024-08-05 07:39:00",54.6309,54.63101,16.3055466666667
"Sub-Optimal",149.999999997817,"2024-08-06 18:39:00","2024-08-06 21:09:00",54.63501,54.63529,8.23987641666667
"Sub-Optimal",240.000000003977,"2024-08-07 04:39:00","2024-08-07 08:39:00",54.63615,54.6366,8.72045508888889
"Sub-Optimal",119.999999998254,"2024-08-07 19:09:00","2024-08-07 21:09:00",54.6378,54.63803,17.5678188
"Sub-Optimal",89.9999999986903,"2024-08-08 07:39:00","2024-08-08 09:09:00",54.63923,54.6394,15.722587
"Sub-Optimal",59.9999999953923,"2024-08-08 20:09:00","2024-08-08 21:09:00",54.64066,54.64077,17.7632273333333
"Sub-Optimal",90.0000000024249,"2024-08-09 08:09:00","2024-08-09 09:39:00",54.64203,54.6422,17.738197
"Sub-Optimal",59.9999999991269,"2024-08-09 21:09:00","2024-08-09 22:09:00",54.64351,54.64362,18.1643583333333
"Sub-Optimal",89.9999999986903,"2024-08-10 08:39:00","2024-08-10 10:09:00",54.64482,54.64499,17.04732125
"Sub-Optimal",239.999999996508,"2024-08-18 14:09:00","2024-08-18 18:09:00",54.66737,54.66783,6.41805496666667
"Sub-Optimal",240.000000000242,"2024-08-19 02:39:00","2024-08-19 06:39:00",54.6688,54.66925,8.95561146666667
"Sub-Optimal",180.000000001115,"2024-08-19 15:39:00","2024-08-19 18:39:00",54.67028,54.67062,15.2691785714286
"Sub-Optimal",209.999999996944,"2024-08-20 03:39:00","2024-08-20 07:09:00",54.67165,54.67205,13.061934625
"Sub-Optimal",119.999999998254,"2024-08-20 17:39:00","2024-08-20 19:39:00",54.67325,54.67348,14.8670726
"Sub-Optimal",90.0000000024249,"2024-08-21 06:39:00","2024-08-21 08:09:00",54.67473,54.6749,14.9790615
"Sub-Optimal",89.9999999986903,"2024-08-21 19:09:00","2024-08-21 20:39:00",54.67616,54.67633,16.6031
"Sub-Optimal",60.0000000028615,"2024-08-22 07:39:00","2024-08-22 08:39:00",54.67759,54.6777,15.363654
"Sub-Optimal",59.9999999953923,"2024-08-22 20:09:00","2024-08-22 21:09:00",54.67901,54.67913,16.0821915
"Sub-Optimal",59.9999999991269,"2024-08-23 08:39:00","2024-08-23 09:39:00",54.68044,54.68055,16.637741
"Sub-Optimal",60.0000000028615,"2024-08-23 21:09:00","2024-08-23 22:09:00",54.68187,54.68198,17.227211
"Sub-Optimal",60.0000000028615,"2024-08-24 22:09:00","2024-08-24 23:09:00",54.68472,54.68483,18.298753
"Sub-Optimal",119.999999998254,"2024-09-08 07:42:00","2024-09-08 09:42:00",54.72417,54.72439,18.0679902
"Sub-Optimal",89.9999999986903,"2024-11-21 20:47:00","2024-11-21 22:17:00",54.9284,54.92857,15.86208325
"Sub-Optimal",180.000000001115,"2024-11-22 07:17:00","2024-11-22 10:17:00",54.9296,54.92994,10.6752572857143
"Sub-Optimal",90.0000000024249,"2024-11-22 21:47:00","2024-11-22 23:17:00",54.93125,54.93143,18.39956425
"Sub-Optimal",60.0000000028615,"2024-11-24 12:17:00","2024-11-24 13:17:00",54.93565,54.93576,17.7448573333333
"Sub-Optimal",119.999999998254,"2024-11-28 14:47:00","2024-11-28 16:47:00",54.94689,54.94712,10.17723118
"Sub-Optimal",210.000000004413,"2024-11-29 00:17:00","2024-11-29 03:47:00",54.94798,54.94838,10.9899734875
"Sub-Optimal",59.9999999953923,"2024-11-29 15:47:00","2024-11-29 16:47:00",54.94975,54.94986,17.504071
"Sub-Optimal",150.000000001552,"2024-12-05 19:17:00","2024-12-05 21:47:00",54.96658,54.96687,12.6928008333333
"Sub-Optimal",90.0000000024249,"2024-12-06 07:47:00","2024-12-06 09:17:00",54.96801,54.96818,17.33874975
"Sub-Optimal",59.9999999991269,"2024-12-06 21:17:00","2024-12-06 22:17:00",54.96955,54.96967,18.421513
"Sub-Optimal",180.000000001115,"2024-12-11 11:17:00","2024-12-11 14:17:00",54.98211,54.98245,12.7275847571429
"Sub-Optimal",239.999999996508,"2024-12-11 23:17:00","2024-12-12 03:17:00",54.98348,54.98394,10.3039556
"Sub-Optimal",299.999999999369,"2024-12-12 11:17:00","2024-12-12 16:17:00",54.98485,54.98542,7.74717760463636
"Sub-Optimal",119.999999998254,"2024-12-13 01:17:00","2024-12-13 03:17:00",54.98645,54.98668,13.6273705
"Sub-Optimal",119.999999998254,"2024-12-13 14:47:00","2024-12-13 16:47:00",54.98799,54.98822,5.6777878738
"Sub-Optimal",60.0000000028615,"2024-12-14 03:17:00","2024-12-14 04:17:00",54.98942,54.98953,17.3493443333333
"Sub-Optimal",119.999999998254,"2024-12-14 15:47:00","2024-12-14 17:47:00",54.99084,54.99107,6.1634555098
"Sub-Optimal",59.9999999991269,"2024-12-15 04:17:00","2024-12-15 05:17:00",54.99227,54.99238,18.161417
"Sub-Optimal",59.9999999953923,"2024-12-15 17:17:00","2024-12-15 18:17:00",54.99375,54.99387,17.2720103333333
"Sub-Optimal",150.000000001552,"2024-12-16 16:17:00","2024-12-16 18:47:00",54.99638,54.99666,14.49724775
"Sub-Optimal",210.000000000679,"2024-12-17 03:47:00","2024-12-17 07:17:00",54.99769,54.99809,10.9845355125
"Sub-Optimal",209.999999996944,"2024-12-17 16:17:00","2024-12-17 19:47:00",54.99912,54.99952,13.576614875
"Sub-Optimal",90.0000000024249,"2024-12-18 06:17:00","2024-12-18 07:47:00",55.00072,55.00089,15.66788275
"Sub-Optimal",60.0000000028615,"2024-12-18 19:17:00","2024-12-18 20:17:00",55.0022,55.00232,16.4752176666667
"Sub-Optimal",180.000000001115,"2024-12-19 05:47:00","2024-12-19 08:47:00",55.0034,55.00374,13.6688914285714
"Sub-Optimal",119.999999998254,"2024-12-19 19:17:00","2024-12-19 21:17:00",55.00494,55.00517,15.1136194
"Sub-Optimal",89.9999999986903,"2024-12-21 21:17:00","2024-12-21 22:47:00",55.01065,55.01082,17.9442335
"Sub-Optimal",60.0000000028615,"2024-12-22 10:17:00","2024-12-22 11:17:00",55.01213,55.01225,17.8003113333333
"Sub-Optimal",59.9999999991269,"2024-12-23 23:17:00","2024-12-24 00:17:00",55.01636,55.01647,19.1599366666667
"Sub-Optimal",59.9999999991269,"2024-12-24 12:18:00","2024-12-24 13:18:00",55.01784,55.01796,18.285558
"Sub-Optimal",59.9999999953923,"2024-12-29 03:18:00","2024-12-29 04:18:00",55.03051,55.03063,18.4085766666667
"Sub-Optimal",60.0000000028615,"2024-12-29 16:18:00","2024-12-29 17:18:00",55.032,55.03211,16.7093478333333
"Sub-Optimal",179.999999997381,"2024-12-30 14:48:00","2024-12-30 17:48:00",55.03457,55.03491,13.784994
"Sub-Optimal",89.9999999986903,"2024-12-31 04:18:00","2024-12-31 05:48:00",55.03611,55.03628,17.10631525
"Sub-Optimal",179.999999997381,"2025-01-01 03:48:00","2025-01-01 06:48:00",55.03879,55.03913,11.4311543
"Sub-Optimal",240.000000003977,"2025-01-01 15:48:00","2025-01-01 19:48:00",55.04016,55.04062,13.4039630555556
"Sub-Optimal",209.999999996944,"2025-01-02 04:48:00","2025-01-02 08:18:00",55.04164,55.04204,12.266654825
"Sub-Optimal",210.000000000679,"2025-01-02 17:18:00","2025-01-02 20:48:00",55.04307,55.04347,6.4119580855
"Sub-Optimal",180.000000001115,"2025-01-03 05:48:00","2025-01-03 08:48:00",55.0445,55.04484,6.64277622742857
"Sub-Optimal",119.999999998254,"2025-01-03 18:48:00","2025-01-03 20:48:00",55.04598,55.04621,15.0537064
"Sub-Optimal",89.9999999986903,"2025-01-04 07:48:00","2025-01-04 09:18:00",55.04747,55.04764,16.00886675
"Sub-Optimal",119.999999998254,"2025-01-04 19:48:00","2025-01-04 21:48:00",55.04884,55.04906,14.8968422
"Sub-Optimal",119.999999998254,"2025-01-05 08:18:00","2025-01-05 10:18:00",55.05026,55.05049,15.9228527
"Sub-Optimal",120.000000001988,"2025-01-05 20:48:00","2025-01-05 22:48:00",55.05169,55.05192,14.960883
"Sub-Optimal",60.0000000028615,"2025-01-06 09:48:00","2025-01-06 10:48:00",55.05317,55.05329,18.0083126666667
"Sub-Optimal",59.9999999991269,"2025-01-06 22:18:00","2025-01-06 23:18:00",55.0546,55.05471,18.6386816666667
"Sub-Optimal",90.0000000024249,"2025-01-07 10:48:00","2025-01-07 12:18:00",55.05603,55.0562,18.23623525
"Sub-Optimal",90.0000000024249,"2025-01-07 22:48:00","2025-01-08 00:18:00",55.0574,55.05757,14.57441225
"Sub-Optimal",119.999999998254,"2025-01-08 11:18:00","2025-01-08 13:18:00",55.05882,55.05905,15.2428634
"Sub-Optimal",149.999999994083,"2025-01-08 22:48:00","2025-01-09 01:18:00",55.06014,55.06042,11.6294793645
"Sub-Optimal",89.9999999986903,"2025-01-09 12:48:00","2025-01-09 14:18:00",55.06174,55.06191,15.29870425
"Sub-Optimal",60.0000000028615,"2025-01-14 17:48:00","2025-01-14 18:48:00",55.076,55.07612,17.330358
"Sub-Optimal",60.0000000028615,"2025-01-15 05:48:00","2025-01-15 06:48:00",55.07737,55.07749,17.4960843333333
"Sub-Optimal",89.9999999986903,"2025-01-26 14:49:00","2025-01-26 16:19:00",55.10854,55.10871,17.8399255
"Sub-Optimal",59.9999999953923,"2025-01-27 15:49:00","2025-01-27 16:49:00",55.11139,55.11151,18.5939336666667
"Sub-Optimal",90.0000000024249,"2025-01-28 16:19:00","2025-01-28 17:49:00",55.11419,55.11436,8.3753998845
"Sub-Optimal",59.9999999991269,"2025-01-30 05:19:00","2025-01-30 06:19:00",55.11842,55.11853,15.6153363333333
"Sub-Optimal",89.9999999986903,"2025-01-30 17:49:00","2025-01-30 19:19:00",55.11984,55.12001,14.0868856375
"Sub-Optimal",60.0000000028615,"2025-02-01 19:19:00","2025-02-01 20:19:00",55.12549,55.12561,18.2495333333333
"Sub-Optimal",59.9999999991269,"2025-02-04 21:49:00","2025-02-04 22:49:00",55.134,55.13411,18.187708
"Sub-Optimal",59.9999999991269,"2025-02-06 23:49:00","2025-02-07 00:49:00",55.13971,55.13982,17.53496
"Sub-Optimal",89.9999999986903,"2025-02-07 12:49:00","2025-02-07 14:19:00",55.14119,55.14136,16.631357
"Sub-Optimal",59.9999999953923,"2025-02-08 00:49:00","2025-02-08 01:49:00",55.14256,55.14267,16.7690806666667
"Sub-Optimal",60.0000000028615,"2025-02-13 17:49:00","2025-02-13 18:49:00",55.1582,55.15831,16.8505263333333
"Sub-Optimal",119.999999998254,"2025-02-14 05:19:00","2025-02-14 07:19:00",55.15951,55.15974,13.2873736
"Sub-Optimal",119.999999998254,"2025-02-14 17:49:00","2025-02-14 19:49:00",55.16094,55.16117,8.6379943304
"Sub-Optimal",90.0000000024249,"2025-02-15 06:19:00","2025-02-15 07:49:00",55.16236,55.16254,16.596172
"Sub-Optimal",89.9999999986903,"2025-02-16 06:49:00","2025-02-16 08:19:00",55.16516,55.16533,14.1102195
"Sub-Optimal",209.999999996944,"2025-02-16 17:19:00","2025-02-16 20:49:00",55.16636,55.16676,7.784525675
"Sub-Optimal",509.999999996313,"2025-02-17 02:19:00","2025-02-17 10:49:00",55.16739,55.16836,7.639621514
"Sub-Optimal",330.000000002667,"2025-02-17 16:49:00","2025-02-17 22:19:00",55.16904,55.16967,6.63902699166667
"Sub-Optimal",359.999999998496,"2025-02-18 05:19:00","2025-02-18 11:19:00",55.17047,55.17115,4.08658296292308
"Sub-Optimal",270.00000000354,"2025-02-18 17:49:00","2025-02-18 22:19:00",55.1719,55.17241,6.9144465734
"Sub-Optimal",209.999999996944,"2025-02-19 07:19:00","2025-02-19 10:49:00",55.17344,55.17384,10.2518676875
"Sub-Optimal",59.9999999991269,"2025-02-19 20:49:00","2025-02-19 21:49:00",55.17498,55.17509,17.4671173333333
"Sub-Optimal",59.9999999991269,"2025-02-20 09:49:00","2025-02-20 10:49:00",55.17646,55.17658,16.869303
"Sub-Optimal",89.9999999986903,"2025-02-21 10:19:00","2025-02-21 11:49:00",55.17926,55.17943,16.72720325
"Sub-Optimal",60.0000000028615,"2025-02-21 22:49:00","2025-02-21 23:49:00",55.18069,55.1808,18.5582446666667
"Sub-Optimal",89.9999999986903,"2025-02-22 11:19:00","2025-02-22 12:49:00",55.18211,55.18229,17.64613425
"Sub-Optimal",60.0000000028615,"2025-02-23 00:19:00","2025-02-23 01:19:00",55.1836,55.18371,18.8496806666667
"Sub-Optimal",60.0000000028615,"2025-02-25 02:20:00","2025-02-25 03:20:00",55.18931,55.18942,19.1096736666667
"Sub-Optimal",60.0000000028615,"2025-02-28 17:20:00","2025-02-28 18:20:00",55.19924,55.19935,15.814141
"Sub-Optimal",59.9999999953923,"2025-03-01 18:20:00","2025-03-01 19:20:00",55.20209,55.20221,16.713828
"Sub-Optimal",90.0000000024249,"2025-03-02 06:20:00","2025-03-02 07:50:00",55.20346,55.20363,15.57952125
"Sub-Optimal",89.9999999986903,"2025-03-02 18:50:00","2025-03-02 20:20:00",55.20489,55.20506,16.92656325
"Sub-Optimal",90.0000000024249,"2025-03-03 07:20:00","2025-03-03 08:50:00",55.20632,55.20649,11.2605660675
"Sub-Optimal",59.9999999953923,"2025-03-03 19:50:00","2025-03-03 20:50:00",55.20774,55.20786,17.3762373333333
"Sub-Optimal",59.9999999953923,"2025-03-04 21:31:00","2025-03-04 22:31:00",55.21068,55.21079,18.0713013333333
"Sub-Optimal",59.9999999991269,"2025-03-05 10:31:00","2025-03-05 11:31:00",55.21216,55.21227,17.928185
"Sub-Optimal",59.9999999991269,"2025-03-05 22:31:00","2025-03-05 23:31:00",55.21353,55.21364,14.930959
"Sub-Optimal",269.999999999806,"2025-03-06 07:31:00","2025-03-06 12:01:00",55.21456,55.21507,8.49737754
"Sub-Optimal",180.000000001115,"2025-03-06 21:31:00","2025-03-07 00:31:00",55.21615,55.2165,15.6741629285714
"Sub-Optimal",240.000000003977,"2025-03-07 10:01:00","2025-03-07 14:01:00",55.21758,55.21804,8.14333166644444
"Sub-Optimal",119.999999998254,"2025-03-07 23:01:00","2025-03-08 01:01:00",55.21907,55.21929,15.066886
"Sub-Optimal",149.999999997817,"2025-03-08 12:31:00","2025-03-08 15:01:00",55.22061,55.22089,14.9522383333333
"Sub-Optimal",179.999999997381,"2025-03-09 00:01:00","2025-03-09 03:01:00",55.22192,55.22226,12.60926
"Sub-Optimal",119.999999998254,"2025-03-09 13:32:00","2025-03-09 15:32:00",55.22346,55.22369,14.9113977
"Sub-Optimal",89.9999999986903,"2025-03-10 02:32:00","2025-03-10 04:02:00",55.22495,55.22512,17.67614075
"Sub-Optimal",60.0000000028615,"2025-03-10 15:32:00","2025-03-10 16:32:00",55.22643,55.22654,17.0840986666667
"Sub-Optimal",59.9999999991269,"2025-03-15 19:02:00","2025-03-15 20:02:00",55.24053,55.24064,17.9766166666667
"Sub-Optimal",209.999999996944,"2025-03-17 06:02:00","2025-03-17 09:32:00",55.24452,55.24492,8.8228681375
"Sub-Optimal",240.000000000242,"2025-03-17 17:02:00","2025-03-17 21:02:00",55.24578,55.24624,13.3429982222222
"Sub-Optimal",90.0000000024249,"2025-03-18 08:02:00","2025-03-18 09:32:00",55.24749,55.24766,15.7349785
"Sub-Optimal",60.0000000028615,"2025-03-18 20:02:00","2025-03-18 21:02:00",55.24886,55.24898,18.6608566666667
"Sub-Optimal",59.9999999953923,"2025-03-19 09:02:00","2025-03-19 10:02:00",55.25035,55.25046,17.4187163333333
"Sub-Optimal",90.0000000024249,"2025-03-20 09:02:00","2025-03-20 10:32:00",55.25309,55.25326,17.611094
"Sub-Optimal",180.000000001115,"2025-03-21 09:02:00","2025-03-21 12:02:00",55.25583,55.25617,15.6471811428571
"Sub-Optimal",89.9999999986903,"2025-03-21 22:02:00","2025-03-21 23:32:00",55.25731,55.25748,18.086455
"Sub-Optimal",60.0000000028615,"2025-03-22 11:02:00","2025-03-22 12:02:00",55.25879,55.25891,17.7154393333333
"Sub-Optimal",119.999999998254,"2025-03-22 23:02:00","2025-03-23 01:02:00",55.26016,55.26039,17.1850612
"Sub-Optimal",89.9999999986903,"2025-03-23 11:32:00","2025-03-23 13:02:00",55.26159,55.26176,16.892136875
"Sub-Optimal",60.0000000028615,"2025-03-24 00:32:00","2025-03-24 01:32:00",55.26307,55.26319,18.9271373333333
"Sub-Optimal",59.9999999953923,"2025-03-24 13:32:00","2025-03-24 14:32:00",55.26456,55.26467,19.1232643333333
"Sub-Optimal",180.000000001115,"2025-03-24 23:32:00","2025-03-25 02:32:00",55.2657,55.26604,14.3533342142857
"Sub-Optimal",89.9999999986903,"2025-03-25 14:02:00","2025-03-25 15:32:00",55.26736,55.26753,14.96325275
"Sub-Optimal",59.9999999953923,"2025-03-26 03:02:00","2025-03-26 04:02:00",55.26884,55.26895,18.2256463333333
"Sub-Optimal",60.0000000028615,"2025-03-27 04:02:00","2025-03-27 05:02:00",55.27169,55.27181,16.210909
"Sub-Optimal",90.0000000024249,"2025-03-27 16:02:00","2025-03-27 17:32:00",55.27306,55.27323,15.9038855
"Sub-Optimal",59.9999999991269,"2025-03-28 05:02:00","2025-03-28 06:02:00",55.27455,55.27466,15.1289566666667
"Sub-Optimal",119.999999998254,"2025-03-28 16:32:00","2025-03-28 18:32:00",55.27586,55.27609,16.415689
"Sub-Optimal",89.9999999986903,"2025-03-29 05:32:00","2025-03-29 07:02:00",55.27734,55.27752,17.21954375
"Sub-Optimal",59.9999999953923,"2025-03-29 18:02:00","2025-03-29 19:02:00",55.27877,55.27889,16.1998923333333
"Sub-Optimal",60.0000000028615,"2025-03-30 06:32:00","2025-03-30 07:32:00",55.2802,55.28031,13.8133243333333
"Sub-Optimal",60.0000000028615,"2025-03-30 18:32:00","2025-03-30 19:32:00",55.28157,55.28168,15.7741776666667
"Sub-Optimal",89.9999999986903,"2025-03-31 07:02:00","2025-03-31 08:32:00",55.28299,55.28317,15.9721035
"Sub-Optimal",59.9999999991269,"2025-03-31 19:32:00","2025-03-31 20:32:00",55.28442,55.28454,16.225618
"Sub-Optimal",89.9999999986903,"2025-04-01 06:02:00","2025-04-01 07:32:00",55.28562,55.28579,14.83902275
"Sub-Optimal",89.9999999986903,"2025-04-01 20:08:00","2025-04-01 21:38:00",55.28723,55.2874,15.9304655
"Sub-Optimal",119.999999998254,"2025-04-02 08:38:00","2025-04-02 10:38:00",55.28866,55.28889,15.4933986
"Sub-Optimal",90.0000000024249,"2025-04-02 21:08:00","2025-04-02 22:38:00",55.29008,55.29025,17.164941
"Sub-Optimal",59.9999999953923,"2025-04-03 10:08:00","2025-04-03 11:08:00",55.29157,55.29168,15.4812606666667
"Sub-Optimal",89.9999999986903,"2025-04-03 21:38:00","2025-04-03 23:08:00",55.29288,55.29305,17.0658055
"Sub-Optimal",60.0000000028615,"2025-04-04 11:08:00","2025-04-04 12:08:00",55.29442,55.29454,16.9592136666667
"Sub-Optimal",180.000000001115,"2025-04-06 11:08:00","2025-04-06 14:08:00",55.2999,55.30024,14.3594385714286
"Sub-Optimal",90.0000000024249,"2025-04-07 01:08:00","2025-04-07 02:38:00",55.3015,55.30167,17.304157
"Sub-Optimal",89.9999999986903,"2025-04-07 13:38:00","2025-04-07 15:08:00",55.30293,55.3031,17.007017
"Sub-Optimal",90.0000000024249,"2025-04-08 02:08:00","2025-04-08 03:38:00",55.30435,55.30452,17.593165
"Sub-Optimal",89.9999999986903,"2025-04-08 15:08:00","2025-04-08 16:38:00",55.30584,55.30601,16.7397725
"Sub-Optimal",119.999999998254,"2025-04-09 02:38:00","2025-04-09 04:38:00",55.30715,55.30738,15.452434
"Sub-Optimal",119.999999998254,"2025-04-09 15:08:00","2025-04-09 17:08:00",55.30858,55.30881,17.9299352
"Sub-Optimal",60.0000000028615,"2025-04-10 04:38:00","2025-04-10 05:38:00",55.31012,55.31023,16.7479183333333
"Sub-Optimal",59.9999999991269,"2025-04-12 05:39:00","2025-04-12 06:39:00",55.31571,55.31583,16.5097553333333
"Sub-Optimal",89.9999999986903,"2025-04-12 17:09:00","2025-04-12 18:39:00",55.31703,55.3172,16.9881645
"Sub-Optimal",119.999999998254,"2025-04-13 05:09:00","2025-04-13 07:09:00",55.3184,55.31862,18.0691534
"Sub-Optimal",60.0000000028615,"2025-04-14 07:09:00","2025-04-14 08:09:00",55.32136,55.32148,17.2047406666667
"Sub-Optimal",59.9999999991269,"2025-04-15 07:39:00","2025-04-15 08:39:00",55.32416,55.32428,18.845557
"Sub-Optimal",60.0000000028615,"2025-04-15 19:39:00","2025-04-15 20:39:00",55.32553,55.32564,18.1148386666667
"Sub-Optimal",59.9999999953923,"2025-04-16 08:09:00","2025-04-16 09:09:00",55.32696,55.32707,16.953438
"Sub-Optimal",59.9999999953923,"2025-04-16 20:09:00","2025-04-16 21:09:00",55.32833,55.32844,17.55368
"Sub-Optimal",60.0000000028615,"2025-04-17 08:39:00","2025-04-17 09:39:00",55.32975,55.32987,17.0140846666667
"Sub-Optimal",60.0000000028615,"2025-04-19 10:09:00","2025-04-19 11:09:00",55.33541,55.33552,17.92426
"Sub-Optimal",90.0000000024249,"2025-04-20 10:39:00","2025-04-20 12:09:00",55.3382,55.33837,16.779892
"Sub-Optimal",60.0000000028615,"2025-04-25 16:09:00","2025-04-25 17:09:00",55.35253,55.35264,18.1372356666667
"Sub-Optimal",59.9999999991269,"2025-04-26 04:39:00","2025-04-26 05:39:00",55.35396,55.35407,17.5129283333333
"Sub-Optimal",150.000000001552,"2025-04-26 15:09:00","2025-04-26 17:39:00",55.35515,55.35544,13.8105996666667
"Sub-Optimal",210.000000004413,"2025-04-27 03:09:00","2025-04-27 06:39:00",55.35652,55.35692,11.555845431625
"Sub-Optimal",89.9999999986903,"2025-04-27 17:09:00","2025-04-27 18:39:00",55.35812,55.35829,13.278388
"Sub-Optimal",89.9999999986903,"2025-04-28 06:09:00","2025-04-28 07:39:00",55.35961,55.35978,6.45837694175
"Sub-Optimal",90.0000000024249,"2025-04-29 07:09:00","2025-04-29 08:39:00",55.36246,55.36263,7.481871325
"Sub-Optimal",89.9999999986903,"2025-04-30 08:09:00","2025-04-30 09:39:00",55.36531,55.36549,17.210969
"Sub-Optimal",59.9999999953923,"2025-04-30 20:09:00","2025-04-30 21:09:00",55.36668,55.3668,18.049605
"Sub-Optimal",59.9999999991269,"2025-05-04 11:41:00","2025-05-04 12:41:00",55.37668,55.37679,17.326966
"Sub-Optimal",120.000000005723,"2025-05-04 23:11:00","2025-05-05 01:11:00",55.37799,55.37822,15.063044
"Sub-Optimal",150.000000001552,"2025-05-05 11:11:00","2025-05-05 13:41:00",55.37936,55.37964,15.6272398333333
"Sub-Optimal",240.000000003977,"2025-05-05 22:41:00","2025-05-06 02:41:00",55.38067,55.38113,7.99880253333333
"Sub-Optimal",269.999999999806,"2025-05-06 10:11:00","2025-05-06 14:41:00",55.38198,55.3825,7.80052185
"Sub-Optimal",209.999999996944,"2025-05-06 23:41:00","2025-05-07 03:11:00",55.38353,55.38393,12.6342095
"Sub-Optimal",179.999999997381,"2025-05-07 12:41:00","2025-05-07 15:41:00",55.38501,55.38535,14.3175543571429
"Sub-Optimal",149.999999994083,"2025-05-08 01:42:00","2025-05-08 04:12:00",55.3865,55.38678,15.9985325833333
"Sub-Optimal",89.9999999986903,"2025-05-08 14:42:00","2025-05-08 16:12:00",55.38798,55.38815,16.90630525
"Sub-Optimal",119.999999998254,"2025-05-09 03:12:00","2025-05-09 05:12:00",55.38941,55.38963,16.9788174
"Sub-Optimal",180.000000001115,"2025-05-09 14:12:00","2025-05-09 17:12:00",55.39066,55.391,11.4116358571429
"Sub-Optimal",209.999999996944,"2025-05-10 02:12:00","2025-05-10 05:42:00",55.39203,55.39243,11.962473875
"Sub-Optimal",180.000000001115,"2025-05-10 14:42:00","2025-05-10 17:42:00",55.39346,55.3938,16.0793697857143
"Sub-Optimal",60.0000000028615,"2025-05-11 05:12:00","2025-05-11 06:12:00",55.39511,55.39523,14.21631
"Sub-Optimal",89.9999999986903,"2025-05-11 16:42:00","2025-05-11 18:12:00",55.39643,55.3966,16.66010175
"Sub-Optimal",90.0000000024249,"2025-05-12 05:42:00","2025-05-12 07:12:00",55.39791,55.39808,14.855185
"Sub-Optimal",90.0000000024249,"2025-05-12 17:12:00","2025-05-12 18:42:00",55.39922,55.39939,17.30679475
"Sub-Optimal",120.000000001988,"2025-05-13 05:42:00","2025-05-13 07:42:00",55.40065,55.40088,15.8283064
"Sub-Optimal",59.9999999953923,"2025-05-13 18:12:00","2025-05-13 19:12:00",55.40208,55.40219,18.5853243333333
"Sub-Optimal",90.0000000024249,"2025-05-14 06:42:00","2025-05-14 08:12:00",55.4035,55.40368,15.33137525
"Sub-Optimal",60.0000000028615,"2025-05-14 18:42:00","2025-05-14 19:42:00",55.40487,55.40499,17.998081
"Sub-Optimal",90.0000000024249,"2025-05-15 07:12:00","2025-05-15 08:42:00",55.4063,55.40647,16.172944
"Sub-Optimal",90.0000000024249,"2025-05-15 19:12:00","2025-05-15 20:42:00",55.40767,55.40784,17.9378875
"Sub-Optimal",89.9999999986903,"2025-05-16 07:42:00","2025-05-16 09:12:00",55.4091,55.40927,17.152349875
"Sub-Optimal",59.9999999991269,"2025-05-16 20:12:00","2025-05-16 21:12:00",55.41053,55.41064,18.8351493333333
"Sub-Optimal",59.9999999953923,"2025-05-17 09:12:00","2025-05-17 10:12:00",55.41201,55.41212,17.6784776666667
"Sub-Optimal",89.9999999986903,"2025-05-18 09:12:00","2025-05-18 10:42:00",55.41475,55.41492,17.3964115
"Sub-Optimal",90.0000000024249,"2025-05-22 12:42:00","2025-05-22 14:12:00",55.42611,55.42628,13.90841025
"Sub-Optimal",150.000000001552,"2025-05-23 00:42:00","2025-05-23 03:12:00",55.42748,55.42776,15.2502885
"Sub-Optimal",60.0000000028615,"2025-05-23 14:12:00","2025-05-23 15:12:00",55.42902,55.42913,17.270157
"Sub-Optimal",89.9999999986903,"2025-05-25 04:12:00","2025-05-25 05:42:00",55.43336,55.43353,17.097271
"Sub-Optimal",59.9999999991269,"2025-05-26 05:42:00","2025-05-26 06:42:00",55.43627,55.43638,18.0904053333333
"Sub-Optimal",59.9999999991269,"2025-05-27 06:12:00","2025-05-27 07:12:00",55.43906,55.43918,17.656932
"Sub-Optimal",60.0000000028615,"2025-05-28 07:12:00","2025-05-28 08:12:00",55.44192,55.44203,17.2189693333333
"Sub-Optimal",120.000000001988,"2025-05-29 07:12:00","2025-05-29 09:12:00",55.44466,55.44489,13.6090984
"Sub-Optimal",60.0000000028615,"2025-05-30 08:42:00","2025-05-30 09:42:00",55.44757,55.44768,17.0532543333333
"Sub-Optimal",120.000000001988,"2025-05-31 08:42:00","2025-05-31 10:42:00",55.45031,55.45054,14.1767848
"Sub-Optimal",150.000000001552,"2025-05-31 20:12:00","2025-05-31 22:42:00",55.45162,55.45191,16.9681768333333
"Sub-Optimal",59.9999999953923,"2025-06-01 10:42:00","2025-06-01 11:42:00",55.45328,55.45339,17.399637
"Sub-Optimal",150.000000001552,"2025-06-08 02:42:00","2025-06-08 05:12:00",55.47154,55.47183,15.693069
"Sub-Optimal",60.0000000028615,"2025-06-08 16:12:00","2025-06-08 17:12:00",55.47308,55.4732,18.9236196666667
"Sub-Optimal",150.000000001552,"2025-06-10 16:12:00","2025-06-10 18:42:00",55.47856,55.47885,16.687089
"Sub-Optimal",149.999999997817,"2025-06-11 04:42:00","2025-06-11 07:12:00",55.47999,55.48027,16.305531
"Sub-Optimal",89.9999999986903,"2025-07-02 10:42:00","2025-07-02 12:12:00",55.53821,55.53838,18.0437055
"Sub-Optimal",179.999999997381,"2025-07-15 07:12:00","2025-07-15 10:12:00",55.57342,55.57377,15.0406658571429
"Sub-Optimal",150.000000001552,"2025-10-13 21:46:00","2025-10-14 00:16:00",55.82166,55.82195,16.2533953333333
"Sub-Optimal",119.999999998254,"2025-10-14 10:46:00","2025-10-14 12:46:00",55.82315,55.82338,18.389866
"Sub-Optimal",180.000000001115,"2025-10-30 21:46:00","2025-10-31 00:46:00",55.86824,55.86858,8.1217088
"Sub-Optimal",269.999999999806,"2025-10-31 08:46:00","2025-10-31 13:16:00",55.86949,55.87001,8.01948371
"Sub-Optimal",239.999999996508,"2025-10-31 22:16:00","2025-11-01 02:16:00",55.87104,55.87149,9.58598806022222
"Sub-Optimal",119.999999998254,"2025-11-01 12:16:00","2025-11-01 14:16:00",55.87263,55.87286,15.3098482
"Sub-Optimal",120.000000005723,"2025-11-02 00:46:00","2025-11-02 02:46:00",55.87406,55.87429,17.1454719
"Sub-Optimal",60.0000000028615,"2025-11-04 03:46:00","2025-11-04 04:46:00",55.87988,55.88,17.6234416666667
"Sub-Optimal",119.999999998254,"2025-11-04 15:16:00","2025-11-04 17:16:00",55.88119,55.88142,3.1791980836
"Sub-Optimal",149.999999994083,"2025-11-06 04:16:00","2025-11-06 06:46:00",55.88542,55.8857,3.0561129865
"Sub-Optimal",150.000000001552,"2025-11-06 16:46:00","2025-11-06 19:16:00",55.88685,55.88713,6.37778277133333
"Sub-Optimal",150.000000001552,"2025-11-11 21:46:00","2025-11-12 00:16:00",55.90111,55.9014,4.56884876
"Sub-Optimal",59.9999999953923,"2025-11-16 14:46:00","2025-11-16 15:46:00",55.91401,55.91413,15.7696653333333
"Sub-Optimal",60.0000000028615,"2025-11-17 15:46:00","2025-11-17 16:46:00",55.91687,55.91698,18.1374606666667
"Sub-Optimal",119.999999998254,"2025-11-26 07:16:00","2025-11-26 09:16:00",55.94056,55.94078,14.6114012
"Sub-Optimal",59.9999999953923,"2025-11-26 20:46:00","2025-11-26 21:46:00",55.9421,55.94221,17.9954706666667
"Sub-Optimal",89.9999999986903,"2025-11-28 22:46:00","2025-11-29 00:16:00",55.9478,55.94798,16.1978935
"Sub-Optimal",59.9999999991269,"2025-11-29 11:46:00","2025-11-29 12:46:00",55.94929,55.9494,19.2422153333333
"Sub-Optimal",59.9999999991269,"2025-12-01 13:46:00","2025-12-01 14:46:00",55.955,55.95511,17.7469196666667
"Sub-Optimal",209.999999996944,"2025-12-03 00:16:00","2025-12-03 03:46:00",55.95893,55.95933,14.5077543125
"Sub-Optimal",60.0000000028615,"2025-12-03 15:16:00","2025-12-03 16:16:00",55.96065,55.96076,14.677729
"Sub-Optimal",150.000000001552,"2025-12-04 15:46:00","2025-12-04 18:16:00",55.96344,55.96373,4.78492896783333
"Sub-Optimal",59.9999999991269,"2025-12-05 04:16:00","2025-12-05 05:16:00",55.96487,55.96498,16.918522
"Sub-Optimal",89.9999999986903,"2025-12-11 22:18:00","2025-12-11 23:48:00",55.98337,55.98354,16.4587035
"Sub-Optimal",89.9999999986903,"2025-12-12 10:48:00","2025-12-12 12:18:00",55.98479,55.98497,17.7496085
"Sub-Optimal",119.999999998254,"2025-12-12 22:48:00","2025-12-13 00:48:00",55.98616,55.98639,17.4273536
"Sub-Optimal",180.000000001115,"2025-12-19 15:18:00","2025-12-19 18:18:00",56.00449,56.00483,12.3864995714286
"Sub-Optimal",269.999999999806,"2025-12-20 01:18:00","2025-12-20 05:48:00",56.00563,56.00614,8.81097757
"Sub-Optimal",89.9999999986903,"2025-12-20 16:48:00","2025-12-20 18:18:00",56.0074,56.00757,14.91870425
"Sub-Optimal",89.9999999986903,"2025-12-21 17:48:00","2025-12-21 19:18:00",56.01025,56.01042,16.57159525
"Sub-Optimal",89.9999999986903,"2025-12-22 05:48:00","2025-12-22 07:18:00",56.01162,56.01179,17.57696725
"Sub-Optimal",60.0000000028615,"2025-12-25 20:48:00","2025-12-25 21:48:00",56.02155,56.02167,18.986417
"Sub-Optimal",210.000000000679,"2025-12-29 22:18:00","2025-12-30 01:48:00",56.03268,56.03308,14.7253643125
"Sub-Optimal",180.000000001115,"2025-12-30 11:48:00","2025-12-30 14:48:00",56.03422,56.03457,13.693292
"Sub-Optimal",119.999999998254,"2025-12-31 00:18:00","2025-12-31 02:18:00",56.03565,56.03588,13.2635423
"Sub-Optimal",89.9999999986903,"2025-12-31 13:48:00","2025-12-31 15:18:00",56.03719,56.03736,17.46979775
"Sub-Optimal",89.9999999986903,"2026-01-01 15:18:00","2026-01-01 16:48:00",56.0401,56.04027,7.86395009825
"Sub-Optimal",59.9999999953923,"2026-01-02 03:18:00","2026-01-02 04:18:00",56.04147,56.04159,17.1506353333333
"Sub-Optimal",59.9999999991269,"2026-01-02 16:18:00","2026-01-02 17:18:00",56.04296,56.04307,17.474041
"Sub-Optimal",59.9999999991269,"2026-01-03 04:18:00","2026-01-03 05:18:00",56.04433,56.04444,16.7162896666667
"Sub-Optimal",60.0000000028615,"2026-01-03 17:18:00","2026-01-03 18:18:00",56.04581,56.04592,18.0992103333333
"Sub-Optimal",60.0000000028615,"2026-01-07 20:18:00","2026-01-07 21:18:00",56.05711,56.05723,18.4799693333333
"Sub-Optimal",60.0000000028615,"2026-01-10 10:18:00","2026-01-10 11:18:00",56.06419,56.0643,17.780812
"Sub-Optimal",90.0000000024249,"2026-01-10 21:48:00","2026-01-10 23:18:00",56.0655,56.06567,17.4493725
"Sub-Optimal",179.999999997381,"2026-01-11 09:19:00","2026-01-11 12:19:00",56.06682,56.06716,15.4573925714286
"Sub-Optimal",150.000000001552,"2026-01-11 22:49:00","2026-01-12 01:19:00",56.06836,56.06864,16.85229025
"Sub-Optimal",119.999999998254,"2026-01-12 11:19:00","2026-01-12 13:19:00",56.06979,56.07001,15.3755292
"Sub-Optimal",60.0000000028615,"2026-01-13 00:19:00","2026-01-13 01:19:00",56.07127,56.07138,17.019217
"Sub-Optimal",89.9999999986903,"2026-01-13 12:49:00","2026-01-13 14:19:00",56.0727,56.07287,16.219522
"Sub-Optimal",60.0000000028615,"2026-01-14 14:49:00","2026-01-14 15:49:00",56.07566,56.07578,20.8502466666667
"Sub-Optimal",120.000000001988,"2026-01-15 15:19:00","2026-01-15 17:19:00",56.07846,56.07869,20.377574125
"Sub-Optimal",209.999999996944,"2026-01-16 14:49:00","2026-01-16 18:19:00",56.08114,56.08154,16.4645016428571
"Sub-Optimal",89.9999999986903,"2026-01-17 03:49:00","2026-01-17 05:19:00",56.08263,56.0828,19.6266363333333
"Sub-Optimal",150.000000001552,"2026-01-17 16:19:00","2026-01-17 18:49:00",56.08405,56.08434,19.6921308
"Sub-Optimal",60.0000000028615,"2026-01-18 04:49:00","2026-01-18 05:49:00",56.08548,56.0856,20.822004
"Sub-Optimal",89.9999999986903,"2026-01-18 17:19:00","2026-01-18 18:49:00",56.08691,56.08708,19.3305863333333
"Sub-Optimal",119.999999998254,"2026-01-19 17:49:00","2026-01-19 19:49:00",56.08971,56.08993,18.235889875
"Sub-Optimal",149.999999997817,"2026-01-20 05:19:00","2026-01-20 07:49:00",56.09102,56.0913,16.9570214
"Sub-Optimal",179.999999997381,"2026-01-20 17:49:00","2026-01-20 20:49:00",56.09244,56.09279,8.13604799466667
"Sub-Optimal",120.000000005723,"2026-01-21 06:19:00","2026-01-21 08:19:00",56.09387,56.0941,20.128132375
"Sub-Optimal",119.999999998254,"2026-01-21 18:49:00","2026-01-21 20:49:00",56.0953,56.09553,19.81379225
"Sub-Optimal",119.999999998254,"2026-01-22 07:19:00","2026-01-22 09:19:00",56.09673,56.09695,19.39186525
"Sub-Optimal",119.999999998254,"2026-01-22 19:19:00","2026-01-22 21:19:00",56.0981,56.09832,19.506819
"Sub-Optimal",89.9999999986903,"2026-01-23 08:19:00","2026-01-23 09:49:00",56.09958,56.09975,19.5074881666667
"Sub-Optimal",179.999999997381,"2026-01-23 19:49:00","2026-01-23 22:49:00",56.10089,56.10123,18.2903841666667
"Sub-Optimal",210.000000000679,"2026-01-24 08:19:00","2026-01-24 11:49:00",56.10232,56.10272,10.3643214942857
"Sub-Optimal",119.999999998254,"2026-01-24 20:49:00","2026-01-24 22:49:00",56.10375,56.10397,19.975571
"Sub-Optimal",60.0000000028615,"2026-01-26 23:49:00","2026-01-27 00:49:00",56.10957,56.10968,19.638224
"Sub-Optimal",119.999999998254,"2026-01-27 11:49:00","2026-01-27 13:49:00",56.11094,56.11117,18.620868875
"Sub-Optimal",119.999999998254,"2026-01-27 23:49:00","2026-01-28 01:49:00",56.11231,56.11254,16.647244625
"Sub-Optimal",119.999999998254,"2026-01-28 12:49:00","2026-01-28 14:49:00",56.11379,56.11402,18.489127
"Sub-Optimal",89.9999999986903,"2026-01-29 14:19:00","2026-01-29 15:49:00",56.1167,56.11687,19.6454393333333
"Sub-Optimal",89.9999999986903,"2026-01-30 02:19:00","2026-01-30 03:49:00",56.11807,56.11824,19.4825221666667
"Sub-Optimal",180.000000001115,"2026-01-30 14:49:00","2026-01-30 17:49:00",56.1195,56.11984,8.02409096566667
"Sub-Optimal",89.9999999986903,"2026-01-31 03:19:00","2026-01-31 04:49:00",56.12093,56.1211,20.4371138333333
"Sub-Optimal",59.9999999991269,"2026-01-31 16:49:00","2026-01-31 17:49:00",56.12247,56.12258,20.72535375
"Sub-Optimal",60.0000000028615,"2026-02-02 04:49:00","2026-02-02 05:49:00",56.12658,56.12669,22.401753
"Sub-Optimal",89.9999999986903,"2026-02-03 18:49:00","2026-02-03 20:19:00",56.13092,56.13109,20.8592643333333
"Sub-Optimal",60.0000000028615,"2026-02-04 07:19:00","2026-02-04 08:19:00",56.13234,56.13246,20.83484575
"Sub-Optimal",90.0000000024249,"2026-02-04 19:19:00","2026-02-04 20:49:00",56.13371,56.13388,20.0807775
"Sub-Optimal",120.000000001988,"2026-02-07 20:50:00","2026-02-07 22:50:00",56.1421,56.14233,20.195552875
"Sub-Optimal",240.000000003977,"2026-02-08 00:50:00","2026-02-08 04:50:00",56.14256,56.14302,17.6380089375
"Sub-Optimal",359.999999998496,"2026-02-08 06:50:00","2026-02-08 12:50:00",56.14325,56.14393,19.6882725416667
"Sub-Optimal",599.999999998738,"2026-02-09 01:50:00","2026-02-09 11:50:00",56.14541,56.14656,20.596113375
"Sub-Optimal",60.0000000028615,"2026-02-12 01:20:00","2026-02-12 02:20:00",56.15358,56.15369,21.5994595
"Sub-Optimal",60.0000000028615,"2026-02-13 14:50:00","2026-02-13 15:50:00",56.15786,56.15797,19.912497
"Sub-Optimal",89.9999999986903,"2026-02-14 15:20:00","2026-02-14 16:50:00",56.16065,56.16083,19.487496
"Sub-Optimal",89.9999999986903,"2026-02-15 16:20:00","2026-02-15 17:50:00",56.16351,56.16368,19.4604603333333
"Sub-Optimal",90.0000000024249,"2026-02-16 16:50:00","2026-02-16 18:20:00",56.16631,56.16648,20.0399881666667
"Sub-Optimal",59.9999999991269,"2026-02-17 05:20:00","2026-02-17 06:20:00",56.16773,56.16785,21.2076085
"Sub-Optimal",119.999999998254,"2026-02-17 17:20:00","2026-02-17 19:20:00",56.1691,56.16933,20.1744065
"Sub-Optimal",89.9999999986903,"2026-02-18 05:50:00","2026-02-18 07:20:00",56.17053,56.1707,20.5101901666667
"Sub-Optimal",89.9999999986903,"2026-02-18 17:50:00","2026-02-18 19:20:00",56.1719,56.17207,19.5204
"Sub-Optimal",89.9999999986903,"2026-02-19 06:20:00","2026-02-19 07:50:00",56.17333,56.1735,18.4861128333333
"Sub-Optimal",119.999999998254,"2026-02-19 18:20:00","2026-02-19 20:20:00",56.1747,56.17492,19.3885225
"Sub-Optimal",59.9999999991269,"2026-02-20 07:20:00","2026-02-20 08:20:00",56.17618,56.17629,19.348165
"Sub-Optimal",149.999999997817,"2026-02-20 18:20:00","2026-02-20 20:50:00",56.17744,56.17772,17.1947451
"Sub-Optimal",210.000000004413,"2026-02-21 05:50:00","2026-02-21 09:20:00",56.17875,56.17915,15.8999749285714
"Sub-Optimal",150.000000001552,"2026-02-21 18:50:00","2026-02-21 21:20:00",56.18023,56.18052,18.4667322
"Sub-Optimal",149.999999994083,"2026-02-22 07:50:00","2026-02-22 10:20:00",56.18172,56.182,18.2473066
"Sub-Optimal",60.0000000028615,"2026-02-22 20:50:00","2026-02-22 21:50:00",56.1832,56.18331,20.6459615
"Sub-Optimal",180.000000001115,"2026-02-23 20:20:00","2026-02-23 23:20:00",56.18588,56.18623,19.155483
"Sub-Optimal",150.000000001552,"2026-02-24 09:50:00","2026-02-24 12:20:00",56.18742,56.18771,19.3696564
"Sub-Optimal",150.000000001552,"2026-02-24 21:50:00","2026-02-25 00:20:00",56.18879,56.18908,17.9323324
"Sub-Optimal",119.999999998254,"2026-02-25 11:20:00","2026-02-25 13:20:00",56.19033,56.19056,19.6729925
"Sub-Optimal",119.999999998254,"2026-02-25 23:20:00","2026-02-26 01:20:00",56.1917,56.19193,20.0074925
"Sub-Optimal",89.9999999986903,"2026-02-26 13:08:00","2026-02-26 14:38:00",56.19328,56.19345,10.375738779
"Sub-Optimal",60.0000000028615,"2026-02-27 01:38:00","2026-02-27 02:38:00",56.19471,56.19482,18.5835296666667
"Sub-Optimal",90.0000000024249,"2026-02-27 14:09:00","2026-02-27 15:39:00",56.19614,56.19631,17.437579
"Sub-Optimal",59.9999999991269,"2026-02-28 02:39:00","2026-02-28 03:39:00",56.19756,56.19768,18.1707106666667
"Sub-Optimal",59.9999999991269,"2026-02-28 15:39:00","2026-02-28 16:39:00",56.19905,56.19916,17.4754221666667
"Sub-Optimal",59.9999999953923,"2026-03-01 03:39:00","2026-03-01 04:39:00",56.20042,56.20053,16.321009
"Sub-Optimal",90.0000000024249,"2026-03-01 16:09:00","2026-03-01 17:39:00",56.20184,56.20201,15.99731825
"Sub-Optimal",89.9999999986903,"2026-03-02 04:39:00","2026-03-02 06:09:00",56.20327,56.20344,17.055176
"Sub-Optimal",89.9999999986903,"2026-03-02 17:09:00","2026-03-02 18:39:00",56.2047,56.20487,16.2079625
"Sub-Optimal",60.0000000028615,"2026-03-03 05:39:00","2026-03-03 06:39:00",56.20612,56.20624,15.93779
"Sub-Optimal",89.9999999986903,"2026-03-03 17:39:00","2026-03-03 19:09:00",56.20749,56.20767,16.74824275
"Sub-Optimal",180.000000001115,"2026-03-04 04:39:00","2026-03-04 07:39:00",56.20875,56.20909,13.0741195714286
"Sub-Optimal",149.999999997817,"2026-03-04 17:09:00","2026-03-04 19:39:00",56.21018,56.21046,13.9748608333333
"Sub-Optimal",120.000000005723,"2026-03-05 06:09:00","2026-03-05 08:09:00",56.21166,56.21189,15.006348
"Sub-Optimal",179.999999997381,"2026-03-05 17:09:00","2026-03-05 20:09:00",56.21292,56.21326,12.8104355285714
"Sub-Optimal",239.999999996508,"2026-03-06 05:09:00","2026-03-06 09:09:00",56.21429,56.21474,7.21677717777778
"Sub-Optimal",209.999999996944,"2026-03-06 17:39:00","2026-03-06 21:09:00",56.21571,56.21611,12.82572025
"Sub-Optimal",180.000000001115,"2026-03-07 06:39:00","2026-03-07 09:39:00",56.2172,56.21754,13.3681277142857
"Sub-Optimal",180.000000001115,"2026-03-07 18:39:00","2026-03-07 21:39:00",56.21857,56.21891,15.4387641428571
"Sub-Optimal",179.999999997381,"2026-03-08 07:09:00","2026-03-08 10:09:00",56.21999,56.22034,13.2927872857143
"Sub-Optimal",180.000000001115,"2026-03-08 19:09:00","2026-03-08 22:09:00",56.22136,56.22171,15.1758983571429
"Sub-Optimal",180.000000001115,"2026-03-09 07:39:00","2026-03-09 10:39:00",56.22279,56.22313,15.2457406428571
"Sub-Optimal",119.999999998254,"2026-03-09 20:39:00","2026-03-09 22:39:00",56.22428,56.2245,15.9438507
"Sub-Optimal",180.000000001115,"2026-03-10 08:39:00","2026-03-10 11:39:00",56.22564,56.22599,15.5839968571429
"Sub-Optimal",150.000000001552,"2026-03-10 21:09:00","2026-03-10 23:39:00",56.22707,56.22736,15.5608286666667
"Sub-Optimal",389.999999998059,"2026-03-11 09:39:00","2026-03-11 16:09:00",56.2285,56.22924,17.5797399285714
"Sub-Optimal",300.000000003104,"2026-03-11 19:39:00","2026-03-12 00:39:00",56.22964,56.23021,16.7532429545455
"Sub-Optimal",239.999999996508,"2026-03-12 09:39:00","2026-03-12 13:39:00",56.23124,56.2317,14.1570033333333
"Sub-Optimal",180.000000001115,"2026-03-12 22:39:00","2026-03-13 01:39:00",56.23272,56.23307,13.2981134285714
"Sub-Optimal",120.000000005723,"2026-03-13 12:09:00","2026-03-13 14:09:00",56.23426,56.23449,15.739168
"Sub-Optimal",60.0000000028615,"2026-03-14 01:09:00","2026-03-14 02:09:00",56.23575,56.23586,18.0867303333333
"Sub-Optimal",150.000000001552,"2026-03-14 13:09:00","2026-03-14 15:39:00",56.23712,56.2374,14.6112291666667
"Sub-Optimal",60.0000000028615,"2026-03-15 02:39:00","2026-03-15 03:39:00",56.23866,56.23877,16.4632946666667
"Sub-Optimal",119.999999998254,"2026-03-15 14:39:00","2026-03-15 16:39:00",56.24003,56.24026,17.5737152
"Sub-Optimal",89.9999999986903,"2026-03-16 03:09:00","2026-03-16 04:39:00",56.24146,56.24163,17.4537975
"Sub-Optimal",89.9999999986903,"2026-03-16 14:09:00","2026-03-16 15:39:00",56.24271,56.24288,14.9258065
"Sub-Optimal",330.000000002667,"2026-03-17 01:09:00","2026-03-17 06:39:00",56.24397,56.24459,8.87140755
"Sub-Optimal",269.999999999806,"2026-03-17 13:39:00","2026-03-17 18:09:00",56.24539,56.24591,9.93536123
"Sub-Optimal",210.000000004413,"2026-03-18 03:09:00","2026-03-18 06:39:00",56.24693,56.24733,10.763933875
"Sub-Optimal",150.000000001552,"2026-03-18 16:09:00","2026-03-18 18:39:00",56.24842,56.2487,13.4297828333333
"Sub-Optimal",150.000000001552,"2026-03-19 04:39:00","2026-03-19 07:09:00",56.24985,56.25013,13.1857381666667
"Sub-Optimal",180.000000001115,"2026-03-19 16:09:00","2026-03-19 19:09:00",56.25116,56.2515,14.6665998571429
"Sub-Optimal",180.000000001115,"2026-03-20 04:39:00","2026-03-20 07:39:00",56.25259,56.25293,13.7436431428571
"Sub-Optimal",149.999999994083,"2026-03-20 17:09:00","2026-03-20 19:39:00",56.25401,56.2543,14.6107158333333
"Sub-Optimal",180.000000001115,"2026-03-21 05:39:00","2026-03-21 08:39:00",56.25544,56.25578,13.811425
"Sub-Optimal",119.999999998254,"2026-03-21 18:39:00","2026-03-21 20:39:00",56.25692,56.25715,16.3570818
"Sub-Optimal",150.000000001552,"2026-03-22 07:09:00","2026-03-22 09:39:00",56.25835,56.25864,15.7806014166667
"Sub-Optimal",150.000000001552,"2026-03-22 19:09:00","2026-03-22 21:39:00",56.25972,56.26001,16.1388921666667
"Sub-Optimal",209.999999996944,"2026-03-23 07:09:00","2026-03-23 10:39:00",56.26109,56.26149,7.5287927125
"Sub-Optimal",209.999999996944,"2026-03-23 18:39:00","2026-03-23 22:09:00",56.2624,56.2628,12.0913999125
"Sub-Optimal",149.999999997817,"2026-03-24 08:09:00","2026-03-24 10:39:00",56.26394,56.26423,14.9668788333333
"Sub-Optimal",120.000000005723,"2026-03-24 21:09:00","2026-03-24 23:09:00",56.26543,56.26566,15.0673986
"Sub-Optimal",149.999999997817,"2026-03-25 09:39:00","2026-03-25 12:09:00",56.26686,56.26714,13.8166245
"Sub-Optimal",149.999999997817,"2026-03-25 21:39:00","2026-03-26 00:09:00",56.26822,56.26851,16.4928933333333
"Sub-Optimal",150.000000001552,"2026-03-26 10:39:00","2026-03-26 13:09:00",56.26971,56.26999,14.7802761666667
"Sub-Optimal",119.999999998254,"2026-03-26 23:09:00","2026-03-27 01:09:00",56.27114,56.27136,16.5049348
"Sub-Optimal",150.000000001552,"2026-03-27 11:39:00","2026-03-27 14:09:00",56.27256,56.27285,15.3155368333333
"Sub-Optimal",90.0000000024249,"2026-03-28 01:09:00","2026-03-28 02:39:00",56.2741,56.27428,17.337456
"Sub-Optimal",120.000000001988,"2026-03-28 13:39:00","2026-03-28 15:39:00",56.27553,56.27576,15.2843084
"Sub-Optimal",89.9999999986903,"2026-03-29 02:09:00","2026-03-29 03:39:00",56.27696,56.27713,16.517904875
"Sub-Optimal",119.999999998254,"2026-03-29 14:39:00","2026-03-29 16:39:00",56.27838,56.27861,16.3264568
"Sub-Optimal",119.999999998254,"2026-03-30 02:39:00","2026-03-30 04:39:00",56.27975,56.27998,16.0472034
"Sub-Optimal",120.000000005723,"2026-03-30 15:09:00","2026-03-30 17:09:00",56.28118,56.28141,15.4630184
"Sub-Optimal",119.999999998254,"2026-03-31 03:39:00","2026-03-31 05:39:00",56.28261,56.28284,16.303062
"Sub-Optimal",119.999999998254,"2026-03-31 16:09:00","2026-03-31 18:09:00",56.28404,56.28426,14.5627624
"Sub-Optimal",120.000000005723,"2026-04-01 04:39:00","2026-04-01 06:39:00",56.28546,56.28569,16.415089
"Sub-Optimal",89.9999999986903,"2026-04-01 17:09:00","2026-04-01 18:39:00",56.28689,56.28706,15.81477475
"Sub-Optimal",89.9999999986903,"2026-04-02 05:39:00","2026-04-02 07:09:00",56.28832,56.28849,15.38342325
"Sub-Optimal",90.0000000024249,"2026-04-02 17:39:00","2026-04-02 19:09:00",56.28969,56.28986,16.231557875
"Sub-Optimal",89.9999999986903,"2026-04-03 06:09:00","2026-04-03 07:39:00",56.29111,56.29128,15.724972875
"Sub-Optimal",89.9999999986903,"2026-04-03 18:09:00","2026-04-03 19:39:00",56.29248,56.29265,16.6206995
"Sub-Optimal",89.9999999986903,"2026-04-04 01:40:00","2026-04-04 03:10:00",56.29334,56.29351,17.90673575
"Sub-Optimal",240.000000000242,"2026-04-04 05:40:00","2026-04-04 09:40:00",56.2938,56.29425,16.5005843333333
"Sub-Optimal",869.999999994809,"2026-04-04 12:10:00","2026-04-05 02:40:00",56.29454,56.29619,18.2828801
"Sub-Optimal",1169.99999999791,"2026-04-05 05:40:00","2026-04-06 01:10:00",56.29654,56.29876,17.9430656625
"Sub-Optimal",269.999999999806,"2026-04-06 06:40:00","2026-04-06 11:10:00",56.29939,56.2999,15.6174547
"Sub-Optimal",120.000000005723,"2026-04-06 19:10:00","2026-04-06 21:10:00",56.30082,56.30105,17.8888248
"Sub-Optimal",180.000000001115,"2026-04-07 08:10:00","2026-04-07 11:10:00",56.3023,56.30264,17.0090404285714
"Sub-Optimal",59.9999999953923,"2026-04-07 15:10:00","2026-04-07 16:10:00",56.3031,56.30322,21.4495673333333
"Sub-Optimal",299.999999995634,"2026-04-07 20:10:00","2026-04-08 01:10:00",56.30367,56.30424,18.9899561818182
"Sub-Optimal",120.000000005723,"2026-04-08 08:40:00","2026-04-08 10:40:00",56.3051,56.30533,17.643971
"Sub-Optimal",150.000000001552,"2026-04-08 20:40:00","2026-04-08 23:10:00",56.30647,56.30675,18.3509321666667
"Sub-Optimal",90.0000000024249,"2026-04-09 10:10:00","2026-04-09 11:40:00",56.30801,56.30818,16.8444045
"Sub-Optimal",89.9999999986903,"2026-04-09 22:10:00","2026-04-09 23:40:00",56.30938,56.30955,18.627532
"Sub-Optimal",90.0000000024249,"2026-04-10 11:10:00","2026-04-10 12:40:00",56.31086,56.31104,17.93480325
"Sub-Optimal",59.9999999953923,"2026-04-11 00:10:00","2026-04-11 01:10:00",56.31235,56.31246,18.721362
"Sub-Optimal",89.9999999986903,"2026-04-11 12:10:00","2026-04-11 13:40:00",56.31372,56.31389,17.7599145
"Sub-Optimal",60.0000000028615,"2026-04-12 01:10:00","2026-04-12 02:10:00",56.3152,56.31532,17.7941016666667
"Sub-Optimal",119.999999998254,"2026-04-12 12:40:00","2026-04-12 14:40:00",56.31651,56.31674,18.3002408
"Sub-Optimal",150.000000001552,"2026-04-13 00:40:00","2026-04-13 03:10:00",56.31788,56.31817,19.1538298333333
"Sub-Optimal",150.000000001552,"2026-04-13 13:10:00","2026-04-13 15:40:00",56.31931,56.3196,18.3775548333333
"Sub-Optimal",59.9999999953923,"2026-04-14 03:10:00","2026-04-14 04:10:00",56.32091,56.32102,17.2724176666667
"Sub-Optimal",119.999999998254,"2026-04-15 03:10:00","2026-04-15 05:10:00",56.32365,56.32388,17.4820446
"Sub-Optimal",60.0000000028615,"2026-04-15 16:10:00","2026-04-15 17:10:00",56.32513,56.32525,17.3610746666667
"Sub-Optimal",59.9999999953923,"2026-04-16 04:40:00","2026-04-16 05:40:00",56.32656,56.32667,17.1810106666667
"Sub-Optimal",59.9999999953923,"2026-04-16 16:40:00","2026-04-16 17:40:00",56.32793,56.32804,17.287405
"Sub-Optimal",60.0000000028615,"2026-04-17 05:40:00","2026-04-17 06:40:00",56.32941,56.32953,16.1087213333333
"Sub-Optimal",60.0000000028615,"2026-04-17 17:40:00","2026-04-17 18:40:00",56.33078,56.3309,18.1326453333333
"Sub-Optimal",60.0000000028615,"2026-04-18 06:40:00","2026-04-18 07:40:00",56.33227,56.33238,17.6226133333333
"Sub-Optimal",59.9999999991269,"2026-04-19 07:10:00","2026-04-19 08:10:00",56.33506,56.33518,18.5535346666667
"Sub-Optimal",60.0000000028615,"2026-04-19 19:10:00","2026-04-19 20:10:00",56.33643,56.33655,17.717918
"Sub-Optimal",59.9999999991269,"2026-04-21 09:10:00","2026-04-21 10:10:00",56.34077,56.34089,17.0745886666667
"Sub-Optimal",60.0000000028615,"2026-04-22 10:10:00","2026-04-22 11:10:00",56.34363,56.34374,17.6068623333333
"Sub-Optimal",59.9999999953923,"2026-04-23 10:40:00","2026-04-23 11:40:00",56.34642,56.34654,18.1707236666667
"Sub-Optimal",149.999999997817,"2026-04-26 00:10:00","2026-04-26 02:40:00",56.35344,56.35373,13.7107998666667
"Sub-Optimal",180.000000001115,"2026-04-26 12:10:00","2026-04-26 15:10:00",56.35481,56.35516,13.7972633571429
"Sub-Optimal",89.9999999986903,"2026-04-27 02:10:00","2026-04-27 03:40:00",56.35641,56.35658,16.4594125
"Sub-Optimal",60.0000000028615,"2026-04-27 14:40:00","2026-04-27 15:40:00",56.35784,56.35795,17.899107
"Sub-Optimal",59.9999999991269,"2026-04-28 03:40:00","2026-04-28 04:40:00",56.35932,56.35944,18.535403
"Sub-Optimal",60.0000000028615,"2026-04-30 05:10:00","2026-04-30 06:10:00",56.36497,56.36509,17.530491
"Sub-Optimal",90.0000000024249,"2026-04-30 16:40:00","2026-04-30 18:10:00",56.36629,56.36646,16.73491025
"Sub-Optimal",89.9999999986903,"2026-05-01 05:10:00","2026-05-01 06:40:00",56.36771,56.36788,16.36769825
"Sub-Optimal",60.0000000028615,"2026-05-01 17:40:00","2026-05-01 18:40:00",56.36914,56.36925,18.853206
"Sub-Optimal",59.9999999991269,"2026-05-02 06:10:00","2026-05-02 07:10:00",56.37057,56.37068,17.8399883333333
"Sub-Optimal",60.0000000028615,"2026-05-03 07:10:00","2026-05-03 08:10:00",56.37342,56.37354,17.9000366666667
"Sub-Optimal",60.0000000028615,"2026-05-05 08:10:00","2026-05-05 09:10:00",56.37901,56.37913,19.082966
"Sub-Optimal",120.000000001988,"2026-05-07 08:40:00","2026-05-07 10:40:00",56.38455,56.38478,17.7623028
"Sub-Optimal",60.0000000028615,"2026-05-10 11:40:00","2026-05-10 12:40:00",56.39311,56.39323,16.784083
"Sub-Optimal",60.0000000028615,"2026-05-11 00:40:00","2026-05-11 01:40:00",56.3946,56.39471,18.6350933333333
"Sub-Optimal",59.9999999991269,"2026-05-16 05:40:00","2026-05-16 06:40:00",56.40887,56.40898,17.8683443333333
"Sub-Optimal",90.0000000024249,"2026-05-17 06:10:00","2026-05-17 07:40:00",56.41166,56.41183,18.3217815
"Sub-Optimal",60.0000000028615,"2026-05-18 07:10:00","2026-05-18 08:10:00",56.41452,56.41463,17.7876516666667
"Sub-Optimal",59.9999999991269,"2026-05-19 08:10:00","2026-05-19 09:10:00",56.41737,56.41748,18.360417
"Sub-Optimal",89.9999999986903,"2026-05-21 09:10:00","2026-05-21 10:40:00",56.42296,56.42314,16.04285075
"Sub-Optimal",59.9999999991269,"2026-05-24 00:10:00","2026-05-24 01:10:00",56.43016,56.43027,18.5947296666667
"Sub-Optimal",209.999999996944,"2026-05-24 10:40:00","2026-05-24 14:10:00",56.43135,56.43175,12.188190775
"Sub-Optimal",209.999999996944,"2026-05-24 22:40:00","2026-05-25 02:10:00",56.43272,56.43312,10.463303775
"Sub-Optimal",179.999999997381,"2026-05-25 11:40:00","2026-05-25 14:40:00",56.43421,56.43455,10.1311518714286
"Sub-Optimal",150.000000001552,"2026-05-26 00:40:00","2026-05-26 03:10:00",56.43569,56.43598,14.5805551666667
"Sub-Optimal",60.0000000028615,"2026-05-26 14:10:00","2026-05-26 15:10:00",56.43723,56.43735,16.4981336666667
"Sub-Optimal",89.9999999986903,"2026-05-27 02:40:00","2026-05-27 04:10:00",56.43866,56.43883,16.9709225
"Sub-Optimal",180.000000001115,"2026-06-12 01:09:00","2026-06-12 04:09:00",56.48232,56.48267,12.6280057142857
"Sub-Optimal",149.999999994083,"2026-06-22 23:09:00","2026-06-23 01:39:00",56.51223,56.51252,13.5726331666667
"Sub-Optimal",89.9999999986903,"2026-06-23 12:09:00","2026-06-23 13:39:00",56.51372,56.51389,17.588029
"Sub-Optimal",150.000000001552,"2026-06-26 13:39:00","2026-06-26 16:09:00",56.52211,56.52239,13.75598
"Sub-Optimal",89.9999999986903,"2026-06-27 03:39:00","2026-06-27 05:09:00",56.5237,56.52388,17.14338325
"Sub-Optimal",59.9999999991269,"2026-07-01 07:39:00","2026-07-01 08:39:00",56.53512,56.53523,15.434622
"Sub-Optimal",89.9999999986903,"2026-07-01 18:09:00","2026-07-01 19:39:00",56.53632,56.53649,17.44338175
"Sub-Optimal",119.999999998254,"2026-07-05 08:09:00","2026-07-05 10:09:00",56.54614,56.54636,14.7984906
"Sub-Optimal",179.999999997381,"2026-07-06 08:09:00","2026-07-06 11:09:00",56.54888,56.54922,11.8148005714286
"Sub-Optimal",239.999999996508,"2026-07-06 20:09:00","2026-07-07 00:09:00",56.55025,56.5507,4.14195795555556
"Sub-Optimal",240.000000003977,"2026-07-07 07:39:00","2026-07-07 11:39:00",56.55156,56.55201,11.6099087666667
"Sub-Optimal",150.000000001552,"2026-07-07 22:09:00","2026-07-08 00:39:00",56.55321,56.5535,16.3819353333333
"Sub-Optimal",89.9999999986903,"2026-07-08 11:09:00","2026-07-08 12:39:00",56.5547,56.55487,17.219184
"Sub-Optimal",89.9999999986903,"2026-07-09 00:09:00","2026-07-09 01:39:00",56.55618,56.55635,17.918134
"Sub-Optimal",89.9999999986903,"2026-07-09 12:09:00","2026-07-09 13:39:00",56.55755,56.55772,18.4607085
"Sub-Optimal",59.9999999991269,"2026-07-10 01:39:00","2026-07-10 02:39:00",56.55909,56.55921,18.0221866666667
"Sub-Optimal",59.9999999991269,"2026-07-13 05:09:00","2026-07-13 06:09:00",56.56771,56.56783,18.6067706666667
"Sub-Optimal",89.9999999986903,"2026-07-14 05:39:00","2026-07-14 07:09:00",56.57051,56.57068,18.563678
"Sub-Optimal",60.0000000028615,"2026-07-15 07:09:00","2026-07-15 08:09:00",56.57342,56.57353,18.9571033333333
"Sub-Optimal",120.000000005723,"2026-07-18 21:09:00","2026-07-18 23:09:00",56.58324,56.58346,11.469506
"Sub-Optimal",179.999999997381,"2026-07-19 07:39:00","2026-07-19 10:39:00",56.58443,56.58478,12.1297205714286
