"type","threshold","numberFound","avgDurMinutes","avgAvgpH"
"Extremely Severe",6.89,0,NA,NA
"Severe",6.99,2,134.999999998035,6.92710904107143
"Moderately Severe",7.09,9,116.666666666214,7.02813580190476
"Moderate",7.19,26,117.692307692175,7.11587531892399
"Marginal",7.29,62,124.354838709735,7.19140337552803
"Sub-Optimal",7.39,93,160.322580645679,7.26529523990615
