"type","threshold","numberFound","avgDurMinutes","avgAvgpH"
"Extremely Severe",6.89,3,149.999999997817,6.85727561666667
"Severe",6.99,13,170.769230768469,6.93343987001221
"Moderately Severe",7.09,56,149.464285713978,7.03111906804802
"Moderate",7.19,132,164.772727272253,7.10573518714206
"Marginal",7.29,233,176.618025750913,7.17881551835093
"Sub-Optimal",7.39,275,208.766423357508,7.2225762300003
