"Target_dye","Sample_ID","Cq","Concentration","Cq_mean","Cq_st_dev","St_dev","File_Name","Month_year","Site","Replicate","Date"
"FAM","0423ASHC_qPCR_Std-01",14.74045903,1e+08,14.82261079,0.072532964,0,"0423ASHC_qPCR.csv","0423","ASHC",NA,2023-04-01
"FAM","0423ASHC_qPCR_Std-01",14.84956764,1e+08,14.82261079,0.072532964,0,"0423ASHC_qPCR.csv","0423","ASHC",NA,2023-04-01
"FAM","0423ASHC_qPCR_Std-01",14.8778057,1e+08,14.82261079,0.072532964,0,"0423ASHC_qPCR.csv","0423","ASHC",NA,2023-04-01
"FAM","0423ASHC_01",33.7683659,417.6076466,33.79573801,0.038710009,10.42860549,"0423ASHC_qPCR.csv","0423","ASHC","01",2023-04-01
"FAM","0423ASHC_01",33.82311012,402.8593713,33.79573801,0.038710009,10.42860549,"0423ASHC_qPCR.csv","0423","ASHC","01",2023-04-01
"FAM","0423ASHC_09",37.36909261,39.23872535,35.82261032,2.187056226,183.8083395,"0423ASHC_qPCR.csv","0423","ASHC","09",2023-04-01
"FAM","0423ASHC_09",34.27612803,299.1829719,35.82261032,2.187056226,183.8083395,"0423ASHC_qPCR.csv","0423","ASHC","09",2023-04-01
"FAM","0423ASHC_17",32.64398028,873.9420938,32.51429649,0.183400572,114.7670711,"0423ASHC_qPCR.csv","0423","ASHC","17",2023-04-01
"FAM","0423ASHC_17",32.3846127,1036.247242,32.51429649,0.183400572,114.7670711,"0423ASHC_qPCR.csv","0423","ASHC","17",2023-04-01
"FAM","0423ASHC_25",27.91205705,19552.08753,27.84679187,0.092298903,1237.534159,"0423ASHC_qPCR.csv","0423","ASHC","25",2023-04-01
"FAM","0423ASHC_25",27.78152669,21302.22512,27.84679187,0.092298903,1237.534159,"0423ASHC_qPCR.csv","0423","ASHC","25",2023-04-01
"FAM","NTC-01",39.81016946,NA,39.8053939,0.006753662,NA,"0423ASHC_qPCR.csv","NTC-",NA,NA,NA
"FAM","0423ASHC_qPCR_Std-02",18.44261552,1e+07,18.43251486,0.024133425,0,"0423ASHC_qPCR.csv","0423","ASHC",NA,2023-04-01
"FAM","0423ASHC_qPCR_Std-02",18.40497221,1e+07,18.43251486,0.024133425,0,"0423ASHC_qPCR.csv","0423","ASHC",NA,2023-04-01
"FAM","0423ASHC_qPCR_Std-02",18.44995686,1e+07,18.43251486,0.024133425,0,"0423ASHC_qPCR.csv","0423","ASHC",NA,2023-04-01
"FAM","0423ASHC_02",39.09994579,12.58968474,39.40769398,0.435221663,2.960168614,"0423ASHC_qPCR.csv","0423","ASHC","02",2023-04-01
"FAM","0423ASHC_02",39.71544217,8.403374136,39.40769398,0.435221663,2.960168614,"0423ASHC_qPCR.csv","0423","ASHC","02",2023-04-01
"FAM","0423ASHC_10",31.92848359,1398.193923,31.87493889,0.075723631,72.04101061,"0423ASHC_qPCR.csv","0423","ASHC","10",2023-04-01
"FAM","0423ASHC_10",31.8213942,1500.075298,31.87493889,0.075723631,72.04101061,"0423ASHC_qPCR.csv","0423","ASHC","10",2023-04-01
"FAM","0423ASHC_18",29.82912664,5551.082027,29.82219506,0.009802738,35.90230087,"0423ASHC_qPCR.csv","0423","ASHC","18",2023-04-01
"FAM","0423ASHC_18",29.81526347,5601.855548,29.82219506,0.009802738,35.90230087,"0423ASHC_qPCR.csv","0423","ASHC","18",2023-04-01
"FAM","0423ASHC_26",31.97545821,1355.715624,31.96936788,0.008613027,7.699834135,"0423ASHC_qPCR.csv","0423","ASHC","26",2023-04-01
"FAM","0423ASHC_26",31.96327755,1366.604834,31.96936788,0.008613027,7.699834135,"0423ASHC_qPCR.csv","0423","ASHC","26",2023-04-01
"FAM","NTC-01",NA,NA,0,0,0,"0423ASHC_qPCR.csv","NTC-",NA,NA,NA
"FAM","0423ASHC_qPCR_Std-03",21.70467411,1e+06,21.78473356,0.072046992,0,"0423ASHC_qPCR.csv","0423","ASHC",NA,2023-04-01
"FAM","0423ASHC_qPCR_Std-03",21.84434981,1e+06,21.78473356,0.072046992,0,"0423ASHC_qPCR.csv","0423","ASHC",NA,2023-04-01
"FAM","0423ASHC_qPCR_Std-03",21.80517677,1e+06,21.78473356,0.072046992,0,"0423ASHC_qPCR.csv","0423","ASHC",NA,2023-04-01
"FAM","0423ASHC_03",31.78271136,1538.674517,31.78673941,0.005696518,5.741513379,"0423ASHC_qPCR.csv","0423","ASHC","03",2023-04-01
"FAM","0423ASHC_03",31.79076745,1530.554791,31.78673941,0.005696518,5.741513379,"0423ASHC_qPCR.csv","0423","ASHC","03",2023-04-01
"FAM","0423ASHC_11",33.83141485,400.6680097,33.76578374,0.092816406,25.5083759,"0423ASHC_qPCR.csv","0423","ASHC","11",2023-04-01
"FAM","0423ASHC_11",33.70015263,436.7423009,33.76578374,0.092816406,25.5083759,"0423ASHC_qPCR.csv","0423","ASHC","11",2023-04-01
"FAM","0423ASHC_19",28.19131693,16275.65291,28.35059485,0.225252997,2172.640036,"0423ASHC_qPCR.csv","0423","ASHC","19",2023-04-01
"FAM","0423ASHC_19",28.50987277,13203.07591,28.35059485,0.225252997,2172.640036,"0423ASHC_qPCR.csv","0423","ASHC","19",2023-04-01
"FAM","0423ASHC_27",32.93060478,723.9812119,32.97717102,0.065854597,30.37507717,"0423ASHC_qPCR.csv","0423","ASHC","27",2023-04-01
"FAM","0423ASHC_27",33.02373725,681.0243658,32.97717102,0.065854597,30.37507717,"0423ASHC_qPCR.csv","0423","ASHC","27",2023-04-01
"FAM","NTC-01",39.80061834,NA,39.8053939,0.006753662,NA,"0423ASHC_qPCR.csv","NTC-",NA,NA,NA
"FAM","0423ASHC_qPCR_Std-04",25.24084495,1e+05,25.26048408,0.018923161,0,"0423ASHC_qPCR.csv","0423","ASHC",NA,2023-04-01
"FAM","0423ASHC_qPCR_Std-04",25.27859909,1e+05,25.26048408,0.018923161,0,"0423ASHC_qPCR.csv","0423","ASHC",NA,2023-04-01
"FAM","0423ASHC_qPCR_Std-04",25.26200821,1e+05,25.26048408,0.018923161,0,"0423ASHC_qPCR.csv","0423","ASHC",NA,2023-04-01
"FAM","0423ASHC_04",35.84955755,106.4485101,32.29655052,5.024710725,7932.452438,"0423ASHC_qPCR.csv","0423","ASHC","04",2023-04-01
"FAM","0423ASHC_04",28.74354349,11324.63033,32.29655052,5.024710725,7932.452438,"0423ASHC_qPCR.csv","0423","ASHC","04",2023-04-01
"FAM","0423ASHC_12",38.40771233,19.83645753,38.09800639,0.437990345,7.041690933,"0423ASHC_qPCR.csv","0423","ASHC","12",2023-04-01
"FAM","0423ASHC_12",37.78830045,29.79491235,38.09800639,0.437990345,7.041690933,"0423ASHC_qPCR.csv","0423","ASHC","12",2023-04-01
"FAM","0423ASHC_20",37.87703161,28.10818939,37.07715959,1.131189865,36.96017891,"0423ASHC_qPCR.csv","0423","ASHC","20",2023-04-01
"FAM","0423ASHC_20",36.27728757,80.37777567,37.07715959,1.131189865,36.96017891,"0423ASHC_qPCR.csv","0423","ASHC","20",2023-04-01
"FAM","0423ASHC_28",32.42233049,1010.892449,32.46145997,0.055337447,35.81206747,"0423ASHC_qPCR.csv","0423","ASHC","28",2023-04-01
"FAM","0423ASHC_28",32.50058946,960.2465375,32.46145997,0.055337447,35.81206747,"0423ASHC_qPCR.csv","0423","ASHC","28",2023-04-01
"FAM","0423ASHC_qPCR_Std-05",29.33145591,10000,29.23839499,0.080598576,0,"0423ASHC_qPCR.csv","0423","ASHC",NA,2023-04-01
"FAM","0423ASHC_qPCR_Std-05",29.19092646,10000,29.23839499,0.080598576,0,"0423ASHC_qPCR.csv","0423","ASHC",NA,2023-04-01
"FAM","0423ASHC_qPCR_Std-05",29.1928026,10000,29.23839499,0.080598576,0,"0423ASHC_qPCR.csv","0423","ASHC",NA,2023-04-01
"FAM","0423ASHC_05",35.22013818,160.9429906,35.36856757,0.209910852,20.15932409,"0423ASHC_qPCR.csv","0423","ASHC","05",2023-04-01
"FAM","0423ASHC_05",35.51699696,132.4334011,35.36856757,0.209910852,20.15932409,"0423ASHC_qPCR.csv","0423","ASHC","05",2023-04-01
"FAM","0423ASHC_13",38.49901798,18.68187849,35.46774128,4.286872628,694.9939866,"0423ASHC_qPCR.csv","0423","ASHC","13",2023-04-01
"FAM","0423ASHC_13",32.43646457,1001.5518,35.46774128,4.286872628,694.9939866,"0423ASHC_qPCR.csv","0423","ASHC","13",2023-04-01
"FAM","0423ASHC_21",31.87937547,1444.025181,31.83954224,0.056332701,54.84857332,"0423ASHC_qPCR.csv","0423","ASHC","21",2023-04-01
"FAM","0423ASHC_21",31.799709,1521.592778,31.83954224,0.056332701,54.84857332,"0423ASHC_qPCR.csv","0423","ASHC","21",2023-04-01
"FAM","0423ASHC_29",25.08239869,125403.8713,25.1052265,0.03228339,2619.471488,"0423ASHC_qPCR.csv","0423","ASHC","29",2023-04-01
"FAM","0423ASHC_29",25.1280543,121699.3792,25.1052265,0.03228339,2619.471488,"0423ASHC_qPCR.csv","0423","ASHC","29",2023-04-01
"FAM","0423ASHC_qPCR_Std-06",33.12759376,1000,32.8218964,0.266050158,0,"0423ASHC_qPCR.csv","0423","ASHC",NA,2023-04-01
"FAM","0423ASHC_qPCR_Std-06",32.64269382,1000,32.8218964,0.266050158,0,"0423ASHC_qPCR.csv","0423","ASHC",NA,2023-04-01
"FAM","0423ASHC_qPCR_Std-06",32.69540163,1000,32.8218964,0.266050158,0,"0423ASHC_qPCR.csv","0423","ASHC",NA,2023-04-01
"FAM","0423ASHC_06",33.83404637,399.9761247,33.96469675,0.184767547,44.601055,"0423ASHC_qPCR.csv","0423","ASHC","06",2023-04-01
"FAM","0423ASHC_06",34.09534714,336.9007079,33.96469675,0.184767547,44.601055,"0423ASHC_qPCR.csv","0423","ASHC","06",2023-04-01
"FAM","0423ASHC_14",29.94551099,5142.576312,28.59825926,1.90530167,17705.52788,"0423ASHC_qPCR.csv","0423","ASHC","14",2023-04-01
"FAM","0423ASHC_14",27.25100753,30181.97397,28.59825926,1.90530167,17705.52788,"0423ASHC_qPCR.csv","0423","ASHC","14",2023-04-01
"FAM","0423ASHC_22",38.15334236,23.44333289,37.75623667,0.561592258,11.35115455,"0423ASHC_qPCR.csv","0423","ASHC","22",2023-04-01
"FAM","0423ASHC_22",37.35913097,39.4962896,37.75623667,0.561592258,11.35115455,"0423ASHC_qPCR.csv","0423","ASHC","22",2023-04-01
"FAM","0423ASHC_30",29.95615669,5106.745534,29.99660621,0.05720426,186.854977,"0423ASHC_qPCR.csv","0423","ASHC","30",2023-04-01
"FAM","0423ASHC_30",30.03705573,4842.492692,29.99660621,0.05720426,186.854977,"0423ASHC_qPCR.csv","0423","ASHC","30",2023-04-01
"FAM","0423ASHC_qPCR_Std-07",36.21302124,100,36.11523007,0.139849363,0,"0423ASHC_qPCR.csv","0423","ASHC",NA,2023-04-01
"FAM","0423ASHC_qPCR_Std-07",35.95504428,100,36.11523007,0.139849363,0,"0423ASHC_qPCR.csv","0423","ASHC",NA,2023-04-01
"FAM","0423ASHC_qPCR_Std-07",36.17762469,100,36.11523007,0.139849363,0,"0423ASHC_qPCR.csv","0423","ASHC",NA,2023-04-01
"FAM","0423ASHC_07",32.9724641,704.3484275,32.96525406,0.01019654,4.739332549,"0423ASHC_qPCR.csv","0423","ASHC","07",2023-04-01
"FAM","0423ASHC_07",32.95804402,711.0508559,32.96525406,0.01019654,4.739332549,"0423ASHC_qPCR.csv","0423","ASHC","07",2023-04-01
"FAM","0423ASHC_15",35.59679033,125.6717498,30.98823195,6.517485766,37735.15359,"0423ASHC_qPCR.csv","0423","ASHC","15",2023-04-01
"FAM","0423ASHC_15",26.37967357,53491.23774,30.98823195,6.517485766,37735.15359,"0423ASHC_qPCR.csv","0423","ASHC","15",2023-04-01
"FAM","0423ASHC_23",32.79796877,789.8774932,32.61882563,0.253346655,148.1811569,"0423ASHC_qPCR.csv","0423","ASHC","23",2023-04-01
"FAM","0423ASHC_23",32.43968249,999.4372949,32.61882563,0.253346655,148.1811569,"0423ASHC_qPCR.csv","0423","ASHC","23",2023-04-01
"FAM","0423ASHC_qPCR_Std-08",39.19964844,10,38.72097213,0.676950524,0,"0423ASHC_qPCR.csv","0423","ASHC",NA,2023-04-01
"FAM","0423ASHC_qPCR_Std-08",38.24229582,10,38.72097213,0.676950524,0,"0423ASHC_qPCR.csv","0423","ASHC",NA,2023-04-01
"FAM","0423ASHC_qPCR_Std-08",NA,10,0,0,0,"0423ASHC_qPCR.csv","0423","ASHC",NA,2023-04-01
"FAM","0423ASHC_08",29.92281311,5219.81341,30.06904022,0.206796364,645.0224099,"0423ASHC_qPCR.csv","0423","ASHC","08",2023-04-01
"FAM","0423ASHC_08",30.21526733,4307.61397,30.06904022,0.206796364,645.0224099,"0423ASHC_qPCR.csv","0423","ASHC","08",2023-04-01
"FAM","0423ASHC_16",27.35830851,28128.18032,27.31306234,0.06398775,1217.94255,"0423ASHC_qPCR.csv","0423","ASHC","16",2023-04-01
"FAM","0423ASHC_16",27.26781617,29850.61119,27.31306234,0.06398775,1217.94255,"0423ASHC_qPCR.csv","0423","ASHC","16",2023-04-01
"FAM","0423ASHC_24",29.6621521,6194.476929,29.58745,0.10564472,451.5989577,"0423ASHC_qPCR.csv","0423","ASHC","24",2023-04-01
"FAM","0423ASHC_24",29.51274791,6833.1343,29.58745,0.10564472,451.5989577,"0423ASHC_qPCR.csv","0423","ASHC","24",2023-04-01
"HEX","0423ASHC_qPCR_Std-01",15.86666063,1e+08,15.93028572,0.073667026,0,"0423ASHC_qPCR.csv","0423","ASHC",NA,2023-04-01
"HEX","0423ASHC_qPCR_Std-01",15.91320332,1e+08,15.93028572,0.073667026,0,"0423ASHC_qPCR.csv","0423","ASHC",NA,2023-04-01
"HEX","0423ASHC_qPCR_Std-01",16.01099322,1e+08,15.93028572,0.073667026,0,"0423ASHC_qPCR.csv","0423","ASHC",NA,2023-04-01
"HEX","0423ASHC_01",NA,NA,0,0,0,"0423ASHC_qPCR.csv","0423","ASHC","01",2023-04-01
"HEX","0423ASHC_01",NA,NA,0,0,0,"0423ASHC_qPCR.csv","0423","ASHC","01",2023-04-01
"HEX","0423ASHC_09",NA,NA,0,0,0,"0423ASHC_qPCR.csv","0423","ASHC","09",2023-04-01
"HEX","0423ASHC_09",38.5233815,30.61141705,38.5233815,0,0,"0423ASHC_qPCR.csv","0423","ASHC","09",2023-04-01
"HEX","0423ASHC_17",NA,NA,0,0,0,"0423ASHC_qPCR.csv","0423","ASHC","17",2023-04-01
"HEX","0423ASHC_17",NA,NA,0,0,0,"0423ASHC_qPCR.csv","0423","ASHC","17",2023-04-01
"HEX","0423ASHC_25",NA,NA,0,0,0,"0423ASHC_qPCR.csv","0423","ASHC","25",2023-04-01
"HEX","0423ASHC_25",NA,NA,0,0,0,"0423ASHC_qPCR.csv","0423","ASHC","25",2023-04-01
"HEX","NTC-01",NA,NA,0,0,0,"0423ASHC_qPCR.csv","NTC-",NA,NA,NA
"HEX","0423ASHC_qPCR_Std-02",19.25708542,1e+07,19.30777104,0.046177906,0,"0423ASHC_qPCR.csv","0423","ASHC",NA,2023-04-01
"HEX","0423ASHC_qPCR_Std-02",19.31877421,1e+07,19.30777104,0.046177906,0,"0423ASHC_qPCR.csv","0423","ASHC",NA,2023-04-01
"HEX","0423ASHC_qPCR_Std-02",19.34745348,1e+07,19.30777104,0.046177906,0,"0423ASHC_qPCR.csv","0423","ASHC",NA,2023-04-01
"HEX","0423ASHC_02",NA,NA,0,0,0,"0423ASHC_qPCR.csv","0423","ASHC","02",2023-04-01
"HEX","0423ASHC_02",NA,NA,0,0,0,"0423ASHC_qPCR.csv","0423","ASHC","02",2023-04-01
"HEX","0423ASHC_10",NA,NA,0,0,0,"0423ASHC_qPCR.csv","0423","ASHC","10",2023-04-01
"HEX","0423ASHC_10",NA,NA,0,0,0,"0423ASHC_qPCR.csv","0423","ASHC","10",2023-04-01
"HEX","0423ASHC_18",NA,NA,0,0,0,"0423ASHC_qPCR.csv","0423","ASHC","18",2023-04-01
"HEX","0423ASHC_18",NA,NA,0,0,0,"0423ASHC_qPCR.csv","0423","ASHC","18",2023-04-01
"HEX","0423ASHC_26",NA,NA,0,0,0,"0423ASHC_qPCR.csv","0423","ASHC","26",2023-04-01
"HEX","0423ASHC_26",NA,NA,0,0,0,"0423ASHC_qPCR.csv","0423","ASHC","26",2023-04-01
"HEX","NTC-01",NA,NA,0,0,0,"0423ASHC_qPCR.csv","NTC-",NA,NA,NA
"HEX","0423ASHC_qPCR_Std-03",22.39642464,1e+06,22.51591796,0.10352306,0,"0423ASHC_qPCR.csv","0423","ASHC",NA,2023-04-01
"HEX","0423ASHC_qPCR_Std-03",22.57849923,1e+06,22.51591796,0.10352306,0,"0423ASHC_qPCR.csv","0423","ASHC",NA,2023-04-01
"HEX","0423ASHC_qPCR_Std-03",22.57282999,1e+06,22.51591796,0.10352306,0,"0423ASHC_qPCR.csv","0423","ASHC",NA,2023-04-01
"HEX","0423ASHC_03",NA,NA,0,0,0,"0423ASHC_qPCR.csv","0423","ASHC","03",2023-04-01
"HEX","0423ASHC_03",NA,NA,0,0,0,"0423ASHC_qPCR.csv","0423","ASHC","03",2023-04-01
"HEX","0423ASHC_11",NA,NA,0,0,0,"0423ASHC_qPCR.csv","0423","ASHC","11",2023-04-01
"HEX","0423ASHC_11",NA,NA,0,0,0,"0423ASHC_qPCR.csv","0423","ASHC","11",2023-04-01
"HEX","0423ASHC_19",NA,NA,0,0,0,"0423ASHC_qPCR.csv","0423","ASHC","19",2023-04-01
"HEX","0423ASHC_19",NA,NA,0,0,0,"0423ASHC_qPCR.csv","0423","ASHC","19",2023-04-01
"HEX","0423ASHC_27",NA,NA,0,0,0,"0423ASHC_qPCR.csv","0423","ASHC","27",2023-04-01
"HEX","0423ASHC_27",NA,NA,0,0,0,"0423ASHC_qPCR.csv","0423","ASHC","27",2023-04-01
"HEX","NTC-01",NA,NA,0,0,0,"0423ASHC_qPCR.csv","NTC-",NA,NA,NA
"HEX","0423ASHC_qPCR_Std-04",26.2250564,1e+05,26.19606057,0.031052552,0,"0423ASHC_qPCR.csv","0423","ASHC",NA,2023-04-01
"HEX","0423ASHC_qPCR_Std-04",26.1632954,1e+05,26.19606057,0.031052552,0,"0423ASHC_qPCR.csv","0423","ASHC",NA,2023-04-01
"HEX","0423ASHC_qPCR_Std-04",26.19982991,1e+05,26.19606057,0.031052552,0,"0423ASHC_qPCR.csv","0423","ASHC",NA,2023-04-01
"HEX","0423ASHC_04",NA,NA,0,0,0,"0423ASHC_qPCR.csv","0423","ASHC","04",2023-04-01
"HEX","0423ASHC_04",32.77300936,1369.176472,32.77300936,0,0,"0423ASHC_qPCR.csv","0423","ASHC","04",2023-04-01
"HEX","0423ASHC_12",NA,NA,0,0,0,"0423ASHC_qPCR.csv","0423","ASHC","12",2023-04-01
"HEX","0423ASHC_12",NA,NA,0,0,0,"0423ASHC_qPCR.csv","0423","ASHC","12",2023-04-01
"HEX","0423ASHC_20",NA,NA,0,0,0,"0423ASHC_qPCR.csv","0423","ASHC","20",2023-04-01
"HEX","0423ASHC_20",NA,NA,0,0,0,"0423ASHC_qPCR.csv","0423","ASHC","20",2023-04-01
"HEX","0423ASHC_28",NA,NA,0,0,0,"0423ASHC_qPCR.csv","0423","ASHC","28",2023-04-01
"HEX","0423ASHC_28",NA,NA,0,0,0,"0423ASHC_qPCR.csv","0423","ASHC","28",2023-04-01
"HEX","0423ASHC_qPCR_Std-05",29.66969077,10000,29.73499771,0.066683097,0,"0423ASHC_qPCR.csv","0423","ASHC",NA,2023-04-01
"HEX","0423ASHC_qPCR_Std-05",29.73232571,10000,29.73499771,0.066683097,0,"0423ASHC_qPCR.csv","0423","ASHC",NA,2023-04-01
"HEX","0423ASHC_qPCR_Std-05",29.80297664,10000,29.73499771,0.066683097,0,"0423ASHC_qPCR.csv","0423","ASHC",NA,2023-04-01
"HEX","0423ASHC_05",NA,NA,0,0,0,"0423ASHC_qPCR.csv","0423","ASHC","05",2023-04-01
"HEX","0423ASHC_05",NA,NA,0,0,0,"0423ASHC_qPCR.csv","0423","ASHC","05",2023-04-01
"HEX","0423ASHC_13",NA,NA,0,0,0,"0423ASHC_qPCR.csv","0423","ASHC","13",2023-04-01
"HEX","0423ASHC_13",37.10861915,77.97837041,37.10861915,0,0,"0423ASHC_qPCR.csv","0423","ASHC","13",2023-04-01
"HEX","0423ASHC_21",NA,NA,0,0,0,"0423ASHC_qPCR.csv","0423","ASHC","21",2023-04-01
"HEX","0423ASHC_21",NA,NA,0,0,0,"0423ASHC_qPCR.csv","0423","ASHC","21",2023-04-01
"HEX","0423ASHC_29",NA,NA,0,0,0,"0423ASHC_qPCR.csv","0423","ASHC","29",2023-04-01
"HEX","0423ASHC_29",NA,NA,0,0,0,"0423ASHC_qPCR.csv","0423","ASHC","29",2023-04-01
"HEX","0423ASHC_qPCR_Std-06",33.84682715,1000,33.55010356,0.306611988,0,"0423ASHC_qPCR.csv","0423","ASHC",NA,2023-04-01
"HEX","0423ASHC_qPCR_Std-06",33.23447777,1000,33.55010356,0.306611988,0,"0423ASHC_qPCR.csv","0423","ASHC",NA,2023-04-01
"HEX","0423ASHC_qPCR_Std-06",33.56900577,1000,33.55010356,0.306611988,0,"0423ASHC_qPCR.csv","0423","ASHC",NA,2023-04-01
"HEX","0423ASHC_06",NA,NA,0,0,0,"0423ASHC_qPCR.csv","0423","ASHC","06",2023-04-01
"HEX","0423ASHC_06",NA,NA,0,0,0,"0423ASHC_qPCR.csv","0423","ASHC","06",2023-04-01
"HEX","0423ASHC_14",39.674402,14.30529031,35.63512351,5.712402425,2097.714069,"0423ASHC_qPCR.csv","0423","ASHC","14",2023-04-01
"HEX","0423ASHC_14",31.59584502,2980.920977,35.63512351,5.712402425,2097.714069,"0423ASHC_qPCR.csv","0423","ASHC","14",2023-04-01
"HEX","0423ASHC_22",NA,NA,0,0,0,"0423ASHC_qPCR.csv","0423","ASHC","22",2023-04-01
"HEX","0423ASHC_22",NA,NA,0,0,0,"0423ASHC_qPCR.csv","0423","ASHC","22",2023-04-01
"HEX","0423ASHC_30",NA,NA,0,0,0,"0423ASHC_qPCR.csv","0423","ASHC","30",2023-04-01
"HEX","0423ASHC_30",NA,NA,0,0,0,"0423ASHC_qPCR.csv","0423","ASHC","30",2023-04-01
"HEX","0423ASHC_qPCR_Std-07",38.2271656,100,37.28389048,0.897351993,0,"0423ASHC_qPCR.csv","0423","ASHC",NA,2023-04-01
"HEX","0423ASHC_qPCR_Std-07",36.44088432,100,37.28389048,0.897351993,0,"0423ASHC_qPCR.csv","0423","ASHC",NA,2023-04-01
"HEX","0423ASHC_qPCR_Std-07",37.18362153,100,37.28389048,0.897351993,0,"0423ASHC_qPCR.csv","0423","ASHC",NA,2023-04-01
"HEX","0423ASHC_07",NA,NA,0,0,0,"0423ASHC_qPCR.csv","0423","ASHC","07",2023-04-01
"HEX","0423ASHC_07",NA,NA,0,0,0,"0423ASHC_qPCR.csv","0423","ASHC","07",2023-04-01
"HEX","0423ASHC_15",NA,NA,0,0,0,"0423ASHC_qPCR.csv","0423","ASHC","15",2023-04-01
"HEX","0423ASHC_15",30.94029439,4597.465526,30.94029439,0,0,"0423ASHC_qPCR.csv","0423","ASHC","15",2023-04-01
"HEX","0423ASHC_23",NA,NA,0,0,0,"0423ASHC_qPCR.csv","0423","ASHC","23",2023-04-01
"HEX","0423ASHC_23",NA,NA,0,0,0,"0423ASHC_qPCR.csv","0423","ASHC","23",2023-04-01
"HEX","0423ASHC_qPCR_Std-08",NA,10,0,0,0,"0423ASHC_qPCR.csv","0423","ASHC",NA,2023-04-01
"HEX","0423ASHC_qPCR_Std-08",38.55372598,10,38.55372598,0,0,"0423ASHC_qPCR.csv","0423","ASHC",NA,2023-04-01
"HEX","0423ASHC_qPCR_Std-08",NA,10,0,0,0,"0423ASHC_qPCR.csv","0423","ASHC",NA,2023-04-01
"HEX","0423ASHC_08",NA,NA,0,0,0,"0423ASHC_qPCR.csv","0423","ASHC","08",2023-04-01
"HEX","0423ASHC_08",NA,NA,0,0,0,"0423ASHC_qPCR.csv","0423","ASHC","08",2023-04-01
"HEX","0423ASHC_16",NA,NA,0,0,0,"0423ASHC_qPCR.csv","0423","ASHC","16",2023-04-01
"HEX","0423ASHC_16",NA,NA,0,0,0,"0423ASHC_qPCR.csv","0423","ASHC","16",2023-04-01
"HEX","0423ASHC_24",NA,NA,0,0,0,"0423ASHC_qPCR.csv","0423","ASHC","24",2023-04-01
"HEX","0423ASHC_24",NA,NA,0,0,0,"0423ASHC_qPCR.csv","0423","ASHC","24",2023-04-01
"FAM","0423FENC_qPCR_Std-01",14.84273885,1e+08,14.83716282,0.048127448,0,"0423FENC_qPCR.csv","0423","FENC",NA,2023-04-01
"FAM","0423FENC_qPCR_Std-01",14.78649024,1e+08,14.83716282,0.048127448,0,"0423FENC_qPCR.csv","0423","FENC",NA,2023-04-01
"FAM","0423FENC_qPCR_Std-01",14.88225938,1e+08,14.83716282,0.048127448,0,"0423FENC_qPCR.csv","0423","FENC",NA,2023-04-01
"FAM","0423FENC_01",30.71287277,3306.176599,30.70502347,0.01110059,23.90988918,"0423FENC_qPCR.csv","0423","FENC","01",2023-04-01
"FAM","0423FENC_01",30.69717417,3339.990289,30.70502347,0.01110059,23.90988918,"0423FENC_qPCR.csv","0423","FENC","01",2023-04-01
"FAM","0423FENC_09",33.26730198,631.3270485,33.21793152,0.069820374,29.50546415,"0423FENC_qPCR.csv","0423","FENC","09",2023-04-01
"FAM","0423FENC_09",33.16856106,673.0540761,33.21793152,0.069820374,29.50546415,"0423FENC_qPCR.csv","0423","FENC","09",2023-04-01
"FAM","0423FENC_17",32.41029071,1100.279477,32.38382396,0.037429639,27.15715819,"0423FENC_qPCR.csv","0423","FENC","17",2023-04-01
"FAM","0423FENC_17",32.35735721,1138.685498,32.38382396,0.037429639,27.15715819,"0423FENC_qPCR.csv","0423","FENC","17",2023-04-01
"FAM","0423FENC_25",28.84726974,11078.81151,28.89156018,0.062636128,437.1233,"0423FENC_qPCR.csv","0423","FENC","25",2023-04-01
"FAM","0423FENC_25",28.93585061,10460.62581,28.89156018,0.062636128,437.1233,"0423FENC_qPCR.csv","0423","FENC","25",2023-04-01
"FAM","NTC-01",NA,NA,0,0,0,"0423FENC_qPCR.csv","NTC-",NA,NA,NA
"FAM","0423FENC_qPCR_Std-02",18.26691032,1e+07,18.3036811,0.032018418,0,"0423FENC_qPCR.csv","0423","FENC",NA,2023-04-01
"FAM","0423FENC_qPCR_Std-02",18.31873311,1e+07,18.3036811,0.032018418,0,"0423FENC_qPCR.csv","0423","FENC",NA,2023-04-01
"FAM","0423FENC_qPCR_Std-02",18.32539987,1e+07,18.3036811,0.032018418,0,"0423FENC_qPCR.csv","0423","FENC",NA,2023-04-01
"FAM","0423FENC_02",29.78632682,6027.658947,29.77414314,0.017230323,67.85319313,"0423FENC_qPCR.csv","0423","FENC","02",2023-04-01
"FAM","0423FENC_02",29.76195946,6123.617853,29.77414314,0.017230323,67.85319313,"0423FENC_qPCR.csv","0423","FENC","02",2023-04-01
"FAM","0423FENC_10",31.5333122,1942.550881,31.56201276,0.040588712,50.16692755,"0423FENC_qPCR.csv","0423","FENC","10",2023-04-01
"FAM","0423FENC_10",31.59071331,1871.604131,31.56201276,0.040588712,50.16692755,"0423FENC_qPCR.csv","0423","FENC","10",2023-04-01
"FAM","0423FENC_18",36.04824188,104.0926351,36.59037481,0.766691739,37.1557238,"0423FENC_qPCR.csv","0423","FENC","18",2023-04-01
"FAM","0423FENC_18",37.13250774,51.54650659,36.59037481,0.766691739,37.1557238,"0423FENC_qPCR.csv","0423","FENC","18",2023-04-01
"FAM","0423FENC_26",39.26875314,12.90762385,39.26875314,0,0,"0423FENC_qPCR.csv","0423","FENC","26",2023-04-01
"FAM","0423FENC_26",NA,NA,0,0,0,"0423FENC_qPCR.csv","0423","FENC","26",2023-04-01
"FAM","NTC-01",NA,NA,0,0,0,"0423FENC_qPCR.csv","NTC-",NA,NA,NA
"FAM","0423FENC_qPCR_Std-03",21.78507235,1e+06,21.9300047,0.156653476,0,"0423FENC_qPCR.csv","0423","FENC",NA,2023-04-01
"FAM","0423FENC_qPCR_Std-03",21.90873576,1e+06,21.9300047,0.156653476,0,"0423FENC_qPCR.csv","0423","FENC",NA,2023-04-01
"FAM","0423FENC_qPCR_Std-03",22.09620599,1e+06,21.9300047,0.156653476,0,"0423FENC_qPCR.csv","0423","FENC",NA,2023-04-01
"FAM","0423FENC_03",30.10995224,4887.065233,30.16926734,0.08388422,255.7597405,"0423FENC_qPCR.csv","0423","FENC","03",2023-04-01
"FAM","0423FENC_03",30.22858244,4525.366339,30.16926734,0.08388422,255.7597405,"0423FENC_qPCR.csv","0423","FENC","03",2023-04-01
"FAM","0423FENC_11",31.26216638,2315.794045,32.23108496,1.370257793,1171.193819,"0423FENC_qPCR.csv","0423","FENC","11",2023-04-01
"FAM","0423FENC_11",33.20000354,659.4758626,32.23108496,1.370257793,1171.193819,"0423FENC_qPCR.csv","0423","FENC","11",2023-04-01
"FAM","0423FENC_19",28.11358022,17824.88454,28.19142449,0.110088423,1209.855393,"0423FENC_qPCR.csv","0423","FENC","19",2023-04-01
"FAM","0423FENC_19",28.26926876,16113.89063,28.19142449,0.110088423,1209.855393,"0423FENC_qPCR.csv","0423","FENC","19",2023-04-01
"FAM","0423FENC_27",NA,NA,0,0,0,"0423FENC_qPCR.csv","0423","FENC","27",2023-04-01
"FAM","0423FENC_27",NA,NA,0,0,0,"0423FENC_qPCR.csv","0423","FENC","27",2023-04-01
"FAM","NTC-01",NA,NA,0,0,0,"0423FENC_qPCR.csv","NTC-",NA,NA,NA
"FAM","0423FENC_qPCR_Std-04",25.18884208,1e+05,25.35616004,0.25789127,0,"0423FENC_qPCR.csv","0423","FENC",NA,2023-04-01
"FAM","0423FENC_qPCR_Std-04",25.65315311,1e+05,25.35616004,0.25789127,0,"0423FENC_qPCR.csv","0423","FENC",NA,2023-04-01
"FAM","0423FENC_qPCR_Std-04",25.22648494,1e+05,25.35616004,0.25789127,0,"0423FENC_qPCR.csv","0423","FENC",NA,2023-04-01
"FAM","0423FENC_04",21.74320899,1107352.26,21.77917285,0.050860574,35667.81857,"0423FENC_qPCR.csv","0423","FENC","04",2023-04-01
"FAM","0423FENC_04",21.81513671,1056910.347,21.77917285,0.050860574,35667.81857,"0423FENC_qPCR.csv","0423","FENC","04",2023-04-01
"FAM","0423FENC_12",39.13335636,14.09160584,39.13335636,0,0,"0423FENC_qPCR.csv","0423","FENC","12",2023-04-01
"FAM","0423FENC_12",NA,NA,0,0,0,"0423FENC_qPCR.csv","0423","FENC","12",2023-04-01
"FAM","0423FENC_20",NA,NA,0,0,0,"0423FENC_qPCR.csv","0423","FENC","20",2023-04-01
"FAM","0423FENC_20",37.89362837,31.47341221,37.89362837,0,0,"0423FENC_qPCR.csv","0423","FENC","20",2023-04-01
"FAM","0423FENC_28",28.81851374,11287.24593,28.78284052,0.050449548,377.7634693,"0423FENC_qPCR.csv","0423","FENC","28",2023-04-01
"FAM","0423FENC_28",28.7471673,11821.48415,28.78284052,0.050449548,377.7634693,"0423FENC_qPCR.csv","0423","FENC","28",2023-04-01
"FAM","0423FENC_qPCR_Std-05",29.11539746,10000,29.09626798,0.058724171,0,"0423FENC_qPCR.csv","0423","FENC",NA,2023-04-01
"FAM","0423FENC_qPCR_Std-05",29.0303643,10000,29.09626798,0.058724171,0,"0423FENC_qPCR.csv","0423","FENC",NA,2023-04-01
"FAM","0423FENC_qPCR_Std-05",29.14304217,10000,29.09626798,0.058724171,0,"0423FENC_qPCR.csv","0423","FENC",NA,2023-04-01
"FAM","0423FENC_05",39.83710944,8.930053078,38.86012829,1.381659993,16.09227108,"0423FENC_qPCR.csv","0423","FENC","05",2023-04-01
"FAM","0423FENC_05",37.88314714,31.6879611,38.86012829,1.381659993,16.09227108,"0423FENC_qPCR.csv","0423","FENC","05",2023-04-01
"FAM","0423FENC_13",31.37891226,2147.019438,31.29860129,0.113576866,166.5802451,"0423FENC_qPCR.csv","0423","FENC","13",2023-04-01
"FAM","0423FENC_13",31.21829032,2382.59948,31.29860129,0.113576866,166.5802451,"0423FENC_qPCR.csv","0423","FENC","13",2023-04-01
"FAM","0423FENC_21",34.04999481,380.1249873,34.0864218,0.051515544,12.39780638,"0423FENC_qPCR.csv","0423","FENC","21",2023-04-01
"FAM","0423FENC_21",34.12284879,362.5918414,34.0864218,0.051515544,12.39780638,"0423FENC_qPCR.csv","0423","FENC","21",2023-04-01
"FAM","0423FENC_29",37.59180165,38.27436848,37.59180165,0,0,"0423FENC_qPCR.csv","0423","FENC","29",2023-04-01
"FAM","0423FENC_29",NA,NA,0,0,0,"0423FENC_qPCR.csv","0423","FENC","29",2023-04-01
"FAM","0423FENC_qPCR_Std-06",32.41950526,1000,32.57249383,0.153148996,0,"0423FENC_qPCR.csv","0423","FENC",NA,2023-04-01
"FAM","0423FENC_qPCR_Std-06",32.57217347,1000,32.57249383,0.153148996,0,"0423FENC_qPCR.csv","0423","FENC",NA,2023-04-01
"FAM","0423FENC_qPCR_Std-06",32.72580275,1000,32.57249383,0.153148996,0,"0423FENC_qPCR.csv","0423","FENC",NA,2023-04-01
"FAM","0423FENC_06",36.66299813,69.88213433,36.49084083,0.243467184,12.35559817,"0423FENC_qPCR.csv","0423","FENC","06",2023-04-01
"FAM","0423FENC_06",36.31868354,87.35558884,36.49084083,0.243467184,12.35559817,"0423FENC_qPCR.csv","0423","FENC","06",2023-04-01
"FAM","0423FENC_14",NA,NA,0,0,0,"0423FENC_qPCR.csv","0423","FENC","14",2023-04-01
"FAM","0423FENC_14",NA,NA,0,0,0,"0423FENC_qPCR.csv","0423","FENC","14",2023-04-01
"FAM","0423FENC_22",33.0858704,710.1128577,33.16300947,0.109091122,47.78340174,"0423FENC_qPCR.csv","0423","FENC","22",2023-04-01
"FAM","0423FENC_22",33.24014854,642.5369229,33.16300947,0.109091122,47.78340174,"0423FENC_qPCR.csv","0423","FENC","22",2023-04-01
"FAM","0423FENC_30",34.58561897,268.6261294,34.55973773,0.036601602,6.48109317,"0423FENC_qPCR.csv","0423","FENC","30",2023-04-01
"FAM","0423FENC_30",34.53385649,277.7917793,34.55973773,0.036601602,6.48109317,"0423FENC_qPCR.csv","0423","FENC","30",2023-04-01
"FAM","0423FENC_qPCR_Std-07",35.39318768,100,36.0241527,0.58376214,0,"0423FENC_qPCR.csv","0423","FENC",NA,2023-04-01
"FAM","0423FENC_qPCR_Std-07",36.54503871,100,36.0241527,0.58376214,0,"0423FENC_qPCR.csv","0423","FENC",NA,2023-04-01
"FAM","0423FENC_qPCR_Std-07",36.1342317,100,36.0241527,0.58376214,0,"0423FENC_qPCR.csv","0423","FENC",NA,2023-04-01
"FAM","0423FENC_07",34.81304264,231.8080467,34.91865049,0.149352056,20.97221041,"0423FENC_qPCR.csv","0423","FENC","07",2023-04-01
"FAM","0423FENC_07",35.02425834,202.1488623,34.91865049,0.149352056,20.97221041,"0423FENC_qPCR.csv","0423","FENC","07",2023-04-01
"FAM","0423FENC_15",31.13169747,2520.153088,31.15740131,0.036350718,58.40074206,"0423FENC_qPCR.csv","0423","FENC","15",2023-04-01
"FAM","0423FENC_15",31.18310515,2437.561967,31.15740131,0.036350718,58.40074206,"0423FENC_qPCR.csv","0423","FENC","15",2023-04-01
"FAM","0423FENC_23",37.42690279,42.59190358,37.88762037,0.651553053,13.54299401,"0423FENC_qPCR.csv","0423","FENC","23",2023-04-01
"FAM","0423FENC_23",38.34833795,23.43921778,37.88762037,0.651553053,13.54299401,"0423FENC_qPCR.csv","0423","FENC","23",2023-04-01
"FAM","0423FENC_qPCR_Std-08",NA,10,0,0,0,"0423FENC_qPCR.csv","0423","FENC",NA,2023-04-01
"FAM","0423FENC_qPCR_Std-08",39.81425276,10,39.81425276,0,0,"0423FENC_qPCR.csv","0423","FENC",NA,2023-04-01
"FAM","0423FENC_qPCR_Std-08",NA,10,0,0,0,"0423FENC_qPCR.csv","0423","FENC",NA,2023-04-01
"FAM","0423FENC_08",37.58327687,38.48644146,38.36757488,1.109164888,17.36863013,"0423FENC_qPCR.csv","0423","FENC","08",2023-04-01
"FAM","0423FENC_08",39.1518729,13.92348917,38.36757488,1.109164888,17.36863013,"0423FENC_qPCR.csv","0423","FENC","08",2023-04-01
"FAM","0423FENC_16",37.06318039,53.91565451,36.65926285,0.571225663,26.23429964,"0423FENC_qPCR.csv","0423","FENC","16",2023-04-01
"FAM","0423FENC_16",36.25534531,91.01655686,36.65926285,0.571225663,26.23429964,"0423FENC_qPCR.csv","0423","FENC","16",2023-04-01
"FAM","0423FENC_24",38.89271676,16.47026229,38.89271676,0,0,"0423FENC_qPCR.csv","0423","FENC","24",2023-04-01
"FAM","0423FENC_24",NA,NA,0,0,0,"0423FENC_qPCR.csv","0423","FENC","24",2023-04-01
"HEX","0423FENC_qPCR_Std-01",16.08937842,1e+08,16.10208691,0.01471657,0,"0423FENC_qPCR.csv","0423","FENC",NA,2023-04-01
"HEX","0423FENC_qPCR_Std-01",16.09867138,1e+08,16.10208691,0.01471657,0,"0423FENC_qPCR.csv","0423","FENC",NA,2023-04-01
"HEX","0423FENC_qPCR_Std-01",16.11821091,1e+08,16.10208691,0.01471657,0,"0423FENC_qPCR.csv","0423","FENC",NA,2023-04-01
"HEX","0423FENC_01",NA,NA,0,0,0,"0423FENC_qPCR.csv","0423","FENC","01",2023-04-01
"HEX","0423FENC_01",NA,NA,0,0,0,"0423FENC_qPCR.csv","0423","FENC","01",2023-04-01
"HEX","0423FENC_09",NA,NA,0,0,0,"0423FENC_qPCR.csv","0423","FENC","09",2023-04-01
"HEX","0423FENC_09",NA,NA,0,0,0,"0423FENC_qPCR.csv","0423","FENC","09",2023-04-01
"HEX","0423FENC_17",35.59020096,284.35456,36.69214373,1.558382421,152.6042054,"0423FENC_qPCR.csv","0423","FENC","17",2023-04-01
"HEX","0423FENC_17",37.79408651,68.53962308,36.69214373,1.558382421,152.6042054,"0423FENC_qPCR.csv","0423","FENC","17",2023-04-01
"HEX","0423FENC_25",35.95462606,224.74179,36.66381434,1.002943681,95.31179038,"0423FENC_qPCR.csv","0423","FENC","25",2023-04-01
"HEX","0423FENC_25",37.37300261,89.95056337,36.66381434,1.002943681,95.31179038,"0423FENC_qPCR.csv","0423","FENC","25",2023-04-01
"HEX","NTC-01",NA,NA,0,0,0,"0423FENC_qPCR.csv","NTC-",NA,NA,NA
"HEX","0423FENC_qPCR_Std-02",19.33088088,1e+07,19.3555934,0.024102691,0,"0423FENC_qPCR.csv","0423","FENC",NA,2023-04-01
"HEX","0423FENC_qPCR_Std-02",19.37903605,1e+07,19.3555934,0.024102691,0,"0423FENC_qPCR.csv","0423","FENC",NA,2023-04-01
"HEX","0423FENC_qPCR_Std-02",19.35686327,1e+07,19.3555934,0.024102691,0,"0423FENC_qPCR.csv","0423","FENC",NA,2023-04-01
"HEX","0423FENC_02",NA,NA,0,0,0,"0423FENC_qPCR.csv","0423","FENC","02",2023-04-01
"HEX","0423FENC_02",38.7070149,38.01698993,38.7070149,0,0,"0423FENC_qPCR.csv","0423","FENC","02",2023-04-01
"HEX","0423FENC_10",NA,NA,0,0,0,"0423FENC_qPCR.csv","0423","FENC","10",2023-04-01
"HEX","0423FENC_10",36.11597513,202.5094485,36.11597513,0,0,"0423FENC_qPCR.csv","0423","FENC","10",2023-04-01
"HEX","0423FENC_18",39.78236648,18.98777345,39.62579702,0.221422657,3.008095912,"0423FENC_qPCR.csv","0423","FENC","18",2023-04-01
"HEX","0423FENC_18",39.46922755,23.24186349,39.62579702,0.221422657,3.008095912,"0423FENC_qPCR.csv","0423","FENC","18",2023-04-01
"HEX","0423FENC_26",NA,NA,0,0,0,"0423FENC_qPCR.csv","0423","FENC","26",2023-04-01
"HEX","0423FENC_26",NA,NA,0,0,0,"0423FENC_qPCR.csv","0423","FENC","26",2023-04-01
"HEX","NTC-01",NA,NA,0,0,0,"0423FENC_qPCR.csv","NTC-",NA,NA,NA
"HEX","0423FENC_qPCR_Std-03",22.69461588,1e+06,22.73926974,0.051498668,0,"0423FENC_qPCR.csv","0423","FENC",NA,2023-04-01
"HEX","0423FENC_qPCR_Std-03",22.72758729,1e+06,22.73926974,0.051498668,0,"0423FENC_qPCR.csv","0423","FENC",NA,2023-04-01
"HEX","0423FENC_qPCR_Std-03",22.79560604,1e+06,22.73926974,0.051498668,0,"0423FENC_qPCR.csv","0423","FENC",NA,2023-04-01
"HEX","0423FENC_03",NA,NA,0,0,0,"0423FENC_qPCR.csv","0423","FENC","03",2023-04-01
"HEX","0423FENC_03",NA,NA,0,0,0,"0423FENC_qPCR.csv","0423","FENC","03",2023-04-01
"HEX","0423FENC_11",35.47678571,305.9561632,36.71090711,1.745311225,172.3787797,"0423FENC_qPCR.csv","0423","FENC","11",2023-04-01
"HEX","0423FENC_11",37.94502851,62.17575514,36.71090711,1.745311225,172.3787797,"0423FENC_qPCR.csv","0423","FENC","11",2023-04-01
"HEX","0423FENC_19",NA,NA,0,0,0,"0423FENC_qPCR.csv","0423","FENC","19",2023-04-01
"HEX","0423FENC_19",37.76216354,69.96682603,37.76216354,0,0,"0423FENC_qPCR.csv","0423","FENC","19",2023-04-01
"HEX","0423FENC_27",NA,NA,0,0,0,"0423FENC_qPCR.csv","0423","FENC","27",2023-04-01
"HEX","0423FENC_27",37.43797853,86.25537024,37.43797853,0,0,"0423FENC_qPCR.csv","0423","FENC","27",2023-04-01
"HEX","NTC-01",NA,NA,0,0,0,"0423FENC_qPCR.csv","NTC-",NA,NA,NA
"HEX","0423FENC_qPCR_Std-04",26.27837267,1e+05,26.46701498,0.332907035,0,"0423FENC_qPCR.csv","0423","FENC",NA,2023-04-01
"HEX","0423FENC_qPCR_Std-04",26.85140105,1e+05,26.46701498,0.332907035,0,"0423FENC_qPCR.csv","0423","FENC",NA,2023-04-01
"HEX","0423FENC_qPCR_Std-04",26.27127123,1e+05,26.46701498,0.332907035,0,"0423FENC_qPCR.csv","0423","FENC",NA,2023-04-01
"HEX","0423FENC_04",19.55903663,8884388.033,19.5879824,0.040935495,230459.6796,"0423FENC_qPCR.csv","0423","FENC","04",2023-04-01
"HEX","0423FENC_04",19.61692817,8558468.829,19.5879824,0.040935495,230459.6796,"0423FENC_qPCR.csv","0423","FENC","04",2023-04-01
"HEX","0423FENC_12",NA,NA,0,0,0,"0423FENC_qPCR.csv","0423","FENC","12",2023-04-01
"HEX","0423FENC_12",NA,NA,0,0,0,"0423FENC_qPCR.csv","0423","FENC","12",2023-04-01
"HEX","0423FENC_20",38.37600085,47.07457461,37.91978646,0.645184574,26.70552116,"0423FENC_qPCR.csv","0423","FENC","20",2023-04-01
"HEX","0423FENC_20",37.46357207,84.84188483,37.91978646,0.645184574,26.70552116,"0423FENC_qPCR.csv","0423","FENC","20",2023-04-01
"HEX","0423FENC_28",39.30284069,25.87747941,39.30284069,0,0,"0423FENC_qPCR.csv","0423","FENC","28",2023-04-01
"HEX","0423FENC_28",NA,NA,0,0,0,"0423FENC_qPCR.csv","0423","FENC","28",2023-04-01
"HEX","0423FENC_qPCR_Std-05",29.76900203,10000,29.64649027,0.11226607,0,"0423FENC_qPCR.csv","0423","FENC",NA,2023-04-01
"HEX","0423FENC_qPCR_Std-05",29.62193343,10000,29.64649027,0.11226607,0,"0423FENC_qPCR.csv","0423","FENC",NA,2023-04-01
"HEX","0423FENC_qPCR_Std-05",29.54853533,10000,29.64649027,0.11226607,0,"0423FENC_qPCR.csv","0423","FENC",NA,2023-04-01
"HEX","0423FENC_05",34.64195121,524.4782378,34.97570356,0.471997106,129.8384965,"0423FENC_qPCR.csv","0423","FENC","05",2023-04-01
"HEX","0423FENC_05",35.30945592,340.8588751,34.97570356,0.471997106,129.8384965,"0423FENC_qPCR.csv","0423","FENC","05",2023-04-01
"HEX","0423FENC_13",37.85307306,65.97862313,38.35611408,0.711407434,22.28670317,"0423FENC_qPCR.csv","0423","FENC","13",2023-04-01
"HEX","0423FENC_13",38.8591551,34.46046525,38.35611408,0.711407434,22.28670317,"0423FENC_qPCR.csv","0423","FENC","13",2023-04-01
"HEX","0423FENC_21",28.02431629,37597.51059,28.02592247,0.00227148,55.07766386,"0423FENC_qPCR.csv","0423","FENC","21",2023-04-01
"HEX","0423FENC_21",28.02752865,37519.61901,28.02592247,0.00227148,55.07766386,"0423FENC_qPCR.csv","0423","FENC","21",2023-04-01
"HEX","0423FENC_29",38.62624134,40.05205138,38.55574914,0.099691016,2.69868939,"0423FENC_qPCR.csv","0423","FENC","29",2023-04-01
"HEX","0423FENC_29",38.48525695,43.86857452,38.55574914,0.099691016,2.69868939,"0423FENC_qPCR.csv","0423","FENC","29",2023-04-01
"HEX","0423FENC_qPCR_Std-06",33.8765868,1000,33.78321515,0.311490583,0,"0423FENC_qPCR.csv","0423","FENC",NA,2023-04-01
"HEX","0423FENC_qPCR_Std-06",34.03734104,1000,33.78321515,0.311490583,0,"0423FENC_qPCR.csv","0423","FENC",NA,2023-04-01
"HEX","0423FENC_qPCR_Std-06",33.43571762,1000,33.78321515,0.311490583,0,"0423FENC_qPCR.csv","0423","FENC",NA,2023-04-01
"HEX","0423FENC_06",NA,NA,0,0,0,"0423FENC_qPCR.csv","0423","FENC","06",2023-04-01
"HEX","0423FENC_06",38.51985346,42.89962175,38.51985346,0,0,"0423FENC_qPCR.csv","0423","FENC","06",2023-04-01
"HEX","0423FENC_14",39.29918908,25.93855609,39.49671632,0.279345692,4.128953418,"0423FENC_qPCR.csv","0423","FENC","14",2023-04-01
"HEX","0423FENC_14",39.69424355,20.09933417,39.49671632,0.279345692,4.128953418,"0423FENC_qPCR.csv","0423","FENC","14",2023-04-01
"HEX","0423FENC_22",NA,NA,0,0,0,"0423FENC_qPCR.csv","0423","FENC","22",2023-04-01
"HEX","0423FENC_22",NA,NA,0,0,0,"0423FENC_qPCR.csv","0423","FENC","22",2023-04-01
"HEX","0423FENC_30",NA,NA,0,0,0,"0423FENC_qPCR.csv","0423","FENC","30",2023-04-01
"HEX","0423FENC_30",NA,NA,0,0,0,"0423FENC_qPCR.csv","0423","FENC","30",2023-04-01
"HEX","0423FENC_qPCR_Std-07",38.25734153,100,37.46979634,0.88473707,0,"0423FENC_qPCR.csv","0423","FENC",NA,2023-04-01
"HEX","0423FENC_qPCR_Std-07",36.51247329,100,37.46979634,0.88473707,0,"0423FENC_qPCR.csv","0423","FENC",NA,2023-04-01
"HEX","0423FENC_qPCR_Std-07",37.6395742,100,37.46979634,0.88473707,0,"0423FENC_qPCR.csv","0423","FENC",NA,2023-04-01
"HEX","0423FENC_07",35.97860729,221.2891154,36.19953493,0.312438869,38.83393792,"0423FENC_qPCR.csv","0423","FENC","07",2023-04-01
"HEX","0423FENC_07",36.42046258,166.3696337,36.19953493,0.312438869,38.83393792,"0423FENC_qPCR.csv","0423","FENC","07",2023-04-01
"HEX","0423FENC_15",36.11905203,202.1075789,36.81076697,0.978232647,84.40759469,"0423FENC_qPCR.csv","0423","FENC","15",2023-04-01
"HEX","0423FENC_15",37.50248191,82.73721372,36.81076697,0.978232647,84.40759469,"0423FENC_qPCR.csv","0423","FENC","15",2023-04-01
"HEX","0423FENC_23",36.09752821,204.9355874,35.90292591,0.275209214,41.39444241,"0423FENC_qPCR.csv","0423","FENC","23",2023-04-01
"HEX","0423FENC_23",35.70832361,263.4761693,35.90292591,0.275209214,41.39444241,"0423FENC_qPCR.csv","0423","FENC","23",2023-04-01
"HEX","0423FENC_qPCR_Std-08",NA,10,0,0,0,"0423FENC_qPCR.csv","0423","FENC",NA,2023-04-01
"HEX","0423FENC_qPCR_Std-08",NA,10,0,0,0,"0423FENC_qPCR.csv","0423","FENC",NA,2023-04-01
"HEX","0423FENC_qPCR_Std-08",NA,10,0,0,0,"0423FENC_qPCR.csv","0423","FENC",NA,2023-04-01
"HEX","0423FENC_08",36.3076026,178.944101,37.0926633,1.110243496,80.61524988,"0423FENC_qPCR.csv","0423","FENC","08",2023-04-01
"HEX","0423FENC_08",37.87772401,64.93692126,37.0926633,1.110243496,80.61524988,"0423FENC_qPCR.csv","0423","FENC","08",2023-04-01
"HEX","0423FENC_16",34.53673456,561.3423207,34.26909552,0.378498752,163.8508439,"0423FENC_qPCR.csv","0423","FENC","16",2023-04-01
"HEX","0423FENC_16",34.00145649,793.0624062,34.26909552,0.378498752,163.8508439,"0423FENC_qPCR.csv","0423","FENC","16",2023-04-01
"HEX","0423FENC_24",39.40866725,24.16855317,39.40866725,0,0,"0423FENC_qPCR.csv","0423","FENC","24",2023-04-01
"HEX","0423FENC_24",NA,NA,0,0,0,"0423FENC_qPCR.csv","0423","FENC","24",2023-04-01
"FAM","0523ASHC_qPCR_Std-01",14.64744582,1e+08,14.63157528,0.03697592,0,"0523ASHC_qPCR.csv","0523","ASHC",NA,2023-05-01
"FAM","0523ASHC_qPCR_Std-01",14.58931345,1e+08,14.63157528,0.03697592,0,"0523ASHC_qPCR.csv","0523","ASHC",NA,2023-05-01
"FAM","0523ASHC_qPCR_Std-01",14.65796658,1e+08,14.63157528,0.03697592,0,"0523ASHC_qPCR.csv","0523","ASHC",NA,2023-05-01
"FAM","Unkn-01",34.33634584,289.1972734,34.68717399,0.496145928,75.85341421,"0523ASHC_qPCR.csv","Unkn",NA,NA,NA
"FAM","Unkn-01",35.03800214,181.9243463,34.68717399,0.496145928,75.85341421,"0523ASHC_qPCR.csv","Unkn",NA,NA,NA
"FAM","Unkn-09",36.47367247,70.46942565,36.62053203,0.207690781,8.788357051,"0523ASHC_qPCR.csv","Unkn",NA,NA,NA
"FAM","Unkn-09",36.76739159,58.04081191,36.62053203,0.207690781,8.788357051,"0523ASHC_qPCR.csv","Unkn",NA,NA,NA
"FAM","Unkn-17",32.56694744,930.7434798,32.30346165,0.372625171,274.049265,"0523ASHC_qPCR.csv","Unkn",NA,NA,NA
"FAM","Unkn-17",32.03997587,1318.307667,32.30346165,0.372625171,274.049265,"0523ASHC_qPCR.csv","Unkn",NA,NA,NA
"FAM","Unkn-25",27.34707609,29268.30286,27.25334023,0.132562531,2728.542467,"0523ASHC_qPCR.csv","Unkn",NA,NA,NA
"FAM","Unkn-25",27.15960436,33127.04462,27.25334023,0.132562531,2728.542467,"0523ASHC_qPCR.csv","Unkn",NA,NA,NA
"FAM","NTC-01",NA,NA,0,0,0,"0523ASHC_qPCR.csv","NTC-",NA,NA,NA
"FAM","0523ASHC_qPCR_Std-02",18.17739291,1e+07,18.25307365,0.081820593,0,"0523ASHC_qPCR.csv","0523","ASHC",NA,2023-05-01
"FAM","0523ASHC_qPCR_Std-02",18.24193518,1e+07,18.25307365,0.081820593,0,"0523ASHC_qPCR.csv","0523","ASHC",NA,2023-05-01
"FAM","0523ASHC_qPCR_Std-02",18.33989288,1e+07,18.25307365,0.081820593,0,"0523ASHC_qPCR.csv","0523","ASHC",NA,2023-05-01
"FAM","Unkn-02",31.53110666,1845.058045,31.55912678,0.039626439,47.41582249,"0523ASHC_qPCR.csv","Unkn",NA,NA,NA
"FAM","Unkn-02",31.5871469,1778.001946,31.55912678,0.039626439,47.41582249,"0523ASHC_qPCR.csv","Unkn",NA,NA,NA
"FAM","Unkn-10",34.5932318,244.0586919,34.60022713,0.009892892,1.587648945,"0523ASHC_qPCR.csv","Unkn",NA,NA,NA
"FAM","Unkn-10",34.60722246,241.8134172,34.60022713,0.009892892,1.587648945,"0523ASHC_qPCR.csv","Unkn",NA,NA,NA
"FAM","Unkn-18",26.85102779,40617.43662,26.75891031,0.130273777,3717.132936,"0523ASHC_qPCR.csv","Unkn",NA,NA,NA
"FAM","Unkn-18",26.66679284,45874.25643,26.75891031,0.130273777,3717.132936,"0523ASHC_qPCR.csv","Unkn",NA,NA,NA
"FAM","Unkn-26",NA,NA,0,0,0,"0523ASHC_qPCR.csv","Unkn",NA,NA,NA
"FAM","Unkn-26",NA,NA,0,0,0,"0523ASHC_qPCR.csv","Unkn",NA,NA,NA
"FAM","NTC-01",NA,NA,0,0,0,"0523ASHC_qPCR.csv","NTC-",NA,NA,NA
"FAM","0523ASHC_qPCR_Std-03",23.20416511,1e+06,23.3636084,0.138319313,0,"0523ASHC_qPCR.csv","0523","ASHC",NA,2023-05-01
"FAM","0523ASHC_qPCR_Std-03",23.43522995,1e+06,23.3636084,0.138319313,0,"0523ASHC_qPCR.csv","0523","ASHC",NA,2023-05-01
"FAM","0523ASHC_qPCR_Std-03",23.45143013,1e+06,23.3636084,0.138319313,0,"0523ASHC_qPCR.csv","0523","ASHC",NA,2023-05-01
"FAM","Unkn-03",33.17462956,622.9993315,33.23036214,0.078817775,31.2725025,"0523ASHC_qPCR.csv","Unkn",NA,NA,NA
"FAM","Unkn-03",33.28609472,578.7733343,33.23036214,0.078817775,31.2725025,"0523ASHC_qPCR.csv","Unkn",NA,NA,NA
"FAM","Unkn-11",35.74090891,114.3480324,35.54952778,0.270653797,23.26206236,"0523ASHC_qPCR.csv","Unkn",NA,NA,NA
"FAM","Unkn-11",35.35814664,147.2455565,35.54952778,0.270653797,23.26206236,"0523ASHC_qPCR.csv","Unkn",NA,NA,NA
"FAM","Unkn-19",34.56978179,247.8688919,34.59360282,0.033688023,5.430297055,"0523ASHC_qPCR.csv","Unkn",NA,NA,NA
"FAM","Unkn-19",34.61742385,240.1892922,34.59360282,0.033688023,5.430297055,"0523ASHC_qPCR.csv","Unkn",NA,NA,NA
"FAM","Unkn-27",NA,NA,0,0,0,"0523ASHC_qPCR.csv","Unkn",NA,NA,NA
"FAM","Unkn-27",NA,NA,0,0,0,"0523ASHC_qPCR.csv","Unkn",NA,NA,NA
"FAM","NTC-01",NA,NA,0,0,0,"0523ASHC_qPCR.csv","NTC-",NA,NA,NA
"FAM","0523ASHC_qPCR_Std-04",24.94023035,1e+05,24.94951681,0.061868977,0,"0523ASHC_qPCR.csv","0523","ASHC",NA,2023-05-01
"FAM","0523ASHC_qPCR_Std-04",24.89281599,1e+05,24.94951681,0.061868977,0,"0523ASHC_qPCR.csv","0523","ASHC",NA,2023-05-01
"FAM","0523ASHC_qPCR_Std-04",25.01550408,1e+05,24.94951681,0.061868977,0,"0523ASHC_qPCR.csv","0523","ASHC",NA,2023-05-01
"FAM","Unkn-04",29.02979534,9630.076923,29.11384482,0.118863918,715.7010398,"0523ASHC_qPCR.csv","Unkn",NA,NA,NA
"FAM","Unkn-04",29.19789431,8617.922806,29.11384482,0.118863918,715.7010398,"0523ASHC_qPCR.csv","Unkn",NA,NA,NA
"FAM","Unkn-12",32.91192803,741.0644264,32.89857051,0.01889038,9.329896925,"0523ASHC_qPCR.csv","Unkn",NA,NA,NA
"FAM","Unkn-12",32.885213,754.2588932,32.89857051,0.01889038,9.329896925,"0523ASHC_qPCR.csv","Unkn",NA,NA,NA
"FAM","Unkn-20",30.68755107,3221.246373,30.7328257,0.064028008,132.2549121,"0523ASHC_qPCR.csv","Unkn",NA,NA,NA
"FAM","Unkn-20",30.77810034,3034.209683,30.7328257,0.064028008,132.2549121,"0523ASHC_qPCR.csv","Unkn",NA,NA,NA
"FAM","Unkn-28",36.22203776,83.21355567,36.28936932,0.095221215,5.008365857,"0523ASHC_qPCR.csv","Unkn",NA,NA,NA
"FAM","Unkn-28",36.35670089,76.13065675,36.28936932,0.095221215,5.008365857,"0523ASHC_qPCR.csv","Unkn",NA,NA,NA
"FAM","0523ASHC_qPCR_Std-05",28.94762592,10000,28.93616723,0.061044898,0,"0523ASHC_qPCR.csv","0523","ASHC",NA,2023-05-01
"FAM","0523ASHC_qPCR_Std-05",28.87020497,10000,28.93616723,0.061044898,0,"0523ASHC_qPCR.csv","0523","ASHC",NA,2023-05-01
"FAM","0523ASHC_qPCR_Std-05",28.99067079,10000,28.93616723,0.061044898,0,"0523ASHC_qPCR.csv","0523","ASHC",NA,2023-05-01
"FAM","Unkn-05",35.41773579,141.5618482,36.75468377,1.890729962,82.98747496,"0523ASHC_qPCR.csv","Unkn",NA,NA,NA
"FAM","Unkn-05",38.09163175,24.19983564,36.75468377,1.890729962,82.98747496,"0523ASHC_qPCR.csv","Unkn",NA,NA,NA
"FAM","Unkn-13",30.73507089,3121.696156,30.61081146,0.175729364,393.8352622,"0523ASHC_qPCR.csv","Unkn",NA,NA,NA
"FAM","Unkn-13",30.48655203,3678.663325,30.61081146,0.175729364,393.8352622,"0523ASHC_qPCR.csv","Unkn",NA,NA,NA
"FAM","Unkn-21",35.45351409,138.2552157,35.32613762,0.180137534,17.91778843,"0523ASHC_qPCR.csv","Unkn",NA,NA,NA
"FAM","Unkn-21",35.19876115,163.5947951,35.32613762,0.180137534,17.91778843,"0523ASHC_qPCR.csv","Unkn",NA,NA,NA
"FAM","Unkn-29",35.7533109,113.4150263,35.97412064,0.312272133,20.2924937,"0523ASHC_qPCR.csv","Unkn",NA,NA,NA
"FAM","Unkn-29",36.19493038,84.71710646,35.97412064,0.312272133,20.2924937,"0523ASHC_qPCR.csv","Unkn",NA,NA,NA
"FAM","0523ASHC_qPCR_Std-06",32.42497521,1000,32.48349009,0.054895888,0,"0523ASHC_qPCR.csv","0523","ASHC",NA,2023-05-01
"FAM","0523ASHC_qPCR_Std-06",32.4916391,1000,32.48349009,0.054895888,0,"0523ASHC_qPCR.csv","0523","ASHC",NA,2023-05-01
"FAM","0523ASHC_qPCR_Std-06",32.53385594,1000,32.48349009,0.054895888,0,"0523ASHC_qPCR.csv","0523","ASHC",NA,2023-05-01
"FAM","Unkn-06",NA,NA,0,0,0,"0523ASHC_qPCR.csv","Unkn",NA,NA,NA
"FAM","Unkn-06",39.65026613,8.642596948,39.65026613,0,0,"0523ASHC_qPCR.csv","Unkn",NA,NA,NA
"FAM","Unkn-14",33.11426144,648.3462979,33.34306425,0.323576036,119.601091,"0523ASHC_qPCR.csv","Unkn",NA,NA,NA
"FAM","Unkn-14",33.57186706,479.2048129,33.34306425,0.323576036,119.601091,"0523ASHC_qPCR.csv","Unkn",NA,NA,NA
"FAM","Unkn-22",31.76668508,1579.149312,31.76668508,0,0,"0523ASHC_qPCR.csv","Unkn",NA,NA,NA
"FAM","Unkn-22",NA,NA,0,0,0,"0523ASHC_qPCR.csv","Unkn",NA,NA,NA
"FAM","Unkn-30",31.83601517,1508.455743,31.97993325,0.203530902,184.7011388,"0523ASHC_qPCR.csv","Unkn",NA,NA,NA
"FAM","Unkn-30",32.12385133,1247.248887,31.97993325,0.203530902,184.7011388,"0523ASHC_qPCR.csv","Unkn",NA,NA,NA
"FAM","0523ASHC_qPCR_Std-07",36.00323449,100,35.71381352,0.477755959,0,"0523ASHC_qPCR.csv","0523","ASHC",NA,2023-05-01
"FAM","0523ASHC_qPCR_Std-07",35.16237538,100,35.71381352,0.477755959,0,"0523ASHC_qPCR.csv","0523","ASHC",NA,2023-05-01
"FAM","0523ASHC_qPCR_Std-07",35.97583068,100,35.71381352,0.477755959,0,"0523ASHC_qPCR.csv","0523","ASHC",NA,2023-05-01
"FAM","Unkn-07",24.04107943,259943.7615,24.031869,0.013025516,2250.410615,"0523ASHC_qPCR.csv","Unkn",NA,NA,NA
"FAM","Unkn-07",24.02265857,263126.3227,24.031869,0.013025516,2250.410615,"0523ASHC_qPCR.csv","Unkn",NA,NA,NA
"FAM","Unkn-15",27.47598002,26879.13805,27.47620764,0.000321906,5.715067821,"0523ASHC_qPCR.csv","Unkn",NA,NA,NA
"FAM","Unkn-15",27.47643526,26871.05572,27.47620764,0.000321906,5.715067821,"0523ASHC_qPCR.csv","Unkn",NA,NA,NA
"FAM","Unkn-23",32.20340648,1183.392897,32.50812803,0.43094134,277.3286465,"0523ASHC_qPCR.csv","Unkn",NA,NA,NA
"FAM","Unkn-23",32.81284957,791.190964,32.50812803,0.43094134,277.3286465,"0523ASHC_qPCR.csv","Unkn",NA,NA,NA
"FAM","0523ASHC_qPCR_Std-08",39.26212278,10,39.50837487,0.419842583,0,"0523ASHC_qPCR.csv","0523","ASHC",NA,2023-05-01
"FAM","0523ASHC_qPCR_Std-08",39.26985506,10,39.50837487,0.419842583,0,"0523ASHC_qPCR.csv","0523","ASHC",NA,2023-05-01
"FAM","0523ASHC_qPCR_Std-08",39.99314677,10,39.50837487,0.419842583,0,"0523ASHC_qPCR.csv","0523","ASHC",NA,2023-05-01
"FAM","Unkn-08",25.07312599,131458.2725,24.9914194,0.115550574,10596.30871,"0523ASHC_qPCR.csv","Unkn",NA,NA,NA
"FAM","Unkn-08",24.9097128,146443.716,24.9914194,0.115550574,10596.30871,"0523ASHC_qPCR.csv","Unkn",NA,NA,NA
"FAM","Unkn-16",33.96097051,370.5854834,34.01377077,0.074670847,17.65718981,"0523ASHC_qPCR.csv","Unkn",NA,NA,NA
"FAM","Unkn-16",34.06657103,345.6144461,34.01377077,0.074670847,17.65718981,"0523ASHC_qPCR.csv","Unkn",NA,NA,NA
"FAM","Unkn-24",33.78969642,414.9793566,33.92438585,0.190479613,47.83526039,"0523ASHC_qPCR.csv","Unkn",NA,NA,NA
"FAM","Unkn-24",34.05907528,347.3300826,33.92438585,0.190479613,47.83526039,"0523ASHC_qPCR.csv","Unkn",NA,NA,NA
"HEX","0523ASHC_qPCR_Std-01",16.06483191,1e+08,16.03161787,0.084736981,0,"0523ASHC_qPCR.csv","0523","ASHC",NA,2023-05-01
"HEX","0523ASHC_qPCR_Std-01",15.93530528,1e+08,16.03161787,0.084736981,0,"0523ASHC_qPCR.csv","0523","ASHC",NA,2023-05-01
"HEX","0523ASHC_qPCR_Std-01",16.0947164,1e+08,16.03161787,0.084736981,0,"0523ASHC_qPCR.csv","0523","ASHC",NA,2023-05-01
"HEX","Unkn-01",NA,NA,0,0,0,"0523ASHC_qPCR.csv","Unkn",NA,NA,NA
"HEX","Unkn-01",NA,NA,0,0,0,"0523ASHC_qPCR.csv","Unkn",NA,NA,NA
"HEX","Unkn-09",NA,NA,0,0,0,"0523ASHC_qPCR.csv","Unkn",NA,NA,NA
"HEX","Unkn-09",NA,NA,0,0,0,"0523ASHC_qPCR.csv","Unkn",NA,NA,NA
"HEX","Unkn-17",NA,NA,0,0,0,"0523ASHC_qPCR.csv","Unkn",NA,NA,NA
"HEX","Unkn-17",NA,NA,0,0,0,"0523ASHC_qPCR.csv","Unkn",NA,NA,NA
"HEX","Unkn-25",NA,NA,0,0,0,"0523ASHC_qPCR.csv","Unkn",NA,NA,NA
"HEX","Unkn-25",NA,NA,0,0,0,"0523ASHC_qPCR.csv","Unkn",NA,NA,NA
"HEX","NTC-01",NA,NA,0,0,0,"0523ASHC_qPCR.csv","NTC-",NA,NA,NA
"HEX","0523ASHC_qPCR_Std-02",19.36188039,1e+07,19.37164847,0.008529118,0,"0523ASHC_qPCR.csv","0523","ASHC",NA,2023-05-01
"HEX","0523ASHC_qPCR_Std-02",19.37762076,1e+07,19.37164847,0.008529118,0,"0523ASHC_qPCR.csv","0523","ASHC",NA,2023-05-01
"HEX","0523ASHC_qPCR_Std-02",19.37544427,1e+07,19.37164847,0.008529118,0,"0523ASHC_qPCR.csv","0523","ASHC",NA,2023-05-01
"HEX","Unkn-02",NA,NA,0,0,0,"0523ASHC_qPCR.csv","Unkn",NA,NA,NA
"HEX","Unkn-02",NA,NA,0,0,0,"0523ASHC_qPCR.csv","Unkn",NA,NA,NA
"HEX","Unkn-10",NA,NA,0,0,0,"0523ASHC_qPCR.csv","Unkn",NA,NA,NA
"HEX","Unkn-10",NA,NA,0,0,0,"0523ASHC_qPCR.csv","Unkn",NA,NA,NA
"HEX","Unkn-18",NA,NA,0,0,0,"0523ASHC_qPCR.csv","Unkn",NA,NA,NA
"HEX","Unkn-18",NA,NA,0,0,0,"0523ASHC_qPCR.csv","Unkn",NA,NA,NA
"HEX","Unkn-26",NA,NA,0,0,0,"0523ASHC_qPCR.csv","Unkn",NA,NA,NA
"HEX","Unkn-26",NA,NA,0,0,0,"0523ASHC_qPCR.csv","Unkn",NA,NA,NA
"HEX","NTC-01",NA,NA,0,0,0,"0523ASHC_qPCR.csv","NTC-",NA,NA,NA
"HEX","0523ASHC_qPCR_Std-03",22.68465215,1e+06,22.79656335,0.110337374,0,"0523ASHC_qPCR.csv","0523","ASHC",NA,2023-05-01
"HEX","0523ASHC_qPCR_Std-03",22.9052565,1e+06,22.79656335,0.110337374,0,"0523ASHC_qPCR.csv","0523","ASHC",NA,2023-05-01
"HEX","0523ASHC_qPCR_Std-03",22.7997814,1e+06,22.79656335,0.110337374,0,"0523ASHC_qPCR.csv","0523","ASHC",NA,2023-05-01
"HEX","Unkn-03",NA,NA,0,0,0,"0523ASHC_qPCR.csv","Unkn",NA,NA,NA
"HEX","Unkn-03",NA,NA,0,0,0,"0523ASHC_qPCR.csv","Unkn",NA,NA,NA
"HEX","Unkn-11",NA,NA,0,0,0,"0523ASHC_qPCR.csv","Unkn",NA,NA,NA
"HEX","Unkn-11",NA,NA,0,0,0,"0523ASHC_qPCR.csv","Unkn",NA,NA,NA
"HEX","Unkn-19",NA,NA,0,0,0,"0523ASHC_qPCR.csv","Unkn",NA,NA,NA
"HEX","Unkn-19",NA,NA,0,0,0,"0523ASHC_qPCR.csv","Unkn",NA,NA,NA
"HEX","Unkn-27",NA,NA,0,0,0,"0523ASHC_qPCR.csv","Unkn",NA,NA,NA
"HEX","Unkn-27",NA,NA,0,0,0,"0523ASHC_qPCR.csv","Unkn",NA,NA,NA
"HEX","NTC-01",NA,NA,0,0,0,"0523ASHC_qPCR.csv","NTC-",NA,NA,NA
"HEX","0523ASHC_qPCR_Std-04",26.12359902,1e+05,26.2123742,0.083802424,0,"0523ASHC_qPCR.csv","0523","ASHC",NA,2023-05-01
"HEX","0523ASHC_qPCR_Std-04",26.22341407,1e+05,26.2123742,0.083802424,0,"0523ASHC_qPCR.csv","0523","ASHC",NA,2023-05-01
"HEX","0523ASHC_qPCR_Std-04",26.29010953,1e+05,26.2123742,0.083802424,0,"0523ASHC_qPCR.csv","0523","ASHC",NA,2023-05-01
"HEX","Unkn-04",NA,NA,0,0,0,"0523ASHC_qPCR.csv","Unkn",NA,NA,NA
"HEX","Unkn-04",NA,NA,0,0,0,"0523ASHC_qPCR.csv","Unkn",NA,NA,NA
"HEX","Unkn-12",NA,NA,0,0,0,"0523ASHC_qPCR.csv","Unkn",NA,NA,NA
"HEX","Unkn-12",NA,NA,0,0,0,"0523ASHC_qPCR.csv","Unkn",NA,NA,NA
"HEX","Unkn-20",NA,NA,0,0,0,"0523ASHC_qPCR.csv","Unkn",NA,NA,NA
"HEX","Unkn-20",NA,NA,0,0,0,"0523ASHC_qPCR.csv","Unkn",NA,NA,NA
"HEX","Unkn-28",NA,NA,0,0,0,"0523ASHC_qPCR.csv","Unkn",NA,NA,NA
"HEX","Unkn-28",NA,NA,0,0,0,"0523ASHC_qPCR.csv","Unkn",NA,NA,NA
"HEX","0523ASHC_qPCR_Std-05",29.59955904,10000,29.60766855,0.063095969,0,"0523ASHC_qPCR.csv","0523","ASHC",NA,2023-05-01
"HEX","0523ASHC_qPCR_Std-05",29.54901941,10000,29.60766855,0.063095969,0,"0523ASHC_qPCR.csv","0523","ASHC",NA,2023-05-01
"HEX","0523ASHC_qPCR_Std-05",29.6744272,10000,29.60766855,0.063095969,0,"0523ASHC_qPCR.csv","0523","ASHC",NA,2023-05-01
"HEX","Unkn-05",NA,NA,0,0,0,"0523ASHC_qPCR.csv","Unkn",NA,NA,NA
"HEX","Unkn-05",NA,NA,0,0,0,"0523ASHC_qPCR.csv","Unkn",NA,NA,NA
"HEX","Unkn-13",NA,NA,0,0,0,"0523ASHC_qPCR.csv","Unkn",NA,NA,NA
"HEX","Unkn-13",NA,NA,0,0,0,"0523ASHC_qPCR.csv","Unkn",NA,NA,NA
"HEX","Unkn-21",NA,NA,0,0,0,"0523ASHC_qPCR.csv","Unkn",NA,NA,NA
"HEX","Unkn-21",NA,NA,0,0,0,"0523ASHC_qPCR.csv","Unkn",NA,NA,NA
"HEX","Unkn-29",NA,NA,0,0,0,"0523ASHC_qPCR.csv","Unkn",NA,NA,NA
"HEX","Unkn-29",NA,NA,0,0,0,"0523ASHC_qPCR.csv","Unkn",NA,NA,NA
"HEX","0523ASHC_qPCR_Std-06",33.62177975,1000,33.79992586,0.163566115,0,"0523ASHC_qPCR.csv","0523","ASHC",NA,2023-05-01
"HEX","0523ASHC_qPCR_Std-06",33.83466802,1000,33.79992586,0.163566115,0,"0523ASHC_qPCR.csv","0523","ASHC",NA,2023-05-01
"HEX","0523ASHC_qPCR_Std-06",33.94332981,1000,33.79992586,0.163566115,0,"0523ASHC_qPCR.csv","0523","ASHC",NA,2023-05-01
"HEX","Unkn-06",NA,NA,0,0,0,"0523ASHC_qPCR.csv","Unkn",NA,NA,NA
"HEX","Unkn-06",NA,NA,0,0,0,"0523ASHC_qPCR.csv","Unkn",NA,NA,NA
"HEX","Unkn-14",NA,NA,0,0,0,"0523ASHC_qPCR.csv","Unkn",NA,NA,NA
"HEX","Unkn-14",NA,NA,0,0,0,"0523ASHC_qPCR.csv","Unkn",NA,NA,NA
"HEX","Unkn-22",NA,NA,0,0,0,"0523ASHC_qPCR.csv","Unkn",NA,NA,NA
"HEX","Unkn-22",NA,NA,0,0,0,"0523ASHC_qPCR.csv","Unkn",NA,NA,NA
"HEX","Unkn-30",NA,NA,0,0,0,"0523ASHC_qPCR.csv","Unkn",NA,NA,NA
"HEX","Unkn-30",NA,NA,0,0,0,"0523ASHC_qPCR.csv","Unkn",NA,NA,NA
"HEX","0523ASHC_qPCR_Std-07",37.0534783,100,37.38993387,0.326090531,0,"0523ASHC_qPCR.csv","0523","ASHC",NA,2023-05-01
"HEX","0523ASHC_qPCR_Std-07",37.41176061,100,37.38993387,0.326090531,0,"0523ASHC_qPCR.csv","0523","ASHC",NA,2023-05-01
"HEX","0523ASHC_qPCR_Std-07",37.70456272,100,37.38993387,0.326090531,0,"0523ASHC_qPCR.csv","0523","ASHC",NA,2023-05-01
"HEX","Unkn-07",NA,NA,0,0,0,"0523ASHC_qPCR.csv","Unkn",NA,NA,NA
"HEX","Unkn-07",NA,NA,0,0,0,"0523ASHC_qPCR.csv","Unkn",NA,NA,NA
"HEX","Unkn-15",NA,NA,0,0,0,"0523ASHC_qPCR.csv","Unkn",NA,NA,NA
"HEX","Unkn-15",NA,NA,0,0,0,"0523ASHC_qPCR.csv","Unkn",NA,NA,NA
"HEX","Unkn-23",NA,NA,0,0,0,"0523ASHC_qPCR.csv","Unkn",NA,NA,NA
"HEX","Unkn-23",NA,NA,0,0,0,"0523ASHC_qPCR.csv","Unkn",NA,NA,NA
"HEX","0523ASHC_qPCR_Std-08",NA,10,0,0,0,"0523ASHC_qPCR.csv","0523","ASHC",NA,2023-05-01
"HEX","0523ASHC_qPCR_Std-08",NA,10,0,0,0,"0523ASHC_qPCR.csv","0523","ASHC",NA,2023-05-01
"HEX","0523ASHC_qPCR_Std-08",NA,10,0,0,0,"0523ASHC_qPCR.csv","0523","ASHC",NA,2023-05-01
"HEX","Unkn-08",NA,NA,0,0,0,"0523ASHC_qPCR.csv","Unkn",NA,NA,NA
"HEX","Unkn-08",NA,NA,0,0,0,"0523ASHC_qPCR.csv","Unkn",NA,NA,NA
"HEX","Unkn-16",NA,NA,0,0,0,"0523ASHC_qPCR.csv","Unkn",NA,NA,NA
"HEX","Unkn-16",NA,NA,0,0,0,"0523ASHC_qPCR.csv","Unkn",NA,NA,NA
"HEX","Unkn-24",NA,NA,0,0,0,"0523ASHC_qPCR.csv","Unkn",NA,NA,NA
"HEX","Unkn-24",NA,NA,0,0,0,"0523ASHC_qPCR.csv","Unkn",NA,NA,NA
"FAM","0523FENC_qPCR_Std-01",14.64427007,1e+08,14.69590866,0.04473241,0,"0523FENC_qPCR.csv","0523","FENC",NA,2023-05-01
"FAM","0523FENC_qPCR_Std-01",14.72276735,1e+08,14.69590866,0.04473241,0,"0523FENC_qPCR.csv","0523","FENC",NA,2023-05-01
"FAM","0523FENC_qPCR_Std-01",14.72068857,1e+08,14.69590866,0.04473241,0,"0523FENC_qPCR.csv","0523","FENC",NA,2023-05-01
"FAM","0523FENC_01",NA,NA,0,0,0,"0523FENC_qPCR.csv","0523","FENC","01",2023-05-01
"FAM","0523FENC_01",39.2134188,12.93164862,39.2134188,0,0,"0523FENC_qPCR.csv","0523","FENC","01",2023-05-01
"FAM","0523FENC_09",NA,NA,0,0,0,"0523FENC_qPCR.csv","0523","FENC","09",2023-05-01
"FAM","0523FENC_09",NA,NA,0,0,0,"0523FENC_qPCR.csv","0523","FENC","09",2023-05-01
"FAM","0523FENC_17",NA,NA,0,0,0,"0523FENC_qPCR.csv","0523","FENC","17",2023-05-01
"FAM","0523FENC_17",NA,NA,0,0,0,"0523FENC_qPCR.csv","0523","FENC","17",2023-05-01
"FAM","0523FENC_25",34.89514321,223.5295637,34.92483173,0.041985907,6.073950113,"0523FENC_qPCR.csv","0523","FENC","25",2023-05-01
"FAM","0523FENC_25",34.95452025,214.9397011,34.92483173,0.041985907,6.073950113,"0523FENC_qPCR.csv","0523","FENC","25",2023-05-01
"FAM","NTC-01",NA,NA,0,0,0,"0523FENC_qPCR.csv","NTC-",NA,NA,NA
"FAM","0523FENC_qPCR_Std-02",18.13097837,1e+07,18.2030444,0.063744896,0,"0523FENC_qPCR.csv","0523","FENC",NA,2023-05-01
"FAM","0523FENC_qPCR_Std-02",18.22610527,1e+07,18.2030444,0.063744896,0,"0523FENC_qPCR.csv","0523","FENC",NA,2023-05-01
"FAM","0523FENC_qPCR_Std-02",18.25204957,1e+07,18.2030444,0.063744896,0,"0523FENC_qPCR.csv","0523","FENC",NA,2023-05-01
"FAM","0523FENC_02",NA,NA,0,0,0,"0523FENC_qPCR.csv","0523","FENC","02",2023-05-01
"FAM","0523FENC_02",NA,NA,0,0,0,"0523FENC_qPCR.csv","0523","FENC","02",2023-05-01
"FAM","0523FENC_10",NA,NA,0,0,0,"0523FENC_qPCR.csv","0523","FENC","10",2023-05-01
"FAM","0523FENC_10",NA,NA,0,0,0,"0523FENC_qPCR.csv","0523","FENC","10",2023-05-01
"FAM","0523FENC_18",NA,NA,0,0,0,"0523FENC_qPCR.csv","0523","FENC","18",2023-05-01
"FAM","0523FENC_18",NA,NA,0,0,0,"0523FENC_qPCR.csv","0523","FENC","18",2023-05-01
"FAM","0523FENC_26",28.1710208,18904.57884,28.21449228,0.061477952,745.4190587,"0523FENC_qPCR.csv","0523","FENC","26",2023-05-01
"FAM","0523FENC_26",28.25796376,17850.39709,28.21449228,0.061477952,745.4190587,"0523FENC_qPCR.csv","0523","FENC","26",2023-05-01
"FAM","NTC-01",NA,NA,0,0,0,"0523FENC_qPCR.csv","NTC-",NA,NA,NA
"FAM","0523FENC_qPCR_Std-03",24.09079962,1e+06,24.11013823,0.027152335,0,"0523FENC_qPCR.csv","0523","FENC",NA,2023-05-01
"FAM","0523FENC_qPCR_Std-03",24.09843552,1e+06,24.11013823,0.027152335,0,"0523FENC_qPCR.csv","0523","FENC",NA,2023-05-01
"FAM","0523FENC_qPCR_Std-03",24.14117955,1e+06,24.11013823,0.027152335,0,"0523FENC_qPCR.csv","0523","FENC",NA,2023-05-01
"FAM","0523FENC_03",NA,NA,0,0,0,"0523FENC_qPCR.csv","0523","FENC","03",2023-05-01
"FAM","0523FENC_03",NA,NA,0,0,0,"0523FENC_qPCR.csv","0523","FENC","03",2023-05-01
"FAM","0523FENC_11",NA,NA,0,0,0,"0523FENC_qPCR.csv","0523","FENC","11",2023-05-01
"FAM","0523FENC_11",NA,NA,0,0,0,"0523FENC_qPCR.csv","0523","FENC","11",2023-05-01
"FAM","0523FENC_19",34.38817909,312.3477038,34.57917925,0.270115017,49.21609571,"0523FENC_qPCR.csv","0523","FENC","19",2023-05-01
"FAM","0523FENC_19",34.77017941,242.7456338,34.57917925,0.270115017,49.21609571,"0523FENC_qPCR.csv","0523","FENC","19",2023-05-01
"FAM","0523FENC_27",NA,NA,0,0,0,"0523FENC_qPCR.csv","0523","FENC","27",2023-05-01
"FAM","0523FENC_27",32.50932064,1079.311208,32.50932064,0,0,"0523FENC_qPCR.csv","0523","FENC","27",2023-05-01
"FAM","NTC-01",NA,NA,0,0,0,"0523FENC_qPCR.csv","NTC-",NA,NA,NA
"FAM","0523FENC_qPCR_Std-04",25.04295923,1e+05,25.02376596,0.022478464,0,"0523FENC_qPCR.csv","0523","FENC",NA,2023-05-01
"FAM","0523FENC_qPCR_Std-04",25.0293019,1e+05,25.02376596,0.022478464,0,"0523FENC_qPCR.csv","0523","FENC",NA,2023-05-01
"FAM","0523FENC_qPCR_Std-04",24.99903674,1e+05,25.02376596,0.022478464,0,"0523FENC_qPCR.csv","0523","FENC",NA,2023-05-01
"FAM","0523FENC_04",37.30268135,45.63512579,36.29120607,1.43044206,90.35962671,"0523FENC_qPCR.csv","0523","FENC","04",2023-05-01
"FAM","0523FENC_04",35.27973079,173.4229354,36.29120607,1.43044206,90.35962671,"0523FENC_qPCR.csv","0523","FENC","04",2023-05-01
"FAM","0523FENC_12",31.58460199,1986.939334,31.59724823,0.017884486,23.25710216,"0523FENC_qPCR.csv","0523","FENC","12",2023-05-01
"FAM","0523FENC_12",31.60989447,1954.048824,31.59724823,0.017884486,23.25710216,"0523FENC_qPCR.csv","0523","FENC","12",2023-05-01
"FAM","0523FENC_20",NA,NA,0,0,0,"0523FENC_qPCR.csv","0523","FENC","20",2023-05-01
"FAM","0523FENC_20",NA,NA,0,0,0,"0523FENC_qPCR.csv","0523","FENC","20",2023-05-01
"FAM","0523FENC_28",32.6372678,991.9165962,32.6372678,0,0,"0523FENC_qPCR.csv","0523","FENC","28",2023-05-01
"FAM","0523FENC_28",NA,NA,0,0,0,"0523FENC_qPCR.csv","0523","FENC","28",2023-05-01
"FAM","0523FENC_qPCR_Std-05",28.90070218,10000,28.81323435,0.083827662,0,"0523FENC_qPCR.csv","0523","FENC",NA,2023-05-01
"FAM","0523FENC_qPCR_Std-05",28.73359625,10000,28.81323435,0.083827662,0,"0523FENC_qPCR.csv","0523","FENC",NA,2023-05-01
"FAM","0523FENC_qPCR_Std-05",28.80540461,10000,28.81323435,0.083827662,0,"0523FENC_qPCR.csv","0523","FENC",NA,2023-05-01
"FAM","0523FENC_05",30.27954997,4701.448062,30.19223709,0.123479055,406.0733466,"0523FENC_qPCR.csv","0523","FENC","05",2023-05-01
"FAM","0523FENC_05",30.10492422,5275.722496,30.19223709,0.123479055,406.0733466,"0523FENC_qPCR.csv","0523","FENC","05",2023-05-01
"FAM","0523FENC_13",34.61471401,268.9738695,34.69566164,0.114477241,19.27299025,"0523FENC_qPCR.csv","0523","FENC","13",2023-05-01
"FAM","0523FENC_13",34.77660927,241.7177453,34.69566164,0.114477241,19.27299025,"0523FENC_qPCR.csv","0523","FENC","13",2023-05-01
"FAM","0523FENC_21",32.00655472,1503.996308,32.00386454,0.003804484,3.782926364,"0523FENC_qPCR.csv","0523","FENC","21",2023-05-01
"FAM","0523FENC_21",32.00117436,1509.346174,32.00386454,0.003804484,3.782926364,"0523FENC_qPCR.csv","0523","FENC","21",2023-05-01
"FAM","0523FENC_29",34.16470405,361.9841378,34.19611349,0.04441965,10.39459221,"0523FENC_qPCR.csv","0523","FENC","29",2023-05-01
"FAM","0523FENC_29",34.22752292,347.2839645,34.19611349,0.04441965,10.39459221,"0523FENC_qPCR.csv","0523","FENC","29",2023-05-01
"FAM","0523FENC_qPCR_Std-06",32.55007256,1000,32.58264088,0.06465704,0,"0523FENC_qPCR.csv","0523","FENC",NA,2023-05-01
"FAM","0523FENC_qPCR_Std-06",32.5407442,1000,32.58264088,0.06465704,0,"0523FENC_qPCR.csv","0523","FENC",NA,2023-05-01
"FAM","0523FENC_qPCR_Std-06",32.65710589,1000,32.58264088,0.06465704,0,"0523FENC_qPCR.csv","0523","FENC",NA,2023-05-01
"FAM","0523FENC_06",33.95233898,416.4438771,33.913854,0.054425989,15.34454261,"0523FENC_qPCR.csv","0523","FENC","06",2023-05-01
"FAM","0523FENC_06",33.87536901,438.1443373,33.913854,0.054425989,15.34454261,"0523FENC_qPCR.csv","0523","FENC","06",2023-05-01
"FAM","0523FENC_14",NA,NA,0,0,0,"0523FENC_qPCR.csv","0523","FENC","14",2023-05-01
"FAM","0523FENC_14",NA,NA,0,0,0,"0523FENC_qPCR.csv","0523","FENC","14",2023-05-01
"FAM","0523FENC_22",34.18019751,358.3017149,33.97730993,0.286926374,77.80023615,"0523FENC_qPCR.csv","0523","FENC","22",2023-05-01
"FAM","0523FENC_22",33.77442234,468.327864,33.97730993,0.286926374,77.80023615,"0523FENC_qPCR.csv","0523","FENC","22",2023-05-01
"FAM","0523FENC_30",30.26582545,4744.22516,30.22791568,0.053612504,172.1298824,"0523FENC_qPCR.csv","0523","FENC","30",2023-05-01
"FAM","0523FENC_30",30.19000592,4987.653574,30.22791568,0.053612504,172.1298824,"0523FENC_qPCR.csv","0523","FENC","30",2023-05-01
"FAM","0523FENC_qPCR_Std-07",36.75625044,100,36.0823534,0.886531849,0,"0523FENC_qPCR.csv","0523","FENC",NA,2023-05-01
"FAM","0523FENC_qPCR_Std-07",36.41273974,100,36.0823534,0.886531849,0,"0523FENC_qPCR.csv","0523","FENC",NA,2023-05-01
"FAM","0523FENC_qPCR_Std-07",35.07807003,100,36.0823534,0.886531849,0,"0523FENC_qPCR.csv","0523","FENC",NA,2023-05-01
"FAM","0523FENC_07",35.770265,125.4620097,36.02469675,0.359820842,25.30624281,"0523FENC_qPCR.csv","0523","FENC","07",2023-05-01
"FAM","0523FENC_07",36.27912851,89.67357792,36.02469675,0.359820842,25.30624281,"0523FENC_qPCR.csv","0523","FENC","07",2023-05-01
"FAM","0523FENC_15",34.30333493,330.3359937,33.92997585,0.52800947,148.7673306,"0523FENC_qPCR.csv","0523","FENC","15",2023-05-01
"FAM","0523FENC_15",33.55661678,540.7247703,33.92997585,0.52800947,148.7673306,"0523FENC_qPCR.csv","0523","FENC","15",2023-05-01
"FAM","0523FENC_23",37.92947503,30.17525844,37.53408368,0.559167812,14.62007409,"0523FENC_qPCR.csv","0523","FENC","23",2023-05-01
"FAM","0523FENC_23",37.13869232,50.85116551,37.53408368,0.559167812,14.62007409,"0523FENC_qPCR.csv","0523","FENC","23",2023-05-01
"FAM","0523FENC_qPCR_Std-08",NA,10,0,0,0,"0523FENC_qPCR.csv","0523","FENC",NA,2023-05-01
"FAM","0523FENC_qPCR_Std-08",NA,10,0,0,0,"0523FENC_qPCR.csv","0523","FENC",NA,2023-05-01
"FAM","0523FENC_qPCR_Std-08",39.65586948,10,39.65586948,0,0,"0523FENC_qPCR.csv","0523","FENC",NA,2023-05-01
"FAM","0523FENC_08",35.48543662,151.4077923,35.1803584,0.431445755,53.08338443,"0523FENC_qPCR.csv","0523","FENC","08",2023-05-01
"FAM","0523FENC_08",34.87528018,226.4790345,35.1803584,0.431445755,53.08338443,"0523FENC_qPCR.csv","0523","FENC","08",2023-05-01
"FAM","0523FENC_16",33.68463792,496.9166287,33.62760291,0.080659682,27.47285139,"0523FENC_qPCR.csv","0523","FENC","16",2023-05-01
"FAM","0523FENC_16",33.5705679,535.7691077,33.62760291,0.080659682,27.47285139,"0523FENC_qPCR.csv","0523","FENC","16",2023-05-01
"FAM","0523FENC_24",30.08323757,5351.772632,30.04976742,0.047333933,170.927791,"0523FENC_qPCR.csv","0523","FENC","24",2023-05-01
"FAM","0523FENC_24",30.01629728,5593.501032,30.04976742,0.047333933,170.927791,"0523FENC_qPCR.csv","0523","FENC","24",2023-05-01
"HEX","0523FENC_qPCR_Std-01",15.70661758,1e+08,15.71674715,0.07242517,0,"0523FENC_qPCR.csv","0523","FENC",NA,2023-05-01
"HEX","0523FENC_qPCR_Std-01",15.64992001,1e+08,15.71674715,0.07242517,0,"0523FENC_qPCR.csv","0523","FENC",NA,2023-05-01
"HEX","0523FENC_qPCR_Std-01",15.79370386,1e+08,15.71674715,0.07242517,0,"0523FENC_qPCR.csv","0523","FENC",NA,2023-05-01
"HEX","0523FENC_01",NA,NA,0,0,0,"0523FENC_qPCR.csv","0523","FENC","01",2023-05-01
"HEX","0523FENC_01",NA,NA,0,0,0,"0523FENC_qPCR.csv","0523","FENC","01",2023-05-01
"HEX","0523FENC_09",NA,NA,0,0,0,"0523FENC_qPCR.csv","0523","FENC","09",2023-05-01
"HEX","0523FENC_09",NA,NA,0,0,0,"0523FENC_qPCR.csv","0523","FENC","09",2023-05-01
"HEX","0523FENC_17",NA,NA,0,0,0,"0523FENC_qPCR.csv","0523","FENC","17",2023-05-01
"HEX","0523FENC_17",NA,NA,0,0,0,"0523FENC_qPCR.csv","0523","FENC","17",2023-05-01
"HEX","0523FENC_25",NA,NA,0,0,0,"0523FENC_qPCR.csv","0523","FENC","25",2023-05-01
"HEX","0523FENC_25",NA,NA,0,0,0,"0523FENC_qPCR.csv","0523","FENC","25",2023-05-01
"HEX","NTC-01",NA,NA,0,0,0,"0523FENC_qPCR.csv","NTC-",NA,NA,NA
"HEX","0523FENC_qPCR_Std-02",19.00666355,1e+07,19.04482137,0.03485081,0,"0523FENC_qPCR.csv","0523","FENC",NA,2023-05-01
"HEX","0523FENC_qPCR_Std-02",19.07497117,1e+07,19.04482137,0.03485081,0,"0523FENC_qPCR.csv","0523","FENC",NA,2023-05-01
"HEX","0523FENC_qPCR_Std-02",19.0528294,1e+07,19.04482137,0.03485081,0,"0523FENC_qPCR.csv","0523","FENC",NA,2023-05-01
"HEX","0523FENC_02",NA,NA,0,0,0,"0523FENC_qPCR.csv","0523","FENC","02",2023-05-01
"HEX","0523FENC_02",NA,NA,0,0,0,"0523FENC_qPCR.csv","0523","FENC","02",2023-05-01
"HEX","0523FENC_10",NA,NA,0,0,0,"0523FENC_qPCR.csv","0523","FENC","10",2023-05-01
"HEX","0523FENC_10",NA,NA,0,0,0,"0523FENC_qPCR.csv","0523","FENC","10",2023-05-01
"HEX","0523FENC_18",NA,NA,0,0,0,"0523FENC_qPCR.csv","0523","FENC","18",2023-05-01
"HEX","0523FENC_18",NA,NA,0,0,0,"0523FENC_qPCR.csv","0523","FENC","18",2023-05-01
"HEX","0523FENC_26",NA,NA,0,0,0,"0523FENC_qPCR.csv","0523","FENC","26",2023-05-01
"HEX","0523FENC_26",NA,NA,0,0,0,"0523FENC_qPCR.csv","0523","FENC","26",2023-05-01
"HEX","NTC-01",NA,NA,0,0,0,"0523FENC_qPCR.csv","NTC-",NA,NA,NA
"HEX","0523FENC_qPCR_Std-03",22.41723084,1e+06,22.44293756,0.022337221,0,"0523FENC_qPCR.csv","0523","FENC",NA,2023-05-01
"HEX","0523FENC_qPCR_Std-03",22.45396752,1e+06,22.44293756,0.022337221,0,"0523FENC_qPCR.csv","0523","FENC",NA,2023-05-01
"HEX","0523FENC_qPCR_Std-03",22.45761431,1e+06,22.44293756,0.022337221,0,"0523FENC_qPCR.csv","0523","FENC",NA,2023-05-01
"HEX","0523FENC_03",NA,NA,0,0,0,"0523FENC_qPCR.csv","0523","FENC","03",2023-05-01
"HEX","0523FENC_03",NA,NA,0,0,0,"0523FENC_qPCR.csv","0523","FENC","03",2023-05-01
"HEX","0523FENC_11",38.82796666,12.84325377,39.17056165,0.484502476,3.421917524,"0523FENC_qPCR.csv","0523","FENC","11",2023-05-01
"HEX","0523FENC_11",39.51315663,8.003931595,39.17056165,0.484502476,3.421917524,"0523FENC_qPCR.csv","0523","FENC","11",2023-05-01
"HEX","0523FENC_19",32.61190144,937.1597276,32.81176427,0.282648721,159.7634463,"0523FENC_qPCR.csv","0523","FENC","19",2023-05-01
"HEX","0523FENC_19",33.01162709,711.2200951,32.81176427,0.282648721,159.7634463,"0523FENC_qPCR.csv","0523","FENC","19",2023-05-01
"HEX","0523FENC_27",NA,NA,0,0,0,"0523FENC_qPCR.csv","0523","FENC","27",2023-05-01
"HEX","0523FENC_27",37.060844,43.48444963,37.060844,0,0,"0523FENC_qPCR.csv","0523","FENC","27",2023-05-01
"HEX","NTC-01",NA,NA,0,0,0,"0523FENC_qPCR.csv","NTC-",NA,NA,NA
"HEX","0523FENC_qPCR_Std-04",26.03197545,1e+05,25.97564713,0.061033112,0,"0523FENC_qPCR.csv","0523","FENC",NA,2023-05-01
"HEX","0523FENC_qPCR_Std-04",25.91080353,1e+05,25.97564713,0.061033112,0,"0523FENC_qPCR.csv","0523","FENC",NA,2023-05-01
"HEX","0523FENC_qPCR_Std-04",25.9841624,1e+05,25.97564713,0.061033112,0,"0523FENC_qPCR.csv","0523","FENC",NA,2023-05-01
"HEX","0523FENC_04",NA,NA,0,0,0,"0523FENC_qPCR.csv","0523","FENC","04",2023-05-01
"HEX","0523FENC_04",NA,NA,0,0,0,"0523FENC_qPCR.csv","0523","FENC","04",2023-05-01
"HEX","0523FENC_12",NA,NA,0,0,0,"0523FENC_qPCR.csv","0523","FENC","12",2023-05-01
"HEX","0523FENC_12",NA,NA,0,0,0,"0523FENC_qPCR.csv","0523","FENC","12",2023-05-01
"HEX","0523FENC_20",34.51680236,251.6856676,34.27500977,0.34194636,70.50954209,"0523FENC_qPCR.csv","0523","FENC","20",2023-05-01
"HEX","0523FENC_20",34.03321718,351.4012183,34.27500977,0.34194636,70.50954209,"0523FENC_qPCR.csv","0523","FENC","20",2023-05-01
"HEX","0523FENC_28",39.48829925,8.142426763,39.48829925,0,0,"0523FENC_qPCR.csv","0523","FENC","28",2023-05-01
"HEX","0523FENC_28",NA,NA,0,0,0,"0523FENC_qPCR.csv","0523","FENC","28",2023-05-01
"HEX","0523FENC_qPCR_Std-05",29.27176598,10000,29.19354216,0.068566395,0,"0523FENC_qPCR.csv","0523","FENC",NA,2023-05-01
"HEX","0523FENC_qPCR_Std-05",29.16501917,10000,29.19354216,0.068566395,0,"0523FENC_qPCR.csv","0523","FENC",NA,2023-05-01
"HEX","0523FENC_qPCR_Std-05",29.14384132,10000,29.19354216,0.068566395,0,"0523FENC_qPCR.csv","0523","FENC",NA,2023-05-01
"HEX","0523FENC_05",NA,NA,0,0,0,"0523FENC_qPCR.csv","0523","FENC","05",2023-05-01
"HEX","0523FENC_05",NA,NA,0,0,0,"0523FENC_qPCR.csv","0523","FENC","05",2023-05-01
"HEX","0523FENC_13",NA,NA,0,0,0,"0523FENC_qPCR.csv","0523","FENC","13",2023-05-01
"HEX","0523FENC_13",NA,NA,0,0,0,"0523FENC_qPCR.csv","0523","FENC","13",2023-05-01
"HEX","0523FENC_21",NA,NA,0,0,0,"0523FENC_qPCR.csv","0523","FENC","21",2023-05-01
"HEX","0523FENC_21",37.12031419,41.73582498,37.12031419,0,0,"0523FENC_qPCR.csv","0523","FENC","21",2023-05-01
"HEX","0523FENC_29",NA,NA,0,0,0,"0523FENC_qPCR.csv","0523","FENC","29",2023-05-01
"HEX","0523FENC_29",NA,NA,0,0,0,"0523FENC_qPCR.csv","0523","FENC","29",2023-05-01
"HEX","0523FENC_qPCR_Std-06",32.87429506,1000,32.93975658,0.174063072,0,"0523FENC_qPCR.csv","0523","FENC",NA,2023-05-01
"HEX","0523FENC_qPCR_Std-06",33.13705965,1000,32.93975658,0.174063072,0,"0523FENC_qPCR.csv","0523","FENC",NA,2023-05-01
"HEX","0523FENC_qPCR_Std-06",32.80791503,1000,32.93975658,0.174063072,0,"0523FENC_qPCR.csv","0523","FENC",NA,2023-05-01
"HEX","0523FENC_06",NA,NA,0,0,0,"0523FENC_qPCR.csv","0523","FENC","06",2023-05-01
"HEX","0523FENC_06",NA,NA,0,0,0,"0523FENC_qPCR.csv","0523","FENC","06",2023-05-01
"HEX","0523FENC_14",NA,NA,0,0,0,"0523FENC_qPCR.csv","0523","FENC","14",2023-05-01
"HEX","0523FENC_14",NA,NA,0,0,0,"0523FENC_qPCR.csv","0523","FENC","14",2023-05-01
"HEX","0523FENC_22",NA,NA,0,0,0,"0523FENC_qPCR.csv","0523","FENC","22",2023-05-01
"HEX","0523FENC_22",NA,NA,0,0,0,"0523FENC_qPCR.csv","0523","FENC","22",2023-05-01
"HEX","0523FENC_30",NA,NA,0,0,0,"0523FENC_qPCR.csv","0523","FENC","30",2023-05-01
"HEX","0523FENC_30",NA,NA,0,0,0,"0523FENC_qPCR.csv","0523","FENC","30",2023-05-01
"HEX","0523FENC_qPCR_Std-07",37.29188003,100,36.38393411,1.148371746,0,"0523FENC_qPCR.csv","0523","FENC",NA,2023-05-01
"HEX","0523FENC_qPCR_Std-07",36.76690997,100,36.38393411,1.148371746,0,"0523FENC_qPCR.csv","0523","FENC",NA,2023-05-01
"HEX","0523FENC_qPCR_Std-07",35.09301234,100,36.38393411,1.148371746,0,"0523FENC_qPCR.csv","0523","FENC",NA,2023-05-01
"HEX","0523FENC_07",NA,NA,0,0,0,"0523FENC_qPCR.csv","0523","FENC","07",2023-05-01
"HEX","0523FENC_07",NA,NA,0,0,0,"0523FENC_qPCR.csv","0523","FENC","07",2023-05-01
"HEX","0523FENC_15",NA,NA,0,0,0,"0523FENC_qPCR.csv","0523","FENC","15",2023-05-01
"HEX","0523FENC_15",37.39416912,34.54829219,37.39416912,0,0,"0523FENC_qPCR.csv","0523","FENC","15",2023-05-01
"HEX","0523FENC_23",NA,NA,0,0,0,"0523FENC_qPCR.csv","0523","FENC","23",2023-05-01
"HEX","0523FENC_23",NA,NA,0,0,0,"0523FENC_qPCR.csv","0523","FENC","23",2023-05-01
"HEX","0523FENC_qPCR_Std-08",38.33702766,10,38.01885892,0.44995855,0,"0523FENC_qPCR.csv","0523","FENC",NA,2023-05-01
"HEX","0523FENC_qPCR_Std-08",NA,10,0,0,0,"0523FENC_qPCR.csv","0523","FENC",NA,2023-05-01
"HEX","0523FENC_qPCR_Std-08",37.70069018,10,38.01885892,0.44995855,0,"0523FENC_qPCR.csv","0523","FENC",NA,2023-05-01
"HEX","0523FENC_08",NA,NA,0,0,0,"0523FENC_qPCR.csv","0523","FENC","08",2023-05-01
"HEX","0523FENC_08",NA,NA,0,0,0,"0523FENC_qPCR.csv","0523","FENC","08",2023-05-01
"HEX","0523FENC_16",38.75262262,13.52875709,38.26620828,0.687893758,9.1546974,"0523FENC_qPCR.csv","0523","FENC","16",2023-05-01
"HEX","0523FENC_16",37.77979394,26.47545431,38.26620828,0.687893758,9.1546974,"0523FENC_qPCR.csv","0523","FENC","16",2023-05-01
"HEX","0523FENC_24",NA,NA,0,0,0,"0523FENC_qPCR.csv","0523","FENC","24",2023-05-01
"HEX","0523FENC_24",NA,NA,0,0,0,"0523FENC_qPCR.csv","0523","FENC","24",2023-05-01
"FAM","0523GOLD_qPCR_Std-01",14.32645898,1e+08,14.29176378,0.030827266,0,"0523GOLD_qPCR.csv","0523","GOLD",NA,2023-05-01
"FAM","0523GOLD_qPCR_Std-01",14.28130839,1e+08,14.29176378,0.030827266,0,"0523GOLD_qPCR.csv","0523","GOLD",NA,2023-05-01
"FAM","0523GOLD_qPCR_Std-01",14.26752397,1e+08,14.29176378,0.030827266,0,"0523GOLD_qPCR.csv","0523","GOLD",NA,2023-05-01
"FAM","0523GOLD_01",NA,NA,0,0,0,"0523GOLD_qPCR.csv","0523","GOLD","01",2023-05-01
"FAM","0523GOLD_01",NA,NA,0,0,0,"0523GOLD_qPCR.csv","0523","GOLD","01",2023-05-01
"FAM","0523GOLD_09",NA,NA,0,0,0,"0523GOLD_qPCR.csv","0523","GOLD","09",2023-05-01
"FAM","0523GOLD_09",NA,NA,0,0,0,"0523GOLD_qPCR.csv","0523","GOLD","09",2023-05-01
"FAM","0523GOLD_17",NA,NA,0,0,0,"0523GOLD_qPCR.csv","0523","GOLD","17",2023-05-01
"FAM","0523GOLD_17",NA,NA,0,0,0,"0523GOLD_qPCR.csv","0523","GOLD","17",2023-05-01
"FAM","0523GOLD_25",NA,NA,0,0,0,"0523GOLD_qPCR.csv","0523","GOLD","25",2023-05-01
"FAM","0523GOLD_25",NA,NA,0,0,0,"0523GOLD_qPCR.csv","0523","GOLD","25",2023-05-01
"FAM","NTC-01",NA,NA,0,0,0,"0523GOLD_qPCR.csv","NTC-",NA,NA,NA
"FAM","0523GOLD_qPCR_Std-02",18.02363249,1e+07,18.15463044,0.114567973,0,"0523GOLD_qPCR.csv","0523","GOLD",NA,2023-05-01
"FAM","0523GOLD_qPCR_Std-02",18.20414591,1e+07,18.15463044,0.114567973,0,"0523GOLD_qPCR.csv","0523","GOLD",NA,2023-05-01
"FAM","0523GOLD_qPCR_Std-02",18.23611293,1e+07,18.15463044,0.114567973,0,"0523GOLD_qPCR.csv","0523","GOLD",NA,2023-05-01
"FAM","0523GOLD_02",NA,NA,0,0,0,"0523GOLD_qPCR.csv","0523","GOLD","02",2023-05-01
"FAM","0523GOLD_02",NA,NA,0,0,0,"0523GOLD_qPCR.csv","0523","GOLD","02",2023-05-01
"FAM","0523GOLD_10",NA,NA,0,0,0,"0523GOLD_qPCR.csv","0523","GOLD","10",2023-05-01
"FAM","0523GOLD_10",NA,NA,0,0,0,"0523GOLD_qPCR.csv","0523","GOLD","10",2023-05-01
"FAM","0523GOLD_18",NA,NA,0,0,0,"0523GOLD_qPCR.csv","0523","GOLD","18",2023-05-01
"FAM","0523GOLD_18",NA,NA,0,0,0,"0523GOLD_qPCR.csv","0523","GOLD","18",2023-05-01
"FAM","0523GOLD_26",NA,NA,0,0,0,"0523GOLD_qPCR.csv","0523","GOLD","26",2023-05-01
"FAM","0523GOLD_26",NA,NA,0,0,0,"0523GOLD_qPCR.csv","0523","GOLD","26",2023-05-01
"FAM","NTC-01",NA,NA,0,0,0,"0523GOLD_qPCR.csv","NTC-",NA,NA,NA
"FAM","0523GOLD_qPCR_Std-03",21.16207546,1e+06,21.38694546,0.198403973,0,"0523GOLD_qPCR.csv","0523","GOLD",NA,2023-05-01
"FAM","0523GOLD_qPCR_Std-03",21.46144306,1e+06,21.38694546,0.198403973,0,"0523GOLD_qPCR.csv","0523","GOLD",NA,2023-05-01
"FAM","0523GOLD_qPCR_Std-03",21.53731788,1e+06,21.38694546,0.198403973,0,"0523GOLD_qPCR.csv","0523","GOLD",NA,2023-05-01
"FAM","0523GOLD_03",NA,NA,0,0,0,"0523GOLD_qPCR.csv","0523","GOLD","03",2023-05-01
"FAM","0523GOLD_03",NA,NA,0,0,0,"0523GOLD_qPCR.csv","0523","GOLD","03",2023-05-01
"FAM","0523GOLD_11",NA,NA,0,0,0,"0523GOLD_qPCR.csv","0523","GOLD","11",2023-05-01
"FAM","0523GOLD_11",NA,NA,0,0,0,"0523GOLD_qPCR.csv","0523","GOLD","11",2023-05-01
"FAM","0523GOLD_19",NA,NA,0,0,0,"0523GOLD_qPCR.csv","0523","GOLD","19",2023-05-01
"FAM","0523GOLD_19",NA,NA,0,0,0,"0523GOLD_qPCR.csv","0523","GOLD","19",2023-05-01
"FAM","0523GOLD_27",NA,NA,0,0,0,"0523GOLD_qPCR.csv","0523","GOLD","27",2023-05-01
"FAM","0523GOLD_27",NA,NA,0,0,0,"0523GOLD_qPCR.csv","0523","GOLD","27",2023-05-01
"FAM","NTC-01",NA,NA,0,0,0,"0523GOLD_qPCR.csv","NTC-",NA,NA,NA
"FAM","0523GOLD_qPCR_Std-04",23.41288251,1e+05,23.60489029,0.175703706,0,"0523GOLD_qPCR.csv","0523","GOLD",NA,2023-05-01
"FAM","0523GOLD_qPCR_Std-04",23.75765289,1e+05,23.60489029,0.175703706,0,"0523GOLD_qPCR.csv","0523","GOLD",NA,2023-05-01
"FAM","0523GOLD_qPCR_Std-04",23.64413547,1e+05,23.60489029,0.175703706,0,"0523GOLD_qPCR.csv","0523","GOLD",NA,2023-05-01
"FAM","0523GOLD_04",NA,NA,0,0,0,"0523GOLD_qPCR.csv","0523","GOLD","04",2023-05-01
"FAM","0523GOLD_04",NA,NA,0,0,0,"0523GOLD_qPCR.csv","0523","GOLD","04",2023-05-01
"FAM","0523GOLD_12",NA,NA,0,0,0,"0523GOLD_qPCR.csv","0523","GOLD","12",2023-05-01
"FAM","0523GOLD_12",NA,NA,0,0,0,"0523GOLD_qPCR.csv","0523","GOLD","12",2023-05-01
"FAM","0523GOLD_20",NA,NA,0,0,0,"0523GOLD_qPCR.csv","0523","GOLD","20",2023-05-01
"FAM","0523GOLD_20",NA,NA,0,0,0,"0523GOLD_qPCR.csv","0523","GOLD","20",2023-05-01
"FAM","0523GOLD_28",NA,NA,0,0,0,"0523GOLD_qPCR.csv","0523","GOLD","28",2023-05-01
"FAM","0523GOLD_28",NA,NA,0,0,0,"0523GOLD_qPCR.csv","0523","GOLD","28",2023-05-01
"FAM","0523GOLD_qPCR_Std-05",28.5961969,10000,28.73648024,0.121812721,0,"0523GOLD_qPCR.csv","0523","GOLD",NA,2023-05-01
"FAM","0523GOLD_qPCR_Std-05",28.79774628,10000,28.73648024,0.121812721,0,"0523GOLD_qPCR.csv","0523","GOLD",NA,2023-05-01
"FAM","0523GOLD_qPCR_Std-05",28.81549754,10000,28.73648024,0.121812721,0,"0523GOLD_qPCR.csv","0523","GOLD",NA,2023-05-01
"FAM","0523GOLD_05",NA,NA,0,0,0,"0523GOLD_qPCR.csv","0523","GOLD","05",2023-05-01
"FAM","0523GOLD_05",NA,NA,0,0,0,"0523GOLD_qPCR.csv","0523","GOLD","05",2023-05-01
"FAM","0523GOLD_13",NA,NA,0,0,0,"0523GOLD_qPCR.csv","0523","GOLD","13",2023-05-01
"FAM","0523GOLD_13",NA,NA,0,0,0,"0523GOLD_qPCR.csv","0523","GOLD","13",2023-05-01
"FAM","0523GOLD_21",NA,NA,0,0,0,"0523GOLD_qPCR.csv","0523","GOLD","21",2023-05-01
"FAM","0523GOLD_21",NA,NA,0,0,0,"0523GOLD_qPCR.csv","0523","GOLD","21",2023-05-01
"FAM","0523GOLD_29",NA,NA,0,0,0,"0523GOLD_qPCR.csv","0523","GOLD","29",2023-05-01
"FAM","0523GOLD_29",NA,NA,0,0,0,"0523GOLD_qPCR.csv","0523","GOLD","29",2023-05-01
"FAM","0523GOLD_qPCR_Std-06",31.7904892,1000,31.84757272,0.104609726,0,"0523GOLD_qPCR.csv","0523","GOLD",NA,2023-05-01
"FAM","0523GOLD_qPCR_Std-06",31.78392283,1000,31.84757272,0.104609726,0,"0523GOLD_qPCR.csv","0523","GOLD",NA,2023-05-01
"FAM","0523GOLD_qPCR_Std-06",31.96830612,1000,31.84757272,0.104609726,0,"0523GOLD_qPCR.csv","0523","GOLD",NA,2023-05-01
"FAM","0523GOLD_06",NA,NA,0,0,0,"0523GOLD_qPCR.csv","0523","GOLD","06",2023-05-01
"FAM","0523GOLD_06",NA,NA,0,0,0,"0523GOLD_qPCR.csv","0523","GOLD","06",2023-05-01
"FAM","0523GOLD_14",NA,NA,0,0,0,"0523GOLD_qPCR.csv","0523","GOLD","14",2023-05-01
"FAM","0523GOLD_14",NA,NA,0,0,0,"0523GOLD_qPCR.csv","0523","GOLD","14",2023-05-01
"FAM","0523GOLD_22",NA,NA,0,0,0,"0523GOLD_qPCR.csv","0523","GOLD","22",2023-05-01
"FAM","0523GOLD_22",NA,NA,0,0,0,"0523GOLD_qPCR.csv","0523","GOLD","22",2023-05-01
"FAM","0523GOLD_30",NA,NA,0,0,0,"0523GOLD_qPCR.csv","0523","GOLD","30",2023-05-01
"FAM","0523GOLD_30",NA,NA,0,0,0,"0523GOLD_qPCR.csv","0523","GOLD","30",2023-05-01
"FAM","0523GOLD_qPCR_Std-07",35.13989466,100,35.28743955,0.127940908,0,"0523GOLD_qPCR.csv","0523","GOLD",NA,2023-05-01
"FAM","0523GOLD_qPCR_Std-07",35.35475009,100,35.28743955,0.127940908,0,"0523GOLD_qPCR.csv","0523","GOLD",NA,2023-05-01
"FAM","0523GOLD_qPCR_Std-07",35.36767389,100,35.28743955,0.127940908,0,"0523GOLD_qPCR.csv","0523","GOLD",NA,2023-05-01
"FAM","0523GOLD_07",NA,NA,0,0,0,"0523GOLD_qPCR.csv","0523","GOLD","07",2023-05-01
"FAM","0523GOLD_07",NA,NA,0,0,0,"0523GOLD_qPCR.csv","0523","GOLD","07",2023-05-01
"FAM","0523GOLD_15",NA,NA,0,0,0,"0523GOLD_qPCR.csv","0523","GOLD","15",2023-05-01
"FAM","0523GOLD_15",NA,NA,0,0,0,"0523GOLD_qPCR.csv","0523","GOLD","15",2023-05-01
"FAM","0523GOLD_23",NA,NA,0,0,0,"0523GOLD_qPCR.csv","0523","GOLD","23",2023-05-01
"FAM","0523GOLD_23",NA,NA,0,0,0,"0523GOLD_qPCR.csv","0523","GOLD","23",2023-05-01
"FAM","0523GOLD_qPCR_Std-08",38.48733057,10,38.59469159,0.711598612,0,"0523GOLD_qPCR.csv","0523","GOLD",NA,2023-05-01
"FAM","0523GOLD_qPCR_Std-08",37.94287384,10,38.59469159,0.711598612,0,"0523GOLD_qPCR.csv","0523","GOLD",NA,2023-05-01
"FAM","0523GOLD_qPCR_Std-08",39.35387036,10,38.59469159,0.711598612,0,"0523GOLD_qPCR.csv","0523","GOLD",NA,2023-05-01
"FAM","0523GOLD_08",NA,NA,0,0,0,"0523GOLD_qPCR.csv","0523","GOLD","08",2023-05-01
"FAM","0523GOLD_08",NA,NA,0,0,0,"0523GOLD_qPCR.csv","0523","GOLD","08",2023-05-01
"FAM","0523GOLD_16",NA,NA,0,0,0,"0523GOLD_qPCR.csv","0523","GOLD","16",2023-05-01
"FAM","0523GOLD_16",NA,NA,0,0,0,"0523GOLD_qPCR.csv","0523","GOLD","16",2023-05-01
"FAM","0523GOLD_24",NA,NA,0,0,0,"0523GOLD_qPCR.csv","0523","GOLD","24",2023-05-01
"FAM","0523GOLD_24",NA,NA,0,0,0,"0523GOLD_qPCR.csv","0523","GOLD","24",2023-05-01
"HEX","0523GOLD_qPCR_Std-01",15.23350183,1e+08,15.59307826,0.313120742,0,"0523GOLD_qPCR.csv","0523","GOLD",NA,2023-05-01
"HEX","0523GOLD_qPCR_Std-01",15.80562609,1e+08,15.59307826,0.313120742,0,"0523GOLD_qPCR.csv","0523","GOLD",NA,2023-05-01
"HEX","0523GOLD_qPCR_Std-01",15.74010685,1e+08,15.59307826,0.313120742,0,"0523GOLD_qPCR.csv","0523","GOLD",NA,2023-05-01
"HEX","0523GOLD_01",NA,NA,0,0,0,"0523GOLD_qPCR.csv","0523","GOLD","01",2023-05-01
"HEX","0523GOLD_01",NA,NA,0,0,0,"0523GOLD_qPCR.csv","0523","GOLD","01",2023-05-01
"HEX","0523GOLD_09",NA,NA,0,0,0,"0523GOLD_qPCR.csv","0523","GOLD","09",2023-05-01
"HEX","0523GOLD_09",NA,NA,0,0,0,"0523GOLD_qPCR.csv","0523","GOLD","09",2023-05-01
"HEX","0523GOLD_17",35.76740297,137.1490978,36.90239429,1.605120114,75.72510379,"0523GOLD_qPCR.csv","0523","GOLD","17",2023-05-01
"HEX","0523GOLD_17",38.0373856,30.05762903,36.90239429,1.605120114,75.72510379,"0523GOLD_qPCR.csv","0523","GOLD","17",2023-05-01
"HEX","0523GOLD_25",NA,NA,0,0,0,"0523GOLD_qPCR.csv","0523","GOLD","25",2023-05-01
"HEX","0523GOLD_25",NA,NA,0,0,0,"0523GOLD_qPCR.csv","0523","GOLD","25",2023-05-01
"HEX","NTC-01",NA,NA,0,0,0,"0523GOLD_qPCR.csv","NTC-",NA,NA,NA
"HEX","0523GOLD_qPCR_Std-02",19.27108959,1e+07,19.35478722,0.129658917,0,"0523GOLD_qPCR.csv","0523","GOLD",NA,2023-05-01
"HEX","0523GOLD_qPCR_Std-02",19.28913039,1e+07,19.35478722,0.129658917,0,"0523GOLD_qPCR.csv","0523","GOLD",NA,2023-05-01
"HEX","0523GOLD_qPCR_Std-02",19.50414169,1e+07,19.35478722,0.129658917,0,"0523GOLD_qPCR.csv","0523","GOLD",NA,2023-05-01
"HEX","0523GOLD_02",36.70953466,73.04378524,36.70953466,0,0,"0523GOLD_qPCR.csv","0523","GOLD","02",2023-05-01
"HEX","0523GOLD_02",NA,NA,0,0,0,"0523GOLD_qPCR.csv","0523","GOLD","02",2023-05-01
"HEX","0523GOLD_10",NA,NA,0,0,0,"0523GOLD_qPCR.csv","0523","GOLD","10",2023-05-01
"HEX","0523GOLD_10",NA,NA,0,0,0,"0523GOLD_qPCR.csv","0523","GOLD","10",2023-05-01
"HEX","0523GOLD_18",NA,NA,0,0,0,"0523GOLD_qPCR.csv","0523","GOLD","18",2023-05-01
"HEX","0523GOLD_18",NA,NA,0,0,0,"0523GOLD_qPCR.csv","0523","GOLD","18",2023-05-01
"HEX","0523GOLD_26",NA,NA,0,0,0,"0523GOLD_qPCR.csv","0523","GOLD","26",2023-05-01
"HEX","0523GOLD_26",NA,NA,0,0,0,"0523GOLD_qPCR.csv","0523","GOLD","26",2023-05-01
"HEX","NTC-01",NA,NA,0,0,0,"0523GOLD_qPCR.csv","NTC-",NA,NA,NA
"HEX","0523GOLD_qPCR_Std-03",21.88040522,1e+06,22.02255464,0.129963009,0,"0523GOLD_qPCR.csv","0523","GOLD",NA,2023-05-01
"HEX","0523GOLD_qPCR_Std-03",22.05196953,1e+06,22.02255464,0.129963009,0,"0523GOLD_qPCR.csv","0523","GOLD",NA,2023-05-01
"HEX","0523GOLD_qPCR_Std-03",22.13528917,1e+06,22.02255464,0.129963009,0,"0523GOLD_qPCR.csv","0523","GOLD",NA,2023-05-01
"HEX","0523GOLD_03",36.53653498,82.00211725,36.65573281,0.168571191,8.544503652,"0523GOLD_qPCR.csv","0523","GOLD","03",2023-05-01
"HEX","0523GOLD_03",36.77493065,69.9183643,36.65573281,0.168571191,8.544503652,"0523GOLD_qPCR.csv","0523","GOLD","03",2023-05-01
"HEX","0523GOLD_11",NA,NA,0,0,0,"0523GOLD_qPCR.csv","0523","GOLD","11",2023-05-01
"HEX","0523GOLD_11",NA,NA,0,0,0,"0523GOLD_qPCR.csv","0523","GOLD","11",2023-05-01
"HEX","0523GOLD_19",35.02755885,224.9340405,35.13748405,0.155457708,21.74553211,"0523GOLD_qPCR.csv","0523","GOLD","19",2023-05-01
"HEX","0523GOLD_19",35.24740925,194.181214,35.13748405,0.155457708,21.74553211,"0523GOLD_qPCR.csv","0523","GOLD","19",2023-05-01
"HEX","0523GOLD_27",NA,NA,0,0,0,"0523GOLD_qPCR.csv","0523","GOLD","27",2023-05-01
"HEX","0523GOLD_27",NA,NA,0,0,0,"0523GOLD_qPCR.csv","0523","GOLD","27",2023-05-01
"HEX","NTC-01",NA,NA,0,0,0,"0523GOLD_qPCR.csv","NTC-",NA,NA,NA
"HEX","0523GOLD_qPCR_Std-04",25.57322412,1e+05,25.61005636,0.218108164,0,"0523GOLD_qPCR.csv","0523","GOLD",NA,2023-05-01
"HEX","0523GOLD_qPCR_Std-04",25.41270938,1e+05,25.61005636,0.218108164,0,"0523GOLD_qPCR.csv","0523","GOLD",NA,2023-05-01
"HEX","0523GOLD_qPCR_Std-04",25.84423556,1e+05,25.61005636,0.218108164,0,"0523GOLD_qPCR.csv","0523","GOLD",NA,2023-05-01
"HEX","0523GOLD_04",NA,NA,0,0,0,"0523GOLD_qPCR.csv","0523","GOLD","04",2023-05-01
"HEX","0523GOLD_04",NA,NA,0,0,0,"0523GOLD_qPCR.csv","0523","GOLD","04",2023-05-01
"HEX","0523GOLD_12",NA,NA,0,0,0,"0523GOLD_qPCR.csv","0523","GOLD","12",2023-05-01
"HEX","0523GOLD_12",39.64216075,10.27786896,39.64216075,0,0,"0523GOLD_qPCR.csv","0523","GOLD","12",2023-05-01
"HEX","0523GOLD_20",NA,NA,0,0,0,"0523GOLD_qPCR.csv","0523","GOLD","20",2023-05-01
"HEX","0523GOLD_20",NA,NA,0,0,0,"0523GOLD_qPCR.csv","0523","GOLD","20",2023-05-01
"HEX","0523GOLD_28",NA,NA,0,0,0,"0523GOLD_qPCR.csv","0523","GOLD","28",2023-05-01
"HEX","0523GOLD_28",NA,NA,0,0,0,"0523GOLD_qPCR.csv","0523","GOLD","28",2023-05-01
"HEX","0523GOLD_qPCR_Std-05",28.88751095,10000,28.90930262,0.150635477,0,"0523GOLD_qPCR.csv","0523","GOLD",NA,2023-05-01
"HEX","0523GOLD_qPCR_Std-05",28.77074983,10000,28.90930262,0.150635477,0,"0523GOLD_qPCR.csv","0523","GOLD",NA,2023-05-01
"HEX","0523GOLD_qPCR_Std-05",29.06964707,10000,28.90930262,0.150635477,0,"0523GOLD_qPCR.csv","0523","GOLD",NA,2023-05-01
"HEX","0523GOLD_05",NA,NA,0,0,0,"0523GOLD_qPCR.csv","0523","GOLD","05",2023-05-01
"HEX","0523GOLD_05",NA,NA,0,0,0,"0523GOLD_qPCR.csv","0523","GOLD","05",2023-05-01
"HEX","0523GOLD_13",NA,NA,0,0,0,"0523GOLD_qPCR.csv","0523","GOLD","13",2023-05-01
"HEX","0523GOLD_13",NA,NA,0,0,0,"0523GOLD_qPCR.csv","0523","GOLD","13",2023-05-01
"HEX","0523GOLD_21",NA,NA,0,0,0,"0523GOLD_qPCR.csv","0523","GOLD","21",2023-05-01
"HEX","0523GOLD_21",NA,NA,0,0,0,"0523GOLD_qPCR.csv","0523","GOLD","21",2023-05-01
"HEX","0523GOLD_29",NA,NA,0,0,0,"0523GOLD_qPCR.csv","0523","GOLD","29",2023-05-01
"HEX","0523GOLD_29",NA,NA,0,0,0,"0523GOLD_qPCR.csv","0523","GOLD","29",2023-05-01
"HEX","0523GOLD_qPCR_Std-06",33.23874718,1000,33.18498787,0.263118825,0,"0523GOLD_qPCR.csv","0523","GOLD",NA,2023-05-01
"HEX","0523GOLD_qPCR_Std-06",32.8991411,1000,33.18498787,0.263118825,0,"0523GOLD_qPCR.csv","0523","GOLD",NA,2023-05-01
"HEX","0523GOLD_qPCR_Std-06",33.41707534,1000,33.18498787,0.263118825,0,"0523GOLD_qPCR.csv","0523","GOLD",NA,2023-05-01
"HEX","0523GOLD_06",NA,NA,0,0,0,"0523GOLD_qPCR.csv","0523","GOLD","06",2023-05-01
"HEX","0523GOLD_06",NA,NA,0,0,0,"0523GOLD_qPCR.csv","0523","GOLD","06",2023-05-01
"HEX","0523GOLD_14",NA,NA,0,0,0,"0523GOLD_qPCR.csv","0523","GOLD","14",2023-05-01
"HEX","0523GOLD_14",NA,NA,0,0,0,"0523GOLD_qPCR.csv","0523","GOLD","14",2023-05-01
"HEX","0523GOLD_22",NA,NA,0,0,0,"0523GOLD_qPCR.csv","0523","GOLD","22",2023-05-01
"HEX","0523GOLD_22",NA,NA,0,0,0,"0523GOLD_qPCR.csv","0523","GOLD","22",2023-05-01
"HEX","0523GOLD_30",NA,NA,0,0,0,"0523GOLD_qPCR.csv","0523","GOLD","30",2023-05-01
"HEX","0523GOLD_30",NA,NA,0,0,0,"0523GOLD_qPCR.csv","0523","GOLD","30",2023-05-01
"HEX","0523GOLD_qPCR_Std-07",38.38001168,100,38.12910026,0.458314831,0,"0523GOLD_qPCR.csv","0523","GOLD",NA,2023-05-01
"HEX","0523GOLD_qPCR_Std-07",38.40717283,100,38.12910026,0.458314831,0,"0523GOLD_qPCR.csv","0523","GOLD",NA,2023-05-01
"HEX","0523GOLD_qPCR_Std-07",37.60011626,100,38.12910026,0.458314831,0,"0523GOLD_qPCR.csv","0523","GOLD",NA,2023-05-01
"HEX","0523GOLD_07",37.86199366,33.79802059,37.29485821,0.80205064,27.12656055,"0523GOLD_qPCR.csv","0523","GOLD","07",2023-05-01
"HEX","0523GOLD_07",36.72772277,72.16077042,37.29485821,0.80205064,27.12656055,"0523GOLD_qPCR.csv","0523","GOLD","07",2023-05-01
"HEX","0523GOLD_15",NA,NA,0,0,0,"0523GOLD_qPCR.csv","0523","GOLD","15",2023-05-01
"HEX","0523GOLD_15",NA,NA,0,0,0,"0523GOLD_qPCR.csv","0523","GOLD","15",2023-05-01
"HEX","0523GOLD_23",NA,NA,0,0,0,"0523GOLD_qPCR.csv","0523","GOLD","23",2023-05-01
"HEX","0523GOLD_23",NA,NA,0,0,0,"0523GOLD_qPCR.csv","0523","GOLD","23",2023-05-01
"HEX","0523GOLD_qPCR_Std-08",NA,10,0,0,0,"0523GOLD_qPCR.csv","0523","GOLD",NA,2023-05-01
"HEX","0523GOLD_qPCR_Std-08",37.74663284,10,37.53003131,0.306320826,0,"0523GOLD_qPCR.csv","0523","GOLD",NA,2023-05-01
"HEX","0523GOLD_qPCR_Std-08",37.31342978,10,37.53003131,0.306320826,0,"0523GOLD_qPCR.csv","0523","GOLD",NA,2023-05-01
"HEX","0523GOLD_08",NA,NA,0,0,0,"0523GOLD_qPCR.csv","0523","GOLD","08",2023-05-01
"HEX","0523GOLD_08",NA,NA,0,0,0,"0523GOLD_qPCR.csv","0523","GOLD","08",2023-05-01
"HEX","0523GOLD_16",NA,NA,0,0,0,"0523GOLD_qPCR.csv","0523","GOLD","16",2023-05-01
"HEX","0523GOLD_16",NA,NA,0,0,0,"0523GOLD_qPCR.csv","0523","GOLD","16",2023-05-01
"HEX","0523GOLD_24",NA,NA,0,0,0,"0523GOLD_qPCR.csv","0523","GOLD","24",2023-05-01
"HEX","0523GOLD_24",NA,NA,0,0,0,"0523GOLD_qPCR.csv","0523","GOLD","24",2023-05-01
"FAM","0623ASHC_qPCR_Std-01",14.60542523,1e+08,NA,0.126549437,NA,"0623ASHC_qPCR.csv","0623","ASHC",NA,2023-06-01
"FAM","0623ASHC_qPCR_Std-01",14.6235004,1e+08,NA,0.126549437,NA,"0623ASHC_qPCR.csv","0623","ASHC",NA,2023-06-01
"FAM","0623ASHC_qPCR_Std-01",14.8330932,1e+08,NA,0.126549437,NA,"0623ASHC_qPCR.csv","0623","ASHC",NA,2023-06-01
"FAM","0623ASHC_01",31.39348633,1292.222438,NA,0.241719512,NA,"0623ASHC_qPCR.csv","0623","ASHC","01",2023-06-01
"FAM","0623ASHC_01",31.73532934,1028.758577,NA,0.241719512,NA,"0623ASHC_qPCR.csv","0623","ASHC","01",2023-06-01
"FAM","0623ASHC_09",29.6851582,4038.307636,NA,0.01492025,NA,"0623ASHC_qPCR.csv","0623","ASHC","09",2023-06-01
"FAM","0623ASHC_09",29.70625862,3981.870295,NA,0.01492025,NA,"0623ASHC_qPCR.csv","0623","ASHC","09",2023-06-01
"FAM","0623ASHC_17",NA,NA,NA,0,NA,"0623ASHC_qPCR.csv","0623","ASHC","17",2023-06-01
"FAM","0623ASHC_17",NA,NA,NA,0,NA,"0623ASHC_qPCR.csv","0623","ASHC","17",2023-06-01
"FAM","0623ASHC_25",NA,NA,NA,0,NA,"0623ASHC_qPCR.csv","0623","ASHC","25",2023-06-01
"FAM","0623ASHC_25",39.29774195,6.632266805,NA,0,NA,"0623ASHC_qPCR.csv","0623","ASHC","25",2023-06-01
"FAM","NTC-01",NA,NA,NA,0,NA,"0623ASHC_qPCR.csv","NTC-",NA,NA,NA
"FAM","0623ASHC_qPCR_Std-02",17.71257036,1e+07,NA,0.116099668,NA,"0623ASHC_qPCR.csv","0623","ASHC",NA,2023-06-01
"FAM","0623ASHC_qPCR_Std-02",17.94266196,1e+07,NA,0.116099668,NA,"0623ASHC_qPCR.csv","0623","ASHC",NA,2023-06-01
"FAM","0623ASHC_qPCR_Std-02",17.85464933,1e+07,NA,0.116099668,NA,"0623ASHC_qPCR.csv","0623","ASHC",NA,2023-06-01
"FAM","0623ASHC_02",NA,NA,NA,0,NA,"0623ASHC_qPCR.csv","0623","ASHC","02",2023-06-01
"FAM","0623ASHC_02",NA,NA,NA,0,NA,"0623ASHC_qPCR.csv","0623","ASHC","02",2023-06-01
"FAM","0623ASHC_10",31.68765946,1061.994583,NA,0.0702697,NA,"0623ASHC_qPCR.csv","0623","ASHC","10",2023-06-01
"FAM","0623ASHC_10",31.78703582,993.8831495,NA,0.0702697,NA,"0623ASHC_qPCR.csv","0623","ASHC","10",2023-06-01
"FAM","0623ASHC_18",33.07360567,421.3534666,NA,0.057312347,NA,"0623ASHC_qPCR.csv","0623","ASHC","18",2023-06-01
"FAM","0623ASHC_18",32.99255378,444.7596533,NA,0.057312347,NA,"0623ASHC_qPCR.csv","0623","ASHC","18",2023-06-01
"FAM","0623ASHC_26",NA,NA,NA,0,NA,"0623ASHC_qPCR.csv","0623","ASHC","26",2023-06-01
"FAM","0623ASHC_26",NA,NA,NA,0,NA,"0623ASHC_qPCR.csv","0623","ASHC","26",2023-06-01
"FAM","NTC-01",NA,NA,NA,0,NA,"0623ASHC_qPCR.csv","NTC-",NA,NA,NA
"FAM","0623ASHC_qPCR_Std-03",21.60923216,1e+06,NA,0.13021811,NA,"0623ASHC_qPCR.csv","0623","ASHC",NA,2023-06-01
"FAM","0623ASHC_qPCR_Std-03",21.4896996,1e+06,NA,0.13021811,NA,"0623ASHC_qPCR.csv","0623","ASHC",NA,2023-06-01
"FAM","0623ASHC_qPCR_Std-03",21.34908064,1e+06,NA,0.13021811,NA,"0623ASHC_qPCR.csv","0623","ASHC",NA,2023-06-01
"FAM","0623ASHC_03",29.60096789,4271.568105,NA,0.095492967,NA,"0623ASHC_qPCR.csv","0623","ASHC","03",2023-06-01
"FAM","0623ASHC_03",29.73601533,3903.617837,NA,0.095492967,NA,"0623ASHC_qPCR.csv","0623","ASHC","03",2023-06-01
"FAM","0623ASHC_11",29.93363883,3421.530832,NA,0.06462848,NA,"0623ASHC_qPCR.csv","0623","ASHC","11",2023-06-01
"FAM","0623ASHC_11",30.0250373,3219.17428,NA,0.06462848,NA,"0623ASHC_qPCR.csv","0623","ASHC","11",2023-06-01
"FAM","0623ASHC_19",30.62417275,2158.684472,NA,0.207731174,NA,"0623ASHC_qPCR.csv","0623","ASHC","19",2023-06-01
"FAM","0623ASHC_19",30.91794899,1774.55376,NA,0.207731174,NA,"0623ASHC_qPCR.csv","0623","ASHC","19",2023-06-01
"FAM","0623ASHC_27",31.20091559,1469.333744,NA,0.01557076,NA,"0623ASHC_qPCR.csv","0623","ASHC","27",2023-06-01
"FAM","0623ASHC_27",31.1788952,1491.074126,NA,0.01557076,NA,"0623ASHC_qPCR.csv","0623","ASHC","27",2023-06-01
"FAM","NTC-01",NA,NA,NA,0,NA,"0623ASHC_qPCR.csv","NTC-",NA,NA,NA
"FAM","0623ASHC_qPCR_Std-04",24.67390168,1e+05,NA,0.050258488,NA,"0623ASHC_qPCR.csv","0623","ASHC",NA,2023-06-01
"FAM","0623ASHC_qPCR_Std-04",24.67654818,1e+05,NA,0.050258488,NA,"0623ASHC_qPCR.csv","0623","ASHC",NA,2023-06-01
"FAM","0623ASHC_qPCR_Std-04",24.76224501,1e+05,NA,0.050258488,NA,"0623ASHC_qPCR.csv","0623","ASHC",NA,2023-06-01
"FAM","0623ASHC_04",33.35944889,348.2126753,NA,0.262856399,NA,"0623ASHC_qPCR.csv","0623","ASHC","04",2023-06-01
"FAM","0623ASHC_04",33.73118397,271.7451132,NA,0.262856399,NA,"0623ASHC_qPCR.csv","0623","ASHC","04",2023-06-01
"FAM","0623ASHC_12",28.75571295,7506.502475,NA,0.096150855,NA,"0623ASHC_qPCR.csv","0623","ASHC","12",2023-06-01
"FAM","0623ASHC_12",28.89169079,6855.641165,NA,0.096150855,NA,"0623ASHC_qPCR.csv","0623","ASHC","12",2023-06-01
"FAM","0623ASHC_20",29.74427983,3882.158514,NA,0.065340162,NA,"0623ASHC_qPCR.csv","0623","ASHC","20",2023-06-01
"FAM","0623ASHC_20",29.83668478,3650.108254,NA,0.065340162,NA,"0623ASHC_qPCR.csv","0623","ASHC","20",2023-06-01
"FAM","0623ASHC_28",29.7589595,3844.332248,NA,0.085728965,NA,"0623ASHC_qPCR.csv","0623","ASHC","28",2023-06-01
"FAM","0623ASHC_28",29.63772043,4168.127496,NA,0.085728965,NA,"0623ASHC_qPCR.csv","0623","ASHC","28",2023-06-01
"FAM","0623ASHC_qPCR_Std-05",28.45943471,10000,NA,0.218554891,NA,"0623ASHC_qPCR.csv","0623","ASHC",NA,2023-06-01
"FAM","0623ASHC_qPCR_Std-05",28.31485275,10000,NA,0.218554891,NA,"0623ASHC_qPCR.csv","0623","ASHC",NA,2023-06-01
"FAM","0623ASHC_qPCR_Std-05",28.02990325,10000,NA,0.218554891,NA,"0623ASHC_qPCR.csv","0623","ASHC",NA,2023-06-01
"FAM","0623ASHC_05",26.22874892,40498.51965,NA,0.017247398,NA,"0623ASHC_qPCR.csv","0623","ASHC","05",2023-06-01
"FAM","0623ASHC_05",26.25314042,39844.9704,NA,0.017247398,NA,"0623ASHC_qPCR.csv","0623","ASHC","05",2023-06-01
"FAM","0623ASHC_13",36.70585112,37.36553947,NA,0.192060051,NA,"0623ASHC_qPCR.csv","0623","ASHC","13",2023-06-01
"FAM","0623ASHC_13",36.97746505,31.17390065,NA,0.192060051,NA,"0623ASHC_qPCR.csv","0623","ASHC","13",2023-06-01
"FAM","0623ASHC_21",NA,NA,NA,0,NA,"0623ASHC_qPCR.csv","0623","ASHC","21",2023-06-01
"FAM","0623ASHC_21",NA,NA,NA,0,NA,"0623ASHC_qPCR.csv","0623","ASHC","21",2023-06-01
"FAM","0623ASHC_29",NA,NA,NA,0,NA,"0623ASHC_qPCR.csv","0623","ASHC","29",2023-06-01
"FAM","0623ASHC_29",39.38497841,6.257367386,NA,0,NA,"0623ASHC_qPCR.csv","0623","ASHC","29",2023-06-01
"FAM","0623ASHC_qPCR_Std-06",31.87358609,1000,NA,0.066786566,NA,"0623ASHC_qPCR.csv","0623","ASHC",NA,2023-06-01
"FAM","0623ASHC_qPCR_Std-06",31.8173079,1000,NA,0.066786566,NA,"0623ASHC_qPCR.csv","0623","ASHC",NA,2023-06-01
"FAM","0623ASHC_qPCR_Std-06",31.74053794,1000,NA,0.066786566,NA,"0623ASHC_qPCR.csv","0623","ASHC",NA,2023-06-01
"FAM","0623ASHC_06",25.5506086,63662.00408,NA,0.08237152,NA,"0623ASHC_qPCR.csv","0623","ASHC","06",2023-06-01
"FAM","0623ASHC_06",25.43411768,68805.78619,NA,0.08237152,NA,"0623ASHC_qPCR.csv","0623","ASHC","06",2023-06-01
"FAM","0623ASHC_14",32.40891894,656.4332133,NA,0.23142186,NA,"0623ASHC_qPCR.csv","0623","ASHC","14",2023-06-01
"FAM","0623ASHC_14",32.73619887,527.6978401,NA,0.23142186,NA,"0623ASHC_qPCR.csv","0623","ASHC","14",2023-06-01
"FAM","0623ASHC_22",29.83465411,3655.055543,NA,0.034650301,NA,"0623ASHC_qPCR.csv","0623","ASHC","22",2023-06-01
"FAM","0623ASHC_22",29.88365704,3537.520754,NA,0.034650301,NA,"0623ASHC_qPCR.csv","0623","ASHC","22",2023-06-01
"FAM","0623ASHC_30",30.37814548,2543.650438,NA,0.066444378,NA,"0623ASHC_qPCR.csv","0623","ASHC","30",2023-06-01
"FAM","0623ASHC_30",30.28417894,2708.17862,NA,0.066444378,NA,"0623ASHC_qPCR.csv","0623","ASHC","30",2023-06-01
"FAM","0623ASHC_qPCR_Std-07",35.40402776,100,NA,0.354792847,NA,"0623ASHC_qPCR.csv","0623","ASHC",NA,2023-06-01
"FAM","0623ASHC_qPCR_Std-07",35.61509304,100,NA,0.354792847,NA,"0623ASHC_qPCR.csv","0623","ASHC",NA,2023-06-01
"FAM","0623ASHC_qPCR_Std-07",34.92285564,100,NA,0.354792847,NA,"0623ASHC_qPCR.csv","0623","ASHC",NA,2023-06-01
"FAM","0623ASHC_07",26.84229895,26897.27387,NA,0.05210421,NA,"0623ASHC_qPCR.csv","0623","ASHC","07",2023-06-01
"FAM","0623ASHC_07",26.91598543,25607.25583,NA,0.05210421,NA,"0623ASHC_qPCR.csv","0623","ASHC","07",2023-06-01
"FAM","0623ASHC_15",30.05917743,3146.696833,NA,0.006682857,NA,"0623ASHC_qPCR.csv","0623","ASHC","15",2023-06-01
"FAM","0623ASHC_15",30.06862842,3126.922924,NA,0.006682857,NA,"0623ASHC_qPCR.csv","0623","ASHC","15",2023-06-01
"FAM","0623ASHC_23",NA,NA,NA,0,NA,"0623ASHC_qPCR.csv","0623","ASHC","23",2023-06-01
"FAM","0623ASHC_23",NA,NA,NA,0,NA,"0623ASHC_qPCR.csv","0623","ASHC","23",2023-06-01
"FAM","0623ASHC_qPCR_Std-08",NA,10,NA,0,NA,"0623ASHC_qPCR.csv","0623","ASHC",NA,2023-06-01
"FAM","0623ASHC_qPCR_Std-08",NA,10,NA,0,NA,"0623ASHC_qPCR.csv","0623","ASHC",NA,2023-06-01
"FAM","0623ASHC_qPCR_Std-08",38.71702768,10,NA,0,NA,"0623ASHC_qPCR.csv","0623","ASHC",NA,2023-06-01
"FAM","0623ASHC_08",28.72959677,7638.408335,NA,0.027013887,NA,"0623ASHC_qPCR.csv","0623","ASHC","08",2023-06-01
"FAM","0623ASHC_08",28.69139336,7835.550086,NA,0.027013887,NA,"0623ASHC_qPCR.csv","0623","ASHC","08",2023-06-01
"FAM","0623ASHC_16",27.29329695,19909.7059,NA,0.078959293,NA,"0623ASHC_qPCR.csv","0623","ASHC","16",2023-06-01
"FAM","0623ASHC_16",27.18163165,21449.22641,NA,0.078959293,NA,"0623ASHC_qPCR.csv","0623","ASHC","16",2023-06-01
"FAM","0623ASHC_24",36.04562715,58.03934127,NA,0.063131101,NA,"0623ASHC_qPCR.csv","0623","ASHC","24",2023-06-01
"FAM","0623ASHC_24",35.95634629,61.60061117,NA,0.063131101,NA,"0623ASHC_qPCR.csv","0623","ASHC","24",2023-06-01
"HEX","0623ASHC_qPCR_Std-01",15.02721392,1e+08,NA,0.13691133,NA,"0623ASHC_qPCR.csv","0623","ASHC",NA,2023-06-01
"HEX","0623ASHC_qPCR_Std-01",14.75468796,1e+08,NA,0.13691133,NA,"0623ASHC_qPCR.csv","0623","ASHC",NA,2023-06-01
"HEX","0623ASHC_qPCR_Std-01",14.86790017,1e+08,NA,0.13691133,NA,"0623ASHC_qPCR.csv","0623","ASHC",NA,2023-06-01
"HEX","0623ASHC_01",NA,NA,NA,0,NA,"0623ASHC_qPCR.csv","0623","ASHC","01",2023-06-01
"HEX","0623ASHC_01",38.73979914,4.119561065,NA,0,NA,"0623ASHC_qPCR.csv","0623","ASHC","01",2023-06-01
"HEX","0623ASHC_09",NA,NA,NA,0,NA,"0623ASHC_qPCR.csv","0623","ASHC","09",2023-06-01
"HEX","0623ASHC_09",NA,NA,NA,0,NA,"0623ASHC_qPCR.csv","0623","ASHC","09",2023-06-01
"HEX","0623ASHC_17",NA,NA,NA,0,NA,"0623ASHC_qPCR.csv","0623","ASHC","17",2023-06-01
"HEX","0623ASHC_17",NA,NA,NA,0,NA,"0623ASHC_qPCR.csv","0623","ASHC","17",2023-06-01
"HEX","0623ASHC_25",NA,NA,NA,0,NA,"0623ASHC_qPCR.csv","0623","ASHC","25",2023-06-01
"HEX","0623ASHC_25",NA,NA,NA,0,NA,"0623ASHC_qPCR.csv","0623","ASHC","25",2023-06-01
"HEX","NTC-01",NA,NA,NA,0,NA,"0623ASHC_qPCR.csv","NTC-",NA,NA,NA
"HEX","0623ASHC_qPCR_Std-02",18.13309412,1e+07,NA,0.03585017,NA,"0623ASHC_qPCR.csv","0623","ASHC",NA,2023-06-01
"HEX","0623ASHC_qPCR_Std-02",18.16608695,1e+07,NA,0.03585017,NA,"0623ASHC_qPCR.csv","0623","ASHC",NA,2023-06-01
"HEX","0623ASHC_qPCR_Std-02",18.20472047,1e+07,NA,0.03585017,NA,"0623ASHC_qPCR.csv","0623","ASHC",NA,2023-06-01
"HEX","0623ASHC_02",NA,NA,NA,0,NA,"0623ASHC_qPCR.csv","0623","ASHC","02",2023-06-01
"HEX","0623ASHC_02",NA,NA,NA,0,NA,"0623ASHC_qPCR.csv","0623","ASHC","02",2023-06-01
"HEX","0623ASHC_10",NA,NA,NA,0,NA,"0623ASHC_qPCR.csv","0623","ASHC","10",2023-06-01
"HEX","0623ASHC_10",NA,NA,NA,0,NA,"0623ASHC_qPCR.csv","0623","ASHC","10",2023-06-01
"HEX","0623ASHC_18",38.9904138,3.445921618,NA,0.007256476,NA,"0623ASHC_qPCR.csv","0623","ASHC","18",2023-06-01
"HEX","0623ASHC_18",38.98015159,3.471208826,NA,0.007256476,NA,"0623ASHC_qPCR.csv","0623","ASHC","18",2023-06-01
"HEX","0623ASHC_26",NA,NA,NA,0,NA,"0623ASHC_qPCR.csv","0623","ASHC","26",2023-06-01
"HEX","0623ASHC_26",NA,NA,NA,0,NA,"0623ASHC_qPCR.csv","0623","ASHC","26",2023-06-01
"HEX","NTC-01",NA,NA,NA,0,NA,"0623ASHC_qPCR.csv","NTC-",NA,NA,NA
"HEX","0623ASHC_qPCR_Std-03",20.68818241,1e+06,NA,0.071704126,NA,"0623ASHC_qPCR.csv","0623","ASHC",NA,2023-06-01
"HEX","0623ASHC_qPCR_Std-03",20.82731811,1e+06,NA,0.071704126,NA,"0623ASHC_qPCR.csv","0623","ASHC",NA,2023-06-01
"HEX","0623ASHC_qPCR_Std-03",20.72766058,1e+06,NA,0.071704126,NA,"0623ASHC_qPCR.csv","0623","ASHC",NA,2023-06-01
"HEX","0623ASHC_03",NA,NA,NA,0,NA,"0623ASHC_qPCR.csv","0623","ASHC","03",2023-06-01
"HEX","0623ASHC_03",NA,NA,NA,0,NA,"0623ASHC_qPCR.csv","0623","ASHC","03",2023-06-01
"HEX","0623ASHC_11",NA,NA,NA,0,NA,"0623ASHC_qPCR.csv","0623","ASHC","11",2023-06-01
"HEX","0623ASHC_11",NA,NA,NA,0,NA,"0623ASHC_qPCR.csv","0623","ASHC","11",2023-06-01
"HEX","0623ASHC_19",NA,NA,NA,0,NA,"0623ASHC_qPCR.csv","0623","ASHC","19",2023-06-01
"HEX","0623ASHC_19",NA,NA,NA,0,NA,"0623ASHC_qPCR.csv","0623","ASHC","19",2023-06-01
"HEX","0623ASHC_27",NA,NA,NA,0,NA,"0623ASHC_qPCR.csv","0623","ASHC","27",2023-06-01
"HEX","0623ASHC_27",NA,NA,NA,0,NA,"0623ASHC_qPCR.csv","0623","ASHC","27",2023-06-01
"HEX","NTC-01",NA,NA,NA,0,NA,"0623ASHC_qPCR.csv","NTC-",NA,NA,NA
"HEX","0623ASHC_qPCR_Std-04",24.73200798,1e+05,NA,0.212539086,NA,"0623ASHC_qPCR.csv","0623","ASHC",NA,2023-06-01
"HEX","0623ASHC_qPCR_Std-04",24.57688178,1e+05,NA,0.212539086,NA,"0623ASHC_qPCR.csv","0623","ASHC",NA,2023-06-01
"HEX","0623ASHC_qPCR_Std-04",24.99718455,1e+05,NA,0.212539086,NA,"0623ASHC_qPCR.csv","0623","ASHC",NA,2023-06-01
"HEX","0623ASHC_04",NA,NA,NA,0,NA,"0623ASHC_qPCR.csv","0623","ASHC","04",2023-06-01
"HEX","0623ASHC_04",NA,NA,NA,0,NA,"0623ASHC_qPCR.csv","0623","ASHC","04",2023-06-01
"HEX","0623ASHC_12",NA,NA,NA,0,NA,"0623ASHC_qPCR.csv","0623","ASHC","12",2023-06-01
"HEX","0623ASHC_12",NA,NA,NA,0,NA,"0623ASHC_qPCR.csv","0623","ASHC","12",2023-06-01
"HEX","0623ASHC_20",NA,NA,NA,0,NA,"0623ASHC_qPCR.csv","0623","ASHC","20",2023-06-01
"HEX","0623ASHC_20",NA,NA,NA,0,NA,"0623ASHC_qPCR.csv","0623","ASHC","20",2023-06-01
"HEX","0623ASHC_28",35.02678898,58.04113608,NA,0,NA,"0623ASHC_qPCR.csv","0623","ASHC","28",2023-06-01
"HEX","0623ASHC_28",NA,NA,NA,0,NA,"0623ASHC_qPCR.csv","0623","ASHC","28",2023-06-01
"HEX","0623ASHC_qPCR_Std-05",27.4595709,10000,NA,0.071727229,NA,"0623ASHC_qPCR.csv","0623","ASHC",NA,2023-06-01
"HEX","0623ASHC_qPCR_Std-05",27.5904666,10000,NA,0.071727229,NA,"0623ASHC_qPCR.csv","0623","ASHC",NA,2023-06-01
"HEX","0623ASHC_qPCR_Std-05",27.57585303,10000,NA,0.071727229,NA,"0623ASHC_qPCR.csv","0623","ASHC",NA,2023-06-01
"HEX","0623ASHC_05",NA,NA,NA,0,NA,"0623ASHC_qPCR.csv","0623","ASHC","05",2023-06-01
"HEX","0623ASHC_05",NA,NA,NA,0,NA,"0623ASHC_qPCR.csv","0623","ASHC","05",2023-06-01
"HEX","0623ASHC_13",NA,NA,NA,0,NA,"0623ASHC_qPCR.csv","0623","ASHC","13",2023-06-01
"HEX","0623ASHC_13",NA,NA,NA,0,NA,"0623ASHC_qPCR.csv","0623","ASHC","13",2023-06-01
"HEX","0623ASHC_21",38.29994107,5.635759652,NA,0,NA,"0623ASHC_qPCR.csv","0623","ASHC","21",2023-06-01
"HEX","0623ASHC_21",NA,NA,NA,0,NA,"0623ASHC_qPCR.csv","0623","ASHC","21",2023-06-01
"HEX","0623ASHC_29",NA,NA,NA,0,NA,"0623ASHC_qPCR.csv","0623","ASHC","29",2023-06-01
"HEX","0623ASHC_29",NA,NA,NA,0,NA,"0623ASHC_qPCR.csv","0623","ASHC","29",2023-06-01
"HEX","0623ASHC_qPCR_Std-06",31.42903091,1000,NA,0.341435634,NA,"0623ASHC_qPCR.csv","0623","ASHC",NA,2023-06-01
"HEX","0623ASHC_qPCR_Std-06",32.10897042,1000,NA,0.341435634,NA,"0623ASHC_qPCR.csv","0623","ASHC",NA,2023-06-01
"HEX","0623ASHC_qPCR_Std-06",31.82374159,1000,NA,0.341435634,NA,"0623ASHC_qPCR.csv","0623","ASHC",NA,2023-06-01
"HEX","0623ASHC_06",NA,NA,NA,0,NA,"0623ASHC_qPCR.csv","0623","ASHC","06",2023-06-01
"HEX","0623ASHC_06",NA,NA,NA,0,NA,"0623ASHC_qPCR.csv","0623","ASHC","06",2023-06-01
"HEX","0623ASHC_14",NA,NA,NA,0,NA,"0623ASHC_qPCR.csv","0623","ASHC","14",2023-06-01
"HEX","0623ASHC_14",NA,NA,NA,0,NA,"0623ASHC_qPCR.csv","0623","ASHC","14",2023-06-01
"HEX","0623ASHC_22",NA,NA,NA,0,NA,"0623ASHC_qPCR.csv","0623","ASHC","22",2023-06-01
"HEX","0623ASHC_22",NA,NA,NA,0,NA,"0623ASHC_qPCR.csv","0623","ASHC","22",2023-06-01
"HEX","0623ASHC_30",NA,NA,NA,0,NA,"0623ASHC_qPCR.csv","0623","ASHC","30",2023-06-01
"HEX","0623ASHC_30",38.14414105,6.297386254,NA,0,NA,"0623ASHC_qPCR.csv","0623","ASHC","30",2023-06-01
"HEX","0623ASHC_qPCR_Std-07",36.08940972,100,NA,0.94926728,NA,"0623ASHC_qPCR.csv","0623","ASHC",NA,2023-06-01
"HEX","0623ASHC_qPCR_Std-07",35.30988176,100,NA,0.94926728,NA,"0623ASHC_qPCR.csv","0623","ASHC",NA,2023-06-01
"HEX","0623ASHC_qPCR_Std-07",34.20045355,100,NA,0.94926728,NA,"0623ASHC_qPCR.csv","0623","ASHC",NA,2023-06-01
"HEX","0623ASHC_07",NA,NA,NA,0,NA,"0623ASHC_qPCR.csv","0623","ASHC","07",2023-06-01
"HEX","0623ASHC_07",NA,NA,NA,0,NA,"0623ASHC_qPCR.csv","0623","ASHC","07",2023-06-01
"HEX","0623ASHC_15",NA,NA,NA,0,NA,"0623ASHC_qPCR.csv","0623","ASHC","15",2023-06-01
"HEX","0623ASHC_15",NA,NA,NA,0,NA,"0623ASHC_qPCR.csv","0623","ASHC","15",2023-06-01
"HEX","0623ASHC_23",NA,NA,NA,0,NA,"0623ASHC_qPCR.csv","0623","ASHC","23",2023-06-01
"HEX","0623ASHC_23",NA,NA,NA,0,NA,"0623ASHC_qPCR.csv","0623","ASHC","23",2023-06-01
"HEX","0623ASHC_qPCR_Std-08",36.29831825,10,NA,0.114062291,NA,"0623ASHC_qPCR.csv","0623","ASHC",NA,2023-06-01
"HEX","0623ASHC_qPCR_Std-08",36.50360322,10,NA,0.114062291,NA,"0623ASHC_qPCR.csv","0623","ASHC",NA,2023-06-01
"HEX","0623ASHC_qPCR_Std-08",36.31479707,10,NA,0.114062291,NA,"0623ASHC_qPCR.csv","0623","ASHC",NA,2023-06-01
"HEX","0623ASHC_08",NA,NA,NA,0,NA,"0623ASHC_qPCR.csv","0623","ASHC","08",2023-06-01
"HEX","0623ASHC_08",NA,NA,NA,0,NA,"0623ASHC_qPCR.csv","0623","ASHC","08",2023-06-01
"HEX","0623ASHC_16",NA,NA,NA,0,NA,"0623ASHC_qPCR.csv","0623","ASHC","16",2023-06-01
"HEX","0623ASHC_16",NA,NA,NA,0,NA,"0623ASHC_qPCR.csv","0623","ASHC","16",2023-06-01
"HEX","0623ASHC_24",NA,NA,NA,0,NA,"0623ASHC_qPCR.csv","0623","ASHC","24",2023-06-01
"HEX","0623ASHC_24",NA,NA,NA,0,NA,"0623ASHC_qPCR.csv","0623","ASHC","24",2023-06-01
"FAM","0623FENC_qPCR_Std-01",14.56996623,1e+08,14.6178077,0.041658224,0,"0623FENC_qPCR.csv","0623","FENC",NA,2023-06-01
"FAM","0623FENC_qPCR_Std-01",14.64606468,1e+08,14.6178077,0.041658224,0,"0623FENC_qPCR.csv","0623","FENC",NA,2023-06-01
"FAM","0623FENC_qPCR_Std-01",14.63739218,1e+08,14.6178077,0.041658224,0,"0623FENC_qPCR.csv","0623","FENC",NA,2023-06-01
"FAM","0623FENC_01",28.89874941,13743.82964,28.93064099,0.045101497,388.9977597,"0623FENC_qPCR.csv","0623","FENC","01",2023-06-01
"FAM","0623FENC_01",28.96253256,13193.70373,28.93064099,0.045101497,388.9977597,"0623FENC_qPCR.csv","0623","FENC","01",2023-06-01
"FAM","0623FENC_09",39.94690301,11.6173398,39.93373442,0.018623191,0.139738932,"0623FENC_qPCR.csv","0623","FENC","09",2023-06-01
"FAM","0623FENC_09",39.92056584,11.81496049,39.93373442,0.018623191,0.139738932,"0623FENC_qPCR.csv","0623","FENC","09",2023-06-01
"FAM","0623FENC_17",27.01020873,46067.85914,26.99026234,0.028208445,842.9963517,"0623FENC_qPCR.csv","0623","FENC","17",2023-06-01
"FAM","0623FENC_17",26.97031596,47260.03602,26.99026234,0.028208445,842.9963517,"0623FENC_qPCR.csv","0623","FENC","17",2023-06-01
"FAM","0623FENC_25",24.74934842,195996.157,24.7719022,0.031895861,3946.50297,"0623FENC_qPCR.csv","0623","FENC","25",2023-06-01
"FAM","0623FENC_25",24.79445598,190414.959,24.7719022,0.031895861,3946.50297,"0623FENC_qPCR.csv","0623","FENC","25",2023-06-01
"FAM","NTC-01",NA,NA,0,0,0,"0623FENC_qPCR.csv","NTC-",NA,NA,NA
"FAM","0623FENC_qPCR_Std-02",18.60098377,1e+07,18.70707504,0.093174957,0,"0623FENC_qPCR.csv","0623","FENC",NA,2023-06-01
"FAM","0623FENC_qPCR_Std-02",18.744627,1e+07,18.70707504,0.093174957,0,"0623FENC_qPCR.csv","0623","FENC",NA,2023-06-01
"FAM","0623FENC_qPCR_Std-02",18.77561436,1e+07,18.70707504,0.093174957,0,"0623FENC_qPCR.csv","0623","FENC",NA,2023-06-01
"FAM","0623FENC_02",26.68921832,56582.25704,26.71636733,0.038394502,1367.440677,"0623FENC_qPCR.csv","0623","FENC","02",2023-06-01
"FAM","0623FENC_02",26.74351634,54648.40389,26.71636733,0.038394502,1367.440677,"0623FENC_qPCR.csv","0623","FENC","02",2023-06-01
"FAM","0623FENC_10",27.62512235,31071.4979,27.62958454,0.006310494,125.220004,"0623FENC_qPCR.csv","0623","FENC","10",2023-06-01
"FAM","0623FENC_10",27.63404674,30894.41007,27.62958454,0.006310494,125.220004,"0623FENC_qPCR.csv","0623","FENC","10",2023-06-01
"FAM","0623FENC_18",26.86115291,50682.41806,26.99745108,0.192754723,5741.054388,"0623FENC_qPCR.csv","0623","FENC","18",2023-06-01
"FAM","0623FENC_18",27.13374925,42563.34108,26.99745108,0.192754723,5741.054388,"0623FENC_qPCR.csv","0623","FENC","18",2023-06-01
"FAM","0623FENC_26",26.31120558,72081.37219,26.37044513,0.083777383,3724.478468,"0623FENC_qPCR.csv","0623","FENC","26",2023-06-01
"FAM","0623FENC_26",26.42968469,66814.16423,26.37044513,0.083777383,3724.478468,"0623FENC_qPCR.csv","0623","FENC","26",2023-06-01
"FAM","NTC-01",NA,NA,0,0,0,"0623FENC_qPCR.csv","NTC-",NA,NA,NA
"FAM","0623FENC_qPCR_Std-03",22.44261464,1e+06,22.50448754,0.055556053,0,"0623FENC_qPCR.csv","0623","FENC",NA,2023-06-01
"FAM","0623FENC_qPCR_Std-03",22.55009651,1e+06,22.50448754,0.055556053,0,"0623FENC_qPCR.csv","0623","FENC",NA,2023-06-01
"FAM","0623FENC_qPCR_Std-03",22.52075147,1e+06,22.50448754,0.055556053,0,"0623FENC_qPCR.csv","0623","FENC",NA,2023-06-01
"FAM","0623FENC_03",NA,NA,0,0,0,"0623FENC_qPCR.csv","0623","FENC","03",2023-06-01
"FAM","0623FENC_03",NA,NA,0,0,0,"0623FENC_qPCR.csv","0623","FENC","03",2023-06-01
"FAM","0623FENC_11",22.85728711,658441.3099,22.92939505,0.101976027,41077.27979,"0623FENC_qPCR.csv","0623","FENC","11",2023-06-01
"FAM","0623FENC_11",23.00150299,600349.2637,22.92939505,0.101976027,41077.27979,"0623FENC_qPCR.csv","0623","FENC","11",2023-06-01
"FAM","0623FENC_19",23.33539941,484765.817,23.48549897,0.212272835,59956.21403,"0623FENC_qPCR.csv","0623","FENC","19",2023-06-01
"FAM","0623FENC_19",23.63559853,399974.926,23.48549897,0.212272835,59956.21403,"0623FENC_qPCR.csv","0623","FENC","19",2023-06-01
"FAM","0623FENC_27",34.31648518,427.7456222,34.42808648,0.157828076,40.28902762,"0623FENC_qPCR.csv","0623","FENC","27",2023-06-01
"FAM","0623FENC_27",34.53968778,370.768333,34.42808648,0.157828076,40.28902762,"0623FENC_qPCR.csv","0623","FENC","27",2023-06-01
"FAM","NTC-01",NA,NA,0,0,0,"0623FENC_qPCR.csv","NTC-",NA,NA,NA
"FAM","0623FENC_qPCR_Std-04",25.48867226,1e+05,25.51073115,0.035744577,0,"0623FENC_qPCR.csv","0623","FENC",NA,2023-06-01
"FAM","0623FENC_qPCR_Std-04",25.49154919,1e+05,25.51073115,0.035744577,0,"0623FENC_qPCR.csv","0623","FENC",NA,2023-06-01
"FAM","0623FENC_qPCR_Std-04",25.551972,1e+05,25.51073115,0.035744577,0,"0623FENC_qPCR.csv","0623","FENC",NA,2023-06-01
"FAM","0623FENC_04",28.43214933,18530.65483,28.58299169,0.213323318,2302.167475,"0623FENC_qPCR.csv","0623","FENC","04",2023-06-01
"FAM","0623FENC_04",28.73383406,15274.89837,28.58299169,0.213323318,2302.167475,"0623FENC_qPCR.csv","0623","FENC","04",2023-06-01
"FAM","0623FENC_12",28.11062194,22767.86783,28.23523263,0.176226126,2375.102166,"0623FENC_qPCR.csv","0623","FENC","12",2023-06-01
"FAM","0623FENC_12",28.35984332,19408.96614,28.23523263,0.176226126,2375.102166,"0623FENC_qPCR.csv","0623","FENC","12",2023-06-01
"FAM","0623FENC_20",37.55777597,53.65783069,37.67463973,0.165270315,5.274931997,"0623FENC_qPCR.csv","0623","FENC","20",2023-06-01
"FAM","0623FENC_20",37.79150349,46.19795032,37.67463973,0.165270315,5.274931997,"0623FENC_qPCR.csv","0623","FENC","20",2023-06-01
"FAM","0623FENC_28",30.27292287,5700.156042,30.24962624,0.032946421,122.0898793,"0623FENC_qPCR.csv","0623","FENC","28",2023-06-01
"FAM","0623FENC_28",30.2263296,5872.817206,30.24962624,0.032946421,122.0898793,"0623FENC_qPCR.csv","0623","FENC","28",2023-06-01
"FAM","0623FENC_qPCR_Std-05",29.89146128,10000,29.84331659,0.11483108,0,"0623FENC_qPCR.csv","0623","FENC",NA,2023-06-01
"FAM","0623FENC_qPCR_Std-05",29.92623838,10000,29.84331659,0.11483108,0,"0623FENC_qPCR.csv","0623","FENC",NA,2023-06-01
"FAM","0623FENC_qPCR_Std-05",29.71225012,10000,29.84331659,0.11483108,0,"0623FENC_qPCR.csv","0623","FENC",NA,2023-06-01
"FAM","0623FENC_05",32.83551773,1104.36065,32.93346226,0.138514474,92.07392813,"0623FENC_qPCR.csv","0623","FENC","05",2023-06-01
"FAM","0623FENC_05",33.03140678,974.1484524,32.93346226,0.138514474,92.07392813,"0623FENC_qPCR.csv","0623","FENC","05",2023-06-01
"FAM","0623FENC_13",22.2153647,993265.3834,22.31753683,0.144493211,86157.39361,"0623FENC_qPCR.csv","0623","FENC","13",2023-06-01
"FAM","0623FENC_13",22.41970895,871420.4288,22.31753683,0.144493211,86157.39361,"0623FENC_qPCR.csv","0623","FENC","13",2023-06-01
"FAM","0623FENC_21",39.90893224,11.90332012,39.34462465,0.798051443,8.924038123,"0623FENC_qPCR.csv","0623","FENC","21",2023-06-01
"FAM","0623FENC_21",38.78031707,24.52381586,39.34462465,0.798051443,8.924038123,"0623FENC_qPCR.csv","0623","FENC","21",2023-06-01
"FAM","0623FENC_29",27.45866381,34567.02379,27.49008164,0.044431518,964.1228939,"0623FENC_qPCR.csv","0623","FENC","29",2023-06-01
"FAM","0623FENC_29",27.52149946,33203.54812,27.49008164,0.044431518,964.1228939,"0623FENC_qPCR.csv","0623","FENC","29",2023-06-01
"FAM","0623FENC_qPCR_Std-06",33.19382264,1000,33.25673216,0.148150795,0,"0623FENC_qPCR.csv","0623","FENC",NA,2023-06-01
"FAM","0623FENC_qPCR_Std-06",33.15041736,1000,33.25673216,0.148150795,0,"0623FENC_qPCR.csv","0623","FENC",NA,2023-06-01
"FAM","0623FENC_qPCR_Std-06",33.42595648,1000,33.25673216,0.148150795,0,"0623FENC_qPCR.csv","0623","FENC",NA,2023-06-01
"FAM","0623FENC_06",30.81666823,4023.889849,30.70184004,0.16239158,450.8465086,"0623FENC_qPCR.csv","0623","FENC","06",2023-06-01
"FAM","0623FENC_06",30.58701185,4661.483096,30.70184004,0.16239158,450.8465086,"0623FENC_qPCR.csv","0623","FENC","06",2023-06-01
"FAM","0623FENC_14",29.13285229,11830.22369,29.23551,0.145179933,1030.73553,"0623FENC_qPCR.csv","0623","FENC","14",2023-06-01
"FAM","0623FENC_14",29.33816772,10372.54352,29.23551,0.145179933,1030.73553,"0623FENC_qPCR.csv","0623","FENC","14",2023-06-01
"FAM","0623FENC_22",33.10344662,930.2240065,33.29218335,0.266914041,141.2564743,"0623FENC_qPCR.csv","0623","FENC","22",2023-06-01
"FAM","0623FENC_22",33.48092008,730.4571848,33.29218335,0.266914041,141.2564743,"0623FENC_qPCR.csv","0623","FENC","22",2023-06-01
"FAM","0623FENC_30",22.74071723,709480.6111,22.69313163,0.067296195,31529.90869,"0623FENC_qPCR.csv","0623","FENC","30",2023-06-01
"FAM","0623FENC_30",22.64554603,754070.6355,22.69313163,0.067296195,31529.90869,"0623FENC_qPCR.csv","0623","FENC","30",2023-06-01
"FAM","0623FENC_qPCR_Std-07",36.8659977,100,36.55890491,0.300264655,0,"0623FENC_qPCR.csv","0623","FENC",NA,2023-06-01
"FAM","0623FENC_qPCR_Std-07",36.54474782,100,36.55890491,0.300264655,0,"0623FENC_qPCR.csv","0623","FENC",NA,2023-06-01
"FAM","0623FENC_qPCR_Std-07",36.26596922,100,36.55890491,0.300264655,0,"0623FENC_qPCR.csv","0623","FENC",NA,2023-06-01
"FAM","0623FENC_07",30.23037679,5857.614302,30.17016858,0.085147266,332.0736968,"0623FENC_qPCR.csv","0623","FENC","07",2023-06-01
"FAM","0623FENC_07",30.10996038,6327.237428,30.17016858,0.085147266,332.0736968,"0623FENC_qPCR.csv","0623","FENC","07",2023-06-01
"FAM","0623FENC_15",28.83634657,14304.24272,28.69759483,0.1962246,1967.305126,"0623FENC_qPCR.csv","0623","FENC","15",2023-06-01
"FAM","0623FENC_15",28.55884308,17086.43231,28.69759483,0.1962246,1967.305126,"0623FENC_qPCR.csv","0623","FENC","15",2023-06-01
"FAM","0623FENC_23",31.88528158,2029.623232,32.09542308,0.297184969,338.6813024,"0623FENC_qPCR.csv","0623","FENC","23",2023-06-01
"FAM","0623FENC_23",32.30556459,1550.655541,32.09542308,0.297184969,338.6813024,"0623FENC_qPCR.csv","0623","FENC","23",2023-06-01
"FAM","0623FENC_qPCR_Std-08",NA,10,0,0,0,"0623FENC_qPCR.csv","0623","FENC",NA,2023-06-01
"FAM","0623FENC_qPCR_Std-08",NA,10,0,0,0,"0623FENC_qPCR.csv","0623","FENC",NA,2023-06-01
"FAM","0623FENC_qPCR_Std-08",38.98478486,10,38.98478486,0,0,"0623FENC_qPCR.csv","0623","FENC",NA,2023-06-01
"FAM","0623FENC_08",30.05219026,6565.724665,29.98214341,0.099061199,435.8166996,"0623FENC_qPCR.csv","0623","FENC","08",2023-06-01
"FAM","0623FENC_08",29.91209656,7182.062552,29.98214341,0.099061199,435.8166996,"0623FENC_qPCR.csv","0623","FENC","08",2023-06-01
"FAM","0623FENC_16",21.44057262,1631438.518,21.56421641,0.174858725,168969.9496,"0623FENC_qPCR.csv","0623","FENC","16",2023-06-01
"FAM","0623FENC_16",21.6878602,1392478.924,21.56421641,0.174858725,168969.9496,"0623FENC_qPCR.csv","0623","FENC","16",2023-06-01
"FAM","0623FENC_24",26.44999692,65950.60306,26.5462064,0.136060746,5406.980534,"0623FENC_qPCR.csv","0623","FENC","24",2023-06-01
"FAM","0623FENC_24",26.64241587,58303.97786,26.5462064,0.136060746,5406.980534,"0623FENC_qPCR.csv","0623","FENC","24",2023-06-01
"HEX","0623FENC_qPCR_Std-01",15.5980268,1e+08,15.97295663,0.326556447,0,"0623FENC_qPCR.csv","0623","FENC",NA,2023-06-01
"HEX","0623FENC_qPCR_Std-01",16.19520418,1e+08,15.97295663,0.326556447,0,"0623FENC_qPCR.csv","0623","FENC",NA,2023-06-01
"HEX","0623FENC_qPCR_Std-01",16.1256389,1e+08,15.97295663,0.326556447,0,"0623FENC_qPCR.csv","0623","FENC",NA,2023-06-01
"HEX","0623FENC_01",21.07820083,3318588.581,21.17916911,0.142790719,296383.4854,"0623FENC_qPCR.csv","0623","FENC","01",2023-06-01
"HEX","0623FENC_01",21.2801374,2899439.036,21.17916911,0.142790719,296383.4854,"0623FENC_qPCR.csv","0623","FENC","01",2023-06-01
"HEX","0623FENC_09",33.5683931,783.400581,33.64957266,0.114805241,56.98702096,"0623FENC_qPCR.csv","0623","FENC","09",2023-06-01
"HEX","0623FENC_09",33.73075223,702.8087631,33.64957266,0.114805241,56.98702096,"0623FENC_qPCR.csv","0623","FENC","09",2023-06-01
"HEX","0623FENC_17",39.01484584,20.53116113,37.07077212,2.749335425,180.8981236,"0623FENC_qPCR.csv","0623","FENC","17",2023-06-01
"HEX","0623FENC_17",35.12669839,276.359741,37.07077212,2.749335425,180.8981236,"0623FENC_qPCR.csv","0623","FENC","17",2023-06-01
"HEX","0623FENC_25",NA,NA,0,0,0,"0623FENC_qPCR.csv","0623","FENC","25",2023-06-01
"HEX","0623FENC_25",NA,NA,0,0,0,"0623FENC_qPCR.csv","0623","FENC","25",2023-06-01
"HEX","NTC-01",NA,NA,0,0,0,"0623FENC_qPCR.csv","NTC-",NA,NA,NA
"HEX","0623FENC_qPCR_Std-02",19.70950141,1e+07,19.28515798,0.46637251,0,"0623FENC_qPCR.csv","0623","FENC",NA,2023-06-01
"HEX","0623FENC_qPCR_Std-02",19.36013222,1e+07,19.28515798,0.46637251,0,"0623FENC_qPCR.csv","0623","FENC",NA,2023-06-01
"HEX","0623FENC_qPCR_Std-02",18.78584029,1e+07,19.28515798,0.46637251,0,"0623FENC_qPCR.csv","0623","FENC",NA,2023-06-01
"HEX","0623FENC_02",34.59759038,393.6588505,34.05527219,0.766953745,296.5084471,"0623FENC_qPCR.csv","0623","FENC","02",2023-06-01
"HEX","0623FENC_02",33.51295399,812.9851177,34.05527219,0.766953745,296.5084471,"0623FENC_qPCR.csv","0623","FENC","02",2023-06-01
"HEX","0623FENC_10",33.18667996,1011.178469,33.49726405,0.439232233,243.019147,"0623FENC_qPCR.csv","0623","FENC","10",2023-06-01
"HEX","0623FENC_10",33.80784814,667.497495,33.49726405,0.439232233,243.019147,"0623FENC_qPCR.csv","0623","FENC","10",2023-06-01
"HEX","0623FENC_18",29.16130812,14918.90814,29.22295654,0.087184038,834.806208,"0623FENC_qPCR.csv","0623","FENC","18",2023-06-01
"HEX","0623FENC_18",29.28460497,13738.31388,29.22295654,0.087184038,834.806208,"0623FENC_qPCR.csv","0623","FENC","18",2023-06-01
"HEX","0623FENC_26",20.27667885,5671575.225,20.35869244,0.115984729,416578.7115,"0623FENC_qPCR.csv","0623","FENC","26",2023-06-01
"HEX","0623FENC_26",20.44070603,5082443.961,20.35869244,0.115984729,416578.7115,"0623FENC_qPCR.csv","0623","FENC","26",2023-06-01
"HEX","NTC-01",NA,NA,0,0,0,"0623FENC_qPCR.csv","NTC-",NA,NA,NA
"HEX","0623FENC_qPCR_Std-03",22.4482558,1e+06,22.97591633,0.479475592,0,"0623FENC_qPCR.csv","0623","FENC",NA,2023-06-01
"HEX","0623FENC_qPCR_Std-03",23.09456525,1e+06,22.97591633,0.479475592,0,"0623FENC_qPCR.csv","0623","FENC",NA,2023-06-01
"HEX","0623FENC_qPCR_Std-03",23.38492793,1e+06,22.97591633,0.479475592,0,"0623FENC_qPCR.csv","0623","FENC",NA,2023-06-01
"HEX","0623FENC_03",NA,NA,0,0,0,"0623FENC_qPCR.csv","0623","FENC","03",2023-06-01
"HEX","0623FENC_03",35.04330458,292.2073413,35.04330458,0,0,"0623FENC_qPCR.csv","0623","FENC","03",2023-06-01
"HEX","0623FENC_11",23.8525138,519198.4924,23.99128609,0.196253663,62182.36368,"0623FENC_qPCR.csv","0623","FENC","11",2023-06-01
"HEX","0623FENC_11",24.13005839,431259.3503,23.99128609,0.196253663,62182.36368,"0623FENC_qPCR.csv","0623","FENC","11",2023-06-01
"HEX","0623FENC_19",38.64957608,26.21093523,38.70881828,0.083781117,1.411658448,"0623FENC_qPCR.csv","0623","FENC","19",2023-06-01
"HEX","0623FENC_19",38.76806047,24.21454871,38.70881828,0.083781117,1.411658448,"0623FENC_qPCR.csv","0623","FENC","19",2023-06-01
"HEX","0623FENC_27",30.50139629,6089.687325,30.62276474,0.171640907,645.1180818,"0623FENC_qPCR.csv","0623","FENC","27",2023-06-01
"HEX","0623FENC_27",30.74413319,5177.352584,30.62276474,0.171640907,645.1180818,"0623FENC_qPCR.csv","0623","FENC","27",2023-06-01
"HEX","NTC-01",NA,NA,0,0,0,"0623FENC_qPCR.csv","NTC-",NA,NA,NA
"HEX","0623FENC_qPCR_Std-04",26.43909824,1e+05,26.37103672,0.133164912,0,"0623FENC_qPCR.csv","0623","FENC",NA,2023-06-01
"HEX","0623FENC_qPCR_Std-04",26.45641541,1e+05,26.37103672,0.133164912,0,"0623FENC_qPCR.csv","0623","FENC",NA,2023-06-01
"HEX","0623FENC_qPCR_Std-04",26.21759652,1e+05,26.37103672,0.133164912,0,"0623FENC_qPCR.csv","0623","FENC",NA,2023-06-01
"HEX","0623FENC_04",38.61228357,26.87272559,38.26035318,0.497704731,11.42010331,"0623FENC_qPCR.csv","0623","FENC","04",2023-06-01
"HEX","0623FENC_04",37.90842279,43.02319058,38.26035318,0.497704731,11.42010331,"0623FENC_qPCR.csv","0623","FENC","04",2023-06-01
"HEX","0623FENC_12",32.7350581,1367.641308,32.77957493,0.062956308,55.89063234,"0623FENC_qPCR.csv","0623","FENC","12",2023-06-01
"HEX","0623FENC_12",32.82409176,1288.600018,32.77957493,0.062956308,55.89063234,"0623FENC_qPCR.csv","0623","FENC","12",2023-06-01
"HEX","0623FENC_20",34.86178397,329.9149986,34.79738435,0.091074814,20.98097838,"0623FENC_qPCR.csv","0623","FENC","20",2023-06-01
"HEX","0623FENC_20",34.73298473,359.5865827,34.79738435,0.091074814,20.98097838,"0623FENC_qPCR.csv","0623","FENC","20",2023-06-01
"HEX","0623FENC_28",33.78323908,678.5717154,33.92668938,0.202869363,83.75534335,"0623FENC_qPCR.csv","0623","FENC","28",2023-06-01
"HEX","0623FENC_28",34.07013968,560.1237729,33.92668938,0.202869363,83.75534335,"0623FENC_qPCR.csv","0623","FENC","28",2023-06-01
"HEX","0623FENC_qPCR_Std-05",29.48885328,10000,29.75597428,0.269811922,0,"0623FENC_qPCR.csv","0623","FENC",NA,2023-06-01
"HEX","0623FENC_qPCR_Std-05",29.75067064,10000,29.75597428,0.269811922,0,"0623FENC_qPCR.csv","0623","FENC",NA,2023-06-01
"HEX","0623FENC_qPCR_Std-05",30.02839893,10000,29.75597428,0.269811922,0,"0623FENC_qPCR.csv","0623","FENC",NA,2023-06-01
"HEX","0623FENC_05",35.00763158,299.2609441,35.04267645,0.049560936,9.688203162,"0623FENC_qPCR.csv","0623","FENC","05",2023-06-01
"HEX","0623FENC_05",35.07772133,285.5597558,35.04267645,0.049560936,9.688203162,"0623FENC_qPCR.csv","0623","FENC","05",2023-06-01
"HEX","0623FENC_13",34.87520229,326.9682425,35.06004482,0.261406805,50.63402487,"0623FENC_qPCR.csv","0623","FENC","13",2023-06-01
"HEX","0623FENC_13",35.24488734,255.3609178,35.06004482,0.261406805,50.63402487,"0623FENC_qPCR.csv","0623","FENC","13",2023-06-01
"HEX","0623FENC_21",34.49032944,422.9285779,34.44156203,0.068967535,20.15303726,"0623FENC_qPCR.csv","0623","FENC","21",2023-06-01
"HEX","0623FENC_21",34.39279462,451.4292765,34.44156203,0.068967535,20.15303726,"0623FENC_qPCR.csv","0623","FENC","21",2023-06-01
"HEX","0623FENC_29",34.71990518,362.7451293,34.71990518,0,0,"0623FENC_qPCR.csv","0623","FENC","29",2023-06-01
"HEX","0623FENC_29",NA,NA,0,0,0,"0623FENC_qPCR.csv","0623","FENC","29",2023-06-01
"HEX","0623FENC_qPCR_Std-06",33.20654673,1000,33.41821352,0.185676792,0,"0623FENC_qPCR.csv","0623","FENC",NA,2023-06-01
"HEX","0623FENC_qPCR_Std-06",33.55360617,1000,33.41821352,0.185676792,0,"0623FENC_qPCR.csv","0623","FENC",NA,2023-06-01
"HEX","0623FENC_qPCR_Std-06",33.49448766,1000,33.41821352,0.185676792,0,"0623FENC_qPCR.csv","0623","FENC",NA,2023-06-01
"HEX","0623FENC_06",15.71311103,119921535.8,15.39386506,0.451481979,45157049.2,"0623FENC_qPCR.csv","0623","FENC","06",2023-06-01
"HEX","0623FENC_06",15.07461909,183783247.2,15.39386506,0.451481979,45157049.2,"0623FENC_qPCR.csv","0623","FENC","06",2023-06-01
"HEX","0623FENC_14",33.72055878,707.6152681,33.47251533,0.350786418,196.8102913,"0623FENC_qPCR.csv","0623","FENC","14",2023-06-01
"HEX","0623FENC_14",33.22447187,985.9470513,33.47251533,0.350786418,196.8102913,"0623FENC_qPCR.csv","0623","FENC","14",2023-06-01
"HEX","0623FENC_22",35.35618921,237.0467427,35.35618921,0,0,"0623FENC_qPCR.csv","0623","FENC","22",2023-06-01
"HEX","0623FENC_22",NA,NA,0,0,0,"0623FENC_qPCR.csv","0623","FENC","22",2023-06-01
"HEX","0623FENC_30",NA,NA,0,0,0,"0623FENC_qPCR.csv","0623","FENC","30",2023-06-01
"HEX","0623FENC_30",NA,NA,0,0,0,"0623FENC_qPCR.csv","0623","FENC","30",2023-06-01
"HEX","0623FENC_qPCR_Std-07",36.21409466,100,36.43209337,0.220030623,0,"0623FENC_qPCR.csv","0623","FENC",NA,2023-06-01
"HEX","0623FENC_qPCR_Std-07",36.65410112,100,36.43209337,0.220030623,0,"0623FENC_qPCR.csv","0623","FENC",NA,2023-06-01
"HEX","0623FENC_qPCR_Std-07",36.42808434,100,36.43209337,0.220030623,0,"0623FENC_qPCR.csv","0623","FENC",NA,2023-06-01
"HEX","0623FENC_07",32.68748317,1411.845826,32.46537752,0.314104818,345.2580227,"0623FENC_qPCR.csv","0623","FENC","07",2023-06-01
"HEX","0623FENC_07",32.24327188,1900.114404,32.46537752,0.314104818,345.2580227,"0623FENC_qPCR.csv","0623","FENC","07",2023-06-01
"HEX","0623FENC_15",34.73350831,359.4607176,34.73350831,0,0,"0623FENC_qPCR.csv","0623","FENC","15",2023-06-01
"HEX","0623FENC_15",NA,NA,0,0,0,"0623FENC_qPCR.csv","0623","FENC","15",2023-06-01
"HEX","0623FENC_23",35.47086771,219.5497926,35.47086771,0,0,"0623FENC_qPCR.csv","0623","FENC","23",2023-06-01
"HEX","0623FENC_23",NA,NA,0,0,0,"0623FENC_qPCR.csv","0623","FENC","23",2023-06-01
"HEX","0623FENC_qPCR_Std-08",NA,10,0,0,0,"0623FENC_qPCR.csv","0623","FENC",NA,2023-06-01
"HEX","0623FENC_qPCR_Std-08",NA,10,0,0,0,"0623FENC_qPCR.csv","0623","FENC",NA,2023-06-01
"HEX","0623FENC_qPCR_Std-08",NA,10,0,0,0,"0623FENC_qPCR.csv","0623","FENC",NA,2023-06-01
"HEX","0623FENC_08",31.23851123,3720.039717,31.11747647,0.171168998,462.150941,"0623FENC_qPCR.csv","0623","FENC","08",2023-06-01
"HEX","0623FENC_08",30.99644171,4373.619846,31.11747647,0.171168998,462.150941,"0623FENC_qPCR.csv","0623","FENC","08",2023-06-01
"HEX","0623FENC_16",38.68944043,25.52151733,37.89542347,1.122909554,34.13708126,"0623FENC_qPCR.csv","0623","FENC","16",2023-06-01
"HEX","0623FENC_16",37.10140651,73.79864063,37.89542347,1.122909554,34.13708126,"0623FENC_qPCR.csv","0623","FENC","16",2023-06-01
"HEX","0623FENC_24",NA,NA,0,0,0,"0623FENC_qPCR.csv","0623","FENC","24",2023-06-01
"HEX","0623FENC_24",35.7310577,184.4920495,35.7310577,0,0,"0623FENC_qPCR.csv","0623","FENC","24",2023-06-01
"FAM","0623GOLD_qPCR_Std-01",14.36902835,1e+08,14.43350382,0.067745188,NA,"0623GOLD_qPCR.csv","0623","GOLD",NA,2023-06-01
"FAM","0623GOLD_qPCR_Std-01",14.42738017,1e+08,14.43350382,0.067745188,NA,"0623GOLD_qPCR.csv","0623","GOLD",NA,2023-06-01
"FAM","0623GOLD_qPCR_Std-01",14.50410294,1e+08,14.43350382,0.067745188,NA,"0623GOLD_qPCR.csv","0623","GOLD",NA,2023-06-01
"FAM","0623GOLD_01",NA,NA,0,0,NA,"0623GOLD_qPCR.csv","0623","GOLD","01",2023-06-01
"FAM","0623GOLD_01",NA,NA,0,0,NA,"0623GOLD_qPCR.csv","0623","GOLD","01",2023-06-01
"FAM","0623GOLD_09",NA,NA,0,0,NA,"0623GOLD_qPCR.csv","0623","GOLD","09",2023-06-01
"FAM","0623GOLD_09",NA,NA,0,0,NA,"0623GOLD_qPCR.csv","0623","GOLD","09",2023-06-01
"FAM","0623GOLD_17",NA,NA,0,0,NA,"0623GOLD_qPCR.csv","0623","GOLD","17",2023-06-01
"FAM","0623GOLD_17",NA,NA,0,0,NA,"0623GOLD_qPCR.csv","0623","GOLD","17",2023-06-01
"FAM","0623GOLD_25",NA,NA,0,0,NA,"0623GOLD_qPCR.csv","0623","GOLD","25",2023-06-01
"FAM","0623GOLD_25",NA,NA,0,0,NA,"0623GOLD_qPCR.csv","0623","GOLD","25",2023-06-01
"FAM","NTC-01",NA,NA,0,0,NA,"0623GOLD_qPCR.csv","NTC-",NA,NA,NA
"FAM","0623GOLD_qPCR_Std-02",18.33206782,1e+07,18.36304152,0.027801226,NA,"0623GOLD_qPCR.csv","0623","GOLD",NA,2023-06-01
"FAM","0623GOLD_qPCR_Std-02",18.37122215,1e+07,18.36304152,0.027801226,NA,"0623GOLD_qPCR.csv","0623","GOLD",NA,2023-06-01
"FAM","0623GOLD_qPCR_Std-02",18.38583458,1e+07,18.36304152,0.027801226,NA,"0623GOLD_qPCR.csv","0623","GOLD",NA,2023-06-01
"FAM","0623GOLD_02",NA,NA,0,0,NA,"0623GOLD_qPCR.csv","0623","GOLD","02",2023-06-01
"FAM","0623GOLD_02",NA,NA,0,0,NA,"0623GOLD_qPCR.csv","0623","GOLD","02",2023-06-01
"FAM","0623GOLD_10",NA,NA,0,0,NA,"0623GOLD_qPCR.csv","0623","GOLD","10",2023-06-01
"FAM","0623GOLD_10",NA,NA,0,0,NA,"0623GOLD_qPCR.csv","0623","GOLD","10",2023-06-01
"FAM","0623GOLD_18",NA,NA,0,0,NA,"0623GOLD_qPCR.csv","0623","GOLD","18",2023-06-01
"FAM","0623GOLD_18",NA,NA,0,0,NA,"0623GOLD_qPCR.csv","0623","GOLD","18",2023-06-01
"FAM","0623GOLD_26",NA,NA,0,0,NA,"0623GOLD_qPCR.csv","0623","GOLD","26",2023-06-01
"FAM","0623GOLD_26",NA,NA,0,0,NA,"0623GOLD_qPCR.csv","0623","GOLD","26",2023-06-01
"FAM","NTC-01",NA,NA,0,0,NA,"0623GOLD_qPCR.csv","NTC-",NA,NA,NA
"FAM","0623GOLD_qPCR_Std-03",22.2611092,1e+06,22.31035155,0.055991504,NA,"0623GOLD_qPCR.csv","0623","GOLD",NA,2023-06-01
"FAM","0623GOLD_qPCR_Std-03",22.37125553,1e+06,22.31035155,0.055991504,NA,"0623GOLD_qPCR.csv","0623","GOLD",NA,2023-06-01
"FAM","0623GOLD_qPCR_Std-03",22.2986899,1e+06,22.31035155,0.055991504,NA,"0623GOLD_qPCR.csv","0623","GOLD",NA,2023-06-01
"FAM","0623GOLD_03",NA,NA,0,0,NA,"0623GOLD_qPCR.csv","0623","GOLD","03",2023-06-01
"FAM","0623GOLD_03",NA,NA,0,0,NA,"0623GOLD_qPCR.csv","0623","GOLD","03",2023-06-01
"FAM","0623GOLD_11",NA,NA,0,0,NA,"0623GOLD_qPCR.csv","0623","GOLD","11",2023-06-01
"FAM","0623GOLD_11",NA,NA,0,0,NA,"0623GOLD_qPCR.csv","0623","GOLD","11",2023-06-01
"FAM","0623GOLD_19",NA,NA,0,0,NA,"0623GOLD_qPCR.csv","0623","GOLD","19",2023-06-01
"FAM","0623GOLD_19",NA,NA,0,0,NA,"0623GOLD_qPCR.csv","0623","GOLD","19",2023-06-01
"FAM","0623GOLD_27",NA,NA,0,0,NA,"0623GOLD_qPCR.csv","0623","GOLD","27",2023-06-01
"FAM","0623GOLD_27",NA,NA,0,0,NA,"0623GOLD_qPCR.csv","0623","GOLD","27",2023-06-01
"FAM","NTC-01",NA,NA,0,0,NA,"0623GOLD_qPCR.csv","NTC-",NA,NA,NA
"FAM","0623GOLD_qPCR_Std-04",25.15012571,1e+05,25.21022801,0.053445549,NA,"0623GOLD_qPCR.csv","0623","GOLD",NA,2023-06-01
"FAM","0623GOLD_qPCR_Std-04",25.22814605,1e+05,25.21022801,0.053445549,NA,"0623GOLD_qPCR.csv","0623","GOLD",NA,2023-06-01
"FAM","0623GOLD_qPCR_Std-04",25.25241226,1e+05,25.21022801,0.053445549,NA,"0623GOLD_qPCR.csv","0623","GOLD",NA,2023-06-01
"FAM","0623GOLD_04",NA,NA,0,0,NA,"0623GOLD_qPCR.csv","0623","GOLD","04",2023-06-01
"FAM","0623GOLD_04",NA,NA,0,0,NA,"0623GOLD_qPCR.csv","0623","GOLD","04",2023-06-01
"FAM","0623GOLD_12",NA,NA,0,0,NA,"0623GOLD_qPCR.csv","0623","GOLD","12",2023-06-01
"FAM","0623GOLD_12",NA,NA,0,0,NA,"0623GOLD_qPCR.csv","0623","GOLD","12",2023-06-01
"FAM","0623GOLD_20",NA,NA,0,0,NA,"0623GOLD_qPCR.csv","0623","GOLD","20",2023-06-01
"FAM","0623GOLD_20",NA,NA,0,0,NA,"0623GOLD_qPCR.csv","0623","GOLD","20",2023-06-01
"FAM","0623GOLD_28",NA,NA,0,0,NA,"0623GOLD_qPCR.csv","0623","GOLD","28",2023-06-01
"FAM","0623GOLD_28",NA,NA,0,0,NA,"0623GOLD_qPCR.csv","0623","GOLD","28",2023-06-01
"FAM","0623GOLD_qPCR_Std-05",29.54235507,10000,29.61513924,0.130983647,NA,"0623GOLD_qPCR.csv","0623","GOLD",NA,2023-06-01
"FAM","0623GOLD_qPCR_Std-05",29.53671162,10000,29.61513924,0.130983647,NA,"0623GOLD_qPCR.csv","0623","GOLD",NA,2023-06-01
"FAM","0623GOLD_qPCR_Std-05",29.76635103,10000,29.61513924,0.130983647,NA,"0623GOLD_qPCR.csv","0623","GOLD",NA,2023-06-01
"FAM","0623GOLD_05",NA,NA,0,0,NA,"0623GOLD_qPCR.csv","0623","GOLD","05",2023-06-01
"FAM","0623GOLD_05",NA,NA,0,0,NA,"0623GOLD_qPCR.csv","0623","GOLD","05",2023-06-01
"FAM","0623GOLD_13",NA,NA,0,0,NA,"0623GOLD_qPCR.csv","0623","GOLD","13",2023-06-01
"FAM","0623GOLD_13",NA,NA,0,0,NA,"0623GOLD_qPCR.csv","0623","GOLD","13",2023-06-01
"FAM","0623GOLD_21",NA,NA,0,0,NA,"0623GOLD_qPCR.csv","0623","GOLD","21",2023-06-01
"FAM","0623GOLD_21",NA,NA,0,0,NA,"0623GOLD_qPCR.csv","0623","GOLD","21",2023-06-01
"FAM","0623GOLD_29",NA,NA,0,0,NA,"0623GOLD_qPCR.csv","0623","GOLD","29",2023-06-01
"FAM","0623GOLD_29",NA,NA,0,0,NA,"0623GOLD_qPCR.csv","0623","GOLD","29",2023-06-01
"FAM","0623GOLD_qPCR_Std-06",33.1577297,1000,33.28240159,0.128792869,NA,"0623GOLD_qPCR.csv","0623","GOLD",NA,2023-06-01
"FAM","0623GOLD_qPCR_Std-06",33.41495358,1000,33.28240159,0.128792869,NA,"0623GOLD_qPCR.csv","0623","GOLD",NA,2023-06-01
"FAM","0623GOLD_qPCR_Std-06",33.2745215,1000,33.28240159,0.128792869,NA,"0623GOLD_qPCR.csv","0623","GOLD",NA,2023-06-01
"FAM","0623GOLD_06",NA,NA,0,0,NA,"0623GOLD_qPCR.csv","0623","GOLD","06",2023-06-01
"FAM","0623GOLD_06",NA,NA,0,0,NA,"0623GOLD_qPCR.csv","0623","GOLD","06",2023-06-01
"FAM","0623GOLD_14",NA,NA,0,0,NA,"0623GOLD_qPCR.csv","0623","GOLD","14",2023-06-01
"FAM","0623GOLD_14",NA,NA,0,0,NA,"0623GOLD_qPCR.csv","0623","GOLD","14",2023-06-01
"FAM","0623GOLD_22",NA,NA,0,0,NA,"0623GOLD_qPCR.csv","0623","GOLD","22",2023-06-01
"FAM","0623GOLD_22",NA,NA,0,0,NA,"0623GOLD_qPCR.csv","0623","GOLD","22",2023-06-01
"FAM","0623GOLD_30",NA,NA,0,0,NA,"0623GOLD_qPCR.csv","0623","GOLD","30",2023-06-01
"FAM","0623GOLD_30",NA,NA,0,0,NA,"0623GOLD_qPCR.csv","0623","GOLD","30",2023-06-01
"FAM","0623GOLD_qPCR_Std-07",36.37370764,100,36.53604049,0.221850617,NA,"0623GOLD_qPCR.csv","0623","GOLD",NA,2023-06-01
"FAM","0623GOLD_qPCR_Std-07",36.44558603,100,36.53604049,0.221850617,NA,"0623GOLD_qPCR.csv","0623","GOLD",NA,2023-06-01
"FAM","0623GOLD_qPCR_Std-07",36.78882781,100,36.53604049,0.221850617,NA,"0623GOLD_qPCR.csv","0623","GOLD",NA,2023-06-01
"FAM","0623GOLD_07",NA,NA,0,0,NA,"0623GOLD_qPCR.csv","0623","GOLD","07",2023-06-01
"FAM","0623GOLD_07",NA,NA,0,0,NA,"0623GOLD_qPCR.csv","0623","GOLD","07",2023-06-01
"FAM","0623GOLD_15",NA,NA,0,0,NA,"0623GOLD_qPCR.csv","0623","GOLD","15",2023-06-01
"FAM","0623GOLD_15",NA,NA,0,0,NA,"0623GOLD_qPCR.csv","0623","GOLD","15",2023-06-01
"FAM","0623GOLD_23",NA,NA,0,0,NA,"0623GOLD_qPCR.csv","0623","GOLD","23",2023-06-01
"FAM","0623GOLD_23",NA,NA,0,0,NA,"0623GOLD_qPCR.csv","0623","GOLD","23",2023-06-01
"FAM","0623GOLD_qPCR_Std-08",39.52282861,10,39.40241092,0.170296332,NA,"0623GOLD_qPCR.csv","0623","GOLD",NA,2023-06-01
"FAM","0623GOLD_qPCR_Std-08",NA,10,0,0,NA,"0623GOLD_qPCR.csv","0623","GOLD",NA,2023-06-01
"FAM","0623GOLD_qPCR_Std-08",39.28199323,10,39.40241092,0.170296332,NA,"0623GOLD_qPCR.csv","0623","GOLD",NA,2023-06-01
"FAM","0623GOLD_08",NA,NA,0,0,NA,"0623GOLD_qPCR.csv","0623","GOLD","08",2023-06-01
"FAM","0623GOLD_08",NA,NA,0,0,NA,"0623GOLD_qPCR.csv","0623","GOLD","08",2023-06-01
"FAM","0623GOLD_16",NA,NA,0,0,NA,"0623GOLD_qPCR.csv","0623","GOLD","16",2023-06-01
"FAM","0623GOLD_16",NA,NA,0,0,NA,"0623GOLD_qPCR.csv","0623","GOLD","16",2023-06-01
"FAM","0623GOLD_24",NA,NA,0,0,NA,"0623GOLD_qPCR.csv","0623","GOLD","24",2023-06-01
"FAM","0623GOLD_24",NA,NA,0,0,NA,"0623GOLD_qPCR.csv","0623","GOLD","24",2023-06-01
"HEX","0623GOLD_qPCR_Std-01",15.04383785,1e+08,14.81188272,0.493415205,NA,"0623GOLD_qPCR.csv","0623","GOLD",NA,2023-06-01
"HEX","0623GOLD_qPCR_Std-01",14.24523213,1e+08,14.81188272,0.493415205,NA,"0623GOLD_qPCR.csv","0623","GOLD",NA,2023-06-01
"HEX","0623GOLD_qPCR_Std-01",15.14657819,1e+08,14.81188272,0.493415205,NA,"0623GOLD_qPCR.csv","0623","GOLD",NA,2023-06-01
"HEX","0623GOLD_01",13.9744384,1.6304e+11,13.9744384,0,NA,"0623GOLD_qPCR.csv","0623","GOLD","01",2023-06-01
"HEX","0623GOLD_01",NA,NA,0,0,NA,"0623GOLD_qPCR.csv","0623","GOLD","01",2023-06-01
"HEX","0623GOLD_09",NA,NA,0,0,NA,"0623GOLD_qPCR.csv","0623","GOLD","09",2023-06-01
"HEX","0623GOLD_09",NA,NA,0,0,NA,"0623GOLD_qPCR.csv","0623","GOLD","09",2023-06-01
"HEX","0623GOLD_17",NA,NA,0,0,NA,"0623GOLD_qPCR.csv","0623","GOLD","17",2023-06-01
"HEX","0623GOLD_17",5.555145708,1.19e+17,5.555145708,0,NA,"0623GOLD_qPCR.csv","0623","GOLD","17",2023-06-01
"HEX","0623GOLD_25",NA,NA,0,0,NA,"0623GOLD_qPCR.csv","0623","GOLD","25",2023-06-01
"HEX","0623GOLD_25",NA,NA,0,0,NA,"0623GOLD_qPCR.csv","0623","GOLD","25",2023-06-01
"HEX","NTC-01",NA,NA,0,0,NA,"0623GOLD_qPCR.csv","NTC-",NA,NA,NA
"HEX","0623GOLD_qPCR_Std-02",19.08559956,1e+07,18.41005169,0.602617506,NA,"0623GOLD_qPCR.csv","0623","GOLD",NA,2023-06-01
"HEX","0623GOLD_qPCR_Std-02",17.9277988,1e+07,18.41005169,0.602617506,NA,"0623GOLD_qPCR.csv","0623","GOLD",NA,2023-06-01
"HEX","0623GOLD_qPCR_Std-02",18.21675672,1e+07,18.41005169,0.602617506,NA,"0623GOLD_qPCR.csv","0623","GOLD",NA,2023-06-01
"HEX","0623GOLD_02",15.63765358,11319502947,23.2849888,10.81496518,NA,"0623GOLD_qPCR.csv","0623","GOLD","02",2023-06-01
"HEX","0623GOLD_02",30.93232402,0.251622309,23.2849888,10.81496518,NA,"0623GOLD_qPCR.csv","0623","GOLD","02",2023-06-01
"HEX","0623GOLD_10",NA,NA,0,0,NA,"0623GOLD_qPCR.csv","0623","GOLD","10",2023-06-01
"HEX","0623GOLD_10",NA,NA,0,0,NA,"0623GOLD_qPCR.csv","0623","GOLD","10",2023-06-01
"HEX","0623GOLD_18",NA,NA,0,0,NA,"0623GOLD_qPCR.csv","0623","GOLD","18",2023-06-01
"HEX","0623GOLD_18",17.96442591,271130681,17.96442591,0,NA,"0623GOLD_qPCR.csv","0623","GOLD","18",2023-06-01
"HEX","0623GOLD_26",NA,NA,0,0,NA,"0623GOLD_qPCR.csv","0623","GOLD","26",2023-06-01
"HEX","0623GOLD_26",NA,NA,0,0,NA,"0623GOLD_qPCR.csv","0623","GOLD","26",2023-06-01
"HEX","NTC-01",NA,NA,0,0,NA,"0623GOLD_qPCR.csv","NTC-",NA,NA,NA
"HEX","0623GOLD_qPCR_Std-03",22.06192308,1e+06,22.03639211,0.074001192,NA,"0623GOLD_qPCR.csv","0623","GOLD",NA,2023-06-01
"HEX","0623GOLD_qPCR_Std-03",21.95300578,1e+06,22.03639211,0.074001192,NA,"0623GOLD_qPCR.csv","0623","GOLD",NA,2023-06-01
"HEX","0623GOLD_qPCR_Std-03",22.09424747,1e+06,22.03639211,0.074001192,NA,"0623GOLD_qPCR.csv","0623","GOLD",NA,2023-06-01
"HEX","0623GOLD_03",NA,NA,0,0,NA,"0623GOLD_qPCR.csv","0623","GOLD","03",2023-06-01
"HEX","0623GOLD_03",NA,NA,0,0,NA,"0623GOLD_qPCR.csv","0623","GOLD","03",2023-06-01
"HEX","0623GOLD_11",NA,NA,0,0,NA,"0623GOLD_qPCR.csv","0623","GOLD","11",2023-06-01
"HEX","0623GOLD_11",NA,NA,0,0,NA,"0623GOLD_qPCR.csv","0623","GOLD","11",2023-06-01
"HEX","0623GOLD_19",NA,NA,0,0,NA,"0623GOLD_qPCR.csv","0623","GOLD","19",2023-06-01
"HEX","0623GOLD_19",NA,NA,0,0,NA,"0623GOLD_qPCR.csv","0623","GOLD","19",2023-06-01
"HEX","0623GOLD_27",NA,NA,0,0,NA,"0623GOLD_qPCR.csv","0623","GOLD","27",2023-06-01
"HEX","0623GOLD_27",NA,NA,0,0,NA,"0623GOLD_qPCR.csv","0623","GOLD","27",2023-06-01
"HEX","NTC-01",NA,NA,0,0,NA,"0623GOLD_qPCR.csv","NTC-",NA,NA,NA
"HEX","0623GOLD_qPCR_Std-04",25.1805745,1e+05,25.06201192,0.174457877,NA,"0623GOLD_qPCR.csv","0623","GOLD",NA,2023-06-01
"HEX","0623GOLD_qPCR_Std-04",24.86168902,1e+05,25.06201192,0.174457877,NA,"0623GOLD_qPCR.csv","0623","GOLD",NA,2023-06-01
"HEX","0623GOLD_qPCR_Std-04",25.14377224,1e+05,25.06201192,0.174457877,NA,"0623GOLD_qPCR.csv","0623","GOLD",NA,2023-06-01
"HEX","0623GOLD_04",NA,NA,0,0,NA,"0623GOLD_qPCR.csv","0623","GOLD","04",2023-06-01
"HEX","0623GOLD_04",35.52564845,0.000159,35.52564845,0,NA,"0623GOLD_qPCR.csv","0623","GOLD","04",2023-06-01
"HEX","0623GOLD_12",NA,NA,0,0,NA,"0623GOLD_qPCR.csv","0623","GOLD","12",2023-06-01
"HEX","0623GOLD_12",18.90004201,60464607.35,18.90004201,0,NA,"0623GOLD_qPCR.csv","0623","GOLD","12",2023-06-01
"HEX","0623GOLD_20",NA,NA,0,0,NA,"0623GOLD_qPCR.csv","0623","GOLD","20",2023-06-01
"HEX","0623GOLD_20",NA,NA,0,0,NA,"0623GOLD_qPCR.csv","0623","GOLD","20",2023-06-01
"HEX","0623GOLD_28",NA,NA,0,0,NA,"0623GOLD_qPCR.csv","0623","GOLD","28",2023-06-01
"HEX","0623GOLD_28",NA,NA,0,0,NA,"0623GOLD_qPCR.csv","0623","GOLD","28",2023-06-01
"HEX","0623GOLD_qPCR_Std-05",27.82160822,10000,28.15437334,0.316670634,NA,"0623GOLD_qPCR.csv","0623","GOLD",NA,2023-06-01
"HEX","0623GOLD_qPCR_Std-05",28.18948968,10000,28.15437334,0.316670634,NA,"0623GOLD_qPCR.csv","0623","GOLD",NA,2023-06-01
"HEX","0623GOLD_qPCR_Std-05",28.45202212,10000,28.15437334,0.316670634,NA,"0623GOLD_qPCR.csv","0623","GOLD",NA,2023-06-01
"HEX","0623GOLD_05",NA,NA,0,0,NA,"0623GOLD_qPCR.csv","0623","GOLD","05",2023-06-01
"HEX","0623GOLD_05",NA,NA,0,0,NA,"0623GOLD_qPCR.csv","0623","GOLD","05",2023-06-01
"HEX","0623GOLD_13",12.92097585,8.83189e+11,12.92097585,0,NA,"0623GOLD_qPCR.csv","0623","GOLD","13",2023-06-01
"HEX","0623GOLD_13",NA,NA,0,0,NA,"0623GOLD_qPCR.csv","0623","GOLD","13",2023-06-01
"HEX","0623GOLD_21",NA,NA,0,0,NA,"0623GOLD_qPCR.csv","0623","GOLD","21",2023-06-01
"HEX","0623GOLD_21",NA,NA,0,0,NA,"0623GOLD_qPCR.csv","0623","GOLD","21",2023-06-01
"HEX","0623GOLD_29",22.82050871,112411.04,22.82050871,0,NA,"0623GOLD_qPCR.csv","0623","GOLD","29",2023-06-01
"HEX","0623GOLD_29",NA,NA,0,0,NA,"0623GOLD_qPCR.csv","0623","GOLD","29",2023-06-01
"HEX","0623GOLD_qPCR_Std-06",32.21164557,1000,32.24371634,0.196495773,NA,"0623GOLD_qPCR.csv","0623","GOLD",NA,2023-06-01
"HEX","0623GOLD_qPCR_Std-06",32.45427469,1000,32.24371634,0.196495773,NA,"0623GOLD_qPCR.csv","0623","GOLD",NA,2023-06-01
"HEX","0623GOLD_qPCR_Std-06",32.06522874,1000,32.24371634,0.196495773,NA,"0623GOLD_qPCR.csv","0623","GOLD",NA,2023-06-01
"HEX","0623GOLD_06",15.63243088,11414715277,15.23829375,0.557394075,NA,"0623GOLD_qPCR.csv","0623","GOLD","06",2023-06-01
"HEX","0623GOLD_06",14.84415662,40412492937,15.23829375,0.557394075,NA,"0623GOLD_qPCR.csv","0623","GOLD","06",2023-06-01
"HEX","0623GOLD_14",NA,NA,0,0,NA,"0623GOLD_qPCR.csv","0623","GOLD","14",2023-06-01
"HEX","0623GOLD_14",NA,NA,0,0,NA,"0623GOLD_qPCR.csv","0623","GOLD","14",2023-06-01
"HEX","0623GOLD_22",NA,NA,0,0,NA,"0623GOLD_qPCR.csv","0623","GOLD","22",2023-06-01
"HEX","0623GOLD_22",NA,NA,0,0,NA,"0623GOLD_qPCR.csv","0623","GOLD","22",2023-06-01
"HEX","0623GOLD_30",31.92586032,0.051136265,32.93767237,1.430918323,NA,"0623GOLD_qPCR.csv","0623","GOLD","30",2023-06-01
"HEX","0623GOLD_30",33.94948442,0.001991727,32.93767237,1.430918323,NA,"0623GOLD_qPCR.csv","0623","GOLD","30",2023-06-01
"HEX","0623GOLD_qPCR_Std-07",35.47615339,100,27.292979,17.44473848,NA,"0623GOLD_qPCR.csv","0623","GOLD",NA,2023-06-01
"HEX","0623GOLD_qPCR_Std-07",39.14176958,100,27.292979,17.44473848,NA,"0623GOLD_qPCR.csv","0623","GOLD",NA,2023-06-01
"HEX","0623GOLD_qPCR_Std-07",7.261014038,100,27.292979,17.44473848,NA,"0623GOLD_qPCR.csv","0623","GOLD",NA,2023-06-01
"HEX","0623GOLD_07",NA,NA,0,0,NA,"0623GOLD_qPCR.csv","0623","GOLD","07",2023-06-01
"HEX","0623GOLD_07",NA,NA,0,0,NA,"0623GOLD_qPCR.csv","0623","GOLD","07",2023-06-01
"HEX","0623GOLD_15",NA,NA,0,0,NA,"0623GOLD_qPCR.csv","0623","GOLD","15",2023-06-01
"HEX","0623GOLD_15",NA,NA,0,0,NA,"0623GOLD_qPCR.csv","0623","GOLD","15",2023-06-01
"HEX","0623GOLD_23",NA,NA,0,0,NA,"0623GOLD_qPCR.csv","0623","GOLD","23",2023-06-01
"HEX","0623GOLD_23",NA,NA,0,0,NA,"0623GOLD_qPCR.csv","0623","GOLD","23",2023-06-01
"HEX","0623GOLD_qPCR_Std-08",17.97749899,10,20.87905307,3.623378172,NA,"0623GOLD_qPCR.csv","0623","GOLD",NA,2023-06-01
"HEX","0623GOLD_qPCR_Std-08",19.71934982,10,20.87905307,3.623378172,NA,"0623GOLD_qPCR.csv","0623","GOLD",NA,2023-06-01
"HEX","0623GOLD_qPCR_Std-08",24.94031039,10,20.87905307,3.623378172,NA,"0623GOLD_qPCR.csv","0623","GOLD",NA,2023-06-01
"HEX","0623GOLD_08",30.89521645,0.267051728,30.89521645,0,NA,"0623GOLD_qPCR.csv","0623","GOLD","08",2023-06-01
"HEX","0623GOLD_08",NA,NA,0,0,NA,"0623GOLD_qPCR.csv","0623","GOLD","08",2023-06-01
"HEX","0623GOLD_16",NA,NA,0,0,NA,"0623GOLD_qPCR.csv","0623","GOLD","16",2023-06-01
"HEX","0623GOLD_16",NA,NA,0,0,NA,"0623GOLD_qPCR.csv","0623","GOLD","16",2023-06-01
"HEX","0623GOLD_24",NA,NA,0,0,NA,"0623GOLD_qPCR.csv","0623","GOLD","24",2023-06-01
"HEX","0623GOLD_24",37.80821462,4.09e-06,37.80821462,0,NA,"0623GOLD_qPCR.csv","0623","GOLD","24",2023-06-01
"FAM","0723ASHC_qPCR_Std-01",14.69317343,1e+08,14.6807309,0.026632267,0,"0723ASHC_qPCR.csv","0723","ASHC",NA,2023-07-01
"FAM","0723ASHC_qPCR_Std-01",14.65015465,1e+08,14.6807309,0.026632267,0,"0723ASHC_qPCR.csv","0723","ASHC",NA,2023-07-01
"FAM","0723ASHC_qPCR_Std-01",14.69886461,1e+08,14.6807309,0.026632267,0,"0723ASHC_qPCR.csv","0723","ASHC",NA,2023-07-01
"FAM","0723ASHC_01",35.39862865,191.6435991,35.32309901,0.106815033,13.9388992,"0723ASHC_qPCR.csv","0723","ASHC","01",2023-07-01
"FAM","0723ASHC_01",35.24756938,211.3561794,35.32309901,0.106815033,13.9388992,"0723ASHC_qPCR.csv","0723","ASHC","01",2023-07-01
"FAM","0723ASHC_09",26.2208548,73431.52603,26.26974099,0.06913551,3188.333683,"0723ASHC_qPCR.csv","0723","ASHC","09",2023-07-01
"FAM","0723ASHC_09",26.31862718,68922.5413,26.26974099,0.06913551,3188.333683,"0723ASHC_qPCR.csv","0723","ASHC","09",2023-07-01
"FAM","0723ASHC_17",21.42536021,1643361.992,21.40010116,0.035721691,38677.87994,"0723ASHC_qPCR.csv","0723","ASHC","17",2023-07-01
"FAM","0723ASHC_17",21.37484211,1698060.774,21.40010116,0.035721691,38677.87994,"0723ASHC_qPCR.csv","0723","ASHC","17",2023-07-01
"FAM","0723ASHC_25",32.8383916,1007.297553,32.65609774,0.257802448,189.8608618,"0723ASHC_qPCR.csv","0723","ASHC","25",2023-07-01
"FAM","0723ASHC_25",32.47380388,1275.801359,32.65609774,0.257802448,189.8608618,"0723ASHC_qPCR.csv","0723","ASHC","25",2023-07-01
"FAM","NTC-01",NA,NA,0,0,0,"0723ASHC_qPCR.csv","NTC-",NA,NA,NA
"FAM","0723ASHC_qPCR_Std-02",18.64874109,1e+07,18.66250232,0.045094058,0,"0723ASHC_qPCR.csv","0723","ASHC",NA,2023-07-01
"FAM","0723ASHC_qPCR_Std-02",18.71287369,1e+07,18.66250232,0.045094058,0,"0723ASHC_qPCR.csv","0723","ASHC",NA,2023-07-01
"FAM","0723ASHC_qPCR_Std-02",18.62589219,1e+07,18.66250232,0.045094058,0,"0723ASHC_qPCR.csv","0723","ASHC",NA,2023-07-01
"FAM","0723ASHC_02",38.65976689,23.14936145,39.02514493,0.516722582,6.175448339,"0723ASHC_qPCR.csv","0723","ASHC","02",2023-07-01
"FAM","0723ASHC_02",39.39052297,14.41595866,39.02514493,0.516722582,6.175448339,"0723ASHC_qPCR.csv","0723","ASHC","02",2023-07-01
"FAM","0723ASHC_10",32.6667563,1125.823254,32.83794341,0.24209513,158.4268211,"0723ASHC_qPCR.csv","0723","ASHC","10",2023-07-01
"FAM","0723ASHC_10",33.00913052,901.7738946,32.83794341,0.24209513,158.4268211,"0723ASHC_qPCR.csv","0723","ASHC","10",2023-07-01
"FAM","0723ASHC_18",30.06753986,6068.840407,30.22076985,0.216699927,773.0623838,"0723ASHC_qPCR.csv","0723","ASHC","18",2023-07-01
"FAM","0723ASHC_18",30.37399984,4975.565099,30.22076985,0.216699927,773.0623838,"0723ASHC_qPCR.csv","0723","ASHC","18",2023-07-01
"FAM","0723ASHC_26",25.49809685,117307.7495,25.54629003,0.068155452,5023.430226,"0723ASHC_qPCR.csv","0723","ASHC","26",2023-07-01
"FAM","0723ASHC_26",25.59448321,110203.5463,25.54629003,0.068155452,5023.430226,"0723ASHC_qPCR.csv","0723","ASHC","26",2023-07-01
"FAM","NTC-01",NA,NA,0,0,0,"0723ASHC_qPCR.csv","NTC-",NA,NA,NA
"FAM","0723ASHC_qPCR_Std-03",22.41354518,1e+06,22.47202925,0.050698099,0,"0723ASHC_qPCR.csv","0723","ASHC",NA,2023-07-01
"FAM","0723ASHC_qPCR_Std-03",22.49903352,1e+06,22.47202925,0.050698099,0,"0723ASHC_qPCR.csv","0723","ASHC",NA,2023-07-01
"FAM","0723ASHC_qPCR_Std-03",22.50350905,1e+06,22.47202925,0.050698099,0,"0723ASHC_qPCR.csv","0723","ASHC",NA,2023-07-01
"FAM","0723ASHC_03",32.17276479,1550.673905,32.30297782,0.184149039,170.302341,"0723ASHC_qPCR.csv","0723","ASHC","03",2023-07-01
"FAM","0723ASHC_03",32.43319086,1309.830024,32.30297782,0.184149039,170.302341,"0723ASHC_qPCR.csv","0723","ASHC","03",2023-07-01
"FAM","0723ASHC_11",28.684749,14870.92471,28.55969102,0.176858699,1850.587247,"0723ASHC_qPCR.csv","0723","ASHC","11",2023-07-01
"FAM","0723ASHC_11",28.43463303,17488.05029,28.55969102,0.176858699,1850.587247,"0723ASHC_qPCR.csv","0723","ASHC","11",2023-07-01
"FAM","0723ASHC_19",25.68650835,103822.6358,25.77581689,0.126301345,8025.492494,"0723ASHC_qPCR.csv","0723","ASHC","19",2023-07-01
"FAM","0723ASHC_19",25.86512542,92472.87548,25.77581689,0.126301345,8025.492494,"0723ASHC_qPCR.csv","0723","ASHC","19",2023-07-01
"FAM","0723ASHC_27",36.10208956,121.4736162,36.05196733,0.070883532,5.766074784,"0723ASHC_qPCR.csv","0723","ASHC","27",2023-07-01
"FAM","0723ASHC_27",36.0018451,129.6280774,36.05196733,0.070883532,5.766074784,"0723ASHC_qPCR.csv","0723","ASHC","27",2023-07-01
"FAM","NTC-01",NA,NA,0,0,0,"0723ASHC_qPCR.csv","NTC-",NA,NA,NA
"FAM","0723ASHC_qPCR_Std-04",25.19528949,1e+05,25.27085236,0.077868923,0,"0723ASHC_qPCR.csv","0723","ASHC",NA,2023-07-01
"FAM","0723ASHC_qPCR_Std-04",25.35083875,1e+05,25.27085236,0.077868923,0,"0723ASHC_qPCR.csv","0723","ASHC",NA,2023-07-01
"FAM","0723ASHC_qPCR_Std-04",25.26642885,1e+05,25.27085236,0.077868923,0,"0723ASHC_qPCR.csv","0723","ASHC",NA,2023-07-01
"FAM","0723ASHC_04",24.58099317,212557.2344,24.54323201,0.053402346,7540.093396,"0723ASHC_qPCR.csv","0723","ASHC","04",2023-07-01
"FAM","0723ASHC_04",24.50547085,223220.5368,24.54323201,0.053402346,7540.093396,"0723ASHC_qPCR.csv","0723","ASHC","04",2023-07-01
"FAM","0723ASHC_12",28.41525634,17709.0639,28.42468089,0.013328326,152.0509231,"0723ASHC_qPCR.csv","0723","ASHC","12",2023-07-01
"FAM","0723ASHC_12",28.43410544,17494.03142,28.42468089,0.013328326,152.0509231,"0723ASHC_qPCR.csv","0723","ASHC","12",2023-07-01
"FAM","0723ASHC_20",19.40496872,6087504.559,19.38991863,0.021284035,84801.69251,"0723ASHC_qPCR.csv","0723","ASHC","20",2023-07-01
"FAM","0723ASHC_20",19.37486855,6207432.263,19.38991863,0.021284035,84801.69251,"0723ASHC_qPCR.csv","0723","ASHC","20",2023-07-01
"FAM","0723ASHC_28",24.64680194,203681.6164,24.69862291,0.073285917,9356.97135,"0723ASHC_qPCR.csv","0723","ASHC","28",2023-07-01
"FAM","0723ASHC_28",24.75044388,190448.8606,24.69862291,0.073285917,9356.97135,"0723ASHC_qPCR.csv","0723","ASHC","28",2023-07-01
"FAM","0723ASHC_qPCR_Std-05",29.93674778,10000,29.89143254,0.070539517,0,"0723ASHC_qPCR.csv","0723","ASHC",NA,2023-07-01
"FAM","0723ASHC_qPCR_Std-05",29.8101599,10000,29.89143254,0.070539517,0,"0723ASHC_qPCR.csv","0723","ASHC",NA,2023-07-01
"FAM","0723ASHC_qPCR_Std-05",29.92738993,10000,29.89143254,0.070539517,0,"0723ASHC_qPCR.csv","0723","ASHC",NA,2023-07-01
"FAM","0723ASHC_05",25.3614093,128174.5905,25.48524711,0.175133112,13441.45174,"0723ASHC_qPCR.csv","0723","ASHC","05",2023-07-01
"FAM","0723ASHC_05",25.60908492,109165.5072,25.48524711,0.175133112,13441.45174,"0723ASHC_qPCR.csv","0723","ASHC","05",2023-07-01
"FAM","0723ASHC_13",29.28987286,10046.29289,29.45257013,0.230088682,1350.756776,"0723ASHC_qPCR.csv","0723","ASHC","13",2023-07-01
"FAM","0723ASHC_13",29.6152674,8136.034336,29.45257013,0.230088682,1350.756776,"0723ASHC_qPCR.csv","0723","ASHC","13",2023-07-01
"FAM","0723ASHC_21",24.06771738,296451.9765,23.8357219,0.328091159,73545.31544,"0723ASHC_qPCR.csv","0723","ASHC","21",2023-07-01
"FAM","0723ASHC_21",23.60372641,400460.759,23.8357219,0.328091159,73545.31544,"0723ASHC_qPCR.csv","0723","ASHC","21",2023-07-01
"FAM","0723ASHC_29",32.20945622,1514.232145,32.22023073,0.015237458,14.85058889,"0723ASHC_qPCR.csv","0723","ASHC","29",2023-07-01
"FAM","0723ASHC_29",32.23100524,1493.230241,32.22023073,0.015237458,14.85058889,"0723ASHC_qPCR.csv","0723","ASHC","29",2023-07-01
"FAM","0723ASHC_qPCR_Std-06",33.44069971,1000,33.40071805,0.17278383,0,"0723ASHC_qPCR.csv","0723","ASHC",NA,2023-07-01
"FAM","0723ASHC_qPCR_Std-06",33.21144831,1000,33.40071805,0.17278383,0,"0723ASHC_qPCR.csv","0723","ASHC",NA,2023-07-01
"FAM","0723ASHC_qPCR_Std-06",33.55000615,1000,33.40071805,0.17278383,0,"0723ASHC_qPCR.csv","0723","ASHC",NA,2023-07-01
"FAM","0723ASHC_06",22.12869683,1041731.67,22.16637709,0.053287936,35114.75125,"0723ASHC_qPCR.csv","0723","ASHC","06",2023-07-01
"FAM","0723ASHC_06",22.20405735,992071.9129,22.16637709,0.053287936,35114.75125,"0723ASHC_qPCR.csv","0723","ASHC","06",2023-07-01
"FAM","0723ASHC_14",23.73661474,367412.6878,23.71037635,0.037106675,8988.366955,"0723ASHC_qPCR.csv","0723","ASHC","14",2023-07-01
"FAM","0723ASHC_14",23.68413797,380124.1582,23.71037635,0.037106675,8988.366955,"0723ASHC_qPCR.csv","0723","ASHC","14",2023-07-01
"FAM","0723ASHC_22",35.14790987,225.4589174,35.24836802,0.14206928,19.46548171,"0723ASHC_qPCR.csv","0723","ASHC","22",2023-07-01
"FAM","0723ASHC_22",35.34882617,197.9305692,35.24836802,0.14206928,19.46548171,"0723ASHC_qPCR.csv","0723","ASHC","22",2023-07-01
"FAM","0723ASHC_30",22.39042281,879193.4123,22.37234197,0.025570172,14742.98675,"0723ASHC_qPCR.csv","0723","ASHC","30",2023-07-01
"FAM","0723ASHC_30",22.35426113,900043.1441,22.37234197,0.025570172,14742.98675,"0723ASHC_qPCR.csv","0723","ASHC","30",2023-07-01
"FAM","0723ASHC_qPCR_Std-07",36.54207545,100,36.71032291,0.424718102,0,"0723ASHC_qPCR.csv","0723","ASHC",NA,2023-07-01
"FAM","0723ASHC_qPCR_Std-07",36.39550422,100,36.71032291,0.424718102,0,"0723ASHC_qPCR.csv","0723","ASHC",NA,2023-07-01
"FAM","0723ASHC_qPCR_Std-07",37.19338907,100,36.71032291,0.424718102,0,"0723ASHC_qPCR.csv","0723","ASHC",NA,2023-07-01
"FAM","0723ASHC_07",25.48483294,118320.5745,25.50378012,0.02679536,2029.857161,"0723ASHC_qPCR.csv","0723","ASHC","07",2023-07-01
"FAM","0723ASHC_07",25.5227273,115449.923,25.50378012,0.02679536,2029.857161,"0723ASHC_qPCR.csv","0723","ASHC","07",2023-07-01
"FAM","0723ASHC_15",22.2357225,971918.726,22.07933542,0.221164727,154446.3134,"0723ASHC_qPCR.csv","0723","ASHC","15",2023-07-01
"FAM","0723ASHC_15",21.92294834,1190338.797,22.07933542,0.221164727,154446.3134,"0723ASHC_qPCR.csv","0723","ASHC","15",2023-07-01
"FAM","0723ASHC_23",22.94748175,612747.7828,22.92206658,0.035942478,14512.13661,"0723ASHC_qPCR.csv","0723","ASHC","23",2023-07-01
"FAM","0723ASHC_23",22.89665141,633271.0432,22.92206658,0.035942478,14512.13661,"0723ASHC_qPCR.csv","0723","ASHC","23",2023-07-01
"FAM","0723ASHC_qPCR_Std-08",38.8566846,10,39.07695759,0.595456902,0,"0723ASHC_qPCR.csv","0723","ASHC",NA,2023-07-01
"FAM","0723ASHC_qPCR_Std-08",39.75116747,10,39.07695759,0.595456902,0,"0723ASHC_qPCR.csv","0723","ASHC",NA,2023-07-01
"FAM","0723ASHC_qPCR_Std-08",38.62302071,10,39.07695759,0.595456902,0,"0723ASHC_qPCR.csv","0723","ASHC",NA,2023-07-01
"FAM","0723ASHC_08",26.17594078,75600.57364,26.24608936,0.099205073,4646.553736,"0723ASHC_qPCR.csv","0723","ASHC","08",2023-07-01
"FAM","0723ASHC_08",26.31623794,69029.35433,26.24608936,0.099205073,4646.553736,"0723ASHC_qPCR.csv","0723","ASHC","08",2023-07-01
"FAM","0723ASHC_16",28.50461391,16712.55925,28.53422736,0.041879745,445.0471065,"0723ASHC_qPCR.csv","0723","ASHC","16",2023-07-01
"FAM","0723ASHC_16",28.56384081,16083.16759,28.53422736,0.041879745,445.0471065,"0723ASHC_qPCR.csv","0723","ASHC","16",2023-07-01
"FAM","0723ASHC_24",22.90193471,631106.2372,22.78603412,0.163908187,72344.17428,"0723ASHC_qPCR.csv","0723","ASHC","24",2023-07-01
"FAM","0723ASHC_24",22.67013352,733416.3496,22.78603412,0.163908187,72344.17428,"0723ASHC_qPCR.csv","0723","ASHC","24",2023-07-01
"HEX","0723ASHC_qPCR_Std-01",15.10304488,1e+08,14.96974498,0.376795574,0,"0723ASHC_qPCR.csv","0723","ASHC",NA,2023-07-01
"HEX","0723ASHC_qPCR_Std-01",14.54441933,1e+08,14.96974498,0.376795574,0,"0723ASHC_qPCR.csv","0723","ASHC",NA,2023-07-01
"HEX","0723ASHC_qPCR_Std-01",15.26177073,1e+08,14.96974498,0.376795574,0,"0723ASHC_qPCR.csv","0723","ASHC",NA,2023-07-01
"HEX","0723ASHC_01",34.9413433,159.9100626,34.9413433,0,0,"0723ASHC_qPCR.csv","0723","ASHC","01",2023-07-01
"HEX","0723ASHC_01",NA,NA,0,0,0,"0723ASHC_qPCR.csv","0723","ASHC","01",2023-07-01
"HEX","0723ASHC_09",38.85151036,10.96387588,38.85151036,0,0,"0723ASHC_qPCR.csv","0723","ASHC","09",2023-07-01
"HEX","0723ASHC_09",NA,NA,0,0,0,"0723ASHC_qPCR.csv","0723","ASHC","09",2023-07-01
"HEX","0723ASHC_17",NA,NA,0,0,0,"0723ASHC_qPCR.csv","0723","ASHC","17",2023-07-01
"HEX","0723ASHC_17",NA,NA,0,0,0,"0723ASHC_qPCR.csv","0723","ASHC","17",2023-07-01
"HEX","0723ASHC_25",38.56432541,13.34899023,38.56432541,0,0,"0723ASHC_qPCR.csv","0723","ASHC","25",2023-07-01
"HEX","0723ASHC_25",NA,NA,0,0,0,"0723ASHC_qPCR.csv","0723","ASHC","25",2023-07-01
"HEX","NTC-01",NA,NA,0,0,0,"0723ASHC_qPCR.csv","NTC-",NA,NA,NA
"HEX","0723ASHC_qPCR_Std-02",19.38276238,1e+07,18.88084771,0.43517768,0,"0723ASHC_qPCR.csv","0723","ASHC",NA,2023-07-01
"HEX","0723ASHC_qPCR_Std-02",18.65088696,1e+07,18.88084771,0.43517768,0,"0723ASHC_qPCR.csv","0723","ASHC",NA,2023-07-01
"HEX","0723ASHC_qPCR_Std-02",18.60889377,1e+07,18.88084771,0.43517768,0,"0723ASHC_qPCR.csv","0723","ASHC",NA,2023-07-01
"HEX","0723ASHC_02",NA,NA,0,0,0,"0723ASHC_qPCR.csv","0723","ASHC","02",2023-07-01
"HEX","0723ASHC_02",NA,NA,0,0,0,"0723ASHC_qPCR.csv","0723","ASHC","02",2023-07-01
"HEX","0723ASHC_10",32.0828095,1134.371396,32.1486444,0.09310462,69.21777867,"0723ASHC_qPCR.csv","0723","ASHC","10",2023-07-01
"HEX","0723ASHC_10",32.21447931,1036.482675,32.1486444,0.09310462,69.21777867,"0723ASHC_qPCR.csv","0723","ASHC","10",2023-07-01
"HEX","0723ASHC_18",33.81161803,346.8591035,33.81161803,0,0,"0723ASHC_qPCR.csv","0723","ASHC","18",2023-07-01
"HEX","0723ASHC_18",NA,NA,0,0,0,"0723ASHC_qPCR.csv","0723","ASHC","18",2023-07-01
"HEX","0723ASHC_26",34.21542905,262.9986603,34.21542905,0,0,"0723ASHC_qPCR.csv","0723","ASHC","26",2023-07-01
"HEX","0723ASHC_26",NA,NA,0,0,0,"0723ASHC_qPCR.csv","0723","ASHC","26",2023-07-01
"HEX","NTC-01",NA,NA,0,0,0,"0723ASHC_qPCR.csv","NTC-",NA,NA,NA
"HEX","0723ASHC_qPCR_Std-03",22.01797271,1e+06,22.16208943,0.149403804,0,"0723ASHC_qPCR.csv","0723","ASHC",NA,2023-07-01
"HEX","0723ASHC_qPCR_Std-03",22.31627133,1e+06,22.16208943,0.149403804,0,"0723ASHC_qPCR.csv","0723","ASHC",NA,2023-07-01
"HEX","0723ASHC_qPCR_Std-03",22.15202426,1e+06,22.16208943,0.149403804,0,"0723ASHC_qPCR.csv","0723","ASHC",NA,2023-07-01
"HEX","0723ASHC_03",35.04743738,148.6947107,35.04743738,0,0,"0723ASHC_qPCR.csv","0723","ASHC","03",2023-07-01
"HEX","0723ASHC_03",NA,NA,0,0,0,"0723ASHC_qPCR.csv","0723","ASHC","03",2023-07-01
"HEX","0723ASHC_11",35.06719212,146.6949854,34.39917987,0.944711987,155.4412652,"0723ASHC_qPCR.csv","0723","ASHC","11",2023-07-01
"HEX","0723ASHC_11",33.73116761,366.5221308,34.39917987,0.944711987,155.4412652,"0723ASHC_qPCR.csv","0723","ASHC","11",2023-07-01
"HEX","0723ASHC_19",35.82786847,87.09438087,35.82786847,0,0,"0723ASHC_qPCR.csv","0723","ASHC","19",2023-07-01
"HEX","0723ASHC_19",NA,NA,0,0,0,"0723ASHC_qPCR.csv","0723","ASHC","19",2023-07-01
"HEX","0723ASHC_27",NA,NA,0,0,0,"0723ASHC_qPCR.csv","0723","ASHC","27",2023-07-01
"HEX","0723ASHC_27",NA,NA,0,0,0,"0723ASHC_qPCR.csv","0723","ASHC","27",2023-07-01
"HEX","NTC-01",NA,NA,0,0,0,"0723ASHC_qPCR.csv","NTC-",NA,NA,NA
"HEX","0723ASHC_qPCR_Std-04",25.7733045,1e+05,25.56583384,0.183699189,0,"0723ASHC_qPCR.csv","0723","ASHC",NA,2023-07-01
"HEX","0723ASHC_qPCR_Std-04",25.42385801,1e+05,25.56583384,0.183699189,0,"0723ASHC_qPCR.csv","0723","ASHC",NA,2023-07-01
"HEX","0723ASHC_qPCR_Std-04",25.50033899,1e+05,25.56583384,0.183699189,0,"0723ASHC_qPCR.csv","0723","ASHC",NA,2023-07-01
"HEX","0723ASHC_04",37.97187116,20.03549462,37.88261701,0.12622443,1.843836385,"0723ASHC_qPCR.csv","0723","ASHC","04",2023-07-01
"HEX","0723ASHC_04",37.79336286,22.64307304,37.88261701,0.12622443,1.843836385,"0723ASHC_qPCR.csv","0723","ASHC","04",2023-07-01
"HEX","0723ASHC_12",NA,NA,0,0,0,"0723ASHC_qPCR.csv","0723","ASHC","12",2023-07-01
"HEX","0723ASHC_12",NA,NA,0,0,0,"0723ASHC_qPCR.csv","0723","ASHC","12",2023-07-01
"HEX","0723ASHC_20",NA,NA,0,0,0,"0723ASHC_qPCR.csv","0723","ASHC","20",2023-07-01
"HEX","0723ASHC_20",37.21389995,33.68371468,37.21389995,0,0,"0723ASHC_qPCR.csv","0723","ASHC","20",2023-07-01
"HEX","0723ASHC_28",NA,NA,0,0,0,"0723ASHC_qPCR.csv","0723","ASHC","28",2023-07-01
"HEX","0723ASHC_28",NA,NA,0,0,0,"0723ASHC_qPCR.csv","0723","ASHC","28",2023-07-01
"HEX","0723ASHC_qPCR_Std-05",29.40479262,10000,29.33850414,0.10715527,0,"0723ASHC_qPCR.csv","0723","ASHC",NA,2023-07-01
"HEX","0723ASHC_qPCR_Std-05",29.21487991,10000,29.33850414,0.10715527,0,"0723ASHC_qPCR.csv","0723","ASHC",NA,2023-07-01
"HEX","0723ASHC_qPCR_Std-05",29.39583991,10000,29.33850414,0.10715527,0,"0723ASHC_qPCR.csv","0723","ASHC",NA,2023-07-01
"HEX","0723ASHC_05",NA,NA,0,0,0,"0723ASHC_qPCR.csv","0723","ASHC","05",2023-07-01
"HEX","0723ASHC_05",NA,NA,0,0,0,"0723ASHC_qPCR.csv","0723","ASHC","05",2023-07-01
"HEX","0723ASHC_13",34.81566877,174.2948028,34.81566877,0,0,"0723ASHC_qPCR.csv","0723","ASHC","13",2023-07-01
"HEX","0723ASHC_13",NA,NA,0,0,0,"0723ASHC_qPCR.csv","0723","ASHC","13",2023-07-01
"HEX","0723ASHC_21",NA,NA,0,0,0,"0723ASHC_qPCR.csv","0723","ASHC","21",2023-07-01
"HEX","0723ASHC_21",38.74194782,11.81889331,38.74194782,0,0,"0723ASHC_qPCR.csv","0723","ASHC","21",2023-07-01
"HEX","0723ASHC_29",NA,NA,0,0,0,"0723ASHC_qPCR.csv","0723","ASHC","29",2023-07-01
"HEX","0723ASHC_29",NA,NA,0,0,0,"0723ASHC_qPCR.csv","0723","ASHC","29",2023-07-01
"HEX","0723ASHC_qPCR_Std-06",33.53277323,1000,33.1494803,0.386361655,0,"0723ASHC_qPCR.csv","0723","ASHC",NA,2023-07-01
"HEX","0723ASHC_qPCR_Std-06",32.76012135,1000,33.1494803,0.386361655,0,"0723ASHC_qPCR.csv","0723","ASHC",NA,2023-07-01
"HEX","0723ASHC_qPCR_Std-06",33.15554632,1000,33.1494803,0.386361655,0,"0723ASHC_qPCR.csv","0723","ASHC",NA,2023-07-01
"HEX","0723ASHC_06",36.2041917,67.293431,37.49639645,1.827453495,39.48942462,"0723ASHC_qPCR.csv","0723","ASHC","06",2023-07-01
"HEX","0723ASHC_06",38.78860121,11.44695113,37.49639645,1.827453495,39.48942462,"0723ASHC_qPCR.csv","0723","ASHC","06",2023-07-01
"HEX","0723ASHC_14",NA,NA,0,0,0,"0723ASHC_qPCR.csv","0723","ASHC","14",2023-07-01
"HEX","0723ASHC_14",NA,NA,0,0,0,"0723ASHC_qPCR.csv","0723","ASHC","14",2023-07-01
"HEX","0723ASHC_22",NA,NA,0,0,0,"0723ASHC_qPCR.csv","0723","ASHC","22",2023-07-01
"HEX","0723ASHC_22",NA,NA,0,0,0,"0723ASHC_qPCR.csv","0723","ASHC","22",2023-07-01
"HEX","0723ASHC_30",NA,NA,0,0,0,"0723ASHC_qPCR.csv","0723","ASHC","30",2023-07-01
"HEX","0723ASHC_30",NA,NA,0,0,0,"0723ASHC_qPCR.csv","0723","ASHC","30",2023-07-01
"HEX","0723ASHC_qPCR_Std-07",35.23769376,100,35.80931017,0.498861057,0,"0723ASHC_qPCR.csv","0723","ASHC",NA,2023-07-01
"HEX","0723ASHC_qPCR_Std-07",36.15678983,100,35.80931017,0.498861057,0,"0723ASHC_qPCR.csv","0723","ASHC",NA,2023-07-01
"HEX","0723ASHC_qPCR_Std-07",36.0334469,100,35.80931017,0.498861057,0,"0723ASHC_qPCR.csv","0723","ASHC",NA,2023-07-01
"HEX","0723ASHC_07",33.03404797,591.0263712,32.66602646,0.52046101,274.2062889,"0723ASHC_qPCR.csv","0723","ASHC","07",2023-07-01
"HEX","0723ASHC_07",32.29800495,978.8126239,32.66602646,0.52046101,274.2062889,"0723ASHC_qPCR.csv","0723","ASHC","07",2023-07-01
"HEX","0723ASHC_15",38.8212044,11.193994,38.8212044,0,0,"0723ASHC_qPCR.csv","0723","ASHC","15",2023-07-01
"HEX","0723ASHC_15",NA,NA,0,0,0,"0723ASHC_qPCR.csv","0723","ASHC","15",2023-07-01
"HEX","0723ASHC_23",NA,NA,0,0,0,"0723ASHC_qPCR.csv","0723","ASHC","23",2023-07-01
"HEX","0723ASHC_23",36.24476317,65.44794998,36.24476317,0,0,"0723ASHC_qPCR.csv","0723","ASHC","23",2023-07-01
"HEX","0723ASHC_qPCR_Std-08",NA,10,0,0,0,"0723ASHC_qPCR.csv","0723","ASHC",NA,2023-07-01
"HEX","0723ASHC_qPCR_Std-08",35.8610923,10,35.8610923,0,0,"0723ASHC_qPCR.csv","0723","ASHC",NA,2023-07-01
"HEX","0723ASHC_qPCR_Std-08",NA,10,0,0,0,"0723ASHC_qPCR.csv","0723","ASHC",NA,2023-07-01
"HEX","0723ASHC_08",NA,NA,0,0,0,"0723ASHC_qPCR.csv","0723","ASHC","08",2023-07-01
"HEX","0723ASHC_08",NA,NA,0,0,0,"0723ASHC_qPCR.csv","0723","ASHC","08",2023-07-01
"HEX","0723ASHC_16",NA,NA,0,0,0,"0723ASHC_qPCR.csv","0723","ASHC","16",2023-07-01
"HEX","0723ASHC_16",NA,NA,0,0,0,"0723ASHC_qPCR.csv","0723","ASHC","16",2023-07-01
"HEX","0723ASHC_24",38.1753972,17.42681082,38.1753972,0,0,"0723ASHC_qPCR.csv","0723","ASHC","24",2023-07-01
"HEX","0723ASHC_24",NA,NA,0,0,0,"0723ASHC_qPCR.csv","0723","ASHC","24",2023-07-01
"FAM","0723FENC_qPCR_Std-01",14.57485521,1e+08,14.57456813,0.032580594,0,"0723FENC_qPCR.csv","0723","FENC",NA,2023-07-01
"FAM","0723FENC_qPCR_Std-01",14.54184494,1e+08,14.57456813,0.032580594,0,"0723FENC_qPCR.csv","0723","FENC",NA,2023-07-01
"FAM","0723FENC_qPCR_Std-01",14.60700423,1e+08,14.57456813,0.032580594,0,"0723FENC_qPCR.csv","0723","FENC",NA,2023-07-01
"FAM","0723FENC_01",28.55427105,16414.95032,28.64556423,0.129108057,1258.56302,"0723FENC_qPCR.csv","0723","FENC","01",2023-07-01
"FAM","0723FENC_01",28.73685741,14635.07343,28.64556423,0.129108057,1258.56302,"0723FENC_qPCR.csv","0723","FENC","01",2023-07-01
"FAM","0723FENC_09",23.26981306,454836.9816,23.29924356,0.041621001,11682.20449,"0723FENC_qPCR.csv","0723","FENC","09",2023-07-01
"FAM","0723FENC_09",23.32867405,438315.8496,23.29924356,0.041621001,11682.20449,"0723FENC_qPCR.csv","0723","FENC","09",2023-07-01
"FAM","0723FENC_17",24.17579588,257353.1333,24.16151855,0.020191198,3295.801319,"0723FENC_qPCR.csv","0723","FENC","17",2023-07-01
"FAM","0723FENC_17",24.14724122,262014.1002,24.16151855,0.020191198,3295.801319,"0723FENC_qPCR.csv","0723","FENC","17",2023-07-01
"FAM","0723FENC_25",39.63050807,15.54219846,38.67883136,1.345874108,25.36785896,"0723FENC_qPCR.csv","0723","FENC","25",2023-07-01
"FAM","0723FENC_25",37.72715466,51.41776865,38.67883136,1.345874108,25.36785896,"0723FENC_qPCR.csv","0723","FENC","25",2023-07-01
"FAM","NTC-01",NA,NA,0,0,0,"0723FENC_qPCR.csv","NTC-",NA,NA,NA
"FAM","0723FENC_qPCR_Std-02",18.39357425,1e+07,18.43706895,0.048782959,0,"0723FENC_qPCR.csv","0723","FENC",NA,2023-07-01
"FAM","0723FENC_qPCR_Std-02",18.48981526,1e+07,18.43706895,0.048782959,0,"0723FENC_qPCR.csv","0723","FENC",NA,2023-07-01
"FAM","0723FENC_qPCR_Std-02",18.42781734,1e+07,18.43706895,0.048782959,0,"0723FENC_qPCR.csv","0723","FENC",NA,2023-07-01
"FAM","0723FENC_02",29.88596326,7107.189375,29.93492205,0.069238184,299.9941463,"0723FENC_qPCR.csv","0723","FENC","02",2023-07-01
"FAM","0723FENC_02",29.98388084,6682.933585,29.93492205,0.069238184,299.9941463,"0723FENC_qPCR.csv","0723","FENC","02",2023-07-01
"FAM","0723FENC_10",25.82710106,91145.64142,25.7122886,0.162369334,10007.50479,"0723FENC_qPCR.csv","0723","FENC","10",2023-07-01
"FAM","0723FENC_10",25.59747615,105298.3904,25.7122886,0.162369334,10007.50479,"0723FENC_qPCR.csv","0723","FENC","10",2023-07-01
"FAM","0723FENC_18",28.50295517,16953.0721,28.66944952,0.235458566,2263.965419,"0723FENC_qPCR.csv","0723","FENC","18",2023-07-01
"FAM","0723FENC_18",28.83594387,13751.3415,28.66944952,0.235458566,2263.965419,"0723FENC_qPCR.csv","0723","FENC","18",2023-07-01
"FAM","0723FENC_26",24.90585327,162640.7751,24.78833012,0.16620282,18310.98553,"0723FENC_qPCR.csv","0723","FENC","26",2023-07-01
"FAM","0723FENC_26",24.67080698,188536.4192,24.78833012,0.16620282,18310.98553,"0723FENC_qPCR.csv","0723","FENC","26",2023-07-01
"FAM","NTC-01",NA,NA,0,0,0,"0723FENC_qPCR.csv","NTC-",NA,NA,NA
"FAM","0723FENC_qPCR_Std-03",22.16741198,1e+06,22.24574028,0.068039856,0,"0723FENC_qPCR.csv","0723","FENC",NA,2023-07-01
"FAM","0723FENC_qPCR_Std-03",22.29018929,1e+06,22.24574028,0.068039856,0,"0723FENC_qPCR.csv","0723","FENC",NA,2023-07-01
"FAM","0723FENC_qPCR_Std-03",22.27961958,1e+06,22.24574028,0.068039856,0,"0723FENC_qPCR.csv","0723","FENC",NA,2023-07-01
"FAM","0723FENC_03",25.62034158,103795.7678,25.63578536,0.021840807,1411.253914,"0723FENC_qPCR.csv","0723","FENC","03",2023-07-01
"FAM","0723FENC_03",25.65122915,101799.9534,25.63578536,0.021840807,1411.253914,"0723FENC_qPCR.csv","0723","FENC","03",2023-07-01
"FAM","0723FENC_11",31.18308496,3144.804753,31.08799445,0.13447829,282.3770908,"0723FENC_qPCR.csv","0723","FENC","11",2023-07-01
"FAM","0723FENC_11",30.99290394,3544.146264,31.08799445,0.13447829,282.3770908,"0723FENC_qPCR.csv","0723","FENC","11",2023-07-01
"FAM","0723FENC_19",28.40883852,17986.28742,28.46418231,0.078267938,854.8120437,"0723FENC_qPCR.csv","0723","FENC","19",2023-07-01
"FAM","0723FENC_19",28.5195261,16777.40064,28.46418231,0.078267938,854.8120437,"0723FENC_qPCR.csv","0723","FENC","19",2023-07-01
"FAM","0723FENC_27",26.00866477,81314.95339,25.93055524,0.110463552,5932.711603,"0723FENC_qPCR.csv","0723","FENC","27",2023-07-01
"FAM","0723FENC_27",25.85244571,89705.0746,25.93055524,0.110463552,5932.711603,"0723FENC_qPCR.csv","0723","FENC","27",2023-07-01
"FAM","NTC-01",NA,NA,0,0,0,"0723FENC_qPCR.csv","NTC-",NA,NA,NA
"FAM","0723FENC_qPCR_Std-04",25.11591852,1e+05,25.14732628,0.027232635,0,"0723FENC_qPCR.csv","0723","FENC",NA,2023-07-01
"FAM","0723FENC_qPCR_Std-04",25.16436478,1e+05,25.14732628,0.027232635,0,"0723FENC_qPCR.csv","0723","FENC",NA,2023-07-01
"FAM","0723FENC_qPCR_Std-04",25.16169553,1e+05,25.14732628,0.027232635,0,"0723FENC_qPCR.csv","0723","FENC",NA,2023-07-01
"FAM","0723FENC_04",24.97461338,155760.9032,24.93475821,0.056363718,5659.130575,"0723FENC_qPCR.csv","0723","FENC","04",2023-07-01
"FAM","0723FENC_04",24.89490304,163764.1224,24.93475821,0.056363718,5659.130575,"0723FENC_qPCR.csv","0723","FENC","04",2023-07-01
"FAM","0723FENC_12",26.01870193,80803.53274,26.07389089,0.078048976,3829.874544,"0723FENC_qPCR.csv","0723","FENC","12",2023-07-01
"FAM","0723FENC_12",26.12907985,75387.27222,26.07389089,0.078048976,3829.874544,"0723FENC_qPCR.csv","0723","FENC","12",2023-07-01
"FAM","0723FENC_20",27.21697841,38046.09849,27.15260706,0.091034838,2267.645581,"0723FENC_qPCR.csv","0723","FENC","20",2023-07-01
"FAM","0723FENC_20",27.08823571,41253.03362,27.15260706,0.091034838,2267.645581,"0723FENC_qPCR.csv","0723","FENC","20",2023-07-01
"FAM","0723FENC_28",22.48405351,745353.091,22.50663375,0.031933295,14751.02448,"0723FENC_qPCR.csv","0723","FENC","28",2023-07-01
"FAM","0723FENC_28",22.529214,724491.9921,22.50663375,0.031933295,14751.02448,"0723FENC_qPCR.csv","0723","FENC","28",2023-07-01
"FAM","0723FENC_qPCR_Std-05",29.68080061,10000,29.63163848,0.044771749,0,"0723FENC_qPCR.csv","0723","FENC",NA,2023-07-01
"FAM","0723FENC_qPCR_Std-05",29.62090742,10000,29.63163848,0.044771749,0,"0723FENC_qPCR.csv","0723","FENC",NA,2023-07-01
"FAM","0723FENC_qPCR_Std-05",29.5932074,10000,29.63163848,0.044771749,0,"0723FENC_qPCR.csv","0723","FENC",NA,2023-07-01
"FAM","0723FENC_05",27.06359622,41896.93779,26.9944875,0.097734488,2689.050125,"0723FENC_qPCR.csv","0723","FENC","05",2023-07-01
"FAM","0723FENC_05",26.92537878,45699.82895,26.9944875,0.097734488,2689.050125,"0723FENC_qPCR.csv","0723","FENC","05",2023-07-01
"FAM","0723FENC_13",27.30037136,36103.10022,27.23692543,0.089726105,2119.652797,"0723FENC_qPCR.csv","0723","FENC","13",2023-07-01
"FAM","0723FENC_13",27.17347949,39100.74196,27.23692543,0.089726105,2119.652797,"0723FENC_qPCR.csv","0723","FENC","13",2023-07-01
"FAM","0723FENC_21",21.3386348,1531272.609,21.17658423,0.229174104,244665.8962,"0723FENC_qPCR.csv","0723","FENC","21",2023-07-01
"FAM","0723FENC_21",21.01453367,1877282.437,21.17658423,0.229174104,244665.8962,"0723FENC_qPCR.csv","0723","FENC","21",2023-07-01
"FAM","0723FENC_29",26.76918421,50414.38625,26.86601339,0.136937134,4085.792085,"0723FENC_qPCR.csv","0723","FENC","29",2023-07-01
"FAM","0723FENC_29",26.96284257,44636.20367,26.86601339,0.136937134,4085.792085,"0723FENC_qPCR.csv","0723","FENC","29",2023-07-01
"FAM","0723FENC_qPCR_Std-06",33.12890669,1000,33.20863028,0.09513293,0,"0723FENC_qPCR.csv","0723","FENC",NA,2023-07-01
"FAM","0723FENC_qPCR_Std-06",33.18304449,1000,33.20863028,0.09513293,0,"0723FENC_qPCR.csv","0723","FENC",NA,2023-07-01
"FAM","0723FENC_qPCR_Std-06",33.31393966,1000,33.20863028,0.09513293,0,"0723FENC_qPCR.csv","0723","FENC",NA,2023-07-01
"FAM","0723FENC_06",28.85419555,13594.47686,28.90620928,0.073558525,608.4705713,"0723FENC_qPCR.csv","0723","FENC","06",2023-07-01
"FAM","0723FENC_06",28.95822302,12733.96953,28.90620928,0.073558525,608.4705713,"0723FENC_qPCR.csv","0723","FENC","06",2023-07-01
"FAM","0723FENC_14",29.96435612,6765.458616,29.85744287,0.151198172,688.2134857,"0723FENC_qPCR.csv","0723","FENC","14",2023-07-01
"FAM","0723FENC_14",29.75052962,7738.739462,29.85744287,0.151198172,688.2134857,"0723FENC_qPCR.csv","0723","FENC","14",2023-07-01
"FAM","0723FENC_22",25.66537558,100898.7329,25.82501769,0.225768036,12973.63846,"0723FENC_qPCR.csv","0723","FENC","22",2023-07-01
"FAM","0723FENC_22",25.9846598,82551.2374,25.82501769,0.225768036,12973.63846,"0723FENC_qPCR.csv","0723","FENC","22",2023-07-01
"FAM","0723FENC_30",29.86631662,7195.504828,29.93705789,0.100043263,432.9586836,"0723FENC_qPCR.csv","0723","FENC","30",2023-07-01
"FAM","0723FENC_30",30.00779916,6583.208785,29.93705789,0.100043263,432.9586836,"0723FENC_qPCR.csv","0723","FENC","30",2023-07-01
"FAM","0723FENC_qPCR_Std-07",36.78903529,100,36.68748341,0.366384964,0,"0723FENC_qPCR.csv","0723","FENC",NA,2023-07-01
"FAM","0723FENC_qPCR_Std-07",36.28103437,100,36.68748341,0.366384964,0,"0723FENC_qPCR.csv","0723","FENC",NA,2023-07-01
"FAM","0723FENC_qPCR_Std-07",36.99238056,100,36.68748341,0.366384964,0,"0723FENC_qPCR.csv","0723","FENC",NA,2023-07-01
"FAM","0723FENC_07",NA,NA,0,0,0,"0723FENC_qPCR.csv","0723","FENC","07",2023-07-01
"FAM","0723FENC_07",NA,NA,0,0,0,"0723FENC_qPCR.csv","0723","FENC","07",2023-07-01
"FAM","0723FENC_15",37.08333753,77.06733225,37.2136489,0.184288106,8.23465156,"0723FENC_qPCR.csv","0723","FENC","15",2023-07-01
"FAM","0723FENC_15",37.34396027,65.42177633,37.2136489,0.184288106,8.23465156,"0723FENC_qPCR.csv","0723","FENC","15",2023-07-01
"FAM","0723FENC_23",36.07411902,145.3380006,36.15019352,0.107585595,9.373398963,"0723FENC_qPCR.csv","0723","FENC","23",2023-07-01
"FAM","0723FENC_23",36.22626803,132.0820127,36.15019352,0.107585595,9.373398963,"0723FENC_qPCR.csv","0723","FENC","23",2023-07-01
"FAM","0723FENC_qPCR_Std-08",39.80646793,10,39.80646793,0,0,"0723FENC_qPCR.csv","0723","FENC",NA,2023-07-01
"FAM","0723FENC_qPCR_Std-08",NA,10,0,0,0,"0723FENC_qPCR.csv","0723","FENC",NA,2023-07-01
"FAM","0723FENC_qPCR_Std-08",NA,10,0,0,0,"0723FENC_qPCR.csv","0723","FENC",NA,2023-07-01
"FAM","0723FENC_08",27.3576315,34826.74794,27.26508668,0.130878139,3038.470436,"0723FENC_qPCR.csv","0723","FENC","08",2023-07-01
"FAM","0723FENC_08",27.17254186,39123.79403,27.26508668,0.130878139,3038.470436,"0723FENC_qPCR.csv","0723","FENC","08",2023-07-01
"FAM","0723FENC_16",27.2461261,37355.36944,27.21392036,0.045545787,1091.41236,"0723FENC_qPCR.csv","0723","FENC","16",2023-07-01
"FAM","0723FENC_16",27.18171463,38898.8596,27.21392036,0.045545787,1091.41236,"0723FENC_qPCR.csv","0723","FENC","16",2023-07-01
"FAM","0723FENC_24",34.7861446,326.5774884,34.81742823,0.044241733,8.905785194,"0723FENC_qPCR.csv","0723","FENC","24",2023-07-01
"FAM","0723FENC_24",34.84871186,313.9828062,34.81742823,0.044241733,8.905785194,"0723FENC_qPCR.csv","0723","FENC","24",2023-07-01
"HEX","0723FENC_qPCR_Std-01",15.26377735,1e+08,15.59764483,0.431368366,0,"0723FENC_qPCR.csv","0723","FENC",NA,2023-07-01
"HEX","0723FENC_qPCR_Std-01",16.0847005,1e+08,15.59764483,0.431368366,0,"0723FENC_qPCR.csv","0723","FENC",NA,2023-07-01
"HEX","0723FENC_qPCR_Std-01",15.44445665,1e+08,15.59764483,0.431368366,0,"0723FENC_qPCR.csv","0723","FENC",NA,2023-07-01
"HEX","0723FENC_01",NA,NA,0,0,0,"0723FENC_qPCR.csv","0723","FENC","01",2023-07-01
"HEX","0723FENC_01",NA,NA,0,0,0,"0723FENC_qPCR.csv","0723","FENC","01",2023-07-01
"HEX","0723FENC_09",NA,NA,0,0,0,"0723FENC_qPCR.csv","0723","FENC","09",2023-07-01
"HEX","0723FENC_09",NA,NA,0,0,0,"0723FENC_qPCR.csv","0723","FENC","09",2023-07-01
"HEX","0723FENC_17",39.60490542,9.268263735,39.60490542,0,0,"0723FENC_qPCR.csv","0723","FENC","17",2023-07-01
"HEX","0723FENC_17",NA,NA,0,0,0,"0723FENC_qPCR.csv","0723","FENC","17",2023-07-01
"HEX","0723FENC_25",NA,NA,0,0,0,"0723FENC_qPCR.csv","0723","FENC","25",2023-07-01
"HEX","0723FENC_25",NA,NA,0,0,0,"0723FENC_qPCR.csv","0723","FENC","25",2023-07-01
"HEX","NTC-01",NA,NA,0,0,0,"0723FENC_qPCR.csv","NTC-",NA,NA,NA
"HEX","0723FENC_qPCR_Std-02",18.74225173,1e+07,19.09256938,0.33243664,0,"0723FENC_qPCR.csv","0723","FENC",NA,2023-07-01
"HEX","0723FENC_qPCR_Std-02",19.13181543,1e+07,19.09256938,0.33243664,0,"0723FENC_qPCR.csv","0723","FENC",NA,2023-07-01
"HEX","0723FENC_qPCR_Std-02",19.40364096,1e+07,19.09256938,0.33243664,0,"0723FENC_qPCR.csv","0723","FENC",NA,2023-07-01
"HEX","0723FENC_02",NA,NA,0,0,0,"0723FENC_qPCR.csv","0723","FENC","02",2023-07-01
"HEX","0723FENC_02",NA,NA,0,0,0,"0723FENC_qPCR.csv","0723","FENC","02",2023-07-01
"HEX","0723FENC_10",NA,NA,0,0,0,"0723FENC_qPCR.csv","0723","FENC","10",2023-07-01
"HEX","0723FENC_10",37.5387068,37.86752769,37.5387068,0,0,"0723FENC_qPCR.csv","0723","FENC","10",2023-07-01
"HEX","0723FENC_18",19.59129193,7724459.743,19.62201674,0.043451444,223918.5274,"0723FENC_qPCR.csv","0723","FENC","18",2023-07-01
"HEX","0723FENC_18",19.65274155,7407791.125,19.62201674,0.043451444,223918.5274,"0723FENC_qPCR.csv","0723","FENC","18",2023-07-01
"HEX","0723FENC_26",28.60235348,16673.10992,28.45661134,0.206110511,2589.538093,"0723FENC_qPCR.csv","0723","FENC","26",2023-07-01
"HEX","0723FENC_26",28.3108692,20335.26981,28.45661134,0.206110511,2589.538093,"0723FENC_qPCR.csv","0723","FENC","26",2023-07-01
"HEX","NTC-01",NA,NA,0,0,0,"0723FENC_qPCR.csv","NTC-",NA,NA,NA
"HEX","0723FENC_qPCR_Std-03",22.32217901,1e+06,22.51159801,0.164620719,0,"0723FENC_qPCR.csv","0723","FENC",NA,2023-07-01
"HEX","0723FENC_qPCR_Std-03",22.62010292,1e+06,22.51159801,0.164620719,0,"0723FENC_qPCR.csv","0723","FENC",NA,2023-07-01
"HEX","0723FENC_qPCR_Std-03",22.59251211,1e+06,22.51159801,0.164620719,0,"0723FENC_qPCR.csv","0723","FENC",NA,2023-07-01
"HEX","0723FENC_03",32.18198224,1455.498193,31.87448606,0.434865274,535.5298136,"0723FENC_qPCR.csv","0723","FENC","03",2023-07-01
"HEX","0723FENC_03",31.56698987,2212.851719,31.87448606,0.434865274,535.5298136,"0723FENC_qPCR.csv","0723","FENC","03",2023-07-01
"HEX","0723FENC_11",33.93475725,441.0288563,33.77612804,0.224335584,75.2341322,"0723FENC_qPCR.csv","0723","FENC","11",2023-07-01
"HEX","0723FENC_11",33.61749883,547.4259864,33.77612804,0.224335584,75.2341322,"0723FENC_qPCR.csv","0723","FENC","11",2023-07-01
"HEX","0723FENC_19",33.34006512,661.3052688,33.5629277,0.315175281,122.4516503,"0723FENC_qPCR.csv","0723","FENC","19",2023-07-01
"HEX","0723FENC_19",33.78579028,488.1324842,33.5629277,0.315175281,122.4516503,"0723FENC_qPCR.csv","0723","FENC","19",2023-07-01
"HEX","0723FENC_27",35.00521072,212.7070024,35.34380325,0.478842137,55.58067235,"0723FENC_qPCR.csv","0723","FENC","27",2023-07-01
"HEX","0723FENC_27",35.68239577,134.1040618,35.34380325,0.478842137,55.58067235,"0723FENC_qPCR.csv","0723","FENC","27",2023-07-01
"HEX","NTC-01",NA,NA,0,0,0,"0723FENC_qPCR.csv","NTC-",NA,NA,NA
"HEX","0723FENC_qPCR_Std-04",26.1822402,1e+05,26.03815149,0.145490696,0,"0723FENC_qPCR.csv","0723","FENC",NA,2023-07-01
"HEX","0723FENC_qPCR_Std-04",25.89129821,1e+05,26.03815149,0.145490696,0,"0723FENC_qPCR.csv","0723","FENC",NA,2023-07-01
"HEX","0723FENC_qPCR_Std-04",26.04091607,1e+05,26.03815149,0.145490696,0,"0723FENC_qPCR.csv","0723","FENC",NA,2023-07-01
"HEX","0723FENC_04",NA,NA,0,0,0,"0723FENC_qPCR.csv","0723","FENC","04",2023-07-01
"HEX","0723FENC_04",NA,NA,0,0,0,"0723FENC_qPCR.csv","0723","FENC","04",2023-07-01
"HEX","0723FENC_12",33.21035964,722.3943256,33.12804698,0.11640768,60.6192762,"0723FENC_qPCR.csv","0723","FENC","12",2023-07-01
"HEX","0723FENC_12",33.04573432,808.1229282,33.12804698,0.11640768,60.6192762,"0723FENC_qPCR.csv","0723","FENC","12",2023-07-01
"HEX","0723FENC_20",28.75254553,15051.62807,28.63477493,0.166552777,1852.329782,"0723FENC_qPCR.csv","0723","FENC","20",2023-07-01
"HEX","0723FENC_20",28.51700434,17671.21797,28.63477493,0.166552777,1852.329782,"0723FENC_qPCR.csv","0723","FENC","20",2023-07-01
"HEX","0723FENC_28",36.6021585,71.66999619,36.32600362,0.39054198,23.14928038,"0723FENC_qPCR.csv","0723","FENC","28",2023-07-01
"HEX","0723FENC_28",36.04984873,104.4080225,36.32600362,0.39054198,23.14928038,"0723FENC_qPCR.csv","0723","FENC","28",2023-07-01
"HEX","0723FENC_qPCR_Std-05",29.67227329,10000,29.71309004,0.046927202,0,"0723FENC_qPCR.csv","0723","FENC",NA,2023-07-01
"HEX","0723FENC_qPCR_Std-05",29.70263328,10000,29.71309004,0.046927202,0,"0723FENC_qPCR.csv","0723","FENC",NA,2023-07-01
"HEX","0723FENC_qPCR_Std-05",29.76436356,10000,29.71309004,0.046927202,0,"0723FENC_qPCR.csv","0723","FENC",NA,2023-07-01
"HEX","0723FENC_05",38.46784517,20.10891742,38.46784517,0,0,"0723FENC_qPCR.csv","0723","FENC","05",2023-07-01
"HEX","0723FENC_05",NA,NA,0,0,0,"0723FENC_qPCR.csv","0723","FENC","05",2023-07-01
"HEX","0723FENC_13",NA,NA,0,0,0,"0723FENC_qPCR.csv","0723","FENC","13",2023-07-01
"HEX","0723FENC_13",NA,NA,0,0,0,"0723FENC_qPCR.csv","0723","FENC","13",2023-07-01
"HEX","0723FENC_21",38.18032158,24.45965223,38.18032158,0,0,"0723FENC_qPCR.csv","0723","FENC","21",2023-07-01
"HEX","0723FENC_21",NA,NA,0,0,0,"0723FENC_qPCR.csv","0723","FENC","21",2023-07-01
"HEX","0723FENC_29",NA,NA,0,0,0,"0723FENC_qPCR.csv","0723","FENC","29",2023-07-01
"HEX","0723FENC_29",NA,NA,0,0,0,"0723FENC_qPCR.csv","0723","FENC","29",2023-07-01
"HEX","0723FENC_qPCR_Std-06",33.19797415,1000,33.42049413,0.244893087,0,"0723FENC_qPCR.csv","0723","FENC",NA,2023-07-01
"HEX","0723FENC_qPCR_Std-06",33.68287086,1000,33.42049413,0.244893087,0,"0723FENC_qPCR.csv","0723","FENC",NA,2023-07-01
"HEX","0723FENC_qPCR_Std-06",33.38063739,1000,33.42049413,0.244893087,0,"0723FENC_qPCR.csv","0723","FENC",NA,2023-07-01
"HEX","0723FENC_06",NA,NA,0,0,0,"0723FENC_qPCR.csv","0723","FENC","06",2023-07-01
"HEX","0723FENC_06",NA,NA,0,0,0,"0723FENC_qPCR.csv","0723","FENC","06",2023-07-01
"HEX","0723FENC_14",35.65806442,136.3452989,37.64449996,2.80924407,89.97221663,"0723FENC_qPCR.csv","0723","FENC","14",2023-07-01
"HEX","0723FENC_14",39.63093549,9.105369883,37.64449996,2.80924407,89.97221663,"0723FENC_qPCR.csv","0723","FENC","14",2023-07-01
"HEX","0723FENC_22",32.74990883,988.5418708,33.19088822,0.623639039,315.6863909,"0723FENC_qPCR.csv","0723","FENC","22",2023-07-01
"HEX","0723FENC_22",33.63186761,542.0938953,33.19088822,0.623639039,315.6863909,"0723FENC_qPCR.csv","0723","FENC","22",2023-07-01
"HEX","0723FENC_30",35.47331859,154.6307163,35.47331859,0,0,"0723FENC_qPCR.csv","0723","FENC","30",2023-07-01
"HEX","0723FENC_30",NA,NA,0,0,0,"0723FENC_qPCR.csv","0723","FENC","30",2023-07-01
"HEX","0723FENC_qPCR_Std-07",36.32162805,100,36.18151842,0.198144932,0,"0723FENC_qPCR.csv","0723","FENC",NA,2023-07-01
"HEX","0723FENC_qPCR_Std-07",NA,100,0,0,0,"0723FENC_qPCR.csv","0723","FENC",NA,2023-07-01
"HEX","0723FENC_qPCR_Std-07",36.0414088,100,36.18151842,0.198144932,0,"0723FENC_qPCR.csv","0723","FENC",NA,2023-07-01
"HEX","0723FENC_07",NA,NA,0,0,0,"0723FENC_qPCR.csv","0723","FENC","07",2023-07-01
"HEX","0723FENC_07",NA,NA,0,0,0,"0723FENC_qPCR.csv","0723","FENC","07",2023-07-01
"HEX","0723FENC_15",NA,NA,0,0,0,"0723FENC_qPCR.csv","0723","FENC","15",2023-07-01
"HEX","0723FENC_15",NA,NA,0,0,0,"0723FENC_qPCR.csv","0723","FENC","15",2023-07-01
"HEX","0723FENC_23",36.72276671,66.01709225,37.96610304,1.75834309,38.1012993,"0723FENC_qPCR.csv","0723","FENC","23",2023-07-01
"HEX","0723FENC_23",39.20943936,12.13371804,37.96610304,1.75834309,38.1012993,"0723FENC_qPCR.csv","0723","FENC","23",2023-07-01
"HEX","0723FENC_qPCR_Std-08",37.32170011,10,37.32170011,0,0,"0723FENC_qPCR.csv","0723","FENC",NA,2023-07-01
"HEX","0723FENC_qPCR_Std-08",NA,10,0,0,0,"0723FENC_qPCR.csv","0723","FENC",NA,2023-07-01
"HEX","0723FENC_qPCR_Std-08",NA,10,0,0,0,"0723FENC_qPCR.csv","0723","FENC",NA,2023-07-01
"HEX","0723FENC_08",27.81916387,28426.0871,27.66957701,0.211547763,4543.668228,"0723FENC_qPCR.csv","0723","FENC","08",2023-07-01
"HEX","0723FENC_08",27.51999016,34851.80433,27.66957701,0.211547763,4543.668228,"0723FENC_qPCR.csv","0723","FENC","08",2023-07-01
"HEX","0723FENC_16",NA,NA,0,0,0,"0723FENC_qPCR.csv","0723","FENC","16",2023-07-01
"HEX","0723FENC_16",NA,NA,0,0,0,"0723FENC_qPCR.csv","0723","FENC","16",2023-07-01
"HEX","0723FENC_24",NA,NA,0,0,0,"0723FENC_qPCR.csv","0723","FENC","24",2023-07-01
"HEX","0723FENC_24",NA,NA,0,0,0,"0723FENC_qPCR.csv","0723","FENC","24",2023-07-01
"FAM","0723GOLD_qPCR_Std-01",14.25813708,1e+08,14.28629828,0.024798845,0,"0723GOLD_qPCR.csv","0723","GOLD",NA,2023-07-01
"FAM","0723GOLD_qPCR_Std-01",14.29588528,1e+08,14.28629828,0.024798845,0,"0723GOLD_qPCR.csv","0723","GOLD",NA,2023-07-01
"FAM","0723GOLD_qPCR_Std-01",14.30487249,1e+08,14.28629828,0.024798845,0,"0723GOLD_qPCR.csv","0723","GOLD",NA,2023-07-01
"FAM","0723GOLD_01",38.17472998,33.36034582,38.17472998,0,0,"0723GOLD_qPCR.csv","0723","GOLD","01",2023-07-01
"FAM","0723GOLD_01",NA,NA,0,0,0,"0723GOLD_qPCR.csv","0723","GOLD","01",2023-07-01
"FAM","0723GOLD_09",38.32881608,30.2933284,38.79944305,0.665567054,9.536111347,"0723GOLD_qPCR.csv","0723","GOLD","09",2023-07-01
"FAM","0723GOLD_09",39.27007003,16.80723041,38.79944305,0.665567054,9.536111347,"0723GOLD_qPCR.csv","0723","GOLD","09",2023-07-01
"FAM","0723GOLD_17",36.41679237,100.2470569,36.82256207,0.573845013,28.23088972,"0723GOLD_qPCR.csv","0723","GOLD","17",2023-07-01
"FAM","0723GOLD_17",37.22833177,60.32254978,36.82256207,0.573845013,28.23088972,"0723GOLD_qPCR.csv","0723","GOLD","17",2023-07-01
"FAM","0723GOLD_25",34.17646158,407.4144384,34.43109666,0.360108377,78.62987935,"0723GOLD_qPCR.csv","0723","GOLD","25",2023-07-01
"FAM","0723GOLD_25",34.68573173,296.2149966,34.43109666,0.360108377,78.62987935,"0723GOLD_qPCR.csv","0723","GOLD","25",2023-07-01
"FAM","NTC-01",NA,NA,0,0,0,"0723GOLD_qPCR.csv","NTC-",NA,NA,NA
"FAM","0723GOLD_qPCR_Std-02",18.04515668,1e+07,18.09737444,0.052607443,0,"0723GOLD_qPCR.csv","0723","GOLD",NA,2023-07-01
"FAM","0723GOLD_qPCR_Std-02",18.09660356,1e+07,18.09737444,0.052607443,0,"0723GOLD_qPCR.csv","0723","GOLD",NA,2023-07-01
"FAM","0723GOLD_qPCR_Std-02",18.15036309,1e+07,18.09737444,0.052607443,0,"0723GOLD_qPCR.csv","0723","GOLD",NA,2023-07-01
"FAM","0723GOLD_02",38.44765807,28.12182268,38.44765807,0,0,"0723GOLD_qPCR.csv","0723","GOLD","02",2023-07-01
"FAM","0723GOLD_02",NA,NA,0,0,0,"0723GOLD_qPCR.csv","0723","GOLD","02",2023-07-01
"FAM","0723GOLD_10",38.40351013,28.90970899,38.40351013,0,0,"0723GOLD_qPCR.csv","0723","GOLD","10",2023-07-01
"FAM","0723GOLD_10",NA,NA,0,0,0,"0723GOLD_qPCR.csv","0723","GOLD","10",2023-07-01
"FAM","0723GOLD_18",34.91109976,257.2454485,34.94117868,0.042538011,6.721562368,"0723GOLD_qPCR.csv","0723","GOLD","18",2023-07-01
"FAM","0723GOLD_18",34.97125759,247.7397238,34.94117868,0.042538011,6.721562368,"0723GOLD_qPCR.csv","0723","GOLD","18",2023-07-01
"FAM","0723GOLD_26",36.9744875,70.70976932,36.99550358,0.029721219,1.298200311,"0723GOLD_qPCR.csv","0723","GOLD","26",2023-07-01
"FAM","0723GOLD_26",37.01651965,68.87383683,36.99550358,0.029721219,1.298200311,"0723GOLD_qPCR.csv","0723","GOLD","26",2023-07-01
"FAM","NTC-01",NA,NA,0,0,0,"0723GOLD_qPCR.csv","NTC-",NA,NA,NA
"FAM","0723GOLD_qPCR_Std-03",21.96270993,1e+06,21.96354217,0.036214319,0,"0723GOLD_qPCR.csv","0723","GOLD",NA,2023-07-01
"FAM","0723GOLD_qPCR_Std-03",22.00016543,1e+06,21.96354217,0.036214319,0,"0723GOLD_qPCR.csv","0723","GOLD",NA,2023-07-01
"FAM","0723GOLD_qPCR_Std-03",21.92775114,1e+06,21.96354217,0.036214319,0,"0723GOLD_qPCR.csv","0723","GOLD",NA,2023-07-01
"FAM","0723GOLD_03",NA,NA,0,0,0,"0723GOLD_qPCR.csv","0723","GOLD","03",2023-07-01
"FAM","0723GOLD_03",NA,NA,0,0,0,"0723GOLD_qPCR.csv","0723","GOLD","03",2023-07-01
"FAM","0723GOLD_11",NA,NA,0,0,0,"0723GOLD_qPCR.csv","0723","GOLD","11",2023-07-01
"FAM","0723GOLD_11",38.56160413,26.18609534,38.56160413,0,0,"0723GOLD_qPCR.csv","0723","GOLD","11",2023-07-01
"FAM","0723GOLD_19",38.10020894,34.95318768,37.72484821,0.530840223,14.82396176,"0723GOLD_qPCR.csv","0723","GOLD","19",2023-07-01
"FAM","0723GOLD_19",37.34948749,55.91743545,37.72484821,0.530840223,14.82396176,"0723GOLD_qPCR.csv","0723","GOLD","19",2023-07-01
"FAM","0723GOLD_27",39.09450851,18.75932192,37.99982298,1.54811911,38.95253773,"0723GOLD_qPCR.csv","0723","GOLD","27",2023-07-01
"FAM","0723GOLD_27",36.90513746,73.84652907,37.99982298,1.54811911,38.95253773,"0723GOLD_qPCR.csv","0723","GOLD","27",2023-07-01
"FAM","NTC-01",NA,NA,0,0,0,"0723GOLD_qPCR.csv","NTC-",NA,NA,NA
"FAM","0723GOLD_qPCR_Std-04",24.71180029,1e+05,24.77730317,0.059663771,0,"0723GOLD_qPCR.csv","0723","GOLD",NA,2023-07-01
"FAM","0723GOLD_qPCR_Std-04",24.79156691,1e+05,24.77730317,0.059663771,0,"0723GOLD_qPCR.csv","0723","GOLD",NA,2023-07-01
"FAM","0723GOLD_qPCR_Std-04",24.82854232,1e+05,24.77730317,0.059663771,0,"0723GOLD_qPCR.csv","0723","GOLD",NA,2023-07-01
"FAM","0723GOLD_04",NA,NA,0,0,0,"0723GOLD_qPCR.csv","0723","GOLD","04",2023-07-01
"FAM","0723GOLD_04",39.33893157,16.09823523,39.33893157,0,0,"0723GOLD_qPCR.csv","0723","GOLD","04",2023-07-01
"FAM","0723GOLD_12",39.14265654,18.20243877,38.36287336,1.102779954,21.29024618,"0723GOLD_qPCR.csv","0723","GOLD","12",2023-07-01
"FAM","0723GOLD_12",37.58309017,48.31139366,38.36287336,1.102779954,21.29024618,"0723GOLD_qPCR.csv","0723","GOLD","12",2023-07-01
"FAM","0723GOLD_20",35.42440774,186.5609589,35.52916834,0.148153853,16.21304711,"0723GOLD_qPCR.csv","0723","GOLD","20",2023-07-01
"FAM","0723GOLD_20",35.63392893,163.6322478,35.52916834,0.148153853,16.21304711,"0723GOLD_qPCR.csv","0723","GOLD","20",2023-07-01
"FAM","0723GOLD_28",37.05116707,67.39636046,36.44262893,0.860602899,54.42484922,"0723GOLD_qPCR.csv","0723","GOLD","28",2023-07-01
"FAM","0723GOLD_28",35.83409078,144.3647204,36.44262893,0.860602899,54.42484922,"0723GOLD_qPCR.csv","0723","GOLD","28",2023-07-01
"FAM","0723GOLD_qPCR_Std-05",29.3524246,10000,29.32163428,0.053533891,0,"0723GOLD_qPCR.csv","0723","GOLD",NA,2023-07-01
"FAM","0723GOLD_qPCR_Std-05",29.35265942,10000,29.32163428,0.053533891,0,"0723GOLD_qPCR.csv","0723","GOLD",NA,2023-07-01
"FAM","0723GOLD_qPCR_Std-05",29.25981882,10000,29.32163428,0.053533891,0,"0723GOLD_qPCR.csv","0723","GOLD",NA,2023-07-01
"FAM","0723GOLD_05",36.96579411,71.0955554,37.24489042,0.394701795,14.82347382,"0723GOLD_qPCR.csv","0723","GOLD","05",2023-07-01
"FAM","0723GOLD_05",37.52398674,50.13199768,37.24489042,0.394701795,14.82347382,"0723GOLD_qPCR.csv","0723","GOLD","05",2023-07-01
"FAM","0723GOLD_13",36.34962497,104.5511981,37.48856707,1.610707357,56.1607404,"0723GOLD_qPCR.csv","0723","GOLD","13",2023-07-01
"FAM","0723GOLD_13",38.62750916,25.12791735,37.48856707,1.610707357,56.1607404,"0723GOLD_qPCR.csv","0723","GOLD","13",2023-07-01
"FAM","0723GOLD_21",37.81860785,41.68994803,37.66890177,0.211716364,6.075888211,"0723GOLD_qPCR.csv","0723","GOLD","21",2023-07-01
"FAM","0723GOLD_21",37.5191957,50.28255154,37.66890177,0.211716364,6.075888211,"0723GOLD_qPCR.csv","0723","GOLD","21",2023-07-01
"FAM","0723GOLD_29",38.93975914,20.66716833,38.61352273,0.461367953,7.370806865,"0723GOLD_qPCR.csv","0723","GOLD","29",2023-07-01
"FAM","0723GOLD_29",38.28728632,31.09106336,38.61352273,0.461367953,7.370806865,"0723GOLD_qPCR.csv","0723","GOLD","29",2023-07-01
"FAM","0723GOLD_qPCR_Std-06",33.0829188,1000,32.91748253,0.169962352,0,"0723GOLD_qPCR.csv","0723","GOLD",NA,2023-07-01
"FAM","0723GOLD_qPCR_Std-06",32.74332955,1000,32.91748253,0.169962352,0,"0723GOLD_qPCR.csv","0723","GOLD",NA,2023-07-01
"FAM","0723GOLD_qPCR_Std-06",32.92619923,1000,32.91748253,0.169962352,0,"0723GOLD_qPCR.csv","0723","GOLD",NA,2023-07-01
"FAM","0723GOLD_06",38.16479071,33.5685226,38.99902261,1.179782072,15.3824845,"0723GOLD_qPCR.csv","0723","GOLD","06",2023-07-01
"FAM","0723GOLD_06",39.83325451,11.8144044,38.99902261,1.179782072,15.3824845,"0723GOLD_qPCR.csv","0723","GOLD","06",2023-07-01
"FAM","0723GOLD_14",16.09706876,33447326.06,16.07845197,0.026328127,557631.5194,"0723GOLD_qPCR.csv","0723","GOLD","14",2023-07-01
"FAM","0723GOLD_14",16.05983517,34235936.12,16.07845197,0.026328127,557631.5194,"0723GOLD_qPCR.csv","0723","GOLD","14",2023-07-01
"FAM","0723GOLD_22",34.33500117,368.9285985,34.21933049,0.163583036,40.64406348,"0723GOLD_qPCR.csv","0723","GOLD","22",2023-07-01
"FAM","0723GOLD_22",34.10365982,426.4079843,34.21933049,0.163583036,40.64406348,"0723GOLD_qPCR.csv","0723","GOLD","22",2023-07-01
"FAM","0723GOLD_30",36.52348453,93.77145599,36.94725832,0.599306636,27.29642703,"0723GOLD_qPCR.csv","0723","GOLD","30",2023-07-01
"FAM","0723GOLD_30",37.3710321,55.16847867,36.94725832,0.599306636,27.29642703,"0723GOLD_qPCR.csv","0723","GOLD","30",2023-07-01
"FAM","0723GOLD_qPCR_Std-07",36.28316619,100,36.42676563,0.457376242,0,"0723GOLD_qPCR.csv","0723","GOLD",NA,2023-07-01
"FAM","0723GOLD_qPCR_Std-07",36.93871013,100,36.42676563,0.457376242,0,"0723GOLD_qPCR.csv","0723","GOLD",NA,2023-07-01
"FAM","0723GOLD_qPCR_Std-07",36.05842057,100,36.42676563,0.457376242,0,"0723GOLD_qPCR.csv","0723","GOLD",NA,2023-07-01
"FAM","0723GOLD_07",NA,NA,0,0,0,"0723GOLD_qPCR.csv","0723","GOLD","07",2023-07-01
"FAM","0723GOLD_07",NA,NA,0,0,0,"0723GOLD_qPCR.csv","0723","GOLD","07",2023-07-01
"FAM","0723GOLD_15",30.0331323,5448.445549,30.10474999,0.101282717,330.3558805,"0723GOLD_qPCR.csv","0723","GOLD","15",2023-07-01
"FAM","0723GOLD_15",30.17636769,4981.251782,30.10474999,0.101282717,330.3558805,"0723GOLD_qPCR.csv","0723","GOLD","15",2023-07-01
"FAM","0723GOLD_23",35.86278913,141.794803,35.95075115,0.124397084,10.45383981,"0723GOLD_qPCR.csv","0723","GOLD","23",2023-07-01
"FAM","0723GOLD_23",36.03871317,127.010841,35.95075115,0.124397084,10.45383981,"0723GOLD_qPCR.csv","0723","GOLD","23",2023-07-01
"FAM","0723GOLD_qPCR_Std-08",NA,10,0,0,0,"0723GOLD_qPCR.csv","0723","GOLD",NA,2023-07-01
"FAM","0723GOLD_qPCR_Std-08",NA,10,0,0,0,"0723GOLD_qPCR.csv","0723","GOLD",NA,2023-07-01
"FAM","0723GOLD_qPCR_Std-08",39.79212192,10,39.79212192,0,0,"0723GOLD_qPCR.csv","0723","GOLD",NA,2023-07-01
"FAM","0723GOLD_08",34.69871932,293.8168958,34.47857434,0.311332018,65.91878575,"0723GOLD_qPCR.csv","0723","GOLD","08",2023-07-01
"FAM","0723GOLD_08",34.25842936,387.0401366,34.47857434,0.311332018,65.91878575,"0723GOLD_qPCR.csv","0723","GOLD","08",2023-07-01
"FAM","0723GOLD_16",36.68786694,84.60350886,36.89989597,0.299854332,13.94552437,"0723GOLD_qPCR.csv","0723","GOLD","16",2023-07-01
"FAM","0723GOLD_16",37.111925,64.88155917,36.89989597,0.299854332,13.94552437,"0723GOLD_qPCR.csv","0723","GOLD","16",2023-07-01
"FAM","0723GOLD_24",36.24017157,111.9645513,36.45284317,0.300763053,18.50436738,"0723GOLD_qPCR.csv","0723","GOLD","24",2023-07-01
"FAM","0723GOLD_24",36.66551476,85.79542395,36.45284317,0.300763053,18.50436738,"0723GOLD_qPCR.csv","0723","GOLD","24",2023-07-01
"HEX","0723GOLD_qPCR_Std-01",15.06834023,1e+08,15.35348392,0.417017822,0,"0723GOLD_qPCR.csv","0723","GOLD",NA,2023-07-01
"HEX","0723GOLD_qPCR_Std-01",15.1600146,1e+08,15.35348392,0.417017822,0,"0723GOLD_qPCR.csv","0723","GOLD",NA,2023-07-01
"HEX","0723GOLD_qPCR_Std-01",15.83209694,1e+08,15.35348392,0.417017822,0,"0723GOLD_qPCR.csv","0723","GOLD",NA,2023-07-01
"HEX","0723GOLD_01",NA,NA,0,0,0,"0723GOLD_qPCR.csv","0723","GOLD","01",2023-07-01
"HEX","0723GOLD_01",NA,NA,0,0,0,"0723GOLD_qPCR.csv","0723","GOLD","01",2023-07-01
"HEX","0723GOLD_09",NA,NA,0,0,0,"0723GOLD_qPCR.csv","0723","GOLD","09",2023-07-01
"HEX","0723GOLD_09",NA,NA,0,0,0,"0723GOLD_qPCR.csv","0723","GOLD","09",2023-07-01
"HEX","0723GOLD_17",NA,NA,0,0,0,"0723GOLD_qPCR.csv","0723","GOLD","17",2023-07-01
"HEX","0723GOLD_17",39.13879265,13.92747883,39.13879265,0,0,"0723GOLD_qPCR.csv","0723","GOLD","17",2023-07-01
"HEX","0723GOLD_25",NA,NA,0,0,0,"0723GOLD_qPCR.csv","0723","GOLD","25",2023-07-01
"HEX","0723GOLD_25",NA,NA,0,0,0,"0723GOLD_qPCR.csv","0723","GOLD","25",2023-07-01
"HEX","NTC-01",NA,NA,0,0,0,"0723GOLD_qPCR.csv","NTC-",NA,NA,NA
"HEX","0723GOLD_qPCR_Std-02",19.57331454,1e+07,19.06827614,0.527137703,0,"0723GOLD_qPCR.csv","0723","GOLD",NA,2023-07-01
"HEX","0723GOLD_qPCR_Std-02",19.10999548,1e+07,19.06827614,0.527137703,0,"0723GOLD_qPCR.csv","0723","GOLD",NA,2023-07-01
"HEX","0723GOLD_qPCR_Std-02",18.5215184,1e+07,19.06827614,0.527137703,0,"0723GOLD_qPCR.csv","0723","GOLD",NA,2023-07-01
"HEX","0723GOLD_02",NA,NA,0,0,0,"0723GOLD_qPCR.csv","0723","GOLD","02",2023-07-01
"HEX","0723GOLD_02",NA,NA,0,0,0,"0723GOLD_qPCR.csv","0723","GOLD","02",2023-07-01
"HEX","0723GOLD_10",NA,NA,0,0,0,"0723GOLD_qPCR.csv","0723","GOLD","10",2023-07-01
"HEX","0723GOLD_10",NA,NA,0,0,0,"0723GOLD_qPCR.csv","0723","GOLD","10",2023-07-01
"HEX","0723GOLD_18",NA,NA,0,0,0,"0723GOLD_qPCR.csv","0723","GOLD","18",2023-07-01
"HEX","0723GOLD_18",NA,NA,0,0,0,"0723GOLD_qPCR.csv","0723","GOLD","18",2023-07-01
"HEX","0723GOLD_26",32.82668587,930.1698886,33.11008746,0.400790384,206.7081146,"0723GOLD_qPCR.csv","0723","GOLD","26",2023-07-01
"HEX","0723GOLD_26",33.39348906,637.8404695,33.11008746,0.400790384,206.7081146,"0723GOLD_qPCR.csv","0723","GOLD","26",2023-07-01
"HEX","NTC-01",NA,NA,0,0,0,"0723GOLD_qPCR.csv","NTC-",NA,NA,NA
"HEX","0723GOLD_qPCR_Std-03",22.34200276,1e+06,22.19765182,0.1421437,0,"0723GOLD_qPCR.csv","0723","GOLD",NA,2023-07-01
"HEX","0723GOLD_qPCR_Std-03",22.05782329,1e+06,22.19765182,0.1421437,0,"0723GOLD_qPCR.csv","0723","GOLD",NA,2023-07-01
"HEX","0723GOLD_qPCR_Std-03",22.19312941,1e+06,22.19765182,0.1421437,0,"0723GOLD_qPCR.csv","0723","GOLD",NA,2023-07-01
"HEX","0723GOLD_03",NA,NA,0,0,0,"0723GOLD_qPCR.csv","0723","GOLD","03",2023-07-01
"HEX","0723GOLD_03",NA,NA,0,0,0,"0723GOLD_qPCR.csv","0723","GOLD","03",2023-07-01
"HEX","0723GOLD_11",NA,NA,0,0,0,"0723GOLD_qPCR.csv","0723","GOLD","11",2023-07-01
"HEX","0723GOLD_11",NA,NA,0,0,0,"0723GOLD_qPCR.csv","0723","GOLD","11",2023-07-01
"HEX","0723GOLD_19",NA,NA,0,0,0,"0723GOLD_qPCR.csv","0723","GOLD","19",2023-07-01
"HEX","0723GOLD_19",NA,NA,0,0,0,"0723GOLD_qPCR.csv","0723","GOLD","19",2023-07-01
"HEX","0723GOLD_27",NA,NA,0,0,0,"0723GOLD_qPCR.csv","0723","GOLD","27",2023-07-01
"HEX","0723GOLD_27",NA,NA,0,0,0,"0723GOLD_qPCR.csv","0723","GOLD","27",2023-07-01
"HEX","NTC-01",NA,NA,0,0,0,"0723GOLD_qPCR.csv","NTC-",NA,NA,NA
"HEX","0723GOLD_qPCR_Std-04",25.74003394,1e+05,25.62641754,0.162736448,0,"0723GOLD_qPCR.csv","0723","GOLD",NA,2023-07-01
"HEX","0723GOLD_qPCR_Std-04",25.43998821,1e+05,25.62641754,0.162736448,0,"0723GOLD_qPCR.csv","0723","GOLD",NA,2023-07-01
"HEX","0723GOLD_qPCR_Std-04",25.69923047,1e+05,25.62641754,0.162736448,0,"0723GOLD_qPCR.csv","0723","GOLD",NA,2023-07-01
"HEX","0723GOLD_04",38.93450791,15.95609769,38.93450791,0,0,"0723GOLD_qPCR.csv","0723","GOLD","04",2023-07-01
"HEX","0723GOLD_04",NA,NA,0,0,0,"0723GOLD_qPCR.csv","0723","GOLD","04",2023-07-01
"HEX","0723GOLD_12",NA,NA,0,0,0,"0723GOLD_qPCR.csv","0723","GOLD","12",2023-07-01
"HEX","0723GOLD_12",NA,NA,0,0,0,"0723GOLD_qPCR.csv","0723","GOLD","12",2023-07-01
"HEX","0723GOLD_20",27.60499868,30063.25335,27.65814021,0.075153482,1451.92438,"0723GOLD_qPCR.csv","0723","GOLD","20",2023-07-01
"HEX","0723GOLD_20",27.71128175,28009.9222,27.65814021,0.075153482,1451.92438,"0723GOLD_qPCR.csv","0723","GOLD","20",2023-07-01
"HEX","0723GOLD_28",NA,NA,0,0,0,"0723GOLD_qPCR.csv","0723","GOLD","28",2023-07-01
"HEX","0723GOLD_28",36.68942614,71.10987611,36.68942614,0,0,"0723GOLD_qPCR.csv","0723","GOLD","28",2023-07-01
"HEX","0723GOLD_qPCR_Std-05",29.58841601,10000,29.60491559,0.032119958,0,"0723GOLD_qPCR.csv","0723","GOLD",NA,2023-07-01
"HEX","0723GOLD_qPCR_Std-05",29.58439883,10000,29.60491559,0.032119958,0,"0723GOLD_qPCR.csv","0723","GOLD",NA,2023-07-01
"HEX","0723GOLD_qPCR_Std-05",29.64193194,10000,29.60491559,0.032119958,0,"0723GOLD_qPCR.csv","0723","GOLD",NA,2023-07-01
"HEX","0723GOLD_05",NA,NA,0,0,0,"0723GOLD_qPCR.csv","0723","GOLD","05",2023-07-01
"HEX","0723GOLD_05",NA,NA,0,0,0,"0723GOLD_qPCR.csv","0723","GOLD","05",2023-07-01
"HEX","0723GOLD_13",NA,NA,0,0,0,"0723GOLD_qPCR.csv","0723","GOLD","13",2023-07-01
"HEX","0723GOLD_13",NA,NA,0,0,0,"0723GOLD_qPCR.csv","0723","GOLD","13",2023-07-01
"HEX","0723GOLD_21",NA,NA,0,0,0,"0723GOLD_qPCR.csv","0723","GOLD","21",2023-07-01
"HEX","0723GOLD_21",38.58072508,20.19284158,38.58072508,0,0,"0723GOLD_qPCR.csv","0723","GOLD","21",2023-07-01
"HEX","0723GOLD_29",NA,NA,0,0,0,"0723GOLD_qPCR.csv","0723","GOLD","29",2023-07-01
"HEX","0723GOLD_29",NA,NA,0,0,0,"0723GOLD_qPCR.csv","0723","GOLD","29",2023-07-01
"HEX","0723GOLD_qPCR_Std-06",32.42452098,1000,32.58527196,0.321532941,0,"0723GOLD_qPCR.csv","0723","GOLD",NA,2023-07-01
"HEX","0723GOLD_qPCR_Std-06",32.95547977,1000,32.58527196,0.321532941,0,"0723GOLD_qPCR.csv","0723","GOLD",NA,2023-07-01
"HEX","0723GOLD_qPCR_Std-06",32.37581513,1000,32.58527196,0.321532941,0,"0723GOLD_qPCR.csv","0723","GOLD",NA,2023-07-01
"HEX","0723GOLD_06",NA,NA,0,0,0,"0723GOLD_qPCR.csv","0723","GOLD","06",2023-07-01
"HEX","0723GOLD_06",NA,NA,0,0,0,"0723GOLD_qPCR.csv","0723","GOLD","06",2023-07-01
"HEX","0723GOLD_14",26.08128266,82891.1963,26.06769857,0.019210817,1069.590165,"0723GOLD_qPCR.csv","0723","GOLD","14",2023-07-01
"HEX","0723GOLD_14",26.05411447,84403.82522,26.06769857,0.019210817,1069.590165,"0723GOLD_qPCR.csv","0723","GOLD","14",2023-07-01
"HEX","0723GOLD_22",NA,NA,0,0,0,"0723GOLD_qPCR.csv","0723","GOLD","22",2023-07-01
"HEX","0723GOLD_22",NA,NA,0,0,0,"0723GOLD_qPCR.csv","0723","GOLD","22",2023-07-01
"HEX","0723GOLD_30",NA,NA,0,0,0,"0723GOLD_qPCR.csv","0723","GOLD","30",2023-07-01
"HEX","0723GOLD_30",NA,NA,0,0,0,"0723GOLD_qPCR.csv","0723","GOLD","30",2023-07-01
"HEX","0723GOLD_qPCR_Std-07",36.41763714,100,36.15964791,0.338823137,0,"0723GOLD_qPCR.csv","0723","GOLD",NA,2023-07-01
"HEX","0723GOLD_qPCR_Std-07",36.2853733,100,36.15964791,0.338823137,0,"0723GOLD_qPCR.csv","0723","GOLD",NA,2023-07-01
"HEX","0723GOLD_qPCR_Std-07",35.77593328,100,36.15964791,0.338823137,0,"0723GOLD_qPCR.csv","0723","GOLD",NA,2023-07-01
"HEX","0723GOLD_07",NA,NA,0,0,0,"0723GOLD_qPCR.csv","0723","GOLD","07",2023-07-01
"HEX","0723GOLD_07",NA,NA,0,0,0,"0723GOLD_qPCR.csv","0723","GOLD","07",2023-07-01
"HEX","0723GOLD_15",NA,NA,0,0,0,"0723GOLD_qPCR.csv","0723","GOLD","15",2023-07-01
"HEX","0723GOLD_15",NA,NA,0,0,0,"0723GOLD_qPCR.csv","0723","GOLD","15",2023-07-01
"HEX","0723GOLD_23",NA,NA,0,0,0,"0723GOLD_qPCR.csv","0723","GOLD","23",2023-07-01
"HEX","0723GOLD_23",NA,NA,0,0,0,"0723GOLD_qPCR.csv","0723","GOLD","23",2023-07-01
"HEX","0723GOLD_qPCR_Std-08",NA,10,0,0,0,"0723GOLD_qPCR.csv","0723","GOLD",NA,2023-07-01
"HEX","0723GOLD_qPCR_Std-08",NA,10,0,0,0,"0723GOLD_qPCR.csv","0723","GOLD",NA,2023-07-01
"HEX","0723GOLD_qPCR_Std-08",NA,10,0,0,0,"0723GOLD_qPCR.csv","0723","GOLD",NA,2023-07-01
"HEX","0723GOLD_08",NA,NA,0,0,0,"0723GOLD_qPCR.csv","0723","GOLD","08",2023-07-01
"HEX","0723GOLD_08",NA,NA,0,0,0,"0723GOLD_qPCR.csv","0723","GOLD","08",2023-07-01
"HEX","0723GOLD_16",NA,NA,0,0,0,"0723GOLD_qPCR.csv","0723","GOLD","16",2023-07-01
"HEX","0723GOLD_16",NA,NA,0,0,0,"0723GOLD_qPCR.csv","0723","GOLD","16",2023-07-01
"HEX","0723GOLD_24",NA,NA,0,0,0,"0723GOLD_qPCR.csv","0723","GOLD","24",2023-07-01
"HEX","0723GOLD_24",NA,NA,0,0,0,"0723GOLD_qPCR.csv","0723","GOLD","24",2023-07-01
"FAM","0823ASHC_qPCR_Std-01",14.42971031,1e+08,14.4813511,0.0892792,0,"0823ASHC_qPCR.csv","0823","ASHC",NA,2023-08-01
"FAM","0823ASHC_qPCR_Std-01",14.42990121,1e+08,14.4813511,0.0892792,0,"0823ASHC_qPCR.csv","0823","ASHC",NA,2023-08-01
"FAM","0823ASHC_qPCR_Std-01",14.58444178,1e+08,14.4813511,0.0892792,0,"0823ASHC_qPCR.csv","0823","ASHC",NA,2023-08-01
"FAM","0823ASHC_01",25.46749819,101353.9714,25.56114566,0.132437519,8015.395561,"0823ASHC_qPCR.csv","0823","ASHC","01",2023-08-01
"FAM","0823ASHC_01",25.65479312,90018.49033,25.56114566,0.132437519,8015.395561,"0823ASHC_qPCR.csv","0823","ASHC","01",2023-08-01
"FAM","0823ASHC_09",24.9683647,139030.5723,25.00173668,0.047195107,4068.50588,"0823ASHC_qPCR.csv","0823","ASHC","09",2023-08-01
"FAM","0823ASHC_09",25.03510866,133276.8361,25.00173668,0.047195107,4068.50588,"0823ASHC_qPCR.csv","0823","ASHC","09",2023-08-01
"FAM","0823ASHC_17",24.52088815,184575.2142,24.55525272,0.04859885,5558.479529,"0823ASHC_qPCR.csv","0823","ASHC","17",2023-08-01
"FAM","0823ASHC_17",24.5896173,176714.337,24.55525272,0.04859885,5558.479529,"0823ASHC_qPCR.csv","0823","ASHC","17",2023-08-01
"FAM","0823ASHC_25",25.20974585,119323.6988,25.15142952,0.082471738,6467.577129,"0823ASHC_qPCR.csv","0823","ASHC","25",2023-08-01
"FAM","0823ASHC_25",25.0931132,128470.2341,25.15142952,0.082471738,6467.577129,"0823ASHC_qPCR.csv","0823","ASHC","25",2023-08-01
"FAM","NTC-01",NA,NA,0,0,0,"0823ASHC_qPCR.csv","NTC-",NA,NA,NA
"FAM","0823ASHC_qPCR_Std-02",18.17252035,1e+07,18.23557556,0.071311169,0,"0823ASHC_qPCR.csv","0823","ASHC",NA,2023-08-01
"FAM","0823ASHC_qPCR_Std-02",18.22124128,1e+07,18.23557556,0.071311169,0,"0823ASHC_qPCR.csv","0823","ASHC",NA,2023-08-01
"FAM","0823ASHC_qPCR_Std-02",18.31296506,1e+07,18.23557556,0.071311169,0,"0823ASHC_qPCR.csv","0823","ASHC",NA,2023-08-01
"FAM","0823ASHC_02",22.4211618,697639.5011,22.34332009,0.110084807,51111.09157,"0823ASHC_qPCR.csv","0823","ASHC","02",2023-08-01
"FAM","0823ASHC_02",22.26547838,769921.5,22.34332009,0.110084807,51111.09157,"0823ASHC_qPCR.csv","0823","ASHC","02",2023-08-01
"FAM","0823ASHC_10",23.83355232,285234.1455,24.00780505,0.246430573,39941.83327,"0823ASHC_qPCR.csv","0823","ASHC","10",2023-08-01
"FAM","0823ASHC_10",24.18205778,228747.8632,24.00780505,0.246430573,39941.83327,"0823ASHC_qPCR.csv","0823","ASHC","10",2023-08-01
"FAM","0823ASHC_18",23.64863585,320668.6066,23.67055747,0.031001853,6208.724751,"0823ASHC_qPCR.csv","0823","ASHC","18",2023-08-01
"FAM","0823ASHC_18",23.69247909,311888.1438,23.67055747,0.031001853,6208.724751,"0823ASHC_qPCR.csv","0823","ASHC","18",2023-08-01
"FAM","0823ASHC_26",17.35950304,17205473.21,17.27163668,0.124261808,1432076.243,"0823ASHC_qPCR.csv","0823","ASHC","26",2023-08-01
"FAM","0823ASHC_26",17.18377031,19230734.85,17.27163668,0.124261808,1432076.243,"0823ASHC_qPCR.csv","0823","ASHC","26",2023-08-01
"FAM","NTC-01",NA,NA,0,0,0,"0823ASHC_qPCR.csv","NTC-",NA,NA,NA
"FAM","0823ASHC_qPCR_Std-03",22.11442975,1e+06,22.13168434,0.029805343,0,"0823ASHC_qPCR.csv","0823","ASHC",NA,2023-08-01
"FAM","0823ASHC_qPCR_Std-03",22.16610054,1e+06,22.13168434,0.029805343,0,"0823ASHC_qPCR.csv","0823","ASHC",NA,2023-08-01
"FAM","0823ASHC_qPCR_Std-03",22.11452272,1e+06,22.13168434,0.029805343,0,"0823ASHC_qPCR.csv","0823","ASHC",NA,2023-08-01
"FAM","0823ASHC_03",27.58258316,26555.78995,27.54950628,0.046777767,803.3416382,"0823ASHC_qPCR.csv","0823","ASHC","03",2023-08-01
"FAM","0823ASHC_03",27.51642941,27691.88659,27.54950628,0.046777767,803.3416382,"0823ASHC_qPCR.csv","0823","ASHC","03",2023-08-01
"FAM","0823ASHC_11",24.58777898,176920.1723,24.42647099,0.228123942,28355.58359,"0823ASHC_qPCR.csv","0823","ASHC","11",2023-08-01
"FAM","0823ASHC_11",24.265163,217021.0231,24.42647099,0.228123942,28355.58359,"0823ASHC_qPCR.csv","0823","ASHC","11",2023-08-01
"FAM","0823ASHC_19",30.16387244,5179.21788,30.13636589,0.038900132,129.8300124,"0823ASHC_qPCR.csv","0823","ASHC","19",2023-08-01
"FAM","0823ASHC_19",30.10885935,5362.825244,30.13636589,0.038900132,129.8300124,"0823ASHC_qPCR.csv","0823","ASHC","19",2023-08-01
"FAM","0823ASHC_27",20.54284343,2291912.751,20.49039,0.074180345,111318.0152,"0823ASHC_qPCR.csv","0823","ASHC","27",2023-08-01
"FAM","0823ASHC_27",20.43793658,2449340.198,20.49039,0.074180345,111318.0152,"0823ASHC_qPCR.csv","0823","ASHC","27",2023-08-01
"FAM","NTC-01",NA,NA,0,0,0,"0823ASHC_qPCR.csv","NTC-",NA,NA,NA
"FAM","0823ASHC_qPCR_Std-04",25.02492647,1e+05,25.00470076,0.04645477,0,"0823ASHC_qPCR.csv","0823","ASHC",NA,2023-08-01
"FAM","0823ASHC_qPCR_Std-04",24.95156191,1e+05,25.00470076,0.04645477,0,"0823ASHC_qPCR.csv","0823","ASHC",NA,2023-08-01
"FAM","0823ASHC_qPCR_Std-04",25.0376139,1e+05,25.00470076,0.04645477,0,"0823ASHC_qPCR.csv","0823","ASHC",NA,2023-08-01
"FAM","0823ASHC_04",30.3756548,4529.191768,30.30409717,0.101197782,303.8036223,"0823ASHC_qPCR.csv","0823","ASHC","04",2023-08-01
"FAM","0823ASHC_04",30.23253953,4958.834971,30.30409717,0.101197782,303.8036223,"0823ASHC_qPCR.csv","0823","ASHC","04",2023-08-01
"FAM","0823ASHC_12",23.04838184,468959.9069,23.00228838,0.06518599,19934.31069,"0823ASHC_qPCR.csv","0823","ASHC","12",2023-08-01
"FAM","0823ASHC_12",22.95619492,497151.2794,23.00228838,0.06518599,19934.31069,"0823ASHC_qPCR.csv","0823","ASHC","12",2023-08-01
"FAM","0823ASHC_20",28.21613774,17779.59141,28.23785897,0.030718461,341.1413753,"0823ASHC_qPCR.csv","0823","ASHC","20",2023-08-01
"FAM","0823ASHC_20",28.25958021,17297.14466,28.23785897,0.030718461,341.1413753,"0823ASHC_qPCR.csv","0823","ASHC","20",2023-08-01
"FAM","0823ASHC_28",24.7146456,163262.7258,24.71044116,0.005945976,616.3680949,"0823ASHC_qPCR.csv","0823","ASHC","28",2023-08-01
"FAM","0823ASHC_28",24.70623672,164134.4019,24.71044116,0.005945976,616.3680949,"0823ASHC_qPCR.csv","0823","ASHC","28",2023-08-01
"FAM","0823ASHC_qPCR_Std-05",29.46762387,10000,29.42501974,0.055751329,0,"0823ASHC_qPCR.csv","0823","ASHC",NA,2023-08-01
"FAM","0823ASHC_qPCR_Std-05",29.44551335,10000,29.42501974,0.055751329,0,"0823ASHC_qPCR.csv","0823","ASHC",NA,2023-08-01
"FAM","0823ASHC_qPCR_Std-05",29.36192202,10000,29.42501974,0.055751329,0,"0823ASHC_qPCR.csv","0823","ASHC",NA,2023-08-01
"FAM","0823ASHC_05",26.1563514,65523.23493,26.16003737,0.005212746,215.7852587,"0823ASHC_qPCR.csv","0823","ASHC","05",2023-08-01
"FAM","0823ASHC_05",26.16372334,65218.06849,26.16003737,0.005212746,215.7852587,"0823ASHC_qPCR.csv","0823","ASHC","05",2023-08-01
"FAM","0823ASHC_13",22.03078042,893289.1647,21.82823008,0.286449436,184717.4307,"0823ASHC_qPCR.csv","0823","ASHC","13",2023-08-01
"FAM","0823ASHC_13",21.62567974,1154519.06,21.82823008,0.286449436,184717.4307,"0823ASHC_qPCR.csv","0823","ASHC","13",2023-08-01
"FAM","0823ASHC_21",23.93957815,266712.1176,24.08201788,0.201440198,31129.89254,"0823ASHC_qPCR.csv","0823","ASHC","21",2023-08-01
"FAM","0823ASHC_21",24.22445761,222687.8014,24.08201788,0.201440198,31129.89254,"0823ASHC_qPCR.csv","0823","ASHC","21",2023-08-01
"FAM","0823ASHC_29",25.56885028,95053.33446,25.6159052,0.066545718,3888.517419,"0823ASHC_qPCR.csv","0823","ASHC","29",2023-08-01
"FAM","0823ASHC_29",25.66296013,89554.14038,25.6159052,0.066545718,3888.517419,"0823ASHC_qPCR.csv","0823","ASHC","29",2023-08-01
"FAM","0823ASHC_qPCR_Std-06",32.96668099,1000,32.99422121,0.165069076,0,"0823ASHC_qPCR.csv","0823","ASHC",NA,2023-08-01
"FAM","0823ASHC_qPCR_Std-06",32.84465439,1000,32.99422121,0.165069076,0,"0823ASHC_qPCR.csv","0823","ASHC",NA,2023-08-01
"FAM","0823ASHC_qPCR_Std-06",33.17132824,1000,32.99422121,0.165069076,0,"0823ASHC_qPCR.csv","0823","ASHC",NA,2023-08-01
"FAM","0823ASHC_06",27.19467209,33950.084,27.10410591,0.128079925,2917.697358,"0823ASHC_qPCR.csv","0823","ASHC","06",2023-08-01
"FAM","0823ASHC_06",27.01353973,38076.33117,27.10410591,0.128079925,2917.697358,"0823ASHC_qPCR.csv","0823","ASHC","06",2023-08-01
"FAM","0823ASHC_14",29.26675861,9140.807396,29.20476378,0.087673927,527.9457203,"0823ASHC_qPCR.csv","0823","ASHC","14",2023-08-01
"FAM","0823ASHC_14",29.14276895,9887.435394,29.20476378,0.087673927,527.9457203,"0823ASHC_qPCR.csv","0823","ASHC","14",2023-08-01
"FAM","0823ASHC_22",27.7312188,24170.3029,27.64423405,0.123015012,1990.467662,"0823ASHC_qPCR.csv","0823","ASHC","22",2023-08-01
"FAM","0823ASHC_22",27.5572493,26985.24926,27.64423405,0.123015012,1990.467662,"0823ASHC_qPCR.csv","0823","ASHC","22",2023-08-01
"FAM","0823ASHC_30",27.39461035,29912.63663,27.3414427,0.075190418,1473.310669,"0823ASHC_qPCR.csv","0823","ASHC","30",2023-08-01
"FAM","0823ASHC_30",27.28827504,31996.21256,27.3414427,0.075190418,1473.310669,"0823ASHC_qPCR.csv","0823","ASHC","30",2023-08-01
"FAM","0823ASHC_qPCR_Std-07",36.52391078,100,36.14860028,0.353427963,0,"0823ASHC_qPCR.csv","0823","ASHC",NA,2023-08-01
"FAM","0823ASHC_qPCR_Std-07",35.82213637,100,36.14860028,0.353427963,0,"0823ASHC_qPCR.csv","0823","ASHC",NA,2023-08-01
"FAM","0823ASHC_qPCR_Std-07",36.0997537,100,36.14860028,0.353427963,0,"0823ASHC_qPCR.csv","0823","ASHC",NA,2023-08-01
"FAM","0823ASHC_07",29.49441267,7913.636913,29.5028876,0.011985361,59.74089643,"0823ASHC_qPCR.csv","0823","ASHC","07",2023-08-01
"FAM","0823ASHC_07",29.51136253,7829.150527,29.5028876,0.011985361,59.74089643,"0823ASHC_qPCR.csv","0823","ASHC","07",2023-08-01
"FAM","0823ASHC_15",26.69464117,46596.91887,26.64560516,0.069347395,2111.134818,"0823ASHC_qPCR.csv","0823","ASHC","15",2023-08-01
"FAM","0823ASHC_15",26.59656914,49582.51436,26.64560516,0.069347395,2111.134818,"0823ASHC_qPCR.csv","0823","ASHC","15",2023-08-01
"FAM","0823ASHC_23",34.3388678,368.1925246,34.39093563,0.073635028,16.6146728,"0823ASHC_qPCR.csv","0823","ASHC","23",2023-08-01
"FAM","0823ASHC_23",34.44300345,344.695829,34.39093563,0.073635028,16.6146728,"0823ASHC_qPCR.csv","0823","ASHC","23",2023-08-01
"FAM","0823ASHC_qPCR_Std-08",NA,10,0,0,0,"0823ASHC_qPCR.csv","0823","ASHC",NA,2023-08-01
"FAM","0823ASHC_qPCR_Std-08",NA,10,0,0,0,"0823ASHC_qPCR.csv","0823","ASHC",NA,2023-08-01
"FAM","0823ASHC_qPCR_Std-08",NA,10,0,0,0,"0823ASHC_qPCR.csv","0823","ASHC",NA,2023-08-01
"FAM","0823ASHC_08",28.52239696,14645.21285,28.4841552,0.054082017,513.9031178,"0823ASHC_qPCR.csv","0823","ASHC","08",2023-08-01
"FAM","0823ASHC_08",28.44591344,15371.98161,28.4841552,0.054082017,513.9031178,"0823ASHC_qPCR.csv","0823","ASHC","08",2023-08-01
"FAM","0823ASHC_16",28.5313701,14562.23162,28.71099483,0.254027739,2095.167345,"0823ASHC_qPCR.csv","0823","ASHC","16",2023-08-01
"FAM","0823ASHC_16",28.89061957,11599.21754,28.71099483,0.254027739,2095.167345,"0823ASHC_qPCR.csv","0823","ASHC","16",2023-08-01
"FAM","0823ASHC_24",21.86369144,992988.3572,21.90776011,0.062322511,38115.27381,"0823ASHC_qPCR.csv","0823","ASHC","24",2023-08-01
"FAM","0823ASHC_24",21.95182878,939085.22,21.90776011,0.062322511,38115.27381,"0823ASHC_qPCR.csv","0823","ASHC","24",2023-08-01
"HEX","0823ASHC_qPCR_Std-01",14.91623518,1e+08,14.99712029,0.08000613,0,"0823ASHC_qPCR.csv","0823","ASHC",NA,2023-08-01
"HEX","0823ASHC_qPCR_Std-01",14.99890821,1e+08,14.99712029,0.08000613,0,"0823ASHC_qPCR.csv","0823","ASHC",NA,2023-08-01
"HEX","0823ASHC_qPCR_Std-01",15.07621747,1e+08,14.99712029,0.08000613,0,"0823ASHC_qPCR.csv","0823","ASHC",NA,2023-08-01
"HEX","0823ASHC_01",NA,NA,0,0,0,"0823ASHC_qPCR.csv","0823","ASHC","01",2023-08-01
"HEX","0823ASHC_01",NA,NA,0,0,0,"0823ASHC_qPCR.csv","0823","ASHC","01",2023-08-01
"HEX","0823ASHC_09",NA,NA,0,0,0,"0823ASHC_qPCR.csv","0823","ASHC","09",2023-08-01
"HEX","0823ASHC_09",NA,NA,0,0,0,"0823ASHC_qPCR.csv","0823","ASHC","09",2023-08-01
"HEX","0823ASHC_17",NA,NA,0,0,0,"0823ASHC_qPCR.csv","0823","ASHC","17",2023-08-01
"HEX","0823ASHC_17",NA,NA,0,0,0,"0823ASHC_qPCR.csv","0823","ASHC","17",2023-08-01
"HEX","0823ASHC_25",NA,NA,0,0,0,"0823ASHC_qPCR.csv","0823","ASHC","25",2023-08-01
"HEX","0823ASHC_25",NA,NA,0,0,0,"0823ASHC_qPCR.csv","0823","ASHC","25",2023-08-01
"HEX","NTC-01",NA,NA,0,0,0,"0823ASHC_qPCR.csv","NTC-",NA,NA,NA
"HEX","0823ASHC_qPCR_Std-02",19.05322507,1e+07,18.87814393,0.515042326,0,"0823ASHC_qPCR.csv","0823","ASHC",NA,2023-08-01
"HEX","0823ASHC_qPCR_Std-02",18.29838538,1e+07,18.87814393,0.515042326,0,"0823ASHC_qPCR.csv","0823","ASHC",NA,2023-08-01
"HEX","0823ASHC_qPCR_Std-02",19.28282135,1e+07,18.87814393,0.515042326,0,"0823ASHC_qPCR.csv","0823","ASHC",NA,2023-08-01
"HEX","0823ASHC_02",NA,NA,0,0,0,"0823ASHC_qPCR.csv","0823","ASHC","02",2023-08-01
"HEX","0823ASHC_02",NA,NA,0,0,0,"0823ASHC_qPCR.csv","0823","ASHC","02",2023-08-01
"HEX","0823ASHC_10",NA,NA,0,0,0,"0823ASHC_qPCR.csv","0823","ASHC","10",2023-08-01
"HEX","0823ASHC_10",NA,NA,0,0,0,"0823ASHC_qPCR.csv","0823","ASHC","10",2023-08-01
"HEX","0823ASHC_18",NA,NA,0,0,0,"0823ASHC_qPCR.csv","0823","ASHC","18",2023-08-01
"HEX","0823ASHC_18",NA,NA,0,0,0,"0823ASHC_qPCR.csv","0823","ASHC","18",2023-08-01
"HEX","0823ASHC_26",NA,NA,0,0,0,"0823ASHC_qPCR.csv","0823","ASHC","26",2023-08-01
"HEX","0823ASHC_26",39.75810821,5.631215545,39.75810821,0,0,"0823ASHC_qPCR.csv","0823","ASHC","26",2023-08-01
"HEX","NTC-01",NA,NA,0,0,0,"0823ASHC_qPCR.csv","NTC-",NA,NA,NA
"HEX","0823ASHC_qPCR_Std-03",22.15447105,1e+06,22.05715283,0.097915803,0,"0823ASHC_qPCR.csv","0823","ASHC",NA,2023-08-01
"HEX","0823ASHC_qPCR_Std-03",21.95865019,1e+06,22.05715283,0.097915803,0,"0823ASHC_qPCR.csv","0823","ASHC",NA,2023-08-01
"HEX","0823ASHC_qPCR_Std-03",22.05833724,1e+06,22.05715283,0.097915803,0,"0823ASHC_qPCR.csv","0823","ASHC",NA,2023-08-01
"HEX","0823ASHC_03",33.06477184,555.8066052,33.30904742,0.345457841,111.9269322,"0823ASHC_qPCR.csv","0823","ASHC","03",2023-08-01
"HEX","0823ASHC_03",33.55332301,397.5180196,33.30904742,0.345457841,111.9269322,"0823ASHC_qPCR.csv","0823","ASHC","03",2023-08-01
"HEX","0823ASHC_11",NA,NA,0,0,0,"0823ASHC_qPCR.csv","0823","ASHC","11",2023-08-01
"HEX","0823ASHC_11",NA,NA,0,0,0,"0823ASHC_qPCR.csv","0823","ASHC","11",2023-08-01
"HEX","0823ASHC_19",16.06846599,64428739.45,15.90695186,0.228415474,11302797.15,"0823ASHC_qPCR.csv","0823","ASHC","19",2023-08-01
"HEX","0823ASHC_19",15.74543773,80413308.48,15.90695186,0.228415474,11302797.15,"0823ASHC_qPCR.csv","0823","ASHC","19",2023-08-01
"HEX","0823ASHC_27",NA,NA,0,0,0,"0823ASHC_qPCR.csv","0823","ASHC","27",2023-08-01
"HEX","0823ASHC_27",NA,NA,0,0,0,"0823ASHC_qPCR.csv","0823","ASHC","27",2023-08-01
"HEX","NTC-01",NA,NA,0,0,0,"0823ASHC_qPCR.csv","NTC-",NA,NA,NA
"HEX","0823ASHC_qPCR_Std-04",25.53305409,1e+05,25.49465301,0.038844422,0,"0823ASHC_qPCR.csv","0823","ASHC",NA,2023-08-01
"HEX","0823ASHC_qPCR_Std-04",25.45537993,1e+05,25.49465301,0.038844422,0,"0823ASHC_qPCR.csv","0823","ASHC",NA,2023-08-01
"HEX","0823ASHC_qPCR_Std-04",25.49552502,1e+05,25.49465301,0.038844422,0,"0823ASHC_qPCR.csv","0823","ASHC",NA,2023-08-01
"HEX","0823ASHC_04",35.38180825,113.3830601,35.38180825,0,0,"0823ASHC_qPCR.csv","0823","ASHC","04",2023-08-01
"HEX","0823ASHC_04",NA,NA,0,0,0,"0823ASHC_qPCR.csv","0823","ASHC","04",2023-08-01
"HEX","0823ASHC_12",NA,NA,0,0,0,"0823ASHC_qPCR.csv","0823","ASHC","12",2023-08-01
"HEX","0823ASHC_12",NA,NA,0,0,0,"0823ASHC_qPCR.csv","0823","ASHC","12",2023-08-01
"HEX","0823ASHC_20",NA,NA,0,0,0,"0823ASHC_qPCR.csv","0823","ASHC","20",2023-08-01
"HEX","0823ASHC_20",NA,NA,0,0,0,"0823ASHC_qPCR.csv","0823","ASHC","20",2023-08-01
"HEX","0823ASHC_28",NA,NA,0,0,0,"0823ASHC_qPCR.csv","0823","ASHC","28",2023-08-01
"HEX","0823ASHC_28",NA,NA,0,0,0,"0823ASHC_qPCR.csv","0823","ASHC","28",2023-08-01
"HEX","0823ASHC_qPCR_Std-05",29.90781196,10000,29.63273893,0.254672052,0,"0823ASHC_qPCR.csv","0823","ASHC",NA,2023-08-01
"HEX","0823ASHC_qPCR_Std-05",29.40515256,10000,29.63273893,0.254672052,0,"0823ASHC_qPCR.csv","0823","ASHC",NA,2023-08-01
"HEX","0823ASHC_qPCR_Std-05",29.58525227,10000,29.63273893,0.254672052,0,"0823ASHC_qPCR.csv","0823","ASHC",NA,2023-08-01
"HEX","0823ASHC_05",NA,NA,0,0,0,"0823ASHC_qPCR.csv","0823","ASHC","05",2023-08-01
"HEX","0823ASHC_05",NA,NA,0,0,0,"0823ASHC_qPCR.csv","0823","ASHC","05",2023-08-01
"HEX","0823ASHC_13",NA,NA,0,0,0,"0823ASHC_qPCR.csv","0823","ASHC","13",2023-08-01
"HEX","0823ASHC_13",NA,NA,0,0,0,"0823ASHC_qPCR.csv","0823","ASHC","13",2023-08-01
"HEX","0823ASHC_21",NA,NA,0,0,0,"0823ASHC_qPCR.csv","0823","ASHC","21",2023-08-01
"HEX","0823ASHC_21",NA,NA,0,0,0,"0823ASHC_qPCR.csv","0823","ASHC","21",2023-08-01
"HEX","0823ASHC_29",NA,NA,0,0,0,"0823ASHC_qPCR.csv","0823","ASHC","29",2023-08-01
"HEX","0823ASHC_29",NA,NA,0,0,0,"0823ASHC_qPCR.csv","0823","ASHC","29",2023-08-01
"HEX","0823ASHC_qPCR_Std-06",32.37337376,1000,32.52152949,0.139381727,0,"0823ASHC_qPCR.csv","0823","ASHC",NA,2023-08-01
"HEX","0823ASHC_qPCR_Std-06",32.54115851,1000,32.52152949,0.139381727,0,"0823ASHC_qPCR.csv","0823","ASHC",NA,2023-08-01
"HEX","0823ASHC_qPCR_Std-06",32.65005619,1000,32.52152949,0.139381727,0,"0823ASHC_qPCR.csv","0823","ASHC",NA,2023-08-01
"HEX","0823ASHC_06",NA,NA,0,0,0,"0823ASHC_qPCR.csv","0823","ASHC","06",2023-08-01
"HEX","0823ASHC_06",NA,NA,0,0,0,"0823ASHC_qPCR.csv","0823","ASHC","06",2023-08-01
"HEX","0823ASHC_14",NA,NA,0,0,0,"0823ASHC_qPCR.csv","0823","ASHC","14",2023-08-01
"HEX","0823ASHC_14",NA,NA,0,0,0,"0823ASHC_qPCR.csv","0823","ASHC","14",2023-08-01
"HEX","0823ASHC_22",30.80087285,2627.039525,30.65400927,0.207696468,414.7223719,"0823ASHC_qPCR.csv","0823","ASHC","22",2023-08-01
"HEX","0823ASHC_22",30.50714569,3213.545528,30.65400927,0.207696468,414.7223719,"0823ASHC_qPCR.csv","0823","ASHC","22",2023-08-01
"HEX","0823ASHC_30",36.29989173,60.39478526,36.29989173,0,0,"0823ASHC_qPCR.csv","0823","ASHC","30",2023-08-01
"HEX","0823ASHC_30",NA,NA,0,0,0,"0823ASHC_qPCR.csv","0823","ASHC","30",2023-08-01
"HEX","0823ASHC_qPCR_Std-07",34.83393914,100,35.46827328,0.687761778,0,"0823ASHC_qPCR.csv","0823","ASHC",NA,2023-08-01
"HEX","0823ASHC_qPCR_Std-07",35.37163918,100,35.46827328,0.687761778,0,"0823ASHC_qPCR.csv","0823","ASHC",NA,2023-08-01
"HEX","0823ASHC_qPCR_Std-07",36.19924153,100,35.46827328,0.687761778,0,"0823ASHC_qPCR.csv","0823","ASHC",NA,2023-08-01
"HEX","0823ASHC_07",36.71979893,45.27781463,36.71979893,0,0,"0823ASHC_qPCR.csv","0823","ASHC","07",2023-08-01
"HEX","0823ASHC_07",NA,NA,0,0,0,"0823ASHC_qPCR.csv","0823","ASHC","07",2023-08-01
"HEX","0823ASHC_15",NA,NA,0,0,0,"0823ASHC_qPCR.csv","0823","ASHC","15",2023-08-01
"HEX","0823ASHC_15",NA,NA,0,0,0,"0823ASHC_qPCR.csv","0823","ASHC","15",2023-08-01
"HEX","0823ASHC_23",NA,NA,0,0,0,"0823ASHC_qPCR.csv","0823","ASHC","23",2023-08-01
"HEX","0823ASHC_23",NA,NA,0,0,0,"0823ASHC_qPCR.csv","0823","ASHC","23",2023-08-01
"HEX","0823ASHC_qPCR_Std-08",37.19435847,10,37.19435847,0,0,"0823ASHC_qPCR.csv","0823","ASHC",NA,2023-08-01
"HEX","0823ASHC_qPCR_Std-08",NA,10,0,0,0,"0823ASHC_qPCR.csv","0823","ASHC",NA,2023-08-01
"HEX","0823ASHC_qPCR_Std-08",NA,10,0,0,0,"0823ASHC_qPCR.csv","0823","ASHC",NA,2023-08-01
"HEX","0823ASHC_08",NA,NA,0,0,0,"0823ASHC_qPCR.csv","0823","ASHC","08",2023-08-01
"HEX","0823ASHC_08",NA,NA,0,0,0,"0823ASHC_qPCR.csv","0823","ASHC","08",2023-08-01
"HEX","0823ASHC_16",37.0728992,35.53669353,37.0728992,0,0,"0823ASHC_qPCR.csv","0823","ASHC","16",2023-08-01
"HEX","0823ASHC_16",NA,NA,0,0,0,"0823ASHC_qPCR.csv","0823","ASHC","16",2023-08-01
"HEX","0823ASHC_24",39.23868574,8.042060481,39.23868574,0,0,"0823ASHC_qPCR.csv","0823","ASHC","24",2023-08-01
"HEX","0823ASHC_24",NA,NA,0,0,0,"0823ASHC_qPCR.csv","0823","ASHC","24",2023-08-01
"FAM","0823FENC_qPCR_Std-01",14.44675244,1e+08,14.45121266,0.02592956,0,"0823FENC_qPCR.csv","0823","FENC",NA,2023-08-01
"FAM","0823FENC_qPCR_Std-01",14.42780253,1e+08,14.45121266,0.02592956,0,"0823FENC_qPCR.csv","0823","FENC",NA,2023-08-01
"FAM","0823FENC_qPCR_Std-01",14.47908301,1e+08,14.45121266,0.02592956,0,"0823FENC_qPCR.csv","0823","FENC",NA,2023-08-01
"FAM","0823FENC_01",26.17929516,59562.49618,26.12149911,0.081735952,3251.583336,"0823FENC_qPCR.csv","0823","FENC","01",2023-08-01
"FAM","0823FENC_01",26.06370306,64160.92943,26.12149911,0.081735952,3251.583336,"0823FENC_qPCR.csv","0823","FENC","01",2023-08-01
"FAM","0823FENC_09",33.99062668,391.1985843,33.91687037,0.104307169,27.53865219,"0823FENC_qPCR.csv","0823","FENC","09",2023-08-01
"FAM","0823FENC_09",33.84311406,430.1441197,33.91687037,0.104307169,27.53865219,"0823FENC_qPCR.csv","0823","FENC","09",2023-08-01
"FAM","0823FENC_17",20.8477636,1839348.214,20.76771779,0.113201868,141102.6379,"0823FENC_qPCR.csv","0823","FENC","17",2023-08-01
"FAM","0823FENC_17",20.68767198,2038897.479,20.76771779,0.113201868,141102.6379,"0823FENC_qPCR.csv","0823","FENC","17",2023-08-01
"FAM","0823FENC_25",20.47248825,2341640.352,20.37842445,0.13302629,213041.9623,"0823FENC_qPCR.csv","0823","FENC","25",2023-08-01
"FAM","0823FENC_25",20.28436066,2642927.184,20.37842445,0.13302629,213041.9623,"0823FENC_qPCR.csv","0823","FENC","25",2023-08-01
"FAM","NTC-01",NA,NA,0,0,0,"0823FENC_qPCR.csv","NTC-",NA,NA,NA
"FAM","0823FENC_qPCR_Std-02",18.16248498,1e+07,18.21828274,0.048597515,0,"0823FENC_qPCR.csv","0823","FENC",NA,2023-08-01
"FAM","0823FENC_qPCR_Std-02",18.2513465,1e+07,18.21828274,0.048597515,0,"0823FENC_qPCR.csv","0823","FENC",NA,2023-08-01
"FAM","0823FENC_qPCR_Std-02",18.24101673,1e+07,18.21828274,0.048597515,0,"0823FENC_qPCR.csv","0823","FENC",NA,2023-08-01
"FAM","0823FENC_02",27.69775761,22423.17293,27.71570679,0.025383978,362.0021155,"0823FENC_qPCR.csv","0823","FENC","02",2023-08-01
"FAM","0823FENC_02",27.73365597,21911.22463,27.71570679,0.025383978,362.0021155,"0823FENC_qPCR.csv","0823","FENC","02",2023-08-01
"FAM","0823FENC_10",30.2006685,4480.79481,30.17770412,0.032476531,95.02041252,"0823FENC_qPCR.csv","0823","FENC","10",2023-08-01
"FAM","0823FENC_10",30.15473975,4615.173966,30.17770412,0.032476531,95.02041252,"0823FENC_qPCR.csv","0823","FENC","10",2023-08-01
"FAM","0823FENC_18",27.85871896,20217.27502,27.88328232,0.034737842,444.7747943,"0823FENC_qPCR.csv","0823","FENC","18",2023-08-01
"FAM","0823FENC_18",27.90784568,19588.26847,27.88328232,0.034737842,444.7747943,"0823FENC_qPCR.csv","0823","FENC","18",2023-08-01
"FAM","0823FENC_26",28.34959718,14742.31252,28.39363936,0.062285054,574.330126,"0823FENC_qPCR.csv","0823","FENC","26",2023-08-01
"FAM","0823FENC_26",28.43768155,13930.08707,28.39363936,0.062285054,574.330126,"0823FENC_qPCR.csv","0823","FENC","26",2023-08-01
"FAM","NTC-01",NA,NA,0,0,0,"0823FENC_qPCR.csv","NTC-",NA,NA,NA
"FAM","0823FENC_qPCR_Std-03",22.07824775,1e+06,22.04496232,0.03162636,0,"0823FENC_qPCR.csv","0823","FENC",NA,2023-08-01
"FAM","0823FENC_qPCR_Std-03",22.04133065,1e+06,22.04496232,0.03162636,0,"0823FENC_qPCR.csv","0823","FENC",NA,2023-08-01
"FAM","0823FENC_qPCR_Std-03",22.01530857,1e+06,22.04496232,0.03162636,0,"0823FENC_qPCR.csv","0823","FENC",NA,2023-08-01
"FAM","0823FENC_03",18.43413881,8690772.976,18.57980881,0.206008494,1050357.534,"0823FENC_qPCR.csv","0823","FENC","03",2023-08-01
"FAM","0823FENC_03",18.72547881,7205343.106,18.57980881,0.206008494,1050357.534,"0823FENC_qPCR.csv","0823","FENC","03",2023-08-01
"FAM","0823FENC_11",27.03851897,34268.56378,26.96365255,0.105877104,2450.441435,"0823FENC_qPCR.csv","0823","FENC","11",2023-08-01
"FAM","0823FENC_11",26.88878613,37734.01129,26.96365255,0.105877104,2450.441435,"0823FENC_qPCR.csv","0823","FENC","11",2023-08-01
"FAM","0823FENC_19",24.91815135,134075.9662,24.9924222,0.105034844,8640.868088,"0823FENC_qPCR.csv","0823","FENC","19",2023-08-01
"FAM","0823FENC_19",25.06669305,121855.9334,24.9924222,0.105034844,8640.868088,"0823FENC_qPCR.csv","0823","FENC","19",2023-08-01
"FAM","0823FENC_27",22.81556679,518605.5665,22.6782291,0.194224833,70882.74666,"0823FENC_qPCR.csv","0823","FENC","27",2023-08-01
"FAM","0823FENC_27",22.5408914,618848.9081,22.6782291,0.194224833,70882.74666,"0823FENC_qPCR.csv","0823","FENC","27",2023-08-01
"FAM","NTC-01",NA,NA,0,0,0,"0823FENC_qPCR.csv","NTC-",NA,NA,NA
"FAM","0823FENC_qPCR_Std-04",24.88368932,1e+05,24.89143913,0.006742543,0,"0823FENC_qPCR.csv","0823","FENC",NA,2023-08-01
"FAM","0823FENC_qPCR_Std-04",24.89595998,1e+05,24.89143913,0.006742543,0,"0823FENC_qPCR.csv","0823","FENC",NA,2023-08-01
"FAM","0823FENC_qPCR_Std-04",24.89466809,1e+05,24.89143913,0.006742543,0,"0823FENC_qPCR.csv","0823","FENC",NA,2023-08-01
"FAM","0823FENC_04",25.70912584,80601.58642,25.67736505,0.044916545,2377.466462,"0823FENC_qPCR.csv","0823","FENC","04",2023-08-01
"FAM","0823FENC_04",25.64560425,83963.83173,25.67736505,0.044916545,2377.466462,"0823FENC_qPCR.csv","0823","FENC","04",2023-08-01
"FAM","0823FENC_12",24.9583005,130657.0354,24.82450589,0.189214158,17356.6654,"0823FENC_qPCR.csv","0823","FENC","12",2023-08-01
"FAM","0823FENC_12",24.69071128,155203.067,24.82450589,0.189214158,17356.6654,"0823FENC_qPCR.csv","0823","FENC","12",2023-08-01
"FAM","0823FENC_20",27.13074709,32294.33222,27.01172373,0.168324447,3779.325283,"0823FENC_qPCR.csv","0823","FENC","20",2023-08-01
"FAM","0823FENC_20",26.89270037,37639.1053,27.01172373,0.168324447,3779.325283,"0823FENC_qPCR.csv","0823","FENC","20",2023-08-01
"FAM","0823FENC_28",26.79509604,40078.46332,26.60041162,0.275325339,8067.689964,"0823FENC_qPCR.csv","0823","FENC","28",2023-08-01
"FAM","0823FENC_28",26.40572721,51487.89989,26.60041162,0.275325339,8067.689964,"0823FENC_qPCR.csv","0823","FENC","28",2023-08-01
"FAM","0823FENC_qPCR_Std-05",29.39505955,10000,29.29752514,0.084639558,0,"0823FENC_qPCR.csv","0823","FENC",NA,2023-08-01
"FAM","0823FENC_qPCR_Std-05",29.2541556,10000,29.29752514,0.084639558,0,"0823FENC_qPCR.csv","0823","FENC",NA,2023-08-01
"FAM","0823FENC_qPCR_Std-05",29.24336028,10000,29.29752514,0.084639558,0,"0823FENC_qPCR.csv","0823","FENC",NA,2023-08-01
"FAM","0823FENC_05",28.82489046,10858.3346,28.79100623,0.047919536,342.166735,"0823FENC_qPCR.csv","0823","FENC","05",2023-08-01
"FAM","0823FENC_05",28.757122,11342.23144,28.79100623,0.047919536,342.166735,"0823FENC_qPCR.csv","0823","FENC","05",2023-08-01
"FAM","0823FENC_13",20.26548824,2675213.021,20.18496149,0.113882015,206522.6993,"0823FENC_qPCR.csv","0823","FENC","13",2023-08-01
"FAM","0823FENC_13",20.10443475,2967280.224,20.18496149,0.113882015,206522.6993,"0823FENC_qPCR.csv","0823","FENC","13",2023-08-01
"FAM","0823FENC_21",27.99879946,18474.91806,27.9866403,0.017195645,205.9978812,"0823FENC_qPCR.csv","0823","FENC","21",2023-08-01
"FAM","0823FENC_21",27.97448114,18766.24305,27.9866403,0.017195645,205.9978812,"0823FENC_qPCR.csv","0823","FENC","21",2023-08-01
"FAM","0823FENC_29",33.60715416,500.6611515,33.68333998,0.107743023,33.05823494,"0823FENC_qPCR.csv","0823","FENC","29",2023-08-01
"FAM","0823FENC_29",33.7595258,453.9097473,33.68333998,0.107743023,33.05823494,"0823FENC_qPCR.csv","0823","FENC","29",2023-08-01
"FAM","0823FENC_qPCR_Std-06",33.08024683,1000,33.01583201,0.084422659,0,"0823FENC_qPCR.csv","0823","FENC",NA,2023-08-01
"FAM","0823FENC_qPCR_Std-06",32.92025873,1000,33.01583201,0.084422659,0,"0823FENC_qPCR.csv","0823","FENC",NA,2023-08-01
"FAM","0823FENC_qPCR_Std-06",33.04699046,1000,33.01583201,0.084422659,0,"0823FENC_qPCR.csv","0823","FENC",NA,2023-08-01
"FAM","0823FENC_06",27.90199367,19662.15742,27.75872243,0.202616124,2814.566646,"0823FENC_qPCR.csv","0823","FENC","06",2023-08-01
"FAM","0823FENC_06",27.6154512,23642.55574,27.75872243,0.202616124,2814.566646,"0823FENC_qPCR.csv","0823","FENC","06",2023-08-01
"FAM","0823FENC_14",23.46168184,342219.8682,23.51368053,0.073537258,15661.18238,"0823FENC_qPCR.csv","0823","FENC","14",2023-08-01
"FAM","0823FENC_14",23.56567923,320071.6117,23.51368053,0.073537258,15661.18238,"0823FENC_qPCR.csv","0823","FENC","14",2023-08-01
"FAM","0823FENC_22",23.99626212,242626.0118,24.21757731,0.312986956,42515.96209,"0823FENC_qPCR.csv","0823","FENC","22",2023-08-01
"FAM","0823FENC_22",24.43889251,182499.3616,24.21757731,0.312986956,42515.96209,"0823FENC_qPCR.csv","0823","FENC","22",2023-08-01
"FAM","0823FENC_30",33.9471969,402.2833433,34.01386828,0.094287566,23.38572367,"0823FENC_qPCR.csv","0823","FENC","30",2023-08-01
"FAM","0823FENC_30",34.08053966,369.2109357,34.01386828,0.094287566,23.38572367,"0823FENC_qPCR.csv","0823","FENC","30",2023-08-01
"FAM","0823FENC_qPCR_Std-07",35.76699946,100,36.05940196,0.413519576,0,"0823FENC_qPCR.csv","0823","FENC",NA,2023-08-01
"FAM","0823FENC_qPCR_Std-07",36.35180445,100,36.05940196,0.413519576,0,"0823FENC_qPCR.csv","0823","FENC",NA,2023-08-01
"FAM","0823FENC_07",26.32705462,54161.06576,26.34527572,0.025768521,887.4734669,"0823FENC_qPCR.csv","0823","FENC","07",2023-08-01
"FAM","0823FENC_07",26.36349681,52905.98874,26.34527572,0.025768521,887.4734669,"0823FENC_qPCR.csv","0823","FENC","07",2023-08-01
"FAM","0823FENC_15",18.11171723,10694160.36,18.19979951,0.124567157,810273.0361,"0823FENC_qPCR.csv","0823","FENC","15",2023-08-01
"FAM","0823FENC_15",18.28788179,9548261.242,18.19979951,0.124567157,810273.0361,"0823FENC_qPCR.csv","0823","FENC","15",2023-08-01
"FAM","0823FENC_23",17.94403754,11912373.97,17.83906746,0.148450113,1218144.175,"0823FENC_qPCR.csv","0823","FENC","23",2023-08-01
"FAM","0823FENC_23",17.73409738,13635089.98,17.83906746,0.148450113,1218144.175,"0823FENC_qPCR.csv","0823","FENC","23",2023-08-01
"FAM","0823FENC_qPCR_Std-08",38.25913761,10,39.12237027,1.220795338,0,"0823FENC_qPCR.csv","0823","FENC",NA,2023-08-01
"FAM","0823FENC_qPCR_Std-08",NA,10,0,0,0,"0823FENC_qPCR.csv","0823","FENC",NA,2023-08-01
"FAM","0823FENC_qPCR_Std-08",39.98560293,10,39.12237027,1.220795338,0,"0823FENC_qPCR.csv","0823","FENC",NA,2023-08-01
"FAM","0823FENC_08",29.80677299,5773.165137,29.82682062,0.028351629,103.9590795,"0823FENC_qPCR.csv","0823","FENC","08",2023-08-01
"FAM","0823FENC_08",29.84686825,5626.144797,29.82682062,0.028351629,103.9590795,"0823FENC_qPCR.csv","0823","FENC","08",2023-08-01
"FAM","0823FENC_16",29.30796479,7957.684402,29.34678355,0.054898014,274.1586811,"0823FENC_qPCR.csv","0823","FENC","16",2023-08-01
"FAM","0823FENC_16",29.38560231,7569.965477,29.34678355,0.054898014,274.1586811,"0823FENC_qPCR.csv","0823","FENC","16",2023-08-01
"FAM","0823FENC_24",29.75827349,5956.145473,29.80352987,0.064002193,238.2518472,"0823FENC_qPCR.csv","0823","FENC","24",2023-08-01
"FAM","0823FENC_24",29.84878626,5619.20648,29.80352987,0.064002193,238.2518472,"0823FENC_qPCR.csv","0823","FENC","24",2023-08-01
"HEX","0823FENC_qPCR_Std-01",15.27153916,1e+08,14.7239371,0.487120767,0,"0823FENC_qPCR.csv","0823","FENC",NA,2023-08-01
"HEX","0823FENC_qPCR_Std-01",14.56142677,1e+08,14.7239371,0.487120767,0,"0823FENC_qPCR.csv","0823","FENC",NA,2023-08-01
"HEX","0823FENC_qPCR_Std-01",14.33884535,1e+08,14.7239371,0.487120767,0,"0823FENC_qPCR.csv","0823","FENC",NA,2023-08-01
"HEX","0823FENC_01",27.62783899,17253.56645,27.21852663,0.578855087,9062.23793,"0823FENC_qPCR.csv","0823","FENC","01",2023-08-01
"HEX","0823FENC_01",26.80921428,30069.50623,27.21852663,0.578855087,9062.23793,"0823FENC_qPCR.csv","0823","FENC","01",2023-08-01
"HEX","0823FENC_09",NA,NA,0,0,0,"0823FENC_qPCR.csv","0823","FENC","09",2023-08-01
"HEX","0823FENC_09",NA,NA,0,0,0,"0823FENC_qPCR.csv","0823","FENC","09",2023-08-01
"HEX","0823FENC_17",NA,NA,0,0,0,"0823FENC_qPCR.csv","0823","FENC","17",2023-08-01
"HEX","0823FENC_17",NA,NA,0,0,0,"0823FENC_qPCR.csv","0823","FENC","17",2023-08-01
"HEX","0823FENC_25",NA,NA,0,0,0,"0823FENC_qPCR.csv","0823","FENC","25",2023-08-01
"HEX","0823FENC_25",NA,NA,0,0,0,"0823FENC_qPCR.csv","0823","FENC","25",2023-08-01
"HEX","NTC-01",NA,NA,0,0,0,"0823FENC_qPCR.csv","NTC-",NA,NA,NA
"HEX","0823FENC_qPCR_Std-02",19.05560436,1e+07,18.24526432,0.702019809,0,"0823FENC_qPCR.csv","0823","FENC",NA,2023-08-01
"HEX","0823FENC_qPCR_Std-02",17.82155859,1e+07,18.24526432,0.702019809,0,"0823FENC_qPCR.csv","0823","FENC",NA,2023-08-01
"HEX","0823FENC_qPCR_Std-02",17.85863,1e+07,18.24526432,0.702019809,0,"0823FENC_qPCR.csv","0823","FENC",NA,2023-08-01
"HEX","0823FENC_02",32.76514588,528.3511052,32.00788992,1.07092165,670.474848,"0823FENC_qPCR.csv","0823","FENC","02",2023-08-01
"HEX","0823FENC_02",31.25063396,1476.545728,32.00788992,1.07092165,670.474848,"0823FENC_qPCR.csv","0823","FENC","02",2023-08-01
"HEX","0823FENC_10",NA,NA,0,0,0,"0823FENC_qPCR.csv","0823","FENC","10",2023-08-01
"HEX","0823FENC_10",NA,NA,0,0,0,"0823FENC_qPCR.csv","0823","FENC","10",2023-08-01
"HEX","0823FENC_18",NA,NA,0,0,0,"0823FENC_qPCR.csv","0823","FENC","18",2023-08-01
"HEX","0823FENC_18",NA,NA,0,0,0,"0823FENC_qPCR.csv","0823","FENC","18",2023-08-01
"HEX","0823FENC_26",37.95192442,15.64541701,37.95192442,0,0,"0823FENC_qPCR.csv","0823","FENC","26",2023-08-01
"HEX","0823FENC_26",NA,NA,0,0,0,"0823FENC_qPCR.csv","0823","FENC","26",2023-08-01
"HEX","NTC-01",NA,NA,0,0,0,"0823FENC_qPCR.csv","NTC-",NA,NA,NA
"HEX","0823FENC_qPCR_Std-03",21.51228002,1e+06,21.53777985,0.193573968,0,"0823FENC_qPCR.csv","0823","FENC",NA,2023-08-01
"HEX","0823FENC_qPCR_Std-03",21.74283994,1e+06,21.53777985,0.193573968,0,"0823FENC_qPCR.csv","0823","FENC",NA,2023-08-01
"HEX","0823FENC_qPCR_Std-03",21.3582196,1e+06,21.53777985,0.193573968,0,"0823FENC_qPCR.csv","0823","FENC",NA,2023-08-01
"HEX","0823FENC_03",NA,NA,0,0,0,"0823FENC_qPCR.csv","0823","FENC","03",2023-08-01
"HEX","0823FENC_03",NA,NA,0,0,0,"0823FENC_qPCR.csv","0823","FENC","03",2023-08-01
"HEX","0823FENC_11",NA,NA,0,0,0,"0823FENC_qPCR.csv","0823","FENC","11",2023-08-01
"HEX","0823FENC_11",NA,NA,0,0,0,"0823FENC_qPCR.csv","0823","FENC","11",2023-08-01
"HEX","0823FENC_19",38.26938185,12.61342234,38.26938185,0,0,"0823FENC_qPCR.csv","0823","FENC","19",2023-08-01
"HEX","0823FENC_19",NA,NA,0,0,0,"0823FENC_qPCR.csv","0823","FENC","19",2023-08-01
"HEX","0823FENC_27",NA,NA,0,0,0,"0823FENC_qPCR.csv","0823","FENC","27",2023-08-01
"HEX","0823FENC_27",NA,NA,0,0,0,"0823FENC_qPCR.csv","0823","FENC","27",2023-08-01
"HEX","NTC-01",NA,NA,0,0,0,"0823FENC_qPCR.csv","NTC-",NA,NA,NA
"HEX","0823FENC_qPCR_Std-04",25.1249285,1e+05,24.96376975,0.185589232,0,"0823FENC_qPCR.csv","0823","FENC",NA,2023-08-01
"HEX","0823FENC_qPCR_Std-04",24.7608619,1e+05,24.96376975,0.185589232,0,"0823FENC_qPCR.csv","0823","FENC",NA,2023-08-01
"HEX","0823FENC_qPCR_Std-04",25.00551886,1e+05,24.96376975,0.185589232,0,"0823FENC_qPCR.csv","0823","FENC",NA,2023-08-01
"HEX","0823FENC_04",NA,NA,0,0,0,"0823FENC_qPCR.csv","0823","FENC","04",2023-08-01
"HEX","0823FENC_04",NA,NA,0,0,0,"0823FENC_qPCR.csv","0823","FENC","04",2023-08-01
"HEX","0823FENC_12",NA,NA,0,0,0,"0823FENC_qPCR.csv","0823","FENC","12",2023-08-01
"HEX","0823FENC_12",NA,NA,0,0,0,"0823FENC_qPCR.csv","0823","FENC","12",2023-08-01
"HEX","0823FENC_20",NA,NA,0,0,0,"0823FENC_qPCR.csv","0823","FENC","20",2023-08-01
"HEX","0823FENC_20",NA,NA,0,0,0,"0823FENC_qPCR.csv","0823","FENC","20",2023-08-01
"HEX","0823FENC_28",NA,NA,0,0,0,"0823FENC_qPCR.csv","0823","FENC","28",2023-08-01
"HEX","0823FENC_28",NA,NA,0,0,0,"0823FENC_qPCR.csv","0823","FENC","28",2023-08-01
"HEX","0823FENC_qPCR_Std-05",28.91044107,10000,29.08108754,0.298882264,0,"0823FENC_qPCR.csv","0823","FENC",NA,2023-08-01
"HEX","0823FENC_qPCR_Std-05",28.90662154,10000,29.08108754,0.298882264,0,"0823FENC_qPCR.csv","0823","FENC",NA,2023-08-01
"HEX","0823FENC_qPCR_Std-05",29.4262,10000,29.08108754,0.298882264,0,"0823FENC_qPCR.csv","0823","FENC",NA,2023-08-01
"HEX","0823FENC_05",37.88053097,16.42202396,37.88053097,0,0,"0823FENC_qPCR.csv","0823","FENC","05",2023-08-01
"HEX","0823FENC_05",NA,NA,0,0,0,"0823FENC_qPCR.csv","0823","FENC","05",2023-08-01
"HEX","0823FENC_13",NA,NA,0,0,0,"0823FENC_qPCR.csv","0823","FENC","13",2023-08-01
"HEX","0823FENC_13",NA,NA,0,0,0,"0823FENC_qPCR.csv","0823","FENC","13",2023-08-01
"HEX","0823FENC_21",NA,NA,0,0,0,"0823FENC_qPCR.csv","0823","FENC","21",2023-08-01
"HEX","0823FENC_21",NA,NA,0,0,0,"0823FENC_qPCR.csv","0823","FENC","21",2023-08-01
"HEX","0823FENC_29",NA,NA,0,0,0,"0823FENC_qPCR.csv","0823","FENC","29",2023-08-01
"HEX","0823FENC_29",NA,NA,0,0,0,"0823FENC_qPCR.csv","0823","FENC","29",2023-08-01
"HEX","0823FENC_qPCR_Std-06",32.15082057,1000,32.01821999,0.178607598,0,"0823FENC_qPCR.csv","0823","FENC",NA,2023-08-01
"HEX","0823FENC_qPCR_Std-06",32.08871694,1000,32.01821999,0.178607598,0,"0823FENC_qPCR.csv","0823","FENC",NA,2023-08-01
"HEX","0823FENC_qPCR_Std-06",31.81512244,1000,32.01821999,0.178607598,0,"0823FENC_qPCR.csv","0823","FENC",NA,2023-08-01
"HEX","0823FENC_06",NA,NA,0,0,0,"0823FENC_qPCR.csv","0823","FENC","06",2023-08-01
"HEX","0823FENC_06",NA,NA,0,0,0,"0823FENC_qPCR.csv","0823","FENC","06",2023-08-01
"HEX","0823FENC_14",NA,NA,0,0,0,"0823FENC_qPCR.csv","0823","FENC","14",2023-08-01
"HEX","0823FENC_14",NA,NA,0,0,0,"0823FENC_qPCR.csv","0823","FENC","14",2023-08-01
"HEX","0823FENC_22",NA,NA,0,0,0,"0823FENC_qPCR.csv","0823","FENC","22",2023-08-01
"HEX","0823FENC_22",NA,NA,0,0,0,"0823FENC_qPCR.csv","0823","FENC","22",2023-08-01
"HEX","0823FENC_30",NA,NA,0,0,0,"0823FENC_qPCR.csv","0823","FENC","30",2023-08-01
"HEX","0823FENC_30",NA,NA,0,0,0,"0823FENC_qPCR.csv","0823","FENC","30",2023-08-01
"HEX","0823FENC_qPCR_Std-07",34.50798556,100,34.43836853,0.098453354,0,"0823FENC_qPCR.csv","0823","FENC",NA,2023-08-01
"HEX","0823FENC_qPCR_Std-07",34.36875149,100,34.43836853,0.098453354,0,"0823FENC_qPCR.csv","0823","FENC",NA,2023-08-01
"HEX","0823FENC_07",NA,NA,0,0,0,"0823FENC_qPCR.csv","0823","FENC","07",2023-08-01
"HEX","0823FENC_07",NA,NA,0,0,0,"0823FENC_qPCR.csv","0823","FENC","07",2023-08-01
"HEX","0823FENC_15",38.82150527,8.672075164,38.82150527,0,0,"0823FENC_qPCR.csv","0823","FENC","15",2023-08-01
"HEX","0823FENC_15",NA,NA,0,0,0,"0823FENC_qPCR.csv","0823","FENC","15",2023-08-01
"HEX","0823FENC_23",NA,NA,0,0,0,"0823FENC_qPCR.csv","0823","FENC","23",2023-08-01
"HEX","0823FENC_23",NA,NA,0,0,0,"0823FENC_qPCR.csv","0823","FENC","23",2023-08-01
"HEX","0823FENC_qPCR_Std-08",NA,10,0,0,0,"0823FENC_qPCR.csv","0823","FENC",NA,2023-08-01
"HEX","0823FENC_qPCR_Std-08",NA,10,0,0,0,"0823FENC_qPCR.csv","0823","FENC",NA,2023-08-01
"HEX","0823FENC_qPCR_Std-08",NA,10,0,0,0,"0823FENC_qPCR.csv","0823","FENC",NA,2023-08-01
"HEX","0823FENC_08",34.01883267,225.6644233,34.44721134,0.605818932,70.34867217,"0823FENC_qPCR.csv","0823","FENC","08",2023-08-01
"HEX","0823FENC_08",34.87559002,126.176377,34.44721134,0.605818932,70.34867217,"0823FENC_qPCR.csv","0823","FENC","08",2023-08-01
"HEX","0823FENC_16",31.77342046,1035.577351,32.06631602,0.414216879,240.1836456,"0823FENC_qPCR.csv","0823","FENC","16",2023-08-01
"HEX","0823FENC_16",32.35921158,695.9063819,32.06631602,0.414216879,240.1836456,"0823FENC_qPCR.csv","0823","FENC","16",2023-08-01
"HEX","0823FENC_24",NA,NA,0,0,0,"0823FENC_qPCR.csv","0823","FENC","24",2023-08-01
"HEX","0823FENC_24",NA,NA,0,0,0,"0823FENC_qPCR.csv","0823","FENC","24",2023-08-01
"FAM","0924ASHC_qPCR_Std-01",14.72705936,1e+08,14.80398154,0.082336063,0,"0924ASHC_qPCR.csv","0924","ASHC",NA,2024-09-01
"FAM","0924ASHC_qPCR_Std-01",14.794054,1e+08,14.80398154,0.082336063,0,"0924ASHC_qPCR.csv","0924","ASHC",NA,2024-09-01
"FAM","0924ASHC_qPCR_Std-01",14.89083127,1e+08,14.80398154,0.082336063,0,"0924ASHC_qPCR.csv","0924","ASHC",NA,2024-09-01
"FAM","0924ASHC_01",25.61703176,90766.26996,25.63619946,0.027107217,1564.995754,"0924ASHC_qPCR.csv","0924","ASHC","01",2024-09-01
"FAM","0924ASHC_01",25.65536716,88553.03174,25.63619946,0.027107217,1564.995754,"0924ASHC_qPCR.csv","0924","ASHC","01",2024-09-01
"FAM","0924ASHC_09",31.16890976,2542.497717,31.11121359,0.081594703,138.6791791,"0924ASHC_qPCR.csv","0924","ASHC","09",2024-09-01
"FAM","0924ASHC_09",31.05351742,2738.619693,31.11121359,0.081594703,138.6791791,"0924ASHC_qPCR.csv","0924","ASHC","09",2024-09-01
"FAM","0924ASHC_17",25.05308036,130509.3872,25.0968556,0.061907543,5058.871906,"0924ASHC_qPCR.csv","0924","ASHC","17",2024-09-01
"FAM","0924ASHC_17",25.14063084,123355.0619,25.0968556,0.061907543,5058.871906,"0924ASHC_qPCR.csv","0924","ASHC","17",2024-09-01
"FAM","0924ASHC_25",26.46364797,52620.61003,26.55990444,0.136127204,4338.229973,"0924ASHC_qPCR.csv","0924","ASHC","25",2024-09-01
"FAM","0924ASHC_25",26.65616091,46485.42636,26.55990444,0.136127204,4338.229973,"0924ASHC_qPCR.csv","0924","ASHC","25",2024-09-01
"FAM","NTC-01",NA,NA,0,0,0,"0924ASHC_qPCR.csv","NTC-",NA,NA,NA
"FAM","0924ASHC_qPCR_Std-02",18.28707777,1e+07,18.30831201,0.018600613,0,"0924ASHC_qPCR.csv","0924","ASHC",NA,2024-09-01
"FAM","0924ASHC_qPCR_Std-02",18.32172429,1e+07,18.30831201,0.018600613,0,"0924ASHC_qPCR.csv","0924","ASHC",NA,2024-09-01
"FAM","0924ASHC_qPCR_Std-02",18.31613398,1e+07,18.30831201,0.018600613,0,"0924ASHC_qPCR.csv","0924","ASHC",NA,2024-09-01
"FAM","0924ASHC_02",25.76861096,82325.26682,25.77617505,0.010697237,564.3445254,"0924ASHC_qPCR.csv","0924","ASHC","02",2024-09-01
"FAM","0924ASHC_02",25.78373914,81527.16314,25.77617505,0.010697237,564.3445254,"0924ASHC_qPCR.csv","0924","ASHC","02",2024-09-01
"FAM","0924ASHC_10",29.95648586,5550.506992,29.86016218,0.136222262,518.3830072,"0924ASHC_qPCR.csv","0924","ASHC","10",2024-09-01
"FAM","0924ASHC_10",29.76383849,6283.611271,29.86016218,0.136222262,518.3830072,"0924ASHC_qPCR.csv","0924","ASHC","10",2024-09-01
"FAM","0924ASHC_18",27.88820267,21026.07993,27.81687947,0.100866247,1430.397238,"0924ASHC_qPCR.csv","0924","ASHC","18",2024-09-01
"FAM","0924ASHC_18",27.74555626,23048.96711,27.81687947,0.100866247,1430.397238,"0924ASHC_qPCR.csv","0924","ASHC","18",2024-09-01
"FAM","0924ASHC_26",25.93037996,74180.89713,26.01501323,0.119689519,5416.858313,"0924ASHC_qPCR.csv","0924","ASHC","26",2024-09-01
"FAM","0924ASHC_26",26.0996465,66520.30263,26.01501323,0.119689519,5416.858313,"0924ASHC_qPCR.csv","0924","ASHC","26",2024-09-01
"FAM","NTC-01",NA,NA,0,0,0,"0924ASHC_qPCR.csv","NTC-",NA,NA,NA
"FAM","0924ASHC_qPCR_Std-03",21.71365775,1e+06,21.77284099,0.051565566,0,"0924ASHC_qPCR.csv","0924","ASHC",NA,2024-09-01
"FAM","0924ASHC_qPCR_Std-03",21.79677438,1e+06,21.77284099,0.051565566,0,"0924ASHC_qPCR.csv","0924","ASHC",NA,2024-09-01
"FAM","0924ASHC_qPCR_Std-03",21.80809084,1e+06,21.77284099,0.051565566,0,"0924ASHC_qPCR.csv","0924","ASHC",NA,2024-09-01
"FAM","0924ASHC_03",29.15508465,9299.427833,29.0771584,0.11020436,694.1985599,"0924ASHC_qPCR.csv","0924","ASHC","03",2024-09-01
"FAM","0924ASHC_03",28.99923215,10281.17285,29.0771584,0.11020436,694.1985599,"0924ASHC_qPCR.csv","0924","ASHC","03",2024-09-01
"FAM","0924ASHC_11",21.76180916,1086660.543,21.75485934,0.009828533,6908.45477,"0924ASHC_qPCR.csv","0924","ASHC","11",2024-09-01
"FAM","0924ASHC_11",21.74790952,1096430.573,21.75485934,0.009828533,6908.45477,"0924ASHC_qPCR.csv","0924","ASHC","11",2024-09-01
"FAM","0924ASHC_19",29.34180478,8245.883866,29.29423186,0.067278272,368.4153089,"0924ASHC_qPCR.csv","0924","ASHC","19",2024-09-01
"FAM","0924ASHC_19",29.24665893,8766.901792,29.29423186,0.067278272,368.4153089,"0924ASHC_qPCR.csv","0924","ASHC","19",2024-09-01
"FAM","0924ASHC_27",35.57054127,149.3756866,35.70963745,0.196711707,17.32381922,"0924ASHC_qPCR.csv","0924","ASHC","27",2024-09-01
"FAM","0924ASHC_27",35.84873364,124.8761065,35.70963745,0.196711707,17.32381922,"0924ASHC_qPCR.csv","0924","ASHC","27",2024-09-01
"FAM","NTC-01",NA,NA,0,0,0,"0924ASHC_qPCR.csv","NTC-",NA,NA,NA
"FAM","0924ASHC_qPCR_Std-04",25.32588276,1e+05,25.34322655,0.031012418,0,"0924ASHC_qPCR.csv","0924","ASHC",NA,2024-09-01
"FAM","0924ASHC_qPCR_Std-04",25.32476609,1e+05,25.34322655,0.031012418,0,"0924ASHC_qPCR.csv","0924","ASHC",NA,2024-09-01
"FAM","0924ASHC_qPCR_Std-04",25.3790308,1e+05,25.34322655,0.031012418,0,"0924ASHC_qPCR.csv","0924","ASHC",NA,2024-09-01
"FAM","0924ASHC_04",27.31845986,30345.56479,27.44550049,0.179662582,3238.632289,"0924ASHC_qPCR.csv","0924","ASHC","04",2024-09-01
"FAM","0924ASHC_04",27.57254112,25765.44708,27.44550049,0.179662582,3238.632289,"0924ASHC_qPCR.csv","0924","ASHC","04",2024-09-01
"FAM","0924ASHC_12",23.46192223,363607.1393,23.3789412,0.117352895,28999.66379,"0924ASHC_qPCR.csv","0924","ASHC","12",2024-09-01
"FAM","0924ASHC_12",23.29596018,404618.8572,23.3789412,0.117352895,28999.66379,"0924ASHC_qPCR.csv","0924","ASHC","12",2024-09-01
"FAM","0924ASHC_20",25.89003696,76133.28875,25.93039324,0.057072398,2726.569717,"0924ASHC_qPCR.csv","0924","ASHC","20",2024-09-01
"FAM","0924ASHC_20",25.97074952,72277.33688,25.93039324,0.057072398,2726.569717,"0924ASHC_qPCR.csv","0924","ASHC","20",2024-09-01
"FAM","0924ASHC_28",26.42155781,54066.34439,26.42994576,0.011862342,410.7778282,"0924ASHC_qPCR.csv","0924","ASHC","28",2024-09-01
"FAM","0924ASHC_28",26.4383337,53485.41682,26.42994576,0.011862342,410.7778282,"0924ASHC_qPCR.csv","0924","ASHC","28",2024-09-01
"FAM","0924ASHC_qPCR_Std-05",29.23453334,10000,29.18705378,0.050540379,0,"0924ASHC_qPCR.csv","0924","ASHC",NA,2024-09-01
"FAM","0924ASHC_qPCR_Std-05",29.13392696,10000,29.18705378,0.050540379,0,"0924ASHC_qPCR.csv","0924","ASHC",NA,2024-09-01
"FAM","0924ASHC_qPCR_Std-05",29.19270102,10000,29.18705378,0.050540379,0,"0924ASHC_qPCR.csv","0924","ASHC",NA,2024-09-01
"FAM","0924ASHC_05",29.05211425,9936.956931,29.17570913,0.174789546,1033.987732,"0924ASHC_qPCR.csv","0924","ASHC","05",2024-09-01
"FAM","0924ASHC_05",29.299304,8474.677458,29.17570913,0.174789546,1033.987732,"0924ASHC_qPCR.csv","0924","ASHC","05",2024-09-01
"FAM","0924ASHC_13",24.5803054,176953.9183,24.58142886,0.001588809,180.9135427,"0924ASHC_qPCR.csv","0924","ASHC","13",2024-09-01
"FAM","0924ASHC_13",24.58255232,176698.0679,24.58142886,0.001588809,180.9135427,"0924ASHC_qPCR.csv","0924","ASHC","13",2024-09-01
"FAM","0924ASHC_21",30.46984859,3988.074455,30.5953566,0.177495138,420.8966822,"0924ASHC_qPCR.csv","0924","ASHC","21",2024-09-01
"FAM","0924ASHC_21",30.72086462,3392.836658,30.5953566,0.177495138,420.8966822,"0924ASHC_qPCR.csv","0924","ASHC","21",2024-09-01
"FAM","0924ASHC_29",24.40370979,198265.7654,24.55739546,0.217344352,25175.46977,"0924ASHC_qPCR.csv","0924","ASHC","29",2024-09-01
"FAM","0924ASHC_29",24.71108112,162662.2746,24.55739546,0.217344352,25175.46977,"0924ASHC_qPCR.csv","0924","ASHC","29",2024-09-01
"FAM","0924ASHC_qPCR_Std-06",32.82791947,1000,32.81770102,0.198133376,0,"0924ASHC_qPCR.csv","0924","ASHC",NA,2024-09-01
"FAM","0924ASHC_qPCR_Std-06",32.61465614,1000,32.81770102,0.198133376,0,"0924ASHC_qPCR.csv","0924","ASHC",NA,2024-09-01
"FAM","0924ASHC_qPCR_Std-06",33.01052745,1000,32.81770102,0.198133376,0,"0924ASHC_qPCR.csv","0924","ASHC",NA,2024-09-01
"FAM","0924ASHC_06",23.23116367,421859.0882,23.25570061,0.034700467,9279.229695,"0924ASHC_qPCR.csv","0924","ASHC","06",2024-09-01
"FAM","0924ASHC_06",23.28023754,408736.2757,23.25570061,0.034700467,9279.229695,"0924ASHC_qPCR.csv","0924","ASHC","06",2024-09-01
"FAM","0924ASHC_14",22.38062079,729514.9083,22.45311835,0.102527029,45984.18794,"0924ASHC_qPCR.csv","0924","ASHC","14",2024-09-01
"FAM","0924ASHC_14",22.52561591,664483.4461,22.45311835,0.102527029,45984.18794,"0924ASHC_qPCR.csv","0924","ASHC","14",2024-09-01
"FAM","0924ASHC_22",27.77626997,22597.57986,27.77626997,0,0,"0924ASHC_qPCR.csv","0924","ASHC","22",2024-09-01
"FAM","0924ASHC_22",NA,NA,0,0,0,"0924ASHC_qPCR.csv","0924","ASHC","22",2024-09-01
"FAM","0924ASHC_30",NA,NA,0,0,0,"0924ASHC_qPCR.csv","0924","ASHC","30",2024-09-01
"FAM","0924ASHC_30",24.36731341,202967.5042,24.36731341,0,0,"0924ASHC_qPCR.csv","0924","ASHC","30",2024-09-01
"FAM","0924ASHC_qPCR_Std-07",35.76082919,100,36.03295725,0.477092199,0,"0924ASHC_qPCR.csv","0924","ASHC",NA,2024-09-01
"FAM","0924ASHC_qPCR_Std-07",35.7542,100,36.03295725,0.477092199,0,"0924ASHC_qPCR.csv","0924","ASHC",NA,2024-09-01
"FAM","0924ASHC_qPCR_Std-07",36.58384258,100,36.03295725,0.477092199,0,"0924ASHC_qPCR.csv","0924","ASHC",NA,2024-09-01
"FAM","0924ASHC_07",NA,NA,0,0,0,"0924ASHC_qPCR.csv","0924","ASHC","07",2024-09-01
"FAM","0924ASHC_07",37.34273725,47.71548912,37.34273725,0,0,"0924ASHC_qPCR.csv","0924","ASHC","07",2024-09-01
"FAM","0924ASHC_15",33.76623428,477.3981866,33.75478362,0.016193681,5.015172216,"0924ASHC_qPCR.csv","0924","ASHC","15",2024-09-01
"FAM","0924ASHC_15",33.74333296,484.4907111,33.75478362,0.016193681,5.015172216,"0924ASHC_qPCR.csv","0924","ASHC","15",2024-09-01
"FAM","0924ASHC_23",30.77310289,3280.603576,30.79485324,0.030759637,64.07957107,"0924ASHC_qPCR.csv","0924","ASHC","23",2024-09-01
"FAM","0924ASHC_23",30.81660359,3189.981378,30.79485324,0.030759637,64.07957107,"0924ASHC_qPCR.csv","0924","ASHC","23",2024-09-01
"FAM","0924ASHC_qPCR_Std-08",NA,10,0,0,0,"0924ASHC_qPCR.csv","0924","ASHC",NA,2024-09-01
"FAM","0924ASHC_qPCR_Std-08",NA,10,0,0,0,"0924ASHC_qPCR.csv","0924","ASHC",NA,2024-09-01
"FAM","0924ASHC_qPCR_Std-08",NA,10,0,0,0,"0924ASHC_qPCR.csv","0924","ASHC",NA,2024-09-01
"FAM","0924ASHC_08",16.93079982,24386885.96,17.05081797,0.169731296,2469670.074,"0924ASHC_qPCR.csv","0924","ASHC","08",2024-09-01
"FAM","0924ASHC_08",17.17083612,20894245.04,17.05081797,0.169731296,2469670.074,"0924ASHC_qPCR.csv","0924","ASHC","08",2024-09-01
"FAM","0924ASHC_16",26.96396405,38127.22213,26.84453667,0.168895825,4482.651198,"0924ASHC_qPCR.csv","0924","ASHC","16",2024-09-01
"FAM","0924ASHC_16",26.72510929,44466.64825,26.84453667,0.168895825,4482.651198,"0924ASHC_qPCR.csv","0924","ASHC","16",2024-09-01
"FAM","0924ASHC_24",27.17150066,33357.57846,27.1642063,0.010315785,222.6340558,"0924ASHC_qPCR.csv","0924","ASHC","24",2024-09-01
"FAM","0924ASHC_24",27.15691194,33672.43056,27.1642063,0.010315785,222.6340558,"0924ASHC_qPCR.csv","0924","ASHC","24",2024-09-01
"HEX","0924ASHC_qPCR_Std-01",15.68107117,1e+08,15.81365179,0.144911678,0,"0924ASHC_qPCR.csv","0924","ASHC",NA,2024-09-01
"HEX","0924ASHC_qPCR_Std-01",15.79153294,1e+08,15.81365179,0.144911678,0,"0924ASHC_qPCR.csv","0924","ASHC",NA,2024-09-01
"HEX","0924ASHC_qPCR_Std-01",15.96835126,1e+08,15.81365179,0.144911678,0,"0924ASHC_qPCR.csv","0924","ASHC",NA,2024-09-01
"HEX","0924ASHC_01",NA,NA,0,0,0,"0924ASHC_qPCR.csv","0924","ASHC","01",2024-09-01
"HEX","0924ASHC_01",NA,NA,0,0,0,"0924ASHC_qPCR.csv","0924","ASHC","01",2024-09-01
"HEX","0924ASHC_09",NA,NA,0,0,0,"0924ASHC_qPCR.csv","0924","ASHC","09",2024-09-01
"HEX","0924ASHC_09",NA,NA,0,0,0,"0924ASHC_qPCR.csv","0924","ASHC","09",2024-09-01
"HEX","0924ASHC_17",NA,NA,0,0,0,"0924ASHC_qPCR.csv","0924","ASHC","17",2024-09-01
"HEX","0924ASHC_17",NA,NA,0,0,0,"0924ASHC_qPCR.csv","0924","ASHC","17",2024-09-01
"HEX","0924ASHC_25",NA,NA,0,0,0,"0924ASHC_qPCR.csv","0924","ASHC","25",2024-09-01
"HEX","0924ASHC_25",NA,NA,0,0,0,"0924ASHC_qPCR.csv","0924","ASHC","25",2024-09-01
"HEX","NTC-01",NA,NA,0,0,0,"0924ASHC_qPCR.csv","NTC-",NA,NA,NA
"HEX","0924ASHC_qPCR_Std-02",19.2039877,1e+07,19.25446532,0.073598555,0,"0924ASHC_qPCR.csv","0924","ASHC",NA,2024-09-01
"HEX","0924ASHC_qPCR_Std-02",19.33891354,1e+07,19.25446532,0.073598555,0,"0924ASHC_qPCR.csv","0924","ASHC",NA,2024-09-01
"HEX","0924ASHC_qPCR_Std-02",19.22049471,1e+07,19.25446532,0.073598555,0,"0924ASHC_qPCR.csv","0924","ASHC",NA,2024-09-01
"HEX","0924ASHC_02",NA,NA,0,0,0,"0924ASHC_qPCR.csv","0924","ASHC","02",2024-09-01
"HEX","0924ASHC_02",NA,NA,0,0,0,"0924ASHC_qPCR.csv","0924","ASHC","02",2024-09-01
"HEX","0924ASHC_10",NA,NA,0,0,0,"0924ASHC_qPCR.csv","0924","ASHC","10",2024-09-01
"HEX","0924ASHC_10",NA,NA,0,0,0,"0924ASHC_qPCR.csv","0924","ASHC","10",2024-09-01
"HEX","0924ASHC_18",NA,NA,0,0,0,"0924ASHC_qPCR.csv","0924","ASHC","18",2024-09-01
"HEX","0924ASHC_18",NA,NA,0,0,0,"0924ASHC_qPCR.csv","0924","ASHC","18",2024-09-01
"HEX","0924ASHC_26",NA,NA,0,0,0,"0924ASHC_qPCR.csv","0924","ASHC","26",2024-09-01
"HEX","0924ASHC_26",NA,NA,0,0,0,"0924ASHC_qPCR.csv","0924","ASHC","26",2024-09-01
"HEX","NTC-01",NA,NA,0,0,0,"0924ASHC_qPCR.csv","NTC-",NA,NA,NA
"HEX","0924ASHC_qPCR_Std-03",22.65842907,1e+06,22.71446388,0.0496561,0,"0924ASHC_qPCR.csv","0924","ASHC",NA,2024-09-01
"HEX","0924ASHC_qPCR_Std-03",22.7530076,1e+06,22.71446388,0.0496561,0,"0924ASHC_qPCR.csv","0924","ASHC",NA,2024-09-01
"HEX","0924ASHC_qPCR_Std-03",22.73195498,1e+06,22.71446388,0.0496561,0,"0924ASHC_qPCR.csv","0924","ASHC",NA,2024-09-01
"HEX","0924ASHC_03",NA,NA,0,0,0,"0924ASHC_qPCR.csv","0924","ASHC","03",2024-09-01
"HEX","0924ASHC_03",NA,NA,0,0,0,"0924ASHC_qPCR.csv","0924","ASHC","03",2024-09-01
"HEX","0924ASHC_11",NA,NA,0,0,0,"0924ASHC_qPCR.csv","0924","ASHC","11",2024-09-01
"HEX","0924ASHC_11",NA,NA,0,0,0,"0924ASHC_qPCR.csv","0924","ASHC","11",2024-09-01
"HEX","0924ASHC_19",NA,NA,0,0,0,"0924ASHC_qPCR.csv","0924","ASHC","19",2024-09-01
"HEX","0924ASHC_19",NA,NA,0,0,0,"0924ASHC_qPCR.csv","0924","ASHC","19",2024-09-01
"HEX","0924ASHC_27",NA,NA,0,0,0,"0924ASHC_qPCR.csv","0924","ASHC","27",2024-09-01
"HEX","0924ASHC_27",NA,NA,0,0,0,"0924ASHC_qPCR.csv","0924","ASHC","27",2024-09-01
"HEX","NTC-01",NA,NA,0,0,0,"0924ASHC_qPCR.csv","NTC-",NA,NA,NA
"HEX","0924ASHC_qPCR_Std-04",26.14824908,1e+05,26.21106988,0.062078016,0,"0924ASHC_qPCR.csv","0924","ASHC",NA,2024-09-01
"HEX","0924ASHC_qPCR_Std-04",26.21258313,1e+05,26.21106988,0.062078016,0,"0924ASHC_qPCR.csv","0924","ASHC",NA,2024-09-01
"HEX","0924ASHC_qPCR_Std-04",26.27237744,1e+05,26.21106988,0.062078016,0,"0924ASHC_qPCR.csv","0924","ASHC",NA,2024-09-01
"HEX","0924ASHC_04",38.46090312,27.98752158,38.46090312,0,0,"0924ASHC_qPCR.csv","0924","ASHC","04",2024-09-01
"HEX","0924ASHC_04",NA,NA,0,0,0,"0924ASHC_qPCR.csv","0924","ASHC","04",2024-09-01
"HEX","0924ASHC_12",NA,NA,0,0,0,"0924ASHC_qPCR.csv","0924","ASHC","12",2024-09-01
"HEX","0924ASHC_12",NA,NA,0,0,0,"0924ASHC_qPCR.csv","0924","ASHC","12",2024-09-01
"HEX","0924ASHC_20",NA,NA,0,0,0,"0924ASHC_qPCR.csv","0924","ASHC","20",2024-09-01
"HEX","0924ASHC_20",NA,NA,0,0,0,"0924ASHC_qPCR.csv","0924","ASHC","20",2024-09-01
"HEX","0924ASHC_28",NA,NA,0,0,0,"0924ASHC_qPCR.csv","0924","ASHC","28",2024-09-01
"HEX","0924ASHC_28",NA,NA,0,0,0,"0924ASHC_qPCR.csv","0924","ASHC","28",2024-09-01
"HEX","0924ASHC_qPCR_Std-05",29.60618042,10000,29.64555632,0.05046803,0,"0924ASHC_qPCR.csv","0924","ASHC",NA,2024-09-01
"HEX","0924ASHC_qPCR_Std-05",29.62803976,10000,29.64555632,0.05046803,0,"0924ASHC_qPCR.csv","0924","ASHC",NA,2024-09-01
"HEX","0924ASHC_qPCR_Std-05",29.70244879,10000,29.64555632,0.05046803,0,"0924ASHC_qPCR.csv","0924","ASHC",NA,2024-09-01
"HEX","0924ASHC_05",NA,NA,0,0,0,"0924ASHC_qPCR.csv","0924","ASHC","05",2024-09-01
"HEX","0924ASHC_05",NA,NA,0,0,0,"0924ASHC_qPCR.csv","0924","ASHC","05",2024-09-01
"HEX","0924ASHC_13",NA,NA,0,0,0,"0924ASHC_qPCR.csv","0924","ASHC","13",2024-09-01
"HEX","0924ASHC_13",NA,NA,0,0,0,"0924ASHC_qPCR.csv","0924","ASHC","13",2024-09-01
"HEX","0924ASHC_21",NA,NA,0,0,0,"0924ASHC_qPCR.csv","0924","ASHC","21",2024-09-01
"HEX","0924ASHC_21",NA,NA,0,0,0,"0924ASHC_qPCR.csv","0924","ASHC","21",2024-09-01
"HEX","0924ASHC_29",NA,NA,0,0,0,"0924ASHC_qPCR.csv","0924","ASHC","29",2024-09-01
"HEX","0924ASHC_29",NA,NA,0,0,0,"0924ASHC_qPCR.csv","0924","ASHC","29",2024-09-01
"HEX","0924ASHC_qPCR_Std-06",33.45434817,1000,33.38556016,0.129381812,0,"0924ASHC_qPCR.csv","0924","ASHC",NA,2024-09-01
"HEX","0924ASHC_qPCR_Std-06",33.2363149,1000,33.38556016,0.129381812,0,"0924ASHC_qPCR.csv","0924","ASHC",NA,2024-09-01
"HEX","0924ASHC_qPCR_Std-06",33.46601741,1000,33.38556016,0.129381812,0,"0924ASHC_qPCR.csv","0924","ASHC",NA,2024-09-01
"HEX","0924ASHC_06",NA,NA,0,0,0,"0924ASHC_qPCR.csv","0924","ASHC","06",2024-09-01
"HEX","0924ASHC_06",NA,NA,0,0,0,"0924ASHC_qPCR.csv","0924","ASHC","06",2024-09-01
"HEX","0924ASHC_14",NA,NA,0,0,0,"0924ASHC_qPCR.csv","0924","ASHC","14",2024-09-01
"HEX","0924ASHC_14",NA,NA,0,0,0,"0924ASHC_qPCR.csv","0924","ASHC","14",2024-09-01
"HEX","0924ASHC_22",NA,NA,0,0,0,"0924ASHC_qPCR.csv","0924","ASHC","22",2024-09-01
"HEX","0924ASHC_22",NA,NA,0,0,0,"0924ASHC_qPCR.csv","0924","ASHC","22",2024-09-01
"HEX","0924ASHC_30",NA,NA,0,0,0,"0924ASHC_qPCR.csv","0924","ASHC","30",2024-09-01
"HEX","0924ASHC_30",NA,NA,0,0,0,"0924ASHC_qPCR.csv","0924","ASHC","30",2024-09-01
"HEX","0924ASHC_qPCR_Std-07",37.02611913,100,37.04478149,0.200029784,0,"0924ASHC_qPCR.csv","0924","ASHC",NA,2024-09-01
"HEX","0924ASHC_qPCR_Std-07",37.25348845,100,37.04478149,0.200029784,0,"0924ASHC_qPCR.csv","0924","ASHC",NA,2024-09-01
"HEX","0924ASHC_qPCR_Std-07",36.85473689,100,37.04478149,0.200029784,0,"0924ASHC_qPCR.csv","0924","ASHC",NA,2024-09-01
"HEX","0924ASHC_07",NA,NA,0,0,0,"0924ASHC_qPCR.csv","0924","ASHC","07",2024-09-01
"HEX","0924ASHC_07",37.93691926,39.71465232,37.93691926,0,0,"0924ASHC_qPCR.csv","0924","ASHC","07",2024-09-01
"HEX","0924ASHC_15",NA,NA,0,0,0,"0924ASHC_qPCR.csv","0924","ASHC","15",2024-09-01
"HEX","0924ASHC_15",39.65702243,12.58980702,39.65702243,0,0,"0924ASHC_qPCR.csv","0924","ASHC","15",2024-09-01
"HEX","0924ASHC_23",38.3584881,29.96890372,38.3584881,0,0,"0924ASHC_qPCR.csv","0924","ASHC","23",2024-09-01
"HEX","0924ASHC_23",NA,NA,0,0,0,"0924ASHC_qPCR.csv","0924","ASHC","23",2024-09-01
"HEX","0924ASHC_qPCR_Std-08",NA,10,0,0,0,"0924ASHC_qPCR.csv","0924","ASHC",NA,2024-09-01
"HEX","0924ASHC_qPCR_Std-08",38.2358642,10,38.2358642,0,0,"0924ASHC_qPCR.csv","0924","ASHC",NA,2024-09-01
"HEX","0924ASHC_qPCR_Std-08",NA,10,0,0,0,"0924ASHC_qPCR.csv","0924","ASHC",NA,2024-09-01
"HEX","0924ASHC_08",NA,NA,0,0,0,"0924ASHC_qPCR.csv","0924","ASHC","08",2024-09-01
"HEX","0924ASHC_08",NA,NA,0,0,0,"0924ASHC_qPCR.csv","0924","ASHC","08",2024-09-01
"HEX","0924ASHC_16",NA,NA,0,0,0,"0924ASHC_qPCR.csv","0924","ASHC","16",2024-09-01
"HEX","0924ASHC_16",NA,NA,0,0,0,"0924ASHC_qPCR.csv","0924","ASHC","16",2024-09-01
"HEX","0924ASHC_24",NA,NA,0,0,0,"0924ASHC_qPCR.csv","0924","ASHC","24",2024-09-01
"HEX","0924ASHC_24",NA,NA,0,0,0,"0924ASHC_qPCR.csv","0924","ASHC","24",2024-09-01
